304.358421087265,304.358421087265,NoButton,Move,1061.39453125,478.359375
304.36686635017395,304.36686635017395,NoButton,Move,1059.01171875,478.359375
304.37464332580566,304.37464332580566,NoButton,Move,1055.38671875,477.90625
304.38295912742615,304.38295912742615,NoButton,Move,1051.76171875,477.453125
304.3911249637604,304.3911249637604,NoButton,Move,1043.07421875,475.58984375
304.40022230148315,304.40022230148315,NoButton,Move,1025.9140625,473.13671875
304.40927934646606,304.40927934646606,NoButton,Move,1008.75390625,471.5
304.41586923599243,304.41586923599243,NoButton,Move,985.69140625,470.57421875
304.4237780570984,304.4237780570984,NoButton,Move,933.890625,467.9140625
304.431880235672,304.431880235672,NoButton,Move,893.58203125,467.9140625
304.43954610824585,304.43954610824585,NoButton,Move,844.1953125,466.61328125
304.4476351737976,304.4476351737976,NoButton,Move,820.94140625,466.61328125
304.45605516433716,304.45605516433716,NoButton,Move,773.9140625,465.33984375
304.4642951488495,304.4642951488495,NoButton,Move,731.42578125,465.33984375
304.4724133014679,304.4724133014679,NoButton,Move,693.2421875,465.33984375
304.4805760383606,304.4805760383606,NoButton,Move,680.05078125,465.33984375
304.4890134334564,304.4890134334564,NoButton,Move,670.32421875,465.33984375
304.49708318710327,304.49708318710327,NoButton,Move,648.6796875,465.33984375
304.5065772533417,304.5065772533417,NoButton,Move,634.22265625,465.33984375
304.5132782459259,304.5132782459259,NoButton,Move,623.3984375,466.015625
304.8009831905365,304.8009831905365,NoButton,Move,623.859375,466.015625
304.809787273407,304.809787273407,NoButton,Move,625.22265625,466.015625
304.81657218933105,304.81657218933105,NoButton,Move,626.5859375,466.015625
304.82451820373535,304.82451820373535,NoButton,Move,627.15625,466.30078125
304.8327121734619,304.8327121734619,NoButton,Move,627.7265625,466.5859375
304.8408441543579,304.8408441543579,NoButton,Move,627.984375,466.5859375
304.8571503162384,304.8571503162384,NoButton,Move,627.984375,466.828125
304.86542320251465,304.86542320251465,NoButton,Move,622.08203125,467.36328125
304.8737802505493,304.8737802505493,NoButton,Move,603.484375,468.20703125
304.8817791938782,304.8817791938782,NoButton,Move,575.0625,469.21875
304.8904650211334,304.8904650211334,NoButton,Move,532.57421875,469.21875
304.8984360694885,304.8984360694885,NoButton,Move,441.49609375,470.90234375
304.90746331214905,304.90746331214905,NoButton,Move,409.34375,470.90234375
304.91465425491333,304.91465425491333,NoButton,Move,342.03125,470.90234375
304.92448115348816,304.92448115348816,NoButton,Move,277.359375,470.90234375
304.9338791370392,304.9338791370392,NoButton,Move,252.44140625,470.90234375
304.9414961338043,304.9414961338043,NoButton,Move,207.7109375,470.90234375
304.9497101306915,304.9497101306915,NoButton,Move,191.9296875,468.53515625
304.9570081233978,304.9570081233978,NoButton,Move,181.10546875,466.50390625
304.98153805732727,304.98153805732727,NoButton,Move,159.4609375,462.89453125
304.981671333313,304.981671333313,NoButton,Move,155.1328125,461.44921875
305.1928791999817,305.1928791999817,NoButton,Move,155.1328125,461.6796875
305.20140624046326,305.20140624046326,NoButton,Move,157.25,464.22265625
305.209272146225,305.209272146225,NoButton,Move,159.37109375,466.76953125
305.2172772884369,305.2172772884369,NoButton,Move,161.1796875,469.9375
305.22538113594055,305.22538113594055,NoButton,Move,162.98828125,473.55859375
305.2335741519928,305.2335741519928,NoButton,Move,164.91015625,477.8828125
305.24191522598267,305.24191522598267,NoButton,Move,166.265625,481.50390625
305.24990010261536,305.24990010261536,NoButton,Move,168.41015625,487.40234375
305.25826621055603,305.25826621055603,NoButton,Move,170.5546875,493.30078125
305.266437292099,305.266437292099,NoButton,Move,171.6796875,500.0703125
305.274756193161,305.274756193161,NoButton,Move,172.21484375,505.96875
305.282998085022,305.282998085022,NoButton,Move,172.75,511.8671875
305.2914412021637,305.2914412021637,NoButton,Move,172.75,516.94921875
305.29938220977783,305.29938220977783,NoButton,Move,172.75,521.2734375
305.31120920181274,305.31120920181274,NoButton,Move,172.75,525.59765625
305.31551218032837,305.31551218032837,NoButton,Move,171.390625,529.21875
305.32377433776855,305.32377433776855,NoButton,Move,170.6484375,531.0625
305.3320891857147,305.3320891857147,NoButton,Move,168.9453125,533.609375
305.3405020236969,305.3405020236969,NoButton,Move,167.2421875,536.15625
305.34996914863586,305.34996914863586,NoButton,Move,166.1328125,538.0
305.35770320892334,305.35770320892334,NoButton,Move,164.54296875,539.984375
305.3647232055664,305.3647232055664,NoButton,Move,162.6953125,541.08984375
305.37806725502014,305.37806725502014,NoButton,Move,161.21484375,542.56640625
305.38090538978577,305.38090538978577,NoButton,Move,159.84765625,543.24609375
305.38925528526306,305.38925528526306,NoButton,Move,158.48046875,543.92578125
305.3973262310028,305.3973262310028,NoButton,Move,156.6328125,544.6640625
305.4055061340332,305.4055061340332,NoButton,Move,155.265625,545.00390625
305.4139232635498,305.4139232635498,NoButton,Move,153.41796875,545.37109375
305.4220070838928,305.4220070838928,NoButton,Move,152.05078125,545.7109375
305.43054819107056,305.43054819107056,NoButton,Move,151.109375,546.0234375
305.44944524765015,305.44944524765015,NoButton,Move,149.7421875,546.0234375
305.4495801925659,305.4495801925659,NoButton,Move,148.80078125,546.0234375
305.45464611053467,305.45464611053467,NoButton,Move,147.859375,546.0234375
305.4627833366394,305.4627833366394,NoButton,Move,147.28515625,546.0234375
305.47155141830444,305.47155141830444,NoButton,Move,146.7109375,546.0234375
305.47970724105835,305.47970724105835,NoButton,Move,146.44921875,546.0234375
305.4893362522125,305.4893362522125,NoButton,Move,146.1875,546.0234375
305.4961621761322,305.4961621761322,NoButton,Move,145.92578125,546.0234375
305.5120961666107,305.5120961666107,NoButton,Move,145.6796875,546.0234375
305.55561423301697,305.55561423301697,Left,Pressed,145.6796875,546.0234375
305.6726231575012,305.6726231575012,Left,Released,145.6796875,546.0234375
306.1917402744293,306.1917402744293,NoButton,Move,147.30859375,545.5546875
306.20028734207153,306.20028734207153,NoButton,Move,154.4140625,542.0
306.20837330818176,306.20837330818176,NoButton,Move,162.4765625,538.27734375
306.2165722846985,306.2165722846985,NoButton,Move,172.62109375,533.5390625
306.2249391078949,306.2249391078949,NoButton,Move,185.07421875,528.41015625
306.2324421405792,306.2324421405792,NoButton,Move,209.03125,518.82421875
306.24080324172974,306.24080324172974,NoButton,Move,229.12109375,513.58203125
306.2490062713623,306.2490062713623,NoButton,Move,251.44140625,507.0703125
306.265563249588,306.265563249588,NoButton,Move,276.35546875,503.234375
306.26564025878906,306.26564025878906,NoButton,Move,304.7734375,499.171875
306.2734491825104,306.2734491825104,NoButton,Move,333.19140625,498.15625
306.2816381454468,306.2816381454468,NoButton,Move,365.33984375,498.15625
306.29024720191956,306.29024720191956,NoButton,Move,399.44140625,498.15625
306.29803800582886,306.29803800582886,NoButton,Move,429.6953125,498.15625
306.30634808540344,306.30634808540344,NoButton,Move,442.8828125,499.62109375
306.31550002098083,306.31550002098083,NoButton,Move,469.4609375,503.55859375
306.3247332572937,306.3247332572937,NoButton,Move,491.1015625,507.1640625
306.33491039276123,306.33491039276123,NoButton,Move,499.76953125,509.01953125
306.3400981426239,306.3400981426239,NoButton,Move,514.22265625,512.0625
306.3653120994568,306.3653120994568,NoButton,Move,517.84375,512.96484375
306.3657021522522,306.3657021522522,NoButton,Move,526.52734375,514.82421875
307.0515923500061,307.0515923500061,NoButton,Move,527.91796875,514.82421875
307.05950117111206,307.05950117111206,NoButton,Move,533.81640625,514.82421875
307.068076133728,307.068076133728,NoButton,Move,540.578125,516.51171875
307.0760142803192,307.0760142803192,NoButton,Move,547.68359375,520.0625
307.08500933647156,307.08500933647156,NoButton,Move,554.78125,524.203125
307.09307527542114,307.09307527542114,NoButton,Move,563.20703125,529.38671875
307.10126209259033,307.10126209259033,NoButton,Move,571.6328125,534.5703125
307.10971117019653,307.10971117019653,NoButton,Move,580.05859375,540.40234375
307.11742329597473,307.11742329597473,NoButton,Move,589.52734375,545.8125
307.12553429603577,307.12553429603577,NoButton,Move,618.12890625,565.61328125
307.1338863372803,307.1338863372803,NoButton,Move,636.7265625,579.5625
307.14217019081116,307.14217019081116,NoButton,Move,653.859375,593.98828125
307.14998412132263,307.14998412132263,NoButton,Move,661.9765625,601.42578125
307.1589891910553,307.1589891910553,NoButton,Move,690.87890625,628.015625
307.16667127609253,307.16667127609253,NoButton,Move,708.546875,643.82421875
307.1744382381439,307.1744382381439,NoButton,Move,715.984375,651.94140625
308.10035514831543,308.10035514831543,NoButton,Move,715.75,650.78125
308.1079511642456,308.1079511642456,NoButton,Move,713.34375,646.93359375
308.1162931919098,308.1162931919098,NoButton,Move,709.78125,642.86328125
308.1245560646057,308.1245560646057,NoButton,Move,704.44921875,636.9375
308.13254499435425,308.13254499435425,NoButton,Move,697.31640625,629.8046875
308.14050102233887,308.14050102233887,NoButton,Move,687.7890625,620.27734375
308.148451089859,308.148451089859,NoButton,Move,670.1171875,604.46484375
308.16035199165344,308.16035199165344,NoButton,Move,655.74609375,592.62890625
308.1646122932434,308.1646122932434,NoButton,Move,646.94921875,585.86328125
308.17270517349243,308.17270517349243,NoButton,Move,631.73046875,574.02734375
308.18116307258606,308.18116307258606,NoButton,Move,617.359375,562.19140625
308.1894221305847,308.1894221305847,NoButton,Move,602.140625,551.19921875
308.1974620819092,308.1974620819092,NoButton,Move,589.515625,541.73046875
308.20567440986633,308.20567440986633,NoButton,Move,584.6875,537.97265625
308.21370911598206,308.21370911598206,NoButton,Move,574.8203125,530.21875
308.2223160266876,308.2223160266876,NoButton,Move,567.0390625,523.734375
308.23035526275635,308.23035526275635,NoButton,Move,561.39453125,519.21875
308.2383623123169,308.2383623123169,NoButton,Move,558.84375,517.09375
308.2465453147888,308.2465453147888,NoButton,Move,551.0625,511.2578125
308.2547242641449,308.2547242641449,NoButton,Move,549.58203125,510.1484375
308.26277327537537,308.26277327537537,NoButton,Move,547.03125,508.0234375
309.5006561279297,309.5006561279297,NoButton,Move,547.26171875,508.0234375
309.5086750984192,309.5086750984192,NoButton,Move,547.51953125,508.0234375
309.52413725852966,309.52413725852966,NoButton,Move,547.76171875,508.0234375
309.53252124786377,309.53252124786377,NoButton,Move,547.76171875,508.28125
309.5406141281128,309.5406141281128,NoButton,Move,548.01953125,508.28125
309.56542110443115,309.56542110443115,NoButton,Move,548.2578125,508.28125
309.5733251571655,309.5733251571655,NoButton,Move,548.2578125,508.5390625
309.581618309021,309.581618309021,NoButton,Move,548.515625,508.5390625
309.589652299881,309.589652299881,NoButton,Move,549.0859375,508.82421875
309.5978262424469,309.5978262424469,NoButton,Move,549.65625,508.82421875
309.6059761047363,309.6059761047363,NoButton,Move,550.59375,509.13671875
309.6141712665558,309.6141712665558,NoButton,Move,551.95703125,509.4765625
309.62224102020264,309.62224102020264,NoButton,Move,554.3359375,509.87109375
309.6323142051697,309.6323142051697,NoButton,Move,556.71484375,510.265625
309.6403901576996,309.6403901576996,NoButton,Move,560.3359375,510.71484375
309.6479721069336,309.6479721069336,NoButton,Move,566.234375,511.78515625
309.65528535842896,309.65528535842896,NoButton,Move,573.00390625,512.34765625
309.66350841522217,309.66350841522217,NoButton,Move,581.6875,512.96484375
309.67154932022095,309.67154932022095,NoButton,Move,598.84375,513.78125
309.67936730384827,309.67936730384827,NoButton,Move,614.62109375,514.56640625
309.6880030632019,309.6880030632019,NoButton,Move,633.21484375,515.41015625
309.6965711116791,309.6965711116791,NoButton,Move,656.46484375,515.41015625
309.70451307296753,309.70451307296753,NoButton,Move,683.1015625,516.39453125
309.7130081653595,309.7130081653595,NoButton,Move,713.31640625,517.43359375
309.7245891094208,309.7245891094208,NoButton,Move,745.46484375,520.6484375
309.7288954257965,309.7288954257965,NoButton,Move,779.56640625,523.9453125
309.73685240745544,309.73685240745544,NoButton,Move,811.71484375,527.16015625
309.74513816833496,309.74513816833496,NoButton,Move,845.81640625,530.45703125
309.76676321029663,309.76676321029663,NoButton,Move,857.79296875,531.86328125
309.7669062614441,309.7669062614441,NoButton,Move,868.61328125,533.21484375
309.7691493034363,309.7691493034363,NoButton,Move,887.20703125,534.90234375
309.77732515335083,309.77732515335083,NoButton,Move,902.984375,536.4765625
311.0795772075653,311.0795772075653,NoButton,Move,903.21484375,536.4765625
311.08770728111267,311.08770728111267,NoButton,Move,906.1875,536.4765625
311.0955550670624,311.0955550670624,NoButton,Move,909.80859375,536.4765625
311.10385823249817,311.10385823249817,NoButton,Move,917.5078125,534.69921875
311.1119441986084,311.1119441986084,NoButton,Move,933.28515625,530.75390625
311.1201832294464,311.1201832294464,NoButton,Move,949.0625,526.01953125
311.1282203197479,311.1282203197479,NoButton,Move,966.8125,520.1015625
311.1373481750488,311.1373481750488,NoButton,Move,989.1328125,511.73046875
311.1443860530853,311.1443860530853,NoButton,Move,1013.796875,500.875
311.1531562805176,311.1531562805176,NoButton,Move,1041.19921875,490.72265625
311.1606421470642,311.1606421470642,NoButton,Move,1067.5859375,479.5546875
311.16903424263,311.16903424263,NoButton,Move,1095.75390625,468.078125
311.17778515815735,311.17778515815735,NoButton,Move,1121.40234375,459.1953125
311.1876051425934,311.1876051425934,NoButton,Move,1148.8046875,450.05859375
311.1986413002014,311.1986413002014,NoButton,Move,1159.625,447.3515625
311.2018213272095,311.2018213272095,NoButton,Move,1182.875,440.83984375
311.2099530696869,311.2099530696869,NoButton,Move,1201.46875,436.61328125
311.21815824508667,311.21815824508667,NoButton,Move,1220.0625,434.07421875
311.22663712501526,311.22663712501526,NoButton,Move,1225.9609375,433.53515625
311.2349112033844,311.2349112033844,NoButton,Move,1237.9375,432.125
311.2428653240204,311.2428653240204,NoButton,Move,1248.7578125,431.4453125
311.2513601779938,311.2513601779938,NoButton,Move,1256.4375,430.8515625
311.2596011161804,311.2596011161804,NoButton,Move,1258.81640625,430.8515625
311.26813220977783,311.26813220977783,NoButton,Move,1263.140625,430.8515625
311.2760202884674,311.2760202884674,NoButton,Move,1266.11328125,430.8515625
311.2838852405548,311.2838852405548,NoButton,Move,1267.95703125,430.8515625
311.2921612262726,311.2921612262726,NoButton,Move,1268.89453125,430.8515625
311.30037117004395,311.30037117004395,NoButton,Move,1269.46484375,430.8515625
311.30853724479675,311.30853724479675,NoButton,Move,1269.72265625,430.8515625
311.3165192604065,311.3165192604065,NoButton,Move,1269.98046875,431.109375
311.324743270874,311.324743270874,NoButton,Move,1269.98046875,431.6796875
311.33290219306946,311.33290219306946,NoButton,Move,1269.98046875,431.9375
311.34108328819275,311.34108328819275,NoButton,Move,1269.98046875,432.5078125
311.3494031429291,311.3494031429291,NoButton,Move,1269.98046875,432.765625
311.3574950695038,311.3574950695038,NoButton,Move,1269.98046875,433.3359375
311.36565232276917,311.36565232276917,NoButton,Move,1269.98046875,433.59375
311.3738851547241,311.3738851547241,NoButton,Move,1269.98046875,433.8515625
311.38215827941895,311.38215827941895,NoButton,Move,1269.98046875,434.109375
311.3902840614319,311.3902840614319,NoButton,Move,1269.71875,434.109375
311.39842104911804,311.39842104911804,NoButton,Move,1269.71875,434.3671875
311.4474313259125,311.4474313259125,NoButton,Move,1269.48046875,434.6015625
311.45575618743896,311.45575618743896,NoButton,Move,1269.48046875,434.859375
311.4638411998749,311.4638411998749,NoButton,Move,1269.21875,435.1171875
311.4719994068146,311.4719994068146,NoButton,Move,1268.95703125,435.375
311.48029112815857,311.48029112815857,NoButton,Move,1268.66796875,435.9453125
311.4884412288666,311.4884412288666,NoButton,Move,1268.37890625,436.515625
311.4965331554413,311.4965331554413,NoButton,Move,1268.0625,437.453125
311.5048770904541,311.5048770904541,NoButton,Move,1267.43359375,438.390625
311.5130853652954,311.5130853652954,NoButton,Move,1267.1171875,439.328125
311.5213460922241,311.5213460922241,NoButton,Move,1266.48828125,440.265625
311.5295841693878,311.5295841693878,NoButton,Move,1266.171875,441.203125
311.53779315948486,311.53779315948486,NoButton,Move,1265.54296875,442.140625
311.54598236083984,311.54598236083984,NoButton,Move,1264.9140625,443.078125
311.55420207977295,311.55420207977295,NoButton,Move,1264.23046875,444.44140625
311.5622351169586,311.5622351169586,NoButton,Move,1263.48828125,446.28515625
311.5719060897827,311.5719060897827,NoButton,Move,1262.74609375,448.12890625
311.57867908477783,311.57867908477783,NoButton,Move,1261.5546875,450.5078125
311.58699011802673,311.58699011802673,NoButton,Move,1260.36328125,452.88671875
311.59495425224304,311.59495425224304,NoButton,Move,1258.55078125,456.5078125
311.6029312610626,311.6029312610626,NoButton,Move,1254.40234375,463.0234375
311.61135721206665,311.61135721206665,NoButton,Move,1249.4375,470.46484375
311.61965107917786,311.61965107917786,NoButton,Move,1238.4453125,485.6796875
311.62760496139526,311.62760496139526,NoButton,Move,1227.00390625,498.75
311.6360671520233,311.6360671520233,NoButton,Move,1210.26171875,515.48828125
311.6439480781555,311.6439480781555,NoButton,Move,1171.7421875,551.34765625
311.65216422080994,311.65216422080994,NoButton,Move,1136.953125,579.921875
311.6605472564697,311.6605472564697,NoButton,Move,1094.44921875,610.46875
311.6690082550049,311.6690082550049,NoButton,Move,1043.5390625,642.9921875
311.6765732765198,311.6765732765198,NoButton,Move,990.1640625,674.7265625
311.6945421695709,311.6945421695709,NoButton,Move,964.8671875,687.87890625
311.6946322917938,311.6946322917938,NoButton,Move,922.921875,710.75390625
311.7010443210602,311.7010443210602,NoButton,Move,907.39453125,718.10546875
311.7145981788635,311.7145981788635,NoButton,Move,879.22265625,730.625
311.71739315986633,311.71739315986633,NoButton,Move,855.26171875,739.24609375
311.7253613471985,311.7253613471985,NoButton,Move,836.6640625,743.46875
312.032573223114,312.032573223114,NoButton,Move,838.0703125,743.46875
312.0410029888153,312.0410029888153,NoButton,Move,838.328125,743.7265625
312.04663705825806,312.04663705825806,NoButton,Move,838.5859375,743.984375
312.05387330055237,312.05387330055237,NoButton,Move,838.84375,743.984375
312.0624430179596,312.0624430179596,NoButton,Move,838.84375,744.2421875
312.0701780319214,312.0701780319214,NoButton,Move,838.84375,744.5
312.0790033340454,312.0790033340454,NoButton,Move,838.84375,744.7578125
312.0864932537079,312.0864932537079,NoButton,Move,838.84375,745.328125
312.0951421260834,312.0951421260834,NoButton,Move,838.26953125,745.8984375
312.10301327705383,312.10301327705383,NoButton,Move,835.71875,748.01953125
312.1120960712433,312.1120960712433,NoButton,Move,830.6328125,750.05078125
312.11971616744995,312.11971616744995,NoButton,Move,817.51953125,753.69140625
312.1282172203064,312.1282172203064,NoButton,Move,800.359375,756.140625
312.1352870464325,312.1352870464325,NoButton,Move,760.05078125,758.5078125
312.14501118659973,312.14501118659973,NoButton,Move,723.9375,759.6328125
312.1518530845642,312.1518530845642,NoButton,Move,679.20703125,759.6328125
312.16240215301514,312.16240215301514,NoButton,Move,657.5625,759.6328125
312.1697642803192,312.1697642803192,NoButton,Move,615.07421875,759.6328125
312.17712211608887,312.17712211608887,NoButton,Move,597.9140625,758.8125
312.1843571662903,312.1843571662903,NoButton,Move,567.65625,756.72265625
312.1926441192627,312.1926441192627,NoButton,Move,556.83203125,756.04296875
312.2009811401367,312.2009811401367,NoButton,Move,536.73828125,755.16796875
312.20875811576843,312.20875811576843,NoButton,Move,519.578125,753.53125
312.21692728996277,312.21692728996277,NoButton,Move,508.75390625,752.8515625
312.22507333755493,312.22507333755493,NoButton,Move,505.77734375,752.42578125
312.2331712245941,312.2331712245941,NoButton,Move,499.00390625,751.296875
316.1305322647095,316.1305322647095,NoButton,Move,499.00390625,751.06640625
316.1386160850525,316.1386160850525,NoButton,Move,495.9609375,746.5
316.1476480960846,316.1476480960846,NoButton,Move,490.87890625,741.41796875
316.15566515922546,316.15566515922546,NoButton,Move,485.29296875,734.58984375
316.1635801792145,316.1635801792145,NoButton,Move,477.171875,726.46875
316.17158818244934,316.17158818244934,NoButton,Move,468.71484375,717.30859375
316.1796522140503,316.1796522140503,NoButton,Move,459.921875,707.05078125
316.18956327438354,316.18956327438354,NoButton,Move,451.12890625,696.79296875
316.19596314430237,316.19596314430237,NoButton,Move,443.375,687.6328125
316.2050881385803,316.2050881385803,NoButton,Move,434.91796875,678.47265625
316.22003626823425,316.22003626823425,NoButton,Move,431.86328125,674.40234375
316.23019909858704,316.23019909858704,NoButton,Move,425.38671875,666.62890625
316.2303032875061,316.2303032875061,NoButton,Move,420.87109375,660.984375
316.23670506477356,316.23670506477356,NoButton,Move,418.74609375,658.43359375
316.244713306427,316.244713306427,NoButton,Move,415.69140625,654.36328125
316.25285720825195,316.25285720825195,NoButton,Move,412.97265625,651.64453125
317.8573760986328,317.8573760986328,NoButton,Move,415.0546875,651.1796875
317.865460395813,317.865460395813,NoButton,Move,420.41796875,648.49609375
317.8736231327057,317.8736231327057,NoButton,Move,428.1171875,645.53125
317.88189911842346,317.88189911842346,NoButton,Move,437.19140625,640.9921875
317.8900411128998,317.8900411128998,NoButton,Move,447.3359375,636.9296875
317.8987240791321,317.8987240791321,NoButton,Move,459.7890625,632.53125
317.906690120697,317.906690120697,NoButton,Move,474.2421875,627.96484375
317.9149432182312,317.9149432182312,NoButton,Move,488.6953125,623.3984375
317.92268538475037,317.92268538475037,NoButton,Move,503.1484375,619.59375
317.93086409568787,317.93086409568787,NoButton,Move,518.92578125,616.4375
317.9390561580658,317.9390561580658,NoButton,Move,533.37890625,613.390625
317.9473180770874,317.9473180770874,NoButton,Move,540.1484375,612.26171875
317.9554853439331,317.9554853439331,NoButton,Move,553.3359375,610.79296875
317.96388030052185,317.96388030052185,NoButton,Move,564.15625,609.4375
317.97288703918457,317.97288703918457,NoButton,Move,574.9765625,608.7578125
317.9800102710724,317.9800102710724,NoButton,Move,583.66015625,608.13671875
317.98823499679565,317.98823499679565,NoButton,Move,586.6328125,608.13671875
317.9969310760498,317.9969310760498,NoButton,Move,591.71484375,608.13671875
318.0045611858368,318.0045611858368,NoButton,Move,596.0390625,608.13671875
318.0128209590912,318.0128209590912,NoButton,Move,599.01171875,607.7109375
318.0210711956024,318.0210711956024,NoButton,Move,600.85546875,607.7109375
318.0293471813202,318.0293471813202,NoButton,Move,601.79296875,607.7109375
319.4957242012024,319.4957242012024,NoButton,Move,601.79296875,606.5546875
319.50640630722046,319.50640630722046,NoButton,Move,601.79296875,604.17578125
319.5115849971771,319.5115849971771,NoButton,Move,601.79296875,601.19921875
319.52266907691956,319.52266907691956,NoButton,Move,601.79296875,598.22265625
319.52794122695923,319.52794122695923,NoButton,Move,601.79296875,593.89453125
319.53983306884766,319.53983306884766,NoButton,Move,601.79296875,587.12109375
319.5444474220276,319.5444474220276,NoButton,Move,600.49609375,577.39453125
319.55647015571594,319.55647015571594,NoButton,Move,598.55078125,567.66796875
319.5609622001648,319.5609622001648,NoButton,Move,595.73828125,555.72265625
319.5684711933136,319.5684711933136,NoButton,Move,590.32421875,534.078125
319.5777761936188,319.5777761936188,NoButton,Move,588.5546875,526.4140625
319.58491921424866,319.58491921424866,NoButton,Move,583.8203125,510.6328125
319.5945391654968,319.5945391654968,NoButton,Move,579.1484375,495.0625
319.6015992164612,319.6015992164612,NoButton,Move,574.4140625,479.28125
319.610303401947,319.610303401947,NoButton,Move,569.84765625,464.82421875
319.61815118789673,319.61815118789673,NoButton,Move,565.28125,450.3671875
319.6411440372467,319.6411440372467,NoButton,Move,560.8828125,437.91015625
319.6412491798401,319.6412491798401,NoButton,Move,559.35546875,432.82421875
319.64208817481995,319.64208817481995,NoButton,Move,555.29296875,422.67578125
319.8071622848511,319.8071622848511,NoButton,Move,556.72265625,422.9140625
319.8156111240387,319.8156111240387,NoButton,Move,558.70703125,424.5
319.823379278183,319.823379278183,NoButton,Move,560.69140625,426.0859375
319.831401348114,319.831401348114,NoButton,Move,562.27734375,428.0703125
319.8395552635193,319.8395552635193,NoButton,Move,563.86328125,430.0546875
319.8483192920685,319.8483192920685,NoButton,Move,565.5625,432.6015625
319.8559579849243,319.8559579849243,NoButton,Move,566.75,434.98046875
319.86407709121704,319.86407709121704,NoButton,Move,568.0234375,437.953125
319.8722162246704,319.8722162246704,NoButton,Move,569.62890625,443.8515625
319.8820102214813,319.8820102214813,NoButton,Move,571.40234375,451.55078125
319.8917291164398,319.8917291164398,NoButton,Move,572.640625,460.234375
319.896192073822,319.896192073822,NoButton,Move,573.34375,472.2109375
319.9105432033539,319.9105432033539,NoButton,Move,573.34375,484.1875
319.91244626045227,319.91244626045227,NoButton,Move,573.34375,497.375
319.9234023094177,319.9234023094177,NoButton,Move,571.8203125,511.828125
319.9287784099579,319.9287784099579,NoButton,Move,567.421875,525.015625
319.9398703575134,319.9398703575134,NoButton,Move,561.33203125,538.70703125
319.945077419281,319.945077419281,NoButton,Move,553.72265625,551.63671875
319.9566020965576,319.9566020965576,NoButton,Move,544.58984375,563.046875
319.96135425567627,319.96135425567627,NoButton,Move,533.9375,573.6953125
319.9727292060852,319.9727292060852,NoButton,Move,522.5234375,582.82421875
319.9779450893402,319.9779450893402,NoButton,Move,509.58984375,590.4296875
319.9899320602417,319.9899320602417,NoButton,Move,495.89453125,596.515625
319.99438738822937,319.99438738822937,NoButton,Move,482.703125,600.17578125
320.00626134872437,320.00626134872437,NoButton,Move,469.51171875,602.37109375
320.0107493400574,320.0107493400574,NoButton,Move,456.3203125,603.1015625
320.0227892398834,320.0227892398834,NoButton,Move,444.33984375,603.1015625
320.02763533592224,320.02763533592224,NoButton,Move,439.25390625,603.1015625
320.0349953174591,320.0349953174591,NoButton,Move,429.52734375,603.1015625
320.04349517822266,320.04349517822266,NoButton,Move,425.90234375,602.6484375
320.0515630245209,320.0515630245209,NoButton,Move,420.0,601.57421875
320.05976700782776,320.05976700782776,NoButton,Move,415.671875,600.12890625
320.06809425354004,320.06809425354004,NoButton,Move,412.6953125,599.27734375
320.0760531425476,320.0760531425476,NoButton,Move,410.84765625,598.53515625
320.0842580795288,320.0842580795288,NoButton,Move,409.48046875,598.19140625
320.0952320098877,320.0952320098877,NoButton,Move,408.5390625,597.875
320.100572347641,320.100572347641,NoButton,Move,408.27734375,597.61328125
320.1087920665741,320.1087920665741,NoButton,Move,408.015625,597.3515625
320.11695313453674,320.11695313453674,NoButton,Move,408.015625,597.08984375
320.1249930858612,320.1249930858612,NoButton,Move,408.015625,596.828125
320.13336420059204,320.13336420059204,NoButton,Move,408.015625,596.25390625
320.14153122901917,320.14153122901917,NoButton,Move,408.015625,595.9921875
320.1579122543335,320.1579122543335,NoButton,Move,408.015625,595.74609375
320.16622018814087,320.16622018814087,NoButton,Move,408.015625,595.484375
320.1911971569061,320.1911971569061,NoButton,Move,408.015625,595.2421875
320.2394142150879,320.2394142150879,Left,Pressed,408.015625,595.2421875
320.33922719955444,320.33922719955444,Left,Released,408.015625,595.2421875
320.8543932437897,320.8543932437897,NoButton,Move,408.015625,594.3125
320.86196303367615,320.86196303367615,NoButton,Move,408.015625,592.9453125
320.87083745002747,320.87083745002747,NoButton,Move,408.015625,591.09765625
320.8786129951477,320.8786129951477,NoButton,Move,408.015625,589.25
320.88751101493835,320.88751101493835,NoButton,Move,408.015625,587.40234375
320.8947162628174,320.8947162628174,NoButton,Move,408.46484375,583.77734375
320.9044101238251,320.9044101238251,NoButton,Move,408.46484375,580.15234375
320.9112923145294,320.9112923145294,NoButton,Move,408.9140625,576.52734375
320.92116236686707,320.92116236686707,NoButton,Move,408.9140625,572.90234375
320.9277911186218,320.9277911186218,NoButton,Move,408.9140625,571.0546875
320.9374613761902,320.9374613761902,NoButton,Move,408.9140625,565.96875
320.9437162876129,320.9437162876129,NoButton,Move,408.9140625,562.34375
320.9542143344879,320.9542143344879,NoButton,Move,408.9140625,558.71875
320.960125207901,320.960125207901,NoButton,Move,408.9140625,554.390625
320.9684143066406,320.9684143066406,NoButton,Move,408.9140625,550.0625
320.97641015052795,320.97641015052795,NoButton,Move,408.9140625,544.9765625
320.98473024368286,320.98473024368286,NoButton,Move,408.9140625,539.890625
320.99278831481934,320.99278831481934,NoButton,Move,408.9140625,534.8046875
321.0012652873993,321.0012652873993,NoButton,Move,408.9140625,532.421875
321.00922417640686,321.00922417640686,NoButton,Move,408.9140625,528.796875
321.0175311565399,321.0175311565399,NoButton,Move,408.9140625,526.4140625
321.0254981517792,321.0254981517792,NoButton,Move,408.9140625,524.56640625
321.0338170528412,321.0338170528412,NoButton,Move,408.9140625,523.19921875
322.06688714027405,322.06688714027405,NoButton,Move,408.9140625,522.2734375
322.075257062912,322.075257062912,NoButton,Move,414.2421875,516.34765625
322.08553528785706,322.08553528785706,NoButton,Move,421.34765625,512.19921875
322.09054017066956,322.09054017066956,NoButton,Move,429.7734375,507.01171875
322.09794521331787,322.09794521331787,NoButton,Move,438.84765625,502.47265625
322.10678911209106,322.10678911209106,NoButton,Move,452.5390625,497.14453125
322.12869930267334,322.12869930267334,NoButton,Move,464.9921875,492.74609375
322.1288161277771,322.1288161277771,NoButton,Move,480.76953125,488.80078125
322.1305510997772,322.1305510997772,NoButton,Move,509.1875,481.6953125
322.14222836494446,322.14222836494446,NoButton,Move,539.44140625,474.390625
322.1477470397949,322.1477470397949,NoButton,Move,571.58984375,470.1015625
322.1629521846771,322.1629521846771,NoButton,Move,603.73828125,465.8125
322.16307520866394,322.16307520866394,NoButton,Move,633.9921875,462.6796875
322.17132806777954,322.17132806777954,NoButton,Move,647.1796875,461.9453125
322.180034160614,322.180034160614,NoButton,Move,670.4296875,460.08203125
322.19436740875244,322.19436740875244,NoButton,Move,690.51953125,459.20703125
322.1958372592926,322.1958372592926,NoButton,Move,697.2890625,459.20703125
322.205233335495,322.205233335495,NoButton,Move,710.4765625,459.20703125
322.2122642993927,322.2122642993927,NoButton,Move,714.80078125,459.20703125
322.2203483581543,322.2203483581543,NoButton,Move,722.5,459.20703125
322.2287800312042,322.2287800312042,NoButton,Move,727.578125,459.20703125
322.2367253303528,322.2367253303528,NoButton,Move,730.55078125,459.20703125
322.2450671195984,322.2450671195984,NoButton,Move,732.9296875,459.20703125
324.3521661758423,324.3521661758423,NoButton,Move,732.9296875,458.97265625
324.35826206207275,324.35826206207275,NoButton,Move,732.9296875,457.60546875
324.36676502227783,324.36676502227783,NoButton,Move,734.73828125,453.98046875
324.37450313568115,324.37450313568115,NoButton,Move,738.8828125,446.87109375
324.38249921798706,324.38249921798706,NoButton,Move,746.20703125,435.87890625
324.39072012901306,324.39072012901306,NoButton,Move,757.93359375,421.6328125
324.399108171463,324.399108171463,NoButton,Move,772.359375,404.49609375
324.40792441368103,324.40792441368103,NoButton,Move,804.109375,368.9296875
324.417649269104,324.417649269104,NoButton,Move,831.19140625,344.1015625
324.4235272407532,324.4235272407532,NoButton,Move,860.11328125,317.48828125
324.43159914016724,324.43159914016724,NoButton,Move,894.8984375,288.91015625
324.44762229919434,324.44762229919434,NoButton,Move,912.03125,274.48046875
324.4477822780609,324.4477822780609,NoButton,Move,946.01953125,247.7734375
324.46336102485657,324.46336102485657,NoButton,Move,980.8046875,219.1953125
324.4636161327362,324.4636161327362,NoButton,Move,1012.80859375,194.30078125
324.47839736938477,324.47839736938477,NoButton,Move,1039.20703125,171.1953125
324.4799370765686,324.4799370765686,NoButton,Move,1050.6171875,162.0625
324.4880702495575,324.4880702495575,NoButton,Move,1071.3359375,144.30078125
324.49618124961853,324.49618124961853,NoButton,Move,1088.46875,129.87109375
324.50443816185,324.50443816185,NoButton,Move,1093.546875,124.7890625
324.51273131370544,324.51273131370544,NoButton,Move,1104.1953125,114.8984375
324.6773114204407,324.6773114204407,NoButton,Move,1100.9609375,115.890625
324.68514609336853,324.68514609336853,NoButton,Move,1099.8515625,117.36328125
324.6939923763275,324.6939923763275,NoButton,Move,1099.27734375,117.6484375
324.70166516304016,324.70166516304016,NoButton,Move,1099.27734375,117.90625
324.7104711532593,324.7104711532593,NoButton,Move,1099.27734375,118.1640625
324.75177121162415,324.75177121162415,NoButton,Move,1099.77734375,117.40625
324.75187611579895,324.75187611579895,NoButton,Move,1101.25390625,115.92578125
324.7634642124176,324.7634642124176,NoButton,Move,1103.375,113.375
324.7672712802887,324.7672712802887,NoButton,Move,1106.2578125,110.0078125
324.77515721321106,324.77515721321106,NoButton,Move,1110.01171875,105.1796875
324.78326320648193,324.78326320648193,NoButton,Move,1113.5703125,101.109375
324.791344165802,324.791344165802,NoButton,Move,1117.32421875,96.28125
324.79952931404114,324.79952931404114,NoButton,Move,1120.8828125,92.2109375
324.8077383041382,324.8077383041382,NoButton,Move,1122.359375,90.73046875
324.81591606140137,324.81591606140137,NoButton,Move,1125.07421875,88.01171875
324.82417917251587,324.82417917251587,NoButton,Move,1127.7890625,85.29296875
324.8322641849518,324.8322641849518,NoButton,Move,1129.7734375,83.703125
324.84058117866516,324.84058117866516,NoButton,Move,1131.25,82.59375
324.84879422187805,324.84879422187805,NoButton,Move,1132.2734375,81.56640625
324.8600552082062,324.8600552082062,NoButton,Move,1133.2109375,80.9375
324.86488223075867,324.86488223075867,NoButton,Move,1134.1484375,80.62109375
324.8740031719208,324.8740031719208,NoButton,Move,1135.0859375,79.9921875
324.88091015815735,324.88091015815735,NoButton,Move,1136.0234375,79.36328125
324.88911414146423,324.88911414146423,NoButton,Move,1136.9609375,78.734375
324.8973250389099,324.8973250389099,NoButton,Move,1138.4375,77.625
324.90558528900146,324.90558528900146,NoButton,Move,1139.9140625,76.515625
324.9135344028473,324.9135344028473,NoButton,Move,1142.03515625,74.390625
324.9220042228699,324.9220042228699,NoButton,Move,1144.58203125,72.265625
324.93019008636475,324.93019008636475,NoButton,Move,1147.296875,69.546875
324.9443624019623,324.9443624019623,NoButton,Move,1150.66015625,66.66015625
324.9465069770813,324.9465069770813,NoButton,Move,1154.0234375,63.7734375
324.95477318763733,324.95477318763733,NoButton,Move,1157.19140625,61.5078125
324.96304726600647,324.96304726600647,NoButton,Move,1161.03515625,59.1015625
324.9712393283844,324.9712393283844,NoButton,Move,1162.87890625,57.9921875
324.9794182777405,324.9794182777405,NoButton,Move,1165.42578125,56.2890625
324.98771142959595,324.98771142959595,NoButton,Move,1168.3984375,55.01171875
324.9957962036133,324.9957962036133,NoButton,Move,1170.2421875,54.26953125
325.0040943622589,325.0040943622589,NoButton,Move,1172.0859375,53.52734375
325.01231718063354,325.01231718063354,NoButton,Move,1173.0234375,53.2109375
325.02081632614136,325.02081632614136,NoButton,Move,1173.9609375,53.2109375
325.02874422073364,325.02874422073364,NoButton,Move,1174.53125,52.921875
325.05612802505493,325.05612802505493,Left,Pressed,1174.53125,52.921875
325.07234930992126,325.07234930992126,NoButton,Move,1174.65234375,52.921875
325.1227173805237,325.1227173805237,Left,Released,1174.65234375,52.921875
325.73491311073303,325.73491311073303,NoButton,Move,1174.8828125,52.921875
325.73520827293396,325.73520827293396,NoButton,Move,1175.453125,52.921875
325.74607825279236,325.74607825279236,NoButton,Move,1175.7109375,53.1796875
325.7484402656555,325.7484402656555,NoButton,Move,1176.28125,53.46484375
325.7670102119446,325.7670102119446,NoButton,Move,1176.8515625,54.03515625
325.7671091556549,325.7671091556549,NoButton,Move,1177.1640625,54.97265625
325.78179025650024,325.78179025650024,NoButton,Move,1177.4765625,55.91015625
325.781854391098,325.781854391098,NoButton,Move,1177.4765625,56.84765625
325.7896890640259,325.7896890640259,NoButton,Move,1177.4765625,57.78515625
325.7975912094116,325.7975912094116,NoButton,Move,1177.4765625,60.1640625
325.80573630332947,325.80573630332947,NoButton,Move,1177.4765625,62.54296875
325.8139362335205,325.8139362335205,NoButton,Move,1177.078125,64.921875
325.82212018966675,325.82212018966675,NoButton,Move,1175.80078125,67.89453125
325.8303680419922,325.8303680419922,NoButton,Move,1173.98828125,71.0625
325.8386821746826,325.8386821746826,NoButton,Move,1169.83984375,78.16796875
325.84673523902893,325.84673523902893,NoButton,Move,1165.88671875,83.80859375
325.8559272289276,325.8559272289276,NoButton,Move,1160.05078125,91.5859375
325.86304926872253,325.86304926872253,NoButton,Move,1147.37109375,105.953125
325.87179017066956,325.87179017066956,NoButton,Move,1135.53515625,116.99609375
325.87949109077454,325.87949109077454,NoButton,Move,1119.30078125,131.421875
325.88882517814636,325.88882517814636,NoButton,Move,1100.31640625,147.5546875
325.89604020118713,325.89604020118713,NoButton,Move,1074.59375,166.84375
325.9047553539276,325.9047553539276,NoButton,Move,1026.51171875,202.1953125
325.91212916374207,325.91212916374207,NoButton,Move,1009.0390625,213.55078125
325.9216423034668,325.9216423034668,NoButton,Move,949.73046875,251.56640625
325.9285752773285,325.9285752773285,NoButton,Move,932.2578125,262.046875
325.937637090683,325.937637090683,NoButton,Move,899.859375,282.87109375
325.9427740573883,325.9427740573883,NoButton,Move,899.859375,282.87109375
325.9954402446747,325.9954402446747,NoButton,Move,887.68359375,291.23828125
325.99548721313477,325.99548721313477,NoButton,Move,863.32421875,307.4765625
325.99556827545166,325.99556827545166,NoButton,Move,855.87890625,312.4375
325.99564003944397,325.99564003944397,NoButton,Move,839.81640625,322.578125
325.9957072734833,325.9957072734833,NoButton,Move,828.82421875,330.63671875
325.99576807022095,325.99576807022095,NoButton,Move,820.7578125,334.9765625
325.99626541137695,325.99626541137695,NoButton,Move,814.546875,337.796875
326.00377440452576,326.00377440452576,NoButton,Move,812.69921875,338.1640625
326.33032608032227,326.33032608032227,NoButton,Move,813.16015625,338.1640625
326.33819222450256,326.33819222450256,NoButton,Move,814.09765625,338.1640625
326.3465521335602,326.3465521335602,NoButton,Move,815.03515625,338.4765625
326.35518312454224,326.35518312454224,NoButton,Move,816.05859375,339.5
326.36447525024414,326.36447525024414,NoButton,Move,816.68359375,340.4375
326.37150621414185,326.37150621414185,NoButton,Move,817.70703125,341.4609375
326.37945437431335,326.37945437431335,NoButton,Move,818.89453125,343.83984375
326.3877260684967,326.3877260684967,NoButton,Move,820.16796875,346.8125
326.3957281112671,326.3957281112671,NoButton,Move,821.7734375,352.7109375
326.40443110466003,326.40443110466003,NoButton,Move,822.30859375,358.609375
326.4121804237366,326.4121804237366,NoButton,Move,822.30859375,366.30859375
326.42115020751953,326.42115020751953,NoButton,Move,822.30859375,383.46484375
326.4293112754822,326.4293112754822,NoButton,Move,817.7421875,397.91796875
326.43695616722107,326.43695616722107,NoButton,Move,810.38671875,414.2578125
326.4444341659546,326.4444341659546,NoButton,Move,801.0859375,431.16015625
326.45479440689087,326.45479440689087,NoButton,Move,786.7109375,452.2421875
326.46152114868164,326.46152114868164,NoButton,Move,768.94921875,472.9609375
326.47167325019836,326.47167325019836,NoButton,Move,750.203125,492.69140625
326.4775071144104,326.4775071144104,NoButton,Move,729.48046875,510.44921875
326.48830103874207,326.48830103874207,NoButton,Move,707.7734375,527.21875
326.49393033981323,326.49393033981323,NoButton,Move,697.203125,533.55859375
326.50164222717285,326.50164222717285,NoButton,Move,676.7421875,545.6484375
326.5100362300873,326.5100362300873,NoButton,Move,658.39453125,555.25390625
326.5182101726532,326.5182101726532,NoButton,Move,642.05078125,561.7890625
326.5268132686615,326.5268132686615,NoButton,Move,627.59375,565.58984375
326.5348381996155,326.5348381996155,NoButton,Move,621.69140625,566.125
326.54299902915955,326.54299902915955,NoButton,Move,610.8671875,566.80078125
326.5512592792511,326.5512592792511,NoButton,Move,601.140625,567.4453125
326.5594050884247,326.5594050884247,NoButton,Move,592.453125,567.4453125
326.8462851047516,326.8462851047516,NoButton,Move,593.86328125,567.4453125
326.85524129867554,326.85524129867554,NoButton,Move,596.8359375,567.01953125
326.8628342151642,326.8628342151642,NoButton,Move,600.45703125,566.56640625
326.8746302127838,326.8746302127838,NoButton,Move,604.78125,566.08203125
326.8798282146454,326.8798282146454,NoButton,Move,609.10546875,565.59765625
326.89298129081726,326.89298129081726,NoButton,Move,614.1875,565.59765625
326.8961663246155,326.8961663246155,NoButton,Move,618.51171875,565.11328125
326.91002130508423,326.91002130508423,NoButton,Move,629.33203125,565.11328125
326.9119882583618,326.9119882583618,NoButton,Move,639.0546875,565.11328125
326.925044298172,326.925044298172,NoButton,Move,649.875,565.11328125
326.9274983406067,326.9274983406067,NoButton,Move,660.6953125,565.11328125
326.94021344184875,326.94021344184875,NoButton,Move,665.77734375,565.11328125
326.94416522979736,326.94416522979736,NoButton,Move,681.5546875,567.4765625
326.956246137619,326.956246137619,NoButton,Move,686.63671875,569.0
326.9609031677246,326.9609031677246,NoButton,Move,695.3203125,571.48046875
326.97351717948914,326.97351717948914,NoButton,Move,703.01953125,574.44140625
326.97789120674133,326.97789120674133,NoButton,Move,708.91796875,576.5859375
326.98510003089905,326.98510003089905,NoButton,Move,715.125,579.40625
326.99337220191956,326.99337220191956,NoButton,Move,716.96875,580.51171875
327.0014052391052,327.0014052391052,NoButton,Move,720.58984375,582.3203125
327.0099411010742,327.0099411010742,NoButton,Move,723.7578125,584.12890625
327.01816606521606,327.01816606521606,NoButton,Move,725.7421875,585.71484375
327.02650332450867,327.02650332450867,NoButton,Move,727.5859375,586.8203125
327.0343999862671,327.0343999862671,NoButton,Move,729.0625,587.92578125
327.0427839756012,327.0427839756012,NoButton,Move,730.0859375,588.94921875
327.05076122283936,327.05076122283936,NoButton,Move,730.65625,589.51953125
327.05944323539734,327.05944323539734,NoButton,Move,731.28125,590.45703125
327.067054271698,327.067054271698,NoButton,Move,731.56640625,591.02734375
327.07533526420593,327.07533526420593,NoButton,Move,732.13671875,591.3125
327.08366227149963,327.08366227149963,NoButton,Move,732.421875,591.8828125
327.09152936935425,327.09152936935425,NoButton,Move,732.6796875,592.140625
327.09967613220215,327.09967613220215,NoButton,Move,732.6796875,592.3984375
327.1081051826477,327.1081051826477,NoButton,Move,732.9375,592.65625
327.115962266922,327.115962266922,NoButton,Move,732.9375,592.9140625
327.1240541934967,327.1240541934967,NoButton,Move,732.9375,593.171875
327.1427183151245,327.1427183151245,NoButton,Move,732.9375,593.4140625
327.9191782474518,327.9191782474518,NoButton,Move,732.47265625,593.4140625
328.2127673625946,328.2127673625946,NoButton,Move,732.23828125,593.4140625
328.4596951007843,328.4596951007843,NoButton,Move,731.7734375,593.4140625
328.5332851409912,328.5332851409912,NoButton,Move,731.5390625,593.4140625
328.61817026138306,328.61817026138306,NoButton,Move,731.3046875,593.4140625
328.6803662776947,328.6803662776947,NoButton,Move,731.0703125,593.4140625
328.7299461364746,328.7299461364746,NoButton,Move,731.0703125,593.6484375
328.7704792022705,328.7704792022705,NoButton,Move,730.83203125,593.8828125
328.7869119644165,328.7869119644165,NoButton,Move,730.3125,593.8828125
328.79515624046326,328.79515624046326,NoButton,Move,729.73828125,593.8828125
328.811888217926,328.811888217926,NoButton,Move,727.890625,593.8828125
328.81212425231934,328.81212425231934,NoButton,Move,726.04296875,593.8828125
335.9555501937866,335.9555501937866,NoButton,Move,726.26953125,593.8828125
335.96278619766235,335.96278619766235,NoButton,Move,728.6484375,593.8828125
335.97098422050476,335.97098422050476,NoButton,Move,730.4921875,593.8828125
335.97902631759644,335.97902631759644,NoButton,Move,733.46484375,593.8828125
335.9873642921448,335.9873642921448,NoButton,Move,735.84375,593.8828125
335.99522519111633,335.99522519111633,NoButton,Move,738.22265625,595.0703125
336.0152623653412,336.0152623653412,NoButton,Move,740.06640625,596.17578125
336.0153810977936,336.0153810977936,NoButton,Move,741.91015625,597.28125
336.0196154117584,336.0196154117584,NoButton,Move,743.89453125,598.8671875
336.02786111831665,336.02786111831665,NoButton,Move,746.015625,600.98828125
336.0438504219055,336.0438504219055,NoButton,Move,749.37890625,603.87109375
336.04485034942627,336.04485034942627,NoButton,Move,753.4453125,607.4296875
336.0529181957245,336.0529181957245,NoButton,Move,756.80859375,610.3125
336.06077313423157,336.06077313423157,NoButton,Move,760.171875,613.67578125
336.07658433914185,336.07658433914185,NoButton,Move,763.53515625,617.0390625
336.07689905166626,336.07689905166626,NoButton,Move,765.01171875,618.515625
336.08534026145935,336.08534026145935,NoButton,Move,767.1328125,620.63671875
336.0932903289795,336.0932903289795,NoButton,Move,769.25390625,622.7578125
336.1018762588501,336.1018762588501,NoButton,Move,770.83984375,624.7421875
336.1106810569763,336.1106810569763,NoButton,Move,771.9453125,626.21875
336.11796832084656,336.11796832084656,NoButton,Move,772.5703125,627.15625
336.12592816352844,336.12592816352844,NoButton,Move,772.8828125,628.09375
336.1341071128845,336.1341071128845,NoButton,Move,773.16796875,628.6640625
336.14230012893677,336.14230012893677,NoButton,Move,773.16796875,629.6015625
336.1505002975464,336.1505002975464,NoButton,Move,773.16796875,630.5390625
336.16041111946106,336.16041111946106,NoButton,Move,771.3203125,631.64453125
336.1669020652771,336.1669020652771,NoButton,Move,768.9375,632.83203125
336.1751742362976,336.1751742362976,NoButton,Move,765.3125,634.1875
336.1836142539978,336.1836142539978,NoButton,Move,760.984375,636.109375
336.19149899482727,336.19149899482727,NoButton,Move,757.359375,637.46484375
336.19963812828064,336.19963812828064,NoButton,Move,753.03125,638.90625
336.20786929130554,336.20786929130554,NoButton,Move,748.703125,640.34765625
336.2161033153534,336.2161033153534,NoButton,Move,744.375,641.30859375
336.22696709632874,336.22696709632874,NoButton,Move,742.52734375,642.046875
336.23300409317017,336.23300409317017,NoButton,Move,738.90234375,642.94921875
336.24619126319885,336.24619126319885,NoButton,Move,735.92578125,643.796875
336.2492983341217,336.2492983341217,NoButton,Move,733.54296875,644.984375
336.2570822238922,336.2570822238922,NoButton,Move,731.6953125,645.3515625
336.26541328430176,336.26541328430176,NoButton,Move,729.84765625,645.71875
341.7967920303345,341.7967920303345,NoButton,Move,730.76953125,650.8046875
341.8083121776581,341.8083121776581,NoButton,Move,734.5234375,655.62890625
341.8124701976776,341.8124701976776,NoButton,Move,737.88671875,658.51171875
341.8242061138153,341.8242061138153,NoButton,Move,743.52734375,662.4609375
341.8290011882782,341.8290011882782,NoButton,Move,748.3515625,666.21484375
341.8387622833252,341.8387622833252,NoButton,Move,754.55859375,669.59765625
341.84548139572144,341.84548139572144,NoButton,Move,760.765625,672.98046875
341.8535511493683,341.8535511493683,NoButton,Move,768.46484375,675.94140625
341.861554145813,341.861554145813,NoButton,Move,784.8046875,681.66015625
341.87262630462646,341.87262630462646,NoButton,Move,803.3984375,686.73046875
341.8779191970825,341.8779191970825,NoButton,Move,823.48828125,690.22265625
341.88671612739563,341.88671612739563,NoButton,Move,846.73828125,693.01171875
341.8957703113556,341.8957703113556,NoButton,Move,869.98828125,693.94140625
341.90432929992676,341.90432929992676,NoButton,Move,894.90234375,693.94140625
341.9118752479553,341.9118752479553,NoButton,Move,919.81640625,693.94140625
341.9199743270874,341.9199743270874,NoButton,Move,931.79296875,693.234375
341.92732524871826,341.92732524871826,NoButton,Move,951.8828125,687.9921875
341.93638014793396,341.93638014793396,NoButton,Move,970.4765625,682.91796875
341.9436252117157,341.9436252117157,NoButton,Move,985.46484375,676.60546875
341.95163917541504,341.95163917541504,NoButton,Move,990.828125,673.38671875
341.95997309684753,341.95997309684753,NoButton,Move,1001.39453125,667.75
341.9680790901184,341.9680790901184,NoButton,Move,1009.8203125,662.5625
341.9764521121979,341.9764521121979,NoButton,Move,1015.4609375,658.046875
341.9846131801605,341.9846131801605,NoButton,Move,1017.046875,656.05859375
341.99299716949463,341.99299716949463,NoButton,Move,1022.375,650.1328125
342.00177025794983,342.00177025794983,NoButton,Move,1023.6484375,647.15625
342.0104429721832,342.0104429721832,NoButton,Move,1024.49609375,644.1796875
342.0175521373749,342.0175521373749,NoButton,Move,1024.49609375,641.203125
342.02626514434814,342.02626514434814,NoButton,Move,1024.49609375,637.578125
342.03532814979553,342.03532814979553,NoButton,Move,1023.4765625,632.4921875
342.0419623851776,342.0419623851776,NoButton,Move,1019.18359375,628.19921875
342.0510971546173,342.0510971546173,NoButton,Move,1014.1015625,623.1171875
342.0587601661682,342.0587601661682,NoButton,Move,1007.58203125,618.375
342.06700801849365,342.06700801849365,NoButton,Move,1000.47265625,614.2265625
342.07458114624023,342.07458114624023,NoButton,Move,991.39453125,610.3359375
342.0834262371063,342.0834262371063,NoButton,Move,981.24609375,606.2734375
342.0913290977478,342.0913290977478,NoButton,Move,970.421875,603.56640625
342.09954023361206,342.09954023361206,NoButton,Move,957.23046875,602.09765625
342.1078882217407,342.1078882217407,NoButton,Move,944.0390625,600.62890625
346.8317732810974,346.8317732810974,NoButton,Move,944.265625,600.3984375
346.847962141037,346.847962141037,NoButton,Move,945.5390625,597.421875
346.8481001853943,346.8481001853943,NoButton,Move,947.4609375,593.09375
346.8546392917633,346.8546392917633,NoButton,Move,951.85546875,579.90234375
346.8634543418884,346.8634543418884,NoButton,Move,955.65625,565.4453125
346.87080907821655,346.87080907821655,NoButton,Move,958.2734375,545.3515625
346.8793442249298,346.8793442249298,NoButton,Move,959.203125,522.09765625
346.8905053138733,346.8905053138733,NoButton,Move,960.1875,495.45703125
346.89559030532837,346.89559030532837,NoButton,Move,960.1875,465.19921875
346.9052641391754,346.9052641391754,NoButton,Move,959.140625,434.94140625
346.9117512702942,346.9117512702942,NoButton,Move,953.921875,404.68359375
346.92329025268555,346.92329025268555,NoButton,Move,949.5234375,392.2265625
346.9282031059265,346.9282031059265,NoButton,Move,943.01171875,369.90234375
346.9364311695099,346.9364311695099,NoButton,Move,939.2890625,361.8359375
346.9446671009064,346.9446671009064,NoButton,Move,932.9765625,346.84375
346.9528000354767,346.9528000354767,NoButton,Move,931.1640625,343.21875
346.96103501319885,346.96103501319885,NoButton,Move,927.015625,336.109375
346.97455620765686,346.97455620765686,NoButton,Move,923.0625,330.46484375
346.97743105888367,346.97743105888367,NoButton,Move,920.17578125,327.09765625
346.9853403568268,346.9853403568268,NoButton,Move,918.1875,325.5078125
346.99363923072815,346.99363923072815,NoButton,Move,916.33984375,324.3984375
347.0052590370178,347.0052590370178,NoButton,Move,914.97265625,324.0546875
347.0104150772095,347.0104150772095,NoButton,Move,913.60546875,324.0546875
347.0185761451721,347.0185761451721,NoButton,Move,912.23828125,324.0546875
347.0268542766571,347.0268542766571,NoButton,Move,910.87109375,324.0546875
347.0350604057312,347.0350604057312,NoButton,Move,909.9296875,324.0546875
347.0431663990021,347.0431663990021,NoButton,Move,908.5625,324.734375
347.0514452457428,347.0514452457428,NoButton,Move,907.98828125,325.3046875
347.0611581802368,347.0611581802368,NoButton,Move,906.87890625,326.78125
347.06757140159607,347.06757140159607,NoButton,Move,906.25,327.71875
347.07642698287964,347.07642698287964,NoButton,Move,905.62109375,328.65625
347.0842671394348,347.0842671394348,NoButton,Move,905.3046875,329.59375
347.0922050476074,347.0922050476074,NoButton,Move,904.9609375,330.95703125
347.1003701686859,347.1003701686859,NoButton,Move,904.9609375,331.89453125
347.1106879711151,347.1106879711151,NoButton,Move,904.671875,332.46484375
347.1168031692505,347.1168031692505,NoButton,Move,904.671875,333.40234375
347.1249940395355,347.1249940395355,NoButton,Move,904.671875,333.97265625
347.1333980560303,347.1333980560303,NoButton,Move,904.671875,334.54296875
347.14199805259705,347.14199805259705,NoButton,Move,904.671875,335.11328125
347.149777173996,347.149777173996,NoButton,Move,904.671875,335.68359375
347.1617841720581,347.1617841720581,NoButton,Move,905.2421875,336.25390625
347.16617226600647,347.16617226600647,NoButton,Move,906.1796875,336.87890625
347.17406940460205,347.17406940460205,NoButton,Move,907.1171875,337.19140625
347.18248319625854,347.18248319625854,NoButton,Move,908.140625,338.21484375
347.1905951499939,347.1905951499939,NoButton,Move,909.078125,338.83984375
347.19874930381775,347.19874930381775,NoButton,Move,910.015625,339.46484375
347.2078320980072,347.2078320980072,NoButton,Move,911.0390625,340.48828125
347.215576171875,347.215576171875,NoButton,Move,912.05859375,341.5078125
347.2260262966156,347.2260262966156,NoButton,Move,912.99609375,342.1328125
347.2318813800812,347.2318813800812,NoButton,Move,914.01953125,343.15625
347.24379110336304,347.24379110336304,NoButton,Move,915.04296875,344.1796875
347.24774718284607,347.24774718284607,NoButton,Move,915.66796875,345.1171875
347.25616121292114,347.25616121292114,NoButton,Move,916.60546875,345.7421875
347.264258146286,347.264258146286,NoButton,Move,917.23046875,346.6796875
347.27433609962463,347.27433609962463,NoButton,Move,917.85546875,347.6171875
347.2805392742157,347.2805392742157,NoButton,Move,918.48046875,348.5546875
347.2885012626648,347.2885012626648,NoButton,Move,919.05078125,349.125
347.29668712615967,347.29668712615967,NoButton,Move,919.73046875,350.48828125
347.30468821525574,347.30468821525574,NoButton,Move,920.75390625,351.51171875
347.31320810317993,347.31320810317993,NoButton,Move,921.37890625,352.44921875
347.32145833969116,347.32145833969116,NoButton,Move,922.484375,353.92578125
347.32950019836426,347.32950019836426,NoButton,Move,923.5078125,354.94921875
347.3377079963684,347.3377079963684,NoButton,Move,924.53125,355.97265625
347.345810174942,347.345810174942,NoButton,Move,925.2109375,357.3359375
347.3544523715973,347.3544523715973,NoButton,Move,926.234375,358.359375
347.3627691268921,347.3627691268921,NoButton,Move,927.33984375,359.8359375
347.3707871437073,347.3707871437073,NoButton,Move,928.01953125,361.19921875
347.3788661956787,347.3788661956787,NoButton,Move,929.125,362.67578125
347.38704109191895,347.38704109191895,NoButton,Move,929.75,363.61328125
347.39510226249695,347.39510226249695,NoButton,Move,930.85546875,365.08984375
347.4035041332245,347.4035041332245,NoButton,Move,931.48046875,366.02734375
347.4118621349335,347.4118621349335,NoButton,Move,932.10546875,366.96484375
347.41996121406555,347.41996121406555,NoButton,Move,932.73046875,367.90234375
347.4289622306824,347.4289622306824,NoButton,Move,933.35546875,368.83984375
347.44501304626465,347.44501304626465,NoButton,Move,933.92578125,369.41015625
347.44517612457275,347.44517612457275,NoButton,Move,934.55078125,370.34765625
347.46203804016113,347.46203804016113,NoButton,Move,935.48828125,370.97265625
347.46215319633484,347.46215319633484,NoButton,Move,936.11328125,371.91015625
347.4691183567047,347.4691183567047,NoButton,Move,937.05078125,372.53515625
347.4774091243744,347.4774091243744,NoButton,Move,938.07421875,373.55859375
347.48547625541687,347.48547625541687,NoButton,Move,939.4375,374.23828125
347.4936192035675,347.4936192035675,NoButton,Move,940.375,374.86328125
347.5016782283783,347.5016782283783,NoButton,Move,941.73828125,375.54296875
347.51024413108826,347.51024413108826,NoButton,Move,942.67578125,376.16796875
347.51840829849243,347.51840829849243,NoButton,Move,944.0390625,376.84765625
347.52700901031494,347.52700901031494,NoButton,Move,944.9765625,377.47265625
347.53515911102295,347.53515911102295,NoButton,Move,946.33984375,378.15234375
347.5425851345062,347.5425851345062,NoButton,Move,947.27734375,378.46484375
347.5507392883301,347.5507392883301,NoButton,Move,947.84765625,379.03515625
347.5638771057129,347.5638771057129,NoButton,Move,948.78515625,379.66015625
347.5672104358673,347.5672104358673,NoButton,Move,949.0703125,380.23046875
347.5752761363983,347.5752761363983,NoButton,Move,949.640625,380.515625
347.5835552215576,347.5835552215576,NoButton,Move,949.92578125,381.0859375
347.59247612953186,347.59247612953186,NoButton,Move,950.49609375,381.37109375
347.5998830795288,347.5998830795288,NoButton,Move,950.75390625,381.62890625
347.60806035995483,347.60806035995483,NoButton,Move,951.01171875,381.88671875
347.6162111759186,347.6162111759186,NoButton,Move,951.01171875,382.14453125
347.6411051750183,347.6411051750183,NoButton,Move,951.01171875,382.3828125
347.6487543582916,347.6487543582916,NoButton,Move,950.75,382.3828125
347.6569290161133,347.6569290161133,NoButton,Move,950.17578125,382.3828125
347.66509318351746,347.66509318351746,NoButton,Move,949.234375,382.3828125
347.67353439331055,347.67353439331055,NoButton,Move,948.66015625,382.3828125
347.68165016174316,347.68165016174316,NoButton,Move,947.71875,382.3828125
347.68994307518005,347.68994307518005,NoButton,Move,947.14453125,382.3828125
347.69815611839294,347.69815611839294,NoButton,Move,946.5703125,382.3828125
347.7064161300659,347.7064161300659,NoButton,Move,946.30859375,382.3828125
347.71455121040344,347.71455121040344,NoButton,Move,946.046875,382.3828125
347.7229092121124,347.7229092121124,NoButton,Move,945.78515625,382.3828125
347.73099517822266,347.73099517822266,NoButton,Move,945.5234375,382.3828125
347.8379020690918,347.8379020690918,NoButton,Move,945.2890625,382.3828125
347.8472640514374,347.8472640514374,NoButton,Move,945.02734375,382.3828125
347.8539991378784,347.8539991378784,NoButton,Move,944.765625,382.3828125
347.86256527900696,347.86256527900696,NoButton,Move,944.50390625,382.3828125
347.8706932067871,347.8706932067871,NoButton,Move,944.2421875,382.3828125
347.87887930870056,347.87887930870056,NoButton,Move,943.98046875,382.640625
347.8874113559723,347.8874113559723,NoButton,Move,943.40625,382.640625
347.8948631286621,347.8948631286621,NoButton,Move,943.14453125,382.640625
347.920880317688,347.920880317688,NoButton,Move,942.8828125,382.640625
347.9210031032562,347.9210031032562,NoButton,Move,942.62109375,382.8984375
347.9210772514343,347.9210772514343,NoButton,Move,942.359375,382.8984375
347.9443111419678,347.9443111419678,NoButton,Move,942.11328125,382.8984375
347.96041226387024,347.96041226387024,NoButton,Move,941.87109375,382.8984375
348.1648452281952,348.1648452281952,NoButton,Move,941.87109375,382.6640625
348.2791883945465,348.2791883945465,NoButton,Move,941.87109375,382.42578125
348.2792522907257,348.2792522907257,NoButton,Move,941.87109375,382.1796875
348.2793002128601,348.2793002128601,NoButton,Move,941.87109375,381.93359375
348.27933621406555,348.27933621406555,NoButton,Move,941.87109375,381.6875
348.2793710231781,348.2793710231781,NoButton,Move,941.87109375,381.44140625
348.27941513061523,348.27941513061523,NoButton,Move,941.87109375,381.1953125
348.29523611068726,348.29523611068726,NoButton,Move,941.87109375,380.94921875
348.3114984035492,348.3114984035492,NoButton,Move,941.87109375,380.703125
348.3361451625824,348.3361451625824,NoButton,Move,941.87109375,380.4609375
348.34424018859863,348.34424018859863,NoButton,Move,941.87109375,380.19921875
348.36070013046265,348.36070013046265,NoButton,Move,941.87109375,379.953125
348.37707114219666,348.37707114219666,NoButton,Move,941.87109375,379.70703125
348.39346718788147,348.39346718788147,NoButton,Move,941.87109375,379.4609375
348.40153431892395,348.40153431892395,NoButton,Move,941.87109375,379.19921875
348.41847229003906,348.41847229003906,NoButton,Move,941.87109375,378.953125
348.42651319503784,348.42651319503784,NoButton,Move,941.609375,378.953125
348.4345610141754,348.4345610141754,NoButton,Move,941.609375,378.69140625
348.4512860774994,348.4512860774994,NoButton,Move,941.609375,378.4453125
348.4681451320648,348.4681451320648,NoButton,Move,941.609375,378.19921875
348.47598528862,348.47598528862,NoButton,Move,941.34765625,378.19921875
348.4841992855072,348.4841992855072,NoButton,Move,941.34765625,377.9375
348.5003151893616,348.5003151893616,NoButton,Move,941.34765625,377.69140625
348.51030921936035,348.51030921936035,NoButton,Move,941.0859375,377.4296875
348.5168261528015,348.5168261528015,NoButton,Move,941.0859375,377.16796875
348.53321599960327,348.53321599960327,NoButton,Move,940.83984375,376.921875
348.54145097732544,348.54145097732544,NoButton,Move,940.83984375,376.66015625
348.54953813552856,348.54953813552856,NoButton,Move,940.578125,376.66015625
348.5578773021698,348.5578773021698,NoButton,Move,940.578125,376.3984375
348.56598114967346,348.56598114967346,NoButton,Move,940.31640625,376.13671875
348.5741341114044,348.5741341114044,NoButton,Move,940.31640625,375.875
348.590811252594,348.590811252594,NoButton,Move,940.0703125,375.62890625
348.6070911884308,348.6070911884308,NoButton,Move,940.0703125,375.3828125
348.73005628585815,348.73005628585815,NoButton,Move,940.0703125,374.9140625
348.737957239151,348.737957239151,NoButton,Move,940.0703125,374.33984375
348.74669218063354,348.74669218063354,NoButton,Move,940.0703125,373.765625
348.76513934135437,348.76513934135437,NoButton,Move,940.0703125,372.82421875
348.7652201652527,348.7652201652527,NoButton,Move,940.75,371.45703125
348.7706973552704,348.7706973552704,NoButton,Move,941.4296875,370.08984375
348.7786831855774,348.7786831855774,NoButton,Move,942.53515625,368.609375
348.786963224411,348.786963224411,NoButton,Move,943.640625,367.12890625
348.79536628723145,348.79536628723145,NoButton,Move,944.37890625,365.28125
348.8035502433777,348.8035502433777,NoButton,Move,945.484375,363.80078125
348.8117501735687,348.8117501735687,NoButton,Move,946.109375,362.859375
348.82010531425476,348.82010531425476,NoButton,Move,946.7890625,361.4921875
348.82819724082947,348.82819724082947,NoButton,Move,947.1015625,360.55078125
348.83593010902405,348.83593010902405,NoButton,Move,947.4140625,359.609375
348.84416007995605,348.84416007995605,NoButton,Move,947.7265625,358.66796875
348.8525393009186,348.8525393009186,NoButton,Move,948.01171875,358.09375
348.860648393631,348.860648393631,NoButton,Move,948.01171875,357.15234375
348.86908531188965,348.86908531188965,NoButton,Move,948.296875,356.578125
348.8773272037506,348.8773272037506,NoButton,Move,948.296875,356.00390625
348.8858003616333,348.8858003616333,NoButton,Move,948.296875,355.4296875
348.8937702178955,348.8937702178955,NoButton,Move,948.296875,354.85546875
348.90221428871155,348.90221428871155,NoButton,Move,948.296875,354.28125
348.9100852012634,348.9100852012634,NoButton,Move,948.58203125,353.70703125
348.91876220703125,348.91876220703125,NoButton,Move,948.89453125,352.765625
348.926655292511,348.926655292511,NoButton,Move,948.89453125,352.19140625
348.9358582496643,348.9358582496643,NoButton,Move,949.15234375,351.9296875
348.94320726394653,348.94320726394653,NoButton,Move,949.15234375,351.35546875
348.9518482685089,348.9518482685089,NoButton,Move,949.4375,350.78125
348.95967721939087,348.95967721939087,NoButton,Move,949.4375,350.51953125
348.967636346817,348.967636346817,NoButton,Move,949.6953125,350.2578125
348.9754023551941,348.9754023551941,NoButton,Move,949.6953125,349.99609375
348.9920952320099,348.9920952320099,NoButton,Move,949.6953125,349.75
349.01707911491394,349.01707911491394,NoButton,Move,949.6953125,349.5078125
349.07405829429626,349.07405829429626,NoButton,Move,949.6953125,349.26953125
349.1069061756134,349.1069061756134,NoButton,Move,949.6953125,349.03125
349.1476001739502,349.1476001739502,NoButton,Move,949.2109375,348.7890625
349.168829202652,349.168829202652,NoButton,Move,948.26953125,348.7890625
349.1689383983612,349.1689383983612,NoButton,Move,947.328125,348.7890625
349.1718714237213,349.1718714237213,NoButton,Move,945.48046875,348.7890625
349.18026638031006,349.18026638031006,NoButton,Move,943.6328125,348.7890625
349.1891703605652,349.1891703605652,NoButton,Move,941.25,348.7890625
349.1967873573303,349.1967873573303,NoButton,Move,935.34765625,350.93359375
349.206041097641,349.206041097641,NoButton,Move,929.703125,354.8828125
349.21308732032776,349.21308732032776,NoButton,Move,916.2890625,363.55859375
349.22367119789124,349.22367119789124,NoButton,Move,909.76953125,368.296875
349.22976207733154,349.22976207733154,NoButton,Move,897.14453125,377.76171875
349.245765209198,349.245765209198,NoButton,Move,884.0703125,389.19921875
349.2459361553192,349.2459361553192,NoButton,Move,860.4921875,411.703125
349.25369215011597,349.25369215011597,NoButton,Move,853.359375,418.83203125
349.26187229156494,349.26187229156494,NoButton,Move,840.6796875,433.19921875
349.2720992565155,349.2720992565155,NoButton,Move,827.57421875,448.921875
349.27836632728577,349.27836632728577,NoButton,Move,816.94921875,462.8125
349.2866952419281,349.2866952419281,NoButton,Move,805.95703125,478.02734375
349.29491424560547,349.29491424560547,NoButton,Move,797.5859375,490.19921875
349.30578207969666,349.30578207969666,NoButton,Move,788.90625,503.609375
349.3112111091614,349.3112111091614,NoButton,Move,781.578125,515.328125
349.3197093009949,349.3197093009949,NoButton,Move,774.98046875,527.046875
349.3275692462921,349.3275692462921,NoButton,Move,769.34375,538.31640625
349.33576226234436,349.33576226234436,NoButton,Move,762.74609375,550.03515625
350.20573830604553,350.20573830604553,NoButton,Move,767.97265625,545.99609375
350.2119572162628,350.2119572162628,NoButton,Move,777.49609375,536.46875
350.2200770378113,350.2200770378113,NoButton,Move,787.01953125,526.94140625
350.2282361984253,350.2282361984253,NoButton,Move,801.38671875,515.10546875
350.2441921234131,350.2441921234131,NoButton,Move,816.234375,501.12890625
350.24428725242615,350.24428725242615,NoButton,Move,832.97265625,484.38671875
350.2523100376129,350.2523100376129,NoButton,Move,852.703125,465.640625
350.26053619384766,350.26053619384766,NoButton,Move,891.4921875,424.078125
350.2717082500458,350.2717082500458,NoButton,Move,934.765625,379.359375
350.2771100997925,350.2771100997925,NoButton,Move,983.42578125,327.65625
350.2852420806885,350.2852420806885,NoButton,Move,1031.2890625,279.7890625
350.29350233078003,350.29350233078003,NoButton,Move,1079.15234375,231.921875
350.30186438560486,350.30186438560486,NoButton,Move,1097.359375,214.671875
350.31000804901123,350.31000804901123,NoButton,Move,1135.875,178.80859375
350.3188683986664,350.3188683986664,NoButton,Move,1165.5078125,150.35546875
350.32695603370667,350.32695603370667,NoButton,Move,1176.15625,140.46484375
350.33493518829346,350.33493518829346,NoButton,Move,1198.0625,119.59765625
350.35925221443176,350.35925221443176,NoButton,Move,1214.29296875,104.265625
350.3593053817749,350.3593053817749,NoButton,Move,1219.37109375,99.18359375
350.359393119812,350.359393119812,NoButton,Move,1230.01953125,89.29296875
350.36691212654114,350.36691212654114,NoButton,Move,1232.140625,86.7421875
350.3749523162842,350.3749523162842,NoButton,Move,1238.0625,81.41015625
350.3833532333374,350.3833532333374,NoButton,Move,1242.12890625,78.35546875
350.3913552761078,350.3913552761078,NoButton,Move,1245.296875,76.08984375
350.3996720314026,350.3996720314026,NoButton,Move,1247.140625,75.34765625
350.4081599712372,350.4081599712372,NoButton,Move,1248.984375,74.9765625
350.4161581993103,350.4161581993103,NoButton,Move,1250.34765625,74.9765625
350.42436814308167,350.42436814308167,NoButton,Move,1251.7109375,74.9765625
350.43284034729004,350.43284034729004,NoButton,Move,1252.6484375,74.9765625
350.4410471916199,350.4410471916199,NoButton,Move,1253.38671875,76.8203125
350.4491882324219,350.4491882324219,NoButton,Move,1254.1796875,79.19921875
350.462206363678,350.462206363678,NoButton,Move,1254.97265625,81.578125
350.4668242931366,350.4668242931366,NoButton,Move,1255.421875,85.19921875
350.4741322994232,350.4741322994232,NoButton,Move,1255.84375,88.171875
350.4825551509857,350.4825551509857,NoButton,Move,1255.84375,92.49609375
350.4904613494873,350.4904613494873,NoButton,Move,1255.84375,96.8203125
350.49914717674255,350.49914717674255,NoButton,Move,1255.84375,105.50390625
350.50610303878784,350.50610303878784,NoButton,Move,1252.2890625,112.609375
350.51434326171875,350.51434326171875,NoButton,Move,1243.30078125,127.31640625
350.5225021839142,350.5225021839142,NoButton,Move,1233.83203125,139.9375
350.53071308135986,350.53071308135986,NoButton,Move,1221.99609375,155.15234375
350.53895115852356,350.53895115852356,NoButton,Move,1205.703125,174.31640625
350.5469892024994,350.5469892024994,NoButton,Move,1186.41796875,195.62890625
350.5551161766052,350.5551161766052,NoButton,Move,1167.671875,215.359375
350.56336522102356,350.56336522102356,NoButton,Move,1146.8046875,237.265625
350.57152223587036,350.57152223587036,NoButton,Move,1137.64453125,245.71875
350.5797743797302,350.5797743797302,NoButton,Move,1119.97265625,261.52734375
350.58785033226013,350.58785033226013,NoButton,Move,1104.24609375,274.62890625
350.59638023376465,350.59638023376465,NoButton,Move,1090.3515625,285.25
350.6043481826782,350.6043481826782,NoButton,Move,1078.62890625,292.57421875
350.61274909973145,350.61274909973145,NoButton,Move,1065.6953125,299.41796875
350.6217861175537,350.6217861175537,NoButton,Move,1054.421875,305.05078125
350.62911319732666,350.62911319732666,NoButton,Move,1041.96484375,310.17578125
350.6372652053833,350.6372652053833,NoButton,Move,1031.81640625,314.91015625
350.6453104019165,350.6453104019165,NoButton,Move,1025.9140625,316.515625
350.65482807159424,350.65482807159424,NoButton,Move,1016.8359375,320.40234375
350.66172909736633,350.66172909736633,NoButton,Move,1007.7578125,324.2890625
350.67000222206116,350.67000222206116,NoButton,Move,1000.0546875,327.25
350.6782183647156,350.6782183647156,NoButton,Move,993.84375,330.0703125
350.68629932403564,350.68629932403564,NoButton,Move,991.4609375,330.86328125
350.6945471763611,350.6945471763611,NoButton,Move,987.1328125,332.78515625
350.70279908180237,350.70279908180237,NoButton,Move,983.5078125,334.140625
350.7109303474426,350.7109303474426,NoButton,Move,980.53125,334.98828125
350.7190101146698,350.7190101146698,NoButton,Move,977.5546875,335.8359375
350.7271213531494,350.7271213531494,NoButton,Move,975.171875,336.23046875
350.73540019989014,350.73540019989014,NoButton,Move,973.32421875,336.59765625
350.7437250614166,350.7437250614166,NoButton,Move,970.94140625,336.9921875
350.7518632411957,350.7518632411957,NoButton,Move,969.09375,336.9921875
350.76072812080383,350.76072812080383,NoButton,Move,967.24609375,336.9921875
350.7689411640167,350.7689411640167,NoButton,Move,965.3984375,336.9921875
350.7769820690155,350.7769820690155,NoButton,Move,963.015625,336.9921875
350.78557229042053,350.78557229042053,NoButton,Move,961.16796875,336.9921875
350.7936501502991,350.7936501502991,NoButton,Move,959.3203125,336.9921875
350.8017053604126,350.8017053604126,NoButton,Move,956.9375,336.9921875
350.8102431297302,350.8102431297302,NoButton,Move,955.08984375,336.9921875
350.81722021102905,350.81722021102905,NoButton,Move,952.70703125,336.9921875
350.82592725753784,350.82592725753784,NoButton,Move,949.08203125,336.9921875
350.83442521095276,350.83442521095276,NoButton,Move,946.7109375,336.9921875
350.84218525886536,350.84218525886536,NoButton,Move,944.328125,336.9921875
350.8509593009949,350.8509593009949,NoButton,Move,941.9453125,336.9921875
350.85884618759155,350.85884618759155,NoButton,Move,938.96875,337.83984375
350.8670382499695,350.8670382499695,NoButton,Move,935.796875,340.1015625
350.8746874332428,350.8746874332428,NoButton,Move,932.4296875,343.46484375
350.8832633495331,350.8832633495331,NoButton,Move,926.22265625,349.66796875
350.8912172317505,350.8912172317505,NoButton,Move,921.70703125,355.30859375
350.8996202945709,350.8996202945709,NoButton,Move,917.5625,361.81640625
351.62075901031494,351.62075901031494,NoButton,Move,917.328125,361.81640625
351.62758016586304,351.62758016586304,NoButton,Move,913.703125,361.81640625
351.6357853412628,351.6357853412628,NoButton,Move,906.9296875,364.0703125
351.64399313926697,351.64399313926697,NoButton,Move,891.1484375,368.80078125
351.6542401313782,351.6542401313782,NoButton,Move,864.5078125,374.71875
351.6604993343353,351.6604993343353,NoButton,Move,828.39453125,381.48828125
351.6695201396942,351.6695201396942,NoButton,Move,808.30078125,383.234375
351.6769871711731,351.6769871711731,NoButton,Move,735.70703125,389.41015625
351.68523812294006,351.68523812294006,NoButton,Move,714.0625,390.30859375
351.69340419769287,351.69340419769287,NoButton,Move,671.58203125,391.51953125
351.7015542984009,351.7015542984009,NoButton,Move,631.2734375,391.51953125
351.7099173069,351.7099173069,NoButton,Move,595.25390625,392.64453125
351.71818804740906,351.71818804740906,NoButton,Move,580.796875,392.64453125
351.72623324394226,351.72623324394226,NoButton,Move,552.375,393.65625
351.73443722724915,351.73443722724915,NoButton,Move,527.45703125,393.65625
351.7425422668457,351.7425422668457,NoButton,Move,507.36328125,394.52734375
351.7507152557373,351.7507152557373,NoButton,Move,487.26953125,395.3984375
351.76008009910583,351.76008009910583,NoButton,Move,471.48828125,396.18359375
351.7671911716461,351.7671911716461,NoButton,Move,458.296875,397.6484375
351.77533411979675,351.77533411979675,NoButton,Move,452.39453125,398.71875
351.783465385437,351.783465385437,NoButton,Move,432.30078125,401.3359375
351.7916672229767,351.7916672229767,NoButton,Move,427.97265625,402.77734375
351.79990911483765,351.79990911483765,NoButton,Move,419.28515625,405.2578125
351.8081452846527,351.8081452846527,NoButton,Move,411.58203125,407.625
351.8162302970886,351.8162302970886,NoButton,Move,404.80859375,409.87890625
351.8248691558838,351.8248691558838,NoButton,Move,398.59765625,412.69921875
351.8325901031494,351.8325901031494,NoButton,Move,387.32421875,417.62890625
351.84106707572937,351.84106707572937,NoButton,Move,380.21484375,421.1796875
351.8489661216736,351.8489661216736,NoButton,Move,373.10546875,425.32421875
351.8573741912842,351.8573741912842,NoButton,Move,365.0390625,429.6640625
351.86536598205566,351.86536598205566,NoButton,Move,360.96875,432.71484375
351.8736340999603,351.8736340999603,NoButton,Move,354.44921875,436.859375
351.88168501853943,351.88168501853943,NoButton,Move,349.08203125,440.07421875
351.8899803161621,351.8899803161621,NoButton,Move,346.53125,441.7734375
351.8981511592865,351.8981511592865,NoButton,Move,342.68359375,444.17578125
351.9063301086426,351.9063301086426,NoButton,Move,339.51171875,446.4375
351.9144961833954,351.9144961833954,NoButton,Move,337.12890625,447.625
351.9226002693176,351.9226002693176,NoButton,Move,335.6484375,449.1015625
351.93087220191956,351.93087220191956,NoButton,Move,334.28125,449.78125
351.93919920921326,351.93919920921326,NoButton,Move,333.70703125,450.3515625
351.9472723007202,351.9472723007202,NoButton,Move,333.390625,451.2890625
351.95549416542053,351.95549416542053,NoButton,Move,333.390625,451.859375
351.96362924575806,351.96362924575806,NoButton,Move,333.390625,452.796875
351.97197127342224,351.97197127342224,NoButton,Move,333.390625,453.3671875
351.98002219200134,351.98002219200134,NoButton,Move,334.015625,454.3046875
351.98816108703613,351.98816108703613,NoButton,Move,336.5625,456.00390625
351.99637508392334,351.99637508392334,NoButton,Move,341.92578125,458.68359375
352.0045301914215,352.0045301914215,NoButton,Move,347.0078125,460.71484375
352.01270604133606,352.01270604133606,NoButton,Move,354.70703125,463.67578125
352.0219781398773,352.0219781398773,NoButton,Move,363.390625,466.77734375
352.0296733379364,352.0296733379364,NoButton,Move,373.11328125,469.3671875
352.0379173755646,352.0379173755646,NoButton,Move,382.8359375,471.95703125
352.04585123062134,352.04585123062134,NoButton,Move,387.91796875,473.48046875
352.0542871952057,352.0542871952057,NoButton,Move,396.6015625,475.33984375
352.0618782043457,352.0618782043457,NoButton,Move,405.28515625,477.19921875
352.0700252056122,352.0700252056122,NoButton,Move,412.984375,478.3828125
352.0782332420349,352.0782332420349,NoButton,Move,415.95703125,478.8046875
352.0865731239319,352.0865731239319,NoButton,Move,421.0390625,479.3125
352.0945601463318,352.0945601463318,NoButton,Move,424.66015625,479.76171875
352.1128749847412,352.1128749847412,NoButton,Move,427.0390625,479.76171875
352.1129791736603,352.1129791736603,NoButton,Move,428.40234375,479.76171875
352.1191883087158,352.1191883087158,NoButton,Move,429.765625,479.76171875
352.12733221054077,352.12733221054077,NoButton,Move,430.3359375,479.76171875
352.1603922843933,352.1603922843933,Left,Pressed,430.3359375,479.76171875
352.1721873283386,352.1721873283386,NoButton,Move,430.6015625,479.76171875
352.2434432506561,352.2434432506561,Left,Released,430.6015625,479.76171875
352.75861620903015,352.75861620903015,NoButton,Move,430.83203125,479.76171875
352.76626920700073,352.76626920700073,NoButton,Move,435.9140625,479.25
352.7745940685272,352.7745940685272,NoButton,Move,443.5859375,477.4765625
352.7827961444855,352.7827961444855,NoButton,Move,454.40625,476.12109375
352.79089426994324,352.79089426994324,NoButton,Move,466.3828125,474.00390625
352.7991843223572,352.7991843223572,NoButton,Move,482.16015625,472.42578125
352.8073101043701,352.8073101043701,NoButton,Move,514.30859375,471.3515625
352.8155541419983,352.8155541419983,NoButton,Move,559.03515625,471.3515625
352.8235342502594,352.8235342502594,NoButton,Move,610.83203125,475.3359375
352.8319354057312,352.8319354057312,NoButton,Move,671.4140625,489.7578125
352.8400511741638,352.8400511741638,NoButton,Move,733.140625,510.33203125
352.84808325767517,352.84808325767517,NoButton,Move,793.3984375,535.31640625
352.85605335235596,352.85605335235596,NoButton,Move,819.78515625,546.48046875
352.8644642829895,352.8644642829895,NoButton,Move,839.62109375,555.49609375
352.8727822303772,352.8727822303772,NoButton,Move,853.3125,561.58203125
352.881135225296,352.881135225296,NoButton,Move,881.48046875,574.1015625
356.14636731147766,356.14636731147766,NoButton,Move,882.6328125,574.5625
356.1544260978699,356.1544260978699,NoButton,Move,884.75390625,577.109375
356.16262221336365,356.16262221336365,NoButton,Move,886.875,579.23046875
356.17078828811646,356.17078828811646,NoButton,Move,888.57421875,581.77734375
356.17906522750854,356.17906522750854,NoButton,Move,890.2734375,584.32421875
356.1871862411499,356.1871862411499,NoButton,Move,892.39453125,586.87109375
356.1954140663147,356.1954140663147,NoButton,Move,894.203125,590.0390625
356.2035472393036,356.2035472393036,NoButton,Move,896.7421875,594.61328125
356.21170830726624,356.21170830726624,NoButton,Move,899.421875,599.9765625
356.2198932170868,356.2198932170868,NoButton,Move,901.453125,605.05859375
356.2280912399292,356.2280912399292,NoButton,Move,903.59765625,610.95703125
356.23635816574097,356.23635816574097,NoButton,Move,905.203125,616.85546875
356.2444841861725,356.2444841861725,NoButton,Move,905.73828125,622.75390625
356.252836227417,356.252836227417,NoButton,Move,906.328125,630.453125
356.2609453201294,356.2609453201294,NoButton,Move,907.03125,642.4296875
356.269168138504,356.269168138504,NoButton,Move,907.03125,651.11328125
356.2773382663727,356.2773382663727,NoButton,Move,907.03125,659.796875
356.28537917137146,356.28537917137146,NoButton,Move,906.41015625,668.48046875
356.2937242984772,356.2937242984772,NoButton,Move,904.484375,672.8046875
356.30272102355957,356.30272102355957,NoButton,Move,901.37890625,681.48828125
356.3100552558899,356.3100552558899,NoButton,Move,896.05078125,695.1796875
356.31883430480957,356.31883430480957,NoButton,Move,891.0859375,702.62109375
356.3264021873474,356.3264021873474,NoButton,Move,888.6796875,706.46484375
356.33493518829346,356.33493518829346,NoButton,Move,883.9375,712.98046875
356.3430850505829,356.3430850505829,NoButton,Move,880.1796875,717.8046875
356.3513593673706,356.3513593673706,NoButton,Move,875.88671875,722.09375
356.3596510887146,356.3596510887146,NoButton,Move,871.81640625,725.14453125
356.36800718307495,356.36800718307495,NoButton,Move,867.96875,727.546875
356.376029253006,356.376029253006,NoButton,Move,863.640625,729.46875
356.38431429862976,356.38431429862976,NoButton,Move,859.3125,730.4296875
356.3920192718506,356.3920192718506,NoButton,Move,854.984375,730.91015625
356.4005241394043,356.4005241394043,NoButton,Move,849.90625,731.4140625
356.40869331359863,356.40869331359863,NoButton,Move,840.1796875,731.4140625
356.41680002212524,356.41680002212524,NoButton,Move,833.40625,731.4140625
356.42495822906494,356.42495822906494,NoButton,Move,829.78125,730.9609375
356.4334282875061,356.4334282875061,NoButton,Move,823.0078125,728.703125
356.44147205352783,356.44147205352783,NoButton,Move,809.81640625,725.0390625
356.4498631954193,356.4498631954193,NoButton,Move,806.19140625,723.2265625
358.61393117904663,358.61393117904663,NoButton,Move,807.34375,723.2265625
358.6219460964203,358.6219460964203,NoButton,Move,809.1875,723.59375
358.6300642490387,358.6300642490387,NoButton,Move,813.03125,725.99609375
358.6383662223816,358.6383662223816,NoButton,Move,818.39453125,729.2109375
358.6465473175049,358.6465473175049,NoButton,Move,824.03515625,733.16015625
358.6547441482544,358.6547441482544,NoButton,Move,830.55078125,737.8984375
358.66304206848145,358.66304206848145,NoButton,Move,837.375,744.1015625
358.6714172363281,358.6714172363281,NoButton,Move,845.4921875,752.21875
358.6796143054962,358.6796143054962,NoButton,Move,853.609375,760.3359375
358.68787717819214,358.68787717819214,NoButton,Move,861.046875,768.453125
358.6960082054138,358.6960082054138,NoButton,Move,864.60546875,772.51953125
358.7052421569824,358.7052421569824,NoButton,Move,871.0859375,780.296875
358.71242809295654,358.71242809295654,NoButton,Move,876.66796875,787.12109375
358.7247202396393,358.7247202396393,NoButton,Move,881.1796875,792.76171875
358.7297930717468,358.7297930717468,NoButton,Move,885.12890625,798.40234375
358.7394151687622,358.7394151687622,NoButton,Move,886.71484375,800.38671875
358.7454903125763,358.7454903125763,NoButton,Move,889.765625,804.453125
358.75449419021606,358.75449419021606,NoButton,Move,891.88671875,807.0
358.76168513298035,358.76168513298035,NoButton,Move,893.5859375,809.546875
358.7706880569458,358.7706880569458,NoButton,Move,895.0625,811.0234375
358.7776412963867,358.7776412963867,NoButton,Move,895.7421875,812.38671875
358.78692507743835,358.78692507743835,NoButton,Move,896.3125,812.95703125
358.7947630882263,358.7947630882263,NoButton,Move,896.59765625,813.52734375
358.80266642570496,358.80266642570496,NoButton,Move,896.85546875,813.78515625
358.8106973171234,358.8106973171234,NoButton,Move,897.11328125,814.04296875
358.8188211917877,358.8188211917877,NoButton,Move,897.37109375,814.30078125
358.82722425460815,358.82722425460815,NoButton,Move,897.62890625,814.55859375
358.8352732658386,358.8352732658386,NoButton,Move,897.62890625,814.81640625
358.8682632446289,358.8682632446289,NoButton,Move,896.87109375,814.81640625
358.87664103507996,358.87664103507996,NoButton,Move,895.50390625,814.81640625
358.88484716415405,358.88484716415405,NoButton,Move,894.13671875,814.47265625
358.8928382396698,358.8928382396698,NoButton,Move,891.75390625,813.28125
361.4329710006714,361.4329710006714,NoButton,Move,892.4453125,813.28125
361.4397482872009,361.4397482872009,NoButton,Move,894.2890625,813.28125
361.44861912727356,361.44861912727356,NoButton,Move,896.1328125,813.28125
361.4562680721283,361.4562680721283,NoButton,Move,898.51171875,813.28125
361.4641511440277,361.4641511440277,NoButton,Move,903.59375,812.76953125
361.47322630882263,361.47322630882263,NoButton,Move,910.69921875,809.21484375
361.48109126091003,361.48109126091003,NoButton,Move,919.125,804.02734375
361.48876214027405,361.48876214027405,NoButton,Move,928.28125,796.2734375
361.4968981742859,361.4968981742859,NoButton,Move,938.53515625,787.48046875
361.50508213043213,361.50508213043213,NoButton,Move,949.578125,775.64453125
361.51319336891174,361.51319336891174,NoButton,Move,959.46484375,764.23046875
361.5205352306366,361.5205352306366,NoButton,Move,976.71875,740.8828125
361.5301413536072,361.5301413536072,NoButton,Move,985.453125,722.53515625
361.53754806518555,361.53754806518555,NoButton,Move,989.33984375,713.45703125
361.54633116722107,361.54633116722107,NoButton,Move,1002.87890625,679.59765625
361.5546762943268,361.5546762943268,NoButton,Move,1008.1171875,659.50390625
361.5619652271271,361.5619652271271,NoButton,Move,1012.765625,636.25
361.58387303352356,361.58387303352356,NoButton,Move,1015.46875,614.60546875
361.58390522003174,361.58390522003174,NoButton,Move,1016.171875,602.625
361.5859591960907,361.5859591960907,NoButton,Move,1017.91796875,582.53125
361.5941421985626,361.5941421985626,NoButton,Move,1018.7890625,562.4375
361.60490703582764,361.60490703582764,NoButton,Move,1018.7890625,545.27734375
361.61045718193054,361.61045718193054,NoButton,Move,1018.7890625,529.49609375
361.62035727500916,361.62035727500916,NoButton,Move,1018.7890625,522.72265625
361.62705302238464,361.62705302238464,NoButton,Move,1018.7890625,510.7421875
361.6373863220215,361.6373863220215,NoButton,Move,1018.7890625,501.015625
361.6434621810913,361.6434621810913,NoButton,Move,1018.7890625,492.328125
361.6517643928528,361.6517643928528,NoButton,Move,1018.7890625,485.5546875
361.6599133014679,361.6599133014679,NoButton,Move,1018.7890625,483.70703125
361.6682560443878,361.6682560443878,NoButton,Move,1017.82421875,479.37890625
361.6761531829834,361.6761531829834,NoButton,Move,1017.3984375,476.40234375
361.68433928489685,361.68433928489685,NoButton,Move,1016.6015625,474.01953125
362.39104104042053,362.39104104042053,NoButton,Move,1016.83203125,474.01953125
362.39780616760254,362.39780616760254,NoButton,Move,1020.0,472.20703125
362.4099383354187,362.4099383354187,NoButton,Move,1024.82421875,468.44921875
362.41431617736816,362.41431617736816,NoButton,Move,1029.90234375,463.93359375
362.42416429519653,362.42416429519653,NoButton,Move,1034.98046875,459.41796875
362.4319272041321,362.4319272041321,NoButton,Move,1039.8046875,455.66015625
362.4408733844757,362.4408733844757,NoButton,Move,1043.36328125,451.58984375
362.4472472667694,362.4472472667694,NoButton,Move,1047.65234375,447.296875
362.45646834373474,362.45646834373474,NoButton,Move,1050.703125,443.2265625
362.46242928504944,362.46242928504944,NoButton,Move,1053.10546875,439.37890625
362.4729552268982,362.4729552268982,NoButton,Move,1062.5703125,426.75390625
362.4789550304413,362.4789550304413,NoButton,Move,1067.10546875,417.67578125
362.4906442165375,362.4906442165375,NoButton,Move,1071.1640625,407.52734375
362.495637178421,362.495637178421,NoButton,Move,1074.40234375,397.80078125
362.50400614738464,362.50400614738464,NoButton,Move,1077.21875,385.8203125
362.5118451118469,362.5118451118469,NoButton,Move,1080.26171875,371.36328125
362.52220916748047,362.52220916748047,NoButton,Move,1082.54296875,356.90625
362.52890706062317,362.52890706062317,NoButton,Move,1084.17578125,339.74609375
362.5364873409271,362.5364873409271,NoButton,Move,1086.203125,311.32421875
362.5457081794739,362.5457081794739,NoButton,Move,1086.84765625,301.59765625
362.55302810668945,362.55302810668945,NoButton,Move,1086.84765625,284.4375
362.5617341995239,362.5617341995239,NoButton,Move,1086.84765625,267.27734375
362.5694842338562,362.5694842338562,NoButton,Move,1086.84765625,250.1171875
362.57836532592773,362.57836532592773,NoButton,Move,1086.84765625,235.66015625
362.59137201309204,362.59137201309204,NoButton,Move,1086.28125,228.88671875
362.5942862033844,362.5942862033844,NoButton,Move,1084.87109375,216.90625
362.602664232254,362.602664232254,NoButton,Move,1082.92578125,207.1796875
362.6102683544159,362.6102683544159,NoButton,Move,1081.68359375,198.4921875
362.61731815338135,362.61731815338135,NoButton,Move,1079.90625,190.7890625
362.6261212825775,362.6261212825775,NoButton,Move,1077.7578125,184.88671875
362.6344041824341,362.6344041824341,NoButton,Move,1077.015625,183.0390625
362.6420452594757,362.6420452594757,NoButton,Move,1075.203125,179.4140625
362.82244300842285,362.82244300842285,NoButton,Move,1075.66796875,179.4140625
362.8306710720062,362.8306710720062,NoButton,Move,1079.9921875,179.4140625
362.83886528015137,362.83886528015137,NoButton,Move,1085.07421875,177.37890625
362.8470022678375,362.8470022678375,NoButton,Move,1090.4375,174.6953125
362.8552622795105,362.8552622795105,NoButton,Move,1096.078125,170.7421875
362.8635022640228,362.8635022640228,NoButton,Move,1102.59375,166.59375
362.87139320373535,362.87139320373535,NoButton,Move,1109.109375,161.8515625
362.8799149990082,362.8799149990082,NoButton,Move,1130.8125,146.0625
362.88729214668274,362.88729214668274,NoButton,Move,1146.02734375,134.2265625
362.8956642150879,362.8956642150879,NoButton,Move,1153.15625,127.09375
362.9035813808441,362.9035813808441,NoButton,Move,1166.2265625,114.8359375
362.912171125412,362.912171125412,NoButton,Move,1179.75,101.30859375
362.92127108573914,362.92127108573914,NoButton,Move,1191.58203125,90.26171875
362.9284710884094,362.9284710884094,NoButton,Move,1202.23046875,79.609375
362.93836736679077,362.93836736679077,NoButton,Move,1206.7421875,74.52734375
362.9448912143707,362.9448912143707,NoButton,Move,1214.859375,67.0859375
362.9541652202606,362.9541652202606,NoButton,Move,1221.0625,60.2578125
362.96111512184143,362.96111512184143,NoButton,Move,1223.18359375,58.1328125
362.97014021873474,362.97014021873474,NoButton,Move,1227.47265625,53.83984375
362.9776723384857,362.9776723384857,NoButton,Move,1230.35546875,50.47265625
362.9888801574707,362.9888801574707,NoButton,Move,1232.4765625,48.34765625
362.9941532611847,362.9941532611847,NoButton,Move,1233.953125,46.8671875
363.0050401687622,363.0050401687622,NoButton,Move,1234.9765625,45.83984375
363.0106213092804,363.0106213092804,NoButton,Move,1235.6015625,44.8984375
363.02158308029175,363.02158308029175,NoButton,Move,1235.859375,44.63671875
363.02710223197937,363.02710223197937,NoButton,Move,1236.1171875,44.375
363.0353021621704,363.0353021621704,NoButton,Move,1236.375,44.11328125
363.0516381263733,363.0516381263733,NoButton,Move,1236.375,43.8671875
363.0763282775879,363.0763282775879,NoButton,Move,1236.375,43.625
363.09257316589355,363.09257316589355,NoButton,Move,1236.375,43.37890625
363.1007971763611,363.1007971763611,NoButton,Move,1236.375,42.8046875
363.1170554161072,363.1170554161072,NoButton,Move,1236.375,42.28515625
363.15584421157837,363.15584421157837,Left,Pressed,1236.375,42.28515625
363.15586733818054,363.15586733818054,NoButton,Move,1236.375,42.1640625
363.2898690700531,363.2898690700531,Left,Released,1236.375,42.1640625
363.7718062400818,363.7718062400818,NoButton,Move,1236.375,43.32421875
363.78004240989685,363.78004240989685,NoButton,Move,1236.375,45.16796875
363.7880640029907,363.7880640029907,NoButton,Move,1235.9765625,47.546875
363.7964012622833,363.7964012622833,NoButton,Move,1234.28125,54.31640625
363.8051152229309,363.8051152229309,NoButton,Move,1232.0234375,61.0859375
363.8129012584686,363.8129012584686,NoButton,Move,1229.05859375,68.78515625
363.82122111320496,363.82122111320496,NoButton,Move,1223.421875,79.3515625
363.82930302619934,363.82930302619934,NoButton,Move,1212.9375,96.8203125
363.83876299858093,363.83876299858093,NoButton,Move,1203.94921875,112.34375
363.8452892303467,363.8452892303467,NoButton,Move,1191.32421875,130.375
363.8537862300873,363.8537862300873,NoButton,Move,1177.37109375,149.90234375
363.86168122291565,363.86168122291565,NoButton,Move,1159.1015625,172.23046875
363.87055826187134,363.87055826187134,NoButton,Move,1138.73828125,197.94921875
363.87856936454773,363.87856936454773,NoButton,Move,1115.0390625,226.16015625
363.88792419433594,363.88792419433594,NoButton,Move,1068.66796875,275.51953125
363.8943552970886,363.8943552970886,NoButton,Move,1037.60546875,309.0625
363.9040083885193,363.9040083885193,NoButton,Move,1006.54296875,342.60546875
363.9108772277832,363.9108772277832,NoButton,Move,991.2109375,357.93359375
363.9207191467285,363.9207191467285,NoButton,Move,980.1640625,369.765625
363.92717003822327,363.92717003822327,NoButton,Move,972.41015625,378.921875
363.93756222724915,363.93756222724915,NoButton,Move,957.078125,395.15234375
363.9439170360565,363.9439170360565,NoButton,Move,945.63671875,408.22265625
363.9514832496643,363.9514832496643,NoButton,Move,938.1953125,416.33984375
363.9602131843567,363.9602131843567,NoButton,Move,936.0703125,418.88671875
363.96822023391724,363.96822023391724,NoButton,Move,931.5546875,423.96484375
363.97635197639465,363.97635197639465,NoButton,Move,928.5,428.03125
363.984726190567,363.984726190567,NoButton,Move,926.796875,430.578125
363.9933202266693,363.9933202266693,NoButton,Move,926.11328125,431.94140625
364.5438714027405,364.5438714027405,NoButton,Move,925.6484375,431.94140625
364.55056715011597,364.55056715011597,NoButton,Move,917.9453125,433.71484375
364.56118416786194,364.56118416786194,NoButton,Move,907.375,439.34765625
364.56665229797363,364.56665229797363,NoButton,Move,896.1015625,444.98046875
364.57499527931213,364.57499527931213,NoButton,Move,874.7109375,455.20703125
364.58289098739624,364.58289098739624,NoButton,Move,851.7109375,465.74609375
364.59100008010864,364.59100008010864,NoButton,Move,828.7109375,476.28515625
364.59928131103516,364.59928131103516,NoButton,Move,818.5625,480.34375
364.60726714134216,364.60726714134216,NoButton,Move,810.49609375,484.0625
364.61567997932434,364.61567997932434,NoButton,Move,796.80078125,490.1484375
364.62407422065735,364.62407422065735,NoButton,Move,792.47265625,491.58984375
364.63155031204224,364.63155031204224,NoButton,Move,784.76953125,494.55078125
364.6401710510254,364.6401710510254,NoButton,Move,779.68359375,496.58203125
364.6485171318054,364.6485171318054,NoButton,Move,776.0703125,497.484375
364.6570031642914,364.6570031642914,NoButton,Move,774.22265625,498.22265625
364.6646981239319,364.6646981239319,NoButton,Move,772.85546875,498.5625
364.6733832359314,364.6733832359314,NoButton,Move,771.9140625,498.5625
364.6808571815491,364.6808571815491,NoButton,Move,771.33984375,498.5625
364.69078612327576,364.69078612327576,NoButton,Move,770.765625,498.5625
364.69748711586,364.69748711586,NoButton,Move,770.19140625,498.5625
364.70727610588074,364.70727610588074,NoButton,Move,769.90234375,497.98828125
374.23685026168823,374.23685026168823,NoButton,Move,743.31640625,493.5546875
374.24250626564026,374.24250626564026,NoButton,Move,686.51171875,482.46875
374.25036811828613,374.25036811828613,NoButton,Move,653.5078125,472.56640625
374.2595372200012,374.2595372200012,NoButton,Move,616.484375,459.8359375
374.26652908325195,374.26652908325195,NoButton,Move,585.40234375,449.1171875
374.2747230529785,374.2747230529785,NoButton,Move,559.75,440.234375
374.2828402519226,374.2828402519226,NoButton,Move,539.0078125,432.1171875
374.2910101413727,374.2910101413727,NoButton,Move,524.8046875,425.015625
374.29941606521606,374.29941606521606,NoButton,Move,513.53125,419.37890625
374.3082103729248,374.3082103729248,NoButton,Move,504.05859375,413.96484375
374.316034078598,374.316034078598,NoButton,Move,484.21875,404.04296875
374.6033082008362,374.6033082008362,NoButton,Move,484.21875,403.578125
374.6111490726471,374.6111490726471,NoButton,Move,484.21875,399.25
374.6194770336151,374.6194770336151,NoButton,Move,484.21875,394.1640625
374.62735629081726,374.62735629081726,NoButton,Move,484.21875,389.078125
374.6360282897949,374.6360282897949,NoButton,Move,484.7265625,383.9921875
374.64329719543457,374.64329719543457,NoButton,Move,486.16796875,379.6640625
374.65156507492065,374.65156507492065,NoButton,Move,488.19921875,374.578125
374.6598222255707,374.6598222255707,NoButton,Move,490.34375,368.67578125
374.66810631752014,374.66810631752014,NoButton,Move,493.1640625,362.46484375
374.6765260696411,374.6765260696411,NoButton,Move,497.8984375,352.31640625
374.68461322784424,374.68461322784424,NoButton,Move,504.23828125,341.74609375
374.6929442882538,374.6929442882538,NoButton,Move,510.32421875,332.2734375
374.70078110694885,374.70078110694885,NoButton,Move,518.07421875,323.11328125
374.70922327041626,374.70922327041626,NoButton,Move,527.59765625,313.5859375
374.71804332733154,374.71804332733154,NoButton,Move,536.75390625,305.83203125
374.72545528411865,374.72545528411865,NoButton,Move,546.6171875,298.078125
374.7341182231903,374.7341182231903,NoButton,Move,557.18359375,291.734375
374.74217915534973,374.74217915534973,NoButton,Move,562.546875,289.05078125
374.7504053115845,374.7504053115845,NoButton,Move,570.609375,285.328125
374.75861120224,374.75861120224,NoButton,Move,578.671875,280.984375
374.7667691707611,374.7667691707611,NoButton,Move,581.64453125,280.1328125
374.7747950553894,374.7747950553894,NoButton,Move,587.0078125,277.44921875
374.78318214416504,374.78318214416504,NoButton,Move,590.62890625,276.08984375
374.79109239578247,374.79109239578247,NoButton,Move,593.0078125,274.8984375
374.79934000968933,374.79934000968933,NoButton,Move,594.37109375,274.5546875
374.8078672885895,374.8078672885895,NoButton,Move,595.30859375,274.23828125
374.8158850669861,374.8158850669861,NoButton,Move,595.56640625,273.9765625
374.824107170105,374.824107170105,NoButton,Move,595.56640625,273.71484375
374.8322491645813,374.8322491645813,NoButton,Move,595.56640625,273.453125
374.84088706970215,374.84088706970215,NoButton,Move,592.58984375,273.453125
374.84860730171204,374.84860730171204,NoButton,Move,587.50390625,272.94140625
374.85660910606384,374.85660910606384,NoButton,Move,580.73046875,272.94140625
374.86509227752686,374.86509227752686,NoButton,Move,572.04296875,272.3203125
374.8731961250305,374.8731961250305,NoButton,Move,561.21875,270.96484375
374.88145208358765,374.88145208358765,NoButton,Move,550.39453125,270.28515625
374.8897702693939,374.8897702693939,NoButton,Move,544.4921875,269.74609375
374.8985741138458,374.8985741138458,NoButton,Move,527.33203125,268.109375
374.905757188797,374.905757188797,NoButton,Move,522.24609375,267.59765625
374.91326117515564,374.91326117515564,NoButton,Move,512.51953125,266.94921875
374.9216010570526,374.9216010570526,NoButton,Move,504.81640625,266.35546875
374.9296061992645,374.9296061992645,NoButton,Move,501.19140625,265.90234375
374.9377920627594,374.9377920627594,NoButton,Move,496.10546875,265.90234375
374.9460391998291,374.9460391998291,NoButton,Move,491.77734375,265.41796875
374.9606292247772,374.9606292247772,NoButton,Move,489.39453125,265.41796875
374.96234011650085,374.96234011650085,NoButton,Move,487.546875,265.41796875
374.98888421058655,374.98888421058655,Left,Pressed,487.546875,265.41796875
375.00998520851135,375.00998520851135,NoButton,Move,486.93359375,265.41796875
375.0731110572815,375.0731110572815,Left,Released,486.93359375,265.41796875
375.5437731742859,375.5437731742859,NoButton,Move,488.09375,265.41796875
375.5517842769623,375.5517842769623,NoButton,Move,493.9921875,265.41796875
375.5599982738495,375.5599982738495,NoButton,Move,502.67578125,265.41796875
375.568088054657,375.568088054657,NoButton,Move,513.49609375,266.76953125
375.5765392780304,375.5765392780304,NoButton,Move,527.94921875,269.05078125
375.5849561691284,375.5849561691284,NoButton,Move,543.72265625,272.9921875
375.59315824508667,375.59315824508667,NoButton,Move,561.47265625,278.90625
375.6013560295105,375.6013560295105,NoButton,Move,602.74609375,292.2578125
375.60964727401733,375.60964727401733,NoButton,Move,654.30078125,312.609375
375.61794424057007,375.61794424057007,NoButton,Move,712.0,337.12890625
375.62601113319397,375.62601113319397,NoButton,Move,773.32421875,367.04296875
375.6349332332611,375.6349332332611,NoButton,Move,836.64453125,402.5625
375.6427083015442,375.6427083015442,NoButton,Move,894.9765625,436.96484375
375.65061020851135,375.65061020851135,NoButton,Move,917.66796875,451.76171875
375.6588521003723,375.6588521003723,NoButton,Move,965.15234375,480.25390625
377.00114130973816,377.00114130973816,NoButton,Move,965.15234375,480.71484375
377.0093250274658,377.0093250274658,NoButton,Move,965.15234375,484.3359375
378.45722699165344,378.45722699165344,NoButton,Move,965.15234375,484.796875
378.45739126205444,378.45739126205444,NoButton,Move,965.15234375,485.0546875
378.45844626426697,378.45844626426697,NoButton,Move,965.15234375,485.3125
378.4666311740875,378.4666311740875,NoButton,Move,965.15234375,485.5703125
378.4749433994293,378.4749433994293,NoButton,Move,965.15234375,485.828125
378.4831223487854,378.4831223487854,NoButton,Move,965.15234375,486.0859375
378.51604413986206,378.51604413986206,NoButton,Move,965.15234375,486.3203125
378.9780433177948,378.9780433177948,NoButton,Move,965.15234375,486.55078125
378.9785442352295,378.9785442352295,NoButton,Move,965.15234375,502.328125
379.35942816734314,379.35942816734314,NoButton,Move,965.86328125,506.13671875
379.3674921989441,379.3674921989441,NoButton,Move,972.37109375,528.45703125
381.83212327957153,381.83212327957153,NoButton,Move,972.37109375,529.1484375
381.8479402065277,381.8479402065277,NoButton,Move,972.37109375,530.0859375
381.8481442928314,381.8481442928314,NoButton,Move,972.68359375,531.0234375
381.85774517059326,381.85774517059326,NoButton,Move,972.99609375,531.9609375
386.1067943572998,386.1067943572998,NoButton,Move,972.99609375,533.34375
386.59911012649536,386.59911012649536,NoButton,Move,972.296875,533.34375
386.59921622276306,386.59921622276306,NoButton,Move,969.3203125,533.34375
386.60376715660095,386.60376715660095,NoButton,Move,963.41796875,533.34375
386.6117150783539,386.6117150783539,NoButton,Move,956.64453125,533.34375
386.61978912353516,386.61978912353516,NoButton,Move,947.95703125,533.34375
386.6281132698059,386.6281132698059,NoButton,Move,935.9765625,533.34375
386.6367280483246,386.6367280483246,NoButton,Move,921.51953125,533.34375
386.6445381641388,386.6445381641388,NoButton,Move,905.73828125,531.765625
386.6528351306915,386.6528351306915,NoButton,Move,889.95703125,529.3984375
386.6610713005066,386.6610713005066,NoButton,Move,872.796875,525.3125
386.6690022945404,386.6690022945404,NoButton,Move,855.63671875,521.2265625
386.67739701271057,386.67739701271057,NoButton,Move,838.4765625,517.140625
386.6854212284088,386.6854212284088,NoButton,Move,824.01953125,512.57421875
386.69392919540405,386.69392919540405,NoButton,Move,817.24609375,510.31640625
386.70199513435364,386.70199513435364,NoButton,Move,806.421875,506.93359375
386.71040511131287,386.71040511131287,NoButton,Move,802.796875,505.57421875
386.71828031539917,386.71828031539917,NoButton,Move,796.0234375,503.31640625
386.7266743183136,386.7266743183136,NoButton,Move,790.9375,501.7890625
386.7351143360138,386.7351143360138,NoButton,Move,787.9609375,500.51171875
386.74298906326294,386.74298906326294,NoButton,Move,786.11328125,499.76953125
386.7511692047119,386.7511692047119,NoButton,Move,785.171875,499.140625
386.75927233695984,386.75927233695984,NoButton,Move,784.59765625,498.8515625
386.7677912712097,386.7677912712097,NoButton,Move,784.0234375,498.5625
386.81722807884216,386.81722807884216,Left,Pressed,784.0234375,498.5625
386.8897752761841,386.8897752761841,Left,Released,784.0234375,498.5625
387.02219820022583,387.02219820022583,Left,Pressed,784.0234375,498.5625
387.1224522590637,387.1224522590637,Left,Released,784.0234375,498.5625
387.84766936302185,387.84766936302185,NoButton,Move,784.71484375,498.5625
387.8563861846924,387.8563861846924,NoButton,Move,786.55859375,498.5625
387.8640351295471,387.8640351295471,NoButton,Move,788.9375,498.1640625
387.87181520462036,387.87181520462036,NoButton,Move,792.55859375,498.1640625
387.8800492286682,387.8800492286682,NoButton,Move,796.1796875,497.7109375
387.8880522251129,387.8880522251129,NoButton,Move,800.50390625,497.7109375
387.8964412212372,387.8964412212372,NoButton,Move,804.828125,497.7109375
387.9049482345581,387.9049482345581,NoButton,Move,809.15234375,497.7109375
387.9127161502838,387.9127161502838,NoButton,Move,814.234375,498.21875
387.9213333129883,387.9213333129883,NoButton,Move,817.85546875,500.02734375
387.9296293258667,387.9296293258667,NoButton,Move,822.1796875,501.94921875
387.940443277359,387.940443277359,NoButton,Move,826.24609375,505.0
387.94563722610474,387.94563722610474,NoButton,Move,829.609375,507.8828125
387.9577510356903,387.9577510356903,NoButton,Move,832.32421875,510.59765625
387.9623022079468,387.9623022079468,NoButton,Move,834.1328125,514.21875
387.9726812839508,387.9726812839508,NoButton,Move,836.0546875,518.54296875
387.97866129875183,387.97866129875183,NoButton,Move,837.015625,522.8671875
387.9878520965576,387.9878520965576,NoButton,Move,837.5234375,527.94921875
387.99492025375366,387.99492025375366,NoButton,Move,837.5234375,533.84765625
388.0047883987427,388.0047883987427,NoButton,Move,837.5234375,543.5703125
388.0110421180725,388.0110421180725,NoButton,Move,836.39453125,550.33984375
388.02108430862427,388.02108430862427,NoButton,Move,832.83984375,557.4453125
388.0274569988251,388.0274569988251,NoButton,Move,830.296875,562.01953125
388.0371062755585,388.0371062755585,NoButton,Move,826.1484375,568.53515625
388.04399824142456,388.04399824142456,NoButton,Move,820.5625,575.359375
388.0521583557129,388.0521583557129,NoButton,Move,816.046875,581.0
388.06028008461,388.06028008461,NoButton,Move,810.96484375,585.51171875
388.08257937431335,388.08257937431335,NoButton,Move,806.89453125,589.0703125
388.0827043056488,388.0827043056488,NoButton,Move,805.046875,589.80859375
388.08778524398804,388.08778524398804,NoButton,Move,798.52734375,593.953125
388.67634201049805,388.67634201049805,NoButton,Move,798.52734375,594.18359375
388.6836562156677,388.6836562156677,NoButton,Move,798.52734375,594.75390625
391.13243436813354,391.13243436813354,NoButton,Move,798.98828125,594.75390625
391.1395351886749,391.1395351886749,NoButton,Move,801.3671875,593.95703125
391.147664308548,391.147664308548,NoButton,Move,804.53515625,591.69140625
391.1556673049927,391.1556673049927,NoButton,Move,807.703125,589.87890625
391.1646511554718,391.1646511554718,NoButton,Move,812.27734375,586.82421875
391.1814591884613,391.1814591884613,NoButton,Move,816.8515625,583.76953125
391.18150806427,391.18150806427,NoButton,Move,825.64453125,577.00390625
391.18776535987854,391.18776535987854,NoButton,Move,835.5078125,569.25
391.19612216949463,391.19612216949463,NoButton,Move,845.76171875,560.45703125
391.20469522476196,391.20469522476196,NoButton,Move,855.625,552.703125
391.21332812309265,391.21332812309265,NoButton,Move,867.03515625,543.5703125
391.22198128700256,391.22198128700256,NoButton,Move,878.0234375,535.5078125
391.230553150177,391.230553150177,NoButton,Move,887.88671875,528.4609375
391.238646030426,391.238646030426,NoButton,Move,893.25,525.2421875
391.2456362247467,391.2456362247467,NoButton,Move,901.67578125,519.40625
391.2542142868042,391.2542142868042,NoButton,Move,908.78125,515.2578125
391.2622621059418,391.2622621059418,NoButton,Move,915.296875,511.109375
391.2724871635437,391.2724871635437,NoButton,Move,920.66015625,508.42578125
391.2776081562042,391.2776081562042,NoButton,Move,923.0390625,507.62890625
391.28551506996155,391.28551506996155,NoButton,Move,926.66015625,505.81640625
391.2938151359558,391.2938151359558,NoButton,Move,929.6328125,504.5390625
391.3020370006561,391.3020370006561,NoButton,Move,932.01171875,503.34765625
391.31072306632996,391.31072306632996,NoButton,Move,933.85546875,502.9765625
391.3186972141266,391.3186972141266,NoButton,Move,935.21875,502.6328125
391.32800221443176,391.32800221443176,NoButton,Move,936.15625,502.31640625
391.3351900577545,391.3351900577545,NoButton,Move,936.7265625,502.02734375
391.35556507110596,391.35556507110596,Left,Pressed,936.7265625,502.02734375
391.3719131946564,391.3719131946564,NoButton,Move,936.84765625,502.02734375
391.4887421131134,391.4887421131134,Left,Released,936.84765625,502.02734375
392.1381182670593,392.1381182670593,NoButton,Move,935.91796875,502.02734375
392.14593625068665,392.14593625068665,NoButton,Move,932.29296875,502.9296875
392.15410828590393,392.15410828590393,NoButton,Move,927.20703125,504.9609375
392.1634602546692,392.1634602546692,NoButton,Move,912.21484375,511.26953125
392.1710822582245,392.1710822582245,NoButton,Move,895.87109375,517.8046875
392.1790382862091,392.1790382862091,NoButton,Move,873.546875,526.171875
392.1874930858612,392.1874930858612,NoButton,Move,846.140625,535.3046875
392.1954503059387,392.1954503059387,NoButton,Move,816.92578125,545.734375
392.20286321640015,392.20286321640015,NoButton,Move,783.921875,556.734375
392.2107660770416,392.2107660770416,NoButton,Move,750.91796875,566.6328125
392.2190172672272,392.2190172672272,NoButton,Move,717.9140625,575.4296875
392.2271912097931,392.2271912097931,NoButton,Move,704.72265625,579.08984375
392.2354030609131,392.2354030609131,NoButton,Move,679.8046875,585.796875
392.2434890270233,392.2434890270233,NoButton,Move,671.1171875,587.65625
392.2518563270569,392.2518563270569,NoButton,Move,655.3359375,592.38671875
392.2602233886719,392.2602233886719,NoButton,Move,642.14453125,595.31640625
392.2689893245697,392.2689893245697,NoButton,Move,638.51953125,596.21875
392.2770323753357,392.2770323753357,NoButton,Move,630.81640625,598.5859375
392.2852153778076,392.2852153778076,NoButton,Move,624.9140625,600.19140625
392.2934310436249,392.2934310436249,NoButton,Move,621.2890625,601.546875
392.30162930488586,392.30162930488586,NoButton,Move,618.3125,602.8203125
392.310818195343,392.310818195343,NoButton,Move,615.9296875,603.61328125
392.31873631477356,392.31873631477356,NoButton,Move,614.5625,604.29296875
392.32658410072327,392.32658410072327,NoButton,Move,613.08203125,605.3984375
392.3346722126007,392.3346722126007,NoButton,Move,612.5078125,605.96875
392.3434052467346,392.3434052467346,NoButton,Move,611.93359375,606.5390625
392.3510482311249,392.3510482311249,NoButton,Move,611.359375,607.109375
392.35957312583923,392.35957312583923,NoButton,Move,611.09765625,607.3671875
392.3673872947693,392.3673872947693,NoButton,Move,611.09765625,607.625
392.376492023468,392.376492023468,NoButton,Move,610.8359375,607.625
392.40955114364624,392.40955114364624,NoButton,Move,610.8359375,606.8671875
392.41555404663086,392.41555404663086,NoButton,Move,610.8359375,605.92578125
392.42518520355225,392.42518520355225,NoButton,Move,610.8359375,605.3515625
392.4327611923218,392.4327611923218,NoButton,Move,610.8359375,605.08984375
392.44063997268677,392.44063997268677,NoButton,Move,611.7734375,604.7734375
392.44925117492676,392.44925117492676,NoButton,Move,613.13671875,604.4296875
392.45716309547424,392.45716309547424,NoButton,Move,615.515625,604.4296875
392.46635818481445,392.46635818481445,NoButton,Move,620.59765625,604.4296875
392.4743871688843,392.4743871688843,NoButton,Move,626.49609375,602.8203125
392.482515335083,392.482515335083,NoButton,Move,635.1796875,599.71484375
394.0591871738434,394.0591871738434,Left,Pressed,635.1796875,599.71484375
394.14047408103943,394.14047408103943,NoButton,Move,635.6171875,599.71484375
394.1563503742218,394.1563503742218,NoButton,Move,637.5625,599.71484375
394.15657234191895,394.15657234191895,Left,Released,637.5625,599.71484375
394.156613111496,394.156613111496,NoButton,Move,640.6328125,599.71484375
394.1566410064697,394.1566410064697,NoButton,Move,647.40234375,599.71484375
394.15939140319824,394.15939140319824,NoButton,Move,655.1015625,599.71484375
394.16761231422424,394.16761231422424,NoButton,Move,658.72265625,599.71484375
394.17632007598877,394.17632007598877,NoButton,Move,666.421875,599.71484375
394.1840891838074,394.1840891838074,NoButton,Move,673.19140625,599.71484375
394.1923451423645,394.1923451423645,NoButton,Move,678.2734375,599.71484375
394.2004363536835,394.2004363536835,NoButton,Move,683.35546875,599.71484375
394.20844316482544,394.20844316482544,NoButton,Move,686.9765625,599.71484375
394.2168493270874,394.2168493270874,NoButton,Move,689.94921875,599.71484375
394.2253911495209,394.2253911495209,NoButton,Move,692.328125,599.71484375
394.23339223861694,394.23339223861694,NoButton,Move,695.30078125,599.71484375
394.241393327713,394.241393327713,NoButton,Move,698.2734375,599.71484375
394.24960923194885,394.24960923194885,NoButton,Move,700.65234375,599.71484375
394.25789308547974,394.25789308547974,NoButton,Move,703.625,599.71484375
394.2660262584686,394.2660262584686,NoButton,Move,706.00390625,599.71484375
394.27422308921814,394.27422308921814,NoButton,Move,708.3828125,599.71484375
394.2830021381378,394.2830021381378,NoButton,Move,710.76171875,599.71484375
394.29135632514954,394.29135632514954,NoButton,Move,713.140625,599.71484375
394.2994680404663,394.2994680404663,NoButton,Move,714.078125,599.71484375
394.30775332450867,394.30775332450867,NoButton,Move,715.921875,599.71484375
394.3161222934723,394.3161222934723,NoButton,Move,718.30078125,599.71484375
394.42860317230225,394.42860317230225,NoButton,Move,720.14453125,599.71484375
394.4286870956421,394.4286870956421,NoButton,Move,721.98828125,599.71484375
394.4287631511688,394.4287631511688,NoButton,Move,723.83203125,599.71484375
394.42881321907043,394.42881321907043,NoButton,Move,726.2109375,599.71484375
394.4300060272217,394.4300060272217,NoButton,Move,727.57421875,599.71484375
394.43005108833313,394.43005108833313,NoButton,Move,729.41796875,599.71484375
394.4301161766052,394.4301161766052,NoButton,Move,730.78125,599.71484375
394.43015718460083,394.43015718460083,NoButton,Move,732.14453125,599.71484375
394.4301931858063,394.4301931858063,NoButton,Move,733.5078125,599.71484375
394.4302282333374,394.4302282333374,NoButton,Move,735.3515625,599.71484375
394.4302613735199,394.4302613735199,NoButton,Move,736.2890625,599.71484375
394.43029522895813,394.43029522895813,NoButton,Move,737.2265625,599.71484375
396.4214231967926,396.4214231967926,NoButton,Move,736.76171875,599.01953125
396.4303710460663,396.4303710460663,NoButton,Move,734.63671875,596.46875
396.43916416168213,396.43916416168213,NoButton,Move,731.75,593.1015625
396.4447431564331,396.4447431564331,NoButton,Move,725.82421875,587.76953125
396.4520092010498,396.4520092010498,NoButton,Move,719.3046875,583.02734375
396.4622151851654,396.4622151851654,NoButton,Move,710.875,577.83984375
396.4686121940613,396.4686121940613,NoButton,Move,701.40234375,572.42578125
396.4778060913086,396.4778060913086,NoButton,Move,690.12890625,567.4921875
396.48539638519287,396.48539638519287,NoButton,Move,678.85546875,563.26171875
396.49392104148865,396.49392104148865,NoButton,Move,666.3984375,558.86328125
396.5025773048401,396.5025773048401,NoButton,Move,653.94140625,554.46484375
396.50983810424805,396.50983810424805,NoButton,Move,648.85546875,552.9375
396.5183172225952,396.5183172225952,NoButton,Move,639.12890625,549.6953125
396.52664709091187,396.52664709091187,NoButton,Move,631.42578125,546.73046875
396.534606218338,396.534606218338,NoButton,Move,624.65234375,544.47265625
396.5433111190796,396.5433111190796,NoButton,Move,618.75,542.32421875
396.55097699165344,396.55097699165344,NoButton,Move,613.6640625,540.2890625
396.5593001842499,396.5593001842499,NoButton,Move,611.81640625,539.546875
396.5676591396332,396.5676591396332,NoButton,Move,607.48828125,538.1015625
396.5761411190033,396.5761411190033,NoButton,Move,605.10546875,536.91015625
396.5841462612152,396.5841462612152,NoButton,Move,602.72265625,535.71875
396.59194111824036,396.59194111824036,NoButton,Move,600.875,534.9765625
396.6007590293884,396.6007590293884,NoButton,Move,599.84765625,533.94921875
396.60945105552673,396.60945105552673,NoButton,Move,598.90625,533.6328125
396.6163651943207,396.6163651943207,NoButton,Move,598.33203125,533.05859375
396.62431931495667,396.62431931495667,NoButton,Move,598.0703125,532.796875
396.6344780921936,396.6344780921936,NoButton,Move,598.0703125,532.53515625
396.6432943344116,396.6432943344116,NoButton,Move,598.0703125,532.2734375
396.65847516059875,396.65847516059875,NoButton,Move,599.57421875,531.96875
396.6654782295227,396.6654782295227,NoButton,Move,602.546875,531.96875
396.83933115005493,396.83933115005493,NoButton,Move,602.546875,531.5
396.8470220565796,396.8470220565796,NoButton,Move,602.546875,529.65234375
396.87435126304626,396.87435126304626,NoButton,Move,603.734375,527.26953125
396.87443923950195,396.87443923950195,NoButton,Move,607.1171875,521.05859375
396.8744943141937,396.8744943141937,NoButton,Move,609.51953125,517.2109375
396.88601422309875,396.88601422309875,NoButton,Move,614.9296875,507.73828125
396.8861753940582,396.8861753940582,NoButton,Move,617.19140625,504.56640625
396.8943102359772,396.8943102359772,NoButton,Move,621.3359375,497.45703125
396.90191531181335,396.90191531181335,NoButton,Move,625.48046875,490.9375
396.91014218330383,396.91014218330383,NoButton,Move,628.6953125,485.5703125
396.918523311615,396.918523311615,NoButton,Move,629.8828125,483.1875
396.92740511894226,396.92740511894226,NoButton,Move,632.28515625,479.33984375
396.93513321876526,396.93513321876526,NoButton,Move,633.984375,476.7890625
396.94351840019226,396.94351840019226,NoButton,Move,635.5703125,474.80078125
396.95160126686096,396.95160126686096,NoButton,Move,637.046875,473.69140625
396.95968317985535,396.95968317985535,NoButton,Move,638.890625,472.58203125
396.9682140350342,396.9682140350342,NoButton,Move,640.25390625,472.58203125
396.97653913497925,396.97653913497925,NoButton,Move,642.09765625,472.58203125
397.5383710861206,397.5383710861206,NoButton,Move,641.86328125,472.34765625
397.54153537750244,397.54153537750244,NoButton,Move,641.86328125,472.0859375
397.5490334033966,397.5490334033966,NoButton,Move,641.6015625,472.0859375
397.5571084022522,397.5571084022522,NoButton,Move,641.6015625,471.82421875
397.7953522205353,397.7953522205353,NoButton,Move,639.9375,471.82421875
397.81167936325073,397.81167936325073,NoButton,Move,637.5546875,472.6171875
397.81176114082336,397.81176114082336,NoButton,Move,635.171875,473.41015625
397.8192632198334,397.8192632198334,NoButton,Move,632.1953125,474.68359375
397.82751512527466,397.82751512527466,NoButton,Move,629.21875,475.53125
397.83589720726013,397.83589720726013,NoButton,Move,626.2421875,475.953125
397.8443021774292,397.8443021774292,NoButton,Move,622.6171875,476.85546875
397.85214614868164,397.85214614868164,NoButton,Move,618.9921875,477.3046875
397.8605680465698,397.8605680465698,NoButton,Move,612.21875,478.4296875
397.8687481880188,397.8687481880188,NoButton,Move,604.515625,479.01953125
397.8770041465759,397.8770041465759,NoButton,Move,592.53515625,479.72265625
397.8849210739136,397.8849210739136,NoButton,Move,588.91015625,479.72265625
397.89736127853394,397.89736127853394,NoButton,Move,583.0078125,479.72265625
397.90073823928833,397.90073823928833,NoButton,Move,580.625,479.72265625
397.9088110923767,397.9088110923767,NoButton,Move,576.296875,478.7578125
397.91711020469666,397.91711020469666,NoButton,Move,573.9140625,477.9609375
397.92595624923706,397.92595624923706,NoButton,Move,571.53125,476.76953125
397.9339792728424,397.9339792728424,NoButton,Move,570.95703125,476.48046875
397.94914627075195,397.94914627075195,NoButton,Move,570.3828125,475.90625
397.9505033493042,397.9505033493042,NoButton,Move,570.12109375,475.64453125
397.9581003189087,397.9581003189087,NoButton,Move,569.83203125,475.0703125
397.96626830101013,397.96626830101013,NoButton,Move,569.83203125,474.80859375
397.9745063781738,397.9745063781738,NoButton,Move,569.54296875,474.234375
398.88582825660706,398.88582825660706,NoButton,Move,570.00390625,474.234375
398.89283514022827,398.89283514022827,NoButton,Move,571.84765625,474.6015625
398.90187335014343,398.90187335014343,NoButton,Move,573.69140625,475.70703125
398.90900135040283,398.90900135040283,NoButton,Move,575.8125,477.828125
398.91797709465027,398.91797709465027,NoButton,Move,578.359375,479.52734375
398.9254081249237,398.9254081249237,NoButton,Move,580.48046875,482.07421875
398.9325633049011,398.9325633049011,NoButton,Move,583.02734375,484.1953125
398.94059801101685,398.94059801101685,NoButton,Move,577.94140625,483.68359375
398.94963026046753,398.94963026046753,NoButton,Move,568.21484375,481.73828125
398.9576871395111,398.9576871395111,NoButton,Move,560.51171875,479.9609375
398.9658172130585,398.9658172130585,NoButton,Move,554.609375,478.3515625
398.9746470451355,398.9746470451355,NoButton,Move,548.70703125,476.7421875
398.99048233032227,398.99048233032227,NoButton,Move,549.5234375,477.01171875
398.9987530708313,398.9987530708313,NoButton,Move,551.3671875,477.74609375
399.00806617736816,399.00806617736816,NoButton,Move,552.3046875,478.37109375
399.015367269516,399.015367269516,NoButton,Move,553.2421875,478.68359375
399.0286502838135,399.0286502838135,NoButton,Move,553.8125,478.96875
399.0306251049042,399.0306251049042,NoButton,Move,554.0703125,478.96875
399.03876304626465,399.03876304626465,NoButton,Move,554.0703125,479.2265625
399.046932220459,399.046932220459,NoButton,Move,554.328125,479.2265625
399.3768541812897,399.3768541812897,NoButton,Move,553.62890625,479.2265625
399.38438606262207,399.38438606262207,NoButton,Move,552.6875,479.2265625
399.39331126213074,399.39331126213074,NoButton,Move,551.74609375,479.2265625
399.4004590511322,399.4004590511322,NoButton,Move,551.171875,479.2265625
399.41046714782715,399.41046714782715,NoButton,Move,550.59765625,479.2265625
399.41602516174316,399.41602516174316,NoButton,Move,550.3359375,479.2265625
402.6264750957489,402.6264750957489,NoButton,Move,549.87109375,479.2265625
402.6336131095886,402.6336131095886,NoButton,Move,548.9296875,479.2265625
402.64217710494995,402.64217710494995,NoButton,Move,548.35546875,479.2265625
402.65020632743835,402.65020632743835,NoButton,Move,546.5078125,479.2265625
402.66570520401,402.66570520401,NoButton,Move,545.93359375,479.2265625
402.6657762527466,402.6657762527466,NoButton,Move,545.671875,479.2265625
404.7448251247406,404.7448251247406,NoButton,Move,546.1328125,479.2265625
404.7524161338806,404.7524161338806,NoButton,Move,550.45703125,478.7421875
404.7601592540741,404.7601592540741,NoButton,Move,556.35546875,476.59375
404.76944613456726,404.76944613456726,NoButton,Move,562.5625,473.20703125
404.7767872810364,404.7767872810364,NoButton,Move,569.66796875,469.05859375
404.7868232727051,404.7868232727051,NoButton,Move,584.375,460.0703125
404.7931263446808,404.7931263446808,NoButton,Move,592.80078125,454.8828125
404.80126428604126,404.80126428604126,NoButton,Move,606.2109375,445.4140625
404.8095443248749,404.8095443248749,NoButton,Move,619.28125,433.97265625
404.8178050518036,404.8178050518036,NoButton,Move,632.3515625,422.53125
404.82603907585144,404.82603907585144,NoButton,Move,652.171875,399.578125
404.83424520492554,404.83424520492554,NoButton,Move,655.890625,391.51171875
404.8424623012543,404.8424623012543,NoButton,Move,670.890625,362.57421875
404.8505642414093,404.8505642414093,NoButton,Move,676.12890625,342.48046875
404.85898423194885,404.85898423194885,NoButton,Move,679.9609375,317.5625
404.8670530319214,404.8670530319214,NoButton,Move,680.97265625,289.140625
404.8752381801605,404.8752381801605,NoButton,Move,680.97265625,256.98828125
404.88342022895813,404.88342022895813,NoButton,Move,678.0859375,194.9609375
404.89154410362244,404.89154410362244,NoButton,Move,673.01171875,176.36328125
404.899854183197,404.899854183197,NoButton,Move,667.48828125,161.37109375
404.90803027153015,404.90803027153015,NoButton,Move,657.3359375,133.96484375
404.9162480831146,404.9162480831146,NoButton,Move,646.79296875,110.96484375
404.9243850708008,404.9243850708008,NoButton,Move,635.43359375,94.3671875
404.9325649738312,404.9325649738312,NoButton,Move,630.3515625,89.8515625
404.9414801597595,404.9414801597595,NoButton,Move,621.19140625,81.39453125
404.94933819770813,404.94933819770813,NoButton,Move,607.296875,70.76953125
404.96700739860535,404.96700739860535,NoButton,Move,598.609375,68.28515625
404.9671411514282,404.9671411514282,NoButton,Move,588.8828125,67.63671875
404.9737021923065,404.9737021923065,NoButton,Move,579.15625,67.63671875
404.9817831516266,404.9817831516266,NoButton,Move,574.0703125,67.63671875
404.99327325820923,404.99327325820923,NoButton,Move,566.3671875,67.63671875
404.9981722831726,404.9981722831726,NoButton,Move,558.6640625,67.63671875
405.0061972141266,405.0061972141266,NoButton,Move,555.6875,68.05859375
405.014475107193,405.014475107193,NoButton,Move,550.6015625,68.56640625
405.02266907691956,405.02266907691956,NoButton,Move,546.2734375,69.52734375
405.03140234947205,405.03140234947205,NoButton,Move,543.296875,70.375
405.0395841598511,405.0395841598511,NoButton,Move,540.9140625,71.16796875
405.04780316352844,405.04780316352844,NoButton,Move,538.53125,71.5625
405.05591011047363,405.05591011047363,NoButton,Move,535.5546875,72.8359375
405.0641860961914,405.0641860961914,NoButton,Move,533.70703125,73.57421875
405.07211804389954,405.07211804389954,NoButton,Move,531.859375,74.3125
405.0805060863495,405.0805060863495,NoButton,Move,529.4765625,75.5
405.088632106781,405.088632106781,NoButton,Move,528.109375,75.83984375
405.09683203697205,405.09683203697205,NoButton,Move,526.26171875,76.578125
405.1048913002014,405.1048913002014,NoButton,Move,524.4140625,76.9453125
405.113153219223,405.113153219223,NoButton,Move,523.046875,77.28515625
405.1212332248688,405.1212332248688,NoButton,Move,521.6796875,77.625
405.129408121109,405.129408121109,NoButton,Move,521.10546875,77.91015625
405.1376271247864,405.1376271247864,NoButton,Move,520.53125,78.1953125
405.1458623409271,405.1458623409271,NoButton,Move,520.26953125,78.453125
405.15398502349854,405.15398502349854,NoButton,Move,520.0078125,78.7109375
405.18246817588806,405.18246817588806,NoButton,Move,520.0078125,78.953125
405.18697023391724,405.18697023391724,NoButton,Move,520.0078125,79.1953125
405.20333433151245,405.20333433151245,NoButton,Move,520.0078125,79.4375
405.2200171947479,405.2200171947479,NoButton,Move,520.0078125,79.6796875
405.23712515830994,405.23712515830994,NoButton,Move,520.0078125,79.921875
405.25222516059875,405.25222516059875,NoButton,Move,520.25,79.921875
405.2605822086334,405.2605822086334,NoButton,Move,520.5078125,80.1796875
405.26857805252075,405.26857805252075,NoButton,Move,520.765625,80.1796875
405.27725315093994,405.27725315093994,NoButton,Move,521.0234375,80.1796875
405.28511929512024,405.28511929512024,NoButton,Move,521.28125,80.4375
405.29261207580566,405.29261207580566,NoButton,Move,521.8515625,80.4375
405.3014452457428,405.3014452457428,NoButton,Move,522.109375,80.4375
405.3097541332245,405.3097541332245,NoButton,Move,522.6796875,80.72265625
405.3178412914276,405.3178412914276,NoButton,Move,523.6171875,80.72265625
405.3261032104492,405.3261032104492,NoButton,Move,524.1875,80.72265625
405.33455419540405,405.33455419540405,NoButton,Move,524.7578125,81.0078125
405.34259510040283,405.34259510040283,NoButton,Move,525.6953125,81.0078125
405.35128927230835,405.35128927230835,NoButton,Move,526.265625,81.29296875
405.3591423034668,405.3591423034668,NoButton,Move,526.8359375,81.29296875
405.36737513542175,405.36737513542175,NoButton,Move,527.40625,81.578125
405.3744640350342,405.3744640350342,NoButton,Move,527.9765625,81.578125
405.38284730911255,405.38284730911255,NoButton,Move,528.9140625,81.578125
405.39093232154846,405.39093232154846,NoButton,Move,529.484375,81.86328125
405.3993000984192,405.3993000984192,NoButton,Move,530.421875,81.86328125
405.4080672264099,405.4080672264099,NoButton,Move,530.9921875,82.1484375
405.416775226593,405.416775226593,NoButton,Move,531.9296875,82.1484375
405.42436027526855,405.42436027526855,NoButton,Move,532.5,82.43359375
405.4337463378906,405.4337463378906,NoButton,Move,533.0703125,82.43359375
405.4444930553436,405.4444930553436,NoButton,Move,533.640625,82.43359375
405.44891810417175,405.44891810417175,NoButton,Move,534.2109375,82.43359375
405.4570732116699,405.4570732116699,NoButton,Move,534.46875,82.43359375
405.4654383659363,405.4654383659363,NoButton,Move,534.7265625,82.43359375
405.47364139556885,405.47364139556885,NoButton,Move,534.984375,82.43359375
405.48187923431396,405.48187923431396,NoButton,Move,535.2421875,82.43359375
405.48968029022217,405.48968029022217,NoButton,Move,535.5,82.43359375
405.53895115852356,405.53895115852356,Left,Pressed,535.5,82.43359375
405.646448135376,405.646448135376,Left,Released,535.5,82.43359375
405.83361625671387,405.83361625671387,NoButton,Move,535.73046875,82.43359375
405.8414912223816,405.8414912223816,NoButton,Move,537.57421875,82.43359375
405.84967708587646,405.84967708587646,NoButton,Move,539.953125,82.43359375
405.8580060005188,405.8580060005188,NoButton,Move,543.57421875,84.2421875
405.86606907844543,405.86606907844543,NoButton,Move,548.65625,86.2734375
405.8744361400604,405.8744361400604,NoButton,Move,553.73828125,88.3046875
405.8824293613434,405.8824293613434,NoButton,Move,565.0078125,93.9375
405.89093828201294,405.89093828201294,NoButton,Move,583.94140625,104.7578125
405.89916801452637,405.89916801452637,NoButton,Move,602.875,115.578125
405.9072732925415,405.9072732925415,NoButton,Move,620.34375,126.05859375
405.9169912338257,405.9169912338257,NoButton,Move,641.42578125,139.47265625
405.9230079650879,405.9230079650879,NoButton,Move,664.76953125,156.7265625
405.93104314804077,405.93104314804077,NoButton,Move,688.765625,175.50390625
405.93949127197266,405.93949127197266,NoButton,Move,712.74609375,195.31640625
405.94793009757996,405.94793009757996,NoButton,Move,739.828125,220.140625
405.9559292793274,405.9559292793274,NoButton,Move,765.12890625,244.33984375
405.9725823402405,405.9725823402405,NoButton,Move,789.328125,269.640625
405.97266721725464,405.97266721725464,NoButton,Move,812.4296875,294.94140625
405.9828050136566,405.9828050136566,NoButton,Move,834.93359375,318.515625
406.0045623779297,406.0045623779297,NoButton,Move,842.68359375,328.37890625
406.0046262741089,406.0046262741089,NoButton,Move,857.5625,346.9765625
406.00476026535034,406.00476026535034,NoButton,Move,869.39453125,362.19140625
406.01299929618835,406.01299929618835,NoButton,Move,872.609375,367.5546875
406.02714920043945,406.02714920043945,NoButton,Move,875.01171875,371.3984375
418.91762828826904,418.91762828826904,NoButton,Move,875.01171875,371.16796875
418.9235529899597,418.9235529899597,NoButton,Move,875.01171875,369.3203125
418.93167328834534,418.93167328834534,NoButton,Move,875.01171875,366.9375
418.94031715393066,418.94031715393066,NoButton,Move,875.01171875,364.5546875
418.94851303100586,418.94851303100586,NoButton,Move,875.01171875,360.9296875
418.95634937286377,418.95634937286377,NoButton,Move,875.4921875,356.6015625
418.96435713768005,418.96435713768005,NoButton,Move,875.4921875,351.515625
418.9766881465912,418.9766881465912,NoButton,Move,875.4921875,345.61328125
418.9812903404236,418.9812903404236,NoButton,Move,875.4921875,333.6328125
418.9888422489166,418.9888422489166,NoButton,Move,875.4921875,324.9453125
418.9968581199646,418.9968581199646,NoButton,Move,875.4921875,314.12109375
419.0052123069763,419.0052123069763,NoButton,Move,875.4921875,302.140625
419.01345038414,419.01345038414,NoButton,Move,873.29296875,288.94921875
419.0213942527771,419.0213942527771,NoButton,Move,870.92578125,273.16796875
419.02967500686646,419.02967500686646,NoButton,Move,868.7265625,259.9765625
419.0377290248871,419.0377290248871,NoButton,Move,866.44140625,245.51953125
419.0466454029083,419.0466454029083,NoButton,Move,865.3671875,239.6171875
419.0541262626648,419.0541262626648,NoButton,Move,863.421875,229.890625
419.06261134147644,419.06261134147644,NoButton,Move,862.9375,225.5625
419.07030725479126,419.07030725479126,NoButton,Move,861.80859375,218.7890625
419.07927227020264,419.07927227020264,NoButton,Move,861.30078125,213.73828125
419.0892422199249,419.0892422199249,NoButton,Move,860.3359375,209.41015625
419.0955240726471,419.0955240726471,NoButton,Move,859.9375,207.02734375
419.1060981750488,419.1060981750488,NoButton,Move,859.9375,205.1796875
419.1119222640991,419.1119222640991,NoButton,Move,859.59375,203.8125
419.1225552558899,419.1225552558899,NoButton,Move,859.25,202.4453125
419.12795519828796,419.12795519828796,NoButton,Move,858.5078125,200.59765625
419.29261326789856,419.29261326789856,NoButton,Move,858.73828125,201.0625
419.301310300827,419.301310300827,NoButton,Move,861.7890625,205.12890625
419.3100070953369,419.3100070953369,NoButton,Move,865.73828125,210.76953125
419.32112312316895,419.32112312316895,NoButton,Move,870.4765625,217.28515625
419.32519125938416,419.32519125938416,NoButton,Move,875.4375,224.7265625
419.3329772949219,419.3329772949219,NoButton,Move,885.578125,240.78515625
419.34060430526733,419.34060430526733,NoButton,Move,896.05859375,258.25390625
419.34901118278503,419.34901118278503,NoButton,Move,908.515625,280.29296875
419.3574812412262,419.3574812412262,NoButton,Move,921.70703125,305.6640625
419.3660752773285,419.3660752773285,NoButton,Move,933.54296875,330.328125
419.3736660480499,419.3736660480499,NoButton,Move,944.39453125,354.9921875
419.3817231655121,419.3817231655121,NoButton,Move,947.6328125,364.71484375
419.38991832733154,419.38991832733154,NoButton,Move,955.4921875,383.9296875
419.39822125434875,419.39822125434875,NoButton,Move,957.74609375,390.69921875
419.4065432548523,419.4065432548523,NoButton,Move,959.77734375,395.78125
419.4151360988617,419.4151360988617,NoButton,Move,963.6640625,404.85546875
420.77538108825684,420.77538108825684,NoButton,Move,965.05078125,404.85546875
420.7823531627655,420.7823531627655,NoButton,Move,968.0234375,404.85546875
420.7898862361908,420.7898862361908,NoButton,Move,970.99609375,404.85546875
420.79869413375854,420.79869413375854,NoButton,Move,974.6171875,405.3046875
420.8069031238556,420.8069031238556,NoButton,Move,978.94140625,406.74609375
420.8154332637787,420.8154332637787,NoButton,Move,981.9140625,407.59375
420.8233001232147,420.8233001232147,NoButton,Move,993.18359375,411.8203125
420.83131527900696,420.83131527900696,NoButton,Move,1000.8828125,414.78125
420.840487241745,420.840487241745,NoButton,Move,1007.98828125,418.33203125
420.84837341308594,420.84837341308594,NoButton,Move,1011.83203125,420.734375
420.8564291000366,420.8564291000366,NoButton,Move,1018.9375,424.87890625
420.8637230396271,420.8637230396271,NoButton,Move,1025.453125,429.6171875
420.872189283371,420.872189283371,NoButton,Move,1031.96875,433.76171875
420.879985332489,420.879985332489,NoButton,Move,1037.046875,438.2734375
420.88864827156067,420.88864827156067,NoButton,Move,1042.125,442.78515625
420.89690017700195,420.89690017700195,NoButton,Move,1045.68359375,446.8515625
420.9055631160736,420.9055631160736,NoButton,Move,1048.734375,451.42578125
420.9132263660431,420.9132263660431,NoButton,Move,1051.2734375,456.0
420.9210023880005,420.9210023880005,NoButton,Move,1052.796875,461.08203125
420.92955112457275,420.92955112457275,NoButton,Move,1053.75390625,465.38671875
420.9374032020569,420.9374032020569,NoButton,Move,1054.2890625,471.28515625
420.9460401535034,420.9460401535034,NoButton,Move,1054.2890625,476.359375
420.95391821861267,420.95391821861267,NoButton,Move,1054.2890625,486.08203125
420.96231031417847,420.96231031417847,NoButton,Move,1053.16015625,492.8515625
420.970201253891,420.970201253891,NoButton,Move,1049.4375,500.9140625
420.97878909111023,420.97878909111023,NoButton,Move,1043.6015625,509.33984375
420.98654317855835,420.98654317855835,NoButton,Move,1036.16015625,517.45703125
420.99508810043335,420.99508810043335,NoButton,Move,1027.0,525.91015625
421.00290417671204,421.00290417671204,NoButton,Move,1014.375,535.375
421.011479139328,421.011479139328,NoButton,Move,990.015625,550.59765625
421.019611120224,421.019611120224,NoButton,Move,971.66796875,559.33203125
421.0278310775757,421.0278310775757,NoButton,Move,950.27734375,568.62890625
421.0362412929535,421.0362412929535,NoButton,Move,927.953125,576.06640625
421.04425716400146,421.04425716400146,NoButton,Move,903.9921875,583.73046875
421.05221343040466,421.05221343040466,NoButton,Move,893.16796875,586.43359375
421.06036019325256,421.06036019325256,NoButton,Move,871.5234375,591.84375
421.06813740730286,421.06813740730286,NoButton,Move,852.92578125,596.06640625
421.0768532752991,421.0768532752991,NoButton,Move,835.765625,599.33203125
421.0846712589264,421.0846712589264,NoButton,Move,828.9921875,599.89453125
421.0935022830963,421.0935022830963,NoButton,Move,815.8984375,602.07421875
421.1010570526123,421.1010570526123,NoButton,Move,805.07421875,602.75
421.10952496528625,421.10952496528625,NoButton,Move,796.38671875,603.98828125
421.1174461841583,421.1174461841583,NoButton,Move,788.68359375,604.578125
421.12600803375244,421.12600803375244,NoButton,Move,786.30078125,604.578125
426.80005502700806,426.80005502700806,NoButton,Move,786.30078125,607.1171875
426.8071312904358,426.8071312904358,NoButton,Move,787.26171875,611.44140625
426.81540036201477,426.81540036201477,NoButton,Move,791.40625,618.546875
426.8342010974884,426.8342010974884,NoButton,Move,797.23828125,626.32421875
426.83430218696594,426.83430218696594,NoButton,Move,802.56640625,632.24609375
426.8399353027344,426.8399353027344,NoButton,Move,808.48828125,637.57421875
426.847998380661,426.847998380661,NoButton,Move,813.56640625,642.65234375
426.8561472892761,426.8561472892761,NoButton,Move,819.20703125,646.6015625
426.86441922187805,426.86441922187805,NoButton,Move,824.84765625,650.55078125
426.8729033470154,426.8729033470154,NoButton,Move,829.4140625,653.0859375
426.8807942867279,426.8807942867279,NoButton,Move,833.98828125,655.625
426.88949036598206,426.88949036598206,NoButton,Move,837.609375,656.98046875
426.89789724349976,426.89789724349976,NoButton,Move,841.23046875,657.4296875
426.9160592556,426.9160592556,NoButton,Move,844.203125,657.8515625
426.9161331653595,426.9161331653595,NoButton,Move,847.17578125,657.8515625
426.9215180873871,426.9215180873871,NoButton,Move,848.5390625,657.8515625
426.92999720573425,426.92999720573425,NoButton,Move,852.16015625,657.8515625
426.9382493495941,426.9382493495941,NoButton,Move,853.09765625,657.22265625
426.9468584060669,426.9468584060669,NoButton,Move,855.64453125,655.09765625
426.95489406585693,426.95489406585693,NoButton,Move,856.83203125,652.71484375
426.9630742073059,426.9630742073059,NoButton,Move,857.45703125,651.7734375
426.97082233428955,426.97082233428955,NoButton,Move,858.8984375,647.4453125
426.9791784286499,426.9791784286499,NoButton,Move,859.3203125,644.46875
426.98702001571655,426.98702001571655,NoButton,Move,859.76953125,640.84375
426.99590611457825,426.99590611457825,NoButton,Move,859.76953125,634.078125
427.0034041404724,427.0034041404724,NoButton,Move,859.76953125,628.17578125
427.0120372772217,427.0120372772217,NoButton,Move,859.76953125,621.40234375
427.01991605758667,427.01991605758667,NoButton,Move,858.640625,614.62890625
427.0293881893158,427.0293881893158,NoButton,Move,856.15625,605.94140625
427.03646421432495,427.03646421432495,NoButton,Move,852.265625,596.86328125
427.04513216018677,427.04513216018677,NoButton,Move,848.203125,586.71484375
427.06869626045227,427.06869626045227,NoButton,Move,843.6640625,577.63671875
427.0687711238861,427.0687711238861,NoButton,Move,838.02734375,567.06640625
427.0689263343811,427.0689263343811,NoButton,Move,832.19140625,558.63671875
427.0772762298584,427.0772762298584,NoButton,Move,826.1015625,549.1640625
427.08587431907654,427.08587431907654,NoButton,Move,820.265625,540.734375
427.0938582420349,427.0938582420349,NoButton,Move,812.51171875,531.57421875
427.1018180847168,427.1018180847168,NoButton,Move,804.7578125,522.4140625
427.88794803619385,427.88794803619385,NoButton,Move,804.7578125,521.01953125
427.8962211608887,427.8962211608887,NoButton,Move,804.7578125,519.171875
427.904176235199,427.904176235199,NoButton,Move,803.73828125,514.0859375
427.9122552871704,427.9122552871704,NoButton,Move,800.68359375,509.5078125
427.9206032752991,427.9206032752991,NoButton,Move,791.890625,499.25
427.92870807647705,427.92870807647705,NoButton,Move,781.23828125,489.359375
427.9372491836548,427.9372491836548,NoButton,Move,766.01953125,477.5234375
427.9450170993805,427.9450170993805,NoButton,Move,743.32421875,462.72265625
427.96466612815857,427.96466612815857,NoButton,Move,717.94921875,448.51171875
427.96474528312683,427.96474528312683,NoButton,Move,687.14453125,433.109375
427.96966218948364,427.96966218948364,NoButton,Move,655.23828125,418.8046875
427.9779851436615,427.9779851436615,NoButton,Move,626.0234375,408.37109375
427.9861361980438,427.9861361980438,NoButton,Move,612.83203125,404.70703125
427.9942741394043,427.9942741394043,NoButton,Move,589.578125,399.125
428.0028443336487,428.0028443336487,NoButton,Move,569.484375,395.62890625
428.0108742713928,428.0108742713928,NoButton,Move,561.78125,395.62890625
428.01899313926697,428.01899313926697,NoButton,Move,547.32421875,394.8671875
428.0273902416229,428.0273902416229,NoButton,Move,535.34375,394.8671875
428.03551721572876,428.03551721572876,NoButton,Move,531.71875,394.8671875
428.0437743663788,428.0437743663788,NoButton,Move,524.9453125,394.8671875
428.0521492958069,428.0521492958069,NoButton,Move,519.04296875,394.8671875
428.06028413772583,428.06028413772583,NoButton,Move,515.41796875,394.8671875
428.068222284317,428.068222284317,NoButton,Move,513.03515625,394.8671875
428.0763702392578,428.0763702392578,NoButton,Move,511.66796875,395.20703125
428.0848503112793,428.0848503112793,NoButton,Move,510.30078125,395.20703125
428.09272599220276,428.09272599220276,NoButton,Move,509.7265625,395.4921875
428.1009042263031,428.1009042263031,NoButton,Move,509.46484375,395.4921875
428.10974526405334,428.10974526405334,NoButton,Move,509.203125,395.4921875
428.1173701286316,428.1173701286316,NoButton,Move,508.94140625,395.4921875
428.17486214637756,428.17486214637756,Left,Pressed,508.94140625,395.4921875
428.2956371307373,428.2956371307373,Left,Released,508.94140625,395.4921875
432.0671763420105,432.0671763420105,NoButton,Move,511.51953125,412.859375
432.08407616615295,432.08407616615295,NoButton,Move,518.87109375,428.3828125
432.08475518226624,432.08475518226624,NoButton,Move,529.09765625,449.76953125
432.0891361236572,432.0891361236572,NoButton,Move,540.2578125,470.2265625
432.0965712070465,432.0965712070465,NoButton,Move,549.86328125,488.5703125
432.10465717315674,432.10465717315674,NoButton,Move,558.3125,505.47265625
432.1130621433258,432.1130621433258,NoButton,Move,565.62109375,520.90234375
432.12108731269836,432.12108731269836,NoButton,Move,572.46484375,533.83203125
432.1292951107025,432.1292951107025,NoButton,Move,577.0,542.90625
432.1375501155853,432.1375501155853,NoButton,Move,580.88671875,551.98046875
432.1458261013031,432.1458261013031,NoButton,Move,587.421875,568.3203125
432.1541142463684,432.1541142463684,NoButton,Move,592.546875,580.7734375
432.1625552177429,432.1625552177429,NoButton,Move,592.96875,583.74609375
432.1707751750946,432.1707751750946,NoButton,Move,596.62890625,596.93359375
432.17874121665955,432.17874121665955,NoButton,Move,596.62890625,601.2578125
432.1877543926239,432.1877543926239,NoButton,Move,596.62890625,604.87890625
432.19748711586,432.19748711586,NoButton,Move,593.7421875,608.2421875
432.2055354118347,432.2055354118347,NoButton,Move,588.65625,609.2578125
432.2124180793762,432.2124180793762,NoButton,Move,580.953125,609.84765625
432.2204852104187,432.2204852104187,NoButton,Move,571.2265625,609.84765625
432.2283730506897,432.2283730506897,NoButton,Move,559.24609375,609.140625
432.2378911972046,432.2378911972046,NoButton,Move,535.28515625,600.515625
432.2443141937256,432.2443141937256,NoButton,Move,518.37890625,591.21484375
432.25544023513794,432.25544023513794,NoButton,Move,497.29296875,577.796875
432.26095938682556,432.26095938682556,NoButton,Move,475.5859375,561.0234375
432.27521109580994,432.27521109580994,NoButton,Move,453.67578125,539.11328125
432.27739906311035,432.27739906311035,NoButton,Move,432.23828125,514.4609375
432.2888751029968,432.2888751029968,NoButton,Move,412.9453125,487.66796875
432.30021929740906,432.30021929740906,NoButton,Move,395.796875,459.80078125
432.3070752620697,432.3070752620697,NoButton,Move,390.66796875,447.34375
432.30968022346497,432.30968022346497,NoButton,Move,381.3671875,425.953125
432.317907333374,432.317907333374,NoButton,Move,378.99609375,418.25
432.3263442516327,432.3263442516327,NoButton,Move,374.4296875,403.79296875
432.3345031738281,432.3345031738281,NoButton,Move,372.3125,391.8125
432.34210109710693,432.34210109710693,NoButton,Move,372.3125,383.125
432.3509130477905,432.3509130477905,NoButton,Move,372.3125,377.22265625
432.35885739326477,432.35885739326477,NoButton,Move,373.2734375,372.89453125
432.3669002056122,432.3669002056122,NoButton,Move,376.44140625,370.62890625
432.37512016296387,432.37512016296387,NoButton,Move,384.140625,368.2578125
432.38326501846313,432.38326501846313,NoButton,Move,397.328125,368.2578125
432.3921961784363,432.3921961784363,NoButton,Move,410.515625,368.98828125
432.3998022079468,432.3998022079468,NoButton,Move,425.50390625,375.296875
432.40869522094727,432.40869522094727,NoButton,Move,445.33984375,385.21484375
432.41619205474854,432.41619205474854,NoButton,Move,469.015625,398.0390625
432.4240462779999,432.4240462779999,NoButton,Move,495.09765625,413.6875
432.43221712112427,432.43221712112427,NoButton,Move,523.69921875,432.38671875
432.44064831733704,432.44064831733704,NoButton,Move,553.3984375,449.984375
432.44900035858154,432.44900035858154,NoButton,Move,580.1875,469.2734375
432.45696926116943,432.45696926116943,NoButton,Move,608.7890625,489.07421875
432.46543312072754,432.46543312072754,NoButton,Move,635.578125,508.36328125
432.47297406196594,432.47297406196594,NoButton,Move,659.57421875,527.140625
432.48146510124207,432.48146510124207,NoButton,Move,669.09375,536.66015625
432.489666223526,432.489666223526,NoButton,Move,687.30078125,553.90625
432.49808406829834,432.49808406829834,NoButton,Move,704.0390625,570.64453125
432.50579929351807,432.50579929351807,NoButton,Move,718.46484375,586.875
432.5149972438812,432.5149972438812,NoButton,Move,731.0546875,601.14453125
432.5223641395569,432.5223641395569,NoButton,Move,740.51953125,613.765625
432.5309293270111,432.5309293270111,NoButton,Move,743.734375,619.12890625
432.5399260520935,432.5399260520935,NoButton,Move,749.14453125,628.59765625
432.5477592945099,432.5477592945099,NoButton,Move,752.86328125,636.66015625
432.5567271709442,432.5567271709442,NoButton,Move,754.5546875,643.4296875
432.5635623931885,432.5635623931885,NoButton,Move,755.14453125,651.12890625
432.90177822113037,432.90177822113037,NoButton,Move,757.2734375,651.12890625
432.91813826560974,432.91813826560974,NoButton,Move,760.87109375,651.12890625
432.9182562828064,432.9182562828064,NoButton,Move,764.4921875,651.12890625
432.9327013492584,432.9327013492584,NoButton,Move,768.81640625,653.05078125
432.9328203201294,432.9328203201294,NoButton,Move,773.140625,654.4921875
432.9400911331177,432.9400911331177,NoButton,Move,778.22265625,656.5234375
432.9488682746887,432.9488682746887,NoButton,Move,782.546875,658.4453125
432.9565212726593,432.9565212726593,NoButton,Move,787.91015625,661.125
432.9648551940918,432.9648551940918,NoButton,Move,796.984375,665.01171875
432.97341418266296,432.97341418266296,NoButton,Move,806.05859375,669.546875
432.98115825653076,432.98115825653076,NoButton,Move,816.625,675.1796875
432.989470243454,432.989470243454,NoButton,Move,827.19140625,680.8125
432.9977171421051,432.9977171421051,NoButton,Move,836.66015625,686.22265625
433.00593614578247,433.00593614578247,NoButton,Move,841.234375,689.2734375
433.0140280723572,433.0140280723572,NoButton,Move,850.30859375,693.80859375
433.02223014831543,433.02223014831543,NoButton,Move,857.4140625,697.953125
433.0315911769867,433.0315911769867,NoButton,Move,864.51953125,701.50390625
433.0484142303467,433.0484142303467,NoButton,Move,869.8828125,704.18359375
433.0484800338745,433.0484800338745,NoButton,Move,871.7265625,704.921875
433.05572032928467,433.05572032928467,NoButton,Move,876.05078125,706.36328125
433.0629482269287,433.0629482269287,NoButton,Move,878.4296875,707.55078125
433.0712902545929,433.0712902545929,NoButton,Move,880.2734375,708.2890625
433.0793631076813,433.0793631076813,NoButton,Move,881.63671875,708.96875
433.08801102638245,433.08801102638245,NoButton,Move,882.57421875,709.28125
433.0963981151581,433.0963981151581,NoButton,Move,882.83203125,709.5390625
433.1045491695404,433.1045491695404,NoButton,Move,883.08984375,709.5390625
433.12115812301636,433.12115812301636,NoButton,Move,882.5703125,709.5390625
433.1293833255768,433.1293833255768,NoButton,Move,879.59375,709.11328125
433.1374263763428,433.1374263763428,NoButton,Move,875.96875,707.75390625
433.1458752155304,433.1458752155304,NoButton,Move,872.34375,705.94140625
443.6403703689575,443.6403703689575,NoButton,Move,876.03515625,709.171875
443.64592933654785,443.64592933654785,NoButton,Move,880.609375,712.22265625
443.65985321998596,443.65985321998596,NoButton,Move,886.81640625,715.60546875
443.66249918937683,443.66249918937683,NoButton,Move,891.390625,718.14453125
443.673091173172,443.673091173172,NoButton,Move,895.71484375,719.5859375
443.67907309532166,443.67907309532166,NoButton,Move,900.0390625,721.5078125
443.691326379776,443.691326379776,NoButton,Move,905.12109375,722.5234375
443.69498920440674,443.69498920440674,NoButton,Move,908.7421875,723.42578125
443.70565032958984,443.70565032958984,NoButton,Move,912.36328125,723.875
443.7114050388336,443.7114050388336,NoButton,Move,915.984375,723.875
443.7220501899719,443.7220501899719,NoButton,Move,921.8828125,723.875
443.7279894351959,443.7279894351959,NoButton,Move,927.78125,723.875
443.7365012168884,443.7365012168884,NoButton,Move,932.86328125,723.875
443.74439334869385,443.74439334869385,NoButton,Move,938.2265625,721.19140625
443.75324010849,443.75324010849,NoButton,Move,942.29296875,717.62890625
443.76098108291626,443.76098108291626,NoButton,Move,945.8515625,713.55859375
443.76954531669617,443.76954531669617,NoButton,Move,948.90234375,709.48828125
443.776798248291,443.776798248291,NoButton,Move,951.953125,704.91015625
443.7847361564636,443.7847361564636,NoButton,Move,953.875,700.58203125
443.7929940223694,443.7929940223694,NoButton,Move,955.3984375,695.49609375
443.8011951446533,443.8011951446533,NoButton,Move,955.87890625,691.16796875
443.8095552921295,443.8095552921295,NoButton,Move,956.359375,686.83984375
443.8178460597992,443.8178460597992,NoButton,Move,956.80859375,683.21484375
443.826119184494,443.826119184494,NoButton,Move,956.80859375,679.58984375
443.83408308029175,443.83408308029175,NoButton,Move,956.80859375,677.7421875
443.84277725219727,443.84277725219727,NoButton,Move,956.80859375,675.359375
443.8505253791809,443.8505253791809,NoButton,Move,956.3828125,672.3828125
443.85879921913147,443.85879921913147,NoButton,Move,955.2734375,670.53515625
443.8672523498535,443.8672523498535,NoButton,Move,954.08203125,668.15234375
443.876825094223,443.876825094223,NoButton,Move,952.26953125,664.98046875
443.88333916664124,443.88333916664124,NoButton,Move,950.7890625,663.5
443.8922612667084,443.8922612667084,NoButton,Move,949.0859375,660.94921875
443.89951825141907,443.89951825141907,NoButton,Move,946.9609375,658.82421875
443.9076840877533,443.9076840877533,NoButton,Move,944.6953125,655.65234375
443.91586208343506,443.91586208343506,NoButton,Move,939.73046875,648.20703125
443.92432713508606,443.92432713508606,NoButton,Move,935.58203125,641.6875
443.93242716789246,443.93242716789246,NoButton,Move,925.7734375,626.9765625
445.9678373336792,445.9678373336792,NoButton,Move,925.7734375,648.12890625
445.97398924827576,445.97398924827576,NoButton,Move,925.7734375,663.90625
445.9815731048584,445.9815731048584,NoButton,Move,925.7734375,677.09375
445.98997139930725,445.98997139930725,NoButton,Move,927.29296875,691.546875
445.99808526039124,445.99808526039124,NoButton,Move,929.40625,703.5234375
446.00663709640503,446.00663709640503,NoButton,Move,931.34765625,713.24609375
446.01479506492615,446.01479506492615,NoButton,Move,933.20703125,721.9296875
446.02305030822754,446.02305030822754,NoButton,Move,935.57421875,729.62890625
446.0310752391815,446.0310752391815,NoButton,Move,937.71875,735.52734375
446.0392961502075,446.0392961502075,NoButton,Move,939.640625,739.8515625
446.04780316352844,446.04780316352844,NoButton,Move,943.52734375,748.92578125
446.05605816841125,446.05605816841125,NoButton,Move,946.91015625,755.1328125
446.064492225647,446.064492225647,NoButton,Move,949.9609375,759.70703125
446.0725040435791,446.0725040435791,NoButton,Move,953.32421875,762.58984375
446.08080410957336,446.08080410957336,NoButton,Move,956.9453125,764.3984375
446.08901500701904,446.08901500701904,NoButton,Move,961.26953125,765.359375
446.09713220596313,446.09713220596313,NoButton,Move,965.59375,765.359375
446.10528111457825,446.10528111457825,NoButton,Move,972.36328125,765.359375
446.1135232448578,446.1135232448578,NoButton,Move,977.4453125,763.32421875
446.1222803592682,446.1222803592682,NoButton,Move,983.3671875,757.9921875
446.1306800842285,446.1306800842285,NoButton,Move,990.19140625,751.78515625
446.1378972530365,446.1378972530365,NoButton,Move,997.3203125,744.65234375
446.1466133594513,446.1466133594513,NoButton,Move,1000.87890625,740.58203125
446.1548070907593,446.1548070907593,NoButton,Move,1006.4609375,733.75390625
446.16294026374817,446.16294026374817,NoButton,Move,1012.94140625,725.97265625
446.1706852912903,446.1706852912903,NoButton,Move,1017.453125,720.328125
446.1799910068512,446.1799910068512,NoButton,Move,1021.59765625,713.80859375
446.1892421245575,446.1892421245575,NoButton,Move,1022.3359375,711.9609375
446.1967673301697,446.1967673301697,NoButton,Move,1025.88671875,704.8515625
446.2162721157074,446.2162721157074,NoButton,Move,1026.3359375,701.2265625
446.2163550853729,446.2163550853729,NoButton,Move,1026.3359375,697.6015625
446.2200231552124,446.2200231552124,NoButton,Move,1026.3359375,691.69921875
446.228018283844,446.228018283844,NoButton,Move,1022.04296875,687.40625
446.23595905303955,446.23595905303955,NoButton,Move,1015.8359375,681.19921875
446.2440493106842,446.2440493106842,NoButton,Move,1007.0390625,674.43359375
446.25227212905884,446.25227212905884,NoButton,Move,997.171875,666.6796875
446.26062512397766,446.26062512397766,NoButton,Move,984.99609375,658.30859375
446.2688641548157,446.2688641548157,NoButton,Move,973.2734375,650.98046875
446.27718019485474,446.27718019485474,NoButton,Move,961.09765625,642.609375
446.2855281829834,446.2855281829834,NoButton,Move,948.921875,634.23828125
446.29349517822266,446.29349517822266,NoButton,Move,937.9296875,626.17578125
446.3021011352539,446.3021011352539,NoButton,Move,928.0625,618.421875
446.309974193573,446.309974193573,NoButton,Move,918.1953125,610.66796875
446.31806111335754,446.31806111335754,NoButton,Move,914.125,607.10546875
446.32718896865845,446.32718896865845,NoButton,Move,905.6953125,601.91796875
451.6594521999359,451.6594521999359,NoButton,Move,906.6171875,604.45703125
451.66722416877747,451.66722416877747,NoButton,Move,911.35546875,610.97265625
451.67567920684814,451.67567920684814,NoButton,Move,917.55859375,617.17578125
451.68398427963257,451.68398427963257,NoButton,Move,923.48046875,622.50390625
451.69212007522583,451.69212007522583,NoButton,Move,930.3046875,628.70703125
451.6999542713165,451.6999542713165,NoButton,Move,937.12890625,634.2890625
451.7084002494812,451.7084002494812,NoButton,Move,943.64453125,639.02734375
451.71680212020874,451.71680212020874,NoButton,Move,957.0546875,648.4921875
451.7244973182678,451.7244973182678,NoButton,Move,969.984375,656.09765625
451.7332253456116,451.7332253456116,NoButton,Move,976.19140625,658.91796875
451.74134397506714,451.74134397506714,NoButton,Move,987.4609375,663.84765625
451.7496340274811,451.7496340274811,NoButton,Move,997.18359375,667.0859375
451.75749611854553,451.75749611854553,NoButton,Move,1005.8671875,669.56640625
451.76586532592773,451.76586532592773,NoButton,Move,1012.63671875,670.12890625
451.774578332901,451.774578332901,NoButton,Move,1019.38671875,670.12890625
451.783123254776,451.783123254776,NoButton,Move,1024.46875,670.12890625
451.79344940185547,451.79344940185547,NoButton,Move,1028.08203125,669.67578125
451.79850220680237,451.79850220680237,NoButton,Move,1030.62890625,667.55078125
451.81058716773987,451.81058716773987,NoButton,Move,1032.75,665.42578125
451.81463718414307,451.81463718414307,NoButton,Move,1033.48828125,663.578125
451.8232352733612,451.8232352733612,NoButton,Move,1034.67578125,661.1953125
451.8308472633362,451.8308472633362,NoButton,Move,1035.578125,657.5703125
451.8390142917633,451.8390142917633,NoButton,Move,1036.0,654.59375
451.84742617607117,451.84742617607117,NoButton,Move,1036.0,652.2109375
451.8555932044983,451.8555932044983,NoButton,Move,1036.0,649.234375
451.86391019821167,451.86391019821167,NoButton,Move,1034.296875,646.68359375
451.87205028533936,451.87205028533936,NoButton,Move,1032.03125,643.51171875
451.8802831172943,451.8802831172943,NoButton,Move,1029.3125,640.79296875
451.88868713378906,451.88868713378906,NoButton,Move,1026.59375,638.07421875
451.89673924446106,451.89673924446106,NoButton,Move,1023.875,635.35546875
451.9051923751831,451.9051923751831,NoButton,Move,1022.39453125,634.24609375
451.91354417800903,451.91354417800903,NoButton,Move,1020.40625,632.65625
451.9248743057251,451.9248743057251,NoButton,Move,1018.55859375,631.546875
451.9299702644348,451.9299702644348,NoButton,Move,1017.078125,630.4375
451.9406132698059,451.9406132698059,NoButton,Move,1015.7109375,629.75390625
451.9458842277527,451.9458842277527,NoButton,Move,1014.76953125,629.125
451.953821182251,451.953821182251,NoButton,Move,1013.40234375,628.44140625
451.9624502658844,451.9624502658844,NoButton,Move,1012.4609375,627.8125
451.9707100391388,451.9707100391388,NoButton,Move,1010.61328125,627.0703125
451.9806752204895,451.9806752204895,NoButton,Move,1008.23046875,626.2734375
451.9951024055481,451.9951024055481,NoButton,Move,1005.84765625,625.4765625
451.9952561855316,451.9952561855316,NoButton,Move,1002.22265625,624.1171875
452.0030860900879,452.0030860900879,NoButton,Move,995.11328125,621.15234375
452.0112202167511,452.0112202167511,NoButton,Move,989.2109375,619.00390625
452.01950430870056,452.01950430870056,NoButton,Move,981.5078125,616.0390625
455.49917221069336,455.49917221069336,NoButton,Move,980.58203125,616.0390625
455.5067603588104,455.5067603588104,NoButton,Move,976.95703125,615.5859375
455.5149691104889,455.5149691104889,NoButton,Move,971.87109375,613.55078125
455.5235903263092,455.5235903263092,NoButton,Move,965.09765625,611.29296875
455.53169417381287,455.53169417381287,NoButton,Move,951.40234375,605.203125
455.54012799263,455.54012799263,NoButton,Move,935.875,597.03125
455.5484232902527,455.5484232902527,NoButton,Move,918.96875,587.73046875
455.55638909339905,455.55638909339905,NoButton,Move,896.2734375,572.9296875
455.56457114219666,455.56457114219666,NoButton,Move,876.1484375,557.59375
456.8505163192749,456.8505163192749,NoButton,Move,876.1484375,556.66796875
456.8584523200989,456.8584523200989,NoButton,Move,876.48828125,555.30078125
456.86629915237427,456.86629915237427,NoButton,Move,876.828125,553.93359375
456.87464022636414,456.87464022636414,NoButton,Move,877.56640625,552.0859375
456.8829460144043,456.8829460144043,NoButton,Move,878.359375,549.703125
456.8904092311859,456.8904092311859,NoButton,Move,878.75390625,547.3203125
456.8987741470337,456.8987741470337,NoButton,Move,879.34375,539.6171875
456.9068253040314,456.9068253040314,NoButton,Move,879.34375,533.71484375
456.9151132106781,456.9151132106781,NoButton,Move,879.34375,526.01171875
456.9233491420746,456.9233491420746,NoButton,Move,876.97265625,518.30859375
456.9314422607422,456.9314422607422,NoButton,Move,871.78515625,509.87890625
456.93994426727295,456.93994426727295,NoButton,Move,865.44140625,499.30859375
456.94800305366516,456.94800305366516,NoButton,Move,857.6875,490.1484375
456.95635628700256,456.95635628700256,NoButton,Move,848.16015625,480.62109375
456.9645471572876,456.9645471572876,NoButton,Move,837.90234375,471.828125
456.97296619415283,456.97296619415283,NoButton,Move,832.53515625,468.609375
456.9811751842499,456.9811751842499,NoButton,Move,823.73828125,461.84375
456.989253282547,456.989253282547,NoButton,Move,814.66015625,457.3046875
456.99726009368896,456.99726009368896,NoButton,Move,806.95703125,454.33984375
457.0049021244049,457.0049021244049,NoButton,Move,798.26953125,451.234375
457.01321601867676,457.01321601867676,NoButton,Move,791.49609375,450.10546875
457.021457195282,457.021457195282,NoButton,Move,785.59375,449.03125
457.02977108955383,457.02977108955383,NoButton,Move,779.69140625,449.03125
457.0381910800934,457.0381910800934,NoButton,Move,774.60546875,449.03125
457.0463533401489,457.0463533401489,NoButton,Move,772.7578125,449.03125
457.0544991493225,457.0544991493225,NoButton,Move,769.1328125,449.03125
457.0630111694336,457.0630111694336,NoButton,Move,766.15625,449.03125
457.0710971355438,457.0710971355438,NoButton,Move,764.30859375,449.03125
457.07951521873474,457.07951521873474,NoButton,Move,762.4609375,449.3984375
457.0876052379608,457.0876052379608,NoButton,Move,760.98046875,450.50390625
457.0955822467804,457.0955822467804,NoButton,Move,760.0390625,451.12890625
457.11825037002563,457.11825037002563,NoButton,Move,759.41015625,452.06640625
457.1184022426605,457.1184022426605,NoButton,Move,759.12109375,452.63671875
457.12050318717957,457.12050318717957,NoButton,Move,758.8046875,453.57421875
457.1281490325928,457.1281490325928,NoButton,Move,758.8046875,454.14453125
457.1387722492218,457.1387722492218,NoButton,Move,758.8046875,455.08203125
457.1446132659912,457.1446132659912,NoButton,Move,758.8046875,455.65234375
457.15266513824463,457.15266513824463,NoButton,Move,758.8046875,456.58984375
457.1607930660248,457.1607930660248,NoButton,Move,758.8046875,457.52734375
457.1722161769867,457.1722161769867,NoButton,Move,758.8046875,458.46484375
457.17733335494995,457.17733335494995,NoButton,Move,759.1171875,459.40234375
457.18550515174866,457.18550515174866,NoButton,Move,759.40234375,459.97265625
457.1936092376709,457.1936092376709,NoButton,Move,759.71484375,460.91015625
457.201740026474,457.201740026474,NoButton,Move,760.0,461.48046875
457.20995831489563,457.20995831489563,NoButton,Move,760.0,462.05078125
457.2181532382965,457.2181532382965,NoButton,Move,760.0,462.30859375
457.22664427757263,457.22664427757263,NoButton,Move,760.0,462.56640625
457.2346611022949,457.2346611022949,NoButton,Move,760.0,462.82421875
457.24285411834717,457.24285411834717,NoButton,Move,760.0,463.08203125
457.259211063385,457.259211063385,NoButton,Move,760.0,463.32421875
457.27561116218567,457.27561116218567,NoButton,Move,759.75390625,463.32421875
457.28375124931335,457.28375124931335,NoButton,Move,759.4921875,463.32421875
457.38249015808105,457.38249015808105,NoButton,Move,759.72265625,463.32421875
457.39856219291687,457.39856219291687,NoButton,Move,759.96484375,463.32421875
457.49677634239197,457.49677634239197,NoButton,Move,759.73046875,463.32421875
457.70122718811035,457.70122718811035,NoButton,Move,759.26171875,463.32421875
457.91472721099854,457.91472721099854,NoButton,Move,759.02734375,463.32421875
458.209064245224,458.209064245224,NoButton,Move,759.02734375,463.5546875
458.217333316803,458.217333316803,NoButton,Move,759.02734375,463.8125
458.2332100868225,458.2332100868225,NoButton,Move,759.28515625,464.0703125
458.2334072589874,458.2334072589874,NoButton,Move,759.85546875,464.35546875
458.2414472103119,458.2414472103119,NoButton,Move,760.11328125,464.61328125
458.24955129623413,458.24955129623413,NoButton,Move,760.68359375,464.8984375
458.26021027565,458.26021027565,NoButton,Move,760.94140625,465.15625
458.2659251689911,458.2659251689911,NoButton,Move,761.19921875,465.4140625
458.27410316467285,458.27410316467285,NoButton,Move,761.45703125,465.4140625
458.29420733451843,458.29420733451843,NoButton,Move,761.71484375,465.671875
458.29428029060364,458.29428029060364,NoButton,Move,761.71484375,465.9296875
458.299188375473,458.299188375473,NoButton,Move,761.71484375,466.1875
458.3074402809143,458.3074402809143,NoButton,Move,761.71484375,466.4453125
458.31508135795593,458.31508135795593,NoButton,Move,761.71484375,466.703125
458.32317209243774,458.32317209243774,NoButton,Move,761.71484375,466.9609375
458.3314664363861,458.3314664363861,NoButton,Move,761.71484375,467.21875
458.34685826301575,458.34685826301575,NoButton,Move,761.71484375,467.4765625
458.3478353023529,458.3478353023529,NoButton,Move,761.71484375,467.734375
458.35566902160645,458.35566902160645,NoButton,Move,761.71484375,467.9921875
458.3639452457428,458.3639452457428,NoButton,Move,761.71484375,468.25
458.3720061779022,458.3720061779022,NoButton,Move,761.71484375,468.5078125
458.38060116767883,458.38060116767883,NoButton,Move,761.71484375,468.765625
458.3884873390198,458.3884873390198,NoButton,Move,761.71484375,469.0234375
458.39673233032227,458.39673233032227,NoButton,Move,761.71484375,469.28125
458.40517020225525,458.40517020225525,NoButton,Move,761.71484375,469.5390625
458.4137992858887,458.4137992858887,NoButton,Move,761.71484375,469.796875
458.42155623435974,458.42155623435974,NoButton,Move,761.97265625,470.0546875
458.43024826049805,458.43024826049805,NoButton,Move,762.23046875,470.3125
458.4455633163452,458.4455633163452,NoButton,Move,762.80078125,470.59765625
458.44611406326294,458.44611406326294,NoButton,Move,763.05859375,470.85546875
458.45431423187256,458.45431423187256,NoButton,Move,763.62890625,470.85546875
458.4626762866974,458.4626762866974,NoButton,Move,763.88671875,470.85546875
458.4712393283844,458.4712393283844,NoButton,Move,764.14453125,471.11328125
458.47867918014526,458.47867918014526,NoButton,Move,764.40234375,471.11328125
458.4901702404022,458.4901702404022,NoButton,Move,764.66015625,471.11328125
458.6926212310791,458.6926212310791,NoButton,Move,764.890625,471.11328125
458.70090532302856,458.70090532302856,NoButton,Move,765.1484375,471.11328125
458.72482323646545,458.72482323646545,NoButton,Move,765.38671875,471.11328125
458.81418108940125,458.81418108940125,NoButton,Move,765.38671875,471.34375
458.8221881389618,458.8221881389618,NoButton,Move,765.38671875,471.6015625
458.8306682109833,458.8306682109833,NoButton,Move,765.38671875,472.5390625
458.8387870788574,458.8387870788574,NoButton,Move,766.01171875,473.4765625
458.84715723991394,458.84715723991394,NoButton,Move,767.48828125,474.953125
458.8553352355957,458.8553352355957,NoButton,Move,769.609375,477.5
458.8633563518524,458.8633563518524,NoButton,Move,774.6875,482.578125
458.87171626091003,458.87171626091003,NoButton,Move,780.609375,487.90625
458.87986516952515,458.87986516952515,NoButton,Move,789.765625,495.65625
458.88858222961426,458.88858222961426,NoButton,Move,798.921875,503.40625
458.89622712135315,458.89622712135315,NoButton,Move,811.54296875,513.66015625
458.90513038635254,458.90513038635254,NoButton,Move,832.26171875,531.41796875
458.91281723976135,458.91281723976135,NoButton,Move,840.37890625,538.85546875
458.9209840297699,458.9209840297699,NoButton,Move,853.44921875,551.109375
458.9298141002655,458.9298141002655,NoButton,Move,866.51953125,562.546875
458.94048833847046,458.94048833847046,NoButton,Move,879.58984375,573.984375
458.9481842517853,458.9481842517853,NoButton,Move,891.421875,585.02734375
458.9570982456207,458.9570982456207,NoButton,Move,902.0703125,594.9140625
458.96299624443054,458.96299624443054,NoButton,Move,906.13671875,598.47265625
458.97079706192017,458.97079706192017,NoButton,Move,914.25390625,605.91015625
458.97887110710144,458.97887110710144,NoButton,Move,919.58203125,611.83203125
458.9872319698334,458.9872319698334,NoButton,Move,921.703125,613.953125
458.9967710971832,458.9967710971832,NoButton,Move,924.75390625,618.01953125
459.0035593509674,459.0035593509674,NoButton,Move,926.875,620.56640625
459.01226234436035,459.01226234436035,NoButton,Move,928.0625,622.9453125
459.0199341773987,459.0199341773987,NoButton,Move,929.16796875,624.421875
459.0280292034149,459.0280292034149,NoButton,Move,929.5078125,625.78515625
459.0405592918396,459.0405592918396,NoButton,Move,929.5078125,626.35546875
459.04582118988037,459.04582118988037,NoButton,Move,929.5078125,626.92578125
459.05767607688904,459.05767607688904,NoButton,Move,929.5078125,627.18359375
459.0601441860199,459.0601441860199,NoButton,Move,929.5078125,627.44140625
459.06846618652344,459.06846618652344,NoButton,Move,929.24609375,627.44140625
459.07739210128784,459.07739210128784,NoButton,Move,928.67578125,627.44140625
459.2166283130646,459.2166283130646,NoButton,Move,928.44140625,627.44140625
459.23223328590393,459.23223328590393,NoButton,Move,919.75390625,626.8203125
459.23230838775635,459.23230838775635,NoButton,Move,905.296875,622.25390625
459.2402391433716,459.2402391433716,NoButton,Move,886.69921875,617.1796875
459.2488970756531,459.2488970756531,NoButton,Move,864.375,609.73828125
459.25761103630066,459.25761103630066,NoButton,Move,838.72265625,601.84375
459.26500511169434,459.26500511169434,NoButton,Move,811.31640625,591.69140625
459.27274227142334,459.27274227142334,NoButton,Move,757.28515625,572.29296875
459.2816581726074,459.2816581726074,NoButton,Move,702.1328125,549.6640625
459.28962206840515,459.28962206840515,NoButton,Move,679.1328125,540.078125
459.297080039978,459.297080039978,NoButton,Move,633.64453125,520.58203125
459.30564308166504,459.30564308166504,NoButton,Move,593.58203125,503.5859375
459.3139760494232,459.3139760494232,NoButton,Move,558.87109375,487.38671875
459.324312210083,459.324312210083,NoButton,Move,547.1484375,480.7890625
459.3307960033417,459.3307960033417,NoButton,Move,524.1484375,469.2890625
459.33893513679504,459.33893513679504,NoButton,Move,505.2109375,458.46484375
459.3464744091034,459.3464744091034,NoButton,Move,499.0,455.078125
459.35524821281433,459.35524821281433,NoButton,Move,487.27734375,447.75
459.36356019973755,459.36356019973755,NoButton,Move,478.84765625,441.9140625
459.3713262081146,459.3713262081146,NoButton,Move,476.296875,440.2109375
459.62530612945557,459.62530612945557,NoButton,Move,476.296875,439.74609375
459.63344836235046,459.63344836235046,NoButton,Move,476.296875,437.8984375
459.64189624786377,459.64189624786377,NoButton,Move,475.5546875,436.05078125
459.6500861644745,459.6500861644745,NoButton,Move,473.7421875,432.87890625
459.65801429748535,459.65801429748535,NoButton,Move,471.19921875,428.30078125
459.66608715057373,459.66608715057373,NoButton,Move,467.63671875,424.23046875
459.6742432117462,459.6742432117462,NoButton,Move,464.58203125,419.65234375
459.68275713920593,459.68275713920593,NoButton,Move,460.82421875,414.82421875
459.69671511650085,459.69671511650085,NoButton,Move,457.26171875,410.75390625
459.6984362602234,459.6984362602234,NoButton,Move,453.89453125,407.38671875
459.7068500518799,459.7068500518799,NoButton,Move,452.78515625,405.90625
459.7151041030884,459.7151041030884,NoButton,Move,450.06640625,403.1875
459.7233600616455,459.7233600616455,NoButton,Move,447.94140625,401.0625
459.731210231781,459.731210231781,NoButton,Move,446.3515625,399.07421875
459.73964524269104,459.73964524269104,NoButton,Move,445.32421875,398.046875
459.74825716018677,459.74825716018677,NoButton,Move,444.6953125,397.10546875
459.75615215301514,459.75615215301514,NoButton,Move,444.06640625,396.1640625
459.7642984390259,459.7642984390259,NoButton,Move,443.77734375,395.58984375
459.77365231513977,459.77365231513977,NoButton,Move,443.515625,395.328125
459.7808132171631,459.7808132171631,NoButton,Move,443.515625,395.06640625
459.78836727142334,459.78836727142334,NoButton,Move,443.515625,394.4921875
459.80539107322693,459.80539107322693,NoButton,Move,443.515625,394.24609375
459.82266640663147,459.82266640663147,Left,Pressed,443.515625,394.24609375
459.8457021713257,459.8457021713257,NoButton,Move,443.515625,394.12109375
459.9222881793976,459.9222881793976,Left,Released,443.515625,394.12109375
460.3036353588104,460.3036353588104,NoButton,Move,443.74609375,394.81640625
460.3118393421173,460.3118393421173,NoButton,Move,449.07421875,400.73828125
460.3203251361847,460.3203251361847,NoButton,Move,454.65625,407.5625
460.32861518859863,460.32861518859863,NoButton,Move,461.41796875,416.35546875
460.39869022369385,460.39869022369385,NoButton,Move,470.20703125,426.609375
460.3987431526184,460.3987431526184,NoButton,Move,486.9765625,447.328125
460.3987822532654,460.3987822532654,NoButton,Move,506.796875,470.27734375
460.39882802963257,460.39882802963257,NoButton,Move,529.8984375,495.578125
460.3988630771637,460.3988630771637,NoButton,Move,554.09765625,520.87890625
460.39891505241394,460.39891505241394,NoButton,Move,579.3984375,545.078125
460.39895033836365,460.39895033836365,NoButton,Move,603.39453125,564.8984375
460.39898324012756,460.39898324012756,NoButton,Move,612.86328125,570.984375
460.40294337272644,460.40294337272644,NoButton,Move,631.20703125,580.58984375
460.4113562107086,460.4113562107086,NoButton,Move,648.36328125,585.4921875
462.66316318511963,462.66316318511963,NoButton,Move,648.12890625,587.5703125
462.6773941516876,462.6773941516876,NoButton,Move,648.12890625,591.19140625
462.6774551868439,462.6774551868439,NoButton,Move,648.12890625,594.8125
462.68960523605347,462.68960523605347,NoButton,Move,648.12890625,597.19140625
462.6940793991089,462.6940793991089,NoButton,Move,648.5234375,599.56640625
462.70460629463196,462.70460629463196,NoButton,Move,649.7109375,601.9453125
462.71079421043396,462.71079421043396,NoButton,Move,651.296875,603.9296875
462.7203221321106,462.7203221321106,NoButton,Move,653.28125,605.515625
462.72721219062805,462.72721219062805,NoButton,Move,655.125,606.62109375
462.73700523376465,462.73700523376465,NoButton,Move,658.48828125,609.50390625
462.74329924583435,462.74329924583435,NoButton,Move,663.0625,612.04296875
462.75150418281555,462.75150418281555,NoButton,Move,667.63671875,614.58203125
462.75938630104065,462.75938630104065,NoButton,Move,672.71875,616.61328125
462.76809215545654,462.76809215545654,NoButton,Move,678.6171875,618.7578125
462.7758719921112,462.7758719921112,NoButton,Move,684.515625,620.90234375
462.78389620780945,462.78389620780945,NoButton,Move,690.4140625,622.5078125
462.79245829582214,462.79245829582214,NoButton,Move,695.49609375,624.03125
462.8001620769501,462.8001620769501,NoButton,Move,700.578125,625.5546875
462.8092153072357,462.8092153072357,NoButton,Move,702.95703125,625.94921875
462.8169002532959,462.8169002532959,NoButton,Move,706.578125,626.3984375
462.82559514045715,462.82559514045715,NoButton,Move,708.95703125,627.19140625
462.8332552909851,462.8332552909851,NoButton,Move,710.80078125,627.55859375
462.8417091369629,462.8417091369629,NoButton,Move,712.1640625,627.8984375
462.8497211933136,462.8497211933136,NoButton,Move,713.1015625,627.8984375
462.85756516456604,462.85756516456604,NoButton,Move,713.359375,628.15625
462.86685729026794,462.86685729026794,NoButton,Move,713.6171875,628.15625
462.8739273548126,462.8739273548126,NoButton,Move,713.875,628.15625
462.8823380470276,462.8823380470276,NoButton,Move,714.1328125,628.15625
462.9811131954193,462.9811131954193,NoButton,Move,714.36328125,628.15625
463.1140601634979,463.1140601634979,NoButton,Move,714.36328125,627.921875
463.12584114074707,463.12584114074707,NoButton,Move,714.36328125,626.98046875
463.1281912326813,463.1281912326813,NoButton,Move,714.36328125,624.00390625
463.13854932785034,463.13854932785034,NoButton,Move,714.36328125,621.02734375
463.1442391872406,463.1442391872406,NoButton,Move,715.32421875,616.69921875
463.1554112434387,463.1554112434387,NoButton,Move,716.84765625,611.61328125
463.16113924980164,463.16113924980164,NoButton,Move,718.9921875,605.7109375
463.1723802089691,463.1723802089691,NoButton,Move,721.13671875,599.80859375
463.1771273612976,463.1771273612976,NoButton,Move,723.50390625,592.10546875
463.1888961791992,463.1888961791992,NoButton,Move,726.46484375,584.99609375
463.19387435913086,463.19387435913086,NoButton,Move,729.42578125,577.88671875
463.2014660835266,463.2014660835266,NoButton,Move,734.55078125,565.4296875
463.21021914482117,463.21021914482117,NoButton,Move,738.42578125,556.37890625
463.21966004371643,463.21966004371643,NoButton,Move,741.52734375,547.69140625
463.2280261516571,463.2280261516571,NoButton,Move,742.96875,543.36328125
463.23478603363037,463.23478603363037,NoButton,Move,745.22265625,536.58984375
463.24287939071655,463.24287939071655,NoButton,Move,746.41015625,534.20703125
463.25089025497437,463.25089025497437,NoButton,Move,747.8515625,529.87890625
463.260466337204,463.260466337204,NoButton,Move,749.20703125,526.25390625
463.26689100265503,463.26689100265503,NoButton,Move,750.0,523.87109375
463.27536511421204,463.27536511421204,NoButton,Move,750.39453125,521.48828125
463.2833950519562,463.2833950519562,NoButton,Move,750.734375,520.12109375
463.291629076004,463.291629076004,NoButton,Move,750.734375,519.546875
463.299791097641,463.299791097641,NoButton,Move,750.734375,518.97265625
463.30788135528564,463.30788135528564,NoButton,Move,750.734375,518.3984375
463.32444620132446,463.32444620132446,NoButton,Move,749.9140625,518.3984375
467.5995662212372,467.5995662212372,NoButton,Move,747.13671875,521.63671875
467.6186912059784,467.6186912059784,NoButton,Move,742.30859375,525.390625
467.61884903907776,467.61884903907776,NoButton,Move,737.73046875,528.44140625
467.6218602657318,467.6218602657318,NoButton,Move,731.51953125,531.26171875
467.6304352283478,467.6304352283478,NoButton,Move,725.6171875,532.8671875
467.6403751373291,467.6403751373291,NoButton,Move,717.9140625,533.45703125
467.6466360092163,467.6466360092163,NoButton,Move,709.2265625,534.07421875
467.6548521518707,467.6548521518707,NoButton,Move,698.40234375,534.07421875
467.66308403015137,467.66308403015137,NoButton,Move,676.7578125,534.07421875
467.6713881492615,467.6713881492615,NoButton,Move,653.50390625,530.3515625
467.67967414855957,467.67967414855957,NoButton,Move,628.5859375,523.640625
467.687872171402,467.687872171402,NoButton,Move,597.50390625,515.06640625
467.6960391998291,467.6960391998291,NoButton,Move,566.421875,504.34765625
467.70421624183655,467.70421624183655,NoButton,Move,536.4140625,492.55859375
467.7122962474823,467.7122962474823,NoButton,Move,508.28515625,481.09765625
467.72407507896423,467.72407507896423,NoButton,Move,481.89453125,468.91796875
467.7290003299713,467.7290003299713,NoButton,Move,470.171875,462.3203125
467.73715138435364,467.73715138435364,NoButton,Move,446.4921875,449.4921875
467.74520611763,467.74520611763,NoButton,Move,428.45703125,436.8671875
467.75351333618164,467.75351333618164,NoButton,Move,412.73046875,423.76171875
467.76171016693115,467.76171016693115,NoButton,Move,399.65625,412.3203125
467.7699201107025,467.7699201107025,NoButton,Move,395.8984375,407.4921875
467.7781791687012,467.7781791687012,NoButton,Move,387.77734375,399.37109375
467.786413192749,467.786413192749,NoButton,Move,385.05859375,396.65234375
467.7945683002472,467.7945683002472,NoButton,Move,380.54296875,391.5703125
467.80275416374207,467.80275416374207,NoButton,Move,377.82421875,388.8515625
467.8109471797943,467.8109471797943,NoButton,Move,375.69921875,386.7265625
467.8192102909088,467.8192102909088,NoButton,Move,374.671875,385.69921875
467.82734417915344,467.82734417915344,NoButton,Move,374.09765625,385.41015625
467.8360650539398,467.8360650539398,NoButton,Move,373.5234375,385.41015625
467.84416103363037,467.84416103363037,NoButton,Move,373.26171875,385.41015625
467.85217118263245,467.85217118263245,NoButton,Move,372.97265625,385.98046875
467.86016511917114,467.86016511917114,NoButton,Move,372.97265625,387.34375
467.8681273460388,467.8681273460388,NoButton,Move,372.97265625,389.72265625
467.88122820854187,467.88122820854187,NoButton,Move,372.97265625,392.6953125
467.8839180469513,467.8839180469513,NoButton,Move,372.97265625,396.31640625
467.8924262523651,467.8924262523651,NoButton,Move,372.97265625,400.62890625
467.900514125824,467.900514125824,NoButton,Move,373.453125,404.953125
467.90909719467163,467.90909719467163,NoButton,Move,375.484375,410.03515625
467.91685342788696,467.91685342788696,NoButton,Move,377.515625,415.1171875
467.92571330070496,467.92571330070496,NoButton,Move,380.3359375,421.32421875
467.93380522727966,467.93380522727966,NoButton,Move,382.875,425.8984375
467.94430208206177,467.94430208206177,NoButton,Move,386.08984375,431.26171875
467.9495553970337,467.9495553970337,NoButton,Move,388.4921875,435.10546875
467.95823311805725,467.95823311805725,NoButton,Move,389.96484375,436.578125
467.9664261341095,467.9664261341095,NoButton,Move,392.2265625,439.74609375
467.97453022003174,467.97453022003174,NoButton,Move,394.34765625,441.8671875
467.9828271865845,467.9828271865845,NoButton,Move,396.33203125,443.453125
467.99085426330566,467.99085426330566,NoButton,Move,397.80859375,444.55859375
467.9991841316223,467.9991841316223,NoButton,Move,399.171875,445.23828125
468.0072672367096,468.0072672367096,NoButton,Move,400.109375,445.86328125
468.01540303230286,468.01540303230286,NoButton,Move,401.046875,446.17578125
468.0386643409729,468.0386643409729,Left,Pressed,401.046875,446.17578125
468.05519938468933,468.05519938468933,NoButton,Move,401.3125,446.44140625
468.17203521728516,468.17203521728516,Left,Released,401.3125,446.44140625
469.1063811779022,469.1063811779022,NoButton,Move,401.3125,446.20703125
469.1454393863678,469.1454393863678,NoButton,Move,401.3125,445.96875
469.1629092693329,469.1629092693329,NoButton,Move,401.3125,445.72265625
469.17277121543884,469.17277121543884,NoButton,Move,401.0234375,445.1484375
469.17901515960693,469.17901515960693,NoButton,Move,401.0234375,444.57421875
469.1897702217102,469.1897702217102,NoButton,Move,401.0234375,444.0
469.1949951648712,469.1949951648712,NoButton,Move,400.6796875,442.6328125
469.207896232605,469.207896232605,NoButton,Move,400.6796875,441.265625
469.2115421295166,469.2115421295166,NoButton,Move,399.8828125,438.8828125
469.22402024269104,469.22402024269104,NoButton,Move,399.8828125,437.515625
469.22939229011536,469.22939229011536,NoButton,Move,399.51171875,435.66796875
469.2408871650696,469.2408871650696,NoButton,Move,399.05859375,432.04296875
469.24410915374756,469.24410915374756,NoButton,Move,399.05859375,430.67578125
469.25664019584656,469.25664019584656,NoButton,Move,399.05859375,428.29296875
469.2605302333832,469.2605302333832,NoButton,Move,399.05859375,425.91015625
469.2712981700897,469.2712981700897,NoButton,Move,399.05859375,424.0625
469.27682614326477,469.27682614326477,NoButton,Move,399.05859375,422.21484375
469.28516721725464,469.28516721725464,NoButton,Move,399.05859375,420.3671875
469.2933213710785,469.2933213710785,NoButton,Move,399.05859375,419.0
469.3012981414795,469.3012981414795,NoButton,Move,399.05859375,417.6328125
469.3107182979584,469.3107182979584,NoButton,Move,399.05859375,416.265625
469.3193373680115,469.3193373680115,NoButton,Move,399.05859375,415.32421875
469.3265702724457,469.3265702724457,NoButton,Move,399.05859375,414.75
469.3576183319092,469.3576183319092,NoButton,Move,399.05859375,413.80859375
469.3577914237976,469.3577914237976,NoButton,Move,399.05859375,412.8671875
469.3578402996063,469.3578402996063,NoButton,Move,399.05859375,412.29296875
469.3578600883484,469.3578600883484,NoButton,Move,399.05859375,411.3515625
469.3662950992584,469.3662950992584,NoButton,Move,399.05859375,410.77734375
469.3742730617523,469.3742730617523,NoButton,Move,399.05859375,410.203125
469.38266706466675,469.38266706466675,NoButton,Move,399.05859375,409.26171875
469.3905773162842,469.3905773162842,NoButton,Move,398.76953125,408.6875
469.3990652561188,469.3990652561188,NoButton,Move,398.76953125,407.74609375
469.4068422317505,469.4068422317505,NoButton,Move,398.48046875,407.171875
469.41562008857727,469.41562008857727,NoButton,Move,398.48046875,406.23046875
469.4237313270569,469.4237313270569,NoButton,Move,398.48046875,405.2890625
469.431832075119,469.431832075119,NoButton,Move,398.13671875,403.921875
469.43971729278564,469.43971729278564,NoButton,Move,398.13671875,402.98046875
469.4489862918854,469.4489862918854,NoButton,Move,398.13671875,401.61328125
469.4569411277771,469.4569411277771,NoButton,Move,398.13671875,399.765625
469.46483302116394,469.46483302116394,NoButton,Move,398.13671875,398.3984375
469.472971200943,469.472971200943,NoButton,Move,398.13671875,396.55078125
469.4812252521515,469.4812252521515,NoButton,Move,398.13671875,395.18359375
469.48970317840576,469.48970317840576,NoButton,Move,398.13671875,393.81640625
469.49748826026917,469.49748826026917,NoButton,Move,398.13671875,391.96875
469.5058741569519,469.5058741569519,NoButton,Move,398.13671875,390.6015625
469.5142719745636,469.5142719745636,NoButton,Move,398.13671875,389.66015625
469.5222451686859,469.5222451686859,NoButton,Move,398.13671875,388.71875
469.5332541465759,469.5332541465759,NoButton,Move,398.13671875,387.77734375
469.5388491153717,469.5388491153717,NoButton,Move,398.13671875,387.203125
469.5488603115082,469.5488603115082,NoButton,Move,398.13671875,386.94140625
469.5560121536255,469.5560121536255,NoButton,Move,398.13671875,386.3671875
469.57141518592834,469.57141518592834,NoButton,Move,398.13671875,386.12109375
469.5794560909271,469.5794560909271,NoButton,Move,398.13671875,385.859375
469.5967082977295,469.5967082977295,NoButton,Move,398.13671875,385.61328125
469.6120660305023,469.6120660305023,NoButton,Move,398.13671875,385.3671875
469.6553883552551,469.6553883552551,Left,Pressed,398.13671875,385.3671875
469.8053193092346,469.8053193092346,Left,Released,398.13671875,385.3671875
470.138521194458,470.138521194458,NoButton,Move,398.13671875,385.59765625
470.14405822753906,470.14405822753906,NoButton,Move,398.13671875,385.85546875
470.1544392108917,470.1544392108917,NoButton,Move,398.13671875,386.42578125
470.16023421287537,470.16023421287537,NoButton,Move,398.421875,386.99609375
470.1720561981201,470.1720561981201,NoButton,Move,399.046875,387.93359375
470.1767601966858,470.1767601966858,NoButton,Move,400.15234375,389.41015625
470.1847233772278,470.1847233772278,NoButton,Move,401.73828125,391.39453125
470.19314527511597,470.19314527511597,NoButton,Move,403.72265625,392.98046875
470.20117020606995,470.20117020606995,NoButton,Move,406.26953125,395.1015625
470.2104470729828,470.2104470729828,NoButton,Move,411.91015625,399.61328125
470.21789836883545,470.21789836883545,NoButton,Move,416.734375,403.3671875
470.2261061668396,470.2261061668396,NoButton,Move,423.25,408.10546875
470.2347593307495,470.2347593307495,NoButton,Move,431.02734375,413.9375
470.24258828163147,470.24258828163147,NoButton,Move,439.8203125,420.69921875
470.25185918807983,470.25185918807983,NoButton,Move,451.23046875,429.828125
470.2602150440216,470.2602150440216,NoButton,Move,462.640625,438.95703125
470.267254114151,470.267254114151,NoButton,Move,474.05078125,448.84375
470.274875164032,470.274875164032,NoButton,Move,487.12109375,461.09765625
470.2831621170044,470.2831621170044,NoButton,Move,499.375,473.3515625
470.2911343574524,470.2911343574524,NoButton,Move,512.4453125,484.7890625
470.30059027671814,470.30059027671814,NoButton,Move,524.66015625,497.00390625
470.3074622154236,470.3074622154236,NoButton,Move,535.30859375,507.65234375
470.3160402774811,470.3160402774811,NoButton,Move,545.95703125,517.5390625
470.3242812156677,470.3242812156677,NoButton,Move,555.48046875,527.0625
470.33247923851013,470.33247923851013,NoButton,Move,558.84375,530.42578125
470.42846417427063,470.42846417427063,NoButton,Move,566.9609375,537.86328125
470.4285252094269,470.4285252094269,NoButton,Move,574.08984375,544.9921875
470.42856431007385,470.42856431007385,NoButton,Move,580.29296875,551.1953125
470.4286000728607,470.4286000728607,NoButton,Move,584.8046875,556.2734375
470.42863416671753,470.42863416671753,NoButton,Move,589.8828125,561.3515625
470.42866826057434,470.42866826057434,NoButton,Move,593.63671875,566.17578125
470.42870330810547,470.42870330810547,NoButton,Move,596.6875,570.75
470.4291121959686,470.4291121959686,NoButton,Move,599.2265625,575.32421875
470.4291732311249,470.4291732311249,NoButton,Move,601.62890625,579.16796875
470.4292242527008,470.4292242527008,NoButton,Move,603.4375,582.7890625
470.42927408218384,470.42927408218384,NoButton,Move,604.33984375,586.41015625
470.4299352169037,470.4299352169037,NoButton,Move,604.6796875,587.7734375
470.438312292099,470.438312292099,NoButton,Move,605.1015625,590.74609375
470.4463920593262,470.4463920593262,NoButton,Move,605.58203125,595.0703125
470.45466017723083,470.45466017723083,NoButton,Move,605.58203125,596.43359375
470.4624812602997,470.4624812602997,NoButton,Move,605.58203125,600.0546875
470.4708390235901,470.4708390235901,NoButton,Move,605.58203125,601.41796875
470.47894620895386,470.47894620895386,NoButton,Move,605.2109375,603.26171875
470.48735427856445,470.48735427856445,NoButton,Move,604.52734375,604.625
470.49543499946594,470.49543499946594,NoButton,Move,603.8984375,605.5625
470.5035352706909,470.5035352706909,NoButton,Move,603.26953125,606.5
470.5120551586151,470.5120551586151,NoButton,Move,602.98046875,607.0703125
470.5199921131134,470.5199921131134,NoButton,Move,602.40625,607.35546875
470.528204202652,470.528204202652,NoButton,Move,602.14453125,607.61328125
470.53643012046814,470.53643012046814,NoButton,Move,602.14453125,607.87109375
470.54460620880127,470.54460620880127,NoButton,Move,602.14453125,608.12890625
470.60267639160156,470.60267639160156,NoButton,Move,602.87109375,608.12890625
470.6100962162018,470.6100962162018,NoButton,Move,604.234375,608.12890625
470.6185631752014,470.6185631752014,NoButton,Move,605.171875,608.12890625
470.62689304351807,470.62689304351807,NoButton,Move,607.015625,608.12890625
470.6383743286133,470.6383743286133,NoButton,Move,608.859375,608.12890625
470.64303612709045,470.64303612709045,NoButton,Move,610.22265625,608.12890625
470.6511662006378,470.6511662006378,NoButton,Move,612.06640625,608.49609375
470.65946221351624,470.65946221351624,NoButton,Move,613.91015625,608.86328125
470.66779804229736,470.66779804229736,NoButton,Move,615.2734375,609.203125
470.6757411956787,470.6757411956787,NoButton,Move,616.2109375,609.515625
470.68498730659485,470.68498730659485,NoButton,Move,616.78125,609.80078125
470.692262172699,470.692262172699,NoButton,Move,617.3515625,610.0859375
470.7004952430725,470.7004952430725,NoButton,Move,617.609375,610.34375
470.7088842391968,470.7088842391968,NoButton,Move,617.8671875,610.6015625
470.71690011024475,470.71690011024475,NoButton,Move,618.125,610.859375
470.7254033088684,470.7254033088684,NoButton,Move,618.3828125,610.859375
470.90153336524963,470.90153336524963,Right,Pressed,618.3828125,610.859375
471.0315613746643,471.0315613746643,Right,Released,618.3828125,610.859375
471.24983620643616,471.24983620643616,NoButton,Move,618.61328125,610.859375
471.2599811553955,471.2599811553955,NoButton,Move,619.18359375,610.859375
471.26582622528076,471.26582622528076,NoButton,Move,619.75390625,610.859375
471.2772512435913,471.2772512435913,NoButton,Move,620.69140625,610.859375
471.2827932834625,471.2827932834625,NoButton,Move,622.0546875,610.515625
471.291020154953,471.291020154953,NoButton,Move,623.078125,609.48828125
471.29833126068115,471.29833126068115,NoButton,Move,625.19921875,607.36328125
471.3066952228546,471.3066952228546,NoButton,Move,626.3046875,605.515625
471.31478238105774,471.31478238105774,NoButton,Move,627.09765625,603.1328125
471.3251631259918,471.3251631259918,NoButton,Move,628.796875,600.58203125
471.3312282562256,471.3312282562256,NoButton,Move,630.0703125,597.60546875
471.34012627601624,471.34012627601624,NoButton,Move,630.4375,595.7578125
471.3495421409607,471.3495421409607,NoButton,Move,632.359375,591.4296875
471.35653924942017,471.35653924942017,NoButton,Move,632.7265625,589.58203125
471.3639543056488,471.3639543056488,NoButton,Move,633.9140625,587.19921875
471.3731153011322,471.3731153011322,NoButton,Move,634.70703125,584.81640625
471.3802852630615,471.3802852630615,NoButton,Move,635.046875,583.44921875
471.3898820877075,471.3898820877075,NoButton,Move,635.78515625,581.6015625
471.3970241546631,471.3970241546631,NoButton,Move,636.09765625,580.66015625
471.40766620635986,471.40766620635986,NoButton,Move,636.3828125,580.0859375
471.4131591320038,471.4131591320038,NoButton,Move,636.6953125,579.14453125
471.42342925071716,471.42342925071716,NoButton,Move,636.953125,578.8828125
471.431645154953,471.431645154953,NoButton,Move,637.2109375,578.62109375
471.4555923938751,471.4555923938751,Left,Pressed,637.2109375,578.62109375
471.4720151424408,471.4720151424408,NoButton,Move,637.2109375,578.49609375
471.5721170902252,471.5721170902252,Left,Released,637.2109375,578.49609375
472.12476420402527,472.12476420402527,NoButton,Move,636.9765625,578.49609375
472.13331413269043,472.13331413269043,NoButton,Move,635.609375,578.49609375
472.14129614830017,472.14129614830017,NoButton,Move,633.05859375,576.79296875
472.14921522140503,472.14921522140503,NoButton,Move,629.88671875,574.52734375
472.158221244812,472.158221244812,NoButton,Move,626.71484375,572.26171875
472.16602420806885,472.16602420806885,NoButton,Move,623.34765625,569.375
472.1741313934326,472.1741313934326,NoButton,Move,619.27734375,565.8125
472.1821141242981,472.1821141242981,NoButton,Move,615.20703125,562.25
472.1903233528137,472.1903233528137,NoButton,Move,608.07421875,555.1171875
472.1985430717468,472.1985430717468,NoButton,Move,604.70703125,552.23046875
472.20689725875854,472.20689725875854,NoButton,Move,599.625,547.1484375
472.2152142524719,472.2152142524719,NoButton,Move,594.54296875,542.06640625
472.22340726852417,472.22340726852417,NoButton,Move,585.3828125,533.609375
472.2318172454834,472.2318172454834,NoButton,Move,582.6640625,530.890625
472.2408812046051,472.2408812046051,NoButton,Move,576.73828125,525.55859375
472.2483992576599,472.2483992576599,NoButton,Move,570.8125,520.2265625
472.25618505477905,472.25618505477905,NoButton,Move,563.984375,514.640625
472.26452708244324,472.26452708244324,NoButton,Move,558.33984375,510.125
472.272527217865,472.272527217865,NoButton,Move,551.8203125,505.3828125
472.280490398407,472.280490398407,NoButton,Move,540.828125,497.3203125
472.288987159729,472.288987159729,NoButton,Move,534.0,491.734375
472.2973392009735,472.2973392009735,NoButton,Move,526.55859375,486.7734375
472.3053812980652,472.3053812980652,NoButton,Move,518.12890625,480.9375
472.31333327293396,472.31333327293396,NoButton,Move,509.69921875,475.75
472.3221962451935,472.3221962451935,NoButton,Move,505.12109375,472.6953125
472.3298501968384,472.3298501968384,NoButton,Move,498.01171875,468.546875
472.3394191265106,472.3394191265106,NoButton,Move,489.9453125,464.203125
472.34705114364624,472.34705114364624,NoButton,Move,483.42578125,460.0546875
472.3565843105316,472.3565843105316,NoButton,Move,477.21484375,456.66796875
472.3625383377075,472.3625383377075,NoButton,Move,471.84765625,453.984375
472.3713290691376,472.3713290691376,NoButton,Move,470.0,453.2421875
472.38002920150757,472.38002920150757,NoButton,Move,466.39453125,451.4375
472.391398191452,472.391398191452,NoButton,Move,464.01171875,450.24609375
472.3954873085022,472.3954873085022,NoButton,Move,462.1640625,449.13671875
472.40672731399536,472.40672731399536,NoButton,Move,460.796875,448.453125
472.414222240448,472.414222240448,NoButton,Move,459.4296875,448.109375
472.4225814342499,472.4225814342499,NoButton,Move,458.48828125,447.79296875
472.42832612991333,472.42832612991333,NoButton,Move,457.9140625,447.50390625
472.4397602081299,472.4397602081299,NoButton,Move,456.97265625,447.50390625
472.44419527053833,472.44419527053833,NoButton,Move,456.3984375,447.50390625
472.4555082321167,472.4555082321167,NoButton,Move,455.45703125,447.50390625
472.4604811668396,472.4604811668396,NoButton,Move,454.8828125,447.50390625
472.47107124328613,472.47107124328613,NoButton,Move,453.94140625,447.50390625
472.47739696502686,472.47739696502686,NoButton,Move,452.57421875,447.50390625
472.4891402721405,472.4891402721405,NoButton,Move,451.6328125,447.50390625
472.49320912361145,472.49320912361145,NoButton,Move,450.265625,447.50390625
472.5067901611328,472.5067901611328,NoButton,Move,448.8984375,447.16015625
472.5095331668854,472.5095331668854,NoButton,Move,447.53125,447.16015625
472.5185341835022,472.5185341835022,NoButton,Move,446.58984375,447.16015625
472.5260682106018,472.5260682106018,NoButton,Move,445.22265625,446.81640625
472.5342411994934,472.5342411994934,NoButton,Move,444.28125,446.81640625
472.5425763130188,472.5425763130188,NoButton,Move,443.70703125,446.81640625
472.5513482093811,472.5513482093811,NoButton,Move,442.765625,446.5
472.55888414382935,472.55888414382935,NoButton,Move,442.50390625,446.5
472.5679421424866,472.5679421424866,NoButton,Move,441.9296875,446.2109375
472.5754029750824,472.5754029750824,NoButton,Move,441.66796875,446.2109375
472.60045623779297,472.60045623779297,NoButton,Move,441.66796875,445.96875
472.79694628715515,472.79694628715515,NoButton,Move,441.66796875,445.734375
472.8460352420807,472.8460352420807,NoButton,Move,441.66796875,445.49609375
472.97234416007996,472.97234416007996,Left,Pressed,441.66796875,445.49609375
473.20671939849854,473.20671939849854,Left,Released,441.66796875,445.49609375
473.5497372150421,473.5497372150421,NoButton,Move,441.66796875,445.7265625
473.5578582286835,473.5578582286835,NoButton,Move,441.66796875,445.984375
473.5658302307129,473.5658302307129,NoButton,Move,441.66796875,446.2421875
473.57453322410583,473.57453322410583,NoButton,Move,441.92578125,446.5
473.58227610588074,473.58227610588074,NoButton,Move,442.18359375,446.5
473.5923430919647,473.5923430919647,NoButton,Move,442.44140625,446.7578125
473.5986223220825,473.5986223220825,NoButton,Move,442.7265625,447.328125
473.60672211647034,473.60672211647034,NoButton,Move,443.01171875,447.8984375
473.6150891780853,473.6150891780853,NoButton,Move,444.03515625,448.921875
473.623259305954,473.623259305954,NoButton,Move,445.140625,450.3984375
473.6313931941986,473.6313931941986,NoButton,Move,447.125,451.984375
473.6395962238312,473.6395962238312,NoButton,Move,449.24609375,454.10546875
473.6478111743927,473.6478111743927,NoButton,Move,451.9609375,456.8203125
473.6559352874756,473.6559352874756,NoButton,Move,457.8828125,462.1484375
473.66421723365784,473.66421723365784,NoButton,Move,463.5234375,466.66015625
473.67231822013855,473.67231822013855,NoButton,Move,470.96484375,471.62109375
473.6810612678528,473.6810612678528,NoButton,Move,479.390625,477.453125
473.68875908851624,473.68875908851624,NoButton,Move,490.37890625,484.77734375
473.69685912132263,473.69685912132263,NoButton,Move,512.41796875,497.234375
473.70487332344055,473.70487332344055,NoButton,Move,532.25390625,506.25
473.71298813819885,473.71298813819885,NoButton,Move,555.25,516.7890625
473.72105598449707,473.72105598449707,NoButton,Move,581.63671875,527.953125
473.72956013679504,473.72956013679504,NoButton,Move,638.19921875,549.1640625
473.7378833293915,473.7378833293915,NoButton,Move,655.94921875,555.92578125
473.7468822002411,473.7468822002411,NoButton,Move,722.85546875,580.25390625
473.7563624382019,473.7563624382019,NoButton,Move,743.59375,587.46484375
473.7621612548828,473.7621612548828,NoButton,Move,783.65234375,603.2421875
474.83149003982544,474.83149003982544,NoButton,Move,784.80859375,603.93359375
474.8315622806549,474.8315622806549,NoButton,Move,786.9296875,606.0546875
474.8316242694855,474.8316242694855,NoButton,Move,789.05078125,608.17578125
474.835645198822,474.835645198822,NoButton,Move,792.4140625,611.05859375
474.8585522174835,474.8585522174835,NoButton,Move,795.77734375,614.421875
474.85858631134033,474.85858631134033,NoButton,Move,802.90625,621.55078125
474.858704328537,474.858704328537,NoButton,Move,810.34375,629.66796875
474.86678814888,474.86678814888,NoButton,Move,817.38671875,639.53125
474.87504410743713,474.87504410743713,NoButton,Move,825.13671875,649.39453125
474.8833463191986,474.8833463191986,NoButton,Move,832.4609375,660.3828125
474.89136004447937,474.89136004447937,NoButton,Move,839.78515625,671.37109375
474.8997702598572,474.8997702598572,NoButton,Move,845.64453125,683.82421875
474.90771198272705,474.90771198272705,NoButton,Move,849.87109375,695.09375
474.9157831668854,474.9157831668854,NoButton,Move,853.390625,707.0703125
474.92390418052673,474.92390418052673,NoButton,Move,855.41796875,717.890625
474.93220710754395,474.93220710754395,NoButton,Move,856.09375,728.7109375
474.94024419784546,474.94024419784546,NoButton,Move,856.09375,739.53125
474.9485170841217,474.9485170841217,NoButton,Move,856.09375,749.25390625
474.9566831588745,474.9566831588745,NoButton,Move,853.55078125,753.828125
474.96516513824463,474.96516513824463,NoButton,Move,847.23828125,768.81640625
474.97319436073303,474.97319436073303,NoButton,Move,841.03125,775.640625
474.98132133483887,474.98132133483887,NoButton,Move,833.8984375,782.76953125
474.98954701423645,474.98954701423645,NoButton,Move,825.1015625,789.53125
474.99773621559143,474.99773621559143,NoButton,Move,814.53125,795.87109375
475.0058810710907,475.0058810710907,NoButton,Move,805.453125,800.40625
475.0141701698303,475.0141701698303,NoButton,Move,795.3046875,805.140625
475.02227306365967,475.02227306365967,NoButton,Move,790.21875,806.6640625
475.0302891731262,475.0302891731262,NoButton,Move,781.53125,809.765625
475.03859305381775,475.03859305381775,NoButton,Move,774.7578125,812.01953125
475.0467073917389,475.0467073917389,NoButton,Move,771.78125,812.44140625
475.05504417419434,475.05504417419434,NoButton,Move,767.45703125,813.87890625
475.0630671977997,475.0630671977997,NoButton,Move,764.48046875,814.30078125
475.0715084075928,475.0715084075928,NoButton,Move,762.09765625,814.6953125
475.0797302722931,475.0797302722931,NoButton,Move,760.73046875,815.03515625
475.087815284729,475.087815284729,NoButton,Move,760.15625,815.3203125
475.0959873199463,475.0959873199463,NoButton,Move,759.58203125,815.3203125
475.1041133403778,475.1041133403778,NoButton,Move,759.3203125,815.3203125
475.25553035736084,475.25553035736084,Left,Pressed,759.3203125,815.3203125
475.3889391422272,475.3889391422272,Left,Released,759.3203125,815.3203125
475.9734363555908,475.9734363555908,NoButton,Move,759.0859375,815.3203125
