4201.860517978668,4201.860517978668,NoButton,Move,510.72265625,601.94140625
4201.909471988678,4201.909471988678,NoButton,Move,510.95703125,601.94140625
4201.936196804047,4201.936196804047,NoButton,Move,511.19140625,601.94140625
4201.944291830063,4201.944291830063,NoButton,Move,511.44921875,601.94140625
4201.952472925186,4201.952472925186,NoButton,Move,511.70703125,601.94140625
4201.960503101349,4201.960503101349,NoButton,Move,511.96484375,601.94140625
4201.968775033951,4201.968775033951,NoButton,Move,512.22265625,601.94140625
4201.977145195007,4201.977145195007,NoButton,Move,512.48046875,601.94140625
4201.985151052475,4201.985151052475,NoButton,Move,512.73828125,601.94140625
4201.993389129639,4201.993389129639,NoButton,Move,512.99609375,601.94140625
4202.001673936844,4202.001673936844,NoButton,Move,513.25390625,601.94140625
4202.009819984436,4202.009819984436,NoButton,Move,513.51171875,601.94140625
4202.017961978912,4202.017961978912,NoButton,Move,513.76953125,601.94140625
4202.026310920715,4202.026310920715,NoButton,Move,514.02734375,601.94140625
4202.034431934357,4202.034431934357,NoButton,Move,514.28515625,601.94140625
4202.042340993881,4202.042340993881,NoButton,Move,514.54296875,601.94140625
4202.0507662296295,4202.0507662296295,NoButton,Move,514.80078125,601.94140625
4202.058739900589,4202.058739900589,NoButton,Move,515.05859375,601.94140625
4202.067080974579,4202.067080974579,NoButton,Move,515.31640625,601.94140625
4202.0752420425415,4202.0752420425415,NoButton,Move,515.57421875,601.94140625
4202.0835819244385,4202.0835819244385,NoButton,Move,515.83203125,601.94140625
4202.092500925064,4202.092500925064,NoButton,Move,516.08984375,601.94140625
4202.107743024826,4202.107743024826,NoButton,Move,516.33203125,601.94140625
4202.149327993393,4202.149327993393,NoButton,Move,516.56640625,601.94140625
4202.198256969452,4202.198256969452,NoButton,Move,516.80078125,601.94140625
4202.214858055115,4202.214858055115,NoButton,Move,517.04296875,601.94140625
4202.231231927872,4202.231231927872,NoButton,Move,517.28515625,601.94140625
4202.239201068878,4202.239201068878,NoButton,Move,517.54296875,601.94140625
4202.255254983902,4202.255254983902,NoButton,Move,517.78515625,601.6953125
4202.263679981232,4202.263679981232,NoButton,Move,518.04296875,601.6953125
4202.28052687645,4202.28052687645,NoButton,Move,518.28515625,601.6953125
4202.304682016373,4202.304682016373,NoButton,Move,518.28515625,601.453125
4202.4716539382935,4202.4716539382935,NoButton,Move,518.515625,601.453125
4202.478415966034,4202.478415966034,NoButton,Move,518.7734375,601.453125
4202.484857797623,4202.484857797623,NoButton,Move,519.03125,601.453125
4202.49325299263,4202.49325299263,NoButton,Move,519.6015625,601.453125
4202.501718997955,4202.501718997955,NoButton,Move,520.171875,601.453125
4202.509630918503,4202.509630918503,NoButton,Move,521.109375,601.453125
4202.519295930862,4202.519295930862,NoButton,Move,522.046875,600.82421875
4202.527991056442,4202.527991056442,NoButton,Move,522.984375,600.82421875
4202.536550045013,4202.536550045013,NoButton,Move,523.5546875,600.53515625
4202.543277025223,4202.543277025223,NoButton,Move,524.4921875,600.53515625
4202.551381111145,4202.551381111145,NoButton,Move,525.4296875,600.21875
4202.559367895126,4202.559367895126,NoButton,Move,526.0,599.9296875
4202.567764043808,4202.567764043808,NoButton,Move,526.5703125,599.640625
4202.574498176575,4202.574498176575,NoButton,Move,527.140625,599.640625
4202.5842270851135,4202.5842270851135,NoButton,Move,527.3984375,599.37890625
4202.59216594696,4202.59216594696,NoButton,Move,527.65625,599.37890625
4202.6005029678345,4202.6005029678345,NoButton,Move,527.9140625,599.1171875
4202.6087901592255,4202.6087901592255,NoButton,Move,528.171875,599.1171875
4202.61688709259,4202.61688709259,NoButton,Move,528.4296875,599.1171875
4202.625060796738,4202.625060796738,NoButton,Move,528.4296875,598.85546875
4203.03679394722,4203.03679394722,NoButton,Move,528.890625,598.85546875
4203.043623924255,4203.043623924255,NoButton,Move,529.4609375,598.85546875
4203.05485701561,4203.05485701561,NoButton,Move,530.03125,598.85546875
4203.057853937149,4203.057853937149,NoButton,Move,531.39453125,598.85546875
4203.068338871002,4203.068338871002,NoButton,Move,532.7578125,598.85546875
4203.074425935745,4203.074425935745,NoButton,Move,534.6015625,598.85546875
4203.084302186966,4203.084302186966,NoButton,Move,536.98046875,598.45703125
4203.091253042221,4203.091253042221,NoButton,Move,539.359375,598.45703125
4203.099105119705,4203.099105119705,NoButton,Move,541.73828125,598.45703125
4203.108030080795,4203.108030080795,NoButton,Move,545.359375,598.45703125
4203.115730047226,4203.115730047226,NoButton,Move,548.33203125,598.03125
4203.123357057571,4203.123357057571,NoButton,Move,551.953125,598.03125
4203.131402015686,4203.131402015686,NoButton,Move,555.57421875,598.03125
4203.139508962631,4203.139508962631,NoButton,Move,559.8984375,598.03125
4203.1476418972015,4203.1476418972015,NoButton,Move,563.51953125,597.578125
4203.155761003494,4203.155761003494,NoButton,Move,567.140625,597.578125
4203.163548946381,4203.163548946381,NoButton,Move,568.984375,597.20703125
4203.171977043152,4203.171977043152,NoButton,Move,571.95703125,597.20703125
4203.180068969727,4203.180068969727,NoButton,Move,574.3359375,596.80859375
4203.188237190247,4203.188237190247,NoButton,Move,576.1796875,596.80859375
4203.196419000626,4203.196419000626,NoButton,Move,578.0234375,596.80859375
4203.2049951553345,4203.2049951553345,NoButton,Move,579.38671875,596.46484375
4203.213212013245,4203.213212013245,NoButton,Move,580.75,596.46484375
4203.221262931824,4203.221262931824,NoButton,Move,581.3203125,596.17578125
4203.22976398468,4203.22976398468,NoButton,Move,581.890625,595.88671875
4203.237815141678,4203.237815141678,NoButton,Move,582.1484375,595.88671875
4203.245728969574,4203.245728969574,NoButton,Move,582.40625,595.88671875
4203.254323005676,4203.254323005676,NoButton,Move,582.6640625,595.88671875
4203.262015104294,4203.262015104294,NoButton,Move,582.921875,595.625
4203.270090103149,4203.270090103149,NoButton,Move,583.1796875,595.625
4227.688902854919,4227.688902854919,NoButton,Move,583.1796875,596.54296875
4227.696899175644,4227.696899175644,NoButton,Move,583.1796875,597.48046875
4227.71369600296,4227.71369600296,NoButton,Move,583.546875,599.32421875
4227.71438908577,4227.71438908577,NoButton,Move,584.5703125,600.34765625
4227.7235770225525,4227.7235770225525,NoButton,Move,586.5546875,601.93359375
4227.729637861252,4227.729637861252,NoButton,Move,588.93359375,603.12109375
4227.738510131836,4227.738510131836,NoButton,Move,592.1015625,604.9296875
4227.746065855026,4227.746065855026,NoButton,Move,595.72265625,606.28515625
4227.754987001419,4227.754987001419,NoButton,Move,600.046875,608.20703125
4227.762548923492,4227.762548923492,NoButton,Move,605.9453125,610.3515625
4227.770628929138,4227.770628929138,NoButton,Move,611.84375,612.49609375
4227.77979016304,4227.77979016304,NoButton,Move,622.6640625,615.875
4227.7871770858765,4227.7871770858765,NoButton,Move,626.98828125,616.8359375
4227.796165943146,4227.796165943146,NoButton,Move,639.44140625,621.23046875
4227.804702997208,4227.804702997208,NoButton,Move,648.125,623.7109375
4227.812847852707,4227.812847852707,NoButton,Move,652.44921875,625.6328125
4227.820952177048,4227.820952177048,NoButton,Move,660.1484375,628.0
4227.829547166824,4227.829547166824,NoButton,Move,667.25390625,631.55078125
4227.837604999542,4227.837604999542,NoButton,Move,674.953125,634.51171875
4227.8445110321045,4227.8445110321045,NoButton,Move,681.16015625,637.33203125
4227.854069948196,4227.854069948196,NoButton,Move,683.5390625,638.51953125
4240.736514091492,4240.736514091492,NoButton,Move,683.3046875,636.2109375
4256.544878005981,4256.544878005981,NoButton,Move,683.3046875,635.51953125
4256.552962064743,4256.552962064743,NoButton,Move,683.3046875,632.54296875
4256.560466051102,4256.560466051102,NoButton,Move,683.3046875,628.91796875
4256.568691968918,4256.568691968918,NoButton,Move,683.3046875,625.29296875
4256.576574087143,4256.576574087143,NoButton,Move,682.8515625,621.66796875
4256.585046052933,4256.585046052933,NoButton,Move,682.2578125,613.96484375
4256.593006134033,4256.593006134033,NoButton,Move,681.015625,605.27734375
4256.601087093353,4256.601087093353,NoButton,Move,678.53125,596.58984375
4256.609321117401,4256.609321117401,NoButton,Move,675.9375,586.86328125
4256.617609024048,4256.617609024048,NoButton,Move,671.00390625,575.58984375
4256.626097917557,4256.626097917557,NoButton,Move,664.9140625,561.89453125
4256.634110927582,4256.634110927582,NoButton,Move,652.453125,539.8515625
4256.64226102829,4256.64226102829,NoButton,Move,641.96875,522.37890625
4256.650613069534,4256.650613069534,NoButton,Move,630.609375,505.78125
4256.658702850342,4256.658702850342,NoButton,Move,624.7734375,497.3515625
4256.667119979858,4256.667119979858,NoButton,Move,612.54296875,480.75390625
4256.675400972366,4256.675400972366,NoButton,Move,599.86328125,466.3828125
4256.683179140091,4256.683179140091,NoButton,Move,587.60546875,453.30859375
4256.691431045532,4256.691431045532,NoButton,Move,576.1640625,440.234375
4256.699481964111,4256.699481964111,NoButton,Move,565.51171875,429.58203125
4256.707901954651,4256.707901954651,NoButton,Move,560.4296875,425.06640625
4256.716079950333,4256.716079950333,NoButton,Move,544.1953125,410.63671875
4256.724879980087,4256.724879980087,NoButton,Move,535.03515625,402.8828125
4256.732753992081,4256.732753992081,NoButton,Move,525.16796875,395.8359375
4256.740732908249,4256.740732908249,NoButton,Move,515.6953125,390.421875
4256.748985052109,4256.748985052109,NoButton,Move,506.22265625,385.0078125
4256.757102966309,4256.757102966309,NoButton,Move,496.07421875,380.26953125
4256.765438079834,4256.765438079834,NoButton,Move,485.92578125,376.20703125
4256.773768901825,4256.773768901825,NoButton,Move,476.19921875,372.96484375
4256.781852006912,4256.781852006912,NoButton,Move,471.87109375,372.0
4256.928287982941,4256.928287982941,NoButton,Move,462.14453125,369.40625
4256.92856502533,4256.92856502533,NoButton,Move,454.44140625,367.03515625
4256.928682088852,4256.928682088852,NoButton,Move,447.66796875,365.33984375
4256.928782939911,4256.928782939911,NoButton,Move,441.765625,363.73046875
4256.92887878418,4256.92887878418,NoButton,Move,436.6796875,362.7109375
4256.928972005844,4256.928972005844,NoButton,Move,434.296875,361.9140625
4256.929064035416,4256.929064035416,NoButton,Move,430.671875,361.0078125
4256.929154157639,4256.929154157639,NoButton,Move,427.046875,360.5546875
4256.929244995117,4256.929244995117,NoButton,Move,424.6640625,359.7578125
4256.929334163666,4256.929334163666,NoButton,Move,422.28125,359.359375
4256.929426908493,4256.929426908493,NoButton,Move,420.43359375,358.6171875
4256.929515123367,4256.929515123367,NoButton,Move,419.06640625,358.2734375
4256.929603815079,4256.929603815079,NoButton,Move,418.125,357.95703125
4256.929795026779,4256.929795026779,NoButton,Move,417.18359375,357.640625
4256.929949045181,4256.929949045181,NoButton,Move,416.921875,357.37890625
4256.930222034454,4256.930222034454,NoButton,Move,416.34765625,357.08984375
4256.930341005325,4256.930341005325,NoButton,Move,416.0859375,357.08984375
4256.930478096008,4256.930478096008,NoButton,Move,415.82421875,356.828125
4256.936479091644,4256.936479091644,NoButton,Move,415.82421875,356.56640625
4256.9507348537445,4256.9507348537445,NoButton,Move,415.82421875,356.3046875
4256.952915906906,4256.952915906906,NoButton,Move,415.82421875,355.73046875
4256.961076974869,4256.961076974869,NoButton,Move,415.82421875,355.46875
4256.969582796097,4256.969582796097,NoButton,Move,415.82421875,354.89453125
4256.977431058884,4256.977431058884,NoButton,Move,415.82421875,353.953125
4256.985646009445,4256.985646009445,NoButton,Move,415.82421875,353.01171875
4256.998284101486,4256.998284101486,NoButton,Move,415.82421875,352.0703125
4257.002006053925,4257.002006053925,NoButton,Move,416.13671875,351.12890625
4257.010262966156,4257.010262966156,NoButton,Move,416.4765625,349.76171875
4257.018298864365,4257.018298864365,NoButton,Move,417.1015625,348.8203125
4257.027899026871,4257.027899026871,NoButton,Move,417.44140625,347.453125
4257.034981012344,4257.034981012344,NoButton,Move,418.06640625,346.51171875
4257.04296207428,4257.04296207428,NoButton,Move,418.74609375,345.14453125
4257.052430868149,4257.052430868149,NoButton,Move,419.05859375,344.203125
4257.059214830399,4257.059214830399,NoButton,Move,419.68359375,343.26171875
4257.067451000214,4257.067451000214,NoButton,Move,420.30859375,342.3203125
4257.075598955154,4257.075598955154,NoButton,Move,420.6484375,340.953125
4257.083653926849,4257.083653926849,NoButton,Move,421.2734375,340.01171875
4257.091779947281,4257.091779947281,NoButton,Move,421.5859375,339.0703125
4257.1001789569855,4257.1001789569855,NoButton,Move,422.2109375,338.12890625
4257.108146905899,4257.108146905899,NoButton,Move,422.8359375,337.1875
4257.117221832275,4257.117221832275,NoButton,Move,423.17578125,335.8203125
4257.124638080597,4257.124638080597,NoButton,Move,423.85546875,334.453125
4257.132845163345,4257.132845163345,NoButton,Move,424.53515625,333.0859375
4257.141018867493,4257.141018867493,NoButton,Move,425.640625,331.23828125
4257.170835971832,4257.170835971832,NoButton,Move,426.37890625,329.390625
4257.170886993408,4257.170886993408,NoButton,Move,427.484375,327.54296875
4257.170926094055,4257.170926094055,NoButton,Move,429.18359375,324.9921875
4257.173789978027,4257.173789978027,NoButton,Move,432.9375,320.1640625
4257.183387994766,4257.183387994766,NoButton,Move,437.44921875,315.08203125
4257.190206050873,4257.190206050873,NoButton,Move,448.09765625,305.19140625
4257.2025401592255,4257.2025401592255,NoButton,Move,459.0859375,297.12890625
4257.206521034241,4257.206521034241,NoButton,Move,475.14453125,286.984375
4257.235327005386,4257.235327005386,NoButton,Move,496.53125,276.75390625
4257.235375881195,4257.235375881195,NoButton,Move,524.69921875,265.27734375
4257.235414981842,4257.235414981842,NoButton,Move,581.26171875,246.890625
4257.239252090454,4257.239252090454,NoButton,Move,629.34375,235.19140625
4257.247364997864,4257.247364997864,NoButton,Move,681.140625,224.5625
4257.2555458545685,4257.2555458545685,NoButton,Move,735.41015625,217.77734375
4257.263740062714,4257.263740062714,NoButton,Move,794.80078125,213.53125
4257.271996974945,4257.271996974945,NoButton,Move,821.4375,212.54296875
4257.280246019363,4257.280246019363,NoButton,Move,870.8203125,211.2421875
4257.288248062134,4257.288248062134,NoButton,Move,913.3046875,211.2421875
4257.296602964401,4257.296602964401,NoButton,Move,951.484375,211.2421875
4257.304730892181,4257.304730892181,NoButton,Move,964.671875,211.2421875
4257.665957927704,4257.665957927704,NoButton,Move,965.13671875,210.0703125
4257.687113046646,4257.687113046646,NoButton,Move,973.9296875,203.3046875
4257.687335968018,4257.687335968018,NoButton,Move,984.91796875,195.2421875
4257.689952135086,4257.689952135086,NoButton,Move,997.84765625,187.6328125
4257.698051214218,4257.698051214218,NoButton,Move,1013.37109375,180.27734375
4257.706405878067,4257.706405878067,NoButton,Move,1028.89453125,172.10546875
4257.714527130127,4257.714527130127,NoButton,Move,1061.62109375,155.17578125
4257.722887992859,4257.722887992859,NoButton,Move,1099.5546875,139.76171875
4257.730931043625,4257.730931043625,NoButton,Move,1139.61328125,125.19140625
4257.7392909526825,4257.7392909526825,NoButton,Move,1160.3515625,118.87890625
4257.74736905098,4257.74736905098,NoButton,Move,1199.46875,108.20703125
4257.755386829376,4257.755386829376,NoButton,Move,1238.5859375,97.53515625
4257.763860940933,4257.763860940933,NoButton,Move,1274.6953125,90.76171875
4257.771705150604,4257.771705150604,NoButton,Move,1306.84375,84.328125
4257.7800850868225,4257.7800850868225,NoButton,Move,1321.296875,82.04296875
4257.788254976273,4257.788254976273,NoButton,Move,1347.93359375,78.09375
4257.796499013901,4257.796499013901,NoButton,Move,1371.18359375,75.30078125
4257.804657936096,4257.804657936096,NoButton,Move,1389.77734375,71.91796875
4257.81281208992,4257.81281208992,NoButton,Move,1396.546875,70.7890625
4257.821113824844,4257.821113824844,NoButton,Move,1401.62890625,69.76953125
4257.835005044937,4257.835005044937,NoButton,Move,1401.62890625,69.76953125
4257.83512711525,4257.83512711525,NoButton,Move,1420.22265625,67.23046875
4257.843070030212,4257.843070030212,NoButton,Move,1422.6015625,66.83203125
4257.847966909409,4257.847966909409,NoButton,Move,1428.5,65.7578125
4257.854201078415,4257.854201078415,NoButton,Move,1432.82421875,64.79296875
4257.861644983292,4257.861644983292,NoButton,Move,1435.203125,64.39453125
4257.870458841324,4257.870458841324,NoButton,Move,1437.046875,64.0234375
4257.878130912781,4257.878130912781,NoButton,Move,1437.984375,63.70703125
4257.886343002319,4257.886343002319,NoButton,Move,1438.921875,63.70703125
4257.894549131393,4257.894549131393,NoButton,Move,1439.1796875,63.4453125
4257.90282702446,4257.90282702446,NoButton,Move,1439.4375,63.4453125
4257.91078710556,4257.91078710556,NoButton,Move,1439.6953125,63.4453125
4257.935545921326,4257.935545921326,NoButton,Move,1438.62109375,63.4453125
4257.943609952927,4257.943609952927,NoButton,Move,1434.29296875,65.3671875
4257.952136039734,4257.952136039734,NoButton,Move,1429.20703125,67.3984375
4257.960191011429,4257.960191011429,NoButton,Move,1421.50390625,69.171875
4257.968349933624,4257.968349933624,NoButton,Move,1404.34375,73.25390625
4257.976490974426,4257.976490974426,NoButton,Move,1387.18359375,74.88671875
4257.98477101326,4257.98477101326,NoButton,Move,1363.9296875,76.74609375
4257.992917060852,4257.992917060852,NoButton,Move,1314.54296875,78.04296875
4258.001194000244,4258.001194000244,NoButton,Move,1269.8125,78.04296875
4258.009479045868,4258.009479045868,NoButton,Move,1215.5390625,78.04296875
4258.0175449848175,4258.0175449848175,NoButton,Move,1158.734375,78.04296875
4258.025470018387,4258.025470018387,NoButton,Move,1051.80859375,70.9140625
4258.034124135971,4258.034124135971,NoButton,Move,1023.38671875,70.9140625
4258.042498111725,4258.042498111725,NoButton,Move,958.71484375,65.03125
4258.050569057465,4258.050569057465,NoButton,Move,899.3203125,62.203125
4258.058496952057,4258.058496952057,NoButton,Move,842.515625,60.81640625
4258.066689014435,4258.066689014435,NoButton,Move,790.71484375,60.81640625
4258.074877023697,4258.074877023697,NoButton,Move,767.4609375,60.81640625
4258.084555149078,4258.084555149078,NoButton,Move,722.73046875,60.81640625
4258.092451095581,4258.092451095581,NoButton,Move,684.546875,60.81640625
4258.100899219513,4258.100899219513,NoButton,Move,650.44140625,64.11328125
4258.108006954193,4258.108006954193,NoButton,Move,637.25,66.30859375
4258.116027832031,4258.116027832031,NoButton,Move,610.609375,70.25390625
4258.124076128006,4258.124076128006,NoButton,Move,588.96484375,74.76171875
4258.132817029953,4258.132817029953,NoButton,Move,571.8046875,78.02734375
4258.1411871910095,4258.1411871910095,NoButton,Move,565.03125,79.71875
4258.411672830582,4258.411672830582,NoButton,Move,564.33203125,79.71875
4258.419820070267,4258.419820070267,NoButton,Move,556.62890625,79.125
4258.427967071533,4258.427967071533,NoButton,Move,545.8046875,75.7421875
4258.437046051025,4258.437046051025,NoButton,Move,529.4609375,70.01953125
4258.445100069046,4258.445100069046,NoButton,Move,508.71875,62.8046875
4258.453664064407,4258.453664064407,NoButton,Move,483.06640625,53.921875
4258.46110200882,4258.46110200882,NoButton,Move,453.8515625,44.53125
4258.4685599803925,4258.4685599803925,NoButton,Move,422.76953125,33.8125
4258.477455854416,4258.477455854416,NoButton,Move,389.765625,25.01171875
4258.484947919846,4258.484947919846,NoButton,Move,360.5703125,16.66796875
4258.492952108383,4258.492952108383,NoButton,Move,347.37890625,13.00390625
4258.501384019852,4258.501384019852,NoButton,Move,324.125,7.421875
4258.509161949158,4258.509161949158,NoButton,Move,304.03125,3.05078125
4258.517102241516,4258.517102241516,NoButton,Move,296.328125,1.86328125
4258.526372909546,4258.526372909546,NoButton,Move,283.13671875,0.39453125
4258.53369808197,4258.53369808197,NoButton,Move,278.80859375,0.0
4258.541863918304,4258.541863918304,NoButton,Move,271.10546875,0.0
4258.55012512207,4258.55012512207,NoButton,Move,265.203125,0.0
4258.558510065079,4258.558510065079,NoButton,Move,260.875,0.0
4258.566606044769,4258.566606044769,NoButton,Move,257.8984375,0.0
4258.575211048126,4258.575211048126,NoButton,Move,256.53125,0.0
4258.5828330516815,4258.5828330516815,NoButton,Move,255.1640625,0.0
4258.591167926788,4258.591167926788,NoButton,Move,254.58984375,0.0
4258.599533081055,4258.599533081055,NoButton,Move,254.328125,0.0
4258.608184099197,4258.608184099197,NoButton,Move,254.06640625,0.0
4258.641379117966,4258.641379117966,NoButton,Move,254.8203125,0.0
4258.648758172989,4258.648758172989,NoButton,Move,257.19921875,0.0
4258.658555984497,4258.658555984497,NoButton,Move,260.171875,0.0
4258.665070772171,4258.665070772171,NoButton,Move,264.49609375,0.0
4258.6737360954285,4258.6737360954285,NoButton,Move,268.8203125,0.0
4258.681455850601,4258.681455850601,NoButton,Move,273.90234375,0.5078125
4258.6896550655365,4258.6896550655365,NoButton,Move,278.984375,1.015625
4258.6991629600525,4258.6991629600525,NoButton,Move,284.8828125,1.55078125
4258.708740949631,4258.708740949631,NoButton,Move,289.96484375,2.05859375
4258.714595794678,4258.714595794678,NoButton,Move,295.046875,2.56640625
4258.722748994827,4258.722748994827,NoButton,Move,296.890625,2.93359375
4258.730355978012,4258.730355978012,NoButton,Move,300.51171875,3.8359375
4258.741286993027,4258.741286993027,NoButton,Move,302.890625,4.23046875
4258.747183799744,4258.747183799744,NoButton,Move,305.26953125,4.625
4258.757453203201,4258.757453203201,NoButton,Move,306.6328125,4.96484375
4258.762917995453,4258.762917995453,NoButton,Move,307.99609375,5.3046875
4258.774118900299,4258.774118900299,NoButton,Move,308.56640625,5.58984375
4258.779210090637,4258.779210090637,NoButton,Move,309.13671875,5.875
4258.790652990341,4258.790652990341,NoButton,Move,309.70703125,5.875
4258.795590877533,4258.795590877533,NoButton,Move,309.96484375,6.1328125
4258.8074259758,4258.8074259758,NoButton,Move,310.22265625,6.1328125
4258.812630176544,4258.812630176544,NoButton,Move,310.48046875,6.1328125
4258.82418513298,4258.82418513298,NoButton,Move,310.48046875,6.390625
4258.829038143158,4258.829038143158,NoButton,Move,310.73828125,6.390625
4258.845188856125,4258.845188856125,NoButton,Move,310.98046875,6.6328125
4258.8616399765015,4258.8616399765015,NoButton,Move,311.22265625,6.875
4258.878182888031,4258.878182888031,NoButton,Move,311.46484375,7.1171875
4258.907607078552,4258.907607078552,Left,Pressed,311.46484375,7.1171875
4258.924398899078,4258.924398899078,NoButton,Move,311.58203125,7.234375
4259.04056596756,4259.04056596756,Left,Released,311.58203125,7.234375
4259.860550880432,4259.860550880432,NoButton,Move,311.8125,7.234375
4259.868814229965,4259.868814229965,NoButton,Move,312.0703125,7.234375
4259.877585887909,4259.877585887909,NoButton,Move,312.328125,7.234375
4259.885153055191,4259.885153055191,NoButton,Move,312.8984375,7.234375
4259.8937458992,4259.8937458992,NoButton,Move,313.83203125,7.234375
4259.901161909103,4259.901161909103,NoButton,Move,315.1953125,7.57421875
4259.909182071686,4259.909182071686,NoButton,Move,317.0390625,7.94140625
4259.917768001556,4259.917768001556,NoButton,Move,319.41796875,9.12890625
4259.926220178604,4259.926220178604,NoButton,Move,322.5859375,10.9375
4259.934009075165,4259.934009075165,NoButton,Move,328.79296875,14.3203125
4259.942530155182,4259.942530155182,NoButton,Move,340.51171875,20.9140625
4259.9501349925995,4259.9501349925995,NoButton,Move,352.23046875,28.23828125
4259.960803985596,4259.960803985596,NoButton,Move,367.734375,37.21484375
4259.967238903046,4259.967238903046,NoButton,Move,406.25,60.8203125
4259.975490093231,4259.975490093231,NoButton,Move,440.625,82.15625
4259.983224153519,4259.983224153519,NoButton,Move,484.453125,110.046875
4259.992251873016,4259.992251873016,NoButton,Move,571.05859375,168.37109375
4259.999050140381,4259.999050140381,NoButton,Move,637.078125,215.06640625
4260.007158994675,4260.007158994675,NoButton,Move,713.75390625,271.296875
4260.0157470703125,4260.0157470703125,NoButton,Move,787.7421875,333.23828125
4260.023483037949,4260.023483037949,NoButton,Move,867.27734375,402.16796875
4261.956090927124,4261.956090927124,NoButton,Move,867.96875,402.16796875
4261.963637113571,4261.963637113571,NoButton,Move,872.29296875,401.68359375
4261.9719569683075,4261.9719569683075,NoButton,Move,879.0625,401.68359375
4261.979975938797,4261.979975938797,NoButton,Move,886.76171875,401.68359375
4261.988580942154,4261.988580942154,NoButton,Move,895.4453125,401.68359375
4261.996381998062,4261.996381998062,NoButton,Move,907.421875,401.68359375
4262.005216121674,4262.005216121674,NoButton,Move,930.671875,401.68359375
4262.012737989426,4262.012737989426,NoButton,Move,980.0546875,409.48046875
4262.022840023041,4262.022840023041,NoButton,Move,1016.1640625,418.5078125
4262.031662940979,4262.031662940979,NoButton,Move,1061.91796875,431.21484375
4262.042008161545,4262.042008161545,NoButton,Move,1107.671875,446.46484375
4262.054710149765,4262.054710149765,NoButton,Move,1154.453125,464.65625
4262.055512905121,4262.055512905121,NoButton,Move,1175.83984375,473.953125
4262.062340974808,4262.062340974808,NoButton,Move,1220.32421875,491.74609375
4262.072051048279,4262.072051048279,NoButton,Move,1235.3125,498.0546875
4262.083637952805,4262.083637952805,NoButton,Move,1246.58203125,502.984375
4262.098172903061,4262.098172903061,NoButton,Move,1269.578125,513.5234375
4262.098273992538,4262.098273992538,NoButton,Move,1274.66015625,515.5546875
4262.102988004684,4262.102988004684,NoButton,Move,1287.11328125,521.4140625
4262.111323833466,4262.111323833466,NoButton,Move,1294.21875,524.96484375
4262.119560956955,4262.119560956955,NoButton,Move,1299.58203125,527.64453125
4262.13366985321,4262.13366985321,NoButton,Move,1302.5546875,528.91796875
4262.136425018311,4262.136425018311,NoButton,Move,1303.91796875,529.59765625
4262.143934965134,4262.143934965134,NoButton,Move,1304.85546875,530.22265625
4262.1534950733185,4262.1534950733185,NoButton,Move,1305.42578125,530.5078125
4262.160423994064,4262.160423994064,NoButton,Move,1305.68359375,530.765625
4262.181995153427,4262.181995153427,NoButton,Move,1305.94140625,530.765625
4262.182106971741,4262.182106971741,NoButton,Move,1306.19921875,530.765625
4262.216327905655,4262.216327905655,NoButton,Move,1306.19921875,531.0
4262.217771053314,4262.217771053314,NoButton,Move,1306.19921875,531.2578125
4262.225895881653,4262.225895881653,NoButton,Move,1306.19921875,531.828125
4262.234065055847,4262.234065055847,NoButton,Move,1306.19921875,533.19140625
4262.242126941681,4262.242126941681,NoButton,Move,1304.71875,534.66796875
4262.25105214119,4262.25105214119,NoButton,Move,1302.16796875,536.7890625
4262.258548974991,4262.258548974991,NoButton,Move,1298.99609375,539.05078125
4262.274941921234,4262.274941921234,NoButton,Move,1291.55078125,544.01171875
4262.275203943253,4262.275203943253,NoButton,Move,1285.03125,548.15625
4262.2830600738525,4262.2830600738525,NoButton,Move,1276.96484375,551.875
4262.291172981262,4262.291172981262,NoButton,Move,1268.8984375,556.21484375
4262.309541940689,4262.309541940689,NoButton,Move,1264.5703125,558.13671875
4262.3097150325775,4262.3097150325775,NoButton,Move,1256.50390625,561.85546875
4262.317720174789,4262.317720174789,NoButton,Move,1248.4375,565.57421875
4262.33349609375,4262.33349609375,NoButton,Move,1241.328125,568.53515625
4262.333603143692,4262.333603143692,NoButton,Move,1238.9453125,569.72265625
4262.34043097496,4262.34043097496,NoButton,Move,1233.859375,571.75390625
4262.348497867584,4262.348497867584,NoButton,Move,1230.234375,573.5625
4262.35662484169,4262.35662484169,NoButton,Move,1227.2578125,574.8359375
4262.36515212059,4262.36515212059,NoButton,Move,1225.41015625,575.57421875
4262.373370885849,4262.373370885849,NoButton,Move,1224.04296875,576.25390625
4262.381477832794,4262.381477832794,NoButton,Move,1223.1015625,576.56640625
4262.389673948288,4262.389673948288,NoButton,Move,1222.83984375,576.82421875
4262.407003879547,4262.407003879547,Left,Pressed,1222.83984375,576.82421875
4262.423548936844,4262.423548936844,NoButton,Move,1222.71484375,576.9453125
4262.507302045822,4262.507302045822,Left,Released,1222.71484375,576.9453125
4262.924628973007,4262.924628973007,NoButton,Move,1222.25,576.9453125
4262.924711942673,4262.924711942673,NoButton,Move,1218.625,576.9453125
4262.924767971039,4262.924767971039,NoButton,Move,1212.72265625,576.9453125
4262.924807071686,4262.924807071686,NoButton,Move,1207.63671875,576.9453125
4262.924842119217,4262.924842119217,NoButton,Move,1202.55078125,576.9453125
4262.924877166748,4262.924877166748,NoButton,Move,1198.22265625,576.9453125
4262.924910783768,4262.924910783768,NoButton,Move,1194.59765625,576.9453125
4262.929862976074,4262.929862976074,NoButton,Move,1191.62109375,576.9453125
4262.937927007675,4262.937927007675,NoButton,Move,1189.23828125,576.9453125
4262.946083784103,4262.946083784103,NoButton,Move,1187.390625,576.57421875
4262.966784954071,4262.966784954071,NoButton,Move,1183.765625,576.57421875
4262.966891050339,4262.966891050339,NoButton,Move,1181.3828125,576.57421875
4262.971724033356,4262.971724033356,NoButton,Move,1180.015625,576.57421875
4262.978734970093,4262.978734970093,NoButton,Move,1179.07421875,576.2578125
4263.007086992264,4263.007086992264,Left,Pressed,1179.07421875,576.2578125
4263.023551940918,4263.023551940918,NoButton,Move,1178.8046875,576.2578125
4263.107118844986,4263.107118844986,Left,Released,1178.8046875,576.2578125
4263.659018993378,4263.659018993378,NoButton,Move,1178.33984375,576.2578125
4263.666960000992,4263.666960000992,NoButton,Move,1176.4921875,576.2578125
4263.675202131271,4263.675202131271,NoButton,Move,1174.64453125,576.2578125
4263.683621883392,4263.683621883392,NoButton,Move,1172.796875,576.99609375
4263.691802978516,4263.691802978516,NoButton,Move,1169.8203125,577.84375
4263.699902057648,4263.699902057648,NoButton,Move,1166.84375,578.69140625
4263.708039999008,4263.708039999008,NoButton,Move,1163.21875,580.046875
4263.715971946716,4263.715971946716,NoButton,Move,1159.59375,581.40234375
4263.724166870117,4263.724166870117,NoButton,Move,1155.96875,582.7578125
4263.7325031757355,4263.7325031757355,NoButton,Move,1152.34375,584.56640625
4263.740639925003,4263.740639925003,NoButton,Move,1148.015625,586.0078125
4263.749040842056,4263.749040842056,NoButton,Move,1143.6875,587.44921875
4263.757417917252,4263.757417917252,NoButton,Move,1140.0625,588.8046875
4263.765625238419,4263.765625238419,NoButton,Move,1135.734375,589.765625
4263.773660898209,4263.773660898209,NoButton,Move,1133.88671875,590.50390625
4263.781810045242,4263.781810045242,NoButton,Move,1130.91015625,591.3515625
4263.789975166321,4263.789975166321,NoButton,Move,1128.52734375,592.14453125
4263.7981379032135,4263.7981379032135,NoButton,Move,1126.6796875,592.51171875
4263.806360006332,4263.806360006332,NoButton,Move,1125.3125,593.19140625
4263.814507007599,4263.814507007599,NoButton,Move,1124.37109375,593.50390625
4263.822710037231,4263.822710037231,NoButton,Move,1123.4296875,593.81640625
4263.83047413826,4263.83047413826,NoButton,Move,1123.16796875,593.81640625
4263.838561058044,4263.838561058044,NoButton,Move,1122.90625,594.07421875
4263.8466329574585,4263.8466329574585,NoButton,Move,1122.64453125,594.07421875
4263.873667001724,4263.873667001724,Left,Pressed,1122.64453125,594.07421875
4263.957333087921,4263.957333087921,Left,Released,1122.64453125,594.07421875
4264.0409779548645,4264.0409779548645,Left,Pressed,1122.64453125,594.07421875
4264.124163866043,4264.124163866043,Left,Released,1122.64453125,594.07421875
4264.91596698761,4264.91596698761,NoButton,Move,1122.41015625,594.07421875
4264.932429075241,4264.932429075241,NoButton,Move,1121.04296875,594.07421875
4264.93253993988,4264.93253993988,NoButton,Move,1116.71484375,594.07421875
4264.936141014099,4264.936141014099,NoButton,Move,1110.8125,593.53515625
4264.9446849823,4264.9446849823,NoButton,Move,1097.62109375,592.06640625
4264.9531400203705,4264.9531400203705,NoButton,Move,1081.83984375,589.69921875
4264.960983991623,4264.960983991623,NoButton,Move,1063.2421875,587.16015625
4264.9692668914795,4264.9692668914795,NoButton,Move,1041.59765625,583.55078125
4264.9798040390015,4264.9798040390015,NoButton,Move,1014.95703125,579.6015625
4264.997354984283,4264.997354984283,NoButton,Move,986.53515625,575.5390625
4264.997514009476,4264.997514009476,NoButton,Move,956.27734375,570.3203125
4265.002272129059,4265.002272129059,NoButton,Move,926.01953125,563.015625
4265.010233163834,4265.010233163834,NoButton,Move,893.015625,554.21484375
4265.018443107605,4265.018443107605,NoButton,Move,861.93359375,544.56640625
4265.02587389946,4265.02587389946,NoButton,Move,831.92578125,532.77734375
4265.0347690582275,4265.0347690582275,NoButton,Move,803.75390625,521.30078125
4265.042730093002,4265.042730093002,NoButton,Move,792.03125,514.703125
4265.052106142044,4265.052106142044,NoButton,Move,769.98828125,502.2421875
4265.065559148788,4265.065559148788,NoButton,Move,751.05078125,491.41796875
4265.069985151291,4265.069985151291,NoButton,Move,745.40625,487.46484375
4265.107799053192,4265.107799053192,NoButton,Move,733.68359375,480.8671875
4265.107951879501,4265.107951879501,NoButton,Move,730.51171875,478.6015625
4265.108004808426,4265.108004808426,NoButton,Move,724.30078125,475.21484375
4265.108047008514,4265.108047008514,NoButton,Move,719.72265625,472.671875
4265.1080849170685,4265.1080849170685,NoButton,Move,717.171875,470.96875
4265.116008043289,4265.116008043289,NoButton,Move,715.69140625,469.859375
4265.12470293045,4265.12470293045,NoButton,Move,714.75,469.23046875
4265.419760942459,4265.419760942459,NoButton,Move,715.2109375,469.23046875
4265.427109956741,4265.427109956741,NoButton,Move,717.1953125,467.640625
4265.435268878937,4265.435268878937,NoButton,Move,719.7421875,465.515625
4265.443634033203,4265.443634033203,NoButton,Move,722.91015625,463.25
4265.451617002487,4265.451617002487,NoButton,Move,729.42578125,458.5078125
4265.459992170334,4265.459992170334,NoButton,Move,737.203125,452.671875
4265.467981100082,4265.467981100082,NoButton,Move,747.06640625,445.625
4265.476398229599,4265.476398229599,NoButton,Move,758.0546875,438.296875
4265.484311103821,4265.484311103821,NoButton,Move,769.7734375,430.96875
4265.493219137192,4265.493219137192,NoButton,Move,783.12109375,422.328125
4265.501106977463,4265.501106977463,NoButton,Move,797.828125,413.33984375
4265.5094249248505,4265.5094249248505,NoButton,Move,810.7578125,405.73046875
4265.5173671245575,4265.5173671245575,NoButton,Move,824.16796875,397.05078125
4265.525511026382,4265.525511026382,NoButton,Move,835.88671875,389.72265625
4265.534040212631,4265.534040212631,NoButton,Move,847.60546875,383.125
4265.541917085648,4265.541917085648,NoButton,Move,857.07421875,377.03515625
4265.550331830978,4265.550331830978,NoButton,Move,861.64453125,373.984375
4265.558356046677,4265.558356046677,NoButton,Move,870.0703125,368.1484375
4265.566784143448,4265.566784143448,NoButton,Move,877.51171875,363.18359375
4265.574728965759,4265.574728965759,NoButton,Move,884.02734375,358.44140625
4265.5835111141205,4265.5835111141205,NoButton,Move,889.640625,353.94921875
4265.591131925583,4265.591131925583,NoButton,Move,894.46484375,350.19140625
4265.599592924118,4265.599592924118,NoButton,Move,895.94140625,348.7109375
4265.607836961746,4265.607836961746,NoButton,Move,900.0078125,345.65625
4265.615839004517,4265.615839004517,NoButton,Move,902.5546875,343.53125
4265.624076128006,4265.624076128006,NoButton,Move,904.5390625,341.94140625
4265.632297039032,4265.632297039032,NoButton,Move,906.015625,340.83203125
4265.640560865402,4265.640560865402,NoButton,Move,907.0390625,339.8046875
4265.648586034775,4265.648586034775,NoButton,Move,907.609375,339.23046875
4265.657742977142,4265.657742977142,NoButton,Move,907.8671875,338.96875
4265.665038824081,4265.665038824081,NoButton,Move,908.125,338.96875
4265.673539876938,4265.673539876938,NoButton,Move,908.3828125,338.70703125
4265.681469917297,4265.681469917297,NoButton,Move,908.640625,338.70703125
4265.690320968628,4265.690320968628,NoButton,Move,908.8984375,338.70703125
4265.707086801529,4265.707086801529,NoButton,Move,909.140625,338.70703125
4265.714416027069,4265.714416027069,NoButton,Move,909.3984375,338.70703125
4265.724492073059,4265.724492073059,NoButton,Move,909.65625,338.70703125
4265.730575799942,4265.730575799942,NoButton,Move,909.94140625,339.27734375
4265.741721868515,4265.741721868515,NoButton,Move,910.28125,340.640625
4265.747051000595,4265.747051000595,NoButton,Move,910.56640625,341.2109375
4265.757891893387,4265.757891893387,NoButton,Move,910.87890625,342.1484375
4265.763574123383,4265.763574123383,NoButton,Move,911.1640625,342.71875
4265.77414393425,4265.77414393425,NoButton,Move,911.421875,342.9765625
4265.779811143875,4265.779811143875,NoButton,Move,911.421875,343.546875
4265.790986061096,4265.790986061096,NoButton,Move,911.6796875,343.8046875
4265.795928955078,4265.795928955078,NoButton,Move,911.6796875,344.0625
4265.874793052673,4265.874793052673,Left,Pressed,911.6796875,344.0625
4266.190510034561,4266.190510034561,Left,Released,911.6796875,344.0625
4266.319897890091,4266.319897890091,NoButton,Move,911.6796875,344.29296875
4266.334756851196,4266.334756851196,NoButton,Move,911.6796875,344.55078125
4266.33612704277,4266.33612704277,NoButton,Move,911.9375,344.80859375
4266.343956947327,4266.343956947327,NoButton,Move,912.1953125,344.80859375
4266.409883022308,4266.409883022308,NoButton,Move,911.71875,344.80859375
4266.417902946472,4266.417902946472,NoButton,Move,907.390625,343.36328125
4266.42666387558,4266.42666387558,NoButton,Move,896.8203125,337.01953125
4266.434438943863,4266.434438943863,NoButton,Move,872.4609375,320.77734375
4266.442580938339,4266.442580938339,NoButton,Move,843.1171875,298.203125
4266.4509110450745,4266.4509110450745,NoButton,Move,764.95703125,237.41015625
4266.459009170532,4266.459009170532,NoButton,Move,704.5625,188.140625
4266.467293977737,4266.467293977737,NoButton,Move,638.5625,132.04296875
4266.47559094429,4266.47559094429,NoButton,Move,630.1328125,126.20703125
4266.483737945557,4266.483737945557,NoButton,Move,592.85546875,100.11328125
4266.491851091385,4266.491851091385,NoButton,Move,540.921875,65.4921875
4266.500149965286,4266.500149965286,NoButton,Move,521.984375,54.66796875
4266.515811920166,4266.515811920166,NoButton,Move,481.30859375,30.515625
4266.51615691185,4266.51615691185,NoButton,Move,448.578125,13.5859375
4266.524338960648,4266.524338960648,NoButton,Move,436.12109375,8.45703125
4266.532613992691,4266.532613992691,NoButton,Move,413.12109375,0.0
4266.5409100055695,4266.5409100055695,NoButton,Move,406.34765625,0.0
4266.548837900162,4266.548837900162,NoButton,Move,392.14453125,0.0
4266.557263851166,4266.557263851166,NoButton,Move,381.99609375,0.0
4266.565234899521,4266.565234899521,NoButton,Move,379.01953125,0.0
4266.573627948761,4266.573627948761,NoButton,Move,373.65234375,0.0
4266.581986188889,4266.581986188889,NoButton,Move,370.02734375,0.0
4266.590669155121,4266.590669155121,NoButton,Move,367.64453125,0.0
4266.598242998123,4266.598242998123,NoButton,Move,366.27734375,0.0
4266.60670208931,4266.60670208931,NoButton,Move,365.703125,0.0
4266.6143000125885,4266.6143000125885,NoButton,Move,365.44140625,0.0
4266.630604028702,4266.630604028702,NoButton,Move,365.44140625,0.0
4266.6637098789215,4266.6637098789215,NoButton,Move,366.765625,0.0
4266.673002958298,4266.673002958298,NoButton,Move,368.609375,0.0
4266.680121898651,4266.680121898651,NoButton,Move,370.98828125,0.0
4266.689092874527,4266.689092874527,NoButton,Move,373.9609375,0.0
4266.696729898453,4266.696729898453,NoButton,Move,379.859375,0.0
4266.7058918476105,4266.7058918476105,NoButton,Move,385.7578125,1.0703125
4266.712500095367,4266.712500095367,NoButton,Move,392.52734375,1.6328125
4266.723111867905,4266.723111867905,NoButton,Move,401.2109375,2.87109375
4266.729177951813,4266.729177951813,NoButton,Move,409.89453125,4.109375
4266.739909887314,4266.739909887314,NoButton,Move,421.87109375,5.515625
4266.745867013931,4266.745867013931,NoButton,Move,433.84765625,6.921875
4266.756785869598,4266.756785869598,NoButton,Move,447.03515625,8.38671875
4266.761981964111,4266.761981964111,NoButton,Move,461.48828125,9.14453125
4266.770334005356,4266.770334005356,NoButton,Move,475.94140625,10.6640625
4266.77828001976,4266.77828001976,NoButton,Move,491.71875,11.44921875
4266.786695957184,4266.786695957184,NoButton,Move,507.49609375,12.234375
4266.794755220413,4266.794755220413,NoButton,Move,523.2734375,13.01953125
4266.803277015686,4266.803277015686,NoButton,Move,539.05078125,13.01953125
4266.811075210571,4266.811075210571,NoButton,Move,554.828125,13.8046875
4266.819990158081,4266.819990158081,NoButton,Move,570.60546875,14.58984375
4266.827600002289,4266.827600002289,NoButton,Move,586.3828125,14.58984375
4266.837047100067,4266.837047100067,NoButton,Move,600.8359375,15.34765625
4266.844417095184,4266.844417095184,NoButton,Move,615.2890625,16.10546875
4266.852463960648,4266.852463960648,NoButton,Move,621.1875,16.10546875
4266.860397100449,4266.860397100449,NoButton,Move,632.0078125,16.78125
4266.8684730529785,4266.8684730529785,NoButton,Move,641.73046875,17.42578125
4266.876421928406,4266.876421928406,NoButton,Move,645.3515625,17.42578125
4266.884829998016,4266.884829998016,NoButton,Move,651.25,17.9609375
4266.89298582077,4266.89298582077,NoButton,Move,655.57421875,17.9609375
4266.901270151138,4266.901270151138,NoButton,Move,658.546875,17.9609375
4266.909637928009,4266.909637928009,NoButton,Move,659.91015625,17.9609375
4266.917577981949,4266.917577981949,NoButton,Move,661.2734375,17.9609375
4266.925719022751,4266.925719022751,NoButton,Move,661.84375,17.9609375
4266.933907985687,4266.933907985687,NoButton,Move,662.4140625,17.9609375
4266.942328214645,4266.942328214645,NoButton,Move,662.671875,17.9609375
4266.950424909592,4266.950424909592,NoButton,Move,662.9296875,17.9609375
4266.966897010803,4266.966897010803,NoButton,Move,663.171875,17.9609375
4267.080254077911,4267.080254077911,NoButton,Move,663.40234375,18.19140625
4267.080311059952,4267.080311059952,NoButton,Move,663.97265625,18.19140625
4267.081290960312,4267.081290960312,NoButton,Move,665.3359375,18.53125
4267.088929176331,4267.088929176331,NoButton,Move,666.69921875,18.87109375
4267.097161054611,4267.097161054611,NoButton,Move,668.0625,19.2109375
4267.105271100998,4267.105271100998,NoButton,Move,669.90625,19.94921875
4267.11353802681,4267.11353802681,NoButton,Move,672.28515625,20.34375
4267.121767044067,4267.121767044067,NoButton,Move,674.12890625,21.08203125
4267.129881858826,4267.129881858826,NoButton,Move,676.5078125,21.875
4267.138386964798,4267.138386964798,NoButton,Move,678.88671875,22.26953125
4267.146391153336,4267.146391153336,NoButton,Move,680.73046875,23.0078125
4267.154897928238,4267.154897928238,NoButton,Move,682.57421875,23.375
4267.162673950195,4267.162673950195,NoButton,Move,684.953125,23.76953125
4267.171495914459,4267.171495914459,NoButton,Move,687.92578125,24.19140625
4267.178992986679,4267.178992986679,NoButton,Move,689.2890625,24.53125
4267.188426017761,4267.188426017761,NoButton,Move,691.66796875,24.92578125
4267.195489168167,4267.195489168167,NoButton,Move,693.51171875,25.29296875
4267.205123186111,4267.205123186111,NoButton,Move,695.35546875,25.29296875
4267.211915016174,4267.211915016174,NoButton,Move,696.71875,25.6328125
4267.221781015396,4267.221781015396,NoButton,Move,698.08203125,25.6328125
4267.228163957596,4267.228163957596,NoButton,Move,699.01953125,25.6328125
4267.236327886581,4267.236327886581,NoButton,Move,699.58984375,25.91796875
4267.244487047195,4267.244487047195,NoButton,Move,700.16015625,25.91796875
4267.273739099503,4267.273739099503,Left,Pressed,700.16015625,25.91796875
4267.273898124695,4267.273898124695,NoButton,Move,700.28125,25.91796875
4267.394851207733,4267.394851207733,Left,Released,700.28125,25.91796875
4267.663537979126,4267.663537979126,NoButton,Move,700.28125,26.61328125
4267.671369075775,4267.671369075775,NoButton,Move,700.28125,29.5859375
4267.67928981781,4267.67928981781,NoButton,Move,700.28125,33.20703125
4267.687814950943,4267.687814950943,NoButton,Move,699.15234375,39.9765625
4267.695855855942,4267.695855855942,NoButton,Move,698.5859375,46.74609375
4267.707730054855,4267.707730054855,NoButton,Move,697.9375,56.46875
4267.712083101273,4267.712083101273,NoButton,Move,696.1875,76.55859375
4267.720290184021,4267.720290184021,NoButton,Move,695.33984375,95.15234375
4267.728271961212,4267.728271961212,NoButton,Move,694.40625,118.40234375
4267.736763000488,4267.736763000488,NoButton,Move,692.4375,144.9375
4267.74425983429,4267.74425983429,NoButton,Move,689.72265625,199.20703125
4267.75356388092,4267.75356388092,NoButton,Move,687.3515625,239.51171875
4267.760874032974,4267.760874032974,NoButton,Move,684.86328125,284.23828125
4267.768848896027,4267.768848896027,NoButton,Move,681.1328125,328.96484375
4267.776903867722,4267.776903867722,NoButton,Move,678.42578125,350.60546875
4267.785318851471,4267.785318851471,NoButton,Move,673.56640625,393.08984375
4267.793608903885,4267.793608903885,NoButton,Move,671.19921875,408.8671875
4267.801827907562,4267.801827907562,NoButton,Move,665.109375,437.28515625
4267.810132026672,4267.810132026672,NoButton,Move,658.59765625,459.60546875
4267.818088054657,4267.818088054657,NoButton,Move,650.42578125,475.12890625
4269.007991075516,4269.007991075516,NoButton,Move,650.65625,474.203125
4269.014968156815,4269.014968156815,NoButton,Move,651.76171875,472.35546875
4269.023833990097,4269.023833990097,NoButton,Move,652.8671875,470.5078125
4269.030200004578,4269.030200004578,NoButton,Move,653.97265625,469.02734375
4269.0408709049225,4269.0408709049225,NoButton,Move,655.6640625,466.484375
4269.048108100891,4269.048108100891,NoButton,Move,656.8515625,464.1015625
4269.05757188797,4269.05757188797,NoButton,Move,660.5703125,456.03515625
4269.064579963684,4269.064579963684,NoButton,Move,663.53125,448.92578125
4269.07404589653,4269.07404589653,NoButton,Move,665.3046875,441.22265625
4269.080008983612,4269.080008983612,NoButton,Move,666.59765625,431.49609375
4269.08783698082,4269.08783698082,NoButton,Move,667.44140625,412.8984375
4269.09574508667,4269.09574508667,NoButton,Move,667.44140625,397.1171875
4269.107784032822,4269.107784032822,NoButton,Move,664.90234375,378.51953125
4269.1154088974,4269.1154088974,NoButton,Move,656.27734375,354.55859375
4269.124737024307,4269.124737024307,NoButton,Move,636.78125,309.0703125
4269.1282839775085,4269.1282839775085,NoButton,Move,617.8125,273.50390625
4269.136837005615,4269.136837005615,NoButton,Move,595.4453125,233.7421875
4269.1463260650635,4269.1463260650635,NoButton,Move,571.29296875,193.06640625
4269.153268098831,4269.153268098831,NoButton,Move,545.87109375,152.390625
4269.162523984909,4269.162523984909,NoButton,Move,533.640625,135.79296875
4269.169839859009,4269.169839859009,NoButton,Move,524.171875,122.37890625
4269.177820920944,4269.177820920944,NoButton,Move,516.84375,111.38671875
4269.18755197525,4269.18755197525,NoButton,Move,502.890625,92.78515625
4269.193984985352,4269.193984985352,NoButton,Move,493.3046875,78.40625
4269.202318191528,4269.202318191528,NoButton,Move,490.41796875,75.0390625
4269.210507154465,4269.210507154465,NoButton,Move,484.83203125,68.2109375
4269.21820807457,4269.21820807457,NoButton,Move,481.07421875,63.3828125
4269.226438045502,4269.226438045502,NoButton,Move,478.94921875,60.83203125
4269.234479904175,4269.234479904175,NoButton,Move,476.82421875,58.70703125
4269.242505073547,4269.242505073547,NoButton,Move,475.8828125,58.078125
4269.25075507164,4269.25075507164,NoButton,Move,474.94140625,57.76171875
4269.259465932846,4269.259465932846,NoButton,Move,473.57421875,57.41796875
4269.742905139923,4269.742905139923,NoButton,Move,473.8046875,57.41796875
4269.750663995743,4269.750663995743,NoButton,Move,476.3515625,59.5390625
4269.758582115173,4269.758582115173,NoButton,Move,479.06640625,62.25390625
4269.767122030258,4269.767122030258,NoButton,Move,482.4296875,65.6171875
4269.775181055069,4269.775181055069,NoButton,Move,486.71875,69.90625
4269.782679080963,4269.782679080963,NoButton,Move,501.56640625,83.87890625
4269.791669130325,4269.791669130325,NoButton,Move,513.8203125,96.1328125
4269.801421165466,4269.801421165466,NoButton,Move,527.79296875,110.98046875
4269.808825016022,4269.808825016022,NoButton,Move,545.55078125,131.69921875
4269.816234111786,4269.816234111786,NoButton,Move,564.328125,155.6953125
4269.824317932129,4269.824317932129,NoButton,Move,583.6171875,182.484375
4269.832528829575,4269.832528829575,NoButton,Move,602.31640625,212.18359375
4269.84068107605,4269.84068107605,NoButton,Move,621.015625,241.8828125
4269.84960103035,4269.84960103035,NoButton,Move,627.859375,254.8125
4270.258543968201,4270.258543968201,NoButton,Move,629.26171875,254.8125
4270.266477108002,4270.266477108002,NoButton,Move,632.8828125,254.8125
4270.275141000748,4270.275141000748,NoButton,Move,637.96484375,254.8125
4270.28292798996,4270.28292798996,NoButton,Move,644.734375,256.50390625
4270.291228055954,4270.291228055954,NoButton,Move,666.375,261.01171875
4270.299584150314,4270.299584150314,NoButton,Move,686.46484375,265.37890625
4270.307929992676,4270.307929992676,NoButton,Move,712.11328125,273.26953125
4270.31600689888,4270.31600689888,NoButton,Move,765.02734375,289.55078125
4270.324073076248,4270.324073076248,NoButton,Move,805.0859375,304.1171875
4270.332057952881,4270.332057952881,NoButton,Move,847.328125,320.265625
4270.340217113495,4270.340217113495,NoButton,Move,891.8125,336.78515625
4270.348239898682,4270.348239898682,NoButton,Move,909.5625,344.390625
4270.356750965118,4270.356750965118,NoButton,Move,946.26171875,360.96484375
4270.364579916,4270.364579916,NoButton,Move,959.953125,366.2890625
4274.162909984589,4274.162909984589,NoButton,Move,959.71875,364.90234375
4274.175113916397,4274.175113916397,NoButton,Move,950.92578125,354.64453125
4274.179698944092,4274.179698944092,NoButton,Move,937.3984375,341.1171875
4274.189390897751,4274.189390897751,NoButton,Move,919.1875,323.8671875
4274.19574713707,4274.19574713707,NoButton,Move,896.234375,303.0
4274.2037699222565,4274.2037699222565,NoButton,Move,869.83203125,280.99609375
4274.212248086929,4274.212248086929,NoButton,Move,811.83984375,232.40625
4274.220467090607,4274.220467090607,NoButton,Move,749.859375,183.13671875
4274.229053974152,4274.229053974152,NoButton,Move,716.0234375,156.55078125
4274.236634969711,4274.236634969711,NoButton,Move,654.04296875,108.87109375
4274.245059967041,4274.245059967041,NoButton,Move,594.484375,61.84765625
4274.253324985504,4274.253324985504,NoButton,Move,543.04296875,20.69140625
4274.261474132538,4274.261474132538,NoButton,Move,524.44140625,6.73828125
4274.269593954086,4274.269593954086,NoButton,Move,511.81640625,0.0
4274.277944087982,4274.277944087982,NoButton,Move,501.953125,0.0
4274.286192893982,4274.286192893982,NoButton,Move,481.828125,0.0
4274.294553995132,4274.294553995132,NoButton,Move,477.25,0.0
4274.302942991257,4274.302942991257,NoButton,Move,467.77734375,0.0
4274.311245203018,4274.311245203018,NoButton,Move,461.28515625,0.0
4274.319939851761,4274.319939851761,NoButton,Move,457.66015625,0.0
4274.327000141144,4274.327000141144,NoButton,Move,455.8125,0.0
4274.335680961609,4274.335680961609,NoButton,Move,454.4453125,0.0
4274.344246149063,4274.344246149063,NoButton,Move,453.50390625,0.0
4274.3520839214325,4274.3520839214325,NoButton,Move,452.9296875,0.0
4274.360160112381,4274.360160112381,NoButton,Move,452.66796875,0.0
4274.367780923843,4274.367780923843,NoButton,Move,452.09375,0.0
4274.376168966293,4274.376168966293,NoButton,Move,451.51953125,0.0
4274.384228944778,4274.384228944778,NoButton,Move,450.15234375,0.6796875
4274.392895936966,4274.392895936966,NoButton,Move,448.6796875,2.1484375
4274.400902032852,4274.400902032852,NoButton,Move,446.12890625,3.84765625
4274.40879201889,4274.40879201889,NoButton,Move,441.55078125,6.8984375
4274.417015075684,4274.417015075684,NoButton,Move,436.18359375,9.578125
4274.425179004669,4274.425179004669,NoButton,Move,429.97265625,12.3984375
4274.433454990387,4274.433454990387,NoButton,Move,426.125,14.80078125
4274.441507816315,4274.441507816315,NoButton,Move,415.5546875,20.43359375
4274.449769020081,4274.449769020081,NoButton,Move,407.48828125,24.15234375
4274.458060026169,4274.458060026169,NoButton,Move,399.421875,27.87109375
4274.4662210941315,4274.4662210941315,NoButton,Move,395.09375,29.79296875
4274.474550008774,4274.474550008774,NoButton,Move,381.3984375,35.87890625
4274.482486009598,4274.482486009598,NoButton,Move,372.7109375,38.359375
4274.4908611774445,4274.4908611774445,NoButton,Move,364.0234375,40.83984375
4274.499064207077,4274.499064207077,NoButton,Move,354.296875,42.1328125
4274.507300853729,4274.507300853729,NoButton,Move,343.47265625,43.484375
4274.515410900116,4274.515410900116,NoButton,Move,338.38671875,43.9921875
4274.524290084839,4274.524290084839,NoButton,Move,322.60546875,44.77734375
4274.531746149063,4274.531746149063,NoButton,Move,312.87890625,45.421875
4274.540808916092,4274.540808916092,NoButton,Move,307.79296875,45.9296875
4274.547921895981,4274.547921895981,NoButton,Move,299.10546875,46.546875
4274.557116985321,4274.557116985321,NoButton,Move,291.40234375,47.13671875
4274.564383029938,4274.564383029938,NoButton,Move,284.62890625,48.26171875
4274.57385802269,4274.57385802269,NoButton,Move,277.85546875,49.38671875
4274.580942153931,4274.580942153931,NoButton,Move,272.76953125,50.40234375
4274.59113907814,4274.59113907814,NoButton,Move,270.38671875,50.796875
4274.597051858902,4274.597051858902,NoButton,Move,266.76171875,51.24609375
4274.60777592659,4274.60777592659,NoButton,Move,263.13671875,51.6953125
4274.613436937332,4274.613436937332,NoButton,Move,260.75390625,52.08984375
4274.624403953552,4274.624403953552,NoButton,Move,258.37109375,52.08984375
4274.629832983017,4274.629832983017,NoButton,Move,257.00390625,52.08984375
4274.640674114227,4274.640674114227,NoButton,Move,256.0625,52.08984375
4274.646280050278,4274.646280050278,NoButton,Move,255.48828125,52.08984375
4274.681183099747,4274.681183099747,NoButton,Move,255.48828125,51.8515625
4274.690483093262,4274.690483093262,NoButton,Move,256.51171875,50.82421875
4274.696877002716,4274.696877002716,NoButton,Move,258.35546875,49.71484375
4274.709124803543,4274.709124803543,NoButton,Move,260.90234375,48.01171875
4274.713397979736,4274.713397979736,NoButton,Move,263.44921875,45.88671875
4274.720295906067,4274.720295906067,NoButton,Move,266.8125,43.0
4274.730448007584,4274.730448007584,NoButton,Move,270.17578125,40.11328125
4274.737076044083,4274.737076044083,NoButton,Move,273.5390625,36.74609375
4274.745454072952,4274.745454072952,NoButton,Move,277.60546875,33.18359375
4274.7535309791565,4274.7535309791565,NoButton,Move,280.96875,30.296875
4274.761158943176,4274.761158943176,NoButton,Move,284.8125,27.890625
4274.769317865372,4274.769317865372,NoButton,Move,286.2890625,26.78125
4274.77757191658,4274.77757191658,NoButton,Move,288.8359375,25.078125
4274.785626888275,4274.785626888275,NoButton,Move,291.3828125,23.375
4274.793974161148,4274.793974161148,NoButton,Move,292.859375,22.265625
4274.802018165588,4274.802018165588,NoButton,Move,294.22265625,21.58203125
4274.8104159832,4274.8104159832,NoButton,Move,295.16015625,21.265625
4274.818572044373,4274.818572044373,NoButton,Move,295.73046875,20.9765625
4274.826979160309,4274.826979160309,NoButton,Move,296.30078125,20.6875
4274.834926128387,4274.834926128387,NoButton,Move,296.55859375,20.6875
4274.8575711250305,4274.8575711250305,Left,Pressed,296.55859375,20.6875
4274.873852014542,4274.873852014542,NoButton,Move,296.6796875,20.6875
4274.936095952988,4274.936095952988,Left,Released,296.6796875,20.6875
4275.13985991478,4275.13985991478,NoButton,Move,301.62109375,22.91015625
4275.154381036758,4275.154381036758,NoButton,Move,309.68359375,27.25
4275.154499053955,4275.154499053955,NoButton,Move,321.85546875,35.6171875
4275.162351846695,4275.162351846695,NoButton,Move,338.44921875,47.84375
4275.170070171356,4275.170070171356,NoButton,Move,358.5703125,63.17578125
4275.180454015732,4275.180454015732,NoButton,Move,384.96875,85.17578125
4275.194504976273,4275.194504976273,NoButton,Move,442.95703125,135.328125
4275.212842941284,4275.212842941284,NoButton,Move,514.1640625,204.80078125
4275.212985038757,4275.212985038757,NoButton,Move,636.2421875,328.9140625
4275.213077068329,4275.213077068329,NoButton,Move,735.41015625,433.91796875
4275.223273038864,4275.223273038864,NoButton,Move,844.78125,549.25390625
4275.231673955917,4275.231673955917,NoButton,Move,964.3984375,670.8984375
4275.235900878906,4275.235900878906,NoButton,Move,1084.015625,794.5703125
4275.252565145493,4275.252565145493,NoButton,Move,1206.09375,899.98046875
4275.501034021378,4275.501034021378,NoButton,Move,1206.09375,899.98046875
4275.51033616066,4275.51033616066,NoButton,Move,1206.09375,899.98046875
4275.526216030121,4275.526216030121,NoButton,Move,1206.09375,899.98046875
4275.526358127594,4275.526358127594,NoButton,Move,1206.09375,899.98046875
4275.531747817993,4275.531747817993,NoButton,Move,1206.09375,899.98046875
4275.551822185516,4275.551822185516,NoButton,Move,1206.09375,899.98046875
4275.551945924759,4275.551945924759,NoButton,Move,1206.09375,899.98046875
4275.5595688819885,4275.5595688819885,NoButton,Move,1206.54296875,899.98046875
4275.563598155975,4275.563598155975,NoButton,Move,1207.61328125,899.98046875
4275.576611995697,4275.576611995697,NoButton,Move,1208.1484375,899.98046875
4275.5814480781555,4275.5814480781555,NoButton,Move,1208.68359375,899.98046875
4275.597290992737,4275.597290992737,NoButton,Move,1209.75390625,899.98046875
4275.597393989563,4275.597393989563,NoButton,Move,1210.1484375,899.98046875
4275.607609033585,4275.607609033585,NoButton,Move,1210.62890625,899.98046875
4275.613700866699,4275.613700866699,NoButton,Move,1210.62890625,899.98046875
4275.622359991074,4275.622359991074,NoButton,Move,1211.05078125,899.98046875
4275.629777908325,4275.629777908325,NoButton,Move,1211.05078125,899.98046875
4275.637473106384,4275.637473106384,NoButton,Move,1211.05078125,899.98046875
4275.64742898941,4275.64742898941,NoButton,Move,1211.05078125,899.98046875
4275.655841112137,4275.655841112137,NoButton,Move,1211.05078125,899.98046875
4275.663854837418,4275.663854837418,NoButton,Move,1211.05078125,899.98046875
4275.6699430942535,4275.6699430942535,NoButton,Move,1211.05078125,899.98046875
4275.680868864059,4275.680868864059,NoButton,Move,1211.05078125,899.98046875
4275.687648057938,4275.687648057938,NoButton,Move,1211.05078125,899.98046875
4275.6943690776825,4275.6943690776825,NoButton,Move,1211.05078125,899.98046875
4275.703714132309,4275.703714132309,NoButton,Move,1211.05078125,899.98046875
4275.711004018784,4275.711004018784,NoButton,Move,1211.05078125,899.98046875
4275.720316886902,4275.720316886902,NoButton,Move,1211.05078125,899.98046875
4275.727818012238,4275.727818012238,NoButton,Move,1211.05078125,899.98046875
4275.753034114838,4275.753034114838,NoButton,Move,1211.05078125,899.98046875
4275.833710193634,4275.833710193634,NoButton,Move,1210.81640625,899.98046875
4276.010583162308,4276.010583162308,NoButton,Move,1211.7578125,899.98046875
4276.0141389369965,4276.0141389369965,NoButton,Move,1214.73046875,899.98046875
4276.027629137039,4276.027629137039,NoButton,Move,1218.3515625,899.52734375
4276.030319929123,4276.030319929123,NoButton,Move,1222.67578125,899.04296875
4276.044153928757,4276.044153928757,NoButton,Move,1227.0,898.078125
4276.047096014023,4276.047096014023,NoButton,Move,1232.8984375,897.5390625
4276.061002969742,4276.061002969742,NoButton,Move,1242.62109375,895.59375
4276.062627792358,4276.062627792358,NoButton,Move,1253.44140625,893.5625
4276.076086997986,4276.076086997986,NoButton,Move,1265.41796875,890.7421875
4276.078938007355,4276.078938007355,NoButton,Move,1278.60546875,888.54296875
4276.0912120342255,4276.0912120342255,NoButton,Move,1290.58203125,885.72265625
4276.095390081406,4276.095390081406,NoButton,Move,1302.55859375,883.60546875
4276.110307216644,4276.110307216644,NoButton,Move,1308.45703125,882.53125
4276.112447023392,4276.112447023392,NoButton,Move,1319.27734375,880.5
4276.119863033295,4276.119863033295,NoButton,Move,1327.9609375,878.63671875
4276.128088951111,4276.128088951111,NoButton,Move,1330.93359375,878.2109375
4276.136518001556,4276.136518001556,NoButton,Move,1336.83203125,876.6015625
4276.1445870399475,4276.1445870399475,NoButton,Move,1341.15625,875.63671875
4276.152675867081,4276.152675867081,NoButton,Move,1343.53515625,874.83984375
4276.1608781814575,4276.1608781814575,NoButton,Move,1345.37890625,874.46875
4276.16873717308,4276.16873717308,NoButton,Move,1346.7421875,874.125
4276.177229166031,4276.177229166031,NoButton,Move,1347.3125,873.8359375
4276.185340881348,4276.185340881348,NoButton,Move,1347.8828125,873.546875
4276.193639039993,4276.193639039993,NoButton,Move,1348.140625,873.546875
4276.201476812363,4276.201476812363,NoButton,Move,1348.140625,873.28515625
4276.209811925888,4276.209811925888,NoButton,Move,1348.140625,872.7109375
4276.218108892441,4276.218108892441,NoButton,Move,1347.87890625,872.44921875
4276.226148843765,4276.226148843765,NoButton,Move,1346.9375,872.1328125
4276.235500097275,4276.235500097275,NoButton,Move,1345.99609375,871.81640625
4276.242665052414,4276.242665052414,NoButton,Move,1345.0546875,871.5
4276.250671863556,4276.250671863556,NoButton,Move,1344.11328125,870.87109375
4276.258982896805,4276.258982896805,NoButton,Move,1343.5390625,870.87109375
4276.267394065857,4276.267394065857,NoButton,Move,1342.96484375,870.58203125
4276.275353908539,4276.275353908539,NoButton,Move,1342.390625,870.29296875
4276.2839958667755,4276.2839958667755,NoButton,Move,1342.12890625,870.29296875
4276.291985034943,4276.291985034943,NoButton,Move,1341.8671875,870.03125
4276.308928012848,4276.308928012848,NoButton,Move,1341.62109375,870.03125
4276.325824022293,4276.325824022293,NoButton,Move,1341.62109375,869.78515625
4276.341952085495,4276.341952085495,NoButton,Move,1341.62109375,869.5390625
4276.3489310741425,4276.3489310741425,NoButton,Move,1341.359375,869.5390625
4276.382364034653,4276.382364034653,NoButton,Move,1341.359375,869.30078125
4276.39044213295,4276.39044213295,NoButton,Move,1341.09765625,869.30078125
4276.414659976959,4276.414659976959,NoButton,Move,1340.85546875,869.30078125
4276.425710201263,4276.425710201263,NoButton,Move,1340.85546875,869.0390625
4276.441509008408,4276.441509008408,NoButton,Move,1340.609375,869.0390625
4276.458354949951,4276.458354949951,Left,Pressed,1340.609375,869.0390625
4276.475768089294,4276.475768089294,NoButton,Move,1340.609375,868.9140625
4276.8626890182495,4276.8626890182495,Left,Released,1340.609375,868.9140625
4277.248574018478,4277.248574018478,NoButton,Move,1340.14453125,868.9140625
4277.248654127121,4277.248654127121,NoButton,Move,1338.77734375,868.9140625
4277.248706102371,4277.248706102371,NoButton,Move,1336.9296875,868.9140625
4277.248744010925,4277.248744010925,NoButton,Move,1335.08203125,868.9140625
4277.248780012131,4277.248780012131,NoButton,Move,1333.71484375,868.9140625
4277.2488169670105,4277.2488169670105,NoButton,Move,1332.34765625,868.9140625
4277.248852968216,4277.248852968216,NoButton,Move,1330.98046875,868.9140625
4277.248887062073,4277.248887062073,NoButton,Move,1330.0390625,868.9140625
4277.248921871185,4277.248921871185,NoButton,Move,1329.09765625,868.9140625
4277.248956918716,4277.248956918716,NoButton,Move,1328.5234375,868.9140625
4277.248991012573,4277.248991012573,NoButton,Move,1328.26171875,868.9140625
4277.249521017075,4277.249521017075,NoButton,Move,1328.0,868.9140625
4277.26459813118,4277.26459813118,NoButton,Move,1327.73828125,868.9140625
4277.2739889621735,4277.2739889621735,Left,Pressed,1327.73828125,868.9140625
4277.35728096962,4277.35728096962,Left,Released,1327.73828125,868.9140625
4277.705193042755,4277.705193042755,NoButton,Move,1327.73828125,868.44921875
4277.713348865509,4277.713348865509,NoButton,Move,1325.61328125,866.32421875
4277.718158960342,4277.718158960342,NoButton,Move,1323.34765625,863.15234375
4277.735223054886,4277.735223054886,NoButton,Move,1319.98046875,859.78515625
4277.735514879227,4277.735514879227,NoButton,Move,1308.93359375,847.94921875
4277.74987912178,4277.74987912178,NoButton,Move,1296.67578125,835.69140625
4277.749946832657,4277.749946832657,NoButton,Move,1268.90625,809.078125
4277.763596057892,4277.763596057892,NoButton,Move,1243.6015625,785.97265625
4277.765429019928,4277.765429019928,NoButton,Move,1212.0390625,756.8359375
4277.779451847076,4277.779451847076,NoButton,Move,1177.25,727.015625
4277.781731843948,4277.781731843948,NoButton,Move,1136.07421875,693.80859375
4277.793934106827,4277.793934106827,NoButton,Move,1094.01171875,658.53125
4277.798097848892,4277.798097848892,NoButton,Move,1052.8359375,625.32421875
4277.815027952194,4277.815027952194,NoButton,Move,1035.69921875,610.89453125
4277.815154075623,4277.815154075623,NoButton,Move,1000.91015625,582.31640625
4277.827862977982,4277.827862977982,NoButton,Move,988.28515625,572.84765625
4277.830871105194,4277.830871105194,NoButton,Move,963.2421875,555.109375
4277.844496965408,4277.844496965408,NoButton,Move,956.1328125,551.5546875
4277.8474650383,4277.8474650383,NoButton,Move,940.60546875,543.3828125
4277.862417936325,4277.862417936325,NoButton,Move,930.45703125,539.3203125
4277.863615989685,4277.863615989685,NoButton,Move,923.68359375,539.3203125
4278.510417938232,4278.510417938232,NoButton,Move,924.375,539.3203125
4278.518738985062,4278.518738985062,NoButton,Move,927.99609375,539.3203125
4278.526800870895,4278.526800870895,NoButton,Move,933.078125,539.3203125
4278.535171985626,4278.535171985626,NoButton,Move,939.84765625,541.01171875
4278.549909114838,4278.549909114838,NoButton,Move,947.546875,543.37890625
4278.565616846085,4278.565616846085,NoButton,Move,963.32421875,548.109375
4278.56574010849,4278.56574010849,NoButton,Move,981.07421875,554.87109375
4278.569445848465,4278.569445848465,NoButton,Move,1003.39453125,563.23828125
4278.583657979965,4278.583657979965,NoButton,Move,1030.796875,573.38671875
4278.5842089653015,4278.5842089653015,NoButton,Move,1060.80078125,586.24609375
4278.592477083206,4278.592477083206,NoButton,Move,1093.52734375,602.04296875
4278.600752830505,4278.600752830505,NoButton,Move,1128.234375,618.23828125
4278.608568191528,4278.608568191528,NoButton,Move,1162.94140625,635.58984375
4278.617331981659,4278.617331981659,NoButton,Move,1196.4921875,654.09765625
4278.6387231349945,4278.6387231349945,NoButton,Move,1230.04296875,672.60546875
4278.6388030052185,4278.6388030052185,NoButton,Move,1263.59375,691.11328125
4278.678073167801,4278.678073167801,NoButton,Move,1275.3125,697.70703125
4278.67813706398,4278.67813706398,NoButton,Move,1297.3515625,711.12109375
4278.678177118301,4278.678177118301,NoButton,Move,1305.4140625,715.4609375
4278.6782150268555,4278.6782150268555,NoButton,Move,1320.12109375,725.265625
4278.678250074387,4278.678250074387,NoButton,Move,1324.6953125,727.8046875
4278.70342206955,4278.70342206955,NoButton,Move,1332.47265625,733.63671875
4278.703516960144,4278.703516960144,NoButton,Move,1337.296875,737.390625
4278.703589916229,4278.703589916229,NoButton,Move,1337.296875,737.390625
4278.7036118507385,4278.7036118507385,NoButton,Move,1340.66015625,740.75390625
4278.7077379226685,4278.7077379226685,NoButton,Move,1340.97265625,741.69140625
4278.834930896759,4278.834930896759,NoButton,Move,1340.97265625,742.26171875
4278.834998130798,4278.834998130798,NoButton,Move,1338.58984375,742.26171875
4278.835040092468,4278.835040092468,NoButton,Move,1334.96484375,742.26171875
4278.835078001022,4278.835078001022,NoButton,Move,1333.1171875,742.26171875
4278.835114002228,4278.835114002228,NoButton,Move,1330.140625,742.26171875
4278.835148096085,4278.835148096085,NoButton,Move,1327.7578125,742.26171875
4278.835182905197,4278.835182905197,NoButton,Move,1325.375,741.86328125
4278.835217952728,4278.835217952728,NoButton,Move,1324.0078125,741.86328125
4278.863532066345,4278.863532066345,NoButton,Move,1322.16015625,741.86328125
4278.863598108292,4278.863598108292,NoButton,Move,1321.21875,741.86328125
4278.8638920784,4278.8638920784,NoButton,Move,1319.8515625,741.86328125
4278.863935947418,4278.863935947418,NoButton,Move,1318.91015625,741.86328125
4278.863972902298,4278.863972902298,NoButton,Move,1317.96875,741.86328125
4278.864007949829,4278.864007949829,NoButton,Move,1317.39453125,741.86328125
4278.864114999771,4278.864114999771,NoButton,Move,1316.8203125,741.86328125
4278.864212036133,4278.864212036133,NoButton,Move,1316.24609375,741.86328125
4278.864250898361,4278.864250898361,NoButton,Move,1315.984375,741.86328125
4278.864322185516,4278.864322185516,NoButton,Move,1315.73828125,741.86328125
4278.917151927948,4278.917151927948,NoButton,Move,1316.21484375,742.1015625
4278.922673940659,4278.922673940659,NoButton,Move,1319.8359375,742.55078125
4278.944915056229,4278.944915056229,NoButton,Move,1322.80859375,743.3984375
4278.944974184036,4278.944974184036,NoButton,Move,1327.890625,744.921875
4278.966064929962,4278.966064929962,NoButton,Move,1332.97265625,746.953125
4278.9662091732025,4278.9662091732025,NoButton,Move,1338.87109375,748.55859375
4278.968763828278,4278.968763828278,NoButton,Move,1343.953125,750.08203125
4278.969220876694,4278.969220876694,NoButton,Move,1346.33203125,750.875
4278.978492021561,4278.978492021561,NoButton,Move,1349.953125,752.23046875
4279.016637086868,4279.016637086868,NoButton,Move,1352.33203125,753.0234375
4279.016750097275,4279.016750097275,NoButton,Move,1354.17578125,753.76171875
4279.03443312645,4279.03443312645,NoButton,Move,1355.5390625,754.1015625
4279.0344960689545,4279.0344960689545,NoButton,Move,1356.109375,754.38671875
4279.034894943237,4279.034894943237,NoButton,Move,1356.6796875,754.671875
4279.034981966019,4279.034981966019,NoButton,Move,1356.9375,754.671875
4279.035267114639,4279.035267114639,NoButton,Move,1357.1953125,754.9296875
4279.048652172089,4279.048652172089,NoButton,Move,1357.453125,754.9296875
4279.081038951874,4279.081038951874,Left,Pressed,1357.453125,754.9296875
4279.16331911087,4279.16331911087,NoButton,Move,1357.3359375,754.9296875
4279.180077075958,4279.180077075958,NoButton,Move,1351.0859375,754.9296875
4279.202125072479,4279.202125072479,NoButton,Move,1330.57421875,754.9296875
4279.215057849884,4279.215057849884,NoButton,Move,1279.3203125,754.9296875
4279.23300409317,4279.23300409317,NoButton,Move,1204.40234375,754.9296875
4279.250441074371,4279.250441074371,NoButton,Move,1117.87890625,754.9296875
4279.267338037491,4279.267338037491,NoButton,Move,1017.80078125,754.9296875
4279.275461912155,4279.275461912155,NoButton,Move,919.53125,754.9296875
4279.29249215126,4279.29249215126,NoButton,Move,842.984375,754.9296875
4279.311517953873,4279.311517953873,NoButton,Move,792.55859375,754.9296875
4279.332988977432,4279.332988977432,NoButton,Move,758.87109375,754.9296875
4279.343564033508,4279.343564033508,NoButton,Move,734.39453125,754.9296875
4279.3601632118225,4279.3601632118225,NoButton,Move,718.30859375,754.9296875
4279.391812801361,4279.391812801361,NoButton,Move,710.33984375,754.9296875
4279.39440202713,4279.39440202713,NoButton,Move,705.6953125,754.9296875
4279.411720991135,4279.411720991135,NoButton,Move,703.8203125,754.9296875
4279.424834012985,4279.424834012985,NoButton,Move,703.265625,754.9296875
4279.543061971664,4279.543061971664,Left,Released,703.265625,754.9296875
4281.376866102219,4281.376866102219,NoButton,Move,695.765625,757.26953125
4281.384516954422,4281.384516954422,NoButton,Move,688.65625,760.23046875
4281.39355301857,4281.39355301857,NoButton,Move,680.953125,762.00390625
4281.401942014694,4281.401942014694,NoButton,Move,673.25,763.77734375
4281.408595085144,4281.408595085144,NoButton,Move,664.5625,765.015625
4281.418250083923,4281.418250083923,NoButton,Move,654.84765625,765.66015625
4281.4254758358,4281.4254758358,NoButton,Move,645.12109375,765.66015625
4281.434622049332,4281.434622049332,NoButton,Move,634.296875,765.66015625
4281.441764831543,4281.441764831543,NoButton,Move,611.04296875,765.66015625
4281.449969053268,4281.449969053268,NoButton,Move,586.125,759.91015625
4281.458981990814,4281.458981990814,NoButton,Move,556.91015625,751.5625
4281.466303110123,4281.466303110123,NoButton,Move,527.6953125,741.12890625
4281.475692987442,4281.475692987442,NoButton,Move,497.6875,729.33984375
4281.483846902847,4281.483846902847,NoButton,Move,471.296875,718.171875
4281.496356964111,4281.496356964111,NoButton,Move,460.47265625,715.46484375
4281.500356912613,4281.500356912613,NoButton,Move,451.78515625,712.98046875
4281.508764028549,4281.508764028549,NoButton,Move,436.00390625,709.03515625
4281.5172328948975,4281.5172328948975,NoButton,Move,422.8125,707.56640625
4281.526106834412,4281.526106834412,NoButton,Move,413.0859375,707.56640625
4281.533514022827,4281.533514022827,NoButton,Move,405.3828125,707.56640625
4281.5421488285065,4281.5421488285065,NoButton,Move,399.48046875,707.56640625
4281.549941062927,4281.549941062927,NoButton,Move,394.39453125,707.56640625
4281.55871796608,4281.55871796608,NoButton,Move,390.76953125,707.56640625
4281.566538095474,4281.566538095474,NoButton,Move,387.14453125,708.46875
4281.575711965561,4281.575711965561,NoButton,Move,384.16796875,708.46875
4281.582690000534,4281.582690000534,NoButton,Move,381.78515625,708.46875
4281.592149019241,4281.592149019241,NoButton,Move,378.80859375,708.46875
4281.598973989487,4281.598973989487,NoButton,Move,377.8671875,707.83984375
4281.60972905159,4281.60972905159,NoButton,Move,376.01953125,706.73046875
4281.615490198135,4281.615490198135,NoButton,Move,374.91015625,705.25
4281.626634120941,4281.626634120941,NoButton,Move,373.8828125,704.22265625
4281.632246017456,4281.632246017456,NoButton,Move,373.19921875,702.85546875
4281.643383026123,4281.643383026123,NoButton,Move,372.85546875,701.48828125
4281.649710893631,4281.649710893631,NoButton,Move,372.85546875,699.640625
4281.665884017944,4281.665884017944,NoButton,Move,372.85546875,698.2734375
4281.665957927704,4281.665957927704,NoButton,Move,372.85546875,696.90625
4281.6758069992065,4281.6758069992065,NoButton,Move,373.9609375,695.05859375
4281.679399013519,4281.679399013519,NoButton,Move,377.12890625,692.79296875
4281.696930170059,4281.696930170059,NoButton,Move,380.97265625,690.38671875
4281.697155952454,4281.697155952454,NoButton,Move,388.078125,686.83203125
4281.703697919846,4281.703697919846,NoButton,Move,393.9765625,684.68359375
4281.712913990021,4281.712913990021,NoButton,Move,401.67578125,682.3125
4281.72003698349,4281.72003698349,NoButton,Move,411.3984375,679.0703125
4281.729403018951,4281.729403018951,NoButton,Move,421.12109375,676.4765625
4281.736582040787,4281.736582040787,NoButton,Move,431.94140625,673.76953125
4281.7454998493195,4281.7454998493195,NoButton,Move,442.76171875,670.38671875
4281.752661943436,4281.752661943436,NoButton,Move,452.484375,667.14453125
4281.76105093956,4281.76105093956,NoButton,Move,457.56640625,665.6171875
4281.769458055496,4281.769458055496,NoButton,Move,466.640625,661.7265625
4281.777398109436,4281.777398109436,NoButton,Move,473.41015625,659.46875
4281.785567045212,4281.785567045212,NoButton,Move,480.515625,656.50390625
4281.793728113174,4281.793728113174,NoButton,Move,485.59765625,654.46875
4281.801853895187,4281.801853895187,NoButton,Move,490.6796875,652.43359375
4281.80984711647,4281.80984711647,NoButton,Move,492.5234375,651.69140625
4281.818051099777,4281.818051099777,NoButton,Move,496.14453125,650.33203125
4281.82644200325,4281.82644200325,NoButton,Move,499.1171875,649.48046875
4281.83441901207,4281.83441901207,NoButton,Move,502.08984375,648.62890625
4281.842805147171,4281.842805147171,NoButton,Move,503.93359375,648.2578125
4281.850777864456,4281.850777864456,NoButton,Move,505.77734375,647.88671875
4281.8591911792755,4281.8591911792755,NoButton,Move,507.62109375,647.88671875
4281.867203950882,4281.867203950882,NoButton,Move,508.984375,647.88671875
4281.875488042831,4281.875488042831,NoButton,Move,509.921875,647.88671875
4281.883656978607,4281.883656978607,NoButton,Move,510.859375,647.88671875
4281.891738891602,4281.891738891602,NoButton,Move,511.796875,647.88671875
4281.899854898453,4281.899854898453,NoButton,Move,512.3671875,647.88671875
4281.908280134201,4281.908280134201,NoButton,Move,512.9375,647.88671875
4281.9162340164185,4281.9162340164185,NoButton,Move,513.5078125,647.88671875
4281.924868822098,4281.924868822098,NoButton,Move,514.078125,647.88671875
4281.932669878006,4281.932669878006,NoButton,Move,514.3359375,647.88671875
4281.94157910347,4281.94157910347,NoButton,Move,514.59375,647.88671875
4281.949025154114,4281.949025154114,NoButton,Move,514.8515625,647.88671875
4281.958030939102,4281.958030939102,NoButton,Move,515.109375,648.14453125
4281.965329885483,4281.965329885483,NoButton,Move,515.3671875,648.14453125
4281.998160839081,4281.998160839081,NoButton,Move,515.3671875,648.37890625
4282.014492988586,4282.014492988586,NoButton,Move,515.609375,648.37890625
4282.023731946945,4282.023731946945,NoButton,Move,515.8671875,648.63671875
4282.03079199791,4282.03079199791,NoButton,Move,516.4375,648.921875
4282.040786981583,4282.040786981583,NoButton,Move,517.80078125,649.6015625
4282.047191143036,4282.047191143036,NoButton,Move,519.64453125,650.33984375
4282.057541847229,4282.057541847229,NoButton,Move,521.48828125,651.4453125
4282.0635640621185,4282.0635640621185,NoButton,Move,524.03515625,653.14453125
4282.075199127197,4282.075199127197,NoButton,Move,527.203125,654.953125
4282.084157943726,4282.084157943726,NoButton,Move,530.17578125,656.2265625
4282.0920560359955,4282.0920560359955,NoButton,Move,533.34375,658.03515625
4282.096585988998,4282.096585988998,NoButton,Move,536.51171875,659.84375
4282.118932008743,4282.118932008743,NoButton,Move,539.6796875,661.65234375
4282.119050979614,4282.119050979614,NoButton,Move,542.2265625,663.7734375
4282.1253781318665,4282.1253781318665,NoButton,Move,545.39453125,665.58203125
4282.129461050034,4282.129461050034,NoButton,Move,548.5625,667.84375
4282.141895055771,4282.141895055771,NoButton,Move,551.109375,669.96484375
4282.265059232712,4282.265059232712,NoButton,Move,554.27734375,672.2265625
4282.265105962753,4282.265105962753,NoButton,Move,555.75390625,673.703125
4282.265156984329,4282.265156984329,NoButton,Move,557.73828125,675.2890625
4282.265186071396,4282.265186071396,NoButton,Move,560.28515625,676.98828125
4282.265214920044,4282.265214920044,NoButton,Move,561.390625,678.46484375
4282.265241861343,4282.265241861343,NoButton,Move,562.8671875,679.5703125
4282.265269994736,4282.265269994736,NoButton,Move,563.4375,680.140625
4282.265296936035,4282.265296936035,NoButton,Move,564.0078125,680.7109375
4282.265328884125,4282.265328884125,NoButton,Move,564.265625,680.96875
4282.265356063843,4282.265356063843,NoButton,Move,564.5234375,681.2265625
4282.269155025482,4282.269155025482,NoButton,Move,564.5234375,681.484375
4282.354784011841,4282.354784011841,NoButton,Move,564.75390625,681.94921875
4282.364819049835,4282.364819049835,NoButton,Move,566.02734375,684.921875
4282.369005203247,4282.369005203247,NoButton,Move,567.8359375,688.54296875
4282.384600162506,4282.384600162506,NoButton,Move,570.23828125,692.38671875
4282.384701013565,4282.384701013565,NoButton,Move,574.7734375,701.4609375
4282.439305067062,4282.439305067062,NoButton,Move,578.91796875,708.56640625
4282.439451932907,4282.439451932907,NoButton,Move,582.9765625,718.7109375
4282.440302848816,4282.440302848816,NoButton,Move,586.21484375,728.43359375
4282.440356969833,4282.440356969833,NoButton,Move,587.73828125,733.515625
4282.440405130386,4282.440405130386,NoButton,Move,590.328125,743.23828125
4282.4404418468475,4282.4404418468475,NoButton,Move,592.80859375,751.921875
4282.49117898941,4282.49117898941,NoButton,Move,594.046875,760.60546875
4282.491321802139,4282.491321802139,NoButton,Move,594.46875,763.578125
4282.491609811783,4282.491609811783,NoButton,Move,595.5390625,769.4765625
4282.49165391922,4282.49165391922,NoButton,Move,596.046875,774.55859375
4282.491817951202,4282.491817951202,NoButton,Move,596.49609375,778.1796875
4282.491939067841,4282.491939067841,NoButton,Move,596.890625,780.55859375
4282.491980075836,4282.491980075836,NoButton,Move,597.2578125,782.40234375
4282.545525074005,4282.545525074005,NoButton,Move,597.2578125,784.2421875
4282.5457310676575,4282.5457310676575,NoButton,Move,597.2578125,785.1796875
4282.550215959549,4282.550215959549,NoButton,Move,597.2578125,785.75
4282.550333976746,4282.550333976746,NoButton,Move,597.2578125,786.0078125
4282.550382137299,4282.550382137299,NoButton,Move,597.2578125,786.265625
4282.550420999527,4282.550420999527,NoButton,Move,596.68359375,786.265625
4290.544034004211,4290.544034004211,NoButton,Move,594.1328125,795.52734375
4290.549129009247,4290.549129009247,NoButton,Move,590.2421875,804.6015625
4290.564682006836,4290.564682006836,NoButton,Move,587.03125,809.9453125
4290.564871072769,4290.564871072769,NoButton,Move,583.64453125,816.15234375
4290.574609041214,4290.574609041214,NoButton,Move,581.1015625,820.7265625
4290.580078840256,4290.580078840256,NoButton,Move,578.046875,825.30078125
4290.591392040253,4290.591392040253,NoButton,Move,575.78125,828.46875
4290.596335887909,4290.596335887909,NoButton,Move,573.65625,831.015625
4290.6049201488495,4290.6049201488495,NoButton,Move,572.06640625,833.0
4290.612930059433,4290.612930059433,NoButton,Move,570.078125,834.5859375
4290.621334075928,4290.621334075928,NoButton,Move,565.5,837.125
4290.629315137863,4290.629315137863,NoButton,Move,558.7265625,839.37890625
4290.638675928116,4290.638675928116,NoButton,Move,549.0,839.37890625
4290.645889997482,4290.645889997482,NoButton,Move,537.7265625,835.1484375
4290.655877828598,4290.655877828598,NoButton,Move,510.93359375,815.85546875
4290.6624710559845,4290.6624710559845,NoButton,Move,483.1640625,789.2421875
4290.670918941498,4290.670918941498,NoButton,Move,421.421875,725.83203125
4290.679096221924,4290.679096221924,NoButton,Move,373.11328125,661.41796875
4290.686774969101,4290.686774969101,NoButton,Move,320.828125,585.51953125
4290.695502996445,4290.695502996445,NoButton,Move,270.2265625,507.93359375
4290.703367948532,4290.703367948532,NoButton,Move,220.32421875,425.33984375
4290.711813926697,4290.711813926697,NoButton,Move,201.35546875,388.58984375
4290.7200248241425,4290.7200248241425,NoButton,Move,165.484375,311.95703125
4290.728693962097,4290.728693962097,NoButton,Move,135.703125,241.42578125
4290.743628025055,4290.743628025055,NoButton,Move,128.59765625,213.00390625
4290.745808839798,4290.745808839798,NoButton,Move,113.984375,162.53125
4290.7750380039215,4290.7750380039215,NoButton,Move,111.4453125,143.93359375
4290.775094985962,4290.775094985962,NoButton,Move,107.04296875,109.828125
4290.775135040283,4290.775135040283,NoButton,Move,107.04296875,83.1875
4290.776238203049,4290.776238203049,NoButton,Move,107.04296875,63.09375
4290.784526109695,4290.784526109695,NoButton,Move,111.125,45.93359375
4290.795826911926,4290.795826911926,NoButton,Move,118.22265625,31.73046875
4290.800960063934,4290.800960063934,NoButton,Move,128.109375,20.31640625
4290.820405006409,4290.820405006409,NoButton,Move,138.7578125,10.42578125
4290.820494174957,4290.820494174957,NoButton,Move,152.16796875,0.95703125
4290.825902223587,4290.825902223587,NoButton,Move,166.3515625,0.0
4290.833694934845,4290.833694934845,NoButton,Move,181.33984375,0.0
4290.8418090343475,4290.8418090343475,NoButton,Move,195.79296875,0.0
4290.850214958191,4290.850214958191,NoButton,Move,210.24609375,0.0
4290.85830783844,4290.85830783844,NoButton,Move,224.69921875,0.0
4290.866454124451,4290.866454124451,NoButton,Move,237.88671875,0.0
4290.874638795853,4290.874638795853,NoButton,Move,249.86328125,0.0
4290.88294506073,4290.88294506073,NoButton,Move,254.9453125,0.0
4290.891097784042,4290.891097784042,NoButton,Move,264.66796875,1.94140625
4290.899211168289,4290.899211168289,NoButton,Move,272.3671875,3.71484375
4290.907544136047,4290.907544136047,NoButton,Move,279.109375,4.8359375
4290.91556096077,4290.91556096077,NoButton,Move,281.48828125,5.62890625
4290.9238069057465,4290.9238069057465,NoButton,Move,285.8125,6.58984375
4290.931917190552,4290.931917190552,NoButton,Move,288.78515625,7.4375
4290.940090894699,4290.940090894699,NoButton,Move,291.7578125,8.28515625
4290.948401927948,4290.948401927948,NoButton,Move,295.37890625,9.640625
4290.9565551280975,4290.9565551280975,NoButton,Move,297.22265625,10.74609375
4290.964803934097,4290.964803934097,NoButton,Move,299.203125,12.33203125
4290.973027229309,4290.973027229309,NoButton,Move,301.75,14.03125
4290.981155157089,4290.981155157089,NoButton,Move,304.296875,15.73046875
4290.989134073257,4290.989134073257,NoButton,Move,307.46484375,17.9921875
4290.997464895248,4290.997464895248,NoButton,Move,310.43359375,19.26171875
4291.005614042282,4291.005614042282,NoButton,Move,313.40625,20.53515625
4291.013868093491,4291.013868093491,NoButton,Move,317.02734375,21.4375
4291.0220239162445,4291.0220239162445,NoButton,Move,320.0,22.28515625
4291.030365943909,4291.030365943909,NoButton,Move,321.84375,22.65234375
4291.038916826248,4291.038916826248,NoButton,Move,325.46484375,23.1015625
4291.046585083008,4291.046585083008,NoButton,Move,329.7890625,23.58203125
4291.055977106094,4291.055977106094,NoButton,Move,333.41015625,24.484375
4291.062927007675,4291.062927007675,NoButton,Move,336.3828125,25.33203125
4291.073146820068,4291.073146820068,NoButton,Move,340.00390625,26.6875
4291.079429864883,4291.079429864883,NoButton,Move,344.328125,28.609375
4291.089917898178,4291.089917898178,NoButton,Move,349.41015625,30.640625
4291.095895051956,4291.095895051956,NoButton,Move,358.484375,34.52734375
4291.106523036957,4291.106523036957,NoButton,Move,365.58984375,37.48828125
4291.1125729084015,4291.1125729084015,NoButton,Move,375.734375,42.22265625
4291.123465061188,4291.123465061188,NoButton,Move,385.87890625,46.95703125
4291.1288368701935,4291.1288368701935,NoButton,Move,397.1484375,51.88671875
4291.140660047531,4291.140660047531,NoButton,Move,418.53515625,62.11328125
4291.145422935486,4291.145422935486,NoButton,Move,426.59765625,66.453125
4291.154186010361,4291.154186010361,NoButton,Move,440.796875,74.33984375
4291.161673069,4291.161673069,NoButton,Move,453.41796875,83.8046875
4291.171686887741,4291.171686887741,NoButton,Move,465.58984375,92.171875
4291.17814707756,4291.17814707756,NoButton,Move,469.65625,95.73046875
4291.189435958862,4291.189435958862,NoButton,Move,477.7734375,103.16796875
4295.632814884186,4295.632814884186,NoButton,Move,477.078125,109.19140625
4295.645908117294,4295.645908117294,NoButton,Move,474.3984375,114.546875
4295.647972822189,4295.647972822189,NoButton,Move,473.0390625,118.16796875
4295.660803794861,4295.660803794861,NoButton,Move,471.84765625,120.546875
4295.6642100811005,4295.6642100811005,NoButton,Move,470.3671875,121.65234375
4295.672355890274,4295.672355890274,NoButton,Move,469.0,122.33203125
4295.680451154709,4295.680451154709,NoButton,Move,467.15234375,122.33203125
4295.6886529922485,4295.6886529922485,NoButton,Move,464.17578125,122.33203125
4295.697154998779,4295.697154998779,NoButton,Move,457.06640625,118.18359375
4295.705582141876,4295.705582141876,NoButton,Move,438.85546875,99.97265625
4295.713485002518,4295.713485002518,NoButton,Move,418.4921875,74.25
4295.722412109375,4295.722412109375,NoButton,Move,389.8984375,32.66015625
4295.730576992035,4295.730576992035,NoButton,Move,331.5703125,0.0
4295.739214897156,4295.739214897156,NoButton,Move,289.17578125,0.0
4295.746200799942,4295.746200799942,NoButton,Move,250.04296875,0.0
4295.755961894989,4295.755961894989,NoButton,Move,232.6875,0.0
4295.7626230716705,4295.7626230716705,NoButton,Move,200.90234375,0.0
4295.772430896759,4295.772430896759,NoButton,Move,191.03515625,0.0
4295.779043912888,4295.779043912888,NoButton,Move,172.0390625,0.0
4295.789678096771,4295.789678096771,NoButton,Move,167.1328125,0.0
4295.795439004898,4295.795439004898,NoButton,Move,157.23046875,0.0
4295.803502082825,4295.803502082825,NoButton,Move,151.48046875,0.0
4295.811795949936,4295.811795949936,NoButton,Move,150.88671875,0.0
4295.820157051086,4295.820157051086,NoButton,Move,150.125,0.0
4295.828315973282,4295.828315973282,NoButton,Move,150.125,0.0
4295.836878061295,4295.836878061295,NoButton,Move,150.125,0.0
4295.844938993454,4295.844938993454,NoButton,Move,150.125,0.0
4295.853637933731,4295.853637933731,NoButton,Move,152.24609375,0.0
4295.861116886139,4295.861116886139,NoButton,Move,154.79296875,0.0
4295.870356082916,4295.870356082916,NoButton,Move,157.171875,0.0
4295.877609968185,4295.877609968185,NoButton,Move,160.14453125,0.0
4295.886104822159,4295.886104822159,NoButton,Move,163.765625,0.0
4295.894033908844,4295.894033908844,NoButton,Move,168.08984375,0.0
4295.901784181595,4295.901784181595,NoButton,Move,174.859375,1.125
4295.909793138504,4295.909793138504,NoButton,Move,181.375,5.26953125
4295.918019771576,4295.918019771576,NoButton,Move,187.890625,10.0078125
4295.926189184189,4295.926189184189,NoButton,Move,195.66796875,15.83984375
4295.934415817261,4295.934415817261,NoButton,Move,204.09375,21.671875
4295.9426209926605,4295.9426209926605,NoButton,Move,215.08203125,28.99609375
4295.950720071793,4295.950720071793,NoButton,Move,226.80078125,35.58984375
4295.959172964096,4295.959172964096,NoButton,Move,238.51953125,42.9140625
4295.967405080795,4295.967405080795,NoButton,Move,251.44921875,49.7578125
4295.975506067276,4295.975506067276,NoButton,Move,265.140625,55.84375
4295.984014987946,4295.984014987946,NoButton,Move,277.59375,60.96875
4295.992004871368,4295.992004871368,NoButton,Move,282.95703125,63.6484375
4296.000218868256,4296.000218868256,NoButton,Move,293.1015625,67.70703125
4296.008358001709,4296.008358001709,NoButton,Move,301.78515625,70.80859375
4296.0166227817535,4296.0166227817535,NoButton,Move,309.484375,73.17578125
4296.024816989899,4296.024816989899,NoButton,Move,315.3828125,74.78125
4296.033006191254,4296.033006191254,NoButton,Move,320.46484375,76.3046875
4296.04122710228,4296.04122710228,NoButton,Move,325.546875,76.8125
4296.049350976944,4296.049350976944,NoButton,Move,329.87109375,77.29296875
4296.057579040527,4296.057579040527,NoButton,Move,333.4921875,77.7421875
4296.065843105316,4296.065843105316,NoButton,Move,337.11328125,77.7421875
4296.0739369392395,4296.0739369392395,NoButton,Move,340.734375,77.7421875
4296.082185983658,4296.082185983658,NoButton,Move,343.70703125,77.7421875
4296.09036397934,4296.09036397934,NoButton,Move,347.328125,77.2890625
4296.0985741615295,4296.0985741615295,NoButton,Move,350.49609375,75.4765625
4296.1067237854,4296.1067237854,NoButton,Move,354.33984375,73.0703125
4296.114926815033,4296.114926815033,NoButton,Move,357.5078125,70.8046875
4296.123079061508,4296.123079061508,NoButton,Move,361.57421875,67.75
4296.1312119960785,4296.1312119960785,NoButton,Move,364.9375,64.86328125
4296.139672040939,4296.139672040939,NoButton,Move,368.30078125,61.9765625
4296.147755146027,4296.147755146027,NoButton,Move,371.015625,59.2578125
4296.1564700603485,4296.1564700603485,NoButton,Move,373.5625,57.1328125
4296.164083957672,4296.164083957672,NoButton,Move,376.27734375,54.4140625
4296.173313140869,4296.173313140869,NoButton,Move,377.3828125,52.93359375
4296.180526971817,4296.180526971817,NoButton,Move,380.265625,49.56640625
4296.190025091171,4296.190025091171,NoButton,Move,381.96484375,47.015625
4296.197087049484,4296.197087049484,NoButton,Move,384.0859375,44.46484375
4296.207257986069,4296.207257986069,NoButton,Move,386.20703125,41.9140625
4296.21419095993,4296.21419095993,NoButton,Move,388.46875,38.7421875
4296.223251104355,4296.223251104355,NoButton,Move,391.83203125,35.85546875
4296.229776859283,4296.229776859283,NoButton,Move,394.37890625,33.73046875
4296.240109205246,4296.240109205246,NoButton,Move,398.22265625,31.32421875
4296.2457847595215,4296.2457847595215,NoButton,Move,401.390625,29.51171875
4296.257912158966,4296.257912158966,NoButton,Move,403.234375,28.40234375
4296.263509988785,4296.263509988785,NoButton,Move,406.20703125,27.125
4296.273977994919,4296.273977994919,NoButton,Move,408.5859375,26.328125
4296.278790950775,4296.278790950775,NoButton,Move,411.55859375,25.4765625
4296.287130832672,4296.287130832672,NoButton,Move,413.40234375,25.10546875
4296.295089960098,4296.295089960098,NoButton,Move,415.78125,24.70703125
4296.303586006165,4296.303586006165,NoButton,Move,417.14453125,24.70703125
4296.311583995819,4296.311583995819,NoButton,Move,418.98828125,24.70703125
4296.3200578689575,4296.3200578689575,NoButton,Move,420.3515625,24.70703125
4296.328117132187,4296.328117132187,NoButton,Move,421.71484375,24.70703125
4296.3371369838715,4296.3371369838715,NoButton,Move,423.078125,24.70703125
4296.344347000122,4296.344347000122,NoButton,Move,424.015625,24.70703125
4296.352359056473,4296.352359056473,NoButton,Move,424.5859375,24.9921875
4296.360821008682,4296.360821008682,NoButton,Move,425.5234375,25.6171875
4296.368688821793,4296.368688821793,NoButton,Move,426.09375,26.1875
4296.377228021622,4296.377228021622,NoButton,Move,426.3515625,26.4453125
4296.3853549957275,4296.3853549957275,NoButton,Move,426.63671875,27.015625
4296.393585920334,4296.393585920334,NoButton,Move,426.921875,27.5859375
4296.4014711380005,4296.4014711380005,NoButton,Move,426.921875,28.5234375
4296.410211086273,4296.410211086273,NoButton,Move,426.921875,29.09375
4296.4179100990295,4296.4179100990295,NoButton,Move,426.921875,30.03125
4296.42676615715,4296.42676615715,NoButton,Move,426.921875,31.875
4296.434186935425,4296.434186935425,NoButton,Move,426.921875,33.71875
4296.443676948547,4296.443676948547,NoButton,Move,426.921875,39.6171875
4296.450626134872,4296.450626134872,NoButton,Move,427.56640625,49.33984375
4296.459337949753,4296.459337949753,NoButton,Move,434.41015625,62.26953125
4296.4684801101685,4296.4684801101685,NoButton,Move,443.14453125,80.61328125
4296.475345849991,4296.475345849991,NoButton,Move,453.99609375,105.27734375
4296.483577013016,4296.483577013016,NoButton,Move,467.1875,130.6484375
4296.491774082184,4296.491774082184,NoButton,Move,479.36328125,157.03515625
4296.499933004379,4296.499933004379,NoButton,Move,490.52734375,183.421875
4296.508083105087,4296.508083105087,NoButton,Move,495.44921875,194.671875
4318.0953459739685,4318.0953459739685,NoButton,Move,496.13671875,194.671875
4318.100362062454,4318.100362062454,NoButton,Move,497.98046875,194.671875
4318.114373922348,4318.114373922348,NoButton,Move,500.359375,195.46484375
4318.115572929382,4318.115572929382,NoButton,Move,503.33203125,196.73828125
4318.123765945435,4318.123765945435,NoButton,Move,506.3046875,198.01171875
4318.131964921951,4318.131964921951,NoButton,Move,509.92578125,199.8203125
4318.140195846558,4318.140195846558,NoButton,Move,513.546875,201.62890625
4318.148519039154,4318.148519039154,NoButton,Move,517.87109375,203.55078125
4318.156764984131,4318.156764984131,NoButton,Move,522.4453125,206.08984375
4318.164988040924,4318.164988040924,NoButton,Move,527.52734375,208.12109375
4318.17348408699,4318.17348408699,NoButton,Move,533.734375,210.94140625
4318.181422948837,4318.181422948837,NoButton,Move,539.6328125,213.0859375
4318.190439939499,4318.190439939499,NoButton,Move,545.83984375,215.90625
4318.197934150696,4318.197934150696,NoButton,Move,552.9453125,218.8671875
4318.206942081451,4318.206942081451,NoButton,Move,559.15234375,221.6875
4318.214288949966,4318.214288949966,NoButton,Move,566.2578125,224.6484375
4318.223726987839,4318.223726987839,NoButton,Move,573.36328125,228.19921875
4318.230700016022,4318.230700016022,NoButton,Move,580.46875,231.16015625
4318.240720033646,4318.240720033646,NoButton,Move,587.57421875,234.12109375
4318.2470071315765,4318.2470071315765,NoButton,Move,593.78125,237.50390625
4318.257058143616,4318.257058143616,NoButton,Move,599.98828125,240.32421875
4318.263431072235,4318.263431072235,NoButton,Move,605.0703125,242.35546875
4318.273977994919,4318.273977994919,NoButton,Move,610.43359375,245.03515625
4318.27965593338,4318.27965593338,NoButton,Move,614.7578125,246.95703125
4318.290648937225,4318.290648937225,NoButton,Move,616.6015625,247.6953125
4318.29637503624,4318.29637503624,NoButton,Move,620.22265625,249.50390625
4318.307358980179,4318.307358980179,NoButton,Move,622.6015625,250.69140625
4318.312319993973,4318.312319993973,NoButton,Move,624.98046875,251.484375
4318.324071884155,4318.324071884155,NoButton,Move,627.359375,252.671875
4318.32875919342,4318.32875919342,NoButton,Move,628.8359375,253.77734375
4318.337294101715,4318.337294101715,NoButton,Move,630.6796875,254.515625
4318.345461130142,4318.345461130142,NoButton,Move,631.6171875,255.140625
4318.353767871857,4318.353767871857,NoButton,Move,632.98046875,255.8203125
4318.361605882645,4318.361605882645,NoButton,Move,633.91796875,256.4453125
4318.370231151581,4318.370231151581,NoButton,Move,634.48828125,257.015625
4318.3782868385315,4318.3782868385315,NoButton,Move,635.0546875,257.296875
4318.387048006058,4318.387048006058,NoButton,Move,635.625,257.58203125
4318.3952729702,4318.3952729702,NoButton,Move,636.1953125,258.15234375
4318.402282953262,4318.402282953262,NoButton,Move,636.453125,258.41015625
4318.41045498848,4318.41045498848,NoButton,Move,636.7109375,258.66796875
4318.418534040451,4318.418534040451,NoButton,Move,636.96875,258.66796875
4318.4269959926605,4318.4269959926605,NoButton,Move,636.96875,258.92578125
4318.755420923233,4318.755420923233,NoButton,Move,636.96875,259.15625
4318.788331985474,4318.788331985474,NoButton,Move,636.73046875,259.15625
4318.795954942703,4318.795954942703,NoButton,Move,635.36328125,259.15625
4319.279464006424,4319.279464006424,NoButton,Move,635.36328125,259.8515625
4319.287563085556,4319.287563085556,NoButton,Move,636.55078125,262.23046875
4319.295245170593,4319.295245170593,NoButton,Move,637.73828125,264.609375
4319.305176019669,4319.305176019669,NoButton,Move,639.53515625,267.75390625
4319.311979055405,4319.311979055405,NoButton,Move,642.21484375,273.1171875
4319.320275068283,4319.320275068283,NoButton,Move,645.93359375,281.1796875
4319.332821130753,4319.332821130753,NoButton,Move,649.9921875,291.32421875
4319.335727930069,4319.335727930069,NoButton,Move,654.921875,302.59375
4319.34391617775,4319.34391617775,NoButton,Move,660.046875,315.046875
4319.352113008499,4319.352113008499,NoButton,Move,669.91015625,340.6953125
4319.36057806015,4319.36057806015,NoButton,Move,673.796875,349.76953125
4319.368669986725,4319.368669986725,NoButton,Move,684.2265625,378.98046875
4319.377150058746,4319.377150058746,NoButton,Move,691.4375,399.71875
4319.385160923004,4319.385160923004,NoButton,Move,698.6484375,420.45703125
4319.393536090851,4319.393536090851,NoButton,Move,706.0859375,442.77734375
4319.401914834976,4319.401914834976,NoButton,Move,712.59375,466.02734375
4319.4098608493805,4319.4098608493805,NoButton,Move,720.2578125,489.984375
4319.41796207428,4319.41796207428,NoButton,Move,727.921875,513.94140625
4319.426470994949,4319.426470994949,NoButton,Move,734.4296875,537.19140625
4319.434453964233,4319.434453964233,NoButton,Move,737.24609375,549.16796875
4319.442665100098,4319.442665100098,NoButton,Move,743.5546875,569.90625
4319.450680017471,4319.450680017471,NoButton,Move,747.77734375,588.5
4319.459119796753,4319.459119796753,NoButton,Move,751.859375,605.65625
4319.467332839966,4319.467332839966,NoButton,Move,753.55078125,612.42578125
4319.475354909897,4319.475354909897,NoButton,Move,756.48046875,625.61328125
4319.483808040619,4319.483808040619,NoButton,Move,759.18359375,636.43359375
4319.491842031479,4319.491842031479,NoButton,Move,761.88671875,647.25390625
4319.499897956848,4319.499897956848,NoButton,Move,763.828125,656.9765625
4319.50811290741,4319.50811290741,NoButton,Move,765.06640625,665.66015625
4319.516589164734,4319.516589164734,NoButton,Move,766.25,673.359375
4319.524613857269,4319.524613857269,NoButton,Move,766.8125,680.12890625
4319.532871007919,4319.532871007919,NoButton,Move,767.34765625,686.02734375
4319.541197061539,4319.541197061539,NoButton,Move,767.34765625,691.109375
4319.5491280555725,4319.5491280555725,NoButton,Move,767.34765625,695.43359375
4319.557461977005,4319.557461977005,NoButton,Move,767.34765625,699.0546875
4319.565682888031,4319.565682888031,NoButton,Move,765.64453125,701.6015625
4319.574059963226,4319.574059963226,NoButton,Move,763.09375,703.72265625
4319.581929922104,4319.581929922104,NoButton,Move,759.921875,705.53125
4319.590606212616,4319.590606212616,NoButton,Move,752.21875,707.8984375
4319.598231077194,4319.598231077194,NoButton,Move,745.4453125,708.4609375
4319.606270074844,4319.606270074844,NoButton,Move,736.7578125,708.4609375
4319.614560127258,4319.614560127258,NoButton,Move,724.77734375,708.4609375
4319.623095989227,4319.623095989227,NoButton,Move,703.1328125,704.8515625
4319.631350040436,4319.631350040436,NoButton,Move,686.7890625,699.12890625
4319.639042139053,4319.639042139053,NoButton,Move,666.94921875,690.109375
4319.647367954254,4319.647367954254,NoButton,Move,645.55859375,678.9453125
4319.655827999115,4319.655827999115,NoButton,Move,625.09765625,666.8515625
4319.66407084465,4319.66407084465,NoButton,Move,615.625,660.76171875
4319.672195196152,4319.672195196152,NoButton,Move,600.09765625,651.7734375
4319.680190086365,4319.680190086365,NoButton,Move,593.578125,647.625
4319.688562870026,4319.688562870026,NoButton,Move,582.5859375,640.296875
4319.696633815765,4319.696633815765,NoButton,Move,578.9609375,638.484375
4319.707671165466,4319.707671165466,NoButton,Move,571.515625,633.51953125
4319.71290397644,4319.71290397644,NoButton,Move,566.1484375,630.30078125
4319.725651979446,4319.725651979446,NoButton,Move,562.9765625,628.48828125
4319.729580163956,4319.729580163956,NoButton,Move,560.59375,627.296875
4319.743381977081,4319.743381977081,NoButton,Move,559.11328125,626.1875
4319.746042013168,4319.746042013168,NoButton,Move,558.171875,625.87109375
4319.759913921356,4319.759913921356,NoButton,Move,557.59765625,625.58203125
4319.76199889183,4319.76199889183,NoButton,Move,557.3359375,625.3203125
4319.770609855652,4319.770609855652,NoButton,Move,557.07421875,625.3203125
4319.82798910141,4319.82798910141,NoButton,Move,557.80078125,625.3203125
4319.83642911911,4319.83642911911,NoButton,Move,558.73828125,625.3203125
4319.8450429439545,4319.8450429439545,NoButton,Move,559.67578125,625.3203125
4319.85209608078,4319.85209608078,NoButton,Move,560.61328125,625.6328125
4319.859983921051,4319.859983921051,NoButton,Move,561.55078125,625.9453125
4319.868110179901,4319.868110179901,NoButton,Move,562.48828125,626.2578125
4319.876550912857,4319.876550912857,NoButton,Move,563.05859375,626.54296875
4319.884443998337,4319.884443998337,NoButton,Move,563.62890625,626.828125
4319.892940998077,4319.892940998077,NoButton,Move,564.19921875,627.11328125
4319.901094913483,4319.901094913483,NoButton,Move,564.76953125,627.3984375
4319.909156799316,4319.909156799316,NoButton,Move,565.02734375,627.65625
4319.91722202301,4319.91722202301,NoButton,Move,565.59765625,627.94140625
4319.925635099411,4319.925635099411,NoButton,Move,566.16796875,628.2265625
4319.934005975723,4319.934005975723,NoButton,Move,566.73828125,628.796875
4319.942068099976,4319.942068099976,NoButton,Move,567.30859375,629.08203125
4319.950464010239,4319.950464010239,NoButton,Move,567.87890625,629.65234375
4319.958281993866,4319.958281993866,NoButton,Move,568.44921875,629.9375
4319.9662890434265,4319.9662890434265,NoButton,Move,568.70703125,630.1953125
4319.974725008011,4319.974725008011,NoButton,Move,569.27734375,630.48046875
4319.982755899429,4319.982755899429,NoButton,Move,569.53515625,630.73828125
4319.991514921188,4319.991514921188,NoButton,Move,570.10546875,631.0234375
4319.999630212784,4319.999630212784,NoButton,Move,570.36328125,631.28125
4320.0089411735535,4320.0089411735535,NoButton,Move,570.93359375,631.56640625
4320.015875816345,4320.015875816345,NoButton,Move,571.19140625,631.56640625
4320.025880813599,4320.025880813599,NoButton,Move,571.44921875,631.82421875
4320.032258033752,4320.032258033752,NoButton,Move,571.70703125,631.82421875
4320.042484045029,4320.042484045029,NoButton,Move,571.96484375,632.08203125
4320.048600196838,4320.048600196838,NoButton,Move,572.22265625,632.08203125
4320.061336040497,4320.061336040497,NoButton,Move,572.48046875,632.08203125
4320.067111968994,4320.067111968994,NoButton,Move,572.73828125,632.08203125
4320.08314204216,4320.08314204216,NoButton,Move,572.99609375,632.33984375
4320.083281040192,4320.083281040192,NoButton,Move,573.25390625,632.33984375
4320.090465068817,4320.090465068817,NoButton,Move,573.51171875,632.33984375
4320.114120960236,4320.114120960236,NoButton,Move,573.75,632.33984375
4320.12367105484,4320.12367105484,NoButton,Move,574.0078125,632.33984375
4320.367875814438,4320.367875814438,NoButton,Move,575.6640625,632.33984375
4320.37672495842,4320.37672495842,NoButton,Move,582.43359375,630.64453125
4320.384584903717,4320.384584903717,NoButton,Move,586.7578125,628.71875
4320.398250102997,4320.398250102997,NoButton,Move,591.08203125,627.75390625
4320.400504112244,4320.400504112244,NoButton,Move,594.703125,626.84765625
4320.408885955811,4320.408885955811,NoButton,Move,597.67578125,625.99609375
4320.4170389175415,4320.4170389175415,NoButton,Move,600.0546875,625.59765625
4320.425425052643,4320.425425052643,NoButton,Move,602.43359375,625.19921875
4320.433533906937,4320.433533906937,NoButton,Move,604.8125,625.19921875
4320.442093133926,4320.442093133926,NoButton,Move,606.65625,625.19921875
4320.45011305809,4320.45011305809,NoButton,Move,610.98046875,625.19921875
4320.458367109299,4320.458367109299,NoButton,Move,614.6015625,625.19921875
4320.466435909271,4320.466435909271,NoButton,Move,618.92578125,625.19921875
4320.474279880524,4320.474279880524,NoButton,Move,622.546875,625.19921875
4320.48264503479,4320.48264503479,NoButton,Move,626.16015625,627.00390625
4320.490937948227,4320.490937948227,NoButton,Move,630.00390625,629.40625
4320.49893784523,4320.49893784523,NoButton,Move,634.578125,632.45703125
4320.507416963577,4320.507416963577,NoButton,Move,638.6328125,636.00390625
4320.515666007996,4320.515666007996,NoButton,Move,643.45703125,639.7578125
4320.524375200272,4320.524375200272,NoButton,Move,648.53515625,644.26953125
4320.531996965408,4320.531996965408,NoButton,Move,653.359375,648.0234375
4320.541345119476,4320.541345119476,NoButton,Move,657.6484375,652.3125
4320.548364162445,4320.548364162445,NoButton,Move,662.47265625,656.06640625
4320.557425022125,4320.557425022125,NoButton,Move,666.5390625,659.625
4320.564605951309,4320.564605951309,NoButton,Move,670.60546875,662.67578125
4320.574158191681,4320.574158191681,NoButton,Move,674.671875,665.7265625
4320.581016778946,4320.581016778946,NoButton,Move,678.73828125,669.28515625
4320.590797185898,4320.590797185898,NoButton,Move,683.3125,671.82421875
4320.597438097,4320.597438097,NoButton,Move,687.37890625,674.875
4320.608067989349,4320.608067989349,NoButton,Move,691.22265625,677.27734375
4320.613918066025,4320.613918066025,NoButton,Move,695.796875,679.81640625
4320.625236988068,4320.625236988068,NoButton,Move,699.41796875,681.625
4320.6298570632935,4320.6298570632935,NoButton,Move,703.0390625,683.43359375
4320.641066074371,4320.641066074371,NoButton,Move,704.40234375,684.11328125
4320.646422147751,4320.646422147751,NoButton,Move,709.484375,686.14453125
4320.657963991165,4320.657963991165,NoButton,Move,713.10546875,687.046875
4320.662833929062,4320.662833929062,NoButton,Move,714.46875,687.38671875
4320.671107053757,4320.671107053757,NoButton,Move,718.79296875,688.34765625
4320.679425001144,4320.679425001144,NoButton,Move,720.63671875,688.71484375
4320.687644004822,4320.687644004822,NoButton,Move,724.2578125,689.1640625
4320.695611953735,4320.695611953735,NoButton,Move,725.62109375,689.50390625
4320.703897953033,4320.703897953033,NoButton,Move,728.0,689.8984375
4320.712280988693,4320.712280988693,NoButton,Move,730.37890625,690.29296875
4320.7205510139465,4320.7205510139465,NoButton,Move,732.7578125,690.6875
4320.728455066681,4320.728455066681,NoButton,Move,735.13671875,691.08203125
4320.737038135529,4320.737038135529,NoButton,Move,738.109375,691.50390625
4320.745117902756,4320.745117902756,NoButton,Move,739.046875,691.50390625
4320.753306865692,4320.753306865692,NoButton,Move,741.42578125,691.8984375
4320.761458873749,4320.761458873749,NoButton,Move,743.26953125,692.265625
4320.769316911697,4320.769316911697,NoButton,Move,745.11328125,692.6328125
4320.7774448394775,4320.7774448394775,NoButton,Move,746.4765625,692.97265625
4320.7856369018555,4320.7856369018555,NoButton,Move,747.83984375,693.3125
4320.793898105621,4320.793898105621,NoButton,Move,749.203125,693.65234375
4320.802162885666,4320.802162885666,NoButton,Move,749.7734375,693.65234375
4320.8103449344635,4320.8103449344635,NoButton,Move,750.7109375,693.96484375
4320.819358110428,4320.819358110428,NoButton,Move,750.96875,693.96484375
4320.8264038562775,4320.8264038562775,NoButton,Move,751.5390625,693.96484375
4320.834991931915,4320.834991931915,NoButton,Move,751.796875,693.96484375
4320.843683004379,4320.843683004379,NoButton,Move,752.0546875,694.22265625
4321.047965049744,4321.047965049744,NoButton,Move,752.28515625,694.22265625
4321.059608221054,4321.059608221054,NoButton,Move,752.54296875,694.22265625
4321.064194202423,4321.064194202423,NoButton,Move,752.80078125,694.22265625
4321.076300144196,4321.076300144196,NoButton,Move,753.05859375,694.22265625
4321.080678939819,4321.080678939819,NoButton,Move,753.31640625,694.22265625
4321.092597961426,4321.092597961426,NoButton,Move,753.57421875,694.22265625
4321.096859931946,4321.096859931946,NoButton,Move,753.83203125,694.22265625
4321.113547086716,4321.113547086716,NoButton,Move,754.07421875,694.22265625
4321.124195814133,4321.124195814133,NoButton,Move,754.33203125,694.22265625
4321.142632007599,4321.142632007599,NoButton,Move,754.57421875,694.22265625
4321.1798260211945,4321.1798260211945,NoButton,Move,754.80859375,694.22265625
4323.094949960709,4323.094949960709,NoButton,Move,753.41796875,693.98828125
4323.102739095688,4323.102739095688,NoButton,Move,749.08984375,692.0625
4323.111128807068,4323.111128807068,NoButton,Move,737.81640625,687.83203125
4323.11895608902,4323.11895608902,NoButton,Move,724.12109375,682.50390625
4323.127292871475,4323.127292871475,NoButton,Move,704.921875,674.6484375
4323.135352134705,4323.135352134705,NoButton,Move,660.43359375,656.8515625
4323.143691062927,4323.143691062927,NoButton,Move,622.49609375,640.25390625
4323.15176820755,4323.15176820755,NoButton,Move,577.0078125,620.7578125
4323.160195112228,4323.160195112228,NoButton,Move,525.74609375,595.8203125
4323.168435096741,4323.168435096741,NoButton,Move,475.54296875,572.75390625
4323.176460027695,4323.176460027695,NoButton,Move,452.54296875,561.25390625
4323.190012931824,4323.190012931824,NoButton,Move,408.35546875,539.16015625
4323.199546813965,4323.199546813965,NoButton,Move,370.41796875,522.5625
4323.2015171051025,4323.2015171051025,NoButton,Move,357.484375,515.71484375
4323.209336042404,4323.209336042404,NoButton,Move,331.09375,503.53515625
4323.233257055283,4323.233257055283,NoButton,Move,311.25390625,494.515625
4323.2335250377655,4323.2335250377655,NoButton,Move,305.04296875,491.69140625
4323.241869211197,4323.241869211197,NoButton,Move,291.34765625,486.36328125
4323.242541074753,4323.242541074753,NoButton,Move,282.26953125,481.82421875
4323.25079202652,4323.25079202652,NoButton,Move,274.56640625,478.859375
4323.259134054184,4323.259134054184,NoButton,Move,269.19921875,476.17578125
4323.782876968384,4323.782876968384,NoButton,Move,269.19921875,474.77734375
4323.791049003601,4323.791049003601,NoButton,Move,267.1640625,469.69140625
4323.799289941788,4323.799289941788,NoButton,Move,264.19921875,462.58203125
4323.807396888733,4323.807396888733,NoButton,Move,256.02734375,447.0546875
4323.815179109573,4323.815179109573,NoButton,Move,248.671875,430.7109375
4323.823234081268,4323.823234081268,NoButton,Move,239.37109375,409.3203125
4323.831377983093,4323.831377983093,NoButton,Move,227.53125,384.65234375
4323.839459896088,4323.839459896088,NoButton,Move,213.96484375,356.48046875
4323.847661018372,4323.847661018372,NoButton,Move,200.03125,326.47265625
4323.856523990631,4323.856523990631,NoButton,Move,185.359375,292.61328125
4323.891728878021,4323.891728878021,NoButton,Move,171.0546875,260.70703125
4323.891844987869,4323.891844987869,NoButton,Move,159.265625,230.69921875
4323.891947984695,4323.891947984695,NoButton,Move,154.13671875,218.2421875
4323.892085075378,4323.892085075378,NoButton,Move,145.765625,195.91796875
4323.897059202194,4323.897059202194,NoButton,Move,138.77734375,176.69921875
4323.911418914795,4323.911418914795,NoButton,Move,137.08203125,169.92578125
4323.917392015457,4323.917392015457,NoButton,Move,132.68359375,156.734375
4323.922394990921,4323.922394990921,NoButton,Move,129.86328125,144.75390625
4323.929584026337,4323.929584026337,NoButton,Move,127.91796875,135.02734375
4323.938612937927,4323.938612937927,NoButton,Move,126.140625,127.32421875
4323.9483280181885,4323.9483280181885,NoButton,Move,126.140625,124.34765625
4323.955609798431,4323.955609798431,NoButton,Move,125.12109375,119.26171875
4323.962424039841,4323.962424039841,NoButton,Move,124.63671875,114.93359375
4323.97046995163,4323.97046995163,NoButton,Move,124.63671875,111.30859375
4323.97948384285,4323.97948384285,NoButton,Move,124.2109375,108.33203125
4323.986950874329,4323.986950874329,NoButton,Move,123.83984375,106.484375
4324.250000953674,4324.250000953674,NoButton,Move,123.83984375,107.1796875
4324.2593998909,4324.2593998909,NoButton,Move,123.83984375,108.54296875
4324.266146183014,4324.266146183014,NoButton,Move,124.51953125,109.90625
4324.275235891342,4324.275235891342,NoButton,Move,125.19921875,111.26953125
4324.282269954681,4324.282269954681,NoButton,Move,125.82421875,112.20703125
4324.292129993439,4324.292129993439,NoButton,Move,126.44921875,113.14453125
4324.29886007309,4324.29886007309,NoButton,Move,127.07421875,114.08203125
4324.307702064514,4324.307702064514,NoButton,Move,127.64453125,114.65234375
4324.314749956131,4324.314749956131,NoButton,Move,127.9296875,115.22265625
4324.3247859478,4324.3247859478,NoButton,Move,128.5,115.79296875
4324.331259965897,4324.331259965897,NoButton,Move,129.0703125,116.078125
4324.3409950733185,4324.3409950733185,NoButton,Move,129.640625,116.36328125
4324.34753203392,4324.34753203392,NoButton,Move,130.2109375,116.93359375
4324.357689142227,4324.357689142227,NoButton,Move,130.78125,117.50390625
4324.3641312122345,4324.3641312122345,NoButton,Move,132.14453125,118.18359375
4324.374846935272,4324.374846935272,NoButton,Move,133.08203125,118.49609375
4324.380205154419,4324.380205154419,NoButton,Move,135.4609375,119.68359375
4324.391803026199,4324.391803026199,NoButton,Move,136.3984375,119.99609375
4324.396647930145,4324.396647930145,NoButton,Move,139.37109375,121.26953125
4324.407781839371,4324.407781839371,NoButton,Move,141.75,122.0625
4324.413167953491,4324.413167953491,NoButton,Move,144.12890625,122.85546875
4324.424211978912,4324.424211978912,NoButton,Move,147.1015625,123.703125
4324.429491996765,4324.429491996765,NoButton,Move,150.07421875,124.125
4324.440773010254,4324.440773010254,NoButton,Move,153.6953125,124.57421875
4324.446053981781,4324.446053981781,NoButton,Move,158.01953125,125.0546875
4324.457572937012,4324.457572937012,NoButton,Move,163.1015625,125.0546875
4324.462456226349,4324.462456226349,NoButton,Move,168.18359375,125.0546875
4324.4706609249115,4324.4706609249115,NoButton,Move,174.08203125,125.58984375
4324.478844881058,4324.478844881058,NoButton,Move,179.98046875,125.58984375
4324.487123012543,4324.487123012543,NoButton,Move,186.75,125.58984375
4324.495246887207,4324.495246887207,NoButton,Move,193.51171875,126.15234375
4324.503782987595,4324.503782987595,NoButton,Move,201.2109375,126.15234375
4324.511564016342,4324.511564016342,NoButton,Move,207.98046875,126.15234375
4324.5209538936615,4324.5209538936615,NoButton,Move,215.6796875,126.15234375
4324.528172016144,4324.528172016144,NoButton,Move,222.44921875,126.15234375
4324.535932064056,4324.535932064056,NoButton,Move,229.21875,126.15234375
4324.544272899628,4324.544272899628,NoButton,Move,235.98828125,126.15234375
4324.5525488853455,4324.5525488853455,NoButton,Move,241.88671875,126.15234375
4324.560749053955,4324.560749053955,NoButton,Move,248.65625,126.15234375
4324.56857919693,4324.56857919693,NoButton,Move,255.42578125,125.5859375
4324.576922893524,4324.576922893524,NoButton,Move,263.125,124.3984375
4324.584895133972,4324.584895133972,NoButton,Move,269.89453125,123.83203125
4324.593295812607,4324.593295812607,NoButton,Move,283.08203125,122.36328125
4324.601400136948,4324.601400136948,NoButton,Move,292.8046875,121.71484375
4324.609718084335,4324.609718084335,NoButton,Move,302.52734375,121.71484375
4324.617827177048,4324.617827177048,NoButton,Move,307.609375,121.71484375
4324.62623500824,4324.62623500824,NoButton,Move,316.29296875,121.71484375
4324.634392023087,4324.634392023087,NoButton,Move,326.015625,121.71484375
4324.642767906189,4324.642767906189,NoButton,Move,334.69921875,121.71484375
4324.650796175003,4324.650796175003,NoButton,Move,342.3984375,121.71484375
4324.658715009689,4324.658715009689,NoButton,Move,350.09765625,122.3046875
4324.666901111603,4324.666901111603,NoButton,Move,353.0703125,122.7265625
4324.675390958786,4324.675390958786,NoButton,Move,358.15234375,123.234375
4324.6836087703705,4324.6836087703705,NoButton,Move,361.7734375,123.68359375
4324.6918160915375,4324.6918160915375,NoButton,Move,364.74609375,124.10546875
4325.26503610611,4325.26503610611,NoButton,Move,365.91015625,125.03515625
4325.276609182358,4325.276609182358,NoButton,Move,368.45703125,127.15625
4325.2815408706665,4325.2815408706665,NoButton,Move,371.00390625,129.27734375
4325.293440103531,4325.293440103531,NoButton,Move,374.171875,131.5390625
4325.298436880112,4325.298436880112,NoButton,Move,378.015625,133.94140625
4325.305910110474,4325.305910110474,NoButton,Move,382.08203125,136.9921875
4325.3137819767,4325.3137819767,NoButton,Move,386.65625,140.04296875
4325.324909210205,4325.324909210205,NoButton,Move,391.46875,143.78515625
4325.330197095871,4325.330197095871,NoButton,Move,397.109375,147.734375
4325.340553998947,4325.340553998947,NoButton,Move,402.75,151.68359375
4325.34660410881,4325.34660410881,NoButton,Move,412.61328125,158.7265625
4325.357783079147,4325.357783079147,NoButton,Move,415.78125,160.98828125
4325.363270998001,4325.363270998001,NoButton,Move,422.296875,165.1328125
4325.3712248802185,4325.3712248802185,NoButton,Move,428.8125,169.87109375
4325.379570007324,4325.379570007324,NoButton,Move,435.328125,174.015625
4325.391673088074,4325.391673088074,NoButton,Move,442.76953125,178.9765625
4325.395606040955,4325.395606040955,NoButton,Move,453.3359375,185.31640625
4325.404273986816,4325.404273986816,NoButton,Move,457.1796875,187.71875
4325.4125010967255,4325.4125010967255,NoButton,Move,464.28515625,191.86328125
4325.420490980148,4325.420490980148,NoButton,Move,470.4921875,195.24609375
4325.428661108017,4325.428661108017,NoButton,Move,476.69921875,198.62890625
4325.437220811844,4325.437220811844,NoButton,Move,482.0625,201.30859375
4325.445110082626,4325.445110082626,NoButton,Move,483.90625,202.046875
4325.4537489414215,4325.4537489414215,NoButton,Move,487.52734375,203.85546875
4325.461349964142,4325.461349964142,NoButton,Move,490.5,204.703125
4325.469702005386,4325.469702005386,NoButton,Move,492.34375,205.0703125
4325.47776889801,4325.47776889801,NoButton,Move,494.1875,205.4375
4325.485790014267,4325.485790014267,NoButton,Move,496.03125,205.4375
4325.493975162506,4325.493975162506,NoButton,Move,496.2890625,205.4375
4325.502083778381,4325.502083778381,NoButton,Move,496.2890625,201.109375
4325.510435819626,4325.510435819626,NoButton,Move,494.51171875,193.40625
4326.133869171143,4326.133869171143,NoButton,Move,494.51171875,219.24609375
4326.144569158554,4326.144569158554,NoButton,Move,494.51171875,240.88671875
4326.148994207382,4326.148994207382,NoButton,Move,494.51171875,265.80078125
4326.156955003738,4326.156955003738,NoButton,Move,494.51171875,287.44140625
4326.165145874023,4326.165145874023,NoButton,Move,495.3828125,307.53125
4326.173518896103,4326.173518896103,NoButton,Move,497.0703125,326.125
4326.181650876999,4326.181650876999,NoButton,Move,498.58984375,340.578125
4326.190119028091,4326.190119028091,NoButton,Move,500.87109375,355.03125
4326.19820690155,4326.19820690155,NoButton,Move,502.328125,368.16015625
4326.206828117371,4326.206828117371,NoButton,Move,506.9765625,391.41015625
4326.214505910873,4326.214505910873,NoButton,Move,510.58203125,413.05078125
4326.223977088928,4326.223977088928,NoButton,Move,514.8046875,431.64453125
4326.230967998505,4326.230967998505,NoButton,Move,518.60546875,446.09765625
4326.240505933762,4326.240505933762,NoButton,Move,520.63671875,451.1796875
4326.247460842133,4326.247460842133,NoButton,Move,524.015625,462.0
4326.257968902588,4326.257968902588,NoButton,Move,525.71484375,464.546875
4326.272480010986,4326.272480010986,NoButton,Move,528.53515625,470.75390625
4326.2736649513245,4326.2736649513245,NoButton,Move,530.9375,474.59765625
4326.280216217041,4326.280216217041,NoButton,Move,532.6328125,477.14453125
4326.317985057831,4326.317985057831,NoButton,Move,535.99609375,480.02734375
4326.3181738853455,4326.3181738853455,NoButton,Move,538.375,480.8203125
4326.318252086639,4326.318252086639,NoButton,Move,541.34765625,481.2421875
4326.3182961940765,4326.3182961940765,NoButton,Move,544.96484375,481.69140625
4326.338358163834,4326.338358163834,NoButton,Move,549.2890625,481.69140625
4326.338398933411,4326.338398933411,NoButton,Move,553.61328125,481.69140625
4326.338858127594,4326.338858127594,NoButton,Move,558.6953125,481.69140625
4326.345659971237,4326.345659971237,NoButton,Move,563.77734375,481.69140625
4326.354953050613,4326.354953050613,NoButton,Move,569.67578125,481.69140625
4326.362361192703,4326.362361192703,NoButton,Move,575.57421875,481.69140625
4326.370013952255,4326.370013952255,NoButton,Move,581.47265625,481.69140625
4326.381739139557,4326.381739139557,NoButton,Move,587.37109375,481.69140625
4326.396553039551,4326.396553039551,NoButton,Move,594.140625,482.25390625
4326.398905992508,4326.398905992508,NoButton,Move,599.22265625,482.76171875
4326.4028108119965,4326.4028108119965,NoButton,Move,605.12109375,484.3671875
4326.410916805267,4326.410916805267,NoButton,Move,609.4453125,486.2890625
4326.419064044952,4326.419064044952,NoButton,Move,614.01953125,489.33984375
4326.427973985672,4326.427973985672,NoButton,Move,618.08203125,492.89453125
4326.435435056686,4326.435435056686,NoButton,Move,621.1328125,497.46875
4326.443686008453,4326.443686008453,NoButton,Move,623.671875,502.04296875
4326.464593887329,4326.464593887329,NoButton,Move,625.81640625,507.94140625
4326.464708805084,4326.464708805084,NoButton,Move,626.3515625,513.83984375
4326.468938112259,4326.468938112259,NoButton,Move,626.88671875,519.73828125
4326.476840019226,4326.476840019226,NoButton,Move,626.88671875,530.55859375
4326.484791994095,4326.484791994095,NoButton,Move,626.88671875,538.2578125
4326.492833137512,4326.492833137512,NoButton,Move,626.43359375,541.87890625
4326.500908136368,4326.500908136368,NoButton,Move,622.91015625,553.85546875
4326.512393951416,4326.512393951416,NoButton,Move,621.46484375,558.1796875
4326.519512891769,4326.519512891769,NoButton,Move,619.09375,565.87890625
4326.527526855469,4326.527526855469,NoButton,Move,615.4296875,579.06640625
4326.536024808884,4326.536024808884,NoButton,Move,614.0703125,582.6875
4326.542891025543,4326.542891025543,NoButton,Move,612.29296875,590.38671875
4326.55016708374,4326.55016708374,NoButton,Move,610.14453125,596.28515625
4326.5584671497345,4326.5584671497345,NoButton,Move,608.53515625,602.18359375
4326.566799879074,4326.566799879074,NoButton,Move,607.0078125,607.265625
4326.575016975403,4326.575016975403,NoButton,Move,605.6484375,610.88671875
4326.583602905273,4326.583602905273,NoButton,Move,604.20703125,615.203125
4326.591229915619,4326.591229915619,NoButton,Move,603.2421875,619.52734375
4326.599398851395,4326.599398851395,NoButton,Move,602.7578125,623.8515625
4326.607887983322,4326.607887983322,NoButton,Move,602.2734375,628.17578125
4326.61593914032,4326.61593914032,NoButton,Move,602.2734375,632.5
4326.624439001083,4326.624439001083,NoButton,Move,602.2734375,636.82421875
4326.632683038712,4326.632683038712,NoButton,Move,602.2734375,638.66796875
4326.641251087189,4326.641251087189,NoButton,Move,602.2734375,642.2890625
4326.64878487587,4326.64878487587,NoButton,Move,602.2734375,645.26171875
4326.657582044601,4326.657582044601,NoButton,Move,602.640625,647.10546875
4326.664832115173,4326.664832115173,NoButton,Move,603.0078125,648.94921875
4326.674466133118,4326.674466133118,NoButton,Move,603.3203125,649.88671875
4326.6812109947205,4326.6812109947205,NoButton,Move,603.60546875,650.45703125
4326.692174196243,4326.692174196243,NoButton,Move,603.890625,651.02734375
4326.697590112686,4326.697590112686,NoButton,Move,604.1484375,651.28515625
4326.709429979324,4326.709429979324,NoButton,Move,604.1484375,651.54296875
4326.714070081711,4326.714070081711,NoButton,Move,604.40625,651.80078125
4326.74213719368,4326.74213719368,NoButton,Move,604.64453125,651.80078125
4326.759685993195,4326.759685993195,NoButton,Move,604.88671875,651.80078125
4326.763134002686,4326.763134002686,NoButton,Move,605.14453125,651.80078125
4326.776458978653,4326.776458978653,NoButton,Move,605.40234375,651.80078125
4326.779675960541,4326.779675960541,NoButton,Move,605.66015625,651.80078125
4326.796248912811,4326.796248912811,NoButton,Move,605.90234375,651.80078125
4326.810701131821,4326.810701131821,NoButton,Move,606.16015625,651.80078125
4326.812174797058,4326.812174797058,NoButton,Move,606.41796875,651.80078125
4326.8215072155,4326.8215072155,NoButton,Move,606.67578125,651.80078125
4326.845774888992,4326.845774888992,NoButton,Move,606.9140625,651.80078125
4326.976961135864,4326.976961135864,NoButton,Move,606.203125,651.80078125
4326.984662055969,4326.984662055969,NoButton,Move,603.2265625,651.80078125
4326.993129014969,4326.993129014969,NoButton,Move,598.140625,650.78125
4327.00083899498,4327.00083899498,NoButton,Move,590.4375,649.59375
4327.009380817413,4327.009380817413,NoButton,Move,580.7109375,647.6484375
4327.017238140106,4327.017238140106,NoButton,Move,568.73046875,646.23828125
4327.0259420871735,4327.0259420871735,NoButton,Move,556.75390625,644.125
4327.033093929291,4327.033093929291,NoButton,Move,544.7734375,642.71484375
4327.041454076767,4327.041454076767,NoButton,Move,538.87109375,642.17578125
4327.049777030945,4327.049777030945,NoButton,Move,528.046875,640.8203125
4327.05779504776,4327.05779504776,NoButton,Move,518.3203125,639.5234375
4327.065896987915,4327.065896987915,NoButton,Move,509.6328125,638.90234375
4327.0745668411255,4327.0745668411255,NoButton,Move,507.25390625,638.90234375
4327.082664012909,4327.082664012909,NoButton,Move,501.3515625,638.36328125
4327.091160058975,4327.091160058975,NoButton,Move,498.375,638.36328125
4327.0989809036255,4327.0989809036255,NoButton,Move,495.3984375,637.9375
4327.108913898468,4327.108913898468,NoButton,Move,494.03125,637.9375
4327.115358114243,4327.115358114243,NoButton,Move,493.08984375,637.9375
4327.123448133469,4327.123448133469,NoButton,Move,492.1484375,637.9375
4327.131562948227,4327.131562948227,NoButton,Move,491.88671875,637.9375
4327.279870033264,4327.279870033264,NoButton,Move,492.3515625,637.9375
4327.293489933014,4327.293489933014,NoButton,Move,493.71484375,637.9375
4327.296103000641,4327.296103000641,NoButton,Move,494.65234375,637.9375
4327.304280757904,4327.304280757904,NoButton,Move,497.03125,637.9375
4327.31227183342,4327.31227183342,NoButton,Move,498.39453125,638.27734375
4327.320407152176,4327.320407152176,NoButton,Move,500.23828125,638.64453125
4327.331876993179,4327.331876993179,NoButton,Move,502.6171875,639.0390625
4327.336751937866,4327.336751937866,NoButton,Move,504.4609375,639.40625
4327.344486951828,4327.344486951828,NoButton,Move,506.3046875,639.7734375
4327.353031873703,4327.353031873703,NoButton,Move,507.66796875,640.11328125
4327.361639022827,4327.361639022827,NoButton,Move,509.03125,640.453125
4327.369079113007,4327.369079113007,NoButton,Move,509.6015625,640.73828125
4327.3775889873505,4327.3775889873505,NoButton,Move,510.171875,641.0234375
4327.3852071762085,4327.3852071762085,NoButton,Move,510.7421875,641.30859375
4327.393425941467,4327.393425941467,NoButton,Move,511.0,641.30859375
4327.401504993439,4327.401504993439,NoButton,Move,511.2578125,641.30859375
4327.410092115402,4327.410092115402,NoButton,Move,511.515625,641.30859375
4327.573396921158,4327.573396921158,NoButton,Move,511.28125,641.30859375
4327.614430904388,4327.614430904388,NoButton,Move,511.04296875,641.30859375
4327.657729148865,4327.657729148865,Left,Pressed,511.04296875,641.30859375
4327.757724046707,4327.757724046707,Left,Released,511.04296875,641.30859375
4328.032666921616,4328.032666921616,NoButton,Move,511.04296875,641.76953125
4328.0411767959595,4328.0411767959595,NoButton,Move,511.04296875,643.1328125
4328.049142122269,4328.049142122269,NoButton,Move,510.671875,644.9765625
4328.058307886124,4328.058307886124,NoButton,Move,510.30078125,646.8203125
4328.06544303894,4328.06544303894,NoButton,Move,509.55859375,648.6640625
4328.073839902878,4328.073839902878,NoButton,Move,508.28125,651.63671875
4328.081529140472,4328.081529140472,NoButton,Move,505.73828125,656.2109375
4328.09087395668,4328.09087395668,NoButton,Move,502.18359375,663.31640625
4328.097945928574,4328.097945928574,NoButton,Move,498.03515625,669.83203125
4328.107001066208,4328.107001066208,NoButton,Move,492.703125,675.75390625
4328.114716053009,4328.114716053009,NoButton,Move,485.5703125,682.8828125
4328.123771905899,4328.123771905899,NoButton,Move,477.44921875,691.0
4328.130722045898,4328.130722045898,NoButton,Move,467.921875,700.5234375
4328.140518903732,4328.140518903732,NoButton,Move,448.75390625,716.8125
4328.147196054459,4328.147196054459,NoButton,Move,433.6015625,728.59375
4328.158102989197,4328.158102989197,NoButton,Move,425.8203125,734.42578125
4328.1634221076965,4328.1634221076965,NoButton,Move,409.22265625,745.78125
4328.173955202103,4328.173955202103,NoButton,Move,380.6171875,765.58203125
4328.179475069046,4328.179475069046,NoButton,Move,371.14453125,771.66796875
4328.190584182739,4328.190584182739,NoButton,Move,355.08203125,781.80859375
4328.195992946625,4328.195992946625,NoButton,Move,339.01953125,791.94921875
4328.207140922546,4328.207140922546,NoButton,Move,324.81640625,799.8359375
4328.212629079819,4328.212629079819,NoButton,Move,310.61328125,807.72265625
4328.2241270542145,4328.2241270542145,NoButton,Move,298.15625,813.58203125
4328.22897195816,4328.22897195816,NoButton,Move,292.25390625,815.1875
4328.237193107605,4328.237193107605,NoButton,Move,275.09375,820.08984375
4328.245244979858,4328.245244979858,NoButton,Move,264.26953125,820.765625
4328.253945112228,4328.253945112228,NoButton,Move,245.671875,820.765625
4328.261671066284,4328.261671066284,NoButton,Move,233.21484375,816.3671875
4328.27968788147,4328.27968788147,NoButton,Move,217.99609375,804.53125
4328.279745101929,4328.279745101929,NoButton,Move,200.74609375,786.3203125
4328.285943031311,4328.285943031311,NoButton,Move,169.5546875,747.33203125
4328.294096946716,4328.294096946716,NoButton,Move,151.04296875,713.77734375
4328.3023381233215,4328.3023381233215,NoButton,Move,132.83203125,674.9296875
4328.316009044647,4328.316009044647,NoButton,Move,125.84375,655.7109375
4328.318409919739,4328.318409919739,NoButton,Move,111.2734375,615.6484375
4328.338553905487,4328.338553905487,NoButton,Move,101.11328125,580.6640625
4328.338758945465,4328.338758945465,NoButton,Move,93.2109375,544.55078125
4328.343292951584,4328.343292951584,NoButton,Move,88.58203125,506.3671875
4328.35126209259,4328.35126209259,NoButton,Move,85.1953125,470.25390625
4328.362766027451,4328.362766027451,NoButton,Move,84.06640625,434.140625
4328.36766910553,4328.36766910553,NoButton,Move,84.06640625,401.98828125
4328.38322520256,4328.38322520256,NoButton,Move,84.06640625,369.8359375
4328.384110212326,4328.384110212326,NoButton,Move,89.140625,341.4140625
4328.392345905304,4328.392345905304,NoButton,Move,93.3671875,330.140625
4328.400289058685,4328.400289058685,NoButton,Move,99.67578125,309.3984375
4328.417612075806,4328.417612075806,NoButton,Move,107.28125,291.64453125
4328.41769695282,4328.41769695282,NoButton,Move,115.16796875,277.44140625
4328.430269956589,4328.430269956589,NoButton,Move,122.4921875,265.71875
4328.433189868927,4328.433189868927,NoButton,Move,130.55078125,254.7265625
4328.441440105438,4328.441440105438,NoButton,Move,134.109375,250.65625
4328.449481964111,4328.449481964111,NoButton,Move,141.546875,242.53515625
4328.457761049271,4328.457761049271,NoButton,Move,148.37109375,236.328125
4328.465866088867,4328.465866088867,NoButton,Move,155.1953125,230.7421875
4328.47468495369,4328.47468495369,NoButton,Move,157.7421875,229.0390625
4328.704017877579,4328.704017877579,NoButton,Move,156.3203125,229.0390625
4328.711730003357,4328.711730003357,NoButton,Move,153.9375,229.0390625
4328.719917058945,4328.719917058945,NoButton,Move,150.9609375,228.1875
4328.728101968765,4328.728101968765,NoButton,Move,147.3359375,226.375
4328.736181020737,4328.736181020737,NoButton,Move,143.0078125,224.44921875
4328.745108127594,4328.745108127594,NoButton,Move,133.96484375,220.57421875
4328.75421500206,4328.75421500206,NoButton,Move,125.8984375,216.8515625
4328.761147975922,4328.761147975922,NoButton,Move,120.8125,214.81640625
4328.769701004028,4328.769701004028,NoButton,Move,112.74609375,211.09375
4328.777416944504,4328.777416944504,NoButton,Move,105.63671875,207.5390625
4328.785588979721,4328.785588979721,NoButton,Move,98.52734375,204.57421875
4328.793771028519,4328.793771028519,NoButton,Move,96.14453125,203.77734375
4328.8023800849915,4328.8023800849915,NoButton,Move,91.56640625,201.234375
4328.818120002747,4328.818120002747,NoButton,Move,87.94140625,199.875
4328.818186998367,4328.818186998367,NoButton,Move,85.55859375,198.68359375
4328.826437950134,4328.826437950134,NoButton,Move,83.7109375,197.94140625
4328.83460688591,4328.83460688591,NoButton,Move,82.34375,197.2578125
4328.843559026718,4328.843559026718,NoButton,Move,81.40625,196.9453125
4328.851228952408,4328.851228952408,NoButton,Move,80.46484375,196.62890625
4328.859619855881,4328.859619855881,NoButton,Move,80.203125,196.3671875
4328.867495059967,4328.867495059967,NoButton,Move,79.62890625,196.078125
4328.875867843628,4328.875867843628,NoButton,Move,79.3671875,196.078125
4328.884187936783,4328.884187936783,NoButton,Move,79.10546875,195.81640625
4328.89212179184,4328.89212179184,NoButton,Move,78.84375,195.5546875
4328.900526046753,4328.900526046753,NoButton,Move,78.58203125,195.29296875
4328.908658027649,4328.908658027649,NoButton,Move,78.3203125,195.03125
4328.91660284996,4328.91660284996,NoButton,Move,78.05859375,194.76953125
4328.924760818481,4328.924760818481,NoButton,Move,77.796875,194.5078125
4328.933053970337,4328.933053970337,NoButton,Move,77.53515625,194.5078125
4328.941198825836,4328.941198825836,NoButton,Move,77.2734375,194.24609375
4328.957853078842,4328.957853078842,NoButton,Move,77.02734375,194.0
4328.9822909832,4328.9822909832,NoButton,Move,76.78515625,194.0
4328.9987280368805,4328.9987280368805,NoButton,Move,76.78515625,193.75390625
4329.20845913887,4329.20845913887,Left,Pressed,76.78515625,193.75390625
4329.393513917923,4329.393513917923,Left,Released,76.78515625,193.75390625
4329.702811002731,4329.702811002731,NoButton,Move,77.015625,193.75390625
4329.711236000061,4329.711236000061,NoButton,Move,79.5625,195.875
4329.719135046005,4329.719135046005,NoButton,Move,82.92578125,198.7578125
4329.727607011795,4329.727607011795,NoButton,Move,86.76953125,201.16015625
4329.735409975052,4329.735409975052,NoButton,Move,91.59375,204.9140625
4329.744071960449,4329.744071960449,NoButton,Move,103.3125,211.5078125
4329.752083063126,4329.752083063126,NoButton,Move,116.72265625,220.18359375
4329.760365009308,4329.760365009308,NoButton,Move,135.65625,231.90625
4329.768260955811,4329.768260955811,NoButton,Move,176.328125,256.0546875
4329.776710987091,4329.776710987091,NoButton,Move,208.72265625,276.87890625
4329.784754991531,4329.784754991531,NoButton,Move,250.30859375,304.16796875
4329.792976856232,4329.792976856232,NoButton,Move,333.67578125,358.0078125
4329.800822019577,4329.800822019577,NoButton,Move,397.93359375,398.7578125
4329.814871072769,4329.814871072769,NoButton,Move,471.3046875,437.88671875
4329.81684088707,4329.81684088707,NoButton,Move,508.05078125,454.48046875
4329.825344085693,4329.825344085693,NoButton,Move,576.0078125,482.28125
4329.833750009537,4329.833750009537,NoButton,Move,639.203125,498.4453125
4329.841966867447,4329.841966867447,NoButton,Move,659.29296875,498.4453125
4363.626232147217,4363.626232147217,NoButton,Move,659.29296875,497.29296875
4363.633626937866,4363.633626937866,NoButton,Move,659.9375,487.56640625
4363.647331953049,4363.647331953049,NoButton,Move,664.01953125,470.40625
4363.648003816605,4363.648003816605,NoButton,Move,670.52734375,448.08203125
4363.656414985657,4363.656414985657,NoButton,Move,680.67578125,420.67578125
4363.665026187897,4363.665026187897,NoButton,Move,692.4609375,390.66796875
4363.672775030136,4363.672775030136,NoButton,Move,715.9765625,328.9375
4363.680704116821,4363.680704116821,NoButton,Move,763.37109375,223.203125
4363.69050693512,4363.69050693512,NoButton,Move,785.890625,188.82421875
4363.698840141296,4363.698840141296,NoButton,Move,828.796875,122.07421875
4363.706258058548,4363.706258058548,NoButton,Move,878.0625,60.09375
4363.715057849884,4363.715057849884,NoButton,Move,928.21484375,2.1015625
4363.732747077942,4363.732747077942,NoButton,Move,983.0703125,0.0
4363.732857227325,4363.732857227325,NoButton,Move,1036.9140625,0.0
4363.739614009857,4363.739614009857,NoButton,Move,1091.29296875,0.0
4363.746058940887,4363.746058940887,NoButton,Move,1145.02734375,0.0
4363.756049871445,4363.756049871445,NoButton,Move,1197.671875,0.0
4363.762475013733,4363.762475013733,NoButton,Move,1219.9921875,0.0
4363.770542860031,4363.770542860031,NoButton,Move,1264.4765625,0.0
4363.778736829758,4363.778736829758,NoButton,Move,1301.49609375,0.0
4363.7868139743805,4363.7868139743805,NoButton,Move,1335.59765625,0.0
4363.795410871506,4363.795410871506,NoButton,Move,1347.57421875,0.0
4363.80327296257,4363.80327296257,NoButton,Move,1372.48828125,0.0
4363.812041044235,4363.812041044235,NoButton,Move,1380.1875,0.0
4363.819963932037,4363.819963932037,NoButton,Move,1395.96484375,0.0
4363.828146934509,4363.828146934509,NoButton,Move,1407.94140625,0.0
4363.836293935776,4363.836293935776,NoButton,Move,1416.625,0.0
4363.844555139542,4363.844555139542,NoButton,Move,1423.39453125,0.5625
4363.852611064911,4363.852611064911,NoButton,Move,1427.96875,3.61328125
4363.860779047012,4363.860779047012,NoButton,Move,1431.52734375,7.6796875
4363.868851900101,4363.868851900101,NoButton,Move,1435.671875,14.78515625
4363.877280950546,4363.877280950546,NoButton,Move,1437.36328125,21.5546875
4363.885497808456,4363.885497808456,NoButton,Move,1438.6015625,30.23828125
4363.893450021744,4363.893450021744,NoButton,Move,1439.24609375,39.9609375
4363.9021010398865,4363.9021010398865,NoButton,Move,1439.24609375,45.04296875
4363.910033941269,4363.910033941269,NoButton,Move,1439.24609375,53.7265625
4363.9182369709015,4363.9182369709015,NoButton,Move,1439.24609375,62.41015625
4363.926470994949,4363.926470994949,NoButton,Move,1439.24609375,70.109375
4363.935533046722,4363.935533046722,NoButton,Move,1439.24609375,83.296875
4363.94368314743,4363.94368314743,NoButton,Move,1439.86328125,91.98046875
4363.951158046722,4363.951158046722,NoButton,Move,1439.98046875,100.6640625
4363.959405183792,4363.959405183792,NoButton,Move,1439.98046875,110.80859375
4363.96777510643,4363.96777510643,NoButton,Move,1439.98046875,120.93359375
4363.975854873657,4363.975854873657,NoButton,Move,1439.98046875,125.5078125
4363.984117984772,4363.984117984772,NoButton,Move,1439.98046875,134.58203125
4363.991925954819,4363.991925954819,NoButton,Move,1439.98046875,143.65625
4364.0001401901245,4364.0001401901245,NoButton,Move,1439.98046875,151.71875
4364.008171081543,4364.008171081543,NoButton,Move,1439.98046875,157.6171875
4364.016653060913,4364.016653060913,NoButton,Move,1439.98046875,163.515625
4364.024821996689,4364.024821996689,NoButton,Move,1439.98046875,168.59765625
4364.033261060715,4364.033261060715,NoButton,Move,1439.98046875,173.6796875
4364.041296005249,4364.041296005249,NoButton,Move,1439.98046875,178.00390625
4364.049272060394,4364.049272060394,NoButton,Move,1439.98046875,182.328125
4364.057359933853,4364.057359933853,NoButton,Move,1439.98046875,184.171875
4364.066952943802,4364.066952943802,NoButton,Move,1439.58203125,186.55078125
4364.074069023132,4364.074069023132,NoButton,Move,1437.9921875,188.53515625
4364.082456111908,4364.082456111908,NoButton,Move,1435.8671875,191.08203125
4364.090535879135,4364.090535879135,NoButton,Move,1434.5,191.421875
4364.099982023239,4364.099982023239,NoButton,Move,1432.1171875,191.81640625
4364.108200073242,4364.108200073242,NoButton,Move,1429.734375,191.81640625
4364.118382930756,4364.118382930756,NoButton,Move,1428.3671875,191.81640625
4364.124003171921,4364.124003171921,NoButton,Move,1426.51953125,191.07421875
4364.131303071976,4364.131303071976,NoButton,Move,1424.671875,189.96484375
4364.1418380737305,4364.1418380737305,NoButton,Move,1422.82421875,188.85546875
4364.1475920677185,4364.1475920677185,NoButton,Move,1421.34375,187.375
4364.157960891724,4364.157960891724,NoButton,Move,1419.86328125,186.265625
4364.16401219368,4364.16401219368,NoButton,Move,1418.3828125,184.78515625
4364.174781084061,4364.174781084061,NoButton,Move,1417.35546875,183.7578125
4364.182599067688,4364.182599067688,NoButton,Move,1416.24609375,182.27734375
4364.191509008408,4364.191509008408,NoButton,Move,1415.6171875,181.3359375
4364.196725130081,4364.196725130081,NoButton,Move,1414.98828125,180.39453125
4364.208224058151,4364.208224058151,NoButton,Move,1414.3046875,179.02734375
4364.216604948044,4364.216604948044,NoButton,Move,1413.98828125,178.0859375
4364.224749088287,4364.224749088287,NoButton,Move,1413.671875,177.14453125
4364.232239961624,4364.232239961624,NoButton,Move,1413.328125,175.77734375
4364.241404056549,4364.241404056549,NoButton,Move,1413.328125,174.8359375
4364.24754524231,4364.24754524231,NoButton,Move,1413.0390625,174.26171875
4364.254405975342,4364.254405975342,NoButton,Move,1413.0390625,173.3203125
4364.2637848854065,4364.2637848854065,NoButton,Move,1413.0390625,172.74609375
4364.271045923233,4364.271045923233,NoButton,Move,1413.0390625,171.8046875
4364.279998064041,4364.279998064041,NoButton,Move,1412.75,171.23046875
4364.287677049637,4364.287677049637,NoButton,Move,1412.75,170.96875
4364.295225858688,4364.295225858688,NoButton,Move,1412.75,170.39453125
4364.304626941681,4364.304626941681,NoButton,Move,1412.75,170.1328125
4364.311929941177,4364.311929941177,NoButton,Move,1412.75,169.87109375
4364.3196449279785,4364.3196449279785,NoButton,Move,1412.75,169.609375
4364.32786989212,4364.32786989212,NoButton,Move,1412.75,169.34765625
4364.344087123871,4364.344087123871,NoButton,Move,1412.75,169.1015625
4364.393765926361,4364.393765926361,NoButton,Move,1412.51171875,168.86328125
4364.402273178101,4364.402273178101,NoButton,Move,1412.22265625,168.2890625
4364.410405874252,4364.410405874252,NoButton,Move,1411.59375,167.34765625
4364.418543815613,4364.418543815613,NoButton,Move,1411.01953125,166.7734375
4364.426697969437,4364.426697969437,NoButton,Move,1410.3359375,165.40625
4364.435312986374,4364.435312986374,NoButton,Move,1409.70703125,164.46484375
4364.4430730342865,4364.4430730342865,NoButton,Move,1409.078125,163.5234375
4364.451313972473,4364.451313972473,NoButton,Move,1408.44921875,162.58203125
4364.459209918976,4364.459209918976,NoButton,Move,1408.1328125,161.640625
4364.467810153961,4364.467810153961,NoButton,Move,1407.55859375,161.3515625
4364.476323843002,4364.476323843002,NoButton,Move,1407.55859375,160.77734375
4364.484699010849,4364.484699010849,NoButton,Move,1407.296875,160.515625
4364.491983890533,4364.491983890533,NoButton,Move,1407.296875,160.25390625
4364.529142141342,4364.529142141342,Left,Pressed,1407.296875,160.25390625
4364.541352987289,4364.541352987289,NoButton,Move,1407.296875,160.1328125
4364.6080141067505,4364.6080141067505,Left,Released,1407.296875,160.1328125
4364.795623064041,4364.795623064041,NoButton,Move,1407.0625,160.1328125
4364.804805994034,4364.804805994034,NoButton,Move,1402.734375,161.09375
4364.811700105667,4364.811700105667,NoButton,Move,1398.15625,163.6328125
4364.819553136826,4364.819553136826,NoButton,Move,1393.86328125,167.921875
4364.827831029892,4364.827831029892,NoButton,Move,1388.21875,172.43359375
4364.835873126984,4364.835873126984,NoButton,Move,1382.01171875,178.63671875
4364.844352006912,4364.844352006912,NoButton,Move,1375.18359375,184.21875
4364.851996898651,4364.851996898651,NoButton,Move,1368.9765625,191.04296875
4364.860248088837,4364.860248088837,NoButton,Move,1353.64453125,206.37109375
4364.868232965469,4364.868232965469,NoButton,Move,1338.76171875,224.96875
4364.876710891724,4364.876710891724,NoButton,Move,1321.98828125,246.671875
4364.884705066681,4364.884705066681,NoButton,Move,1292.765625,290.5
4364.893522977829,4364.893522977829,NoButton,Move,1283.52734375,307.2890625
4364.901428937912,4364.901428937912,NoButton,Move,1254.67578125,363.54296875
4364.9099180698395,4364.9099180698395,NoButton,Move,1237.6796875,403.6015625
4364.917689800262,4364.917689800262,NoButton,Move,1231.5625,422.81640625
4365.93358707428,4365.93358707428,NoButton,Move,1231.5625,423.97265625
4365.941586971283,4365.941586971283,NoButton,Move,1231.5625,428.296875
4365.950865983963,4365.950865983963,NoButton,Move,1231.5625,432.62109375
4365.9595720767975,4365.9595720767975,NoButton,Move,1232.15234375,440.3203125
4365.967931985855,4365.967931985855,NoButton,Move,1233.3359375,448.01953125
4365.974395990372,4365.974395990372,NoButton,Move,1234.57421875,456.703125
4365.983654022217,4365.983654022217,NoButton,Move,1236.26171875,475.296875
4365.990573167801,4365.990573167801,NoButton,Move,1238.12109375,498.546875
4365.999993801117,4365.999993801117,NoButton,Move,1239.1328125,526.9453125
4366.006819963455,4366.006819963455,NoButton,Move,1239.1328125,557.19921875
4366.015652894974,4366.015652894974,NoButton,Move,1239.1328125,591.30078125
4366.024115085602,4366.024115085602,NoButton,Move,1237.6875,653.328125
4366.0317850112915,4366.0317850112915,NoButton,Move,1231.47265625,698.0546875
4366.040548801422,4366.040548801422,NoButton,Move,1223.84375,745.078125
4366.0480880737305,4366.0480880737305,NoButton,Move,1214.54296875,796.875
4366.057562828064,4366.057562828064,NoButton,Move,1204.84375,853.67578125
4366.067587852478,4366.067587852478,NoButton,Move,1195.14453125,899.98046875
4366.073712825775,4366.073712825775,NoButton,Move,1186.83203125,899.98046875
4366.08234500885,4366.08234500885,NoButton,Move,1180.046875,899.98046875
4366.090801000595,4366.090801000595,NoButton,Move,1177.25390625,899.98046875
4366.097971916199,4366.097971916199,NoButton,Move,1172.39453125,899.98046875
4366.108465909958,4366.108465909958,NoButton,Move,1169.0078125,899.98046875
4366.113440990448,4366.113440990448,NoButton,Move,1167.59765625,899.98046875
4366.124785900116,4366.124785900116,NoButton,Move,1166.30078125,899.98046875
4366.130055904388,4366.130055904388,NoButton,Move,1162.8046875,899.98046875
4366.141116857529,4366.141116857529,NoButton,Move,1161.2265625,899.98046875
4366.400279045105,4366.400279045105,NoButton,Move,1161.2265625,899.98046875
4366.408572912216,4366.408572912216,NoButton,Move,1161.2265625,899.98046875
4366.416987895966,4366.416987895966,NoButton,Move,1161.2265625,899.98046875
4366.425031900406,4366.425031900406,NoButton,Move,1161.67578125,899.98046875
4366.434331893921,4366.434331893921,NoButton,Move,1162.0703125,899.98046875
4366.441250085831,4366.441250085831,NoButton,Move,1162.91796875,899.98046875
4366.450598955154,4366.450598955154,NoButton,Move,1163.33984375,899.98046875
4366.457906961441,4366.457906961441,NoButton,Move,1163.70703125,899.98046875
4366.4670259952545,4366.4670259952545,NoButton,Move,1164.1015625,899.98046875
4366.4741179943085,4366.4741179943085,NoButton,Move,1164.49609375,899.98046875
4366.483340024948,4366.483340024948,NoButton,Move,1164.890625,899.98046875
4366.490660905838,4366.490660905838,NoButton,Move,1165.2578125,899.98046875
4366.499245166779,4366.499245166779,NoButton,Move,1165.625,899.98046875
4366.507032871246,4366.507032871246,NoButton,Move,1165.96484375,899.98046875
4366.514776945114,4366.514776945114,NoButton,Move,1166.3046875,899.98046875
4366.524847984314,4366.524847984314,NoButton,Move,1166.3046875,899.98046875
4366.531625032425,4366.531625032425,NoButton,Move,1166.6171875,899.98046875
4366.5412611961365,4366.5412611961365,NoButton,Move,1166.9296875,899.98046875
4366.54865694046,4366.54865694046,NoButton,Move,1167.2421875,899.98046875
4366.556079864502,4366.556079864502,NoButton,Move,1167.5546875,899.98046875
4366.565158843994,4366.565158843994,NoButton,Move,1167.83984375,899.98046875
4366.573458909988,4366.573458909988,NoButton,Move,1168.125,899.98046875
4366.581231832504,4366.581231832504,NoButton,Move,1168.4375,899.98046875
4366.588833093643,4366.588833093643,NoButton,Move,1168.6953125,899.98046875
4366.597306966782,4366.597306966782,NoButton,Move,1168.98046875,899.98046875
4366.605314016342,4366.605314016342,NoButton,Move,1169.23828125,899.98046875
4366.613180875778,4366.613180875778,NoButton,Move,1169.23828125,899.98046875
4366.622017145157,4366.622017145157,NoButton,Move,1169.49609375,899.98046875
4366.6291790008545,4366.6291790008545,NoButton,Move,1169.49609375,899.98046875
4366.645390033722,4366.645390033722,NoButton,Move,1169.73828125,899.98046875
4366.662053823471,4366.662053823471,NoButton,Move,1169.73828125,899.98046875
4366.728929042816,4366.728929042816,NoButton,Move,1169.73828125,899.98046875
4367.001960992813,4367.001960992813,NoButton,Move,1169.96875,899.98046875
4367.010986089706,4367.010986089706,NoButton,Move,1174.29296875,898.53515625
4367.015784025192,4367.015784025192,NoButton,Move,1179.375,896.5
4367.026691913605,4367.026691913605,NoButton,Move,1184.45703125,894.46484375
4367.030923128128,4367.030923128128,NoButton,Move,1190.35546875,892.31640625
4367.042574167252,4367.042574167252,NoButton,Move,1197.125,890.62109375
4367.046915054321,4367.046915054321,NoButton,Move,1203.0234375,888.47265625
4367.0578508377075,4367.0578508377075,NoButton,Move,1215.0,885.65234375
4367.064430236816,4367.064430236816,NoButton,Move,1226.9765625,883.53515625
4367.075860977173,4367.075860977173,NoButton,Move,1232.05859375,882.515625
4367.07958984375,4367.07958984375,NoButton,Move,1242.87890625,881.16015625
4367.088180065155,4367.088180065155,NoButton,Move,1252.6015625,879.86328125
4367.095839977264,4367.095839977264,NoButton,Move,1261.28515625,878.62109375
4367.103981018066,4367.103981018066,NoButton,Move,1264.2578125,878.62109375
4367.112067937851,4367.112067937851,NoButton,Move,1273.98046875,877.32421875
4367.120800018311,4367.120800018311,NoButton,Move,1276.359375,876.92578125
4367.128504037857,4367.128504037857,NoButton,Move,1280.68359375,876.44140625
4367.136633872986,4367.136633872986,NoButton,Move,1283.65625,876.015625
4367.144648075104,4367.144648075104,NoButton,Move,1286.03515625,875.6171875
4367.15286397934,4367.15286397934,NoButton,Move,1287.87890625,875.24609375
4367.161294221878,4367.161294221878,NoButton,Move,1289.2421875,875.24609375
4367.170734167099,4367.170734167099,NoButton,Move,1290.6015625,874.90234375
4367.177817821503,4367.177817821503,NoButton,Move,1291.96484375,874.55859375
4367.188846111298,4367.188846111298,NoButton,Move,1292.90234375,874.2421875
4367.195918083191,4367.195918083191,NoButton,Move,1293.83984375,873.92578125
4367.202971935272,4367.202971935272,NoButton,Move,1294.77734375,873.609375
4367.2102110385895,4367.2102110385895,NoButton,Move,1295.71484375,873.29296875
4367.219555854797,4367.219555854797,NoButton,Move,1296.65234375,872.9765625
4367.227145910263,4367.227145910263,NoButton,Move,1298.015625,872.9765625
4367.234785079956,4367.234785079956,NoButton,Move,1298.5859375,872.6875
4367.243003845215,4367.243003845215,NoButton,Move,1299.5234375,872.6875
4367.251127004623,4367.251127004623,NoButton,Move,1300.4609375,872.37109375
4367.259856939316,4367.259856939316,NoButton,Move,1301.3984375,872.0546875
4367.267894983292,4367.267894983292,NoButton,Move,1301.96875,871.765625
4367.276583909988,4367.276583909988,NoButton,Move,1303.33203125,871.765625
4367.28439617157,4367.28439617157,NoButton,Move,1304.26953125,871.44921875
4367.292494773865,4367.292494773865,NoButton,Move,1305.20703125,871.1328125
4367.301306962967,4367.301306962967,NoButton,Move,1306.14453125,870.81640625
4367.309395074844,4367.309395074844,NoButton,Move,1307.08203125,870.5
4367.31768989563,4367.31768989563,NoButton,Move,1308.01953125,870.18359375
4367.3337869644165,4367.3337869644165,NoButton,Move,1308.95703125,869.8671875
4367.333859205246,4367.333859205246,NoButton,Move,1309.89453125,869.55078125
4367.342139959335,4367.342139959335,NoButton,Move,1310.83203125,869.234375
4367.349551916122,4367.349551916122,NoButton,Move,1311.76953125,868.91796875
4367.357754945755,4367.357754945755,NoButton,Move,1312.70703125,868.6015625
4367.365952014923,4367.365952014923,NoButton,Move,1313.27734375,868.3125
4367.374255895615,4367.374255895615,NoButton,Move,1313.84765625,868.0234375
4367.382339000702,4367.382339000702,NoButton,Move,1314.10546875,867.76171875
4367.390527009964,4367.390527009964,NoButton,Move,1314.67578125,867.76171875
4367.39862704277,4367.39862704277,NoButton,Move,1314.93359375,867.76171875
4367.425274848938,4367.425274848938,Left,Pressed,1314.93359375,867.76171875
4367.441475868225,4367.441475868225,NoButton,Move,1315.0546875,867.63671875
4367.508810043335,4367.508810043335,Left,Released,1315.0546875,867.63671875
4367.728611946106,4367.728611946106,NoButton,Move,1315.0546875,866.9375
4367.734798192978,4367.734798192978,NoButton,Move,1316.2421875,864.5546875
4367.742967128754,4367.742967128754,NoButton,Move,1318.1640625,860.2265625
4367.751282930374,4367.751282930374,NoButton,Move,1321.546875,854.015625
4367.759574174881,4367.759574174881,NoButton,Move,1323.9140625,846.3125
4367.7676610946655,4367.7676610946655,NoButton,Move,1327.01171875,837.62890625
4367.775408029556,4367.775408029556,NoButton,Move,1329.4921875,828.94140625
4367.783802986145,4367.783802986145,NoButton,Move,1331.09765625,823.0390625
4367.791882991791,4367.791882991791,NoButton,Move,1334.8984375,808.58203125
4367.800019025803,4367.800019025803,NoButton,Move,1335.9140625,803.49609375
4367.808180093765,4367.808180093765,NoButton,Move,1337.7734375,794.80859375
4367.817499876022,4367.817499876022,NoButton,Move,1339.6328125,786.12109375
4367.824567079544,4367.824567079544,NoButton,Move,1340.81640625,778.41796875
4367.832739830017,4367.832739830017,NoButton,Move,1341.37890625,771.64453125
4367.841887950897,4367.841887950897,NoButton,Move,1342.44921875,765.7421875
4367.8492159843445,4367.8492159843445,NoButton,Move,1342.984375,759.83984375
4367.857752084732,4367.857752084732,NoButton,Move,1343.4921875,754.75390625
4368.227894067764,4368.227894067764,NoButton,Move,1343.4921875,754.51953125
4368.235337018967,4368.235337018967,NoButton,Move,1343.4921875,753.9453125
4368.2440938949585,4368.2440938949585,NoButton,Move,1343.203125,753.37109375
4368.252014875412,4368.252014875412,NoButton,Move,1342.88671875,752.4296875
4368.260092973709,4368.260092973709,NoButton,Move,1342.2578125,751.48828125
4368.268356800079,4368.268356800079,NoButton,Move,1341.62890625,750.546875
4368.276075124741,4368.276075124741,NoButton,Move,1341.33984375,749.97265625
4368.284147024155,4368.284147024155,NoButton,Move,1340.7109375,749.03125
4368.292532920837,4368.292532920837,NoButton,Move,1340.13671875,748.45703125
4368.299780845642,4368.299780845642,NoButton,Move,1339.84765625,747.8828125
4368.308122873306,4368.308122873306,NoButton,Move,1339.5859375,747.62109375
4368.316430807114,4368.316430807114,NoButton,Move,1339.32421875,747.359375
4368.328733921051,4368.328733921051,NoButton,Move,1339.32421875,747.09765625
4368.3323969841,4368.3323969841,NoButton,Move,1339.32421875,746.8359375
4368.340564966202,4368.340564966202,NoButton,Move,1339.0625,746.57421875
4368.358411073685,4368.358411073685,Left,Pressed,1339.0625,746.57421875
4368.477690935135,4368.477690935135,NoButton,Move,1338.953125,746.57421875
4368.477792978287,4368.477792978287,NoButton,Move,1335.88671875,746.57421875
4368.477870225906,4368.477870225906,NoButton,Move,1317.3515625,746.57421875
4368.491307973862,4368.491307973862,NoButton,Move,1265.63671875,746.57421875
4368.508397102356,4368.508397102356,NoButton,Move,1178.25390625,746.57421875
4368.525212049484,4368.525212049484,NoButton,Move,1087.3203125,746.25390625
4368.5413019657135,4368.5413019657135,NoButton,Move,1003.1015625,745.6015625
4368.5580270290375,4368.5580270290375,NoButton,Move,937.140625,745.265625
4368.574668169022,4368.574668169022,NoButton,Move,902.26171875,745.265625
4368.591242074966,4368.591242074966,NoButton,Move,879.65625,745.265625
4368.607885122299,4368.607885122299,NoButton,Move,865.421875,745.265625
4368.624601840973,4368.624601840973,NoButton,Move,857.515625,745.265625
4368.641304969788,4368.641304969788,NoButton,Move,853.70703125,745.265625
4368.65785908699,4368.65785908699,NoButton,Move,852.35546875,745.265625
4368.674639940262,4368.674639940262,NoButton,Move,851.84375,745.265625
4368.775523900986,4368.775523900986,Left,Released,851.84375,745.265625
4368.77561712265,4368.77561712265,NoButton,Move,851.84375,745.49609375
4369.921138048172,4369.921138048172,NoButton,Move,850.68359375,746.65234375
4369.930041074753,4369.930041074753,NoButton,Move,848.1328125,748.7734375
4369.93766784668,4369.93766784668,NoButton,Move,845.4140625,751.48828125
4369.945821046829,4369.945821046829,NoButton,Move,842.046875,754.37109375
4369.954139947891,4369.954139947891,NoButton,Move,838.6796875,757.25390625
4369.962172031403,4369.962172031403,NoButton,Move,832.75390625,762.58203125
4369.9700610637665,4369.9700610637665,NoButton,Move,825.92578125,768.1640625
4369.9788019657135,4369.9788019657135,NoButton,Move,819.46484375,772.859375
4369.986798048019,4369.986798048019,NoButton,Move,811.03515625,778.69140625
4369.997073888779,4369.997073888779,NoButton,Move,803.58984375,783.65234375
4370.002866983414,4370.002866983414,NoButton,Move,794.51171875,788.1875
4370.0110239982605,4370.0110239982605,NoButton,Move,786.4453125,792.52734375
4370.018893003464,4370.018893003464,NoButton,Move,782.1171875,794.44921875
4370.027251005173,4370.027251005173,NoButton,Move,774.4140625,797.41015625
4370.035385131836,4370.035385131836,NoButton,Move,767.3046875,800.37109375
4370.04358792305,4370.04358792305,NoButton,Move,760.53125,802.625
4370.051971197128,4370.051971197128,NoButton,Move,758.1484375,803.01953125
4370.060195922852,4370.060195922852,NoButton,Move,753.0625,804.54296875
4370.068487882614,4370.068487882614,NoButton,Move,750.0859375,805.390625
4370.076503038406,4370.076503038406,NoButton,Move,747.703125,805.78515625
4370.084942102432,4370.084942102432,NoButton,Move,745.859375,806.15234375
4370.108384132385,4370.108384132385,Left,Pressed,745.859375,806.15234375
4370.124743938446,4370.124743938446,NoButton,Move,745.42578125,806.29296875
4370.213417053223,4370.213417053223,Left,Released,745.42578125,806.29296875
4371.444802045822,4371.444802045822,NoButton,Move,746.34765625,806.29296875
4371.452854156494,4371.452854156494,NoButton,Move,747.7109375,806.29296875
4371.462194919586,4371.462194919586,NoButton,Move,750.08984375,806.29296875
4371.468729972839,4371.468729972839,NoButton,Move,753.7109375,806.7421875
4371.476547002792,4371.476547002792,NoButton,Move,758.79296875,807.25
4371.4847049713135,4371.4847049713135,NoButton,Move,768.515625,807.89453125
4371.493084907532,4371.493084907532,NoButton,Move,776.21484375,807.89453125
4371.501065015793,4371.501065015793,NoButton,Move,784.8984375,808.51171875
4371.509104013443,4371.509104013443,NoButton,Move,794.62109375,808.51171875
4371.51785492897,4371.51785492897,NoButton,Move,805.41796875,808.51171875
4371.525742053986,4371.525742053986,NoButton,Move,811.31640625,809.046875
4371.533806085587,4371.533806085587,NoButton,Move,821.0390625,809.69140625
4371.541903972626,4371.541903972626,NoButton,Move,830.76171875,809.69140625
4371.550243139267,4371.550243139267,NoButton,Move,839.4453125,810.30859375
4371.55824303627,4371.55824303627,NoButton,Move,848.12890625,810.92578125
4371.5665509700775,4371.5665509700775,NoButton,Move,855.828125,810.92578125
4371.574860095978,4371.574860095978,NoButton,Move,862.59765625,811.48828125
4371.583333969116,4371.583333969116,NoButton,Move,868.49609375,811.48828125
4429.983225822449,4429.983225822449,NoButton,Move,868.03515625,811.48828125
4429.99565911293,4429.99565911293,NoButton,Move,866.1875,811.48828125
4430.000555038452,4430.000555038452,NoButton,Move,862.5625,811.48828125
4430.014438867569,4430.014438867569,NoButton,Move,858.234375,811.48828125
4430.015634059906,4430.015634059906,NoButton,Move,851.4609375,811.48828125
4430.046217918396,4430.046217918396,NoButton,Move,842.7734375,808.3828125
4430.113321065903,4430.113321065903,NoButton,Move,810.8671875,794.078125
4430.113517045975,4430.113517045975,NoButton,Move,777.3125,774.40625
4430.113571882248,4430.113571882248,NoButton,Move,704.71484375,726.55859375
4430.114539146423,4430.114539146423,NoButton,Move,677.2109375,705.65625
4430.114586830139,4430.114586830139,NoButton,Move,620.0625,659.3203125
4430.1146240234375,4430.1146240234375,NoButton,Move,564.4609375,611.4375
4430.114659786224,4430.114659786224,NoButton,Move,512.7578125,564.296875
4430.114695072174,4430.114695072174,NoButton,Move,494.01171875,544.5625
4430.114728927612,4430.114728927612,NoButton,Move,456.8203125,507.37109375
4430.114763021469,4430.114763021469,NoButton,Move,444.5625,495.11328125
4430.114797115326,4430.114797115326,NoButton,Move,419.2578125,470.91015625
4430.126420974731,4430.126420974731,NoButton,Move,398.95703125,450.609375
4430.130259990692,4430.130259990692,NoButton,Move,383.625,435.27734375
4430.1480231285095,4430.1480231285095,NoButton,Move,379.109375,430.1953125
4430.148087024689,4430.148087024689,NoButton,Move,369.21875,419.54296875
4430.154448032379,4430.154448032379,NoButton,Move,362.734375,411.76171875
4430.1793439388275,4430.1793439388275,NoButton,Move,357.40234375,405.8359375
4430.17941403389,4430.17941403389,NoButton,Move,356.29296875,403.98828125
4430.179455041885,4430.179455041885,NoButton,Move,350.0859375,397.16015625
4430.406744003296,4430.406744003296,NoButton,Move,350.0859375,395.48828125
4430.406821012497,4430.406821012497,NoButton,Move,350.53515625,391.86328125
4430.40687584877,4430.40687584877,NoButton,Move,352.05859375,386.77734375
4430.476866006851,4430.476866006851,NoButton,Move,353.6640625,380.875
4430.476930141449,4430.476930141449,NoButton,Move,355.4375,373.171875
4430.476971149445,4430.476971149445,NoButton,Move,360.67578125,353.078125
4430.477010965347,4430.477010965347,NoButton,Move,364.8984375,334.48046875
4430.477048158646,4430.477048158646,NoButton,Move,367.48828125,324.75390625
4430.477082014084,4430.477082014084,NoButton,Move,373.6015625,305.53515625
4430.477115869522,4430.477115869522,NoButton,Move,384.01171875,268.51171875
4430.477149009705,4430.477149009705,NoButton,Move,389.58984375,245.2578125
4430.4771819114685,4430.4771819114685,NoButton,Move,392.953125,234.48828125
4430.495867967606,4430.495867967606,NoButton,Move,402.20703125,196.3046875
4430.4959280490875,4430.4959280490875,NoButton,Move,404.91015625,185.48046875
4430.498103141785,4430.498103141785,NoButton,Move,410.1484375,165.38671875
4430.501676082611,4430.501676082611,NoButton,Move,410.1484375,165.38671875
4430.5813109874725,4430.5813109874725,NoButton,Move,414.23046875,148.2265625
4430.581372022629,4430.581372022629,NoButton,Move,417.49609375,131.06640625
4430.581413984299,4430.581413984299,NoButton,Move,419.9453125,113.90625
4430.581595897675,4430.581595897675,NoButton,Move,422.2265625,99.44921875
4430.582262992859,4430.582262992859,NoButton,Move,423.69140625,86.2578125
4430.582314014435,4430.582314014435,NoButton,Move,424.421875,73.06640625
4430.582380056381,4430.582380056381,NoButton,Move,424.421875,61.09765625
4430.5824410915375,4430.5824410915375,NoButton,Move,424.421875,55.1953125
4430.582483053207,4430.582483053207,NoButton,Move,424.421875,45.46875
4430.582629919052,4430.582629919052,NoButton,Move,423.234375,37.765625
4430.602806091309,4430.602806091309,NoButton,Move,422.4921875,35.91796875
4430.602937221527,4430.602937221527,NoButton,Move,420.56640625,31.58984375
4430.606023073196,4430.606023073196,NoButton,Move,417.51171875,27.51953125
4430.613265037537,4430.613265037537,NoButton,Move,413.88671875,26.61328125
4430.621227025986,4430.621227025986,NoButton,Move,410.91015625,26.61328125
4430.629379987717,4430.629379987717,NoButton,Move,404.984375,31.94140625
4430.637665987015,4430.637665987015,NoButton,Move,398.640625,42.5078125
4430.645756959915,4430.645756959915,NoButton,Move,391.28515625,58.84765625
4430.654009819031,4430.654009819031,NoButton,Move,378.87109375,93.828125
4430.662046909332,4430.662046909332,NoButton,Move,371.3671875,125.9765625
4430.6701991558075,4430.6701991558075,NoButton,Move,364.25390625,166.28125
4430.680782794952,4430.680782794952,NoButton,Move,360.5234375,211.0078125
4430.68785905838,4430.68785905838,NoButton,Move,359.22265625,260.390625
4430.695512056351,4430.695512056351,NoButton,Move,359.22265625,283.640625
4430.712783813477,4430.712783813477,NoButton,Move,356.0,364.15234375
4431.397695064545,4431.397695064545,NoButton,Move,356.0,363.6875
4431.398991823196,4431.398991823196,NoButton,Move,356.0,360.7109375
4431.416706085205,4431.416706085205,NoButton,Move,356.0,357.0859375
4431.416810035706,4431.416810035706,NoButton,Move,355.515625,352.7578125
4431.429620981216,4431.429620981216,NoButton,Move,355.515625,348.4296875
4431.431715011597,4431.431715011597,NoButton,Move,355.03125,344.1015625
4431.446664094925,4431.446664094925,NoButton,Move,353.84375,336.3984375
4431.448035001755,4431.448035001755,NoButton,Move,351.8984375,326.671875
4431.461669921875,4431.461669921875,NoButton,Move,350.54296875,315.84765625
4431.464579820633,4431.464579820633,NoButton,Move,349.07421875,302.65625
4431.479689121246,4431.479689121246,NoButton,Move,346.95703125,290.67578125
4431.48074388504,4431.48074388504,NoButton,Move,345.37890625,274.89453125
4431.496520996094,4431.496520996094,NoButton,Move,343.80078125,259.11328125
4431.497107028961,4431.497107028961,NoButton,Move,342.22265625,243.33203125
4431.513308048248,4431.513308048248,NoButton,Move,340.64453125,227.55078125
4431.513766050339,4431.513766050339,NoButton,Move,338.27734375,211.76953125
4431.53081202507,4431.53081202507,NoButton,Move,335.91015625,195.98828125
4431.530976057053,4431.530976057053,NoButton,Move,334.8359375,190.0859375
4431.546923160553,4431.546923160553,NoButton,Move,332.12890625,179.26171875
4431.547060012817,4431.547060012817,NoButton,Move,330.265625,170.57421875
4431.549315929413,4431.549315929413,NoButton,Move,330.265625,170.57421875
4431.627233028412,4431.627233028412,NoButton,Move,327.30078125,162.87109375
4431.627320051193,4431.627320051193,NoButton,Move,325.15234375,156.96875
4431.627384185791,4431.627384185791,NoButton,Move,324.04296875,155.12109375
4431.6274309158325,4431.6274309158325,NoButton,Move,322.1171875,150.79296875
4431.627471923828,4431.627471923828,NoButton,Move,320.3046875,147.62109375
4431.627511024475,4431.627511024475,NoButton,Move,318.6015625,145.0703125
4431.627551078796,4431.627551078796,NoButton,Move,317.01171875,143.08203125
4431.627590894699,4431.627590894699,NoButton,Move,315.90234375,141.6015625
4431.627712011337,4431.627712011337,NoButton,Move,315.328125,141.02734375
4431.6311938762665,4431.6311938762665,NoButton,Move,314.38671875,140.3984375
4431.653099060059,4431.653099060059,NoButton,Move,313.8125,139.82421875
4431.653242826462,4431.653242826462,NoButton,Move,313.23828125,139.53515625
4431.653351068497,4431.653351068497,NoButton,Move,312.6640625,139.53515625
4431.675497055054,4431.675497055054,NoButton,Move,312.08984375,139.53515625
4431.675598859787,4431.675598859787,NoButton,Move,311.1484375,139.53515625
4431.703109025955,4431.703109025955,NoButton,Move,310.20703125,139.53515625
4431.70317697525,4431.70317697525,NoButton,Move,309.265625,139.84765625
4431.703308105469,4431.703308105469,NoButton,Move,307.8984375,140.52734375
4431.703720092773,4431.703720092773,NoButton,Move,306.05078125,141.265625
4431.714532852173,4431.714532852173,NoButton,Move,304.203125,142.00390625
4431.728389978409,4431.728389978409,NoButton,Move,301.65234375,143.703125
4431.732408046722,4431.732408046722,NoButton,Move,300.28515625,144.3828125
4431.735749959946,4431.735749959946,NoButton,Move,298.4375,145.48828125
4431.753070116043,4431.753070116043,NoButton,Move,295.88671875,147.609375
4431.753252983093,4431.753252983093,NoButton,Move,294.9453125,148.234375
4431.7694001197815,4431.7694001197815,NoButton,Move,292.95703125,149.8203125
4431.769536972046,4431.769536972046,NoButton,Move,290.96875,151.40625
4431.776186943054,4431.776186943054,NoButton,Move,289.859375,152.8828125
4431.78418803215,4431.78418803215,NoButton,Move,288.37890625,154.359375
4431.7938911914825,4431.7938911914825,NoButton,Move,287.3515625,155.3828125
4431.839823961258,4431.839823961258,NoButton,Move,286.41015625,156.0078125
4431.839883089066,4431.839883089066,NoButton,Move,285.8359375,156.578125
4431.839922904968,4431.839922904968,NoButton,Move,285.546875,157.1484375
4431.83998298645,4431.83998298645,NoButton,Move,285.2578125,157.71875
4431.840056180954,4431.840056180954,NoButton,Move,284.99609375,157.9765625
4431.843446969986,4431.843446969986,NoButton,Move,284.70703125,158.546875
4431.883469104767,4431.883469104767,NoButton,Move,284.70703125,158.8046875
4431.8836171627045,4431.8836171627045,NoButton,Move,284.70703125,159.0625
4431.883671998978,4431.883671998978,NoButton,Move,284.70703125,159.3203125
4431.883897066116,4431.883897066116,NoButton,Move,284.70703125,159.578125
4431.884068965912,4431.884068965912,NoButton,Move,284.70703125,159.8359375
4431.890930891037,4431.890930891037,NoButton,Move,284.70703125,160.09375
4431.917451143265,4431.917451143265,NoButton,Move,284.70703125,160.3359375
4431.923027038574,4431.923027038574,NoButton,Move,284.70703125,160.578125
4431.955841064453,4431.955841064453,NoButton,Move,284.70703125,160.8125
4431.972778081894,4431.972778081894,NoButton,Move,284.70703125,161.0546875
4431.980409860611,4431.980409860611,NoButton,Move,284.70703125,161.3125
4431.989012002945,4431.989012002945,NoButton,Move,284.70703125,161.5703125
4431.996788978577,4431.996788978577,NoButton,Move,284.70703125,162.140625
4432.005955219269,4432.005955219269,NoButton,Move,285.01953125,163.078125
4432.015132904053,4432.015132904053,NoButton,Move,285.33203125,164.015625
4432.027191162109,4432.027191162109,NoButton,Move,285.671875,165.37890625
4432.0317759513855,4432.0317759513855,NoButton,Move,285.984375,166.31640625
4432.066661834717,4432.066661834717,NoButton,Move,286.296875,167.25390625
4432.067486047745,4432.067486047745,NoButton,Move,286.63671875,168.6171875
4432.06808924675,4432.06808924675,NoButton,Move,286.94921875,169.5546875
4432.0681319236755,4432.0681319236755,NoButton,Move,287.234375,170.125
4432.070353031158,4432.070353031158,NoButton,Move,287.546875,171.0625
4432.078949928284,4432.078949928284,NoButton,Move,287.83203125,171.6328125
4432.086774110794,4432.086774110794,NoButton,Move,288.08984375,171.890625
4432.095280885696,4432.095280885696,NoButton,Move,288.08984375,172.1484375
4432.103399991989,4432.103399991989,NoButton,Move,288.08984375,172.40625
4432.111602067947,4432.111602067947,NoButton,Move,288.34765625,172.6640625
4432.119694948196,4432.119694948196,NoButton,Move,288.34765625,172.921875
4432.146493911743,4432.146493911743,Left,Pressed,288.34765625,172.921875
4432.158542871475,4432.158542871475,NoButton,Move,288.34765625,173.04296875
4432.24577999115,4432.24577999115,Left,Released,288.34765625,173.04296875
4432.414206027985,4432.414206027985,NoButton,Move,288.578125,173.04296875
4432.422513961792,4432.422513961792,NoButton,Move,289.1484375,173.328125
4432.430552959442,4432.430552959442,NoButton,Move,290.9921875,174.06640625
4432.438948869705,4432.438948869705,NoButton,Move,292.46875,175.171875
4432.4468858242035,4432.4468858242035,NoButton,Move,294.3125,176.27734375
4432.4617438316345,4432.4617438316345,NoButton,Move,296.15625,177.3828125
4432.463345050812,4432.463345050812,NoButton,Move,299.32421875,179.19140625
4432.472285032272,4432.472285032272,NoButton,Move,304.96484375,183.140625
4432.479663848877,4432.479663848877,NoButton,Move,311.48046875,187.28515625
4432.487792015076,4432.487792015076,NoButton,Move,317.12109375,191.234375
4432.496163845062,4432.496163845062,NoButton,Move,326.58984375,197.3203125
4432.504147052765,4432.504147052765,NoButton,Move,334.65234375,201.66015625
4432.51247382164,4432.51247382164,NoButton,Move,346.37109375,208.984375
4432.520828962326,4432.520828962326,NoButton,Move,359.78125,218.44921875
4432.544852972031,4432.544852972031,NoButton,Move,371.5,225.7734375
4432.544914007187,4432.544914007187,NoButton,Move,386.71484375,236.76171875
4432.545006990433,4432.545006990433,NoButton,Move,403.30859375,248.1171875
4432.553461074829,4432.553461074829,NoButton,Move,418.5234375,259.10546875
4432.56339097023,4432.56339097023,NoButton,Move,432.4140625,269.7265625
4432.5695860385895,4432.5695860385895,NoButton,Move,445.03515625,279.98046875
4432.577862977982,4432.577862977982,NoButton,Move,456.4453125,289.109375
4432.815742015839,4432.815742015839,NoButton,Move,455.98046875,289.109375
4432.828631162643,4432.828631162643,NoButton,Move,454.5,288.0
4432.831777095795,4432.831777095795,NoButton,Move,453.55859375,287.37109375
4432.843897819519,4432.843897819519,NoButton,Move,452.53125,286.34375
4432.848306894302,4432.848306894302,NoButton,Move,451.58984375,285.71484375
4432.859981060028,4432.859981060028,NoButton,Move,450.6484375,285.0859375
4432.864485025406,4432.864485025406,NoButton,Move,449.62109375,284.05859375
4432.878268003464,4432.878268003464,NoButton,Move,448.140625,282.94921875
4432.880764961243,4432.880764961243,NoButton,Move,447.19921875,282.3203125
4432.893446922302,4432.893446922302,NoButton,Move,446.2578125,281.69140625
4432.897202014923,4432.897202014923,NoButton,Move,445.68359375,281.40234375
4432.910076856613,4432.910076856613,NoButton,Move,445.109375,281.11328125
4432.913657903671,4432.913657903671,NoButton,Move,444.84765625,280.8515625
4432.926458835602,4432.926458835602,NoButton,Move,444.5859375,280.58984375
4432.930030822754,4432.930030822754,NoButton,Move,444.32421875,280.58984375
4432.954570055008,4432.954570055008,NoButton,Move,445.09765625,280.84765625
4432.962856054306,4432.962856054306,NoButton,Move,449.1640625,283.8984375
4432.97113609314,4432.97113609314,NoButton,Move,454.8046875,288.41015625
4432.98322892189,4432.98322892189,NoButton,Move,463.59765625,295.171875
4432.987549066544,4432.987549066544,NoButton,Move,473.4609375,302.21484375
4432.995907783508,4432.995907783508,NoButton,Move,484.87109375,311.34375
4433.003822088242,4433.003822088242,NoButton,Move,496.28125,320.47265625
4433.012098073959,4433.012098073959,NoButton,Move,506.53515625,329.26171875
4433.020206212997,4433.020206212997,NoButton,Move,511.359375,333.015625
4433.028314828873,4433.028314828873,NoButton,Move,519.4765625,341.1328125
4433.036593914032,4433.036593914032,NoButton,Move,527.25390625,347.61328125
4433.044852972031,4433.044852972031,NoButton,Move,533.17578125,352.94140625
4433.052937984467,4433.052937984467,NoButton,Move,537.46484375,357.23046875
4433.061290025711,4433.061290025711,NoButton,Move,539.05078125,359.21484375
4433.0691730976105,4433.0691730976105,NoButton,Move,541.93359375,362.578125
4433.2831020355225,4433.2831020355225,NoButton,Move,541.93359375,363.04296875
4433.295514822006,4433.295514822006,NoButton,Move,541.93359375,363.30078125
4434.526957035065,4434.526957035065,NoButton,Move,542.859375,362.140625
4434.535533189774,4434.535533189774,NoButton,Move,544.046875,359.7578125
4434.543165922165,4434.543165922165,NoButton,Move,546.078125,354.671875
4434.551966905594,4434.551966905594,NoButton,Move,548.4453125,346.96875
4434.559572935104,4434.559572935104,NoButton,Move,550.3046875,338.28125
4434.567983865738,4434.567983865738,NoButton,Move,551.0078125,326.30078125
4434.576200008392,4434.576200008392,NoButton,Move,551.0078125,301.3828125
4434.584479093552,4434.584479093552,NoButton,Move,551.0078125,281.2890625
4434.592458963394,4434.592458963394,NoButton,Move,549.08984375,256.37109375
4434.600750923157,4434.600750923157,NoButton,Move,542.1796875,229.73046875
4434.6088309288025,4434.6088309288025,NoButton,Move,533.37890625,196.7265625
4434.617162942886,4434.617162942886,NoButton,Move,523.21875,161.7421875
4434.625225067139,4434.625225067139,NoButton,Move,513.31640625,128.73828125
4434.63352394104,4434.63352394104,NoButton,Move,502.3125,95.734375
4434.641667127609,4434.641667127609,NoButton,Move,491.87890625,66.51953125
4434.650491952896,4434.650491952896,NoButton,Move,487.6484375,55.24609375
4434.65833902359,4434.65833902359,NoButton,Move,478.34765625,33.85546875
4434.666110038757,4434.666110038757,NoButton,Move,475.3828125,26.74609375
4434.67435002327,4434.67435002327,NoButton,Move,469.29296875,13.05078125
4434.682540178299,4434.682540178299,NoButton,Move,466.88671875,9.203125
4434.690874814987,4434.690874814987,NoButton,Move,462.54296875,1.13671875
4434.698718070984,4434.698718070984,NoButton,Move,459.32421875,0.0
4434.707541942596,4434.707541942596,NoButton,Move,457.05859375,0.0
4434.715336084366,4434.715336084366,NoButton,Move,455.46875,0.0
4434.723644018173,4434.723644018173,NoButton,Move,453.98828125,0.0
4434.731734037399,4434.731734037399,NoButton,Move,452.62109375,0.0
4434.74024605751,4434.74024605751,NoButton,Move,451.6796875,0.0
4434.747797966003,4434.747797966003,NoButton,Move,450.73828125,0.0
4434.756124019623,4434.756124019623,NoButton,Move,448.890625,0.0
4434.764270782471,4434.764270782471,NoButton,Move,447.94921875,0.3125
4434.7723689079285,4434.7723689079285,NoButton,Move,446.83984375,2.15625
4434.780693054199,4434.780693054199,NoButton,Move,445.25,4.13671875
4434.7908318042755,4434.7908318042755,NoButton,Move,443.4375,7.3046875
4434.796971082687,4434.796971082687,NoButton,Move,442.16015625,10.27734375
4434.807372093201,4434.807372093201,NoButton,Move,440.34765625,13.4453125
4434.8135850429535,4434.8135850429535,NoButton,Move,438.53515625,16.61328125
4434.821433067322,4434.821433067322,NoButton,Move,437.2578125,19.5859375
4434.830051183701,4434.830051183701,NoButton,Move,435.4453125,23.20703125
4434.838120937347,4434.838120937347,NoButton,Move,434.16796875,26.1796875
4434.846723794937,4434.846723794937,NoButton,Move,433.42578125,28.0234375
4434.854737043381,4434.854737043381,NoButton,Move,432.234375,30.40234375
4434.863411903381,4434.863411903381,NoButton,Move,430.95703125,33.375
4434.871078968048,4434.871078968048,NoButton,Move,429.765625,35.75390625
4434.87956905365,4434.87956905365,NoButton,Move,428.96875,38.1328125
4434.887908935547,4434.887908935547,NoButton,Move,428.00390625,42.45703125
4434.896150112152,4434.896150112152,NoButton,Move,427.60546875,44.8359375
4434.904484987259,4434.904484987259,NoButton,Move,427.60546875,47.80859375
4434.912314891815,4434.912314891815,NoButton,Move,427.60546875,51.4296875
4434.920743942261,4434.920743942261,NoButton,Move,427.60546875,59.12890625
4434.9283101558685,4434.9283101558685,NoButton,Move,433.9453125,69.6953125
4434.936823129654,4434.936823129654,NoButton,Move,442.73046875,79.94140625
4434.94470500946,4434.94470500946,NoButton,Move,455.83203125,95.6640625
4434.952664852142,4434.952664852142,NoButton,Move,485.6484375,129.20703125
4434.96103310585,4434.96103310585,NoButton,Move,513.4140625,155.81640625
4434.968948125839,4434.968948125839,NoButton,Move,549.80078125,189.6015625
4434.977266073227,4434.977266073227,NoButton,Move,568.85546875,205.796875
4435.8497059345245,4435.8497059345245,NoButton,Move,569.546875,205.796875
4435.85338306427,4435.85338306427,NoButton,Move,571.390625,206.90234375
4435.869798898697,4435.869798898697,NoButton,Move,572.8671875,208.37890625
4435.869838237762,4435.869838237762,NoButton,Move,574.453125,210.36328125
4435.877594947815,4435.877594947815,NoButton,Move,576.15234375,212.91015625
4435.885844945908,4435.885844945908,NoButton,Move,578.2734375,215.45703125
4435.8939089775085,4435.8939089775085,NoButton,Move,580.08203125,219.078125
4435.905447006226,4435.905447006226,NoButton,Move,583.46484375,225.28515625
4435.911053180695,4435.911053180695,NoButton,Move,586.42578125,232.390625
4435.918715000153,4435.918715000153,NoButton,Move,589.38671875,240.08984375
4435.927169084549,4435.927169084549,NoButton,Move,592.48828125,248.7734375
4435.935075998306,4435.935075998306,NoButton,Move,599.47265625,267.98828125
4435.942996025085,4435.942996025085,NoButton,Move,604.203125,283.765625
4435.951268911362,4435.951268911362,NoButton,Move,609.10546875,300.921875
4435.961230993271,4435.961230993271,NoButton,Move,615.4140625,321.66015625
4435.99563908577,4435.99563908577,NoButton,Move,620.82421875,343.30078125
4435.995836019516,4435.995836019516,NoButton,Move,627.33203125,366.55078125
4435.995891094208,4435.995891094208,NoButton,Move,633.25,393.1875
4435.995934009552,4435.995934009552,NoButton,Move,639.95703125,418.1015625
4436.0004799366,4436.0004799366,NoButton,Move,645.53515625,441.3515625
4436.008802175522,4436.008802175522,NoButton,Move,651.28125,466.265625
4436.0363619327545,4436.0363619327545,NoButton,Move,654.09765625,478.2421875
4436.036531925201,4436.036531925201,NoButton,Move,659.5078125,499.8828125
4436.03658914566,4436.03658914566,NoButton,Move,663.875,519.97265625
4436.04138302803,4436.04138302803,NoButton,Move,668.9453125,538.56640625
4436.0509440898895,4436.0509440898895,NoButton,Move,673.02734375,555.72265625
4436.069035053253,4436.069035053253,NoButton,Move,676.828125,570.17578125
4436.069093942642,4436.069093942642,NoButton,Move,681.22265625,583.36328125
4436.076631069183,4436.076631069183,NoButton,Move,685.6171875,596.55078125
4436.082390069962,4436.082390069962,NoButton,Move,690.01171875,609.00390625
4436.092245101929,4436.092245101929,NoButton,Move,694.23828125,620.2734375
4436.119356870651,4436.119356870651,NoButton,Move,696.26953125,625.35546875
4436.119491100311,4436.119491100311,NoButton,Move,699.37109375,634.0390625
4436.11959195137,4436.11959195137,NoButton,Move,703.08984375,642.1015625
4436.159763097763,4436.159763097763,NoButton,Move,706.05078125,649.20703125
4436.15992307663,4436.15992307663,NoButton,Move,708.87109375,655.4140625
4436.160006046295,4436.160006046295,NoButton,Move,709.609375,657.2578125
4436.418904066086,4436.418904066086,NoButton,Move,710.78125,657.2578125
4436.427720069885,4436.427720069885,NoButton,Move,712.14453125,657.2578125
4436.434674024582,4436.434674024582,NoButton,Move,713.98828125,657.2578125
4436.44299697876,4436.44299697876,NoButton,Move,716.3671875,656.859375
4436.450870037079,4436.450870037079,NoButton,Move,718.2109375,656.859375
4436.4591290950775,4436.4591290950775,NoButton,Move,720.0546875,656.859375
4436.467213153839,4436.467213153839,NoButton,Move,721.8984375,656.859375
4436.475536823273,4436.475536823273,NoButton,Move,723.7421875,656.859375
4436.485048055649,4436.485048055649,NoButton,Move,725.5859375,656.859375
4436.4923939704895,4436.4923939704895,NoButton,Move,726.94921875,656.859375
4436.501918077469,4436.501918077469,NoButton,Move,728.3125,656.859375
4436.5088148117065,4436.5088148117065,NoButton,Move,729.67578125,656.859375
4436.518165111542,4436.518165111542,NoButton,Move,730.61328125,656.859375
4436.525198936462,4436.525198936462,NoButton,Move,731.55078125,656.859375
4436.534604072571,4436.534604072571,NoButton,Move,732.48828125,656.54296875
4436.541529893875,4436.541529893875,NoButton,Move,733.05859375,656.54296875
4436.55113697052,4436.55113697052,NoButton,Move,733.62890625,656.25390625
4436.558552980423,4436.558552980423,NoButton,Move,734.56640625,655.9375
4436.567810058594,4436.567810058594,NoButton,Move,735.13671875,655.6484375
4436.574666023254,4436.574666023254,NoButton,Move,735.70703125,655.359375
4436.583470821381,4436.583470821381,NoButton,Move,735.96484375,655.359375
4436.59103012085,4436.59103012085,NoButton,Move,736.53515625,655.0703125
4436.600077152252,4436.600077152252,NoButton,Move,737.10546875,654.78125
4436.6111969947815,4436.6111969947815,NoButton,Move,737.67578125,654.4921875
4436.615775108337,4436.615775108337,NoButton,Move,738.24609375,654.203125
4436.6238489151,4436.6238489151,NoButton,Move,738.81640625,653.9140625
4436.632050037384,4436.632050037384,NoButton,Move,739.75390625,653.59765625
4436.6401720047,4436.6401720047,NoButton,Move,740.32421875,653.59765625
4436.648367881775,4436.648367881775,NoButton,Move,740.89453125,653.30859375
4436.660188913345,4436.660188913345,NoButton,Move,741.46484375,653.30859375
4436.665441989899,4436.665441989899,NoButton,Move,742.03515625,653.30859375
4436.673525094986,4436.673525094986,NoButton,Move,742.29296875,653.046875
4436.681069135666,4436.681069135666,NoButton,Move,742.55078125,653.046875
4436.689032077789,4436.689032077789,NoButton,Move,742.80859375,653.046875
4436.6972579956055,4436.6972579956055,NoButton,Move,743.06640625,653.046875
4436.705513000488,4436.705513000488,NoButton,Move,743.06640625,652.78515625
4436.713775873184,4436.713775873184,NoButton,Move,743.06640625,652.5234375
4436.721752166748,4436.721752166748,NoButton,Move,743.06640625,652.26171875
4446.758502960205,4446.758502960205,NoButton,Move,743.06640625,651.80078125
4446.7671020030975,4446.7671020030975,NoButton,Move,743.06640625,650.43359375
4446.779915094376,4446.779915094376,NoButton,Move,743.06640625,648.5859375
4446.782891988754,4446.782891988754,NoButton,Move,743.06640625,647.21875
4446.791218996048,4446.791218996048,NoButton,Move,743.06640625,645.8515625
4446.799522161484,4446.799522161484,NoButton,Move,743.515625,642.2265625
4446.807657003403,4446.807657003403,NoButton,Move,744.7890625,639.25
4446.815677881241,4446.815677881241,NoButton,Move,745.69140625,635.625
4446.8241600990295,4446.8241600990295,NoButton,Move,747.046875,632.0
4446.832739114761,4446.832739114761,NoButton,Move,747.94921875,628.375
4446.841981887817,4446.841981887817,NoButton,Move,749.390625,624.046875
4446.8489990234375,4446.8489990234375,NoButton,Move,751.3125,619.71875
4446.85901594162,4446.85901594162,NoButton,Move,752.66796875,616.09375
4446.865694999695,4446.865694999695,NoButton,Move,754.109375,611.765625
4446.875710964203,4446.875710964203,NoButton,Move,755.01171875,608.140625
4446.88144993782,4446.88144993782,NoButton,Move,755.75,606.29296875
4446.892147064209,4446.892147064209,NoButton,Move,757.0234375,603.31640625
4446.897635936737,4446.897635936737,NoButton,Move,759.5625,598.73828125
4446.909435033798,4446.909435033798,NoButton,Move,760.2421875,597.37109375
4446.914171934128,4446.914171934128,NoButton,Move,760.98046875,595.5234375
4446.92663192749,4446.92663192749,NoButton,Move,762.16796875,593.140625
4446.930756807327,4446.930756807327,NoButton,Move,763.2734375,591.66015625
4446.942147016525,4446.942147016525,NoButton,Move,764.01171875,589.8125
4446.948280096054,4446.948280096054,NoButton,Move,764.3515625,588.4453125
4446.959402084351,4446.959402084351,NoButton,Move,764.71875,586.59765625
4446.963205814362,4446.963205814362,NoButton,Move,764.71875,584.75
4453.8943428993225,4453.8943428993225,NoButton,Move,764.25390625,587.28515625
4453.900996923447,4453.900996923447,NoButton,Move,763.2890625,591.609375
4453.910244941711,4453.910244941711,NoButton,Move,761.9296875,595.23046875
4453.91733622551,4453.91733622551,NoButton,Move,760.484375,599.5546875
4453.926498174667,4453.926498174667,NoButton,Move,759.6328125,602.52734375
4453.934878110886,4453.934878110886,NoButton,Move,758.35546875,605.5
4453.942526102066,4453.942526102066,NoButton,Move,756.65234375,608.046875
4453.950390100479,4453.950390100479,NoButton,Move,755.54296875,609.890625
4453.961603879929,4453.961603879929,NoButton,Move,754.43359375,611.3671875
4453.967057943344,4453.967057943344,NoButton,Move,753.32421875,612.84375
4453.975669145584,4453.975669145584,NoButton,Move,751.19921875,615.390625
4453.983817100525,4453.983817100525,NoButton,Move,749.07421875,617.51171875
4453.9918830394745,4453.9918830394745,NoButton,Move,747.0859375,619.09765625
4453.999934911728,4453.999934911728,NoButton,Move,744.703125,620.28515625
4454.007453918457,4454.007453918457,NoButton,Move,742.85546875,621.0234375
4454.016093015671,4454.016093015671,NoButton,Move,740.47265625,621.41796875
4454.0240840911865,4454.0240840911865,NoButton,Move,738.625,621.78515625
4454.032334089279,4454.032334089279,NoButton,Move,736.77734375,622.15234375
4454.040456056595,4454.040456056595,NoButton,Move,735.41015625,622.4921875
4454.048862934113,4454.048862934113,NoButton,Move,734.04296875,622.4921875
4454.057314157486,4454.057314157486,NoButton,Move,733.1015625,622.4921875
4454.065261125565,4454.065261125565,NoButton,Move,732.52734375,622.4921875
4454.0739641189575,4454.0739641189575,NoButton,Move,732.265625,622.4921875
4454.083015918732,4454.083015918732,NoButton,Move,732.00390625,622.4921875
4454.12312912941,4454.12312912941,NoButton,Move,732.23828125,622.4921875
4454.130599975586,4454.130599975586,NoButton,Move,732.80859375,622.4921875
4454.140856027603,4454.140856027603,NoButton,Move,733.06640625,622.4921875
4454.147628068924,4454.147628068924,NoButton,Move,733.32421875,622.4921875
4454.1551859378815,4454.1551859378815,NoButton,Move,733.58203125,622.75
4454.163340091705,4454.163340091705,NoButton,Move,733.58203125,623.3203125
4454.173539161682,4454.173539161682,NoButton,Move,733.58203125,623.890625
4454.179284095764,4454.179284095764,NoButton,Move,733.58203125,624.4609375
4454.1898810863495,4454.1898810863495,NoButton,Move,731.734375,625.19921875
4454.196192026138,4454.196192026138,NoButton,Move,729.3515625,625.9921875
4454.205579042435,4454.205579042435,NoButton,Move,726.375,626.4140625
4454.2125470638275,4454.2125470638275,NoButton,Move,722.75,627.31640625
4454.222309827805,4454.222309827805,NoButton,Move,718.421875,627.796875
4454.228803157806,4454.228803157806,NoButton,Move,714.09375,628.7578125
4454.236886978149,4454.236886978149,NoButton,Move,709.765625,629.23828125
4454.245079040527,4454.245079040527,NoButton,Move,705.4375,629.71875
4454.253361940384,4454.253361940384,NoButton,Move,703.0546875,630.11328125
4454.261533975601,4454.261533975601,NoButton,Move,699.4296875,630.5625
4454.269625902176,4454.269625902176,NoButton,Move,696.453125,630.984375
4454.2777009010315,4454.2777009010315,NoButton,Move,693.4765625,631.40625
4454.28625702858,4454.28625702858,NoButton,Move,691.62890625,631.7734375
4454.294187068939,4454.294187068939,NoButton,Move,690.26171875,631.7734375
4454.3035888671875,4454.3035888671875,NoButton,Move,689.3203125,631.7734375
4454.310795068741,4454.310795068741,NoButton,Move,688.74609375,632.05859375
4454.318957090378,4454.318957090378,NoButton,Move,688.171875,632.05859375
4454.327615022659,4454.327615022659,NoButton,Move,687.91015625,632.05859375
4454.559548854828,4454.559548854828,Left,Pressed,687.91015625,632.05859375
4454.675694227219,4454.675694227219,Left,Released,687.91015625,632.05859375
4454.900895118713,4454.900895118713,NoButton,Move,688.140625,632.05859375
4454.908696174622,4454.908696174622,NoButton,Move,688.3984375,632.31640625
4454.916966915131,4454.916966915131,NoButton,Move,688.65625,632.57421875
4454.924745082855,4454.924745082855,NoButton,Move,688.94140625,633.14453125
4454.933377027512,4454.933377027512,NoButton,Move,689.19921875,633.14453125
4454.941025018692,4454.941025018692,NoButton,Move,689.484375,633.71484375
4454.949460029602,4454.949460029602,NoButton,Move,689.7421875,633.97265625
4454.957846164703,4454.957846164703,NoButton,Move,690.0,634.23046875
4454.966485977173,4454.966485977173,NoButton,Move,690.2578125,634.48828125
4454.974179983139,4454.974179983139,NoButton,Move,690.515625,634.74609375
4454.982191801071,4454.982191801071,NoButton,Move,690.515625,635.00390625
4454.99849820137,4454.99849820137,NoButton,Move,690.7578125,635.24609375
4455.023463010788,4455.023463010788,NoButton,Move,690.7578125,635.484375
4455.059063196182,4455.059063196182,Left,Pressed,690.7578125,635.484375
4455.209598064423,4455.209598064423,Left,Released,690.7578125,635.484375
4455.254931926727,4455.254931926727,NoButton,Move,691.6953125,635.484375
4455.261380910873,4455.261380910873,NoButton,Move,694.046875,636.66015625
4455.269001960754,4455.269001960754,NoButton,Move,700.25390625,639.48046875
4455.27706694603,4455.27706694603,NoButton,Move,714.453125,647.3671875
4455.285102844238,4455.285102844238,NoButton,Move,727.3828125,654.2109375
4455.292927980423,4455.292927980423,NoButton,Move,740.3125,661.81640625
4455.302186965942,4455.302186965942,NoButton,Move,748.01171875,664.77734375
4455.310468912125,4455.310468912125,NoButton,Move,763.53515625,672.12890625
4455.3179631233215,4455.3179631233215,NoButton,Move,777.98828125,676.69140625
4455.3269691467285,4455.3269691467285,NoButton,Move,782.3125,677.171875
4455.334593057632,4455.334593057632,NoButton,Move,792.03515625,677.81640625
4455.3429210186005,4455.3429210186005,NoButton,Move,809.16015625,677.81640625
4455.350894212723,4455.350894212723,NoButton,Move,815.05859375,677.81640625
4455.359382152557,4455.359382152557,NoButton,Move,819.6328125,675.2734375
4455.367264986038,4455.367264986038,NoButton,Move,826.95703125,663.55078125
4462.784091949463,4462.784091949463,NoButton,Move,828.109375,663.55078125
4462.79114818573,4462.79114818573,NoButton,Move,829.953125,663.55078125
4462.7976450920105,4462.7976450920105,NoButton,Move,833.57421875,663.55078125
4462.812430858612,4462.812430858612,NoButton,Move,837.8984375,664.03125
4462.813806772232,4462.813806772232,NoButton,Move,842.22265625,664.51171875
4462.822460889816,4462.822460889816,NoButton,Move,847.3046875,664.51171875
4462.830385923386,4462.830385923386,NoButton,Move,852.38671875,664.51171875
4462.838350057602,4462.838350057602,NoButton,Move,856.7109375,664.51171875
4462.846664905548,4462.846664905548,NoButton,Move,861.79296875,664.51171875
4462.855419874191,4462.855419874191,NoButton,Move,866.875,664.51171875
4462.863548994064,4462.863548994064,NoButton,Move,871.1953125,664.51171875
4462.872690916061,4462.872690916061,NoButton,Move,875.51953125,663.546875
4462.8799040317535,4462.8799040317535,NoButton,Move,879.84375,663.0625
4462.888361930847,4462.888361930847,NoButton,Move,883.46484375,662.609375
4462.896515130997,4462.896515130997,NoButton,Move,887.0859375,662.15625
4462.905889987946,4462.905889987946,NoButton,Move,888.9296875,661.78515625
4462.912887096405,4462.912887096405,NoButton,Move,891.90234375,661.78515625
4462.922579050064,4462.922579050064,NoButton,Move,894.875,661.359375
4462.92928314209,4462.92928314209,NoButton,Move,897.25390625,661.359375
4462.938579082489,4462.938579082489,NoButton,Move,898.6171875,661.359375
4462.947154045105,4462.947154045105,NoButton,Move,899.98046875,661.359375
4462.955484867096,4462.955484867096,NoButton,Move,900.91796875,661.359375
4462.962169885635,4462.962169885635,NoButton,Move,901.48828125,661.359375
4462.97042798996,4462.97042798996,NoButton,Move,901.74609375,661.359375
4462.978590011597,4462.978590011597,NoButton,Move,902.00390625,661.359375
4462.986958026886,4462.986958026886,NoButton,Move,902.26171875,661.359375
4462.995139837265,4462.995139837265,NoButton,Move,902.51953125,661.359375
4463.003267049789,4463.003267049789,NoButton,Move,902.77734375,661.359375
4463.01936006546,4463.01936006546,NoButton,Move,902.77734375,661.6015625
4463.0279150009155,4463.0279150009155,NoButton,Move,902.77734375,661.859375
4463.060523986816,4463.060523986816,NoButton,Move,902.01953125,661.35546875
4463.06889295578,4463.06889295578,NoButton,Move,900.03125,659.765625
4463.076807975769,4463.076807975769,NoButton,Move,897.90625,657.640625
4463.085262775421,4463.085262775421,NoButton,Move,895.35546875,655.515625
4463.0933718681335,4463.0933718681335,NoButton,Move,892.63671875,652.796875
4463.10147690773,4463.10147690773,NoButton,Move,890.0859375,650.671875
4463.11075091362,4463.11075091362,NoButton,Move,887.3671875,647.953125
4463.119458198547,4463.119458198547,NoButton,Move,886.0,647.26953125
4463.1257400512695,4463.1257400512695,NoButton,Move,883.44921875,645.14453125
4463.134390115738,4463.134390115738,NoButton,Move,880.8984375,643.44140625
4463.14229798317,4463.14229798317,NoButton,Move,878.91015625,641.8515625
4463.150531768799,4463.150531768799,NoButton,Move,877.4296875,640.7421875
4463.158905982971,4463.158905982971,NoButton,Move,876.0625,640.05859375
4463.166860103607,4463.166860103607,NoButton,Move,875.12109375,639.4296875
4463.175286054611,4463.175286054611,NoButton,Move,874.546875,638.85546875
4463.183461904526,4463.183461904526,NoButton,Move,873.97265625,638.56640625
4463.1917090415955,4463.1917090415955,NoButton,Move,873.7109375,638.3046875
4463.19976401329,4463.19976401329,NoButton,Move,873.44921875,638.3046875
4463.208488941193,4463.208488941193,NoButton,Move,873.44921875,638.04296875
4463.215320825577,4463.215320825577,NoButton,Move,873.1875,638.04296875
4463.273663043976,4463.273663043976,NoButton,Move,872.94921875,638.04296875
4463.315283060074,4463.315283060074,NoButton,Move,872.94921875,637.8046875
4463.373155832291,4463.373155832291,NoButton,Move,872.7109375,637.8046875
4463.409440994263,4463.409440994263,Left,Pressed,872.7109375,637.8046875
4463.526147842407,4463.526147842407,Left,Released,872.7109375,637.8046875
4463.59282207489,4463.59282207489,NoButton,Move,873.1796875,638.7421875
4463.600761175156,4463.600761175156,NoButton,Move,875.30078125,640.86328125
4463.609055995941,4463.609055995941,NoButton,Move,878.859375,644.9296875
4463.617233037949,4463.617233037949,NoButton,Move,882.41796875,648.99609375
4463.625398159027,4463.625398159027,NoButton,Move,884.5390625,651.1171875
4463.633561849594,4463.633561849594,NoButton,Move,888.828125,655.40625
4463.641649007797,4463.641649007797,NoButton,Move,892.19140625,658.76953125
4463.6501359939575,4463.6501359939575,NoButton,Move,897.015625,662.5234375
4463.658385038376,4463.658385038376,NoButton,Move,900.859375,664.92578125
4463.6667149066925,4463.6667149066925,NoButton,Move,905.94140625,665.94140625
4463.674468994141,4463.674468994141,NoButton,Move,909.5625,665.94140625
4463.68270277977,4463.68270277977,NoButton,Move,915.4609375,665.94140625
4463.690873146057,4463.690873146057,NoButton,Move,919.08203125,664.58203125
4468.821551799774,4468.821551799774,NoButton,Move,920.46484375,665.2734375
4468.827961921692,4468.827961921692,NoButton,Move,922.84375,666.4609375
4468.83584690094,4468.83584690094,NoButton,Move,926.46484375,668.26953125
4468.8439428806305,4468.8439428806305,NoButton,Move,930.0859375,670.078125
4468.851932048798,4468.851932048798,NoButton,Move,933.25390625,672.33984375
4468.860175848007,4468.860175848007,NoButton,Move,936.421875,674.6015625
4468.868134975433,4468.868134975433,NoButton,Move,937.4453125,675.625
4468.876771211624,4468.876771211624,NoButton,Move,939.9921875,677.74609375
4468.885178804398,4468.885178804398,NoButton,Move,941.46875,679.22265625
4468.8932411670685,4468.8932411670685,NoButton,Move,942.57421875,681.06640625
4468.901180028915,4468.901180028915,NoButton,Move,943.6796875,682.91015625
4468.909536123276,4468.909536123276,NoButton,Move,944.359375,684.2734375
4468.917848825455,4468.917848825455,NoButton,Move,944.7265625,686.1171875
4468.92626786232,4468.92626786232,NoButton,Move,945.06640625,687.48046875
4468.934163093567,4468.934163093567,NoButton,Move,945.06640625,689.32421875
4468.942371845245,4468.942371845245,NoButton,Move,945.06640625,690.6875
4468.950542211533,4468.950542211533,NoButton,Move,945.06640625,692.53125
4468.958878993988,4468.958878993988,NoButton,Move,944.72265625,693.89453125
4468.967039108276,4468.967039108276,NoButton,Move,944.0390625,695.2578125
4468.975235939026,4468.975235939026,NoButton,Move,943.35546875,696.62109375
4468.983433008194,4468.983433008194,NoButton,Move,942.7265625,697.55859375
4468.991459131241,4468.991459131241,NoButton,Move,942.09765625,698.49609375
4468.999691963196,4468.999691963196,NoButton,Move,941.78125,699.43359375
4469.008251905441,4469.008251905441,NoButton,Move,941.20703125,699.71875
4469.016330957413,4469.016330957413,NoButton,Move,940.91796875,700.2890625
4469.024249792099,4469.024249792099,NoButton,Move,940.91796875,700.546875
4469.032584905624,4469.032584905624,NoButton,Move,940.65625,700.8046875
4469.049004077911,4469.049004077911,NoButton,Move,940.41015625,700.8046875
4469.10768699646,4469.10768699646,NoButton,Move,940.16796875,700.32421875
4469.1167850494385,4469.1167850494385,NoButton,Move,940.16796875,698.9609375
4469.123447179794,4469.123447179794,NoButton,Move,940.16796875,697.59375
4469.130915880203,4469.130915880203,NoButton,Move,939.82421875,696.2265625
4469.139673948288,4469.139673948288,NoButton,Move,939.48046875,694.859375
4469.14741897583,4469.14741897583,NoButton,Move,939.13671875,693.4921875
4469.156849861145,4469.156849861145,NoButton,Move,938.8203125,692.55078125
4469.163705825806,4469.163705825806,NoButton,Move,938.50390625,691.609375
4469.1730308532715,4469.1730308532715,NoButton,Move,937.875,690.66796875
4469.18017411232,4469.18017411232,NoButton,Move,937.24609375,689.7265625
4469.188345193863,4469.188345193863,NoButton,Move,935.765625,688.24609375
4469.196306943893,4469.196306943893,NoButton,Move,934.28515625,687.13671875
4469.205730199814,4469.205730199814,NoButton,Move,932.8046875,686.02734375
4469.213160037994,4469.213160037994,NoButton,Move,930.25390625,684.32421875
4469.222923994064,4469.222923994064,NoButton,Move,927.703125,682.19921875
4469.229443788528,4469.229443788528,NoButton,Move,924.53125,680.38671875
4469.239259004593,4469.239259004593,NoButton,Move,921.98046875,678.26171875
4469.245599985123,4469.245599985123,NoButton,Move,920.61328125,677.578125
4469.253978967667,4469.253978967667,NoButton,Move,918.0625,675.875
4469.262053966522,4469.262053966522,NoButton,Move,916.07421875,674.28515625
4469.270504951477,4469.270504951477,NoButton,Move,914.2265625,673.17578125
4469.278373003006,4469.278373003006,NoButton,Move,912.74609375,672.06640625
4469.288435935974,4469.288435935974,NoButton,Move,911.71875,671.0390625
4469.294770002365,4469.294770002365,NoButton,Move,910.77734375,670.41015625
4469.303395986557,4469.303395986557,NoButton,Move,910.515625,670.1484375
4469.31290602684,4469.31290602684,NoButton,Move,909.94140625,669.57421875
4469.320068836212,4469.320068836212,NoButton,Move,909.94140625,669.3125
4469.3429300785065,4469.3429300785065,Left,Pressed,909.94140625,669.3125
4469.358962059021,4469.358962059021,NoButton,Move,909.81640625,669.1875
4469.459513187408,4469.459513187408,Left,Released,909.81640625,669.1875
4469.696573019028,4469.696573019028,NoButton,Move,909.34765625,668.25390625
4469.704301118851,4469.704301118851,NoButton,Move,908.3203125,667.2265625
4469.712579965591,4469.712579965591,NoButton,Move,907.2109375,665.37890625
4469.720232963562,4469.720232963562,NoButton,Move,905.73046875,664.26953125
4469.728813171387,4469.728813171387,NoButton,Move,903.60546875,662.14453125
4469.736654996872,4469.736654996872,NoButton,Move,902.9765625,661.203125
4469.745554924011,4469.745554924011,NoButton,Move,901.12890625,660.09375
4469.75319814682,4469.75319814682,NoButton,Move,899.140625,658.50390625
4469.762329816818,4469.762329816818,NoButton,Move,897.29296875,657.76171875
4469.770239114761,4469.770239114761,NoButton,Move,895.92578125,657.078125
4469.777735948563,4469.777735948563,NoButton,Move,894.55859375,656.39453125
4469.786054849625,4469.786054849625,NoButton,Move,893.6171875,656.078125
4469.79492688179,4469.79492688179,NoButton,Move,893.04296875,655.7890625
4469.802613973618,4469.802613973618,NoButton,Move,892.46875,655.7890625
4469.8107669353485,4469.8107669353485,NoButton,Move,892.20703125,655.52734375
4469.818673849106,4469.818673849106,NoButton,Move,891.9453125,655.52734375
4469.859498977661,4469.859498977661,Left,Pressed,891.9453125,655.52734375
4469.859673976898,4469.859673976898,NoButton,Move,891.82421875,655.52734375
4469.942600011826,4469.942600011826,Left,Released,891.82421875,655.52734375
4470.195975065231,4470.195975065231,NoButton,Move,885.12890625,655.7734375
4470.203513145447,4470.203513145447,NoButton,Move,877.42578125,658.140625
4470.211644887924,4470.211644887924,NoButton,Move,866.6015625,660.16796875
4470.21920800209,4470.21920800209,NoButton,Move,855.77734375,662.1953125
4470.228226184845,4470.228226184845,NoButton,Move,843.8671875,663.59375
4470.236576080322,4470.236576080322,NoButton,Move,830.67578125,664.32421875
4470.244863033295,4470.244863033295,NoButton,Move,817.484375,665.0546875
4470.252763032913,4470.252763032913,NoButton,Move,803.02734375,665.8125
4470.260932922363,4470.260932922363,NoButton,Move,776.38671875,666.796875
4470.269070148468,4470.269070148468,NoButton,Move,763.1953125,667.52734375
4470.277412891388,4470.277412891388,NoButton,Move,738.27734375,668.484375
4470.285546064377,4470.285546064377,NoButton,Move,713.359375,668.484375
4470.293850898743,4470.293850898743,NoButton,Move,691.71484375,669.3828125
4470.302476167679,4470.302476167679,NoButton,Move,673.1171875,670.2265625
4470.3100481033325,4470.3100481033325,NoButton,Move,655.95703125,671.04296875
4470.318165063858,4470.318165063858,NoButton,Move,641.5234375,671.80078125
4470.326328039169,4470.326328039169,NoButton,Move,635.62109375,672.3359375
4470.33451795578,4470.33451795578,NoButton,Move,624.796875,673.01171875
4470.3431758880615,4470.3431758880615,NoButton,Move,617.140625,674.1875
4470.350974082947,4470.350974082947,NoButton,Move,614.1640625,674.609375
4470.358759880066,4470.358759880066,NoButton,Move,609.078125,675.625
4470.367524862289,4470.367524862289,NoButton,Move,605.46484375,676.07421875
4470.375696897507,4470.375696897507,NoButton,Move,602.48828125,676.49609375
4470.383832216263,4470.383832216263,NoButton,Move,600.640625,676.86328125
4470.392050981522,4470.392050981522,NoButton,Move,599.69921875,677.17578125
4470.400125026703,4470.400125026703,NoButton,Move,598.7578125,677.48828125
4470.408674001694,4470.408674001694,NoButton,Move,598.49609375,677.48828125
4470.4164390563965,4470.4164390563965,NoButton,Move,598.234375,677.48828125
4470.424670934677,4470.424670934677,NoButton,Move,597.97265625,677.48828125
4470.622359991074,4470.622359991074,NoButton,Move,598.203125,677.48828125
4470.622486114502,4470.622486114502,NoButton,Move,598.4609375,677.48828125
4470.62259888649,4470.62259888649,NoButton,Move,599.03125,677.48828125
4470.622691869736,4470.622691869736,NoButton,Move,599.2890625,677.2265625
4470.622740983963,4470.622740983963,NoButton,Move,599.546875,676.96484375
4470.622788906097,4470.622788906097,NoButton,Move,599.8046875,676.703125
4470.622834920883,4470.622834920883,NoButton,Move,600.0625,676.44140625
4470.6228811740875,4470.6228811740875,NoButton,Move,600.0625,676.1796875
4470.622941970825,4470.622941970825,NoButton,Move,600.0625,675.93359375
4470.623126029968,4470.623126029968,Left,Pressed,600.0625,675.93359375
4470.692191123962,4470.692191123962,Left,Released,600.0625,675.93359375
4480.410957098007,4480.410957098007,NoButton,Move,600.984375,675.69921875
4480.418532848358,4480.418532848358,NoButton,Move,602.828125,674.95703125
4480.436070919037,4480.436070919037,NoButton,Move,605.99609375,672.69140625
4480.436201095581,4480.436201095581,NoButton,Move,609.1640625,670.42578125
4480.44380402565,4480.44380402565,NoButton,Move,612.33203125,668.16015625
4480.451182126999,4480.451182126999,NoButton,Move,616.90625,665.10546875
4480.460283041,4480.460283041,NoButton,Move,621.48046875,662.05078125
4480.467700958252,4480.467700958252,NoButton,Move,630.94921875,656.63671875
4480.477126836777,4480.477126836777,NoButton,Move,638.0546875,653.08203125
4480.484256029129,4480.484256029129,NoButton,Move,645.16015625,649.52734375
4480.613662004471,4480.613662004471,NoButton,Move,649.484375,647.6015625
4480.613721847534,4480.613721847534,NoButton,Move,656.58984375,644.63671875
4480.613762140274,4480.613762140274,NoButton,Move,662.796875,641.25
4480.613801956177,4480.613801956177,NoButton,Move,668.6953125,639.1015625
4480.613842010498,4480.613842010498,NoButton,Move,674.59375,636.953125
4480.613880157471,4480.613880157471,NoButton,Move,680.4921875,635.34375
4480.613916873932,4480.613916873932,NoButton,Move,685.57421875,633.81640625
4480.613953113556,4480.613953113556,NoButton,Move,687.953125,633.41796875
4480.614003896713,4480.614003896713,NoButton,Move,694.72265625,632.2890625
4480.614041805267,4480.614041805267,NoButton,Move,696.0859375,632.2890625
4480.614086866379,4480.614086866379,NoButton,Move,699.05859375,631.86328125
4480.614124059677,4480.614124059677,NoButton,Move,701.4375,631.86328125
4480.614159822464,4480.614159822464,NoButton,Move,703.28125,631.86328125
4481.260262012482,4481.260262012482,NoButton,Move,703.28125,631.62890625
4481.269731998444,4481.269731998444,NoButton,Move,704.01953125,629.78125
4481.277262926102,4481.277262926102,NoButton,Move,706.56640625,628.078125
4481.286260128021,4481.286260128021,NoButton,Move,709.11328125,625.953125
4481.29399394989,4481.29399394989,NoButton,Move,712.28125,624.140625
4481.304005861282,4481.304005861282,NoButton,Move,716.125,621.734375
4481.311856985092,4481.311856985092,NoButton,Move,724.1875,617.390625
4481.31782412529,4481.31782412529,NoButton,Move,731.62890625,612.42578125
4481.325593948364,4481.325593948364,NoButton,Move,736.203125,609.8828125
4481.33366394043,4481.33366394043,NoButton,Move,750.40234375,601.9921875
4481.3553721904755,4481.3553721904755,NoButton,Move,759.4765625,597.453125
4481.355453014374,4481.355453014374,NoButton,Move,768.55078125,592.9140625
4481.357403039932,4481.357403039932,NoButton,Move,773.125,590.37109375
4481.366204023361,4481.366204023361,NoButton,Move,780.56640625,585.40625
4481.3745539188385,4481.3745539188385,NoButton,Move,787.671875,581.2578125
4481.382164955139,4481.382164955139,NoButton,Move,793.87890625,577.87109375
4481.391086101532,4481.391086101532,NoButton,Move,800.39453125,573.72265625
4481.398428916931,4481.398428916931,NoButton,Move,805.21875,569.96484375
4481.407732009888,4481.407732009888,NoButton,Move,807.59765625,568.7734375
4481.414777994156,4481.414777994156,NoButton,Move,811.6640625,565.71875
4481.424142837524,4481.424142837524,NoButton,Move,814.2109375,563.59375
4481.431183815002,4481.431183815002,NoButton,Move,816.92578125,560.875
4481.442556858063,4481.442556858063,NoButton,Move,818.51171875,558.88671875
4481.44758105278,4481.44758105278,NoButton,Move,820.09765625,556.8984375
4481.459096908569,4481.459096908569,NoButton,Move,820.77734375,555.53125
4481.46417093277,4481.46417093277,NoButton,Move,821.45703125,554.1640625
4481.476156949997,4481.476156949997,NoButton,Move,821.796875,552.796875
4481.480453968048,4481.480453968048,NoButton,Move,822.109375,551.85546875
4481.493083000183,4481.493083000183,NoButton,Move,822.50390625,549.47265625
4481.497031927109,4481.497031927109,NoButton,Move,822.50390625,548.8984375
4481.505209207535,4481.505209207535,NoButton,Move,822.50390625,547.53125
4481.513123989105,4481.513123989105,NoButton,Move,822.50390625,546.1640625
4481.521374940872,4481.521374940872,NoButton,Move,822.50390625,544.796875
4481.529417991638,4481.529417991638,NoButton,Move,822.50390625,543.4296875
4481.537835121155,4481.537835121155,NoButton,Move,822.50390625,542.48828125
4481.545771121979,4481.545771121979,NoButton,Move,822.50390625,541.546875
4481.554270982742,4481.554270982742,NoButton,Move,822.50390625,540.60546875
4481.56231713295,4481.56231713295,NoButton,Move,822.50390625,539.6640625
4481.570396900177,4481.570396900177,NoButton,Move,822.81640625,538.72265625
4481.57857298851,4481.57857298851,NoButton,Move,823.75390625,538.09375
4481.5868401527405,4481.5868401527405,NoButton,Move,825.1171875,537.41015625
4481.595020055771,4481.595020055771,NoButton,Move,826.48046875,536.7265625
4481.60306596756,4481.60306596756,NoButton,Move,828.859375,535.9296875
4481.611328125,4481.611328125,NoButton,Move,830.703125,535.55859375
4481.619403123856,4481.619403123856,NoButton,Move,832.06640625,535.55859375
4481.627780914307,4481.627780914307,NoButton,Move,834.4453125,535.16015625
4481.635946035385,4481.635946035385,NoButton,Move,836.82421875,534.76171875
4481.644575119019,4481.644575119019,NoButton,Move,839.203125,534.36328125
4481.652662992477,4481.652662992477,NoButton,Move,841.58203125,534.36328125
4481.660716056824,4481.660716056824,NoButton,Move,843.42578125,533.9921875
4481.669106960297,4481.669106960297,NoButton,Move,844.7890625,533.9921875
4481.677468061447,4481.677468061447,NoButton,Move,845.7265625,533.9921875
4481.685625076294,4481.685625076294,NoButton,Move,846.6640625,533.9921875
4481.6938219070435,4481.6938219070435,NoButton,Move,846.921875,533.9921875
4481.701730012894,4481.701730012894,NoButton,Move,847.1796875,533.9921875
4481.71857213974,4481.71857213974,NoButton,Move,846.93359375,533.9921875
4481.726683855057,4481.726683855057,NoButton,Move,843.30859375,533.9921875
4481.734685897827,4481.734685897827,NoButton,Move,838.22265625,533.9921875
4481.743053197861,4481.743053197861,NoButton,Move,831.44921875,533.9921875
4481.751475095749,4481.751475095749,NoButton,Move,823.75,533.9921875
4481.75926399231,4481.75926399231,NoButton,Move,818.6640625,533.9921875
4481.767598867416,4481.767598867416,NoButton,Move,810.9609375,533.9921875
4481.7754719257355,4481.7754719257355,NoButton,Move,807.984375,533.9921875
4481.78419303894,4481.78419303894,NoButton,Move,802.08203125,533.9921875
4481.792219877243,4481.792219877243,NoButton,Move,798.45703125,533.9921875
4481.800142049789,4481.800142049789,NoButton,Move,795.48046875,533.9921875
4481.808632135391,4481.808632135391,NoButton,Move,794.11328125,533.9921875
4481.816907167435,4481.816907167435,NoButton,Move,792.74609375,533.9921875
4481.824590921402,4481.824590921402,NoButton,Move,792.171875,533.9921875
4481.859779119492,4481.859779119492,NoButton,Move,794.12890625,533.9921875
4481.8662140369415,4481.8662140369415,NoButton,Move,797.1015625,533.9921875
4481.877858161926,4481.877858161926,NoButton,Move,801.42578125,533.9921875
4481.882369995117,4481.882369995117,NoButton,Move,806.5078125,533.9921875
4481.893077135086,4481.893077135086,NoButton,Move,811.58984375,533.9921875
4481.899421930313,4481.899421930313,NoButton,Move,817.48828125,533.9921875
4481.910883903503,4481.910883903503,NoButton,Move,822.5703125,533.9921875
4481.914880990982,4481.914880990982,NoButton,Move,826.89453125,533.9921875
4481.927176952362,4481.927176952362,NoButton,Move,831.9765625,533.48046875
4481.932554960251,4481.932554960251,NoButton,Move,833.8203125,533.48046875
4481.943861961365,4481.943861961365,NoButton,Move,839.71875,532.94140625
4481.947324037552,4481.947324037552,NoButton,Move,841.08203125,532.59765625
4481.961548089981,4481.961548089981,NoButton,Move,846.1640625,532.0859375
4481.963899850845,4481.963899850845,NoButton,Move,848.0078125,531.71484375
4481.971979141235,4481.971979141235,NoButton,Move,850.38671875,531.31640625
4481.981006860733,4481.981006860733,NoButton,Move,852.765625,530.91796875
4481.988707780838,4481.988707780838,NoButton,Move,855.14453125,530.12109375
4481.996318101883,4481.996318101883,NoButton,Move,856.98828125,529.75
4482.004543066025,4482.004543066025,NoButton,Move,858.3515625,529.40625
4482.0127539634705,4482.0127539634705,NoButton,Move,859.71484375,529.0625
4482.021106958389,4482.021106958389,NoButton,Move,861.078125,528.71875
4482.029069185257,4482.029069185257,NoButton,Move,862.015625,528.40234375
4482.037400007248,4482.037400007248,NoButton,Move,862.953125,528.40234375
4482.045425891876,4482.045425891876,NoButton,Move,863.5234375,528.40234375
4482.053591012955,4482.053591012955,NoButton,Move,864.09375,528.40234375
4482.061721801758,4482.061721801758,NoButton,Move,864.3515625,528.40234375
4482.069698095322,4482.069698095322,NoButton,Move,864.609375,528.40234375
4482.077968835831,4482.077968835831,NoButton,Move,864.8671875,528.140625
4482.088803768158,4482.088803768158,NoButton,Move,865.125,528.140625
4482.094612121582,4482.094612121582,NoButton,Move,865.3828125,528.140625
4482.10285115242,4482.10285115242,NoButton,Move,865.640625,528.140625
4482.1439509391785,4482.1439509391785,NoButton,Move,865.875,528.140625
4482.160528898239,4482.160528898239,NoButton,Move,866.1171875,528.140625
4482.16962313652,4482.16962313652,NoButton,Move,866.375,528.140625
4482.176722049713,4482.176722049713,NoButton,Move,866.6328125,528.140625
4482.184787034988,4482.184787034988,NoButton,Move,867.203125,528.140625
4482.194025039673,4482.194025039673,NoButton,Move,867.4609375,528.140625
4482.201406955719,4482.201406955719,NoButton,Move,867.71875,527.87890625
4482.20982003212,4482.20982003212,NoButton,Move,867.9765625,527.87890625
4482.217646121979,4482.217646121979,NoButton,Move,868.234375,527.87890625
4482.226277828217,4482.226277828217,NoButton,Move,868.4921875,527.87890625
4482.259443998337,4482.259443998337,NoButton,Move,868.7265625,527.87890625
4482.29354596138,4482.29354596138,NoButton,Move,868.9609375,527.87890625
4482.483186006546,4482.483186006546,NoButton,Move,869.19140625,527.87890625
4482.496707201004,4482.496707201004,NoButton,Move,869.43359375,527.87890625
4482.537175178528,4482.537175178528,NoButton,Move,869.66796875,527.87890625
4482.586294174194,4482.586294174194,NoButton,Move,869.90234375,527.87890625
4482.619314908981,4482.619314908981,NoButton,Move,870.13671875,527.87890625
4482.676932811737,4482.676932811737,NoButton,Move,870.37109375,527.87890625
4482.742911100388,4482.742911100388,Left,Pressed,870.37109375,527.87890625
4482.87837100029,4482.87837100029,NoButton,Move,869.9140625,527.87890625
4482.893470048904,4482.893470048904,NoButton,Move,865.84375,527.87890625
4482.90899682045,4482.90899682045,NoButton,Move,854.9765625,527.87890625
4482.926339149475,4482.926339149475,NoButton,Move,837.52734375,527.87890625
4482.942481994629,4482.942481994629,NoButton,Move,817.45703125,527.87890625
4482.960066080093,4482.960066080093,NoButton,Move,797.55078125,527.87890625
4482.975625038147,4482.975625038147,NoButton,Move,775.6015625,527.87890625
4482.992303848267,4482.992303848267,NoButton,Move,749.76953125,527.87890625
4483.009176969528,4483.009176969528,NoButton,Move,721.94921875,527.87890625
4483.026015043259,4483.026015043259,NoButton,Move,696.51171875,527.87890625
4483.042987108231,4483.042987108231,NoButton,Move,675.01953125,528.359375
4483.060272932053,4483.060272932053,NoButton,Move,657.1953125,530.34765625
4483.076194047928,4483.076194047928,NoButton,Move,643.640625,533.1953125
4483.09333896637,4483.09333896637,NoButton,Move,633.47265625,535.7578125
4483.109568119049,4483.109568119049,NoButton,Move,624.6171875,538.16015625
4483.127292871475,4483.127292871475,NoButton,Move,615.8125,540.35546875
4483.143414974213,4483.143414974213,NoButton,Move,608.6171875,541.7890625
4483.159049034119,4483.159049034119,NoButton,Move,602.82421875,542.64453125
4483.177410125732,4483.177410125732,NoButton,Move,598.05859375,543.28125
4483.194237947464,4483.194237947464,NoButton,Move,595.546875,543.484375
4483.210429906845,4483.210429906845,NoButton,Move,594.375,543.484375
4483.261208772659,4483.261208772659,NoButton,Move,593.73046875,543.484375
4483.342396020889,4483.342396020889,NoButton,Move,593.375,543.484375
4483.392272949219,4483.392272949219,NoButton,Move,593.078125,543.484375
4483.40900683403,4483.40900683403,NoButton,Move,592.21484375,543.1796875
4483.425673961639,4483.425673961639,NoButton,Move,590.63671875,542.140625
4483.442579984665,4483.442579984665,NoButton,Move,588.69140625,540.35546875
4483.458966016769,4483.458966016769,NoButton,Move,586.625,538.390625
4483.4763879776,4483.4763879776,NoButton,Move,584.73828125,536.66015625
4483.492963075638,4483.492963075638,NoButton,Move,583.37890625,535.40234375
4483.509773015976,4483.509773015976,NoButton,Move,582.46484375,534.6328125
4483.5257840156555,4483.5257840156555,NoButton,Move,581.90625,534.14453125
4483.542958021164,4483.542958021164,NoButton,Move,581.75,533.875
4483.559978961945,4483.559978961945,NoButton,Move,581.6484375,533.77734375
4483.876264095306,4483.876264095306,NoButton,Move,581.2890625,533.7578125
4483.942403793335,4483.942403793335,NoButton,Move,580.8984375,533.73046875
4483.959534168243,4483.959534168243,NoButton,Move,580.6796875,533.7265625
4483.976459980011,4483.976459980011,NoButton,Move,580.50390625,533.72265625
4484.009613037109,4484.009613037109,NoButton,Move,580.24609375,533.71875
4484.0265209674835,4484.0265209674835,NoButton,Move,579.94140625,533.71484375
4484.043188095093,4484.043188095093,NoButton,Move,579.7578125,533.71484375
4484.0601580142975,4484.0601580142975,NoButton,Move,579.625,533.44140625
4484.0766248703,4484.0766248703,NoButton,Move,579.4375,533.1640625
4484.0927748680115,4484.0927748680115,NoButton,Move,579.19140625,533.1484375
4484.11102104187,4484.11102104187,NoButton,Move,578.9375,533.015625
4484.128207921982,4484.128207921982,NoButton,Move,578.61328125,532.828125
4484.159005880356,4484.159005880356,NoButton,Move,578.23828125,532.703125
4484.177048206329,4484.177048206329,NoButton,Move,578.05859375,532.55859375
4484.2276339530945,4484.2276339530945,NoButton,Move,578.05859375,532.33984375
4484.3351628780365,4484.3351628780365,Left,Released,578.05859375,532.33984375
4484.993188858032,4484.993188858032,NoButton,Move,578.75,532.33984375
4485.0008981227875,4485.0008981227875,NoButton,Move,581.72265625,532.33984375
4485.010046005249,4485.010046005249,NoButton,Move,584.6953125,532.33984375
4485.0172290802,4485.0172290802,NoButton,Move,589.01953125,532.8203125
4485.026625156403,4485.026625156403,NoButton,Move,593.34375,534.26171875
4485.033569097519,4485.033569097519,NoButton,Move,597.66796875,536.18359375
4485.042082071304,4485.042082071304,NoButton,Move,603.56640625,538.328125
4485.0498061180115,4485.0498061180115,NoButton,Move,613.7109375,542.38671875
4485.058152914047,4485.058152914047,NoButton,Move,626.1640625,547.51171875
4485.066361188889,4485.066361188889,NoButton,Move,639.85546875,553.59765625
4485.0746738910675,4485.0746738910675,NoButton,Move,661.89453125,566.0546875
4485.08273100853,4485.08273100853,NoButton,Move,677.953125,576.1953125
4485.091011047363,4485.091011047363,NoButton,Move,686.74609375,582.95703125
4485.099065065384,4485.099065065384,NoButton,Move,703.33984375,594.3125
4485.107469081879,4485.107469081879,NoButton,Move,718.5546875,605.30078125
4485.115900039673,4485.115900039673,NoButton,Move,732.4453125,615.921875
4485.123723983765,4485.123723983765,NoButton,Move,745.06640625,626.17578125
4485.132241010666,4485.132241010666,NoButton,Move,749.35546875,630.46484375
4485.140520095825,4485.140520095825,NoButton,Move,758.51171875,638.21484375
4485.148571014404,4485.148571014404,NoButton,Move,764.71484375,645.0390625
4485.157233953476,4485.157233953476,NoButton,Move,766.8359375,647.16015625
4485.1647980213165,4485.1647980213165,NoButton,Move,770.39453125,651.2265625
4485.173740148544,4485.173740148544,NoButton,Move,772.65625,654.39453125
4485.18102312088,4485.18102312088,NoButton,Move,774.2421875,656.37890625
4485.19043302536,4485.19043302536,NoButton,Move,774.609375,658.22265625
4485.197455883026,4485.197455883026,NoButton,Move,774.94921875,659.5859375
4485.206364870071,4485.206364870071,NoButton,Move,774.94921875,661.4296875
4485.214168787003,4485.214168787003,NoButton,Move,774.6328125,662.3671875
4485.219856977463,4485.219856977463,NoButton,Move,774.6328125,662.3671875
4485.893553972244,4485.893553972244,NoButton,Move,774.86328125,662.3671875
4485.909835100174,4485.909835100174,NoButton,Move,775.10546875,662.3671875
4485.917996168137,4485.917996168137,NoButton,Move,775.36328125,662.3671875
4485.926586866379,4485.926586866379,NoButton,Move,775.62109375,662.3671875
4485.942929029465,4485.942929029465,NoButton,Move,775.86328125,662.3671875
4485.9594140052795,4485.9594140052795,NoButton,Move,776.10546875,662.3671875
4485.984174966812,4485.984174966812,NoButton,Move,776.34375,662.3671875
4485.992468118668,4485.992468118668,NoButton,Move,776.6015625,662.3671875
4486.000612974167,4486.000612974167,NoButton,Move,776.859375,662.3671875
4486.0087060928345,4486.0087060928345,NoButton,Move,777.796875,662.3671875
4486.0174651145935,4486.0174651145935,NoButton,Move,778.734375,662.3671875
4486.025043964386,4486.025043964386,NoButton,Move,780.09765625,662.3671875
4486.033236026764,4486.033236026764,NoButton,Move,782.4765625,661.96875
4486.043542146683,4486.043542146683,NoButton,Move,784.85546875,661.96875
4486.0504331588745,4486.0504331588745,NoButton,Move,788.4765625,661.96875
4486.057766914368,4486.057766914368,NoButton,Move,795.24609375,661.96875
4486.066271066666,4486.066271066666,NoButton,Move,802.015625,661.96875
4486.074784994125,4486.074784994125,NoButton,Move,809.71484375,661.96875
4486.082370042801,4486.082370042801,NoButton,Move,820.53515625,661.96875
4486.091263055801,4486.091263055801,NoButton,Move,832.51171875,661.96875
4486.098958969116,4486.098958969116,NoButton,Move,845.69921875,661.96875
4486.1077609062195,4486.1077609062195,NoButton,Move,860.15234375,661.96875
4486.117493152618,4486.117493152618,NoButton,Move,874.60546875,662.7265625
4486.12357211113,4486.12357211113,NoButton,Move,880.50390625,663.26171875
4486.131588935852,4486.131588935852,NoButton,Move,891.32421875,663.9375
4486.14017701149,4486.14017701149,NoButton,Move,894.296875,664.359375
4486.148153781891,4486.148153781891,NoButton,Move,901.06640625,664.921875
4486.156443834305,4486.156443834305,NoButton,Move,906.1484375,664.921875
4486.164381980896,4486.164381980896,NoButton,Move,909.12109375,664.921875
4486.173320055008,4486.173320055008,NoButton,Move,911.5,664.921875
4486.181848049164,4486.181848049164,NoButton,Move,911.7578125,664.921875
4486.197601079941,4486.197601079941,NoButton,Move,908.89453125,663.1328125
4486.352593898773,4486.352593898773,NoButton,Move,909.125,663.1328125
4486.360944986343,4486.360944986343,NoButton,Move,910.96875,663.1328125
4486.3691148757935,4486.3691148757935,NoButton,Move,913.34765625,663.1328125
4486.3774490356445,4486.3774490356445,NoButton,Move,916.96875,663.1328125
4486.384803771973,4486.384803771973,NoButton,Move,920.58984375,663.1328125
4486.393224954605,4486.393224954605,NoButton,Move,925.671875,663.1328125
4486.4011170864105,4486.4011170864105,NoButton,Move,929.99609375,663.61328125
4486.409262180328,4486.409262180328,NoButton,Move,935.078125,664.12109375
4486.417817831039,4486.417817831039,NoButton,Move,940.9765625,664.65625
4486.426118850708,4486.426118850708,NoButton,Move,946.05859375,665.1640625
4486.4342839717865,4486.4342839717865,NoButton,Move,951.95703125,665.69921875
4486.442496061325,4486.442496061325,NoButton,Move,957.85546875,666.234375
4486.45087313652,4486.45087313652,NoButton,Move,963.75390625,666.76953125
4486.458904027939,4486.458904027939,NoButton,Move,968.8359375,667.27734375
4486.46737909317,4486.46737909317,NoButton,Move,973.91796875,668.29296875
4486.475633859634,4486.475633859634,NoButton,Move,976.296875,668.6875
4486.483589887619,4486.483589887619,NoButton,Move,979.91796875,668.6875
4486.491654872894,4486.491654872894,NoButton,Move,982.890625,669.109375
4486.500162124634,4486.500162124634,NoButton,Move,985.26953125,669.109375
4486.508543968201,4486.508543968201,NoButton,Move,986.6328125,669.109375
4486.516326904297,4486.516326904297,NoButton,Move,987.99609375,669.109375
4486.525844097137,4486.525844097137,NoButton,Move,988.56640625,669.109375
4486.532560825348,4486.532560825348,NoButton,Move,989.13671875,669.109375
4486.540616035461,4486.540616035461,NoButton,Move,989.39453125,669.109375
4486.548940181732,4486.548940181732,NoButton,Move,989.65234375,669.109375
4486.557355165482,4486.557355165482,NoButton,Move,989.91015625,669.109375
4486.565304040909,4486.565304040909,NoButton,Move,990.16796875,669.109375
4486.5926861763,4486.5926861763,Left,Pressed,990.16796875,669.109375
4486.609079122543,4486.609079122543,NoButton,Move,990.28515625,669.109375
4486.709696054459,4486.709696054459,Left,Released,990.28515625,669.109375
4488.481262207031,4488.481262207031,NoButton,Move,990.05078125,669.109375
4488.490238904953,4488.490238904953,NoButton,Move,989.109375,669.109375
4488.497622013092,4488.497622013092,NoButton,Move,987.7421875,669.109375
4488.509959936142,4488.509959936142,NoButton,Move,985.89453125,669.109375
4488.513615846634,4488.513615846634,NoButton,Move,983.51171875,669.109375
4488.52188706398,4488.52188706398,NoButton,Move,981.12890625,668.7109375
4488.530142068863,4488.530142068863,NoButton,Move,976.80078125,667.74609375
4488.5382759571075,4488.5382759571075,NoButton,Move,972.47265625,666.30078125
4488.546681880951,4488.546681880951,NoButton,Move,963.78515625,664.4375
4488.554859161377,4488.554859161377,NoButton,Move,955.09765625,662.57421875
4488.563007116318,4488.563007116318,NoButton,Move,946.41015625,660.08984375
4488.571193218231,4488.571193218231,NoButton,Move,936.68359375,657.49609375
4488.57931804657,4488.57931804657,NoButton,Move,924.703125,654.67578125
4488.588305950165,4488.588305950165,NoButton,Move,912.72265625,651.15234375
4488.595567941666,4488.595567941666,NoButton,Move,898.265625,646.5859375
4488.6037809848785,4488.6037809848785,NoButton,Move,884.5703125,641.2578125
4488.6119430065155,4488.6119430065155,NoButton,Move,871.37890625,636.859375
4488.620227813721,4488.620227813721,NoButton,Move,857.68359375,631.53125
4488.628366947174,4488.628366947174,NoButton,Move,852.59765625,630.00390625
4488.63663482666,4488.63663482666,NoButton,Move,842.44921875,625.94140625
4488.645066022873,4488.645066022873,NoButton,Move,833.76171875,623.45703125
4488.653549194336,4488.653549194336,NoButton,Move,826.98828125,621.19921875
4488.6615381240845,4488.6615381240845,NoButton,Move,821.0859375,619.05078125
4488.6706199646,4488.6706199646,NoButton,Move,816.0,618.03125
4488.679174900055,4488.679174900055,NoButton,Move,811.671875,617.06640625
4489.087301015854,4489.087301015854,NoButton,Move,811.4375,617.06640625
4489.095426082611,4489.095426082611,NoButton,Move,809.0546875,617.06640625
4489.103423118591,4489.103423118591,NoButton,Move,806.671875,616.66796875
4489.111578941345,4489.111578941345,NoButton,Move,803.046875,615.76171875
4489.11980009079,4489.11980009079,NoButton,Move,799.421875,614.85546875
4489.12800693512,4489.12800693512,NoButton,Move,795.09375,613.890625
4489.136303901672,4489.136303901672,NoButton,Move,789.19140625,612.81640625
4489.144376039505,4489.144376039505,NoButton,Move,783.2890625,611.7421875
4489.152810096741,4489.152810096741,NoButton,Move,777.38671875,610.1328125
4489.160758972168,4489.160758972168,NoButton,Move,770.61328125,609.00390625
4489.168793916702,4489.168793916702,NoButton,Move,763.83984375,607.875
4489.177206039429,4489.177206039429,NoButton,Move,757.9375,606.265625
4489.185152053833,4489.185152053833,NoButton,Move,752.03515625,605.19140625
4489.193524122238,4489.193524122238,NoButton,Move,746.1328125,603.58203125
4489.20207118988,4489.20207118988,NoButton,Move,741.046875,601.546875
4489.209814071655,4489.209814071655,NoButton,Move,735.9609375,600.01953125
4489.218048095703,4489.218048095703,NoButton,Move,730.05859375,598.41015625
4489.226206064224,4489.226206064224,NoButton,Move,724.97265625,596.375
4489.23548913002,4489.23548913002,NoButton,Move,719.88671875,594.33984375
4489.242803096771,4489.242803096771,NoButton,Move,715.55859375,593.375
4489.2526478767395,4489.2526478767395,NoButton,Move,711.23046875,591.9296875
4489.259395837784,4489.259395837784,NoButton,Move,708.84765625,591.1328125
4489.269123077393,4489.269123077393,NoButton,Move,705.87109375,590.28125
4489.275629043579,4489.275629043579,NoButton,Move,702.24609375,588.921875
4489.283837080002,4489.283837080002,NoButton,Move,699.26953125,588.0703125
4489.291773080826,4489.291773080826,NoButton,Move,695.64453125,587.1640625
4489.800195217133,4489.800195217133,NoButton,Move,694.48046875,587.1640625
4489.807868003845,4489.807868003845,NoButton,Move,692.09765625,587.1640625
4489.816765069962,4489.816765069962,NoButton,Move,689.71484375,587.1640625
4489.82432103157,4489.82432103157,NoButton,Move,686.73828125,587.1640625
4489.834100961685,4489.834100961685,NoButton,Move,683.11328125,587.1640625
4489.843642950058,4489.843642950058,NoButton,Move,678.78515625,587.1640625
4489.851516008377,4489.851516008377,NoButton,Move,673.69921875,587.1640625
4489.860113859177,4489.860113859177,NoButton,Move,669.37109375,587.1640625
4489.866891145706,4489.866891145706,NoButton,Move,664.28515625,587.1640625
4489.87754201889,4489.87754201889,NoButton,Move,659.95703125,587.1640625
4489.8833360672,4489.8833360672,NoButton,Move,654.87109375,587.1640625
4489.893704891205,4489.893704891205,NoButton,Move,650.54296875,586.6796875
4489.897802114487,4489.897802114487,NoButton,Move,646.21484375,586.6796875
4489.90985918045,4489.90985918045,NoButton,Move,641.88671875,586.1953125
4489.91420507431,4489.91420507431,NoButton,Move,637.55859375,585.7109375
4489.925278902054,4489.925278902054,NoButton,Move,633.93359375,585.2578125
4489.9320640563965,4489.9320640563965,NoButton,Move,629.60546875,584.7734375
4489.942944049835,4489.942944049835,NoButton,Move,625.98046875,584.3203125
4489.946859121323,4489.946859121323,NoButton,Move,622.35546875,584.3203125
4489.955965995789,4489.955965995789,NoButton,Move,618.73046875,584.3203125
4489.963145017624,4489.963145017624,NoButton,Move,615.10546875,583.8671875
4489.971639156342,4489.971639156342,NoButton,Move,612.12890625,583.8671875
4489.979403972626,4489.979403972626,NoButton,Move,608.50390625,583.8671875
4489.987660169601,4489.987660169601,NoButton,Move,607.13671875,583.8671875
4489.99600315094,4489.99600315094,NoButton,Move,604.16015625,583.8671875
4490.004085063934,4490.004085063934,NoButton,Move,601.18359375,583.8671875
4490.012398958206,4490.012398958206,NoButton,Move,599.3359375,583.8671875
4490.020668029785,4490.020668029785,NoButton,Move,596.953125,583.8671875
4490.029358863831,4490.029358863831,NoButton,Move,595.10546875,583.8671875
4490.0370581150055,4490.0370581150055,NoButton,Move,593.73828125,583.8671875
4490.045006036758,4490.045006036758,NoButton,Move,592.796875,583.8671875
4490.053148984909,4490.053148984909,NoButton,Move,591.4296875,583.8671875
4490.0614149570465,4490.0614149570465,NoButton,Move,590.48828125,583.8671875
4490.069492101669,4490.069492101669,NoButton,Move,589.9140625,583.8671875
4490.077853918076,4490.077853918076,NoButton,Move,588.97265625,583.8671875
4490.086046934128,4490.086046934128,NoButton,Move,588.3984375,583.8671875
4490.094155073166,4490.094155073166,NoButton,Move,587.45703125,583.55078125
4490.102786064148,4490.102786064148,NoButton,Move,586.8828125,583.55078125
4490.112541913986,4490.112541913986,NoButton,Move,586.30859375,583.26171875
4490.120271921158,4490.120271921158,NoButton,Move,585.3671875,582.9453125
4490.126908063889,4490.126908063889,NoButton,Move,584.79296875,582.65625
4490.135549068451,4490.135549068451,NoButton,Move,584.21875,582.65625
4490.14355301857,4490.14355301857,NoButton,Move,583.64453125,582.3671875
4490.152150154114,4490.152150154114,NoButton,Move,582.703125,582.05078125
4490.159963846207,4490.159963846207,NoButton,Move,582.12890625,582.05078125
4490.168313026428,4490.168313026428,NoButton,Move,581.5546875,581.76171875
4490.176716089249,4490.176716089249,NoButton,Move,580.61328125,581.76171875
4490.184412956238,4490.184412956238,NoButton,Move,580.0390625,581.47265625
4490.1927309036255,4490.1927309036255,NoButton,Move,579.09765625,581.47265625
4490.201091766357,4490.201091766357,NoButton,Move,578.5234375,581.18359375
4490.208904981613,4490.208904981613,NoButton,Move,577.94921875,581.18359375
4490.216885089874,4490.216885089874,NoButton,Move,577.6875,581.18359375
4490.225054979324,4490.225054979324,NoButton,Move,577.11328125,581.18359375
4490.233277082443,4490.233277082443,NoButton,Move,576.8515625,581.18359375
4490.692259788513,4490.692259788513,Left,Pressed,576.8515625,581.18359375
4490.892303943634,4490.892303943634,NoButton,Move,577.3046875,581.18359375
4490.909048080444,4490.909048080444,NoButton,Move,579.18359375,581.18359375
4490.92583823204,4490.92583823204,NoButton,Move,584.1328125,581.18359375
4490.94243311882,4490.94243311882,NoButton,Move,591.8828125,581.18359375
4490.959041118622,4490.959041118622,NoButton,Move,601.80078125,581.18359375
4490.976044178009,4490.976044178009,NoButton,Move,613.18359375,581.18359375
4490.9933540821075,4490.9933540821075,NoButton,Move,624.46875,581.18359375
4491.009701967239,4491.009701967239,NoButton,Move,634.9921875,581.18359375
4491.026210069656,4491.026210069656,NoButton,Move,644.69921875,581.18359375
4491.043235778809,4491.043235778809,NoButton,Move,654.2578125,581.18359375
4491.059475898743,4491.059475898743,NoButton,Move,663.8125,581.18359375
4491.076850891113,4491.076850891113,NoButton,Move,673.0078125,581.18359375
4491.093708992004,4491.093708992004,NoButton,Move,680.94921875,581.18359375
4491.110231161118,4491.110231161118,NoButton,Move,687.71484375,581.18359375
4491.126528978348,4491.126528978348,NoButton,Move,693.46875,581.18359375
4491.143640041351,4491.143640041351,NoButton,Move,697.22265625,581.18359375
4491.159098863602,4491.159098863602,NoButton,Move,699.0078125,581.18359375
4491.175536870956,4491.175536870956,NoButton,Move,699.8359375,581.18359375
4491.377196073532,4491.377196073532,NoButton,Move,700.0078125,581.18359375
4491.392549991608,4491.392549991608,NoButton,Move,699.84765625,581.18359375
4491.408998012543,4491.408998012543,NoButton,Move,699.69140625,581.18359375
4491.42575097084,4491.42575097084,NoButton,Move,699.4765625,581.18359375
4491.459190130234,4491.459190130234,NoButton,Move,699.2109375,581.18359375
4491.493493080139,4491.493493080139,NoButton,Move,698.87890625,581.18359375
4491.509948968887,4491.509948968887,NoButton,Move,698.58984375,581.18359375
4491.527161836624,4491.527161836624,NoButton,Move,698.34375,581.18359375
4491.543335914612,4491.543335914612,NoButton,Move,697.95703125,581.18359375
4491.5596139431,4491.5596139431,NoButton,Move,697.4375,581.18359375
4491.576155900955,4491.576155900955,NoButton,Move,697.04296875,581.18359375
4491.594548940659,4491.594548940659,NoButton,Move,696.65234375,581.18359375
4491.609187841415,4491.609187841415,NoButton,Move,696.1328125,581.18359375
4491.6258020401,4491.6258020401,NoButton,Move,695.60546875,581.18359375
4491.642910957336,4491.642910957336,NoButton,Move,695.0625,581.3125
4491.659593105316,4491.659593105316,NoButton,Move,694.37890625,581.453125
4491.675783872604,4491.675783872604,NoButton,Move,693.703125,581.59765625
4491.692504167557,4491.692504167557,NoButton,Move,693.19921875,581.83984375
4491.70908498764,4491.70908498764,NoButton,Move,692.87109375,581.94921875
4491.725867033005,4491.725867033005,NoButton,Move,692.75,582.078125
4492.092500925064,4492.092500925064,Left,Released,692.75,582.078125
4492.779708862305,4492.779708862305,NoButton,Move,692.98046875,582.078125
4492.78747010231,4492.78747010231,NoButton,Move,695.359375,582.078125
4492.795655965805,4492.795655965805,NoButton,Move,698.98046875,582.078125
4492.803807020187,4492.803807020187,NoButton,Move,702.6015625,582.98046875
4492.812017917633,4492.812017917633,NoButton,Move,706.22265625,584.3359375
4492.8201649188995,4492.8201649188995,NoButton,Move,710.546875,585.296875
4492.828430891037,4492.828430891037,NoButton,Move,717.65234375,588.2578125
4492.836626052856,4492.836626052856,NoButton,Move,726.3359375,590.73828125
4492.845032930374,4492.845032930374,NoButton,Move,735.01953125,593.83984375
4492.852957010269,4492.852957010269,NoButton,Move,745.83984375,597.21875
4492.861246109009,4492.861246109009,NoButton,Move,758.29296875,601.61328125
4492.869391918182,4492.869391918182,NoButton,Move,771.48046875,606.0078125
4492.877561092377,4492.877561092377,NoButton,Move,785.93359375,610.5703125
4492.885802030563,4492.885802030563,NoButton,Move,800.38671875,615.1328125
4492.893980979919,4492.893980979919,NoButton,Move,816.1640625,619.86328125
4492.902433156967,4492.902433156967,NoButton,Move,831.15234375,625.3828125
4492.910571098328,4492.910571098328,NoButton,Move,845.60546875,629.18359375
4492.918459892273,4492.918459892273,NoButton,Move,851.50390625,631.328125
4492.926943063736,4492.926943063736,NoButton,Move,863.48046875,634.14453125
4492.933917045593,4492.933917045593,NoButton,Move,863.48046875,634.14453125
4492.9853410720825,4492.9853410720825,NoButton,Move,874.30078125,636.84765625
4492.985388040543,4492.985388040543,NoButton,Move,882.984375,638.70703125
4492.98543214798,4492.98543214798,NoButton,Move,889.75390625,640.3984375
4492.985460996628,4492.985460996628,NoButton,Move,892.1328125,640.79296875
4492.985487937927,4492.985487937927,NoButton,Move,896.45703125,641.2734375
4492.985513925552,4492.985513925552,NoButton,Move,899.4296875,641.6953125
4492.985539197922,4492.985539197922,NoButton,Move,901.80859375,642.08984375
4492.992406129837,4492.992406129837,NoButton,Move,903.65234375,642.08984375
4493.001201868057,4493.001201868057,NoButton,Move,904.58984375,642.08984375
4493.015125989914,4493.015125989914,NoButton,Move,905.16015625,642.08984375
4493.017771959305,4493.017771959305,NoButton,Move,905.73046875,642.08984375
4493.025474071503,4493.025474071503,NoButton,Move,905.98828125,642.08984375
4493.0333869457245,4493.0333869457245,NoButton,Move,905.98828125,641.1484375
4493.041348934174,4493.041348934174,NoButton,Move,905.98828125,640.20703125
4493.049527168274,4493.049527168274,NoButton,Move,905.3046875,638.83984375
4493.082103013992,4493.082103013992,NoButton,Move,904.67578125,637.8984375
4493.082165002823,4493.082165002823,NoButton,Move,903.6484375,636.87109375
4493.082424163818,4493.082424163818,NoButton,Move,903.07421875,636.296875
4493.082574129105,4493.082574129105,NoButton,Move,902.78515625,635.72265625
4493.110595941544,4493.110595941544,NoButton,Move,902.2109375,635.43359375
4493.110666036606,4493.110666036606,NoButton,Move,902.2109375,634.859375
4493.13151216507,4493.13151216507,NoButton,Move,902.4453125,634.859375
4493.139777183533,4493.139777183533,NoButton,Move,904.82421875,634.859375
4493.147767066956,4493.147767066956,NoButton,Move,907.203125,636.046875
4493.156536102295,4493.156536102295,NoButton,Move,910.82421875,637.85546875
4493.164208889008,4493.164208889008,NoButton,Move,915.1484375,639.77734375
4493.173053026199,4493.173053026199,NoButton,Move,920.23046875,641.80859375
4493.180510044098,4493.180510044098,NoButton,Move,930.375,646.54296875
4493.189837217331,4493.189837217331,NoButton,Move,938.07421875,649.50390625
4493.196868896484,4493.196868896484,NoButton,Move,941.6953125,650.859375
4493.205038785934,4493.205038785934,NoButton,Move,949.7578125,654.578125
4493.213202953339,4493.213202953339,NoButton,Move,962.9453125,658.97265625
4493.221582889557,4493.221582889557,NoButton,Move,971.0078125,662.69140625
4493.229598999023,4493.229598999023,NoButton,Move,976.08984375,663.70703125
4493.237853050232,4493.237853050232,NoButton,Move,983.7890625,666.66796875
4493.246190786362,4493.246190786362,NoButton,Move,990.55859375,668.921875
4493.254302024841,4493.254302024841,NoButton,Move,997.328125,671.17578125
4493.262454986572,4493.262454986572,NoButton,Move,1003.2265625,672.78125
4493.270622014999,4493.270622014999,NoButton,Move,1005.0703125,673.51953125
4493.278707027435,4493.278707027435,NoButton,Move,1009.39453125,674.9609375
4493.286957025528,4493.286957025528,NoButton,Move,1013.015625,675.86328125
4493.295099020004,4493.295099020004,NoButton,Move,1015.98828125,676.7109375
4493.303566932678,4493.303566932678,NoButton,Move,1018.3671875,677.50390625
4493.311656951904,4493.311656951904,NoButton,Move,1020.2109375,677.87109375
4493.319884061813,4493.319884061813,NoButton,Move,1021.1484375,678.18359375
4493.3278868198395,4493.3278868198395,NoButton,Move,1022.0859375,678.49609375
4495.309277057648,4495.309277057648,NoButton,Move,1023.0078125,678.49609375
4495.313998937607,4495.313998937607,NoButton,Move,1023.9453125,678.49609375
4495.318295001984,4495.318295001984,NoButton,Move,1024.515625,678.49609375
4495.326778888702,4495.326778888702,NoButton,Move,1025.453125,678.49609375
4495.334735870361,4495.334735870361,NoButton,Move,1026.0234375,678.49609375
4495.345482110977,4495.345482110977,NoButton,Move,1026.59375,678.49609375
4495.351278066635,4495.351278066635,NoButton,Move,1026.8515625,678.49609375
4495.358991861343,4495.358991861343,NoButton,Move,1027.109375,678.75390625
4495.367779970169,4495.367779970169,NoButton,Move,1027.3671875,678.75390625
4495.37590098381,4495.37590098381,NoButton,Move,1027.3671875,679.01171875
4495.400142908096,4495.400142908096,NoButton,Move,1027.3671875,679.25
4495.408367872238,4495.408367872238,NoButton,Move,1027.3671875,679.5078125
4495.41644692421,4495.41644692421,NoButton,Move,1026.0,679.84765625
4495.4246301651,4495.4246301651,NoButton,Move,1024.15234375,680.21484375
4495.433082818985,4495.433082818985,NoButton,Move,1020.52734375,680.6640625
4495.441220998764,4495.441220998764,NoButton,Move,1013.75390625,680.6640625
4495.449096918106,4495.449096918106,NoButton,Move,1006.98046875,680.6640625
4495.457361936569,4495.457361936569,NoButton,Move,997.25390625,680.6640625
4495.468797922134,4495.468797922134,NoButton,Move,985.2734375,680.6640625
4495.473788976669,4495.473788976669,NoButton,Move,972.08203125,680.6640625
4495.482054948807,4495.482054948807,NoButton,Move,957.625,680.6640625
4495.62668299675,4495.62668299675,NoButton,Move,940.46484375,680.6640625
4495.626829147339,4495.626829147339,NoButton,Move,921.8671875,680.6640625
4495.6269319057465,4495.6269319057465,NoButton,Move,903.26953125,680.6640625
4495.6270270347595,4495.6270270347595,NoButton,Move,884.671875,680.6640625
4495.6270961761475,4495.6270961761475,NoButton,Move,866.07421875,680.6640625
4495.627129793167,4495.627129793167,NoButton,Move,848.9140625,680.6640625
4495.62716293335,4495.62716293335,NoButton,Move,833.1328125,682.23828125
4495.627197027206,4495.627197027206,NoButton,Move,818.67578125,684.51953125
4495.627231121063,4495.627231121063,NoButton,Move,812.7734375,685.0546875
4495.627281904221,4495.627281904221,NoButton,Move,800.79296875,686.4609375
4495.627315998077,4495.627315998077,NoButton,Move,792.10546875,687.69921875
4495.627350091934,4495.627350091934,NoButton,Move,783.41796875,688.31640625
4495.627384185791,4495.627384185791,NoButton,Move,775.71875,688.90625
4495.932976961136,4495.932976961136,NoButton,Move,775.484375,688.90625
4495.940937042236,4495.940937042236,NoButton,Move,772.93359375,690.60546875
4495.949376106262,4495.949376106262,NoButton,Move,770.95703125,692.18359375
4495.958760023117,4495.958760023117,NoButton,Move,768.40625,693.8828125
4495.965172052383,4495.965172052383,NoButton,Move,764.78125,695.23828125
4495.973448038101,4495.973448038101,NoButton,Move,761.15625,696.59375
4495.981486797333,4495.981486797333,NoButton,Move,753.453125,698.9609375
4495.990601062775,4495.990601062775,NoButton,Move,744.765625,700.8203125
4495.99808382988,4495.99808382988,NoButton,Move,733.94140625,702.84765625
4496.007327079773,4496.007327079773,NoButton,Move,721.9609375,704.9609375
4496.015474081039,4496.015474081039,NoButton,Move,708.76953125,706.42578125
4496.02365398407,4496.02365398407,NoButton,Move,694.3125,708.70703125
4496.03071308136,4496.03071308136,NoButton,Move,678.53125,710.28125
4496.039350032806,4496.039350032806,NoButton,Move,664.0859375,712.55859375
4496.048014163971,4496.048014163971,NoButton,Move,657.3125,713.68359375
4496.05565404892,4496.05565404892,NoButton,Move,645.33203125,715.796875
4496.063647031784,4496.063647031784,NoButton,Move,635.60546875,717.73828125
4496.074321985245,4496.074321985245,NoButton,Move,626.91796875,718.9765625
4496.080049991608,4496.080049991608,NoButton,Move,619.21484375,720.75
4496.089154005051,4496.089154005051,NoButton,Move,616.83203125,721.14453125
4496.096244096756,4496.096244096756,NoButton,Move,612.50390625,722.5859375
4496.106083154678,4496.106083154678,NoButton,Move,608.87890625,723.48828125
4496.11589884758,4496.11589884758,NoButton,Move,605.90234375,723.91015625
4496.123212099075,4496.123212099075,NoButton,Move,604.0546875,724.6484375
4496.129145860672,4496.129145860672,NoButton,Move,602.20703125,725.015625
4496.137176036835,4496.137176036835,NoButton,Move,601.265625,725.328125
4496.146769046783,4496.146769046783,NoButton,Move,600.32421875,725.640625
4496.153402805328,4496.153402805328,NoButton,Move,599.3828125,725.953125
4496.161244869232,4496.161244869232,NoButton,Move,598.80859375,726.23828125
4496.169720172882,4496.169720172882,NoButton,Move,598.234375,726.23828125
4496.177828788757,4496.177828788757,NoButton,Move,597.97265625,726.49609375
4496.186180830002,4496.186180830002,NoButton,Move,597.7109375,726.49609375
4496.194154024124,4496.194154024124,NoButton,Move,597.44921875,726.49609375
4496.210605144501,4496.210605144501,NoButton,Move,597.203125,726.49609375
4496.251932859421,4496.251932859421,NoButton,Move,596.96484375,726.49609375
4496.2679879665375,4496.2679879665375,NoButton,Move,596.4453125,726.49609375
4496.27618598938,4496.27618598938,NoButton,Move,595.87109375,726.49609375
4496.284481048584,4496.284481048584,NoButton,Move,594.50390625,726.49609375
4496.292722940445,4496.292722940445,NoButton,Move,593.13671875,725.8125
4496.302629947662,4496.302629947662,NoButton,Move,590.75390625,724.62109375
4496.310555934906,4496.310555934906,NoButton,Move,588.203125,722.49609375
4496.3185250759125,4496.3185250759125,NoButton,Move,585.03125,720.68359375
4496.325493097305,4496.325493097305,NoButton,Move,580.9609375,717.62890625
4496.333968877792,4496.333968877792,NoButton,Move,577.11328125,715.22265625
4496.341948032379,4496.341948032379,NoButton,Move,575.265625,714.11328125
4496.350158929825,4496.350158929825,NoButton,Move,572.09375,712.30078125
4496.35836815834,4496.35836815834,NoButton,Move,569.1171875,711.0234375
4496.366563796997,4496.366563796997,NoButton,Move,567.26953125,709.9140625
4496.3861792087555,4496.3861792087555,NoButton,Move,565.421875,708.8046875
4496.386280059814,4496.386280059814,NoButton,Move,564.0546875,708.12109375
4496.391012907028,4496.391012907028,NoButton,Move,563.48046875,707.83203125
4496.399271965027,4496.399271965027,NoButton,Move,562.90625,707.54296875
4496.407336950302,4496.407336950302,NoButton,Move,562.33203125,707.25390625
4496.4155650138855,4496.4155650138855,NoButton,Move,562.0703125,707.25390625
4496.423695802689,4496.423695802689,NoButton,Move,562.0703125,706.9921875
4496.431895017624,4496.431895017624,NoButton,Move,562.0703125,706.73046875
4496.440047979355,4496.440047979355,NoButton,Move,562.0703125,706.15625
4496.448214054108,4496.448214054108,NoButton,Move,562.0703125,705.58203125
4496.456480026245,4496.456480026245,NoButton,Move,562.0703125,704.640625
4496.464590787888,4496.464590787888,NoButton,Move,562.0703125,702.79296875
4496.472795963287,4496.472795963287,NoButton,Move,562.0703125,700.41015625
4496.481052875519,4496.481052875519,NoButton,Move,562.0703125,695.32421875
4496.490250110626,4496.490250110626,NoButton,Move,562.55078125,690.99609375
4497.678442001343,4497.678442001343,NoButton,Move,562.78125,690.99609375
4497.684579133987,4497.684579133987,NoButton,Move,564.14453125,690.99609375
4497.69278383255,4497.69278383255,NoButton,Move,565.5078125,690.99609375
4497.700423002243,4497.700423002243,NoButton,Move,566.87109375,690.99609375
4497.714563846588,4497.714563846588,NoButton,Move,569.25,690.99609375
4497.7166311740875,4497.7166311740875,NoButton,Move,571.09375,690.99609375
4497.724939107895,4497.724939107895,NoButton,Move,574.71484375,690.99609375
4497.7331211566925,4497.7331211566925,NoButton,Move,577.6875,690.99609375
4497.741263866425,4497.741263866425,NoButton,Move,579.05078125,690.99609375
4497.749397039413,4497.749397039413,NoButton,Move,583.375,690.03125
4497.757707118988,4497.757707118988,NoButton,Move,585.21875,689.66015625
4497.76585817337,4497.76585817337,NoButton,Move,587.59765625,689.26171875
4497.773936033249,4497.773936033249,NoButton,Move,589.9765625,688.46484375
4497.78256893158,4497.78256893158,NoButton,Move,592.35546875,688.06640625
4497.790551185608,4497.790551185608,NoButton,Move,594.19921875,687.6953125
4497.798887968063,4497.798887968063,NoButton,Move,596.04296875,687.32421875
4497.806949853897,4497.806949853897,NoButton,Move,597.40625,686.98046875
4497.815371990204,4497.815371990204,NoButton,Move,598.34375,686.6640625
4497.823529005051,4497.823529005051,NoButton,Move,599.28125,686.34765625
4497.831758975983,4497.831758975983,NoButton,Move,599.8515625,686.34765625
4497.852295875549,4497.852295875549,NoButton,Move,600.421875,686.05859375
4497.852828025818,4497.852828025818,NoButton,Move,600.6796875,686.05859375
4497.856431007385,4497.856431007385,NoButton,Move,600.9375,686.05859375
4497.8652448654175,4497.8652448654175,NoButton,Move,601.1953125,685.796875
4497.87290096283,4497.87290096283,NoButton,Move,601.453125,685.796875
4497.909668922424,4497.909668922424,Left,Pressed,601.453125,685.796875
4498.0932240486145,4498.0932240486145,Left,Released,601.453125,685.796875
4498.24156498909,4498.24156498909,NoButton,Move,602.1484375,685.796875
4498.249345064163,4498.249345064163,NoButton,Move,603.9921875,686.53515625
4498.258177042007,4498.258177042007,NoButton,Move,606.95703125,687.8046875
4498.265977144241,4498.265977144241,NoButton,Move,612.3203125,691.01953125
4498.2736258506775,4498.2736258506775,NoButton,Move,617.40234375,693.05078125
4498.281965017319,4498.281965017319,NoButton,Move,624.5078125,696.6015625
4498.29009103775,4498.29009103775,NoButton,Move,632.20703125,699.5625
4498.298950910568,4498.298950910568,NoButton,Move,640.890625,702.6640625
4498.30920290947,4498.30920290947,NoButton,Move,651.03515625,706.72265625
4498.314906835556,4498.314906835556,NoButton,Move,659.71875,709.82421875
4498.332201957703,4498.332201957703,NoButton,Move,668.40234375,712.3046875
4498.332271814346,4498.332271814346,NoButton,Move,673.484375,713.3203125
4498.339793920517,4498.339793920517,NoButton,Move,681.18359375,713.91015625
4498.347683191299,4498.347683191299,NoButton,Move,688.8828125,713.91015625
4500.2304899692535,4500.2304899692535,NoButton,Move,688.8828125,713.4453125
4500.238457202911,4500.238457202911,NoButton,Move,688.8828125,711.0625
4500.2465851306915,4500.2465851306915,NoButton,Move,688.8828125,708.6796875
4500.254805088043,4500.254805088043,NoButton,Move,688.8828125,705.0546875
4500.26296710968,4500.26296710968,NoButton,Move,688.8828125,701.4296875
4500.271417856216,4500.271417856216,NoButton,Move,688.8828125,696.34375
4500.279380083084,4500.279380083084,NoButton,Move,688.8828125,692.015625
4500.287592887878,4500.287592887878,NoButton,Move,688.8828125,686.9296875
4500.295762062073,4500.295762062073,NoButton,Move,688.8828125,682.6015625
4500.304016828537,4500.304016828537,NoButton,Move,688.3984375,678.2734375
4500.312233924866,4500.312233924866,NoButton,Move,687.65625,676.42578125
4500.320318937302,4500.320318937302,NoButton,Move,686.8046875,673.44921875
4500.328591823578,4500.328591823578,NoButton,Move,685.52734375,670.47265625
4500.336863994598,4500.336863994598,NoButton,Move,684.73046875,668.08984375
4500.345074892044,4500.345074892044,NoButton,Move,683.93359375,665.70703125
4500.353142023087,4500.353142023087,NoButton,Move,683.19140625,663.859375
4500.361379146576,4500.361379146576,NoButton,Move,682.08203125,662.01171875
4500.369495153427,4500.369495153427,NoButton,Move,680.97265625,660.53125
4500.377751111984,4500.377751111984,NoButton,Move,679.86328125,659.05078125
4500.385785102844,4500.385785102844,NoButton,Move,677.73828125,656.92578125
4500.3941860198975,4500.3941860198975,NoButton,Move,675.76171875,655.34375
4500.402239084244,4500.402239084244,NoButton,Move,672.58984375,653.53125
4500.410489082336,4500.410489082336,NoButton,Move,668.7421875,651.125
4500.418596982956,4500.418596982956,NoButton,Move,661.6328125,646.9765625
4500.426926851273,4500.426926851273,NoButton,Move,654.5234375,643.421875
4500.43501496315,4500.43501496315,NoButton,Move,647.4140625,639.8671875
4500.443478107452,4500.443478107452,NoButton,Move,643.0859375,638.421875
4500.451415061951,4500.451415061951,NoButton,Move,635.9765625,635.45703125
4500.459728002548,4500.459728002548,NoButton,Move,628.2734375,633.6796875
4500.46782207489,4500.46782207489,NoButton,Move,621.5,631.984375
4500.4760620594025,4500.4760620594025,NoButton,Move,613.796875,630.20703125
4500.484255075455,4500.484255075455,NoButton,Move,607.89453125,629.66796875
4500.606867074966,4500.606867074966,NoButton,Move,601.12109375,628.5390625
4500.607142925262,4500.607142925262,NoButton,Move,596.03515625,628.02734375
4500.6071989536285,4500.6071989536285,NoButton,Move,590.94921875,628.02734375
4500.60723900795,4500.60723900795,NoButton,Move,585.86328125,627.515625
4500.6072771549225,4500.6072771549225,NoButton,Move,581.53515625,626.55078125
4500.607313871384,4500.607313871384,NoButton,Move,577.91015625,625.19140625
4500.607350111008,4500.607350111008,NoButton,Move,574.73828125,623.37890625
4500.60738992691,4500.60738992691,NoButton,Move,573.2578125,622.26953125
4500.607447147369,4500.607447147369,NoButton,Move,570.70703125,620.56640625
4500.6075620651245,4500.6075620651245,NoButton,Move,568.71875,618.9765625
4500.60764503479,4500.60764503479,NoButton,Move,567.23828125,617.49609375
4500.607768774033,4500.607768774033,NoButton,Move,565.7578125,616.38671875
4500.607805967331,4500.607805967331,NoButton,Move,564.73046875,615.359375
4500.607864141464,4500.607864141464,NoButton,Move,564.1015625,614.41796875
4500.886187076569,4500.886187076569,NoButton,Move,563.8671875,614.41796875
4500.894224882126,4500.894224882126,NoButton,Move,562.01953125,614.41796875
4500.904186964035,4500.904186964035,NoButton,Move,561.078125,614.41796875
4500.910706996918,4500.910706996918,NoButton,Move,558.6953125,614.41796875
4500.9204070568085,4500.9204070568085,NoButton,Move,557.328125,614.41796875
4500.927378892899,4500.927378892899,NoButton,Move,555.48046875,614.41796875
4500.935189008713,4500.935189008713,NoButton,Move,553.6328125,614.046875
4500.943993806839,4500.943993806839,NoButton,Move,551.78515625,614.046875
4500.95140004158,4500.95140004158,NoButton,Move,549.9375,614.046875
4500.960353136063,4500.960353136063,NoButton,Move,548.5703125,614.046875
4500.967571973801,4500.967571973801,NoButton,Move,547.62890625,614.046875
4500.976556062698,4500.976556062698,NoButton,Move,547.0546875,614.046875
4500.984004974365,4500.984004974365,NoButton,Move,546.48046875,614.046875
4500.9920699596405,4500.9920699596405,NoButton,Move,546.21875,614.046875
4501.000131845474,4501.000131845474,NoButton,Move,545.64453125,614.046875
4501.008311033249,4501.008311033249,NoButton,Move,545.64453125,613.78515625
4501.025053977966,4501.025053977966,NoButton,Move,545.3984375,613.78515625
4501.33983707428,4501.33983707428,Left,Pressed,545.3984375,613.78515625
4501.59325504303,4501.59325504303,NoButton,Move,546.12109375,613.78515625
4501.609148979187,4501.609148979187,NoButton,Move,548.8125,613.78515625
4501.626105070114,4501.626105070114,NoButton,Move,554.75390625,613.78515625
4501.642582178116,4501.642582178116,NoButton,Move,564.01953125,613.671875
4501.662915945053,4501.662915945053,NoButton,Move,576.2265625,612.703125
4501.676126003265,4501.676126003265,NoButton,Move,593.6484375,610.6640625
4501.692786931992,4501.692786931992,NoButton,Move,612.4453125,608.3828125
4501.710433006287,4501.710433006287,NoButton,Move,629.01953125,606.33984375
4501.727092027664,4501.727092027664,NoButton,Move,646.08984375,604.2890625
4501.743415117264,4501.743415117264,NoButton,Move,662.69140625,602.140625
4501.760503053665,4501.760503053665,NoButton,Move,676.40234375,600.40234375
4501.775821208954,4501.775821208954,NoButton,Move,685.6328125,599.359375
4501.794027090073,4501.794027090073,NoButton,Move,692.42578125,598.5703125
4501.809220790863,4501.809220790863,NoButton,Move,698.41796875,597.85546875
4501.827997922897,4501.827997922897,NoButton,Move,702.7109375,597.40625
4501.843502044678,4501.843502044678,NoButton,Move,705.8203125,597.0859375
4501.861149072647,4501.861149072647,NoButton,Move,707.84765625,596.9140625
4501.877866029739,4501.877866029739,NoButton,Move,708.94921875,596.875
4501.893997192383,4501.893997192383,NoButton,Move,709.640625,596.875
4501.9108901023865,4501.9108901023865,NoButton,Move,710.0546875,596.875
