3302.9373581409454,3302.9373581409454,NoButton,Move,872.4453125,511.6953125
3323.1298129558563,3323.1298129558563,NoButton,Move,879.828125,507.5390625
3323.1371619701385,3323.1371619701385,NoButton,Move,907.69140625,491.4609375
3323.145621061325,3323.145621061325,NoButton,Move,935.90234375,468.88671875
3323.154002904892,3323.154002904892,NoButton,Move,970.27734375,446.36328125
3323.1621329784393,3323.1621329784393,NoButton,Move,1003.46875,422.65234375
3323.1701440811157,3323.1701440811157,NoButton,Move,1033.546875,398.35546875
3323.1779589653015,3323.1779589653015,NoButton,Move,1092.234375,353.5625
3323.186434030533,3323.186434030533,NoButton,Move,1143.08984375,308.6875
3323.1954250335693,3323.1954250335693,NoButton,Move,1160.3359375,289.51953125
3323.2027258872986,3323.2027258872986,NoButton,Move,1195.421875,253.12890625
3323.2103469371796,3323.2103469371796,NoButton,Move,1221.5,221.12109375
3323.218579053879,3323.218579053879,NoButton,Move,1230.17578125,207.70703125
3323.5307331085205,3323.5307331085205,NoButton,Move,1232.55078125,207.46875
3323.5386278629303,3323.5386278629303,NoButton,Move,1236.171875,206.109375
3323.5467898845673,3323.5467898845673,NoButton,Move,1238.71875,204.40625
3323.5549278259277,3323.5549278259277,NoButton,Move,1241.43359375,201.6875
3323.5630950927734,3323.5630950927734,NoButton,Move,1243.5546875,199.13671875
3323.572860956192,3323.572860956192,NoButton,Move,1246.60546875,194.55859375
3323.5795850753784,3323.5795850753784,NoButton,Move,1249.14453125,189.98046875
3323.5878698825836,3323.5878698825836,NoButton,Move,1253.6796875,180.90234375
3323.5960409641266,3323.5960409641266,NoButton,Move,1258.07421875,168.4453125
3323.603730916977,3323.603730916977,NoButton,Move,1261.734375,155.25390625
3323.6120891571045,3323.6120891571045,NoButton,Move,1265.5625,130.34765625
3323.620869874954,3323.620869874954,NoButton,Move,1266.20703125,120.62109375
3323.628590106964,3323.628590106964,NoButton,Move,1266.20703125,104.83984375
3323.637433052063,3323.637433052063,NoButton,Move,1266.20703125,87.6796875
3323.6451971530914,3323.6451971530914,NoButton,Move,1265.38671875,70.51953125
3323.6532759666443,3323.6532759666443,NoButton,Move,1261.58203125,56.0625
3323.661292076111,3323.661292076111,NoButton,Move,1259.546875,50.9765625
3323.6700370311737,3323.6700370311737,NoButton,Move,1258.10546875,46.65234375
3323.678147792816,3323.678147792816,NoButton,Move,1252.015625,32.95703125
3323.6887590885162,3323.6887590885162,NoButton,Move,1248.796875,27.58984375
3323.694361925125,3323.694361925125,NoButton,Move,1245.7421875,23.51953125
3323.7024340629578,3323.7024340629578,NoButton,Move,1242.5703125,21.25390625
3323.710778951645,3323.710778951645,NoButton,Move,1240.01953125,19.55078125
3323.727956056595,3323.727956056595,NoButton,Move,1238.65234375,19.55078125
3323.728152036667,3323.728152036667,NoButton,Move,1236.26953125,19.55078125
3323.7397730350494,3323.7397730350494,NoButton,Move,1233.29296875,19.55078125
3323.74338889122,3323.74338889122,NoButton,Move,1232.3515625,19.55078125
3323.755910873413,3323.755910873413,NoButton,Move,1230.984375,19.55078125
3323.7603199481964,3323.7603199481964,NoButton,Move,1230.04296875,20.17578125
3323.767653942108,3323.767653942108,NoButton,Move,1229.015625,21.19921875
3323.7764461040497,3323.7764461040497,NoButton,Move,1228.38671875,22.13671875
3323.784029006958,3323.784029006958,NoButton,Move,1227.7578125,23.07421875
3323.792319059372,3323.792319059372,NoButton,Move,1227.18359375,23.64453125
3323.800796031952,3323.800796031952,NoButton,Move,1226.8671875,24.58203125
3323.809914827347,3323.809914827347,NoButton,Move,1226.29296875,25.15234375
3323.817363023758,3323.817363023758,NoButton,Move,1225.9765625,26.08984375
3323.8254091739655,3323.8254091739655,NoButton,Move,1225.6875,26.66015625
3323.834105014801,3323.834105014801,NoButton,Move,1225.3984375,27.23046875
3323.841742038727,3323.841742038727,NoButton,Move,1225.3984375,27.80078125
3323.9720709323883,3323.9720709323883,NoButton,Move,1225.3984375,28.05859375
3323.972123861313,3323.972123861313,NoButton,Move,1225.3984375,28.31640625
3323.9721620082855,3323.9721620082855,NoButton,Move,1225.3984375,28.57421875
3323.972198009491,3323.972198009491,NoButton,Move,1225.13671875,28.83203125
3323.972233057022,3323.972233057022,NoButton,Move,1225.13671875,29.08984375
3323.972267150879,3323.972267150879,NoButton,Move,1225.13671875,29.34765625
3323.9723122119904,3323.9723122119904,NoButton,Move,1225.13671875,29.58984375
3323.9723558425903,3323.9723558425903,NoButton,Move,1225.13671875,29.83203125
3323.9723999500275,3323.9723999500275,NoButton,Move,1225.13671875,30.08984375
3323.9724349975586,3323.9724349975586,NoButton,Move,1225.13671875,30.66015625
3323.9724678993225,3323.9724678993225,NoButton,Move,1225.13671875,31.59765625
3323.9725120067596,3323.9725120067596,NoButton,Move,1225.13671875,33.44140625
3323.9725461006165,3323.9725461006165,NoButton,Move,1225.13671875,35.8203125
3323.972580909729,3323.972580909729,NoButton,Move,1225.13671875,38.19921875
3323.979821205139,3323.979821205139,NoButton,Move,1225.13671875,40.578125
3323.9880759716034,3323.9880759716034,NoButton,Move,1225.13671875,43.55078125
3323.99627494812,3323.99627494812,NoButton,Move,1225.13671875,45.39453125
3324.004495859146,3324.004495859146,NoButton,Move,1225.13671875,49.71875
3324.0126678943634,3324.0126678943634,NoButton,Move,1225.81640625,51.08203125
3324.0207397937775,3324.0207397937775,NoButton,Move,1226.2109375,53.4609375
3324.0291872024536,3324.0291872024536,NoButton,Move,1226.94140625,55.29296875
3324.0372149944305,3324.0372149944305,NoButton,Move,1227.28125,56.65625
3324.04549407959,3324.04549407959,NoButton,Move,1227.62109375,58.01953125
3324.053550004959,3324.053550004959,NoButton,Move,1227.93359375,58.95703125
3324.06178689003,3324.06178689003,NoButton,Move,1228.24609375,59.89453125
3324.070125102997,3324.070125102997,NoButton,Move,1228.50390625,60.15234375
3324.0782039165497,3324.0782039165497,NoButton,Move,1228.7890625,60.72265625
3324.0864992141724,3324.0864992141724,NoButton,Move,1228.7890625,60.98046875
3324.094619035721,3324.094619035721,NoButton,Move,1228.7890625,61.23828125
3324.12162399292,3324.12162399292,Left,Pressed,1228.7890625,61.23828125
3324.238200187683,3324.238200187683,Left,Released,1228.7890625,61.23828125
3325.905380964279,3325.905380964279,NoButton,Move,1225.98828125,65.43359375
3325.913255929947,3325.913255929947,NoButton,Move,1218.1015625,79.62890625
3325.9213881492615,3325.9213881492615,NoButton,Move,1207.95703125,95.6875
3325.92955493927,3325.92955493927,NoButton,Move,1194.5390625,117.7265625
3325.9376780986786,3325.9376780986786,NoButton,Move,1179.9296875,144.8515625
3325.9460170269012,3325.9460170269012,NoButton,Move,1161.2265625,174.55078125
3325.954694032669,3325.954694032669,NoButton,Move,1140.91015625,205.01953125
3325.9622778892517,3325.9622778892517,NoButton,Move,1069.8125,296.1640625
3325.9700829982758,3325.9700829982758,NoButton,Move,1047.23828125,325.50390625
3325.978364944458,3325.978364944458,NoButton,Move,971.9140625,429.0703125
3325.9866440296173,3325.9866440296173,NoButton,Move,920.18359375,500.8203125
3325.9948530197144,3325.9948530197144,NoButton,Move,903.41015625,521.5390625
3367.667470216751,3367.667470216751,NoButton,Move,903.41015625,521.765625
3367.6759729385376,3367.6759729385376,NoButton,Move,903.41015625,523.609375
3367.68376994133,3367.68376994133,NoButton,Move,903.41015625,525.453125
3367.692925930023,3367.692925930023,NoButton,Move,903.77734375,527.29296875
3367.7002308368683,3367.7002308368683,NoButton,Move,904.515625,529.13671875
3367.708747148514,3367.708747148514,NoButton,Move,905.1953125,530.5
3367.716701030731,3367.716701030731,NoButton,Move,905.8203125,531.4375
3367.725404024124,3367.725404024124,NoButton,Move,906.5,532.80078125
3367.7333059310913,3367.7333059310913,NoButton,Move,907.125,533.73828125
3367.74170088768,3367.74170088768,NoButton,Move,909.52734375,537.58203125
3367.749967813492,3367.749967813492,NoButton,Move,910.71484375,539.9609375
3367.758457183838,3367.758457183838,NoButton,Move,911.90234375,542.33984375
3367.7660517692566,3367.7660517692566,NoButton,Move,913.6015625,544.88671875
3367.7742459774017,3367.7742459774017,NoButton,Move,914.28125,546.25
3367.782674074173,3367.782674074173,NoButton,Move,916.68359375,550.09375
3367.7905819416046,3367.7905819416046,NoButton,Move,918.3828125,552.640625
3367.7987821102142,3367.7987821102142,NoButton,Move,920.08203125,555.1875
3367.8069100379944,3367.8069100379944,NoButton,Move,921.1875,556.6640625
3367.8151729106903,3367.8151729106903,NoButton,Move,922.7734375,558.6484375
3367.8237850666046,3367.8237850666046,NoButton,Move,924.89453125,560.76953125
3367.831731081009,3367.831731081009,NoButton,Move,926.37109375,562.24609375
3367.839658975601,3367.839658975601,NoButton,Move,929.0859375,564.9609375
3367.8477478027344,3367.8477478027344,NoButton,Move,930.0234375,565.5859375
3367.858384847641,3367.858384847641,NoButton,Move,931.859375,566.6875
3367.8643929958344,3367.8643929958344,NoButton,Move,933.3359375,567.79296875
3367.8729491233826,3367.8729491233826,NoButton,Move,934.8125,569.26953125
3367.881015062332,3367.881015062332,NoButton,Move,936.65625,570.375
3367.889281988144,3367.889281988144,NoButton,Move,938.01953125,571.0546875
3367.8973319530487,3367.8973319530487,NoButton,Move,939.04296875,572.078125
3367.9054379463196,3367.9054379463196,NoButton,Move,940.40625,572.7578125
3367.914335012436,3367.914335012436,NoButton,Move,941.4296875,573.78125
3367.921923160553,3367.921923160553,NoButton,Move,942.3671875,574.40625
3367.930123090744,3367.930123090744,NoButton,Move,942.9375,574.69140625
3370.6550521850586,3370.6550521850586,NoButton,Move,942.9375,574.45703125
3382.3456268310547,3382.3456268310547,NoButton,Move,942.47265625,575.83984375
3382.353852033615,3382.353852033615,NoButton,Move,939.59375,579.1953125
3382.3621320724487,3382.3621320724487,NoButton,Move,936.2265625,582.55859375
3382.3701989650726,3382.3701989650726,NoButton,Move,931.14453125,587.0703125
3382.378580093384,3382.378580093384,NoButton,Move,925.5,591.58203125
3382.386749982834,3382.386749982834,NoButton,Move,914.0859375,600.7109375
3382.3947598934174,3382.3947598934174,NoButton,Move,900.19140625,611.33203125
3382.403020143509,3382.403020143509,NoButton,Move,883.0546875,624.85546875
3382.411075115204,3382.411075115204,NoButton,Move,861.96875,639.2265625
3382.419331073761,3382.419331073761,NoButton,Move,840.26171875,655.01171875
3382.427502155304,3382.427502155304,NoButton,Move,815.90234375,671.25
3382.435945034027,3382.435945034027,NoButton,Move,788.03515625,688.39453125
3382.444590806961,3382.444590806961,NoButton,Move,761.94921875,704.04296875
3382.452227115631,3382.452227115631,NoButton,Move,734.08203125,720.1171875
3382.4601879119873,3382.4601879119873,NoButton,Move,722.80859375,725.75
3382.468626976013,3382.468626976013,NoButton,Move,699.80859375,737.24609375
3382.476823091507,3382.476823091507,NoButton,Move,679.96875,747.1640625
3382.4849100112915,3382.4849100112915,NoButton,Move,662.21484375,754.76953125
3382.4932391643524,3382.4932391643524,NoButton,Move,646.6875,762.12109375
3382.5010969638824,3382.5010969638824,NoButton,Move,640.78515625,764.265625
3382.5094678401947,3382.5094678401947,NoButton,Move,630.63671875,768.32421875
3382.517720222473,3382.517720222473,NoButton,Move,622.5703125,772.04296875
3382.5265350341797,3382.5265350341797,NoButton,Move,620.1875,772.8359375
3382.5341849327087,3382.5341849327087,NoButton,Move,614.8203125,775.515625
3382.5428030490875,3382.5428030490875,NoButton,Move,610.4921875,776.95703125
3382.550799846649,3382.550799846649,NoButton,Move,608.109375,777.75
3382.559091091156,3382.559091091156,NoButton,Move,606.26171875,778.48828125
3382.5674250125885,3382.5674250125885,NoButton,Move,604.89453125,778.828125
3382.5749518871307,3382.5749518871307,NoButton,Move,603.953125,778.828125
3382.583692073822,3382.583692073822,NoButton,Move,602.5859375,778.828125
3382.600436925888,3382.600436925888,NoButton,Move,601.98046875,777.3203125
3382.607757091522,3382.607757091522,NoButton,Move,601.98046875,774.9375
3382.615730047226,3382.615730047226,NoButton,Move,601.98046875,769.8515625
3382.6240799427032,3382.6240799427032,NoButton,Move,602.515625,763.94921875
3382.6321589946747,3382.6321589946747,NoButton,Move,605.4765625,756.83984375
3382.6405580043793,3382.6405580043793,NoButton,Move,609.36328125,747.76171875
3382.6485419273376,3382.6485419273376,NoButton,Move,614.99609375,737.19140625
3382.656921863556,3382.656921863556,NoButton,Move,619.92578125,725.91796875
3382.665183067322,3382.665183067322,NoButton,Move,625.55859375,715.34765625
3382.672898054123,3382.672898054123,NoButton,Move,631.19140625,704.77734375
3382.6811368465424,3382.6811368465424,NoButton,Move,636.12109375,693.50390625
3382.6894268989563,3382.6894268989563,NoButton,Move,640.1796875,683.35546875
3382.6975140571594,3382.6975140571594,NoButton,Move,645.109375,672.08203125
3382.705929040909,3382.705929040909,NoButton,Move,649.3359375,660.80859375
3382.7140970230103,3382.7140970230103,NoButton,Move,653.73046875,648.3515625
3382.7220120429993,3382.7220120429993,NoButton,Move,656.43359375,637.52734375
3382.7302248477936,3382.7302248477936,NoButton,Move,659.25,625.546875
3382.738857984543,3382.738857984543,NoButton,Move,661.953125,614.72265625
3382.7467861175537,3382.7467861175537,NoButton,Move,663.3046875,603.8984375
3382.7549619674683,3382.7549619674683,NoButton,Move,663.8125,598.8125
3382.763477087021,3382.763477087021,NoButton,Move,664.45703125,589.0859375
3382.771584033966,3382.771584033966,NoButton,Move,665.046875,581.3828125
3382.779721021652,3382.779721021652,NoButton,Move,665.046875,572.6953125
3382.787798166275,3382.787798166275,NoButton,Move,665.046875,565.921875
3382.795544862747,3382.795544862747,NoButton,Move,664.5078125,560.01953125
3382.8037991523743,3382.8037991523743,NoButton,Move,661.96484375,555.44140625
3382.812101840973,3382.812101840973,NoButton,Move,659.55859375,551.59375
3382.8203661441803,3382.8203661441803,NoButton,Move,656.19140625,548.70703125
3382.8285698890686,3382.8285698890686,NoButton,Move,653.01953125,546.44140625
3382.8367309570312,3382.8367309570312,NoButton,Move,651.171875,546.0703125
3382.8450570106506,3382.8450570106506,NoButton,Move,648.7890625,545.2734375
3383.1568031311035,3383.1568031311035,NoButton,Move,648.7890625,544.80859375
3383.1648650169373,3383.1648650169373,NoButton,Move,649.89453125,543.328125
3383.172779083252,3383.172779083252,NoButton,Move,650.20703125,542.38671875
3383.598179101944,3383.598179101944,NoButton,Move,650.20703125,542.6171875
3383.606840133667,3383.606840133667,NoButton,Move,650.20703125,543.18359375
3383.6146590709686,3383.6146590709686,NoButton,Move,650.20703125,543.75390625
3383.6231570243835,3383.6231570243835,NoButton,Move,650.20703125,544.32421875
3383.6309859752655,3383.6309859752655,NoButton,Move,650.46484375,544.58203125
3383.639496088028,3383.639496088028,NoButton,Move,650.46484375,544.83984375
3383.64789891243,3383.64789891243,NoButton,Move,650.46484375,545.09765625
3383.656069993973,3383.656069993973,NoButton,Move,650.46484375,545.35546875
3383.664246082306,3383.664246082306,NoButton,Move,650.46484375,545.61328125
3383.672199010849,3383.672199010849,NoButton,Move,650.72265625,545.61328125
3383.6801290512085,3383.6801290512085,NoButton,Move,650.72265625,545.87109375
3383.9055502414703,3383.9055502414703,NoButton,Move,650.72265625,546.1015625
3383.959385871887,3383.959385871887,NoButton,Move,650.72265625,546.3359375
3385.8589000701904,3385.8589000701904,NoButton,Move,650.72265625,547.02734375
3385.8671901226044,3385.8671901226044,NoButton,Move,650.72265625,547.59765625
3385.8751990795135,3385.8751990795135,NoButton,Move,650.72265625,548.16796875
3385.884115934372,3385.884115934372,NoButton,Move,650.43359375,548.73828125
3385.8914630413055,3385.8914630413055,NoButton,Move,650.43359375,549.30859375
3385.901004076004,3385.901004076004,NoButton,Move,650.43359375,549.56640625
3385.908087015152,3385.908087015152,NoButton,Move,650.43359375,550.13671875
3386.0320880413055,3386.0320880413055,NoButton,Move,650.14453125,550.70703125
3386.0322530269623,3386.0322530269623,NoButton,Move,650.14453125,550.96484375
3386.0324120521545,3386.0324120521545,NoButton,Move,649.8984375,550.96484375
3386.1448469161987,3386.1448469161987,NoButton,Move,649.8984375,551.1953125
3386.169312953949,3386.169312953949,NoButton,Move,649.8984375,551.43359375
3435.9584929943085,3435.9584929943085,NoButton,Move,649.4375,550.51171875
3435.967054128647,3435.967054128647,NoButton,Move,644.47265625,543.06640625
3435.9748711586,3435.9748711586,NoButton,Move,637.70703125,534.26953125
3435.98353600502,3435.98353600502,NoButton,Move,628.23828125,520.85546875
3435.991219997406,3435.991219997406,NoButton,Move,614.28515625,502.25390625
3435.999190092087,3435.999190092087,NoButton,Move,598.04296875,477.89453125
3436.007719039917,3436.007719039917,NoButton,Move,579.33984375,449.2890625
3436.015818119049,3436.015818119049,NoButton,Move,560.63671875,419.5859375
3436.0240020751953,3436.0240020751953,NoButton,Move,542.578125,387.984375
3436.0321691036224,3436.0321691036224,NoButton,Move,526.07421875,357.1796875
3436.0517902374268,3436.0517902374268,NoButton,Move,520.2109375,344.72265625
3436.051928758621,3436.051928758621,NoButton,Move,509.046875,323.33203125
3436.05637717247,3436.05637717247,NoButton,Move,504.703125,315.265625
3436.0644302368164,3436.0644302368164,NoButton,Move,497.6015625,301.0625
3436.0729010105133,3436.0729010105133,NoButton,Move,491.00390625,289.33984375
3436.082104206085,3436.082104206085,NoButton,Move,489.7265625,286.36328125
3436.08948802948,3436.08948802948,NoButton,Move,486.33984375,280.15234375
3436.09756398201,3436.09756398201,NoButton,Move,484.52734375,276.52734375
3436.105782032013,3436.105782032013,NoButton,Move,482.82421875,273.9765625
3436.1139669418335,3436.1139669418335,NoButton,Move,482.140625,272.609375
3436.1220700740814,3436.1220700740814,NoButton,Move,481.82421875,271.66796875
3436.1306340694427,3436.1306340694427,NoButton,Move,481.5625,271.40625
3436.138671875,3436.138671875,NoButton,Move,481.30078125,271.14453125
3436.196197986603,3436.196197986603,NoButton,Move,481.30078125,270.6640625
3436.2040898799896,3436.2040898799896,NoButton,Move,481.30078125,269.72265625
3436.21222782135,3436.21222782135,NoButton,Move,481.30078125,267.875
3436.2204191684723,3436.2204191684723,NoButton,Move,481.30078125,266.5078125
3436.2287261486053,3436.2287261486053,NoButton,Move,482.48828125,264.125
3436.237154006958,3436.237154006958,NoButton,Move,484.1875,261.57421875
3436.2453351020813,3436.2453351020813,NoButton,Move,486.30859375,259.44921875
3436.253534078598,3436.253534078598,NoButton,Move,488.4296875,257.32421875
3436.2617480754852,3436.2617480754852,NoButton,Move,490.9765625,255.62109375
3436.2707059383392,3436.2707059383392,NoButton,Move,493.94921875,254.34375
3436.2784600257874,3436.2784600257874,NoButton,Move,496.921875,253.4921875
3436.28649187088,3436.28649187088,NoButton,Move,500.54296875,253.0390625
3436.2950780391693,3436.2950780391693,NoButton,Move,504.1640625,253.0390625
3436.3169050216675,3436.3169050216675,NoButton,Move,508.48828125,253.0390625
3436.317085981369,3436.317085981369,NoButton,Move,512.109375,253.0390625
3436.319079875946,3436.319079875946,NoButton,Move,515.73046875,253.0390625
3436.327043771744,3436.327043771744,NoButton,Move,517.09375,253.0390625
3436.334811925888,3436.334811925888,NoButton,Move,520.06640625,253.0390625
3436.3431429862976,3436.3431429862976,NoButton,Move,523.0390625,253.0390625
3436.351214170456,3436.351214170456,NoButton,Move,524.8828125,253.0390625
3436.359321832657,3436.359321832657,NoButton,Move,526.7265625,253.40625
3436.367747783661,3436.367747783661,NoButton,Move,528.08984375,253.74609375
3436.376172065735,3436.376172065735,NoButton,Move,528.66015625,254.03125
3436.392488002777,3436.392488002777,NoButton,Move,529.59765625,254.03125
3436.3928678035736,3436.3928678035736,NoButton,Move,529.85546875,254.2890625
3436.4216508865356,3436.4216508865356,Left,Pressed,529.85546875,254.2890625
3436.437456846237,3436.437456846237,NoButton,Move,529.9765625,254.2890625
3436.4878821372986,3436.4878821372986,Left,Released,529.9765625,254.2890625
3438.8070249557495,3438.8070249557495,NoButton,Move,529.9765625,254.51953125
3438.8146109580994,3438.8146109580994,NoButton,Move,529.9765625,256.8984375
3438.822956085205,3438.822956085205,NoButton,Move,529.9765625,259.87109375
3438.8309319019318,3438.8309319019318,NoButton,Move,531.33203125,263.4921875
3438.839278936386,3438.839278936386,NoButton,Move,533.25390625,267.81640625
3438.8472368717194,3438.8472368717194,NoButton,Move,535.28515625,272.8984375
3438.8557319641113,3438.8557319641113,NoButton,Move,537.31640625,277.98046875
3438.8636310100555,3438.8636310100555,NoButton,Move,542.94921875,289.25
3438.8722200393677,3438.8722200393677,NoButton,Move,548.07421875,301.703125
3438.8799591064453,3438.8799591064453,NoButton,Move,555.42578125,317.2265625
3438.888859987259,3438.888859987259,NoButton,Move,561.734375,332.21484375
3438.896446943283,3438.896446943283,NoButton,Move,569.0859375,348.5546875
3438.9045350551605,3438.9045350551605,NoButton,Move,577.53515625,365.45703125
3438.912836790085,3438.912836790085,NoButton,Move,585.703125,380.98046875
3438.9207298755646,3438.9207298755646,NoButton,Move,593.87109375,396.50390625
3438.9289741516113,3438.9289741516113,NoButton,Move,600.71484375,409.43359375
3438.938730955124,3438.938730955124,NoButton,Move,604.6640625,415.07421875
3438.945335149765,3438.945335149765,NoButton,Move,611.00390625,425.640625
3438.953535079956,3438.953535079956,NoButton,Move,618.046875,435.50390625
3438.961925983429,3438.961925983429,NoButton,Move,623.87890625,443.28125
3438.970165014267,3438.970165014267,NoButton,Move,628.83984375,450.72265625
3438.978114128113,3438.978114128113,NoButton,Move,632.7890625,456.36328125
3438.987032175064,3438.987032175064,NoButton,Move,634.265625,457.83984375
3438.994670152664,3438.994670152664,NoButton,Move,637.6484375,464.046875
3444.326341867447,3444.326341867447,NoButton,Move,637.6484375,464.73828125
3444.333964109421,3444.333964109421,NoButton,Move,639.125,466.21484375
3444.3423891067505,3444.3423891067505,NoButton,Move,640.23046875,467.69140625
3444.3502140045166,3444.3502140045166,NoButton,Move,642.21484375,469.27734375
3444.358384847641,3444.358384847641,NoButton,Move,643.80078125,471.26171875
3444.366784095764,3444.366784095764,NoButton,Move,645.921875,473.3828125
3444.3748350143433,3444.3748350143433,NoButton,Move,650.2109375,477.671875
3444.3828518390656,3444.3828518390656,NoButton,Move,656.4140625,484.49609375
3444.3910977840424,3444.3910977840424,NoButton,Move,661.4921875,489.57421875
3444.3991661071777,3444.3991661071777,NoButton,Move,664.375,492.9375
3444.4073338508606,3444.4073338508606,NoButton,Move,672.125,502.09375
3444.4154629707336,3444.4154629707336,NoButton,Move,675.17578125,506.16015625
3444.424117088318,3444.424117088318,NoButton,Move,679.6875,511.80078125
3444.4318931102753,3444.4318931102753,NoButton,Move,683.63671875,517.44140625
3444.4403400421143,3444.4403400421143,NoButton,Move,687.5859375,523.08203125
3444.4484281539917,3444.4484281539917,NoButton,Move,688.69140625,524.92578125
3444.4566810131073,3444.4566810131073,NoButton,Move,691.09375,528.76953125
3444.464787006378,3444.464787006378,NoButton,Move,694.4765625,534.9765625
3444.472790002823,3444.472790002823,NoButton,Move,696.28515625,538.14453125
3444.4807901382446,3444.4807901382446,NoButton,Move,696.96484375,539.5078125
3444.488886117935,3444.488886117935,NoButton,Move,698.48828125,544.58984375
3444.4974868297577,3444.4974868297577,NoButton,Move,699.75390625,547.546875
3444.5055170059204,3444.5055170059204,NoButton,Move,700.6015625,550.51953125
3444.5138709545135,3444.5138709545135,NoButton,Move,701.28125,551.8828125
3444.522034883499,3444.522034883499,NoButton,Move,701.703125,554.85546875
3444.530084848404,3444.530084848404,NoButton,Move,702.49609375,557.234375
3444.538424015045,3444.538424015045,NoButton,Move,702.86328125,559.078125
3444.546510219574,3444.546510219574,NoButton,Move,703.23046875,560.921875
3444.554934024811,3444.554934024811,NoButton,Move,703.5703125,562.28515625
3444.562914133072,3444.562914133072,NoButton,Move,703.8828125,563.22265625
3444.571037054062,3444.571037054062,NoButton,Move,704.1953125,564.16015625
3444.579122066498,3444.579122066498,NoButton,Move,704.1953125,564.73046875
3444.5875010490417,3444.5875010490417,NoButton,Move,704.453125,564.98828125
3444.5956518650055,3444.5956518650055,NoButton,Move,704.453125,565.24609375
3444.6042828559875,3444.6042828559875,NoButton,Move,704.453125,565.50390625
3444.612016916275,3444.612016916275,NoButton,Move,704.453125,565.76171875
3445.0465109348297,3445.0465109348297,NoButton,Move,704.453125,564.12109375
3445.054853916168,3445.054853916168,NoButton,Move,704.453125,563.1796875
3445.062721014023,3445.062721014023,NoButton,Move,704.453125,561.8125
3445.070858001709,3445.070858001709,NoButton,Move,704.453125,559.96484375
3445.0790281295776,3445.0790281295776,NoButton,Move,704.453125,558.59765625
3445.0877351760864,3445.0877351760864,NoButton,Move,704.109375,557.23046875
3445.0956060886383,3445.0956060886383,NoButton,Move,704.109375,555.86328125
3445.1039340496063,3445.1039340496063,NoButton,Move,704.109375,554.921875
3445.1116240024567,3445.1116240024567,NoButton,Move,703.3671875,553.07421875
3445.1205761432648,3445.1205761432648,NoButton,Move,703.3671875,552.5
3445.128042936325,3445.128042936325,NoButton,Move,702.68359375,551.1328125
3445.136862039566,3445.136862039566,NoButton,Move,702.39453125,550.55859375
3445.144351005554,3445.144351005554,NoButton,Move,701.8203125,549.984375
3446.2566180229187,3446.2566180229187,Right,Pressed,701.8203125,549.984375
3446.4664030075073,3446.4664030075073,Right,Released,701.8203125,549.984375
3446.7169859409332,3446.7169859409332,NoButton,Move,702.05078125,549.984375
3446.7245321273804,3446.7245321273804,NoButton,Move,702.62109375,549.984375
3446.7330260276794,3446.7330260276794,NoButton,Move,703.55859375,549.984375
3446.7409720420837,3446.7409720420837,NoButton,Move,705.03515625,551.4609375
3446.7491998672485,3446.7491998672485,NoButton,Move,706.87890625,552.19921875
3446.757322072983,3446.757322072983,NoButton,Move,708.86328125,553.78515625
3446.7656309604645,3446.7656309604645,NoButton,Move,710.84765625,555.37109375
3446.77374792099,3446.77374792099,NoButton,Move,713.39453125,557.4921875
3446.7820649147034,3446.7820649147034,NoButton,Move,715.94140625,559.61328125
3446.7900390625,3446.7900390625,NoButton,Move,718.65625,562.328125
3446.7981719970703,3446.7981719970703,NoButton,Move,722.01953125,565.2109375
3446.8063628673553,3446.8063628673553,NoButton,Move,725.3828125,568.57421875
3446.8144710063934,3446.8144710063934,NoButton,Move,728.74609375,571.9375
3446.8228528499603,3446.8228528499603,NoButton,Move,733.03515625,576.2265625
3446.8312010765076,3446.8312010765076,NoButton,Move,737.32421875,580.515625
3446.839215993881,3446.839215993881,NoButton,Move,740.8828125,584.58203125
3446.8476300239563,3446.8476300239563,NoButton,Move,744.6171875,589.3828125
3446.8560230731964,3446.8560230731964,NoButton,Move,747.66796875,593.44921875
3446.863732099533,3446.863732099533,NoButton,Move,750.0703125,597.29296875
3446.8718259334564,3446.8718259334564,NoButton,Move,751.87890625,600.4609375
3446.880341053009,3446.880341053009,NoButton,Move,753.6875,604.08203125
3446.8883080482483,3446.8883080482483,NoButton,Move,754.9609375,607.0546875
3446.8964309692383,3446.8964309692383,NoButton,Move,755.328125,608.8984375
3446.90478014946,3446.90478014946,NoButton,Move,756.17578125,611.87109375
3446.9129779338837,3446.9129779338837,NoButton,Move,756.96875,614.25
3446.921401977539,3446.921401977539,NoButton,Move,757.36328125,616.62890625
3446.929356098175,3446.929356098175,NoButton,Move,757.73046875,618.47265625
3446.9378950595856,3446.9378950595856,NoButton,Move,758.125,620.8515625
3446.9455060958862,3446.9455060958862,NoButton,Move,758.46484375,622.21484375
3446.954397916794,3446.954397916794,NoButton,Move,758.8046875,623.578125
3446.9619138240814,3446.9619138240814,NoButton,Move,759.1171875,624.515625
3446.973217010498,3446.973217010498,NoButton,Move,759.1171875,625.0859375
3446.9783079624176,3446.9783079624176,NoButton,Move,759.1171875,626.0234375
3446.9880001544952,3446.9880001544952,NoButton,Move,759.1171875,626.59375
3446.9949131011963,3446.9949131011963,NoButton,Move,759.1171875,626.8515625
3447.004709005356,3447.004709005356,NoButton,Move,759.1171875,627.421875
3447.0110790729523,3447.0110790729523,NoButton,Move,759.375,627.6796875
3447.021082878113,3447.021082878113,NoButton,Move,759.375,627.9375
3447.02752494812,3447.02752494812,NoButton,Move,759.375,628.1953125
3447.038367986679,3447.038367986679,NoButton,Move,759.375,628.453125
3447.0438480377197,3447.0438480377197,NoButton,Move,759.375,628.7109375
3447.060460090637,3447.060460090637,NoButton,Move,759.375,628.953125
3447.1262180805206,3447.1262180805206,NoButton,Move,759.375,629.18359375
3447.1388080120087,3447.1388080120087,NoButton,Move,759.375,629.44140625
3447.1422851085663,3447.1422851085663,NoButton,Move,759.375,629.69921875
3447.155971765518,3447.155971765518,NoButton,Move,759.375,630.26953125
3447.158435821533,3447.158435821533,NoButton,Move,759.375,630.52734375
3447.1666769981384,3447.1666769981384,NoButton,Move,759.375,631.09765625
3447.174915790558,3447.174915790558,NoButton,Move,759.375,632.03515625
3447.1836709976196,3447.1836709976196,NoButton,Move,759.375,632.60546875
3447.191265106201,3447.191265106201,NoButton,Move,759.375,633.17578125
3447.1993532180786,3447.1993532180786,NoButton,Move,759.375,634.11328125
3447.20840883255,3447.20840883255,NoButton,Move,759.0859375,634.68359375
3447.2160539627075,3447.2160539627075,NoButton,Move,759.0859375,635.62109375
3447.2241349220276,3447.2241349220276,NoButton,Move,759.0859375,636.55859375
3447.2322850227356,3447.2322850227356,NoButton,Move,759.0859375,637.49609375
3447.240359067917,3447.240359067917,NoButton,Move,759.0859375,638.859375
3447.2488639354706,3447.2488639354706,NoButton,Move,758.7421875,640.22265625
3447.256791114807,3447.256791114807,NoButton,Move,758.7421875,641.5859375
3447.2649199962616,3447.2649199962616,NoButton,Move,758.7421875,643.4296875
3447.2736608982086,3447.2736608982086,NoButton,Move,758.7421875,644.79296875
3447.281718969345,3447.281718969345,NoButton,Move,758.7421875,646.15625
3447.2901890277863,3447.2901890277863,NoButton,Move,758.7421875,647.51953125
3447.298133134842,3447.298133134842,NoButton,Move,758.42578125,648.45703125
3447.3063700199127,3447.3063700199127,NoButton,Move,758.42578125,649.39453125
3447.314465045929,3447.314465045929,NoButton,Move,758.109375,650.33203125
3447.3223900794983,3447.3223900794983,NoButton,Move,758.109375,650.90234375
3447.3307111263275,3447.3307111263275,NoButton,Move,757.8203125,651.47265625
3447.338884830475,3447.338884830475,NoButton,Move,757.8203125,652.04296875
3447.346771001816,3447.346771001816,NoButton,Move,757.55859375,652.30078125
3447.3548839092255,3447.3548839092255,NoButton,Move,757.55859375,652.55859375
3447.362993001938,3447.362993001938,NoButton,Move,757.55859375,652.81640625
3447.371006965637,3447.371006965637,NoButton,Move,757.55859375,653.07421875
3447.379307985306,3447.379307985306,NoButton,Move,757.55859375,653.33203125
3447.38756608963,3447.38756608963,NoButton,Move,757.296875,653.33203125
3447.3958139419556,3447.3958139419556,NoButton,Move,757.296875,653.58984375
3447.5266659259796,3447.5266659259796,Left,Pressed,757.296875,653.58984375
3448.521096944809,3448.521096944809,Left,Released,757.296875,653.58984375
3455.810079097748,3455.810079097748,NoButton,Move,756.6015625,653.58984375
3455.816418170929,3455.816418170929,NoButton,Move,755.234375,653.9296875
3455.8246648311615,3455.8246648311615,NoButton,Move,753.75390625,655.40625
3455.832839012146,3455.832839012146,NoButton,Move,752.7265625,656.4296875
3455.8410160541534,3455.8410160541534,NoButton,Move,751.69921875,657.453125
3455.8491089344025,3455.8491089344025,NoButton,Move,750.671875,658.4765625
3455.8573689460754,3455.8573689460754,NoButton,Move,749.73046875,659.1015625
3455.865587949753,3455.865587949753,NoButton,Move,748.7890625,659.7265625
3455.8736929893494,3455.8736929893494,NoButton,Move,747.30859375,660.83203125
3455.8818781375885,3455.8818781375885,NoButton,Move,745.828125,661.9375
3455.890305995941,3455.890305995941,NoButton,Move,744.4609375,662.6171875
3455.920049905777,3455.920049905777,NoButton,Move,743.51953125,663.2421875
3455.9201140403748,3455.9201140403748,NoButton,Move,741.671875,663.609375
3455.9201538562775,3455.9201538562775,NoButton,Move,739.2890625,664.40234375
3455.946995973587,3455.946995973587,NoButton,Move,737.44140625,664.76953125
3455.9470658302307,3455.9470658302307,NoButton,Move,735.05859375,664.76953125
3455.947152853012,3455.947152853012,NoButton,Move,732.08203125,664.76953125
3455.947512149811,3455.947512149811,NoButton,Move,729.10546875,664.34375
3455.9557929039,3455.9557929039,NoButton,Move,726.12890625,663.06640625
3455.9638669490814,3455.9638669490814,NoButton,Move,722.95703125,660.80078125
3455.9721400737762,3455.9721400737762,NoButton,Move,719.58984375,657.9140625
3455.980412006378,3455.980412006378,NoButton,Move,713.6640625,652.58203125
3455.9883580207825,3455.9883580207825,NoButton,Move,709.1484375,646.9375
3455.9966390132904,3455.9966390132904,NoButton,Move,704.18359375,639.4921875
3456.004806995392,3456.004806995392,NoButton,Move,698.09375,630.01953125
3456.0131330490112,3456.0131330490112,NoButton,Move,686.9296875,609.55859375
3456.0212891101837,3456.0212891101837,NoButton,Move,678.4765625,592.65234375
3456.0292949676514,3456.0292949676514,NoButton,Move,669.45703125,572.8125
3456.037607908249,3456.037607908249,NoButton,Move,660.15625,551.421875
3456.0457470417023,3456.0457470417023,NoButton,Move,650.5703125,527.4609375
3456.0539679527283,3456.0539679527283,NoButton,Move,640.984375,503.5
3456.0621330738068,3456.0621330738068,NoButton,Move,632.1015625,477.84765625
3456.0703921318054,3456.0703921318054,NoButton,Move,628.859375,468.12109375
3456.078423023224,3456.078423023224,NoButton,Move,626.375,459.43359375
3456.086813926697,3456.086813926697,NoButton,Move,620.65234375,443.08984375
3456.0949919223785,3456.0949919223785,NoButton,Move,619.20703125,438.76171875
3456.1031181812286,3456.1031181812286,NoButton,Move,613.2890625,421.0078125
3456.111316919327,3456.111316919327,NoButton,Move,610.91796875,413.3046875
3456.119453907013,3456.119453907013,NoButton,Move,608.8828125,408.21875
3456.128191947937,3456.128191947937,NoButton,Move,608.484375,405.8359375
3456.392637014389,3456.392637014389,NoButton,Move,608.25,405.8359375
3456.3985159397125,3456.3985159397125,NoButton,Move,607.30859375,405.8359375
3456.4066591262817,3456.4066591262817,NoButton,Move,605.4609375,405.8359375
3456.4147431850433,3456.4147431850433,NoButton,Move,603.078125,405.4375
3456.4248719215393,3456.4248719215393,NoButton,Move,600.1015625,404.16015625
3456.431150197983,3456.431150197983,NoButton,Move,597.125,402.8828125
3456.439301967621,3456.439301967621,NoButton,Move,593.5,401.5234375
3456.4474811553955,3456.4474811553955,NoButton,Move,589.171875,399.59765625
3456.457773208618,3456.457773208618,NoButton,Move,585.546875,397.78515625
3456.4639880657196,3456.4639880657196,NoButton,Move,581.21875,396.33984375
3456.4721269607544,3456.4721269607544,NoButton,Move,577.59375,394.98046875
3456.4802141189575,3456.4802141189575,NoButton,Move,575.74609375,394.23828125
3456.4910049438477,3456.4910049438477,NoButton,Move,572.76953125,393.38671875
3456.496908187866,3456.496908187866,NoButton,Move,569.79296875,392.53515625
3456.5049438476562,3456.5049438476562,NoButton,Move,567.41015625,392.13671875
3456.5130591392517,3456.5130591392517,NoButton,Move,565.02734375,391.33984375
3456.5212140083313,3456.5212140083313,NoButton,Move,562.64453125,391.33984375
3456.5293340682983,3456.5293340682983,NoButton,Move,560.796875,390.96875
3456.53754901886,3456.53754901886,NoButton,Move,558.94921875,390.96875
3456.5457558631897,3456.5457558631897,NoButton,Move,557.1015625,390.59765625
3456.554433107376,3456.554433107376,NoButton,Move,555.734375,390.59765625
3456.5621609687805,3456.5621609687805,NoButton,Move,553.88671875,390.2265625
3456.570405960083,3456.570405960083,NoButton,Move,552.51953125,390.2265625
3456.578574180603,3456.578574180603,NoButton,Move,551.578125,389.91015625
3456.586646080017,3456.586646080017,NoButton,Move,550.63671875,389.91015625
3456.5948832035065,3456.5948832035065,NoButton,Move,549.6953125,389.91015625
3456.6030480861664,3456.6030480861664,NoButton,Move,549.12109375,389.62109375
3456.611232995987,3456.611232995987,NoButton,Move,548.546875,389.62109375
3456.6194989681244,3456.6194989681244,NoButton,Move,547.97265625,389.62109375
3456.627608060837,3456.627608060837,NoButton,Move,547.3984375,389.62109375
3456.6358160972595,3456.6358160972595,NoButton,Move,547.13671875,389.359375
3456.6439571380615,3456.6439571380615,NoButton,Move,546.875,389.359375
3456.6554329395294,3456.6554329395294,NoButton,Move,546.61328125,389.359375
3456.6688508987427,3456.6688508987427,NoButton,Move,546.3671875,389.359375
3456.676824092865,3456.676824092865,NoButton,Move,546.10546875,389.09765625
3456.69309592247,3456.69309592247,NoButton,Move,545.859375,389.09765625
3456.713109970093,3456.713109970093,NoButton,Move,545.61328125,388.8515625
3456.72633600235,3456.72633600235,NoButton,Move,545.3671875,388.60546875
3456.741805076599,3456.741805076599,NoButton,Move,545.10546875,388.34375
3456.7426660060883,3456.7426660060883,NoButton,Move,544.84375,388.34375
3456.750319957733,3456.750319957733,NoButton,Move,544.84375,388.08203125
3456.758558034897,3456.758558034897,NoButton,Move,544.58203125,387.8203125
3456.766928911209,3456.766928911209,NoButton,Move,544.3203125,387.55859375
3456.775132894516,3456.775132894516,NoButton,Move,544.05859375,387.55859375
3456.7829649448395,3456.7829649448395,NoButton,Move,544.05859375,387.296875
3456.7912662029266,3456.7912662029266,NoButton,Move,543.796875,387.296875
3456.799329996109,3456.799329996109,NoButton,Move,543.796875,387.03515625
3456.8077042102814,3456.8077042102814,NoButton,Move,543.53515625,387.03515625
3456.8157830238342,3456.8157830238342,NoButton,Move,543.53515625,386.7734375
3456.8490381240845,3456.8490381240845,NoButton,Move,543.296875,386.7734375
3457.2089359760284,3457.2089359760284,NoButton,Move,543.0625,386.5390625
3457.2220199108124,3457.2220199108124,NoButton,Move,542.80078125,386.5390625
3457.2253210544586,3457.2253210544586,NoButton,Move,542.2265625,386.5390625
3457.233470916748,3457.233470916748,NoButton,Move,541.96484375,386.27734375
3457.2418298721313,3457.2418298721313,NoButton,Move,541.703125,386.015625
3457.249785900116,3457.249785900116,NoButton,Move,541.44140625,386.015625
3457.2584829330444,3457.2584829330444,NoButton,Move,541.1796875,385.75390625
3457.2663629055023,3457.2663629055023,NoButton,Move,540.91796875,385.4921875
3457.2744660377502,3457.2744660377502,NoButton,Move,540.65625,385.4921875
3457.2828550338745,3457.2828550338745,NoButton,Move,540.39453125,385.23046875
3457.2907910346985,3457.2907910346985,NoButton,Move,540.1328125,385.23046875
3457.2989540100098,3457.2989540100098,NoButton,Move,539.87109375,384.96875
3457.3155348300934,3457.3155348300934,NoButton,Move,539.625,384.96875
3457.3234519958496,3457.3234519958496,NoButton,Move,539.36328125,384.70703125
3457.3317890167236,3457.3317890167236,NoButton,Move,539.1015625,384.70703125
3457.339851140976,3457.339851140976,NoButton,Move,539.1015625,384.4453125
3457.3481678962708,3457.3481678962708,NoButton,Move,538.52734375,384.4453125
3457.356419801712,3457.356419801712,NoButton,Move,538.265625,384.4453125
3457.3644738197327,3457.3644738197327,NoButton,Move,538.00390625,384.18359375
3457.3727180957794,3457.3727180957794,NoButton,Move,537.7421875,384.18359375
3457.3808720111847,3457.3808720111847,NoButton,Move,537.48046875,383.921875
3457.389080762863,3457.389080762863,NoButton,Move,537.21875,383.921875
3457.3975570201874,3457.3975570201874,NoButton,Move,536.95703125,383.66015625
3457.4062600135803,3457.4062600135803,NoButton,Move,536.3828125,383.66015625
3457.440833091736,3457.440833091736,Left,Pressed,536.3828125,383.66015625
3457.4409539699554,3457.4409539699554,NoButton,Move,536.2578125,383.53515625
3457.5735170841217,3457.5735170841217,Left,Released,536.2578125,383.53515625
3459.554342031479,3459.554342031479,NoButton,Move,536.2578125,382.37890625
3459.5591502189636,3459.5591502189636,NoButton,Move,536.2578125,379.99609375
3459.57052898407,3459.57052898407,NoButton,Move,535.3515625,376.37109375
3459.576005935669,3459.576005935669,NoButton,Move,535.3515625,372.04296875
3459.5876591205597,3459.5876591205597,NoButton,Move,534.671875,361.21875
3459.5922088623047,3459.5922088623047,NoButton,Move,534.671875,351.4921875
3459.6001749038696,3459.6001749038696,NoButton,Move,533.96484375,339.51171875
3459.608673095703,3459.608673095703,NoButton,Move,532.1171875,316.4140625
3460.5509309768677,3460.5509309768677,NoButton,Move,532.34765625,316.4140625
3460.557888031006,3460.557888031006,NoButton,Move,534.7265625,316.4140625
3460.566218137741,3460.566218137741,NoButton,Move,537.69921875,317.26171875
3460.574520111084,3460.574520111084,NoButton,Move,541.3203125,318.1640625
3460.5827050209045,3460.5827050209045,NoButton,Move,546.40234375,319.1796875
3460.5909581184387,3460.5909581184387,NoButton,Move,560.85546875,322.22265625
3460.5990149974823,3460.5990149974823,NoButton,Move,575.30859375,324.50390625
3460.6072771549225,3460.6072771549225,NoButton,Move,593.90234375,327.8828125
3460.615578889847,3460.615578889847,NoButton,Move,617.15234375,331.6015625
3460.6235139369965,3460.6235139369965,NoButton,Move,643.7890625,335.546875
3460.6318578720093,3460.6318578720093,NoButton,Move,700.58984375,346.62890625
3460.6399760246277,3460.6399760246277,NoButton,Move,740.89453125,356.109375
3460.648036956787,3460.648036956787,NoButton,Move,786.6484375,368.81640625
3460.6567811965942,3460.6567811965942,NoButton,Move,832.40234375,384.06640625
3460.6646630764008,3460.6646630764008,NoButton,Move,879.18359375,402.2578125
3460.672779083252,3460.672779083252,NoButton,Move,926.99609375,424.8359375
3460.68114900589,3460.68114900589,NoButton,Move,977.1953125,447.8984375
3461.0172789096832,3461.0172789096832,NoButton,Move,976.73046875,448.12890625
3461.025880098343,3461.025880098343,NoButton,Move,974.60546875,450.67578125
3461.035971879959,3461.035971879959,NoButton,Move,971.71875,454.0390625
3461.042261123657,3461.042261123657,NoButton,Move,969.59375,456.5859375
3461.050626039505,3461.050626039505,NoButton,Move,966.70703125,459.94921875
3461.058172941208,3461.058172941208,NoButton,Move,964.44140625,463.1171875
3461.06671500206,3461.06671500206,NoButton,Move,961.38671875,467.18359375
3461.074565887451,3461.074565887451,NoButton,Move,955.55078125,474.9609375
3461.0839071273804,3461.0839071273804,NoButton,Move,949.71484375,482.73828125
3461.091162919998,3461.091162919998,NoButton,Move,943.23046875,490.515625
3461.102830886841,3461.102830886841,NoButton,Move,936.46484375,499.30859375
3461.1067159175873,3461.1067159175873,NoButton,Move,929.0234375,507.42578125
3461.1154251098633,3461.1154251098633,NoButton,Move,925.96875,511.4921875
3461.123202085495,3461.123202085495,NoButton,Move,919.76171875,518.31640625
3461.135946035385,3461.135946035385,NoButton,Move,913.5546875,524.51953125
3461.141539812088,3461.141539812088,NoButton,Move,908.22265625,530.44140625
3461.1498250961304,3461.1498250961304,NoButton,Move,903.9296875,534.73046875
3461.1560781002045,3461.1560781002045,NoButton,Move,899.859375,538.2890625
3461.1644899845123,3461.1644899845123,NoButton,Move,898.37890625,539.39453125
3461.1727879047394,3461.1727879047394,NoButton,Move,895.01171875,542.27734375
3461.1806569099426,3461.1806569099426,NoButton,Move,892.4609375,543.9765625
3461.1887719631195,3461.1887719631195,NoButton,Move,890.078125,545.1640625
3461.197139978409,3461.197139978409,NoButton,Move,888.59765625,546.26953125
3461.204921245575,3461.204921245575,NoButton,Move,887.1171875,547.375
3461.2131719589233,3461.2131719589233,NoButton,Move,885.75,547.71484375
3461.2213900089264,3461.2213900089264,NoButton,Move,884.80859375,548.33984375
3461.229542016983,3461.229542016983,NoButton,Move,884.234375,548.91015625
3461.2378067970276,3461.2378067970276,NoButton,Move,883.66015625,549.1953125
3461.2460510730743,3461.2460510730743,NoButton,Move,883.3984375,549.453125
3461.254254102707,3461.254254102707,NoButton,Move,882.82421875,549.73828125
3461.27205991745,3461.27205991745,NoButton,Move,882.578125,549.98046875
3461.3882009983063,3461.3882009983063,Left,Pressed,882.578125,549.98046875
3461.5397000312805,3461.5397000312805,Left,Released,882.578125,549.98046875
3463.793343067169,3463.793343067169,NoButton,Move,882.11328125,549.98046875
3463.8039100170135,3463.8039100170135,NoButton,Move,879.5625,548.27734375
3463.808930158615,3463.808930158615,NoButton,Move,876.390625,546.01171875
3463.81951379776,3463.81951379776,NoButton,Move,873.83984375,543.88671875
3463.8254799842834,3463.8254799842834,NoButton,Move,869.76953125,540.83203125
3463.8379237651825,3463.8379237651825,NoButton,Move,861.98828125,534.99609375
3463.8417448997498,3463.8417448997498,NoButton,Move,845.390625,522.765625
3463.8499569892883,3463.8499569892883,NoButton,Move,830.171875,511.7734375
3463.8581659793854,3463.8581659793854,NoButton,Move,813.57421875,500.4140625
3463.8662688732147,3463.8662688732147,NoButton,Move,804.1015625,494.32421875
3463.8746190071106,3463.8746190071106,NoButton,Move,787.1953125,485.0234375
3463.8833570480347,3463.8833570480347,NoButton,Move,780.0859375,481.46875
3463.8911139965057,3463.8911139965057,NoButton,Move,767.62890625,475.60546875
3463.8992760181427,3463.8992760181427,NoButton,Move,756.35546875,470.671875
3463.9074518680573,3463.9074518680573,NoButton,Move,746.20703125,466.609375
3463.9157350063324,3463.9157350063324,NoButton,Move,738.50390625,464.23828125
3463.9239020347595,3463.9239020347595,NoButton,Move,731.73046875,462.54296875
3463.9321842193604,3463.9321842193604,NoButton,Move,726.64453125,461.015625
3463.9403688907623,3463.9403688907623,NoButton,Move,722.31640625,460.05078125
3463.948534965515,3463.948534965515,NoButton,Move,718.69140625,459.59765625
3463.9567449092865,3463.9567449092865,NoButton,Move,716.84375,459.2265625
3463.964921951294,3463.964921951294,NoButton,Move,713.8671875,458.375
3463.974596977234,3463.974596977234,NoButton,Move,710.890625,458.375
3463.9813408851624,3463.9813408851624,NoButton,Move,708.5078125,457.9765625
3463.9894750118256,3463.9894750118256,NoButton,Move,706.125,457.578125
3463.9976830482483,3463.9976830482483,NoButton,Move,704.27734375,457.578125
3464.0080330371857,3464.0080330371857,NoButton,Move,701.89453125,457.578125
3464.0141451358795,3464.0141451358795,NoButton,Move,700.046875,457.578125
3464.0222868919373,3464.0222868919373,NoButton,Move,696.421875,457.578125
3464.0303671360016,3464.0303671360016,NoButton,Move,695.0546875,457.578125
3464.038689136505,3464.038689136505,NoButton,Move,693.20703125,457.578125
3464.0468249320984,3464.0468249320984,NoButton,Move,691.359375,457.578125
3464.057543992996,3464.057543992996,NoButton,Move,689.51171875,457.578125
3464.063063144684,3464.063063144684,NoButton,Move,688.14453125,457.578125
3464.0712258815765,3464.0712258815765,NoButton,Move,686.296875,457.578125
3464.079632997513,3464.079632997513,NoButton,Move,684.44921875,457.578125
3464.0907249450684,3464.0907249450684,NoButton,Move,683.08203125,457.578125
3464.095883131027,3464.095883131027,NoButton,Move,681.234375,457.578125
3464.1042561531067,3464.1042561531067,NoButton,Move,679.8671875,457.578125
3464.112065076828,3464.112065076828,NoButton,Move,678.5,457.578125
3464.1203320026398,3464.1203320026398,NoButton,Move,677.1328125,457.91796875
3464.1285362243652,3464.1285362243652,NoButton,Move,675.765625,458.2578125
3464.1367330551147,3464.1367330551147,NoButton,Move,674.82421875,458.5703125
3464.1448168754578,3464.1448168754578,NoButton,Move,673.45703125,458.5703125
3464.153251886368,3464.153251886368,NoButton,Move,672.515625,458.5703125
3464.161544084549,3464.161544084549,NoButton,Move,671.1484375,458.91015625
3464.1762838363647,3464.1762838363647,NoButton,Move,669.78125,458.91015625
3464.177899122238,3464.177899122238,NoButton,Move,668.83984375,458.91015625
3464.1864798069,3464.1864798069,NoButton,Move,666.9921875,458.91015625
3464.1942229270935,3464.1942229270935,NoButton,Move,665.14453125,458.5390625
3464.2146570682526,3464.2146570682526,NoButton,Move,663.296875,457.4296875
3464.214744091034,3464.214744091034,NoButton,Move,661.171875,455.3046875
3464.218353033066,3464.218353033066,NoButton,Move,659.046875,453.1796875
3464.226544857025,3464.226544857025,NoButton,Move,656.328125,450.4609375
3464.2349791526794,3464.2349791526794,NoButton,Move,654.84765625,448.98046875
3464.24320602417,3464.24320602417,NoButton,Move,652.72265625,446.4296875
3464.2514719963074,3464.2514719963074,NoButton,Move,650.734375,444.83984375
3464.2594470977783,3464.2594470977783,NoButton,Move,648.74609375,443.25
3464.2833049297333,3464.2833049297333,NoButton,Move,647.265625,441.76953125
3464.2834649086,3464.2834649086,NoButton,Move,646.32421875,441.140625
3464.2837908267975,3464.2837908267975,NoButton,Move,645.75,440.56640625
3464.292006969452,3464.292006969452,NoButton,Move,645.17578125,440.27734375
3464.300234079361,3464.300234079361,NoButton,Move,645.17578125,440.015625
3464.3084948062897,3464.3084948062897,NoButton,Move,644.9140625,440.015625
3464.4692947864532,3464.4692947864532,Right,Pressed,644.9140625,440.015625
3464.615576982498,3464.615576982498,Right,Released,644.9140625,440.015625
3464.767086982727,3464.767086982727,NoButton,Move,645.375,440.015625
3464.775547981262,3464.775547981262,NoButton,Move,646.3125,440.015625
3464.7834990024567,3464.7834990024567,NoButton,Move,647.25,440.015625
3464.791970014572,3464.791970014572,NoButton,Move,647.8203125,440.015625
3464.7999370098114,3464.7999370098114,NoButton,Move,648.7578125,440.015625
3464.814283132553,3464.814283132553,NoButton,Move,650.6015625,440.75390625
3464.8162450790405,3464.8162450790405,NoButton,Move,652.4453125,441.859375
3464.824397087097,3464.824397087097,NoButton,Move,654.9921875,443.55859375
3464.8325021266937,3464.8325021266937,NoButton,Move,656.46875,445.03515625
3464.8407170772552,3464.8407170772552,NoButton,Move,658.58984375,447.15625
3464.849144220352,3464.849144220352,NoButton,Move,660.7109375,449.27734375
3464.8573241233826,3464.8573241233826,NoButton,Move,662.51953125,452.4453125
3464.865635871887,3464.865635871887,NoButton,Move,664.10546875,454.4296875
3464.8735291957855,3464.8735291957855,NoButton,Move,666.2265625,456.55078125
3464.8819777965546,3464.8819777965546,NoButton,Move,668.03515625,459.71875
3464.890074968338,3464.890074968338,NoButton,Move,669.734375,462.265625
3464.8983170986176,3464.8983170986176,NoButton,Move,671.85546875,464.8125
3464.906361103058,3464.906361103058,NoButton,Move,673.12890625,467.78515625
3464.914589881897,3464.914589881897,NoButton,Move,675.390625,470.953125
3464.9229249954224,3464.9229249954224,NoButton,Move,677.19921875,474.57421875
3464.930778980255,3464.930778980255,NoButton,Move,679.0078125,478.1953125
3464.939110994339,3464.939110994339,NoButton,Move,680.81640625,481.81640625
3464.9473869800568,3464.9473869800568,NoButton,Move,683.21875,485.66015625
3464.9556539058685,3464.9556539058685,NoButton,Move,684.57421875,489.28125
3464.963883161545,3464.963883161545,NoButton,Move,686.3828125,492.90234375
3464.9717478752136,3464.9717478752136,NoButton,Move,688.19140625,496.5234375
3464.9800550937653,3464.9800550937653,NoButton,Move,690.0,499.69140625
3464.9892768859863,3464.9892768859863,NoButton,Move,691.35546875,503.3125
3464.9963619709015,3464.9963619709015,NoButton,Move,693.1640625,506.48046875
3465.0044400691986,3465.0044400691986,NoButton,Move,694.51953125,510.1015625
3465.0129470825195,3465.0129470825195,NoButton,Move,695.9609375,514.42578125
3465.021446943283,3465.021446943283,NoButton,Move,697.76953125,517.59375
3465.0291929244995,3465.0291929244995,NoButton,Move,698.13671875,519.4375
3465.0386350154877,3465.0386350154877,NoButton,Move,699.41015625,522.41015625
3465.0454511642456,3465.0454511642456,NoButton,Move,700.203125,524.7890625
3465.053735971451,3465.053735971451,NoButton,Move,700.54296875,526.15234375
3465.062147140503,3465.062147140503,NoButton,Move,701.28125,527.99609375
3465.0709190368652,3465.0709190368652,NoButton,Move,701.59375,528.93359375
3465.078518152237,3465.078518152237,NoButton,Move,701.87890625,529.50390625
3465.090626001358,3465.090626001358,NoButton,Move,701.87890625,530.07421875
3465.0948209762573,3465.0948209762573,NoButton,Move,702.13671875,530.33203125
3465.104626893997,3465.104626893997,NoButton,Move,702.13671875,530.58984375
3465.1110100746155,3465.1110100746155,NoButton,Move,702.13671875,530.84765625
3465.144406080246,3465.144406080246,NoButton,Move,702.13671875,531.08203125
3465.152636051178,3465.152636051178,NoButton,Move,702.13671875,531.33984375
3465.160088777542,3465.160088777542,NoButton,Move,702.39453125,531.59765625
3465.1683011054993,3465.1683011054993,NoButton,Move,702.39453125,531.85546875
3465.1766679286957,3465.1766679286957,NoButton,Move,702.39453125,532.11328125
3465.1847791671753,3465.1847791671753,NoButton,Move,702.6796875,532.68359375
3465.19309592247,3465.19309592247,NoButton,Move,702.96484375,533.25390625
3465.2106850147247,3465.2106850147247,NoButton,Move,703.27734375,534.19140625
3465.210748910904,3465.210748910904,NoButton,Move,703.6171875,535.5546875
3465.217259168625,3465.217259168625,NoButton,Move,704.01171875,537.93359375
3465.22554397583,3465.22554397583,NoButton,Move,704.32421875,538.87109375
3465.2448019981384,3465.2448019981384,NoButton,Move,704.69140625,540.71484375
3465.2449491024017,3465.2449491024017,NoButton,Move,705.05859375,542.55859375
3465.2501509189606,3465.2501509189606,NoButton,Move,705.3984375,543.921875
3465.2583220005035,3465.2583220005035,NoButton,Move,705.7109375,544.859375
3465.267101049423,3465.267101049423,NoButton,Move,706.05078125,546.22265625
3465.2748510837555,3465.2748510837555,NoButton,Move,706.05078125,546.79296875
3465.2837738990784,3465.2837738990784,NoButton,Move,706.05078125,547.36328125
3465.2915349006653,3465.2915349006653,NoButton,Move,706.05078125,547.93359375
3465.299731016159,3465.299731016159,NoButton,Move,706.05078125,548.19140625
3465.3110160827637,3465.3110160827637,NoButton,Move,706.05078125,548.44921875
3465.3726558685303,3465.3726558685303,Left,Pressed,706.05078125,548.44921875
3465.5242960453033,3465.5242960453033,Left,Released,706.05078125,548.44921875
3465.524491071701,3465.524491071701,NoButton,Move,706.05078125,547.26953125
3490.62535405159,3490.62535405159,Left,Pressed,706.05078125,547.26953125
3490.6255848407745,3490.6255848407745,Left,Released,706.05078125,547.26953125
3490.6735281944275,3490.6735281944275,NoButton,Move,706.5078125,547.26953125
3490.681688785553,3490.681688785553,NoButton,Move,713.61328125,551.4140625
3490.6898419857025,3490.6898419857025,NoButton,Move,720.12890625,555.55859375
3490.6977319717407,3490.6977319717407,NoButton,Move,726.64453125,559.703125
3490.7060968875885,3490.7060968875885,NoButton,Move,733.16015625,563.84765625
3490.714563846588,3490.714563846588,NoButton,Move,740.265625,567.3984375
3490.7227730751038,3490.7227730751038,NoButton,Move,746.47265625,570.21875
3490.73091506958,3490.73091506958,NoButton,Move,751.8359375,572.8984375
3490.7389488220215,3490.7389488220215,NoButton,Move,763.10546875,577.125
3490.7470140457153,3490.7470140457153,NoButton,Move,771.7890625,580.2265625
3490.7554140090942,3490.7554140090942,NoButton,Move,779.48828125,581.41015625
3490.7636511325836,3490.7636511325836,NoButton,Move,782.4609375,581.83203125
3490.7717339992523,3490.7717339992523,NoButton,Move,787.54296875,582.33984375
3490.7803089618683,3490.7803089618683,NoButton,Move,791.8671875,582.8203125
3490.788643836975,3490.788643836975,NoButton,Move,794.83984375,582.8203125
3490.796406030655,3490.796406030655,NoButton,Move,796.68359375,582.8203125
3490.805137872696,3490.805137872696,NoButton,Move,798.046875,582.8203125
3490.8130021095276,3490.8130021095276,NoButton,Move,798.984375,582.8203125
3490.8220438957214,3490.8220438957214,NoButton,Move,799.5546875,582.8203125
3490.8292071819305,3490.8292071819305,NoButton,Move,799.8125,582.8203125
3490.838905096054,3490.838905096054,NoButton,Move,800.0703125,582.55859375
3490.8456630706787,3490.8456630706787,NoButton,Move,800.0703125,581.6171875
3490.8558259010315,3490.8558259010315,NoButton,Move,800.0703125,579.76953125
3490.861876010895,3490.861876010895,NoButton,Move,797.9453125,577.21875
3490.8704290390015,3490.8704290390015,NoButton,Move,793.875,573.65625
3490.8781728744507,3490.8781728744507,NoButton,Move,788.79296875,568.57421875
3490.887403011322,3490.887403011322,NoButton,Move,785.42578125,565.6875
3490.8951799869537,3490.8951799869537,NoButton,Move,780.59765625,561.9296875
3490.906527042389,3490.906527042389,NoButton,Move,778.046875,559.8046875
3490.911107778549,3490.911107778549,NoButton,Move,774.19921875,557.3984375
3490.920646905899,3490.920646905899,NoButton,Move,771.02734375,555.1328125
3490.9273109436035,3490.9273109436035,NoButton,Move,769.0390625,553.54296875
3490.941195011139,3490.941195011139,NoButton,Move,767.55859375,552.43359375
3490.9549140930176,3490.9549140930176,Left,Pressed,767.55859375,552.43359375
3490.9709689617157,3490.9709689617157,NoButton,Move,767.125,552.2890625
3491.070832967758,3491.070832967758,Left,Released,767.125,552.2890625
3504.703274011612,3504.703274011612,NoButton,Move,767.125,551.828125
3504.711311817169,3504.711311817169,NoButton,Move,766.5859375,545.92578125
3504.7194418907166,3504.7194418907166,NoButton,Move,766.01953125,539.15234375
3504.727700948715,3504.727700948715,NoButton,Move,765.453125,532.37890625
3504.7358860969543,3504.7358860969543,NoButton,Move,764.83203125,523.69140625
3504.743950843811,3504.743950843811,NoButton,Move,764.83203125,512.8671875
3504.7524778842926,3504.7524778842926,NoButton,Move,764.83203125,494.33984375
3504.7605991363525,3504.7605991363525,NoButton,Move,764.83203125,471.0859375
3504.7687838077545,3504.7687838077545,NoButton,Move,767.703125,446.16796875
3504.776782989502,3504.776782989502,NoButton,Move,773.62109375,419.52734375
3504.78506398201,3504.78506398201,NoButton,Move,781.96484375,390.3125
3504.7936398983,3504.7936398983,NoButton,Move,791.09765625,362.90625
3504.801395893097,3504.801395893097,NoButton,Move,800.9609375,337.25390625
3504.8104519844055,3504.8104519844055,NoButton,Move,811.8125,312.5859375
3504.8183031082153,3504.8183031082153,NoButton,Move,817.4453125,302.015625
3504.825909137726,3504.825909137726,NoButton,Move,827.36328125,282.17578125
3504.8341069221497,3504.8341069221497,NoButton,Move,837.84375,264.703125
3504.8420028686523,3504.8420028686523,NoButton,Move,842.35546875,259.05859375
3504.8576340675354,3504.8576340675354,NoButton,Move,856.3046875,239.52734375
3504.859025001526,3504.859025001526,NoButton,Move,860.59375,235.234375
3504.872121810913,3504.872121810913,NoButton,Move,868.03125,227.11328125
3504.8752450942993,3504.8752450942993,NoButton,Move,874.85546875,220.90625
3504.883579015732,3504.883579015732,NoButton,Move,879.93359375,215.82421875
3504.892068862915,3504.892068862915,NoButton,Move,882.47265625,214.12890625
3504.8998878002167,3504.8998878002167,NoButton,Move,886.5390625,210.56640625
3504.9084470272064,3504.9084470272064,NoButton,Move,889.0859375,208.86328125
3504.917400121689,3504.917400121689,NoButton,Move,891.6328125,207.16015625
3504.9247040748596,3504.9247040748596,NoButton,Move,893.4765625,206.05078125
3504.9340739250183,3504.9340739250183,NoButton,Move,895.3203125,205.6796875
3504.940913915634,3504.940913915634,NoButton,Move,896.2578125,205.36328125
3504.9490230083466,3504.9490230083466,NoButton,Move,897.1953125,205.36328125
3504.9577329158783,3504.9577329158783,NoButton,Move,898.1328125,205.36328125
3504.9654228687286,3504.9654228687286,NoButton,Move,898.703125,205.36328125
3504.9733641147614,3504.9733641147614,NoButton,Move,899.2734375,205.36328125
3504.981477022171,3504.981477022171,NoButton,Move,899.84375,205.6484375
3504.9896252155304,3504.9896252155304,NoButton,Move,900.46875,206.5859375
3505.0097029209137,3505.0097029209137,NoButton,Move,901.09375,207.5234375
3505.0098099708557,3505.0098099708557,NoButton,Move,902.19921875,209.0
3505.014018058777,3505.014018058777,NoButton,Move,902.82421875,209.9375
3505.0222611427307,3505.0222611427307,NoButton,Move,903.1640625,211.30078125
3505.0303869247437,3505.0303869247437,NoButton,Move,903.7890625,212.23828125
3505.03853392601,3505.03853392601,NoButton,Move,904.46875,213.6015625
3505.0469369888306,3505.0469369888306,NoButton,Move,904.78125,214.5390625
3505.0551130771637,3505.0551130771637,NoButton,Move,905.3515625,215.109375
3505.0633239746094,3505.0633239746094,NoButton,Move,905.6640625,216.046875
3505.071445941925,3505.071445941925,NoButton,Move,905.94921875,216.6171875
3505.0796370506287,3505.0796370506287,NoButton,Move,906.20703125,216.875
3505.0884540081024,3505.0884540081024,NoButton,Move,906.20703125,217.4453125
3505.096216201782,3505.096216201782,NoButton,Move,906.20703125,217.703125
3505.1046080589294,3505.1046080589294,NoButton,Move,906.20703125,217.9609375
3505.113102912903,3505.113102912903,NoButton,Move,906.46484375,218.21875
3505.4653890132904,3505.4653890132904,NoButton,Move,906.6953125,218.44921875
3505.4732208251953,3505.4732208251953,NoButton,Move,906.98046875,219.01953125
3505.481673002243,3505.481673002243,NoButton,Move,907.265625,219.58984375
3505.4894590377808,3505.4894590377808,NoButton,Move,907.265625,220.16015625
3505.4977989196777,3505.4977989196777,NoButton,Move,907.55078125,220.73046875
3505.505872964859,3505.505872964859,NoButton,Move,907.55078125,221.30078125
3505.514312028885,3505.514312028885,NoButton,Move,907.55078125,221.55859375
3505.522357940674,3505.522357940674,NoButton,Move,907.8359375,222.12890625
3505.5307059288025,3505.5307059288025,NoButton,Move,907.8359375,222.38671875
3505.5388538837433,3505.5388538837433,NoButton,Move,907.8359375,222.95703125
3505.5469410419464,3505.5469410419464,NoButton,Move,907.8359375,223.52734375
3505.555109977722,3505.555109977722,NoButton,Move,908.12109375,224.09765625
3505.5638389587402,3505.5638389587402,NoButton,Move,908.12109375,224.66796875
3505.5715248584747,3505.5715248584747,NoButton,Move,908.12109375,225.23828125
3505.5796139240265,3505.5796139240265,NoButton,Move,908.43359375,226.17578125
3505.5881390571594,3505.5881390571594,NoButton,Move,908.43359375,227.11328125
3505.5959520339966,3505.5959520339966,NoButton,Move,908.74609375,228.05078125
3505.604254961014,3505.604254961014,NoButton,Move,908.74609375,228.98828125
3505.612035036087,3505.612035036087,NoButton,Move,909.0859375,230.3515625
3505.620355129242,3505.620355129242,NoButton,Move,909.0859375,231.71484375
3505.628732919693,3505.628732919693,NoButton,Move,909.453125,233.55859375
3505.637158870697,3505.637158870697,NoButton,Move,909.453125,235.40234375
3505.6452198028564,3505.6452198028564,NoButton,Move,909.84765625,237.78125
3505.6528131961823,3505.6528131961823,NoButton,Move,909.84765625,240.75390625
3505.6610651016235,3505.6610651016235,NoButton,Move,909.84765625,243.7265625
3505.6691710948944,3505.6691710948944,NoButton,Move,909.84765625,247.34765625
3505.6775958538055,3505.6775958538055,NoButton,Move,909.84765625,251.671875
3505.68625497818,3505.68625497818,NoButton,Move,909.84765625,256.75390625
3505.6942150592804,3505.6942150592804,NoButton,Move,909.84765625,262.65234375
3505.702670812607,3505.702670812607,NoButton,Move,909.3359375,267.734375
3505.710818052292,3505.710818052292,NoButton,Move,907.3046875,278.5546875
3505.718871116638,3505.718871116638,NoButton,Move,905.046875,285.32421875
3505.7268669605255,3505.7268669605255,NoButton,Move,902.67578125,293.0234375
3505.7350630760193,3505.7350630760193,NoButton,Move,899.5703125,301.70703125
3505.7434430122375,3505.7434430122375,NoButton,Move,897.64453125,306.03125
3505.751629114151,3505.751629114151,NoButton,Move,895.2734375,313.73046875
3505.7762150764465,3505.7762150764465,NoButton,Move,890.5,325.17578125
3505.779458999634,3505.779458999634,NoButton,Move,886.7421875,330.0
3511.3863220214844,3511.3863220214844,NoButton,Move,887.203125,330.0
3511.3951711654663,3511.3951711654663,NoButton,Move,887.7734375,330.5703125
3511.4052019119263,3511.4052019119263,NoButton,Move,888.11328125,331.93359375
3511.410062789917,3511.410062789917,NoButton,Move,888.42578125,332.87109375
3511.418163061142,3511.418163061142,NoButton,Move,888.79296875,334.71484375
3511.4261100292206,3511.4261100292206,NoButton,Move,888.79296875,336.078125
3511.4343490600586,3511.4343490600586,NoButton,Move,888.79296875,339.05078125
3511.442766904831,3511.442766904831,NoButton,Move,888.79296875,341.4296875
3511.4507660865784,3511.4507660865784,NoButton,Move,888.79296875,343.80859375
3511.4595878124237,3511.4595878124237,NoButton,Move,888.79296875,345.65234375
3511.4673590660095,3511.4673590660095,NoButton,Move,887.43359375,349.2734375
3511.4761731624603,3511.4761731624603,NoButton,Move,886.15625,352.24609375
3511.4844040870667,3511.4844040870667,NoButton,Move,884.34375,355.4140625
3511.4937059879303,3511.4937059879303,NoButton,Move,882.640625,357.9609375
3511.5007829666138,3511.5007829666138,NoButton,Move,880.828125,361.12890625
3511.508439064026,3511.508439064026,NoButton,Move,878.5625,364.296875
3511.517721891403,3511.517721891403,NoButton,Move,876.296875,367.46484375
3511.5249421596527,3511.5249421596527,NoButton,Move,874.03125,370.6328125
3511.5339121818542,3511.5339121818542,NoButton,Move,871.14453125,373.99609375
3511.540773868561,3511.540773868561,NoButton,Move,867.77734375,377.359375
3511.5490498542786,3511.5490498542786,NoButton,Move,864.41015625,380.72265625
3511.557291984558,3511.557291984558,NoButton,Move,857.58203125,386.92578125
3518.6696679592133,3518.6696679592133,NoButton,Move,857.58203125,386.46484375
3518.677139043808,3518.677139043808,NoButton,Move,857.58203125,384.08203125
3518.6855370998383,3518.6855370998383,NoButton,Move,857.58203125,381.69921875
3518.69531083107,3518.69531083107,NoButton,Move,857.58203125,378.72265625
3518.702523946762,3518.702523946762,NoButton,Move,857.58203125,375.75
3518.709956884384,3518.709956884384,NoButton,Move,857.58203125,372.7734375
3518.718231201172,3518.718231201172,NoButton,Move,857.58203125,369.1484375
3518.7264149188995,3518.7264149188995,NoButton,Move,857.58203125,361.4453125
3518.7345130443573,3518.7345130443573,NoButton,Move,857.58203125,353.7421875
3518.7429099082947,3518.7429099082947,NoButton,Move,856.9609375,345.0546875
3518.7506420612335,3518.7506420612335,NoButton,Move,855.09765625,336.3671875
3518.7595598697662,3518.7595598697662,NoButton,Move,851.71484375,325.54296875
3518.7672588825226,3518.7672588825226,NoButton,Move,847.484375,314.26953125
3518.7767000198364,3518.7767000198364,NoButton,Move,842.35546875,301.8125
3518.7844591140747,3518.7844591140747,NoButton,Move,836.4921875,289.35546875
3518.7919318675995,3518.7919318675995,NoButton,Move,830.62890625,276.8984375
3518.801556110382,3518.801556110382,NoButton,Move,824.78515625,264.48046875
3518.808604001999,3518.808604001999,NoButton,Move,818.1875,252.7578125
3518.8175780773163,3518.8175780773163,NoButton,Move,815.78125,248.91015625
3518.824723958969,3518.824723958969,NoButton,Move,810.59375,240.48046875
3518.8344469070435,3518.8344469070435,NoButton,Move,806.4453125,233.37109375
3518.8418068885803,3518.8418068885803,NoButton,Move,802.4921875,227.7265625
3518.850687980652,3518.850687980652,NoButton,Move,799.4375,223.65625
3518.8574030399323,3518.8574030399323,NoButton,Move,796.3828125,219.5859375
3518.868264913559,3518.868264913559,NoButton,Move,793.015625,216.21875
3518.8738679885864,3518.8738679885864,NoButton,Move,789.6484375,212.8515625
3518.8822150230408,3518.8822150230408,NoButton,Move,786.28125,209.96484375
3518.8904399871826,3518.8904399871826,NoButton,Move,782.9140625,207.078125
3518.8983850479126,3518.8983850479126,NoButton,Move,778.84375,203.515625
3518.906590938568,3518.906590938568,NoButton,Move,774.7734375,200.4609375
3518.914947986603,3518.914947986603,NoButton,Move,770.703125,197.40625
3518.923472881317,3518.923472881317,NoButton,Move,766.6328125,193.84375
3518.9311718940735,3518.9311718940735,NoButton,Move,762.5625,190.7890625
3518.9394340515137,3518.9394340515137,NoButton,Move,758.71484375,188.3828125
3519.085595846176,3519.085595846176,NoButton,Move,757.234375,186.90234375
3519.0857338905334,3519.0857338905334,NoButton,Move,754.68359375,185.19921875
3519.085839986801,3519.085839986801,NoButton,Move,752.6953125,183.609375
3519.08593583107,3519.08593583107,NoButton,Move,751.21484375,182.12890625
3519.0860300064087,3519.0860300064087,NoButton,Move,749.734375,181.01953125
3519.086236000061,3519.086236000061,NoButton,Move,748.79296875,180.390625
3519.086282014847,3519.086282014847,NoButton,Move,747.765625,179.36328125
3519.086320877075,3519.086320877075,NoButton,Move,747.13671875,178.421875
3519.0863580703735,3519.0863580703735,NoButton,Move,745.1484375,176.83203125
3519.3657438755035,3519.3657438755035,NoButton,Move,746.31640625,176.83203125
3519.373564004898,3519.373564004898,NoButton,Move,749.2890625,176.83203125
3519.381581068039,3519.381581068039,NoButton,Move,750.65234375,176.83203125
3519.3895921707153,3519.3895921707153,NoButton,Move,753.03125,176.83203125
3519.398050069809,3519.398050069809,NoButton,Move,756.00390625,176.83203125
3519.406168937683,3519.406168937683,NoButton,Move,757.3671875,176.83203125
3519.414025068283,3519.414025068283,NoButton,Move,759.74609375,176.83203125
3519.4223539829254,3519.4223539829254,NoButton,Move,761.58984375,176.83203125
3519.4309549331665,3519.4309549331665,NoButton,Move,763.43359375,176.83203125
3519.439194917679,3519.439194917679,NoButton,Move,765.27734375,177.19921875
3519.447522163391,3519.447522163391,NoButton,Move,766.640625,177.5390625
3519.455018043518,3519.455018043518,NoButton,Move,768.00390625,177.87890625
3519.463438987732,3519.463438987732,NoButton,Move,768.94140625,178.50390625
3519.4715809822083,3519.4715809822083,NoButton,Move,770.3046875,178.84375
3519.4796080589294,3519.4796080589294,NoButton,Move,771.2421875,179.15625
3519.4880521297455,3519.4880521297455,NoButton,Move,772.60546875,179.8359375
3519.4960651397705,3519.4960651397705,NoButton,Move,773.54296875,180.4609375
3519.504239797592,3519.504239797592,NoButton,Move,774.90625,181.140625
3519.5126028060913,3519.5126028060913,NoButton,Move,775.84375,181.765625
3519.520856142044,3519.520856142044,NoButton,Move,777.3203125,182.87109375
3519.528869867325,3519.528869867325,NoButton,Move,778.796875,183.9765625
3519.5371730327606,3519.5371730327606,NoButton,Move,780.2734375,185.08203125
3519.5453400611877,3519.5453400611877,NoButton,Move,781.2109375,185.70703125
3519.5535480976105,3519.5535480976105,NoButton,Move,782.234375,186.73046875
3519.5620517730713,3519.5620517730713,NoButton,Move,783.171875,187.35546875
3519.5703160762787,3519.5703160762787,NoButton,Move,783.7421875,187.92578125
3519.5783109664917,3519.5783109664917,NoButton,Move,784.0,188.18359375
3519.586282968521,3519.586282968521,NoButton,Move,784.2578125,188.44140625
3519.5943880081177,3519.5943880081177,NoButton,Move,784.515625,188.69921875
3519.602788925171,3519.602788925171,NoButton,Move,784.7734375,188.95703125
3519.6108491420746,3519.6108491420746,NoButton,Move,785.03125,188.95703125
3519.6602041721344,3519.6602041721344,NoButton,Move,785.03125,188.4765625
3519.6682200431824,3519.6682200431824,NoButton,Move,785.03125,187.90234375
3519.676435947418,3519.676435947418,NoButton,Move,785.03125,186.9609375
3519.6845610141754,3519.6845610141754,NoButton,Move,785.03125,185.59375
3519.6933040618896,3519.6933040618896,NoButton,Move,785.03125,184.2265625
3519.7008929252625,3519.7008929252625,NoButton,Move,785.37109375,182.859375
3519.71040391922,3519.71040391922,NoButton,Move,785.37109375,181.01171875
3519.717423915863,3519.717423915863,NoButton,Move,785.37109375,179.1640625
3519.727068901062,3519.727068901062,NoButton,Move,785.73828125,177.31640625
3519.7343759536743,3519.7343759536743,NoButton,Move,785.73828125,175.46875
3519.741755962372,3519.741755962372,NoButton,Move,786.10546875,173.62109375
3519.750771045685,3519.750771045685,NoButton,Move,786.10546875,169.99609375
3519.7582240104675,3519.7582240104675,NoButton,Move,786.10546875,168.62890625
3519.7670369148254,3519.7670369148254,NoButton,Move,786.10546875,166.78125
3519.774733066559,3519.774733066559,NoButton,Move,786.10546875,164.3984375
3519.785212993622,3519.785212993622,NoButton,Move,786.10546875,162.55078125
3519.793081998825,3519.793081998825,NoButton,Move,786.10546875,160.703125
3519.7988109588623,3519.7988109588623,NoButton,Move,786.10546875,158.85546875
3519.824562072754,3519.824562072754,NoButton,Move,786.10546875,157.48828125
3519.824844121933,3519.824844121933,NoButton,Move,785.76171875,156.12109375
3519.8249118328094,3519.8249118328094,NoButton,Move,784.5703125,153.73828125
3519.831267118454,3519.831267118454,NoButton,Move,783.08984375,152.2578125
3519.839630842209,3519.839630842209,NoButton,Move,781.1015625,150.66796875
3519.847939014435,3519.847939014435,NoButton,Move,778.55078125,148.96484375
3519.8561069965363,3519.8561069965363,NoButton,Move,772.33984375,145.578125
3519.864282846451,3519.864282846451,NoButton,Move,767.25390625,143.54296875
3519.872648000717,3519.872648000717,NoButton,Move,759.55078125,140.578125
3519.8807950019836,3519.8807950019836,NoButton,Move,749.40234375,136.515625
3519.8885798454285,3519.8885798454285,NoButton,Move,736.9453125,132.1171875
3519.8967349529266,3519.8967349529266,NoButton,Move,724.48828125,126.25390625
3519.9050300121307,3519.9050300121307,NoButton,Move,710.79296875,120.92578125
3519.913157939911,3519.913157939911,NoButton,Move,697.09765625,115.59765625
3519.9213728904724,3519.9213728904724,NoButton,Move,684.640625,110.46875
3519.9296572208405,3519.9296572208405,NoButton,Move,679.5546875,108.94140625
3519.941159963608,3519.941159963608,NoButton,Move,669.828125,105.69921875
3519.946051836014,3519.946051836014,NoButton,Move,662.125,103.328125
3519.954118013382,3519.954118013382,NoButton,Move,659.7421875,102.53125
3519.9622700214386,3519.9622700214386,NoButton,Move,653.83984375,100.921875
3519.9709589481354,3519.9709589481354,NoButton,Move,649.51171875,99.4765625
3519.9789900779724,3519.9789900779724,NoButton,Move,646.53515625,98.625
3519.987159013748,3519.987159013748,NoButton,Move,641.44921875,97.60546875
3520.2750430107117,3520.2750430107117,NoButton,Move,641.21484375,97.60546875
3520.2824840545654,3520.2824840545654,NoButton,Move,637.84765625,94.71875
3520.2908260822296,3520.2908260822296,NoButton,Move,632.203125,90.765625
3520.298885822296,3520.298885822296,NoButton,Move,624.421875,84.9296875
3520.306396961212,3520.306396961212,NoButton,Move,614.5546875,77.8828125
3520.3145999908447,3520.3145999908447,NoButton,Move,602.83203125,70.5546875
3520.322702884674,3520.322702884674,NoButton,Move,589.8984375,62.9453125
3520.3311669826508,3520.3311669826508,NoButton,Move,576.96484375,56.09765625
3520.3393919467926,3520.3393919467926,NoButton,Move,565.2421875,49.5
3520.347634077072,3520.347634077072,NoButton,Move,560.15625,47.46484375
3520.355870962143,3520.355870962143,NoButton,Move,550.0078125,43.40234375
3520.364036798477,3520.364036798477,NoButton,Move,541.94140625,39.6796875
3520.372121810913,3520.372121810913,NoButton,Move,538.96484375,38.828125
3520.3812301158905,3520.3812301158905,NoButton,Move,533.87890625,37.30078125
3520.38832116127,3520.38832116127,NoButton,Move,530.25390625,35.94140625
3520.3964428901672,3520.3964428901672,NoButton,Move,527.27734375,35.08984375
3520.404704093933,3520.404704093933,NoButton,Move,525.4296875,34.34765625
3520.4128460884094,3520.4128460884094,NoButton,Move,524.0625,34.00390625
3520.4211089611053,3520.4211089611053,NoButton,Move,523.12109375,33.6875
3520.4290719032288,3520.4290719032288,NoButton,Move,522.859375,33.42578125
3520.437733888626,3520.437733888626,NoButton,Move,522.28515625,33.42578125
3520.4459710121155,3520.4459710121155,NoButton,Move,522.0234375,33.1640625
3520.5731148719788,3520.5731148719788,Left,Pressed,522.0234375,33.1640625
3520.6708359718323,3520.6708359718323,Left,Released,522.0234375,33.1640625
3520.869616985321,3520.869616985321,NoButton,Move,523.42578125,34.33203125
3520.871880054474,3520.871880054474,NoButton,Move,526.140625,37.046875
3520.8795988559723,3520.8795988559723,NoButton,Move,528.26171875,39.59375
3520.8877210617065,3520.8877210617065,NoButton,Move,532.015625,44.41796875
3520.8959538936615,3520.8959538936615,NoButton,Move,535.06640625,48.9921875
3520.906201839447,3520.906201839447,NoButton,Move,538.44921875,55.19921875
3520.9122471809387,3520.9122471809387,NoButton,Move,545.7734375,66.91796875
3520.920691013336,3520.920691013336,NoButton,Move,556.93359375,87.375
3520.928761959076,3520.928761959076,NoButton,Move,565.66796875,105.71875
3520.9370901584625,3520.9370901584625,NoButton,Move,575.89453125,127.10546875
3520.9449229240417,3520.9449229240417,NoButton,Move,585.7578125,152.75390625
3520.9540140628815,3520.9540140628815,NoButton,Move,594.890625,180.15625
3520.9631481170654,3520.9631481170654,NoButton,Move,604.53515625,211.234375
3520.991222143173,3520.991222143173,NoButton,Move,613.33203125,244.234375
3520.9912819862366,3520.9912819862366,NoButton,Move,620.83203125,276.3828125
3520.991324901581,3520.991324901581,NoButton,Move,626.33203125,310.484375
3520.9940350055695,3520.9940350055695,NoButton,Move,630.50390625,340.73828125
3521.0020759105682,3521.0020759105682,NoButton,Move,631.234375,353.92578125
3521.0187101364136,3521.0187101364136,NoButton,Move,631.234375,377.17578125
3521.018832921982,3521.018832921982,NoButton,Move,631.234375,397.265625
3521.0268199443817,3521.0268199443817,NoButton,Move,630.4140625,414.421875
3521.037929058075,3521.037929058075,NoButton,Move,625.84765625,428.875
3521.0502099990845,3521.0502099990845,NoButton,Move,618.51953125,440.59375
3521.053020954132,3521.053020954132,NoButton,Move,609.7265625,450.84765625
3521.059522151947,3521.059522151947,NoButton,Move,599.46875,459.63671875
3521.0691430568695,3521.0691430568695,NoButton,Move,587.74609375,466.9609375
3521.0761511325836,3521.0761511325836,NoButton,Move,575.2890625,472.0859375
3521.086802005768,3521.086802005768,NoButton,Move,560.83203125,475.88671875
3521.094619989395,3521.094619989395,NoButton,Move,545.05078125,478.25
3521.1026260852814,3521.1026260852814,NoButton,Move,527.890625,479.06640625
3521.1086089611053,3521.1086089611053,NoButton,Move,510.73046875,479.8828125
3521.1167180538177,3521.1167180538177,NoButton,Move,493.5703125,479.8828125
3521.127097129822,3521.127097129822,NoButton,Move,476.41015625,479.8828125
3521.133418083191,3521.133418083191,NoButton,Move,457.8125,479.8828125
3521.1415088176727,3521.1415088176727,NoButton,Move,440.65234375,479.0625
3521.1502301692963,3521.1502301692963,NoButton,Move,423.4921875,477.42578125
3521.1578299999237,3521.1578299999237,NoButton,Move,406.33203125,475.7890625
3521.167176961899,3521.167176961899,NoButton,Move,391.875,475.02734375
3521.176873922348,3521.176873922348,NoButton,Move,377.41796875,474.265625
3521.1824069023132,3521.1824069023132,NoButton,Move,371.515625,474.265625
3521.1905269622803,3521.1905269622803,NoButton,Move,360.69140625,473.5859375
3521.1988039016724,3521.1988039016724,NoButton,Move,352.00390625,473.5859375
3521.2102921009064,3521.2102921009064,NoButton,Move,345.23046875,473.5859375
3521.2149510383606,3521.2149510383606,NoButton,Move,342.25390625,473.16015625
3521.2278039455414,3521.2278039455414,NoButton,Move,337.92578125,472.67578125
3521.460858821869,3521.460858821869,NoButton,Move,337.22265625,472.67578125
3521.4714958667755,3521.4714958667755,NoButton,Move,333.6015625,474.03125
3521.4773960113525,3521.4773960113525,NoButton,Move,329.0234375,476.5703125
3521.4875111579895,3521.4875111579895,NoButton,Move,322.8125,479.390625
3521.493827819824,3521.493827819824,NoButton,Move,315.703125,482.3515625
3521.5043840408325,3521.5043840408325,NoButton,Move,308.0,485.3125
3521.510396003723,3521.510396003723,NoButton,Move,284.0390625,493.93359375
3521.5211260318756,3521.5211260318756,NoButton,Move,274.3125,497.171875
3521.526529073715,3521.526529073715,NoButton,Move,257.15234375,502.07421875
3521.5372009277344,3521.5372009277344,NoButton,Move,239.3984375,507.98828125
3521.543075799942,3521.543075799942,NoButton,Move,223.6171875,512.71875
3521.5530891418457,3521.5530891418457,NoButton,Move,207.8359375,517.44921875
3521.5604729652405,3521.5604729652405,NoButton,Move,194.64453125,521.84375
3521.5695769786835,3521.5695769786835,NoButton,Move,189.55859375,523.875
3521.5765628814697,3521.5765628814697,NoButton,Move,178.28515625,528.1015625
3521.5875449180603,3521.5875449180603,NoButton,Move,168.55859375,531.33984375
3521.5917398929596,3521.5917398929596,NoButton,Move,160.85546875,533.70703125
3521.6001930236816,3521.6001930236816,NoButton,Move,153.74609375,536.66796875
3521.608358860016,3521.608358860016,NoButton,Move,147.84375,538.2734375
3521.616821050644,3521.616821050644,NoButton,Move,142.7578125,539.796875
3521.6248037815094,3521.6248037815094,NoButton,Move,138.4296875,540.7578125
3521.63343000412,3521.63343000412,NoButton,Move,136.58203125,541.125
3521.6409611701965,3521.6409611701965,NoButton,Move,133.60546875,541.546875
3521.6492080688477,3521.6492080688477,NoButton,Move,130.62890625,541.96875
3521.6574590206146,3521.6574590206146,NoButton,Move,128.78125,542.3359375
3521.665328025818,3521.665328025818,NoButton,Move,126.93359375,542.3359375
3521.6734499931335,3521.6734499931335,NoButton,Move,125.56640625,542.3359375
3521.68185710907,3521.68185710907,NoButton,Move,124.19921875,542.3359375
3521.6899139881134,3521.6899139881134,NoButton,Move,123.625,542.3359375
3521.6982951164246,3521.6982951164246,NoButton,Move,123.05078125,542.3359375
3521.7064530849457,3521.7064530849457,NoButton,Move,122.4765625,542.3359375
3521.7146871089935,3521.7146871089935,NoButton,Move,122.21484375,542.3359375
3521.722958087921,3521.722958087921,NoButton,Move,121.640625,542.3359375
3521.7310359477997,3521.7310359477997,NoButton,Move,121.37890625,542.3359375
3521.739231109619,3521.739231109619,NoButton,Move,121.1171875,542.07421875
3521.7474241256714,3521.7474241256714,NoButton,Move,120.85546875,541.8125
3521.7556848526,3521.7556848526,NoButton,Move,120.59375,541.55078125
3521.7638721466064,3521.7638721466064,NoButton,Move,120.33203125,541.2890625
3521.772025823593,3521.772025823593,NoButton,Move,120.0703125,541.02734375
3521.780298948288,3521.780298948288,NoButton,Move,119.49609375,540.73828125
3521.788444042206,3521.788444042206,NoButton,Move,119.234375,540.4765625
3521.7968451976776,3521.7968451976776,NoButton,Move,118.66015625,540.1875
3521.806864976883,3521.806864976883,NoButton,Move,118.0859375,539.8984375
3521.813217163086,3521.813217163086,NoButton,Move,117.51171875,539.609375
3521.8212192058563,3521.8212192058563,NoButton,Move,116.5703125,539.29296875
3521.829293012619,3521.829293012619,NoButton,Move,115.62890625,538.9765625
3521.837558031082,3521.837558031082,NoButton,Move,114.6875,538.66015625
3521.8457090854645,3521.8457090854645,NoButton,Move,112.3046875,537.86328125
3521.8538858890533,3521.8538858890533,NoButton,Move,111.36328125,537.86328125
3521.862191915512,3521.862191915512,NoButton,Move,109.515625,537.4921875
3521.870418071747,3521.870418071747,NoButton,Move,107.1328125,537.09375
3521.878588914871,3521.878588914871,NoButton,Move,105.28515625,537.09375
3521.886955022812,3521.886955022812,NoButton,Move,103.4375,536.72265625
3521.8952147960663,3521.8952147960663,NoButton,Move,101.58984375,536.72265625
3521.9035589694977,3521.9035589694977,NoButton,Move,99.7421875,536.72265625
3521.9114060401917,3521.9114060401917,NoButton,Move,97.89453125,536.72265625
3521.9201810359955,3521.9201810359955,NoButton,Move,96.52734375,536.72265625
3521.9278831481934,3521.9278831481934,NoButton,Move,95.16015625,536.72265625
3521.937917947769,3521.937917947769,NoButton,Move,93.79296875,536.72265625
3521.9444880485535,3521.9444880485535,NoButton,Move,92.8515625,536.72265625
3521.954675912857,3521.954675912857,NoButton,Move,92.27734375,536.72265625
3521.9609711170197,3521.9609711170197,NoButton,Move,91.703125,536.72265625
3521.9885630607605,3521.9885630607605,Left,Pressed,91.703125,536.72265625
3522.0050299167633,3522.0050299167633,NoButton,Move,91.578125,536.72265625
3522.0539729595184,3522.0539729595184,Left,Released,91.578125,536.72265625
3522.7461709976196,3522.7461709976196,NoButton,Move,91.80859375,536.72265625
3522.7542469501495,3522.7542469501495,NoButton,Move,96.890625,536.72265625
3522.762391090393,3522.762391090393,NoButton,Move,103.66015625,536.72265625
3522.77067899704,3522.77067899704,NoButton,Move,111.359375,536.72265625
3522.778776884079,3522.778776884079,NoButton,Move,120.04296875,538.58203125
3522.7872269153595,3522.7872269153595,NoButton,Move,143.29296875,544.16015625
3522.7956759929657,3522.7956759929657,NoButton,Move,172.50390625,553.546875
3522.8037099838257,3522.8037099838257,NoButton,Move,210.4375,567.76953125
3522.811758995056,3522.811758995056,NoButton,Move,261.9921875,586.76171875
3522.8204140663147,3522.8204140663147,NoButton,Move,320.78125,614.68359375
3522.828117132187,3522.828117132187,NoButton,Move,383.125,646.6171875
3522.8389840126038,3522.8389840126038,NoButton,Move,490.3125,703.90625
3522.8445088863373,3522.8445088863373,NoButton,Move,523.86328125,722.4140625
3522.9104211330414,3522.9104211330414,NoButton,Move,523.86328125,722.4140625
3523.1182899475098,3523.1182899475098,NoButton,Move,524.32421875,722.1796875
3523.1293590068817,3523.1293590068817,NoButton,Move,527.4921875,720.3671875
3523.1624009609222,3523.1624009609222,NoButton,Move,532.85546875,717.68359375
3523.162608861923,3523.162608861923,NoButton,Move,539.0625,714.859375
3523.162862062454,3523.162862062454,NoButton,Move,546.75,712.4921875
3523.1629049777985,3523.1629049777985,NoButton,Move,563.08984375,706.76953125
3523.1642858982086,3523.1642858982086,NoButton,Move,582.3046875,700.65234375
3523.1755409240723,3523.1755409240723,NoButton,Move,603.9453125,695.23828125
3523.209853887558,3523.209853887558,NoButton,Move,627.1953125,690.5859375
3523.230936050415,3523.230936050415,NoButton,Move,639.171875,687.765625
3523.231178998947,3523.231178998947,NoButton,Move,660.8125,684.15625
3523.2316501140594,3523.2316501140594,NoButton,Move,680.90234375,679.78515625
3523.2316958904266,3523.2316958904266,NoButton,Move,699.49609375,676.40234375
3523.2724089622498,3523.2724089622498,NoButton,Move,706.265625,674.70703125
3523.273892879486,3523.273892879486,NoButton,Move,719.453125,671.7734375
3523.2741589546204,3523.2741589546204,NoButton,Move,730.2734375,668.390625
3523.2742331027985,3523.2742331027985,NoButton,Move,737.97265625,665.42578125
3523.2742898464203,3523.2742898464203,NoButton,Move,743.3359375,662.20703125
3523.2743299007416,3523.2743299007416,NoButton,Move,746.21875,658.83984375
3523.8763620853424,3523.8763620853424,NoButton,Move,745.5234375,658.83984375
3523.884691953659,3523.884691953659,NoButton,Move,744.15625,658.83984375
3523.8932778835297,3523.8932778835297,NoButton,Move,743.21484375,659.15234375
3523.9029541015625,3523.9029541015625,NoButton,Move,742.2734375,659.77734375
3523.9090387821198,3523.9090387821198,NoButton,Move,741.33203125,660.08984375
3523.9209480285645,3523.9209480285645,NoButton,Move,740.390625,660.40234375
3523.9259259700775,3523.9259259700775,NoButton,Move,739.44921875,660.71484375
3523.9349410533905,3523.9349410533905,NoButton,Move,738.08203125,661.0546875
3523.9420969486237,3523.9420969486237,NoButton,Move,737.140625,661.3671875
3523.950369119644,3523.950369119644,NoButton,Move,735.7734375,662.046875
3523.958347082138,3523.958347082138,NoButton,Move,734.83203125,662.359375
3523.966488838196,3523.966488838196,NoButton,Move,733.890625,662.984375
3523.974930047989,3523.974930047989,NoButton,Move,733.31640625,663.26953125
3523.983097076416,3523.983097076416,NoButton,Move,733.0546875,663.52734375
3523.9911448955536,3523.9911448955536,NoButton,Move,732.48046875,663.8125
3523.9992599487305,3523.9992599487305,NoButton,Move,732.21875,664.0703125
3524.0074989795685,3524.0074989795685,NoButton,Move,732.21875,664.328125
3524.015375852585,3524.015375852585,NoButton,Move,731.95703125,664.5859375
3524.0539588928223,3524.0539588928223,Left,Pressed,731.95703125,664.5859375
3524.120591878891,3524.120591878891,Left,Released,731.95703125,664.5859375
3544.991417169571,3544.991417169571,NoButton,Move,731.95703125,663.89453125
3544.9977700710297,3544.9977700710297,NoButton,Move,730.3671875,661.90625
3545.0052790641785,3545.0052790641785,NoButton,Move,729.2578125,660.42578125
3545.013409137726,3545.013409137726,NoButton,Move,727.1328125,658.30078125
3545.0216908454895,3545.0216908454895,NoButton,Move,724.58203125,656.59765625
3545.0298318862915,3545.0298318862915,NoButton,Move,722.03125,654.47265625
3545.038048028946,3545.038048028946,NoButton,Move,718.40625,652.66015625
3545.0462369918823,3545.0462369918823,NoButton,Move,715.234375,650.39453125
3545.0544109344482,3545.0544109344482,NoButton,Move,705.76171875,644.3046875
3545.062639951706,3545.062639951706,NoButton,Move,699.2421875,639.5625
3547.6488280296326,3547.6488280296326,NoButton,Move,698.77734375,639.5625
3547.6576120853424,3547.6576120853424,NoButton,Move,698.51953125,639.5625
3547.666158914566,3547.666158914566,NoButton,Move,698.2578125,639.5625
3547.6733589172363,3547.6733589172363,NoButton,Move,697.68359375,639.5625
3547.681674003601,3547.681674003601,NoButton,Move,697.109375,639.2734375
3547.6898469924927,3547.6898469924927,NoButton,Move,696.84765625,639.2734375
3547.6979970932007,3547.6979970932007,NoButton,Move,695.90625,639.2734375
3547.706169128418,3547.706169128418,NoButton,Move,695.64453125,639.01171875
3547.714490890503,3547.714490890503,NoButton,Move,694.703125,638.6953125
3547.722540140152,3547.722540140152,NoButton,Move,694.12890625,638.40625
3547.7310988903046,3547.7310988903046,NoButton,Move,693.5546875,638.1171875
3547.738811969757,3547.738811969757,NoButton,Move,692.98046875,637.828125
3547.7468721866608,3547.7468721866608,NoButton,Move,692.40625,637.25390625
3547.755234003067,3547.755234003067,NoButton,Move,691.83203125,636.6796875
3547.7631969451904,3547.7631969451904,NoButton,Move,691.2578125,636.10546875
3547.7713549137115,3547.7713549137115,NoButton,Move,690.68359375,635.53125
3547.779904127121,3547.779904127121,NoButton,Move,690.109375,634.95703125
3547.787796974182,3547.787796974182,NoButton,Move,689.08203125,633.9296875
3547.796324968338,3547.796324968338,NoButton,Move,688.5078125,633.35546875
3547.8043389320374,3547.8043389320374,NoButton,Move,687.87890625,632.4140625
3547.8128230571747,3547.8128230571747,NoButton,Move,686.9375,631.78515625
3547.82098197937,3547.82098197937,NoButton,Move,686.36328125,631.2109375
3547.829225063324,3547.829225063324,NoButton,Move,685.421875,630.58203125
3547.8376908302307,3547.8376908302307,NoButton,Move,684.39453125,629.5546875
3547.8451960086823,3547.8451960086823,NoButton,Move,683.8203125,629.265625
3547.853322982788,3547.853322982788,NoButton,Move,682.87890625,628.63671875
3547.861582994461,3547.861582994461,NoButton,Move,682.3046875,628.0625
3547.869856119156,3547.869856119156,NoButton,Move,681.36328125,627.74609375
3547.877998828888,3547.877998828888,NoButton,Move,680.7890625,627.171875
3547.8861680030823,3547.8861680030823,NoButton,Move,680.52734375,626.91015625
3547.8945190906525,3547.8945190906525,NoButton,Move,679.953125,626.62109375
3547.9056940078735,3547.9056940078735,NoButton,Move,679.69140625,626.359375
3547.910959005356,3547.910959005356,NoButton,Move,679.4296875,626.359375
3547.918787956238,3547.918787956238,NoButton,Move,679.16796875,626.09765625
3547.9354259967804,3547.9354259967804,NoButton,Move,678.921875,625.8515625
3547.960186958313,3547.960186958313,NoButton,Move,678.921875,625.609375
3547.9861080646515,3547.9861080646515,NoButton,Move,678.921875,625.3671875
3548.009351015091,3548.009351015091,NoButton,Move,678.921875,625.125
3548.0185101032257,3548.0185101032257,NoButton,Move,678.921875,624.86328125
3548.0358169078827,3548.0358169078827,NoButton,Move,678.921875,624.6171875
3548.0505340099335,3548.0505340099335,NoButton,Move,678.67578125,624.37109375
3548.066806077957,3548.066806077957,NoButton,Move,678.67578125,624.125
3548.0758719444275,3548.0758719444275,NoButton,Move,678.4140625,624.125
3548.0833060741425,3548.0833060741425,NoButton,Move,678.4140625,623.86328125
3548.091866016388,3548.091866016388,NoButton,Move,678.15234375,623.86328125
3548.0996129512787,3548.0996129512787,NoButton,Move,678.15234375,623.6015625
3548.107752084732,3548.107752084732,NoButton,Move,677.890625,623.33984375
3548.124632835388,3548.124632835388,NoButton,Move,677.64453125,623.33984375
3548.26362490654,3548.26362490654,NoButton,Move,677.875,623.33984375
3548.2720069885254,3548.2720069885254,NoButton,Move,678.1328125,623.59765625
3548.2803559303284,3548.2803559303284,NoButton,Move,679.0703125,624.22265625
3548.288407087326,3548.288407087326,NoButton,Move,680.09375,625.24609375
3548.2965199947357,3548.2965199947357,NoButton,Move,681.03125,625.87109375
3548.3049018383026,3548.3049018383026,NoButton,Move,683.15234375,627.9921875
3548.3131000995636,3548.3131000995636,NoButton,Move,684.62890625,629.46875
3548.321137905121,3548.321137905121,NoButton,Move,686.61328125,631.0546875
3548.329747915268,3548.329747915268,NoButton,Move,688.734375,633.17578125
3548.3495619297028,3548.3495619297028,NoButton,Move,690.85546875,635.296875
3548.3497478961945,3548.3497478961945,NoButton,Move,693.40234375,636.99609375
3548.3527748584747,3548.3527748584747,NoButton,Move,695.94921875,639.1171875
3548.3612740039825,3548.3612740039825,NoButton,Move,698.49609375,641.23828125
3548.3722729682922,3548.3722729682922,NoButton,Move,701.859375,644.12109375
3548.3775351047516,3548.3775351047516,NoButton,Move,704.40625,646.2421875
3548.3857638835907,3548.3857638835907,NoButton,Move,706.953125,648.36328125
3548.394155025482,3548.394155025482,NoButton,Move,709.66796875,651.078125
3548.4022028446198,3548.4022028446198,NoButton,Move,712.21484375,653.19921875
3548.410395860672,3548.410395860672,NoButton,Move,714.76171875,655.3203125
3548.418843984604,3548.418843984604,NoButton,Move,717.30859375,657.01953125
3548.4270720481873,3548.4270720481873,NoButton,Move,718.78515625,658.125
3548.4350171089172,3548.4350171089172,NoButton,Move,721.33203125,659.82421875
3548.4434912204742,3548.4434912204742,NoButton,Move,723.17578125,660.9296875
3548.466954946518,3548.466954946518,NoButton,Move,725.01953125,662.03515625
3548.4671189785004,3548.4671189785004,NoButton,Move,726.3828125,662.71484375
3548.468117952347,3548.468117952347,NoButton,Move,727.74609375,663.39453125
3548.475774049759,3548.475774049759,NoButton,Move,728.68359375,663.70703125
3548.484360933304,3548.484360933304,NoButton,Move,729.25390625,663.9921875
3548.492532968521,3548.492532968521,NoButton,Move,729.82421875,664.27734375
3548.5005571842194,3548.5005571842194,NoButton,Move,730.08203125,664.53515625
3548.5090279579163,3548.5090279579163,NoButton,Move,730.33984375,664.53515625
3548.5218019485474,3548.5218019485474,NoButton,Move,730.59765625,664.53515625
3548.5275230407715,3548.5275230407715,NoButton,Move,730.85546875,664.53515625
3549.295377969742,3549.295377969742,NoButton,Move,730.62109375,664.53515625
3549.3034629821777,3549.3034629821777,NoButton,Move,730.33203125,663.9609375
3549.3116970062256,3549.3116970062256,NoButton,Move,729.703125,663.01953125
3549.319612979889,3549.319612979889,NoButton,Move,729.01953125,661.65234375
3549.4668629169464,3549.4668629169464,NoButton,Move,728.390625,660.7109375
3549.46692609787,3549.46692609787,NoButton,Move,727.28125,658.86328125
3549.46697807312,3549.46697807312,NoButton,Move,725.578125,656.3125
3549.467022895813,3549.467022895813,NoButton,Move,724.94921875,655.37109375
3549.4670588970184,3549.4670588970184,NoButton,Move,723.13671875,651.74609375
3549.4670939445496,3549.4670939445496,NoButton,Move,722.5078125,650.8046875
3549.4671280384064,3549.4671280384064,NoButton,Move,721.3984375,648.95703125
3549.4671618938446,3549.4671618938446,NoButton,Move,720.2890625,647.109375
3549.4671969413757,3549.4671969413757,NoButton,Move,719.546875,645.26171875
3549.4672470092773,3549.4672470092773,NoButton,Move,718.91796875,644.3203125
3549.4672939777374,3549.4672939777374,NoButton,Move,717.80859375,642.83984375
3549.4676179885864,3549.4676179885864,NoButton,Move,717.125,641.47265625
3549.467679977417,3549.467679977417,NoButton,Move,716.80859375,640.53125
3549.46773314476,3549.46773314476,NoButton,Move,716.1796875,639.58984375
3549.4677979946136,3549.4677979946136,NoButton,Move,715.55078125,638.6484375
3549.4678490161896,3549.4678490161896,NoButton,Move,715.234375,637.70703125
3549.4678971767426,3549.4678971767426,NoButton,Move,714.91796875,636.765625
3549.4679429531097,3549.4679429531097,NoButton,Move,714.6015625,635.82421875
3549.474454164505,3549.474454164505,NoButton,Move,714.28515625,634.8828125
3549.4828848838806,3549.4828848838806,NoButton,Move,714.28515625,633.515625
3549.4908859729767,3549.4908859729767,NoButton,Move,713.94140625,632.1484375
3549.4990968704224,3549.4990968704224,NoButton,Move,713.94140625,630.78125
3549.5073280334473,3549.5073280334473,NoButton,Move,713.94140625,629.4140625
3549.515471935272,3549.515471935272,NoButton,Move,713.94140625,628.046875
3549.5237901210785,3549.5237901210785,NoButton,Move,713.94140625,627.10546875
3549.531902074814,3549.531902074814,NoButton,Move,713.94140625,625.73828125
3549.5400390625,3549.5400390625,NoButton,Move,713.94140625,624.796875
3549.548159122467,3549.548159122467,NoButton,Move,713.94140625,623.85546875
3549.5564579963684,3549.5564579963684,NoButton,Move,713.94140625,622.9140625
3549.5646080970764,3549.5646080970764,NoButton,Move,713.94140625,622.33984375
3549.5728120803833,3549.5728120803833,NoButton,Move,713.94140625,621.765625
3549.581018924713,3549.581018924713,NoButton,Move,713.94140625,621.19140625
3549.5893020629883,3549.5893020629883,NoButton,Move,713.94140625,620.6171875
3549.5973720550537,3549.5973720550537,NoButton,Move,713.6796875,620.35546875
3549.6055538654327,3549.6055538654327,NoButton,Move,713.6796875,620.09375
3549.6137549877167,3549.6137549877167,NoButton,Move,713.41796875,619.83203125
3549.621934890747,3549.621934890747,NoButton,Move,713.41796875,619.5703125
3549.6301860809326,3549.6301860809326,NoButton,Move,713.15625,619.30859375
3549.63853597641,3549.63853597641,NoButton,Move,712.89453125,619.30859375
3549.6465458869934,3549.6465458869934,NoButton,Move,712.89453125,619.046875
3549.6711990833282,3549.6711990833282,NoButton,Move,712.65234375,619.046875
3550.1631710529327,3550.1631710529327,NoButton,Move,712.41796875,619.046875
3550.203758955002,3550.203758955002,NoButton,Move,712.41796875,618.5625
3550.2205698490143,3550.2205698490143,NoButton,Move,712.41796875,617.7421875
3550.2283499240875,3550.2283499240875,NoButton,Move,712.41796875,614.765625
3559.6394939422607,3559.6394939422607,Left,Pressed,712.41796875,614.765625
3559.655128955841,3559.655128955841,Left,Released,712.41796875,614.765625
3559.9777631759644,3559.9777631759644,NoButton,Move,712.64453125,614.765625
3559.9834299087524,3559.9834299087524,NoButton,Move,713.21484375,614.765625
3560.001102209091,3560.001102209091,NoButton,Move,713.78515625,614.765625
3560.0011970996857,3560.0011970996857,NoButton,Move,714.04296875,614.765625
3560.0149261951447,3560.0149261951447,NoButton,Move,714.61328125,614.765625
3560.0152950286865,3560.0152950286865,NoButton,Move,715.18359375,614.765625
3560.023568868637,3560.023568868637,NoButton,Move,715.44140625,614.765625
3560.031681060791,3560.031681060791,NoButton,Move,716.01171875,614.765625
3560.039788007736,3560.039788007736,NoButton,Move,716.26953125,614.50390625
3560.0484490394592,3560.0484490394592,NoButton,Move,716.52734375,614.50390625
3560.0577528476715,3560.0577528476715,NoButton,Move,716.78515625,614.2421875
3560.0652301311493,3560.0652301311493,NoButton,Move,717.04296875,613.98046875
3560.0732128620148,3560.0732128620148,NoButton,Move,717.30078125,613.71875
3560.0829379558563,3560.0829379558563,NoButton,Move,717.55859375,613.45703125
3560.089934825897,3560.089934825897,NoButton,Move,717.81640625,613.45703125
3560.0978288650513,3560.0978288650513,NoButton,Move,718.07421875,613.1953125
3560.1060559749603,3560.1060559749603,NoButton,Move,718.07421875,612.93359375
3560.1139509677887,3560.1139509677887,NoButton,Move,718.33203125,612.93359375
3560.1270990371704,3560.1270990371704,NoButton,Move,718.33203125,612.671875
3560.1299710273743,3560.1299710273743,NoButton,Move,718.58984375,612.671875
3560.138097047806,3560.138097047806,NoButton,Move,718.58984375,612.41015625
3560.1464309692383,3560.1464309692383,NoButton,Move,718.84765625,612.41015625
3560.1627280712128,3560.1627280712128,NoButton,Move,719.08984375,612.1640625
3560.189957857132,3560.189957857132,NoButton,Move,719.328125,611.921875
3560.1954050064087,3560.1954050064087,NoButton,Move,719.5859375,611.921875
3560.2119810581207,3560.2119810581207,NoButton,Move,719.828125,611.67578125
3560.220351934433,3560.220351934433,NoButton,Move,720.0859375,611.67578125
3560.2282540798187,3560.2282540798187,NoButton,Move,720.0859375,611.4140625
3560.2376189231873,3560.2376189231873,NoButton,Move,720.34375,611.15234375
3560.2447481155396,3560.2447481155396,NoButton,Move,720.6015625,611.15234375
3560.2547709941864,3560.2547709941864,NoButton,Move,720.6015625,610.890625
3560.2613599300385,3560.2613599300385,NoButton,Move,720.859375,610.890625
3560.274188041687,3560.274188041687,NoButton,Move,720.859375,610.62890625
3560.288060903549,3560.288060903549,NoButton,Move,721.1015625,610.62890625
3560.293776988983,3560.293776988983,NoButton,Move,721.1015625,610.3671875
3560.326770067215,3560.326770067215,NoButton,Move,721.3359375,610.3671875
3560.3554701805115,3560.3554701805115,NoButton,Move,721.57421875,610.3671875
3560.372447013855,3560.372447013855,NoButton,Move,721.81640625,610.3671875
3560.376002073288,3560.376002073288,NoButton,Move,722.07421875,610.3671875
3560.392221927643,3560.392221927643,NoButton,Move,722.31640625,610.3671875
3560.4053020477295,3560.4053020477295,NoButton,Move,722.31640625,610.625
3560.4169018268585,3560.4169018268585,NoButton,Move,722.55859375,610.625
3560.4991459846497,3560.4991459846497,NoButton,Move,722.55859375,610.85546875
3561.449126958847,3561.449126958847,NoButton,Move,722.55859375,610.16015625
3561.457454919815,3561.457454919815,NoButton,Move,722.55859375,605.83203125
3561.465539932251,3561.465539932251,NoButton,Move,721.4296875,599.05859375
3561.4736359119415,3561.4736359119415,NoButton,Move,720.8359375,591.35546875
3561.4820449352264,3561.4820449352264,NoButton,Move,719.59375,582.671875
3561.4900391101837,3561.4900391101837,NoButton,Move,717.140625,565.51171875
3561.497927904129,3561.497927904129,NoButton,Move,715.3359375,543.8671875
3561.5064718723297,3561.5064718723297,NoButton,Move,715.3359375,533.04296875
3561.5140380859375,3561.5140380859375,NoButton,Move,714.4609375,512.94921875
3561.5222070217133,3561.5222070217133,NoButton,Move,713.5859375,492.85546875
3561.5301949977875,3561.5301949977875,NoButton,Move,713.5859375,474.2578125
3561.538404941559,3561.538404941559,NoButton,Move,713.5859375,468.35546875
3561.5466618537903,3561.5466618537903,NoButton,Move,713.5859375,463.26953125
3561.5550978183746,3561.5550978183746,NoButton,Move,713.5859375,454.58203125
3561.563215970993,3561.563215970993,NoButton,Move,713.5859375,447.80859375
3561.5714371204376,3561.5714371204376,NoButton,Move,713.5859375,443.48046875
3561.5795888900757,3561.5795888900757,NoButton,Move,713.5859375,440.50390625
3561.5933809280396,3561.5933809280396,NoButton,Move,713.5859375,438.65625
3561.595817089081,3561.595817089081,NoButton,Move,713.92578125,437.2890625
3561.6044869422913,3561.6044869422913,NoButton,Move,714.2109375,436.71484375
3561.945013999939,3561.945013999939,Right,Pressed,714.2109375,436.71484375
3562.01851606369,3562.01851606369,Right,Released,714.2109375,436.71484375
3562.3171191215515,3562.3171191215515,NoButton,Move,714.2109375,436.48046875
3562.3248240947723,3562.3248240947723,NoButton,Move,714.2109375,434.6328125
3562.3329219818115,3562.3329219818115,NoButton,Move,714.2109375,432.25
3562.341171979904,3562.341171979904,NoButton,Move,714.2109375,429.8671875
3562.350100040436,3562.350100040436,NoButton,Move,714.2109375,428.92578125
3562.357486009598,3562.357486009598,NoButton,Move,713.8125,426.54296875
3562.3656368255615,3562.3656368255615,NoButton,Move,713.4140625,424.16015625
3562.3738989830017,3562.3738989830017,NoButton,Move,712.671875,422.3125
3562.382378101349,3562.382378101349,NoButton,Move,712.328125,420.9453125
3562.390645980835,3562.390645980835,NoButton,Move,711.984375,419.578125
3562.398581981659,3562.398581981659,NoButton,Move,711.35546875,418.63671875
3562.4068620204926,3562.4068620204926,NoButton,Move,711.06640625,418.0625
3562.4151649475098,3562.4151649475098,NoButton,Move,710.4921875,417.48828125
3562.4232120513916,3562.4232120513916,NoButton,Move,710.203125,416.9140625
3562.4314110279083,3562.4314110279083,NoButton,Move,709.62890625,416.33984375
3562.439481973648,3562.439481973648,NoButton,Move,708.26171875,416.33984375
3562.4478080272675,3562.4478080272675,NoButton,Move,708.0,416.33984375
3562.5237460136414,3562.5237460136414,Right,Pressed,708.0,416.33984375
3562.6452720165253,3562.6452720165253,Right,Released,708.0,416.33984375
3562.9397399425507,3562.9397399425507,Right,Pressed,708.0,416.33984375
3563.062646150589,3563.062646150589,Right,Released,708.0,416.33984375
3563.324966907501,3563.324966907501,NoButton,Move,708.92578125,416.33984375
3563.331971883774,3563.331971883774,NoButton,Move,710.2890625,416.6796875
3563.340210914612,3563.340210914612,NoButton,Move,712.2734375,418.265625
3563.348290205002,3563.348290205002,NoButton,Move,714.98828125,420.98046875
3563.3567299842834,3563.3567299842834,NoButton,Move,719.5,426.05859375
3563.3651559352875,3563.3651559352875,NoButton,Move,723.25390625,430.8828125
3563.3730278015137,3563.3730278015137,NoButton,Move,727.9921875,437.3984375
3563.382213830948,3563.382213830948,NoButton,Move,732.953125,444.83984375
3563.3892300128937,3563.3892300128937,NoButton,Move,738.13671875,453.265625
3563.397561073303,3563.397561073303,NoButton,Move,743.546875,462.734375
3563.4056210517883,3563.4056210517883,NoButton,Move,749.1796875,473.30078125
3563.415088891983,3563.415088891983,NoButton,Move,754.3046875,485.75390625
3563.422075033188,3563.422075033188,NoButton,Move,759.234375,497.0234375
3563.4313790798187,3563.4313790798187,NoButton,Move,763.62890625,509.4765625
3563.4391660690308,3563.4391660690308,NoButton,Move,767.85546875,520.74609375
3563.446540117264,3563.446540117264,NoButton,Move,768.92578125,526.64453125
3563.4547321796417,3563.4547321796417,NoButton,Move,771.515625,536.3671875
3563.463427066803,3563.463427066803,NoButton,Move,773.2890625,544.06640625
3563.472524166107,3563.472524166107,NoButton,Move,774.47265625,551.765625
3563.479195833206,3563.479195833206,NoButton,Move,775.0078125,557.6640625
3563.4875390529633,3563.4875390529633,NoButton,Move,775.375,559.5078125
3563.4956438541412,3563.4956438541412,NoButton,Move,775.375,563.83203125
3563.5038089752197,3563.5038089752197,NoButton,Move,775.375,567.453125
3563.512167930603,3563.512167930603,NoButton,Move,775.375,569.83203125
3563.5216341018677,3563.5216341018677,NoButton,Move,775.375,571.67578125
3563.5282728672028,3563.5282728672028,NoButton,Move,775.375,572.61328125
3563.538871049881,3563.538871049881,NoButton,Move,774.74609375,573.55078125
3563.54469704628,3563.54469704628,NoButton,Move,774.171875,574.12109375
3563.552771806717,3563.552771806717,NoButton,Move,773.59765625,574.40625
3563.5615479946136,3563.5615479946136,NoButton,Move,773.0234375,574.69140625
3563.5710110664368,3563.5710110664368,NoButton,Move,772.76171875,574.69140625
3563.5789561271667,3563.5789561271667,NoButton,Move,772.1875,574.69140625
3563.589462995529,3563.589462995529,NoButton,Move,771.92578125,574.69140625
3563.594430923462,3563.594430923462,NoButton,Move,771.3515625,574.69140625
3563.602299928665,3563.602299928665,NoButton,Move,771.08984375,574.69140625
3563.621840953827,3563.621840953827,NoButton,Move,770.84375,574.4453125
3563.626785993576,3563.626785993576,NoButton,Move,770.52734375,573.50390625
3563.635859966278,3563.635859966278,NoButton,Move,770.15625,571.65625
3563.6433391571045,3563.6433391571045,NoButton,Move,770.15625,569.80859375
3563.653867959976,3563.653867959976,NoButton,Move,769.7578125,567.42578125
3563.659681081772,3563.659681081772,NoButton,Move,769.33203125,564.44921875
3563.67245388031,3563.67245388031,NoButton,Move,768.90625,561.47265625
3563.676111936569,3563.676111936569,NoButton,Move,768.90625,559.625
3563.6902310848236,3563.6902310848236,NoButton,Move,768.48046875,556.6484375
3563.692195892334,3563.692195892334,NoButton,Move,768.48046875,554.265625
3563.703780889511,3563.703780889511,NoButton,Move,768.08203125,551.8828125
3563.708424091339,3563.708424091339,NoButton,Move,768.08203125,550.03515625
3563.7171490192413,3563.7171490192413,NoButton,Move,767.7109375,548.1875
3563.725023984909,3563.725023984909,NoButton,Move,767.7109375,546.33984375
3563.7337069511414,3563.7337069511414,NoButton,Move,767.7109375,544.97265625
3563.741301059723,3563.741301059723,NoButton,Move,767.33984375,543.125
3563.7494270801544,3563.7494270801544,NoButton,Move,767.33984375,541.7578125
3563.757683992386,3563.757683992386,NoButton,Move,767.33984375,539.375
3563.766051054001,3563.766051054001,NoButton,Move,767.33984375,538.43359375
3563.773829936981,3563.773829936981,NoButton,Move,767.33984375,536.5859375
3563.78241109848,3563.78241109848,NoButton,Move,767.33984375,535.21875
3563.790349006653,3563.790349006653,NoButton,Move,767.33984375,533.8515625
3563.799026966095,3563.799026966095,NoButton,Move,767.33984375,532.484375
3563.806890964508,3563.806890964508,NoButton,Move,767.33984375,531.54296875
3563.815062046051,3563.815062046051,NoButton,Move,767.33984375,530.6015625
3563.8238558769226,3563.8238558769226,NoButton,Move,767.33984375,530.02734375
3563.833930015564,3563.833930015564,NoButton,Move,767.33984375,529.765625
3563.839963912964,3563.839963912964,NoButton,Move,767.33984375,529.50390625
3563.8481731414795,3563.8481731414795,NoButton,Move,767.33984375,529.2421875
3563.8563690185547,3563.8563690185547,NoButton,Move,767.33984375,528.98046875
3563.8809909820557,3563.8809909820557,NoButton,Move,767.33984375,528.73828125
3563.940423965454,3563.940423965454,Left,Pressed,767.33984375,528.73828125
3564.020643234253,3564.020643234253,Left,Released,767.33984375,528.73828125
3564.3641510009766,3564.3641510009766,NoButton,Move,768.5,528.96875
3564.3719630241394,3564.3719630241394,NoButton,Move,770.34375,530.07421875
3564.3803288936615,3564.3803288936615,NoButton,Move,772.72265625,531.26171875
3564.388153076172,3564.388153076172,NoButton,Move,775.26953125,532.9609375
3564.3962519168854,3564.3962519168854,NoButton,Move,778.2421875,534.234375
3564.4045929908752,3564.4045929908752,NoButton,Move,781.41015625,536.04296875
3564.4126629829407,3564.4126629829407,NoButton,Move,785.03125,537.3984375
3564.4207801818848,3564.4207801818848,NoButton,Move,788.65234375,539.20703125
3564.429164171219,3564.429164171219,NoButton,Move,792.97265625,540.64453125
3564.4375619888306,3564.4375619888306,NoButton,Move,797.296875,542.56640625
3564.4458088874817,3564.4458088874817,NoButton,Move,801.62109375,544.48828125
3564.453626871109,3564.453626871109,NoButton,Move,805.9453125,545.9296875
3564.46200299263,3564.46200299263,NoButton,Move,810.26953125,546.890625
3564.4703691005707,3564.4703691005707,NoButton,Move,812.11328125,547.62890625
3564.478371143341,3564.478371143341,NoButton,Move,818.01171875,548.69921875
3564.487207889557,3564.487207889557,NoButton,Move,819.85546875,549.06640625
3564.4947788715363,3564.4947788715363,NoButton,Move,824.1796875,549.06640625
3565.8047449588776,3565.8047449588776,Left,Pressed,824.1796875,549.06640625
3565.921277999878,3565.921277999878,Left,Released,824.1796875,549.06640625
3567.083097934723,3567.083097934723,NoButton,Move,823.9453125,549.06640625
3567.0943381786346,3567.0943381786346,NoButton,Move,821.5625,549.06640625
3567.0986189842224,3567.0986189842224,NoButton,Move,819.1796875,549.06640625
3567.1068069934845,3567.1068069934845,NoButton,Move,814.8515625,549.06640625
3567.114849090576,3567.114849090576,NoButton,Move,810.5234375,548.58203125
3567.1231451034546,3567.1231451034546,NoButton,Move,801.8359375,546.71875
3567.1311869621277,3567.1311869621277,NoButton,Move,783.23828125,543.3359375
3567.1394760608673,3567.1394760608673,NoButton,Move,767.45703125,540.96875
3567.1478128433228,3567.1478128433228,NoButton,Move,758.76953125,539.10546875
3567.1561710834503,3567.1561710834503,NoButton,Move,741.609375,536.65234375
3567.16419005394,3567.16419005394,NoButton,Move,724.44921875,533.3828125
3567.1732280254364,3567.1732280254364,NoButton,Move,707.2890625,530.11328125
3567.1804790496826,3567.1804790496826,NoButton,Move,691.5078125,527.74609375
3567.1886191368103,3567.1886191368103,NoButton,Move,675.7265625,524.58984375
3567.1968121528625,3567.1968121528625,NoButton,Move,662.53515625,520.92578125
3567.2048268318176,3567.2048268318176,NoButton,Move,656.6328125,519.31640625
3567.213262796402,3567.213262796402,NoButton,Move,645.80859375,516.609375
3567.221176147461,3567.221176147461,NoButton,Move,637.12109375,514.125
3567.229794025421,3567.229794025421,NoButton,Move,629.45703125,511.765625
3567.237920999527,3567.237920999527,NoButton,Move,623.5546875,510.15625
3567.2460658550262,3567.2460658550262,NoButton,Move,621.171875,509.7578125
3567.257752895355,3567.257752895355,NoButton,Move,616.84375,508.79296875
3567.262284040451,3567.262284040451,NoButton,Move,613.8671875,508.3671875
3567.2704248428345,3567.2704248428345,NoButton,Move,611.484375,507.96875
3567.278804063797,3567.278804063797,NoButton,Move,609.63671875,507.59765625
3567.287754058838,3567.287754058838,NoButton,Move,608.6953125,507.59765625
3567.295236825943,3567.295236825943,NoButton,Move,608.12109375,507.59765625
3567.3043100833893,3567.3043100833893,NoButton,Move,607.546875,507.30859375
3567.311635017395,3567.311635017395,NoButton,Move,607.28515625,507.30859375
3567.3204770088196,3567.3204770088196,NoButton,Move,607.0234375,507.30859375
3567.4265081882477,3567.4265081882477,NoButton,Move,607.25390625,507.30859375
3567.4348480701447,3567.4348480701447,NoButton,Move,607.82421875,507.30859375
3567.4426341056824,3567.4426341056824,NoButton,Move,608.76171875,507.30859375
3567.4544870853424,3567.4544870853424,NoButton,Move,609.69921875,507.30859375
3567.459193944931,3567.459193944931,NoButton,Move,610.63671875,507.30859375
3567.4687628746033,3567.4687628746033,NoButton,Move,612.0,507.6484375
3567.4755449295044,3567.4755449295044,NoButton,Move,613.36328125,507.98828125
3567.4836571216583,3567.4836571216583,NoButton,Move,614.7265625,508.328125
3567.491903066635,3567.491903066635,NoButton,Move,616.5703125,509.06640625
3567.499992132187,3567.499992132187,NoButton,Move,617.93359375,509.40625
3567.5081849098206,3567.5081849098206,NoButton,Move,619.77734375,510.14453125
3567.5164408683777,3567.5164408683777,NoButton,Move,621.140625,510.484375
3567.5248398780823,3567.5248398780823,NoButton,Move,622.984375,511.22265625
3567.532953977585,3567.532953977585,NoButton,Move,624.34765625,511.90234375
3567.541037082672,3567.541037082672,NoButton,Move,625.7109375,512.58203125
3567.5492849349976,3567.5492849349976,NoButton,Move,627.07421875,513.26171875
3567.5574519634247,3567.5574519634247,NoButton,Move,628.01171875,513.88671875
3567.565526008606,3567.565526008606,NoButton,Move,628.58203125,514.171875
3567.573762178421,3567.573762178421,NoButton,Move,629.15234375,514.45703125
3567.5818300247192,3567.5818300247192,NoButton,Move,629.72265625,514.7421875
3567.601227045059,3567.601227045059,NoButton,Move,629.98046875,515.0
3567.6013100147247,3567.6013100147247,NoButton,Move,630.23828125,515.2578125
3567.6063261032104,3567.6063261032104,NoButton,Move,630.80859375,515.54296875
3567.6849489212036,3567.6849489212036,Right,Pressed,630.80859375,515.54296875
3567.798527956009,3567.798527956009,Right,Released,630.80859375,515.54296875
3568.0492329597473,3568.0492329597473,NoButton,Move,631.26953125,515.54296875
3568.0569548606873,3568.0569548606873,NoButton,Move,632.20703125,515.54296875
3568.065062046051,3568.065062046051,NoButton,Move,633.5703125,515.54296875
3568.0760629177094,3568.0760629177094,NoButton,Move,635.4140625,515.54296875
3568.0817210674286,3568.0817210674286,NoButton,Move,637.2578125,515.54296875
3568.0897228717804,3568.0897228717804,NoButton,Move,639.1015625,515.54296875
3568.097848176956,3568.097848176956,NoButton,Move,640.9453125,515.54296875
3568.105902194977,3568.105902194977,NoButton,Move,642.30859375,515.54296875
3568.114175081253,3568.114175081253,NoButton,Move,643.671875,515.54296875
3568.1230969429016,3568.1230969429016,NoButton,Move,645.03515625,515.54296875
3568.1306319236755,3568.1306319236755,NoButton,Move,645.97265625,515.85546875
3568.1423711776733,3568.1423711776733,NoButton,Move,646.91015625,516.16796875
3568.1467730998993,3568.1467730998993,NoButton,Move,647.48046875,516.73828125
3568.158366918564,3568.158366918564,NoButton,Move,647.73828125,516.99609375
3568.1631429195404,3568.1631429195404,NoButton,Move,648.05078125,517.93359375
3568.1714251041412,3568.1714251041412,NoButton,Move,648.3359375,518.50390625
3568.1793580055237,3568.1793580055237,NoButton,Move,648.6484375,519.44140625
3568.18754696846,3568.18754696846,NoButton,Move,648.93359375,520.01171875
3568.1956119537354,3568.1956119537354,NoButton,Move,648.93359375,520.94921875
3568.204055070877,3568.204055070877,NoButton,Move,649.24609375,521.88671875
3568.21200799942,3568.21200799942,NoButton,Move,649.24609375,522.82421875
3568.2202858924866,3568.2202858924866,NoButton,Move,649.24609375,523.76171875
3568.228693962097,3568.228693962097,NoButton,Move,649.55859375,524.69921875
3568.2366750240326,3568.2366750240326,NoButton,Move,649.55859375,525.63671875
3568.2447848320007,3568.2447848320007,NoButton,Move,649.87109375,526.57421875
3568.254944086075,3568.254944086075,NoButton,Move,650.18359375,527.51171875
3568.2614641189575,3568.2614641189575,NoButton,Move,650.46875,528.08203125
3568.272975921631,3568.272975921631,NoButton,Move,650.78125,529.01953125
3568.2775270938873,3568.2775270938873,NoButton,Move,651.09375,529.95703125
3568.2898919582367,3568.2898919582367,NoButton,Move,651.40625,530.89453125
3568.2939760684967,3568.2939760684967,NoButton,Move,652.03125,531.83203125
3568.3060500621796,3568.3060500621796,NoButton,Move,652.6015625,532.40234375
3568.3103189468384,3568.3103189468384,NoButton,Move,652.88671875,532.97265625
3568.31960606575,3568.31960606575,NoButton,Move,653.171875,533.54296875
3568.3373639583588,3568.3373639583588,Left,Pressed,653.171875,533.54296875
3568.35383105278,3568.35383105278,NoButton,Move,653.29296875,533.6640625
3568.4375500679016,3568.4375500679016,Left,Released,653.29296875,533.6640625
3568.8019819259644,3568.8019819259644,NoButton,Move,653.29296875,533.89453125
3568.809653043747,3568.809653043747,NoButton,Move,652.9765625,534.83203125
3568.817943096161,3568.817943096161,NoButton,Move,651.8671875,536.30859375
3568.8263969421387,3568.8263969421387,NoButton,Move,649.7421875,538.85546875
3568.8394408226013,3568.8394408226013,NoButton,Move,645.984375,543.6796875
3568.8424899578094,3568.8424899578094,NoButton,Move,642.2265625,548.50390625
3568.850594997406,3568.850594997406,NoButton,Move,638.2734375,554.14453125
3568.858955144882,3568.858955144882,NoButton,Move,633.53125,560.66015625
3568.8671481609344,3568.8671481609344,NoButton,Move,627.6953125,569.0859375
3568.8940081596375,3568.8940081596375,NoButton,Move,620.9296875,577.87890625
3568.8941309452057,3568.8941309452057,NoButton,Move,613.6015625,588.8671875
3568.8942301273346,3568.8942301273346,NoButton,Move,604.1328125,601.48828125
3568.9018709659576,3568.9018709659576,NoButton,Move,588.34375,623.19140625
3568.929088115692,3568.929088115692,NoButton,Move,576.984375,639.78515625
3568.9291920661926,3568.9291920661926,NoButton,Move,565.1484375,655.0
3568.9294719696045,3568.9294719696045,NoButton,Move,558.3828125,663.79296875
3569.2280130386353,3569.2280130386353,NoButton,Move,558.3828125,663.55859375
3569.237837076187,3569.237837076187,NoButton,Move,558.3828125,662.6171875
3569.2471261024475,3569.2471261024475,NoButton,Move,558.3828125,661.25
3569.2536771297455,3569.2536771297455,NoButton,Move,558.3828125,658.2734375
3569.2605907917023,3569.2605907917023,NoButton,Move,557.87109375,653.1875
3569.273643016815,3569.273643016815,NoButton,Move,555.1875,647.8203125
3569.2782061100006,3569.2782061100006,NoButton,Move,547.578125,634.88671875
3569.2871911525726,3569.2871911525726,NoButton,Move,538.8984375,621.47265625
3569.29328584671,3569.29328584671,NoButton,Move,527.5390625,604.875
3569.303824901581,3569.303824901581,NoButton,Move,513.5859375,585.34375
3569.3092968463898,3569.3092968463898,NoButton,Move,496.328125,561.99609375
3569.3192319869995,3569.3192319869995,NoButton,Move,479.5546875,540.2890625
3569.3256549835205,3569.3256549835205,NoButton,Move,471.80078125,530.421875
3569.3380811214447,3569.3380811214447,NoButton,Move,456.91796875,511.8203125
3569.342262029648,3569.342262029648,NoButton,Move,442.48828125,495.5859375
3569.3544409275055,3569.3544409275055,NoButton,Move,430.65234375,481.21484375
3569.35857796669,3569.35857796669,NoButton,Move,419.2109375,468.140625
3569.3669040203094,3569.3669040203094,NoButton,Move,408.1640625,456.3046875
3570.153742790222,3570.153742790222,NoButton,Move,408.1640625,456.0703125
3570.1622331142426,3570.1622331142426,NoButton,Move,406.4609375,453.51953125
3570.171113014221,3570.171113014221,NoButton,Move,404.0546875,449.671875
3570.177868127823,3570.177868127823,NoButton,Move,402.2421875,446.046875
3570.187378883362,3570.187378883362,NoButton,Move,400.20703125,440.9609375
3570.1942710876465,3570.1942710876465,NoButton,Move,398.171875,435.875
3570.2041108608246,3570.2041108608246,NoButton,Move,396.13671875,430.7890625
3570.2106659412384,3570.2106659412384,NoButton,Move,392.89453125,421.0625
3570.2204418182373,3570.2204418182373,NoButton,Move,389.65234375,411.3359375
3570.226984024048,3570.226984024048,NoButton,Move,386.41015625,401.609375
3570.237002134323,3570.237002134323,NoButton,Move,385.390625,396.5234375
3570.2431938648224,3570.2431938648224,NoButton,Move,382.796875,386.796875
3570.2581839561462,3570.2581839561462,NoButton,Move,380.42578125,379.09375
3570.2594649791718,3570.2594649791718,NoButton,Move,378.73046875,372.3203125
3570.2713301181793,3570.2713301181793,NoButton,Move,378.33203125,369.9375
3570.275873184204,3570.275873184204,NoButton,Move,377.3125,364.8515625
3570.2886111736298,3570.2886111736298,NoButton,Move,376.4609375,361.875
3570.2920451164246,3570.2920451164246,NoButton,Move,376.0625,359.4921875
3570.301290035248,3570.301290035248,NoButton,Move,375.6640625,357.109375
3570.310580968857,3570.310580968857,NoButton,Move,375.6640625,355.7421875
3570.316824197769,3570.316824197769,NoButton,Move,375.375,355.16796875
3570.3248670101166,3570.3248670101166,NoButton,Move,375.375,354.59375
3570.333039999008,3570.333039999008,NoButton,Move,375.375,354.33203125
3570.34135890007,3570.34135890007,NoButton,Move,375.375,354.0703125
3570.6613368988037,3570.6613368988037,NoButton,Move,375.375,354.765625
3570.6709530353546,3570.6709530353546,NoButton,Move,375.375,356.12890625
3570.677594900131,3570.677594900131,NoButton,Move,375.375,357.96875
3570.687642812729,3570.687642812729,NoButton,Move,375.375,360.94140625
3570.6938598155975,3570.6938598155975,NoButton,Move,375.375,367.7109375
3570.7041170597076,3570.7041170597076,NoButton,Move,375.375,373.609375
3570.7102558612823,3570.7102558612823,NoButton,Move,375.375,381.30859375
3570.7206659317017,3570.7206659317017,NoButton,Move,375.375,391.03125
3570.726594209671,3570.726594209671,NoButton,Move,375.375,403.0078125
3570.74015212059,3570.74015212059,NoButton,Move,375.375,414.984375
3570.7431089878082,3570.7431089878082,NoButton,Move,375.375,428.171875
3570.7565410137177,3570.7565410137177,NoButton,Move,375.375,441.359375
3570.759402036667,3570.759402036667,NoButton,Move,376.1328125,455.8125
3570.766921043396,3570.766921043396,NoButton,Move,376.91796875,471.58984375
3570.7754559516907,3570.7754559516907,NoButton,Move,378.4375,486.04296875
3570.7833290100098,3570.7833290100098,NoButton,Move,379.95703125,500.49609375
3570.7919239997864,3570.7919239997864,NoButton,Move,382.30859375,516.1953125
3570.8000860214233,3570.8000860214233,NoButton,Move,385.4609375,531.97265625
3570.8083930015564,3570.8083930015564,NoButton,Move,387.65625,545.16015625
3570.816680908203,3570.816680908203,NoButton,Move,390.5859375,558.34765625
3570.827450990677,3570.827450990677,NoButton,Move,392.19140625,564.24609375
3570.8338618278503,3570.8338618278503,NoButton,Move,394.1328125,573.96875
3570.848717212677,3570.848717212677,NoButton,Move,395.03515625,577.58984375
3570.848937034607,3570.848937034607,NoButton,Move,396.640625,583.48828125
3570.8571360111237,3570.8571360111237,NoButton,Move,397.65625,588.5703125
3570.8653361797333,3570.8653361797333,NoButton,Move,398.078125,591.54296875
3570.8737490177155,3570.8737490177155,NoButton,Move,398.47265625,593.921875
3570.881860971451,3570.881860971451,NoButton,Move,398.8125,595.28515625
3570.889986038208,3570.889986038208,NoButton,Move,399.125,596.22265625
3570.898397922516,3570.898397922516,NoButton,Move,399.125,596.79296875
3570.906527042389,3570.906527042389,NoButton,Move,399.3828125,597.05078125
3570.914734840393,3570.914734840393,NoButton,Move,399.3828125,597.30859375
3570.9725229740143,3570.9725229740143,NoButton,Move,399.625,596.578125
3570.980432987213,3570.980432987213,NoButton,Move,399.625,595.2109375
3570.9885289669037,3570.9885289669037,NoButton,Move,399.625,593.84375
3570.9967789649963,3570.9967789649963,NoButton,Move,399.9921875,591.99609375
3571.0151159763336,3571.0151159763336,NoButton,Move,399.9921875,590.62890625
3571.0152158737183,3571.0152158737183,NoButton,Move,399.9921875,588.78125
3571.021224975586,3571.021224975586,NoButton,Move,400.33203125,587.4140625
3571.029354095459,3571.029354095459,NoButton,Move,400.33203125,585.56640625
3571.0405609607697,3571.0405609607697,NoButton,Move,400.33203125,584.625
3571.045758008957,3571.045758008957,NoButton,Move,400.671875,583.2578125
3571.054141998291,3571.054141998291,NoButton,Move,400.671875,582.31640625
3571.06196308136,3571.06196308136,NoButton,Move,400.671875,581.7421875
3571.073506116867,3571.073506116867,NoButton,Move,400.671875,581.16796875
3571.0786271095276,3571.0786271095276,NoButton,Move,400.671875,580.59375
3571.0869040489197,3571.0869040489197,NoButton,Move,400.671875,580.33203125
3571.0949211120605,3571.0949211120605,NoButton,Move,400.9296875,580.0703125
3571.111163854599,3571.111163854599,NoButton,Move,400.9296875,579.82421875
3576.7877349853516,3576.7877349853516,NoButton,Move,400.9296875,579.59375
3576.7955400943756,3576.7955400943756,NoButton,Move,400.9296875,577.2109375
3576.804598093033,3576.804598093033,NoButton,Move,400.9296875,574.828125
3576.8120799064636,3576.8120799064636,NoButton,Move,401.3515625,571.8515625
3576.8203048706055,3576.8203048706055,NoButton,Move,401.80078125,568.2265625
3576.8284599781036,3576.8284599781036,NoButton,Move,402.703125,564.6015625
3576.8367099761963,3576.8367099761963,NoButton,Move,404.05859375,560.9765625
3576.8447771072388,3576.8447771072388,NoButton,Move,405.01953125,556.6484375
3576.8529229164124,3576.8529229164124,NoButton,Move,405.921875,553.0234375
3576.8613929748535,3576.8613929748535,NoButton,Move,406.8828125,548.6953125
3576.869542837143,3576.869542837143,NoButton,Move,408.23828125,545.0703125
3576.8777239322662,3576.8777239322662,NoButton,Move,408.60546875,543.22265625
3576.885870218277,3576.885870218277,NoButton,Move,409.453125,540.24609375
3576.8939599990845,3576.8939599990845,NoButton,Move,410.30078125,537.26953125
3576.902233839035,3576.902233839035,NoButton,Move,411.0390625,535.421875
3576.9102869033813,3576.9102869033813,NoButton,Move,411.43359375,533.0390625
3576.918270111084,3576.918270111084,NoButton,Move,411.7734375,531.671875
3576.926770925522,3576.926770925522,NoButton,Move,412.140625,529.828125
3576.9350390434265,3576.9350390434265,NoButton,Move,412.140625,527.4453125
3576.943150997162,3576.943150997162,NoButton,Move,412.140625,525.0625
3576.950919866562,3576.950919866562,NoButton,Move,412.140625,524.12109375
3576.959277153015,3576.959277153015,NoButton,Move,412.140625,521.73828125
3576.967417240143,3576.967417240143,NoButton,Move,412.140625,519.890625
3576.975736141205,3576.975736141205,NoButton,Move,412.140625,518.5234375
3576.9841952323914,3576.9841952323914,NoButton,Move,412.140625,517.15625
3577.0122859477997,3577.0122859477997,Left,Pressed,412.140625,517.15625
3577.020462036133,3577.020462036133,NoButton,Move,412.140625,516.7265625
3577.1042819023132,3577.1042819023132,Left,Released,412.140625,516.7265625
3577.352921962738,3577.352921962738,NoButton,Move,415.0,516.7265625
3577.3529810905457,3577.3529810905457,NoButton,Move,422.69921875,516.7265625
3577.360064983368,3577.360064983368,NoButton,Move,433.96875,520.953125
3577.36838889122,3577.36838889122,NoButton,Move,447.15625,525.34765625
3577.3771028518677,3577.3771028518677,NoButton,Move,463.49609375,531.06640625
3577.392369031906,3577.392369031906,NoButton,Move,481.24609375,538.671875
3577.392946958542,3577.392946958542,NoButton,Move,501.98046875,545.8828125
3577.4209620952606,3577.4209620952606,NoButton,Move,542.0390625,561.66015625
3577.4210460186005,3577.4210460186005,NoButton,Move,561.875,570.67578125
3577.421142101288,3577.421142101288,NoButton,Move,601.93359375,587.66796875
3577.4511601924896,3577.4511601924896,NoButton,Move,640.77734375,605.875
3577.4512190818787,3577.4512190818787,NoButton,Move,675.484375,622.0703125
3577.4512598514557,3577.4512598514557,NoButton,Move,687.9375,627.9296875
3577.4512979984283,3577.4512979984283,NoButton,Move,698.08203125,631.98828125
3577.458701133728,3577.458701133728,NoButton,Move,703.98046875,633.59375
3577.466623067856,3577.466623067856,NoButton,Move,716.35546875,637.9609375
3577.4746730327606,3577.4746730327606,NoButton,Move,729.54296875,641.62109375
3577.4827778339386,3577.4827778339386,NoButton,Move,731.921875,641.62109375
3596.1634850502014,3596.1634850502014,NoButton,Move,731.4609375,641.62109375
3596.175467967987,3596.175467967987,NoButton,Move,729.078125,641.62109375
3596.1774289608,3596.1774289608,NoButton,Move,726.6953125,640.82421875
3596.1862149238586,3596.1862149238586,NoButton,Move,722.3671875,638.8984375
3596.193958044052,3596.193958044052,NoButton,Move,715.2578125,635.34375
3596.2022290229797,3596.2022290229797,NoButton,Move,708.1484375,631.1953125
3596.2103481292725,3596.2103481292725,NoButton,Move,699.71875,626.0078125
3596.219540119171,3596.219540119171,NoButton,Move,688.7265625,618.6796875
3596.2267441749573,3596.2267441749573,NoButton,Move,667.640625,604.3046875
3596.2357251644135,3596.2357251644135,NoButton,Move,660.1953125,599.33984375
3596.243196964264,3596.243196964264,NoButton,Move,646.30078125,588.71484375
3596.252249956131,3596.252249956131,NoButton,Move,631.08203125,577.72265625
3596.2594900131226,3596.2594900131226,NoButton,Move,615.86328125,565.88671875
3596.2691929340363,3596.2691929340363,NoButton,Move,588.359375,544.984375
3596.276183128357,3596.276183128357,NoButton,Move,580.578125,538.5
3596.289025068283,3596.289025068283,NoButton,Move,566.20703125,525.8203125
3596.9809069633484,3596.9809069633484,NoButton,Move,566.4375,525.8203125
3596.988835811615,3596.988835811615,NoButton,Move,568.28125,525.8203125
3596.9967000484467,3596.9967000484467,NoButton,Move,573.36328125,525.8203125
3597.004849910736,3597.004849910736,NoButton,Move,579.26171875,523.671875
3597.0133740901947,3597.0133740901947,NoButton,Move,593.4609375,515.78125
3597.021317958832,3597.021317958832,NoButton,Move,616.8046875,498.5234375
3597.029475927353,3597.029475927353,NoButton,Move,637.1015625,478.22265625
3601.233097076416,3601.233097076416,NoButton,Move,637.79296875,478.22265625
3601.2405829429626,3601.2405829429626,NoButton,Move,640.9609375,480.03125
3601.248988866806,3601.248988866806,NoButton,Move,644.8046875,482.43359375
3601.2570140361786,3601.2570140361786,NoButton,Move,648.42578125,483.7890625
3601.265158891678,3601.265158891678,NoButton,Move,652.046875,485.14453125
3601.273451089859,3601.273451089859,NoButton,Move,656.37109375,487.06640625
3601.281718969345,3601.281718969345,NoButton,Move,659.9921875,487.96875
3601.2898540496826,3601.2898540496826,NoButton,Move,665.07421875,488.984375
3601.2979447841644,3601.2979447841644,NoButton,Move,669.3984375,489.46484375
3601.306427001953,3601.306427001953,NoButton,Move,673.71484375,490.421875
3601.3144252300262,3601.3144252300262,NoButton,Move,681.4140625,491.60546875
3601.322632074356,3601.322632074356,NoButton,Move,689.11328125,492.1953125
3601.3315279483795,3601.3315279483795,NoButton,Move,696.8125,492.78515625
3601.339374780655,3601.339374780655,NoButton,Move,703.58203125,492.78515625
3601.3473269939423,3601.3473269939423,NoButton,Move,709.48046875,492.78515625
3601.355630874634,3601.355630874634,NoButton,Move,715.37890625,492.78515625
3601.36425614357,3601.36425614357,NoButton,Move,720.4609375,491.765625
3601.372307062149,3601.372307062149,NoButton,Move,722.3046875,491.0234375
3601.380639076233,3601.380639076233,NoButton,Move,728.203125,488.875
3601.389909029007,3601.389909029007,NoButton,Move,731.82421875,487.515625
3601.396632194519,3601.396632194519,NoButton,Move,733.1875,486.83203125
3601.404881954193,3601.404881954193,NoButton,Move,735.56640625,485.640625
3601.4126579761505,3601.4126579761505,NoButton,Move,737.41015625,484.53125
3601.4215009212494,3601.4215009212494,NoButton,Move,739.25390625,483.421875
3601.429135799408,3601.429135799408,NoButton,Move,740.27734375,482.39453125
3601.4400210380554,3601.4400210380554,NoButton,Move,741.75390625,481.28515625
3601.445578098297,3601.445578098297,NoButton,Move,742.37890625,480.34375
