5117.573057174683,5117.573057174683,NoButton,Move,758.7265625,626.9453125
5117.578903198242,5117.578903198242,NoButton,Move,758.7265625,628.7890625
5117.587698936462,5117.587698936462,NoButton,Move,758.7265625,631.16796875
5117.590975999832,5117.590975999832,NoButton,Move,758.7265625,633.01171875
5117.59929394722,5117.59929394722,NoButton,Move,758.7265625,634.375
5117.607343912125,5117.607343912125,NoButton,Move,759.40625,635.73828125
5117.615690946579,5117.615690946579,NoButton,Move,760.51171875,637.21484375
5117.623720884323,5117.623720884323,NoButton,Move,761.6171875,639.05859375
5117.632166862488,5117.632166862488,NoButton,Move,763.09375,640.53515625
5117.640111923218,5117.640111923218,NoButton,Move,764.19921875,642.37890625
5117.6482989788055,5117.6482989788055,NoButton,Move,766.3203125,644.92578125
5117.656491994858,5117.656491994858,NoButton,Move,768.44140625,647.47265625
5117.6647889614105,5117.6647889614105,NoButton,Move,770.5625,650.01953125
5117.673238992691,5117.673238992691,NoButton,Move,772.82421875,653.1875
5117.682233095169,5117.682233095169,NoButton,Move,773.9296875,654.6640625
5117.689665079117,5117.689665079117,NoButton,Move,776.98046875,658.73046875
5117.697486877441,5117.697486877441,NoButton,Move,778.6796875,661.27734375
5117.7056620121,5117.7056620121,NoButton,Move,780.48828125,664.4453125
5117.713889122009,5117.713889122009,NoButton,Move,781.16796875,665.80859375
5117.722285032272,5117.722285032272,NoButton,Move,782.35546875,668.1875
5117.731115102768,5117.731115102768,NoButton,Move,783.1484375,670.56640625
5117.738481044769,5117.738481044769,NoButton,Move,783.88671875,672.41015625
5117.7469210624695,5117.7469210624695,NoButton,Move,784.625,674.25390625
5117.7549431324005,5117.7549431324005,NoButton,Move,784.9921875,676.09765625
5117.765681028366,5117.765681028366,NoButton,Move,785.3046875,677.03515625
5117.771199941635,5117.771199941635,NoButton,Move,785.6171875,677.97265625
5117.779471874237,5117.779471874237,NoButton,Move,785.6171875,678.91015625
5117.787668943405,5117.787668943405,NoButton,Move,785.6171875,679.48046875
5117.796962022781,5117.796962022781,NoButton,Move,785.6171875,679.73828125
5117.803946018219,5117.803946018219,NoButton,Move,785.6171875,679.99609375
5117.812087059021,5117.812087059021,NoButton,Move,785.6171875,680.25390625
5117.820394039154,5117.820394039154,NoButton,Move,785.6171875,680.51171875
5117.866823911667,5117.866823911667,NoButton,Move,785.8515625,680.51171875
5117.902930021286,5117.902930021286,NoButton,Move,786.0859375,680.51171875
5117.919472932816,5117.919472932816,NoButton,Move,786.328125,680.51171875
5117.927582025528,5117.927582025528,NoButton,Move,786.328125,680.25
5117.93514919281,5117.93514919281,NoButton,Move,786.61328125,679.67578125
5117.9431710243225,5117.9431710243225,NoButton,Move,786.61328125,679.1015625
5117.951289892197,5117.951289892197,NoButton,Move,786.8984375,678.52734375
5117.959899902344,5117.959899902344,NoButton,Move,786.8984375,678.265625
5117.967818021774,5117.967818021774,NoButton,Move,787.18359375,677.69140625
5117.976133823395,5117.976133823395,NoButton,Move,787.18359375,677.4296875
5117.984344959259,5117.984344959259,NoButton,Move,787.18359375,677.16796875
5117.992503166199,5117.992503166199,NoButton,Move,787.44140625,676.90625
5118.009015083313,5118.009015083313,NoButton,Move,787.44140625,676.66015625
5118.239065885544,5118.239065885544,NoButton,Move,787.671875,676.66015625
5118.246484994888,5118.246484994888,NoButton,Move,787.9296875,676.66015625
5118.254753112793,5118.254753112793,NoButton,Move,788.8671875,676.66015625
5118.268476963043,5118.268476963043,NoButton,Move,790.23046875,676.66015625
5118.270972967148,5118.270972967148,NoButton,Move,792.07421875,676.66015625
5118.278831958771,5118.278831958771,NoButton,Move,793.91796875,676.66015625
5118.287446975708,5118.287446975708,NoButton,Move,796.296875,676.66015625
5118.300844192505,5118.300844192505,NoButton,Move,798.67578125,675.46875
5118.303724050522,5118.303724050522,NoButton,Move,802.51953125,673.0625
5118.312099933624,5118.312099933624,NoButton,Move,806.5859375,670.0078125
5118.320095062256,5118.320095062256,NoButton,Move,810.875,665.71484375
5118.334460020065,5118.334460020065,NoButton,Move,817.078125,658.88671875
5118.33650302887,5118.33650302887,NoButton,Move,821.22265625,652.3671875
5118.344434976578,5118.344434976578,NoButton,Move,825.3671875,645.2578125
5118.352988004684,5118.352988004684,NoButton,Move,829.0859375,637.19140625
5118.367027044296,5118.367027044296,NoButton,Move,832.1875,628.50390625
5118.369236946106,5118.369236946106,NoButton,Move,834.890625,617.6796875
5118.3772439956665,5118.3772439956665,NoButton,Move,836.296875,605.69921875
5118.385618925095,5118.385618925095,NoButton,Move,837.02734375,592.5078125
5118.393747091293,5118.393747091293,NoButton,Move,837.02734375,580.52734375
5118.402001857758,5118.402001857758,NoButton,Move,837.02734375,568.546875
5118.410096883774,5118.410096883774,NoButton,Move,837.02734375,562.64453125
5118.418359041214,5118.418359041214,NoButton,Move,835.73046875,552.91796875
5118.426644086838,5118.426644086838,NoButton,Move,832.625,544.23046875
5119.100390911102,5119.100390911102,NoButton,Move,832.85546875,544.23046875
5119.100633859634,5119.100633859634,NoButton,Move,833.09765625,544.23046875
5119.10084605217,5119.10084605217,NoButton,Move,833.33984375,544.23046875
5119.10098195076,5119.10098195076,NoButton,Move,833.59765625,544.23046875
5119.101088047028,5119.101088047028,NoButton,Move,833.85546875,544.48828125
5119.105831861496,5119.105831861496,NoButton,Move,834.11328125,544.74609375
5119.113929033279,5119.113929033279,NoButton,Move,834.11328125,545.00390625
5119.122274160385,5119.122274160385,NoButton,Move,834.37109375,545.26171875
5119.133394956589,5119.133394956589,NoButton,Move,834.62890625,545.51953125
5119.1386041641235,5119.1386041641235,NoButton,Move,834.88671875,545.77734375
5119.1467452049255,5119.1467452049255,NoButton,Move,835.45703125,546.0625
5119.154851913452,5119.154851913452,NoButton,Move,836.02734375,546.34765625
5119.1631009578705,5119.1631009578705,NoButton,Move,836.59765625,546.91796875
5119.171261072159,5119.171261072159,NoButton,Move,837.16796875,547.48828125
5119.179368972778,5119.179368972778,NoButton,Move,837.73828125,548.05859375
5119.187628984451,5119.187628984451,NoButton,Move,838.30859375,548.62890625
5119.1958611011505,5119.1958611011505,NoButton,Move,839.33203125,549.65234375
5119.204097032547,5119.204097032547,NoButton,Move,839.95703125,550.58984375
5119.212331056595,5119.212331056595,NoButton,Move,840.98046875,551.61328125
5119.220490932465,5119.220490932465,NoButton,Move,841.60546875,552.55078125
5119.228668928146,5119.228668928146,NoButton,Move,842.28515625,553.9140625
5119.23699593544,5119.23699593544,NoButton,Move,843.3046875,554.93359375
5119.245186090469,5119.245186090469,NoButton,Move,843.984375,556.296875
5119.253301143646,5119.253301143646,NoButton,Move,844.6640625,557.66015625
5119.261450052261,5119.261450052261,NoButton,Move,845.34375,559.0234375
5119.2695870399475,5119.2695870399475,NoButton,Move,846.0234375,560.38671875
5119.27822804451,5119.27822804451,NoButton,Move,846.76171875,562.23046875
5119.286237955093,5119.286237955093,NoButton,Move,847.44140625,563.59375
5119.299293994904,5119.299293994904,NoButton,Move,848.234375,565.97265625
5119.302510976791,5119.302510976791,NoButton,Move,848.546875,566.91015625
5119.310641050339,5119.310641050339,NoButton,Move,848.88671875,568.2734375
5119.318794965744,5119.318794965744,NoButton,Move,849.25390625,570.1171875
5119.327055931091,5119.327055931091,NoButton,Move,849.62109375,571.9609375
5119.335335016251,5119.335335016251,NoButton,Move,849.62109375,572.8984375
5119.343410015106,5119.343410015106,NoButton,Move,849.62109375,574.26171875
5119.351989030838,5119.351989030838,NoButton,Move,849.62109375,575.19921875
5119.360081911087,5119.360081911087,NoButton,Move,849.62109375,575.76953125
5119.3681790828705,5119.3681790828705,NoButton,Move,849.62109375,576.33984375
5119.376152038574,5119.376152038574,NoButton,Move,849.62109375,576.59765625
5119.384650945663,5119.384650945663,NoButton,Move,849.62109375,576.85546875
5119.392899990082,5119.392899990082,NoButton,Move,849.62109375,577.11328125
5119.400934934616,5119.400934934616,NoButton,Move,849.62109375,577.37109375
5119.442200183868,5119.442200183868,NoButton,Move,849.62109375,577.1328125
5119.450261116028,5119.450261116028,NoButton,Move,849.62109375,575.765625
5119.458597898483,5119.458597898483,NoButton,Move,849.62109375,573.91796875
5119.46667599678,5119.46667599678,NoButton,Move,849.62109375,570.29296875
5119.474904060364,5119.474904060364,NoButton,Move,849.08203125,564.390625
5119.483169078827,5119.483169078827,NoButton,Move,848.515625,557.6171875
5119.491357088089,5119.491357088089,NoButton,Move,848.515625,553.9921875
5119.501784086227,5119.501784086227,NoButton,Move,848.515625,547.21875
5119.5074582099915,5119.5074582099915,NoButton,Move,848.515625,542.1328125
5119.515545845032,5119.515545845032,NoButton,Move,848.515625,537.046875
5119.523833036423,5119.523833036423,NoButton,Move,848.99609375,532.71875
5119.534090042114,5119.534090042114,NoButton,Move,851.3984375,528.87109375
5119.540131807327,5119.540131807327,NoButton,Move,855.46484375,525.81640625
5119.548366785049,5119.548366785049,NoButton,Move,859.0859375,524.00390625
5119.556468963623,5119.556468963623,NoButton,Move,867.76953125,522.140625
5119.5653529167175,5119.5653529167175,NoButton,Move,875.46875,522.140625
5119.573106050491,5119.573106050491,NoButton,Move,885.19140625,522.140625
5119.581074953079,5119.581074953079,NoButton,Move,894.9140625,524.08203125
5119.589179992676,5119.589179992676,NoButton,Move,905.48046875,529.71484375
5119.599566221237,5119.599566221237,NoButton,Move,916.46875,537.0390625
5119.605507850647,5119.605507850647,NoButton,Move,927.87890625,546.16796875
5119.613881111145,5119.613881111145,NoButton,Move,938.52734375,556.81640625
5119.621949911118,5119.621949911118,NoButton,Move,949.17578125,567.46484375
5119.629871845245,5119.629871845245,NoButton,Move,957.234375,578.453125
5119.638198137283,5119.638198137283,NoButton,Move,965.91015625,591.86328125
5119.646364927292,5119.646364927292,NoButton,Move,972.50390625,603.58203125
5119.654823064804,5119.654823064804,NoButton,Move,974.6484375,609.48046875
5119.664870977402,5119.664870977402,NoButton,Move,978.65234375,619.4921875
5119.670840024948,5119.670840024948,NoButton,Move,981.2421875,629.21484375
5119.67995595932,5119.67995595932,NoButton,Move,983.015625,636.9140625
5119.687621831894,5119.687621831894,NoButton,Move,983.60546875,644.61328125
5119.697819948196,5119.697819948196,NoButton,Move,984.140625,650.51171875
5119.703752994537,5119.703752994537,NoButton,Move,984.140625,652.890625
5119.7118809223175,5119.7118809223175,NoButton,Move,984.140625,658.7890625
5120.04235291481,5120.04235291481,NoButton,Move,984.140625,659.25
5120.047622919083,5120.047622919083,NoButton,Move,983.56640625,659.8203125
5120.077950000763,5120.077950000763,NoButton,Move,982.0859375,661.296875
5120.078006029129,5120.078006029129,NoButton,Move,979.53515625,662.99609375
5120.078056097031,5120.078056097031,NoButton,Move,976.36328125,664.8046875
5120.106698989868,5120.106698989868,NoButton,Move,970.15234375,667.625
5120.10684299469,5120.10684299469,NoButton,Move,966.52734375,668.98046875
5120.106909036636,5120.106909036636,NoButton,Move,957.44921875,672.8671875
5120.106947183609,5120.106947183609,NoButton,Move,949.74609375,675.234375
5120.138906955719,5120.138906955719,NoButton,Move,941.05859375,677.71484375
5120.138972997665,5120.138972997665,NoButton,Move,931.33203125,679.65625
5120.139014959335,5120.139014959335,NoButton,Move,921.60546875,681.59765625
5120.139054775238,5120.139054775238,NoButton,Move,916.51953125,682.10546875
5120.145948886871,5120.145948886871,NoButton,Move,907.83203125,683.96484375
5120.153935909271,5120.153935909271,NoButton,Move,899.14453125,685.203125
5120.162597894669,5120.162597894669,NoButton,Move,891.44140625,685.79296875
5120.17022395134,5120.17022395134,NoButton,Move,883.73828125,686.3828125
5120.180131196976,5120.180131196976,NoButton,Move,876.03515625,686.97265625
5120.186596870422,5120.186596870422,NoButton,Move,870.1328125,686.97265625
5120.217806100845,5120.217806100845,NoButton,Move,865.046875,686.97265625
5120.217865943909,5120.217865943909,NoButton,Move,859.9609375,686.97265625
5120.217907905579,5120.217907905579,NoButton,Move,852.8515625,682.82421875
5120.221548080444,5120.221548080444,NoButton,Move,849.09375,677.99609375
5120.248313188553,5120.248313188553,NoButton,Move,844.12890625,670.55078125
5120.248368024826,5120.248368024826,NoButton,Move,840.57421875,663.44140625
5120.248407125473,5120.248407125473,NoButton,Move,836.51171875,653.29296875
5120.252201080322,5120.252201080322,NoButton,Move,833.12890625,642.46875
5120.260437965393,5120.260437965393,NoButton,Move,830.30859375,630.48828125
5120.268594026566,5120.268594026566,NoButton,Move,827.375,617.296875
5120.276802062988,5120.276802062988,NoButton,Move,825.90625,604.109375
5120.284943819046,5120.284943819046,NoButton,Move,825.171875,590.91796875
5120.293054103851,5120.293054103851,NoButton,Move,825.171875,576.4609375
5120.301255941391,5120.301255941391,NoButton,Move,825.171875,563.26953125
5120.309347867966,5120.309347867966,NoButton,Move,825.171875,556.49609375
5120.317651987076,5120.317651987076,NoButton,Move,826.5234375,545.671875
5120.325828790665,5120.325828790665,NoButton,Move,829.90234375,534.84765625
5120.33411192894,5120.33411192894,NoButton,Move,833.00390625,526.16015625
5120.342227935791,5120.342227935791,NoButton,Move,835.96484375,519.05078125
5120.3504819869995,5120.3504819869995,NoButton,Move,839.1796875,513.68359375
5120.358581066132,5120.358581066132,NoButton,Move,840.765625,511.6953125
5120.366815090179,5120.366815090179,NoButton,Move,843.02734375,508.5234375
5120.374980926514,5120.374980926514,NoButton,Move,845.1484375,505.97265625
5120.383240938187,5120.383240938187,NoButton,Move,846.625,504.4921875
5120.391342878342,5120.391342878342,NoButton,Move,847.6484375,503.46484375
5120.399642944336,5120.399642944336,NoButton,Move,848.671875,502.4375
5120.407727956772,5120.407727956772,NoButton,Move,848.9296875,502.17578125
5120.415971040726,5120.415971040726,NoButton,Move,849.1875,501.9140625
5120.424052000046,5120.424052000046,NoButton,Move,849.4453125,501.9140625
5120.432470083237,5120.432470083237,NoButton,Move,849.703125,501.65234375
5120.440496921539,5120.440496921539,NoButton,Move,849.703125,501.390625
5120.448720932007,5120.448720932007,NoButton,Move,849.703125,500.44921875
5120.456843137741,5120.456843137741,NoButton,Move,848.67578125,499.421875
5120.46518778801,5120.46518778801,NoButton,Move,847.1953125,497.94140625
5120.473270177841,5120.473270177841,NoButton,Move,844.64453125,496.23828125
5120.4815130233765,5120.4815130233765,NoButton,Move,841.27734375,493.3515625
5120.489618062973,5120.489618062973,NoButton,Move,834.7578125,488.609375
5120.497990846634,5120.497990846634,NoButton,Move,828.2421875,484.4609375
5120.506040096283,5120.506040096283,NoButton,Move,821.4140625,478.875
5120.514235973358,5120.514235973358,NoButton,Move,817.34375,475.8203125
5120.522468805313,5120.522468805313,NoButton,Move,810.515625,470.234375
5120.530669212341,5120.530669212341,NoButton,Move,803.6875,464.6484375
5120.5387580394745,5120.5387580394745,NoButton,Move,798.04296875,460.1328125
5120.54718708992,5120.54718708992,NoButton,Move,796.0546875,458.54296875
5120.555276155472,5120.555276155472,NoButton,Move,791.984375,455.48828125
5120.563542127609,5120.563542127609,NoButton,Move,788.6171875,452.6015625
5120.571634054184,5120.571634054184,NoButton,Move,786.62890625,451.01171875
5120.579747915268,5120.579747915268,NoButton,Move,785.1484375,449.53125
5120.58834695816,5120.58834695816,NoButton,Move,784.20703125,448.90234375
5120.59922003746,5120.59922003746,NoButton,Move,783.265625,448.2734375
5120.604462146759,5120.604462146759,NoButton,Move,782.9765625,447.69921875
5120.613061904907,5120.613061904907,NoButton,Move,782.40234375,447.41015625
5120.620643854141,5120.620643854141,NoButton,Move,782.140625,447.1484375
5120.631790161133,5120.631790161133,NoButton,Move,781.87890625,446.88671875
5120.637184143066,5120.637184143066,NoButton,Move,781.6171875,446.625
5120.64648604393,5120.64648604393,NoButton,Move,781.328125,446.05078125
5120.653517007828,5120.653517007828,NoButton,Move,781.01171875,445.109375
5120.662982940674,5120.662982940674,NoButton,Move,780.328125,443.7421875
5120.670058012009,5120.670058012009,NoButton,Move,779.53125,441.359375
5120.682882070541,5120.682882070541,NoButton,Move,778.6796875,438.3828125
5120.686388969421,5120.686388969421,NoButton,Move,777.3203125,434.7578125
5120.699563026428,5120.699563026428,NoButton,Move,775.875,430.4296875
5120.702704906464,5120.702704906464,NoButton,Move,774.34765625,425.34375
5120.714364051819,5120.714364051819,NoButton,Move,772.8203125,420.2578125
5120.719003915787,5120.719003915787,NoButton,Move,771.29296875,415.171875
5120.733548164368,5120.733548164368,NoButton,Move,770.89453125,412.7890625
5120.735426187515,5120.735426187515,NoButton,Move,769.44921875,408.4609375
5120.74369597435,5120.74369597435,NoButton,Move,768.59765625,405.484375
5120.7519471645355,5120.7519471645355,NoButton,Move,768.2265625,403.63671875
5120.759842157364,5120.759842157364,NoButton,Move,767.85546875,401.7890625
5120.768218994141,5120.768218994141,NoButton,Move,767.5390625,400.84765625
5120.776195049286,5120.776195049286,NoButton,Move,767.25,400.2734375
5120.784509897232,5120.784509897232,NoButton,Move,767.25,400.01171875
5120.817213058472,5120.817213058472,Left,Pressed,767.25,400.01171875
5120.817347764969,5120.817347764969,NoButton,Move,767.25,399.88671875
5120.916376113892,5120.916376113892,Left,Released,767.25,399.88671875
5121.082828998566,5121.082828998566,NoButton,Move,768.90234375,399.88671875
5121.197110176086,5121.197110176086,NoButton,Move,775.671875,402.140625
5121.197170972824,5121.197170972824,NoButton,Move,782.1875,406.28515625
5121.197211027145,5121.197211027145,NoButton,Move,792.75390625,411.91796875
5121.197249174118,5121.197249174118,NoButton,Move,805.20703125,417.04296875
5121.1972942352295,5121.1972942352295,NoButton,Move,815.7734375,423.3828125
5121.197329998016,5121.197329998016,NoButton,Move,828.703125,430.2265625
5121.197364091873,5121.197364091873,NoButton,Move,842.90234375,437.32421875
5121.197397947311,5121.197397947311,NoButton,Move,871.8359375,452.32421875
5121.197438001633,5121.197438001633,NoButton,Move,901.83984375,465.18359375
5121.197473049164,5121.197473049164,NoButton,Move,914.29296875,470.30859375
5121.907428979874,5121.907428979874,NoButton,Move,914.05859375,470.5390625
5121.917348861694,5121.917348861694,NoButton,Move,909.98828125,473.58984375
5121.922788858414,5121.922788858414,NoButton,Move,905.6953125,477.87890625
5121.933207988739,5121.933207988739,NoButton,Move,900.8671875,481.6328125
5121.93873000145,5121.93873000145,NoButton,Move,896.0390625,485.38671875
5121.947026968002,5121.947026968002,NoButton,Move,890.95703125,489.8984375
5121.955118894577,5121.955118894577,NoButton,Move,885.875,494.41015625
5121.964557170868,5121.964557170868,NoButton,Move,880.79296875,498.921875
5121.9716510772705,5121.9716510772705,NoButton,Move,870.53515625,507.7109375
5121.980384111404,5121.980384111404,NoButton,Move,861.375,515.4609375
5121.991282939911,5121.991282939911,NoButton,Move,852.21484375,523.2109375
5121.9993019104,5121.9993019104,NoButton,Move,847.63671875,526.26171875
5122.005820035934,5122.005820035934,NoButton,Move,839.20703125,532.09375
5122.018455028534,5122.018455028534,NoButton,Move,830.77734375,537.27734375
5122.021411180496,5122.021411180496,NoButton,Move,823.66796875,540.828125
5122.033344984055,5122.033344984055,NoButton,Move,816.55859375,543.7890625
5122.037337779999,5122.037337779999,NoButton,Move,810.65625,545.39453125
5122.045720815659,5122.045720815659,NoButton,Move,803.8828125,547.0859375
5122.053447008133,5122.053447008133,NoButton,Move,797.98046875,548.15625
5122.063363790512,5122.063363790512,NoButton,Move,792.078125,549.2265625
5122.069829940796,5122.069829940796,NoButton,Move,786.9921875,549.734375
5122.083389043808,5122.083389043808,NoButton,Move,781.90625,550.2421875
5122.086197137833,5122.086197137833,NoButton,Move,776.8203125,551.2578125
5122.095113992691,5122.095113992691,NoButton,Move,772.4921875,551.73828125
5122.102702856064,5122.102702856064,NoButton,Move,767.40625,552.75390625
5122.114666938782,5122.114666938782,NoButton,Move,763.078125,554.1953125
5122.1197781562805,5122.1197781562805,NoButton,Move,757.9921875,555.2109375
5122.1273028850555,5122.1273028850555,NoButton,Move,752.90625,556.734375
5122.135417938232,5122.135417938232,NoButton,Move,748.578125,558.17578125
5122.144206047058,5122.144206047058,NoButton,Move,743.4921875,559.69921875
5122.151916027069,5122.151916027069,NoButton,Move,738.40625,561.73046875
5122.160171985626,5122.160171985626,NoButton,Move,733.3203125,563.25390625
5122.168370962143,5122.168370962143,NoButton,Move,727.953125,565.93359375
5122.17635679245,5122.17635679245,NoButton,Move,723.625,567.85546875
5122.184648990631,5122.184648990631,NoButton,Move,718.2578125,570.53515625
5122.192896127701,5122.192896127701,NoButton,Move,714.6328125,572.34375
5122.201164007187,5122.201164007187,NoButton,Move,710.3046875,574.265625
5122.209258079529,5122.209258079529,NoButton,Move,708.45703125,575.00390625
5122.21758389473,5122.21758389473,NoButton,Move,706.07421875,576.19140625
5122.225703954697,5122.225703954697,NoButton,Move,703.09765625,577.0390625
5122.234014987946,5122.234014987946,NoButton,Move,701.73046875,577.71875
5122.242006063461,5122.242006063461,NoButton,Move,700.36328125,578.05859375
5122.250428915024,5122.250428915024,NoButton,Move,699.421875,578.37109375
5122.258510828018,5122.258510828018,NoButton,Move,698.48046875,578.68359375
5122.267081022263,5122.267081022263,NoButton,Move,698.21875,578.68359375
5122.275465011597,5122.275465011597,NoButton,Move,697.64453125,578.68359375
5122.291548013687,5122.291548013687,NoButton,Move,697.3984375,578.68359375
5122.2994389534,5122.2994389534,NoButton,Move,697.13671875,578.68359375
5122.30782699585,5122.30782699585,NoButton,Move,696.875,578.68359375
5122.315655946732,5122.315655946732,NoButton,Move,696.61328125,578.68359375
5122.3243060112,5122.3243060112,NoButton,Move,696.0390625,578.68359375
5122.331903934479,5122.331903934479,NoButton,Move,695.75,578.109375
5122.340578079224,5122.340578079224,NoButton,Move,695.17578125,577.8203125
5122.348579883575,5122.348579883575,NoButton,Move,694.6015625,577.24609375
5122.356421947479,5122.356421947479,NoButton,Move,694.02734375,576.95703125
5122.364892959595,5122.364892959595,NoButton,Move,693.453125,576.3828125
5122.372899055481,5122.372899055481,NoButton,Move,692.51171875,576.06640625
5122.381166934967,5122.381166934967,NoButton,Move,691.9375,575.77734375
5122.389657974243,5122.389657974243,NoButton,Move,690.99609375,575.1484375
5122.397533893585,5122.397533893585,NoButton,Move,690.421875,574.859375
5122.4060978889465,5122.4060978889465,NoButton,Move,689.48046875,574.54296875
5122.413651943207,5122.413651943207,NoButton,Move,688.5390625,574.2265625
5122.422014951706,5122.422014951706,NoButton,Move,687.59765625,573.91015625
5122.430342912674,5122.430342912674,NoButton,Move,686.65625,573.28125
5122.438711166382,5122.438711166382,NoButton,Move,685.71484375,572.96484375
5122.447107791901,5122.447107791901,NoButton,Move,684.7734375,572.6484375
5122.454952955246,5122.454952955246,NoButton,Move,684.19921875,572.359375
5122.464315891266,5122.464315891266,NoButton,Move,683.625,571.78515625
5122.471498966217,5122.471498966217,NoButton,Move,683.05078125,571.49609375
5122.482824087143,5122.482824087143,NoButton,Move,682.4765625,571.20703125
5122.487661123276,5122.487661123276,NoButton,Move,682.1875,570.6328125
5122.499191999435,5122.499191999435,NoButton,Move,681.8984375,570.05859375
5122.5039710998535,5122.5039710998535,NoButton,Move,681.26953125,569.1171875
5122.600092887878,5122.600092887878,Right,Pressed,681.26953125,569.1171875
5122.688734054565,5122.688734054565,Right,Released,681.26953125,569.1171875
5122.888999938965,5122.888999938965,NoButton,Move,681.73046875,569.1171875
5122.900171041489,5122.900171041489,NoButton,Move,682.30078125,569.1171875
5122.905122041702,5122.905122041702,NoButton,Move,682.87109375,569.1171875
5122.91339802742,5122.91339802742,NoButton,Move,683.12890625,569.1171875
5122.921632051468,5122.921632051468,NoButton,Move,683.69921875,569.1171875
5122.93615603447,5122.93615603447,NoButton,Move,684.26953125,569.1171875
5122.937660932541,5122.937660932541,NoButton,Move,684.83984375,569.1171875
5122.946447849274,5122.946447849274,NoButton,Move,685.09765625,568.85546875
5122.954175949097,5122.954175949097,NoButton,Move,685.66796875,568.85546875
5122.970752000809,5122.970752000809,NoButton,Move,685.91015625,568.85546875
5122.982958078384,5122.982958078384,NoButton,Move,686.16796875,568.85546875
5122.986936092377,5122.986936092377,NoButton,Move,686.42578125,568.85546875
5123.000376224518,5123.000376224518,NoButton,Move,686.99609375,568.85546875
5123.003276109695,5123.003276109695,NoButton,Move,687.93359375,568.85546875
5123.013888120651,5123.013888120651,NoButton,Move,688.50390625,568.85546875
5123.0196080207825,5123.0196080207825,NoButton,Move,689.8671875,568.85546875
5123.034559965134,5123.034559965134,NoButton,Move,691.34375,569.9609375
5123.037238121033,5123.037238121033,NoButton,Move,693.328125,571.546875
5123.066465139389,5123.066465139389,NoButton,Move,695.3125,573.1328125
5123.066522836685,5123.066522836685,NoButton,Move,697.296875,574.71875
5123.066563129425,5123.066563129425,NoButton,Move,699.28125,576.3046875
5123.0730040073395,5123.0730040073395,NoButton,Move,700.7578125,577.41015625
5123.07675909996,5123.07675909996,NoButton,Move,702.7421875,578.99609375
5123.084937095642,5123.084937095642,NoButton,Move,704.5859375,580.1015625
5123.093034982681,5123.093034982681,NoButton,Move,706.0625,581.20703125
5123.101334095001,5123.101334095001,NoButton,Move,707.42578125,581.88671875
5123.109424829483,5123.109424829483,NoButton,Move,708.36328125,582.51171875
5123.131183862686,5123.131183862686,Left,Pressed,708.36328125,582.51171875
5123.147696971893,5123.147696971893,NoButton,Move,708.62890625,582.64453125
5123.247987985611,5123.247987985611,Left,Released,708.62890625,582.64453125
5143.31752204895,5143.31752204895,NoButton,Move,708.3984375,582.64453125
5143.325798034668,5143.325798034668,NoButton,Move,707.82421875,582.64453125
5143.3451380729675,5143.3451380729675,NoButton,Move,707.25,582.35546875
5143.345240831375,5143.345240831375,NoButton,Move,706.30859375,582.0390625
5143.349233865738,5143.349233865738,NoButton,Move,704.94140625,581.6953125
5143.357460975647,5143.357460975647,NoButton,Move,704.0,581.06640625
5143.365914821625,5143.365914821625,NoButton,Move,702.6328125,580.72265625
5143.374058008194,5143.374058008194,NoButton,Move,701.69140625,580.40625
5143.382295131683,5143.382295131683,NoButton,Move,700.75,580.08984375
5143.390418052673,5143.390418052673,NoButton,Move,699.80859375,579.7734375
5143.398643016815,5143.398643016815,NoButton,Move,698.8671875,579.7734375
5143.406946182251,5143.406946182251,NoButton,Move,698.29296875,579.484375
5143.416597127914,5143.416597127914,NoButton,Move,698.03125,579.484375
5143.423305034637,5143.423305034637,NoButton,Move,697.45703125,579.484375
5143.4314041137695,5143.4314041137695,NoButton,Move,697.45703125,579.22265625
5143.439367055893,5143.439367055893,NoButton,Move,697.1953125,579.22265625
5143.489157915115,5143.489157915115,NoButton,Move,696.95703125,579.22265625
5143.497349023819,5143.497349023819,NoButton,Move,696.6953125,579.22265625
5143.505166053772,5143.505166053772,NoButton,Move,696.12109375,579.22265625
5143.514467954636,5143.514467954636,NoButton,Move,695.546875,579.22265625
5143.52158498764,5143.52158498764,NoButton,Move,694.97265625,579.22265625
5143.531096935272,5143.531096935272,NoButton,Move,694.3984375,579.22265625
5143.538015127182,5143.538015127182,NoButton,Move,693.45703125,579.22265625
5143.54659986496,5143.54659986496,NoButton,Move,692.8828125,579.5078125
5143.554394960403,5143.554394960403,NoButton,Move,692.30859375,579.5078125
5143.56271481514,5143.56271481514,NoButton,Move,692.046875,579.765625
5143.573971033096,5143.573971033096,NoButton,Move,691.78515625,579.765625
5143.579092025757,5143.579092025757,NoButton,Move,691.5234375,579.765625
5143.628583908081,5143.628583908081,NoButton,Move,691.5234375,580.0
5143.636942863464,5143.636942863464,NoButton,Move,691.5234375,580.2578125
5143.645209789276,5143.645209789276,NoButton,Move,691.5234375,580.515625
5143.653179883957,5143.653179883957,NoButton,Move,691.5234375,580.7734375
5143.6611840724945,5143.6611840724945,NoButton,Move,691.5234375,581.03125
5152.382510185242,5152.382510185242,NoButton,Move,691.5234375,580.5703125
5152.390336036682,5152.390336036682,NoButton,Move,693.22265625,578.01953125
5152.400536775589,5152.400536775589,NoButton,Move,695.03125,574.39453125
5152.40660905838,5152.40660905838,NoButton,Move,696.47265625,570.06640625
5152.415252923965,5152.415252923965,NoButton,Move,699.17578125,559.2421875
5152.422819137573,5152.422819137573,NoButton,Move,701.45703125,544.78515625
5152.431664943695,5152.431664943695,NoButton,Move,702.30078125,526.1875
5152.439230918884,5152.439230918884,NoButton,Move,703.23046875,502.93359375
5152.448232889175,5152.448232889175,NoButton,Move,703.23046875,476.29296875
5152.455552101135,5152.455552101135,NoButton,Move,696.4453125,422.01953125
5152.4673500061035,5152.4673500061035,NoButton,Move,691.5390625,404.859375
5152.471994876862,5152.471994876862,NoButton,Move,670.24609375,337.94921875
5152.481763124466,5152.481763124466,NoButton,Move,654.09375,295.703125
5152.488397121429,5152.488397121429,NoButton,Move,634.2109375,254.69921875
5152.499054193497,5152.499054193497,NoButton,Move,612.1171875,209.2109375
5152.5046989917755,5152.5046989917755,NoButton,Move,600.953125,188.75
5152.517020940781,5152.517020940781,NoButton,Move,565.98828125,118.8203125
5152.5210819244385,5152.5210819244385,NoButton,Move,557.25,100.47265625
5152.531812906265,5152.531812906265,NoButton,Move,538.28125,64.90625
5152.537451028824,5152.537451028824,NoButton,Move,531.43359375,51.97265625
5152.546257019043,5152.546257019043,NoButton,Move,517.22265625,26.59765625
5152.554210186005,5152.554210186005,NoButton,Move,512.87890625,18.53125
5152.562998056412,5152.562998056412,NoButton,Move,509.66015625,13.1640625
5152.570958137512,5152.570958137512,NoButton,Move,504.0234375,1.890625
5152.579726219177,5152.579726219177,NoButton,Move,498.8359375,0.0
5152.587191104889,5152.587191104889,NoButton,Move,496.29296875,0.0
5152.596457958221,5152.596457958221,NoButton,Move,494.02734375,0.0
5152.603441953659,5152.603441953659,NoButton,Move,493.0,0.0
5152.61338186264,5152.61338186264,NoButton,Move,491.15234375,0.0
5152.619781970978,5152.619781970978,NoButton,Move,490.578125,0.0
5152.630305051804,5152.630305051804,NoButton,Move,488.875,2.546875
5152.660048961639,5152.660048961639,NoButton,Move,488.875,2.546875
5152.784830093384,5152.784830093384,NoButton,Move,488.875,2.77734375
5152.794456005096,5152.794456005096,NoButton,Move,488.4765625,5.15625
5152.7995710372925,5152.7995710372925,NoButton,Move,487.6796875,7.53515625
5152.81035900116,5152.81035900116,NoButton,Move,485.9765625,10.08203125
5152.818444013596,5152.818444013596,NoButton,Move,484.8671875,11.92578125
5152.82399392128,5152.82399392128,NoButton,Move,483.27734375,13.91015625
5152.8349277973175,5152.8349277973175,NoButton,Move,482.16796875,15.75390625
5152.840427160263,5152.840427160263,NoButton,Move,480.578125,17.73828125
5152.851402044296,5152.851402044296,NoButton,Move,479.09765625,19.21484375
5152.856775999069,5152.856775999069,NoButton,Move,477.109375,20.80078125
5152.868227958679,5152.868227958679,NoButton,Move,474.22265625,24.1640625
5152.873421192169,5152.873421192169,NoButton,Move,470.85546875,27.046875
5152.88472700119,5152.88472700119,NoButton,Move,466.78515625,30.09765625
5152.889533996582,5152.889533996582,NoButton,Move,462.9375,32.5
5152.901479959488,5152.901479959488,NoButton,Move,459.08984375,34.90234375
5152.905944108963,5152.905944108963,NoButton,Move,455.2421875,37.3046875
5152.914088964462,5152.914088964462,NoButton,Move,451.6171875,39.11328125
5152.922292947769,5152.922292947769,NoButton,Move,447.9921875,40.921875
5152.93399310112,5152.93399310112,NoButton,Move,446.14453125,41.66015625
5152.93868803978,5152.93868803978,NoButton,Move,443.16796875,42.93359375
5152.946712970734,5152.946712970734,NoButton,Move,440.19140625,43.78125
5152.9550840854645,5152.9550840854645,NoButton,Move,437.21484375,44.62890625
5152.963125944138,5152.963125944138,NoButton,Move,434.83203125,45.0234375
5152.971368074417,5152.971368074417,NoButton,Move,432.44921875,45.81640625
5152.9794709682465,5152.9794709682465,NoButton,Move,430.06640625,46.2109375
5152.987854957581,5152.987854957581,NoButton,Move,427.68359375,46.60546875
5152.9960651397705,5152.9960651397705,NoButton,Move,425.30078125,46.60546875
5153.004206895828,5153.004206895828,NoButton,Move,423.453125,46.60546875
5153.012480020523,5153.012480020523,NoButton,Move,422.0859375,46.60546875
5153.020515918732,5153.020515918732,NoButton,Move,420.71875,46.9453125
5153.028857946396,5153.028857946396,NoButton,Move,419.3515625,46.9453125
5153.036916017532,5153.036916017532,NoButton,Move,418.41015625,46.9453125
5153.045651912689,5153.045651912689,NoButton,Move,417.8359375,46.9453125
5153.053400039673,5153.053400039673,NoButton,Move,417.26171875,47.23046875
5153.081470012665,5153.081470012665,Left,Pressed,417.26171875,47.23046875
5153.097976207733,5153.097976207733,NoButton,Move,417.13671875,47.23046875
5153.181375026703,5153.181375026703,Left,Released,417.13671875,47.23046875
5153.536861896515,5153.536861896515,NoButton,Move,418.0625,47.23046875
5153.54580783844,5153.54580783844,NoButton,Move,419.90625,47.23046875
5153.553592205048,5153.553592205048,NoButton,Move,422.28515625,47.23046875
5153.562029123306,5153.562029123306,NoButton,Move,425.2578125,47.65234375
5153.569573879242,5153.569573879242,NoButton,Move,428.87890625,47.65234375
5153.578459978104,5153.578459978104,NoButton,Move,436.578125,48.2421875
5153.585874080658,5153.585874080658,NoButton,Move,444.27734375,48.83203125
5153.599175930023,5153.599175930023,NoButton,Move,453.98828125,49.4765625
5153.602619886398,5153.602619886398,NoButton,Move,465.96484375,49.4765625
5153.610767841339,5153.610767841339,NoButton,Move,480.41796875,49.4765625
5153.619460821152,5153.619460821152,NoButton,Move,494.859375,50.234375
5153.6273510456085,5153.6273510456085,NoButton,Move,525.11328125,51.27734375
5153.635745048523,5153.635745048523,NoButton,Move,545.203125,51.27734375
5153.6438620090485,5153.6438620090485,NoButton,Move,566.84375,52.17578125
5153.651953935623,5153.651953935623,NoButton,Move,591.7578125,53.1328125
5153.660129070282,5153.660129070282,NoButton,Move,618.39453125,54.1171875
5153.668499946594,5153.668499946594,NoButton,Move,646.8125,57.16015625
5153.676517009735,5153.676517009735,NoButton,Move,678.9609375,60.375
5153.684881925583,5153.684881925583,NoButton,Move,713.0625,64.7734375
5153.692771911621,5153.692771911621,NoButton,Move,749.171875,70.4140625
5153.700979948044,5153.700979948044,NoButton,Move,785.28125,76.0546875
5153.709488868713,5153.709488868713,NoButton,Move,819.3828125,82.65234375
5153.717726945877,5153.717726945877,NoButton,Move,833.80078125,85.6875
5153.725697994232,5153.725697994232,NoButton,Move,860.4375,91.60546875
5153.733989953995,5153.733989953995,NoButton,Move,883.6875,96.25390625
5153.742201805115,5153.742201805115,NoButton,Move,892.37109375,98.734375
5153.750164031982,5153.750164031982,NoButton,Move,898.26953125,100.33984375
5154.257177829742,5154.257177829742,NoButton,Move,897.57421875,100.33984375
5154.265772104263,5154.265772104263,NoButton,Move,896.6328125,100.33984375
5154.273895025253,5154.273895025253,NoButton,Move,896.05859375,100.33984375
5154.281774044037,5154.281774044037,NoButton,Move,894.69140625,100.33984375
5154.290354013443,5154.290354013443,NoButton,Move,893.32421875,100.33984375
5154.29856801033,5154.29856801033,NoButton,Move,891.95703125,99.99609375
5154.306499004364,5154.306499004364,NoButton,Move,890.109375,99.625
5154.314721107483,5154.314721107483,NoButton,Move,887.7265625,98.828125
5154.32297706604,5154.32297706604,NoButton,Move,885.34375,98.03125
5154.345549106598,5154.345549106598,NoButton,Move,883.9765625,97.6875
5154.345617055893,5154.345617055893,NoButton,Move,880.3515625,96.328125
5154.347458124161,5154.347458124161,NoButton,Move,878.984375,95.984375
5154.355843067169,5154.355843067169,NoButton,Move,876.6015625,94.79296875
5154.3647339344025,5154.3647339344025,NoButton,Move,874.75390625,94.421875
5154.373023986816,5154.373023986816,NoButton,Move,872.90625,93.3125
5154.380510091782,5154.380510091782,NoButton,Move,871.5390625,92.96875
5154.388871908188,5154.388871908188,NoButton,Move,870.171875,92.28515625
5154.396703004837,5154.396703004837,NoButton,Move,868.8046875,91.6015625
5154.405024051666,5154.405024051666,NoButton,Move,867.86328125,90.97265625
5154.414831876755,5154.414831876755,NoButton,Move,867.2890625,90.3984375
5154.421271085739,5154.421271085739,NoButton,Move,866.34765625,90.08203125
5154.431571006775,5154.431571006775,NoButton,Move,865.7734375,89.5078125
5154.437605857849,5154.437605857849,NoButton,Move,865.19921875,88.93359375
5154.447412967682,5154.447412967682,NoButton,Move,864.625,88.359375
5154.454261064529,5154.454261064529,NoButton,Move,864.05078125,88.0703125
5154.464270114899,5154.464270114899,NoButton,Move,863.76171875,87.49609375
5154.47043299675,5154.47043299675,NoButton,Move,863.5,87.234375
5154.480859994888,5154.480859994888,NoButton,Move,863.23828125,86.97265625
5154.487057924271,5154.487057924271,NoButton,Move,862.9765625,86.7109375
5154.4977769851685,5154.4977769851685,NoButton,Move,862.71484375,86.7109375
5154.503457069397,5154.503457069397,NoButton,Move,862.71484375,86.44921875
5154.514927864075,5154.514927864075,NoButton,Move,862.453125,86.1875
5154.528328895569,5154.528328895569,NoButton,Move,862.453125,85.94140625
5154.536506891251,5154.536506891251,NoButton,Move,862.453125,85.6796875
5154.544814109802,5154.544814109802,NoButton,Move,862.453125,85.41796875
5154.552971124649,5154.552971124649,NoButton,Move,862.453125,84.84375
5154.561358213425,5154.561358213425,NoButton,Move,862.1640625,84.26953125
5154.568906068802,5154.568906068802,NoButton,Move,862.1640625,83.328125
5154.577259063721,5154.577259063721,NoButton,Move,862.1640625,82.38671875
5154.585284948349,5154.585284948349,NoButton,Move,862.1640625,81.4453125
5154.593939065933,5154.593939065933,NoButton,Move,862.1640625,80.078125
5154.602076053619,5154.602076053619,NoButton,Move,862.1640625,78.7109375
5154.610189199448,5154.610189199448,NoButton,Move,862.1640625,77.34375
5154.618222236633,5154.618222236633,NoButton,Move,862.1640625,75.9765625
5154.626083850861,5154.626083850861,NoButton,Move,862.1640625,74.609375
5154.633968830109,5154.633968830109,NoButton,Move,862.1640625,73.2421875
5154.642071008682,5154.642071008682,NoButton,Move,862.1640625,71.875
5154.6503529548645,5154.6503529548645,NoButton,Move,862.1640625,70.5078125
5154.658584117889,5154.658584117889,NoButton,Move,862.1640625,69.140625
5154.666766166687,5154.666766166687,NoButton,Move,862.1640625,67.7734375
5154.6749539375305,5154.6749539375305,NoButton,Move,862.1640625,66.40625
5154.683593988419,5154.683593988419,NoButton,Move,862.1640625,64.0234375
5154.691508054733,5154.691508054733,NoButton,Move,862.1640625,62.65625
5154.699798107147,5154.699798107147,NoButton,Move,861.421875,60.80859375
5154.707901000977,5154.707901000977,NoButton,Move,858.87109375,59.10546875
5154.7161700725555,5154.7161700725555,NoButton,Move,854.04296875,55.34765625
5154.724325895309,5154.724325895309,NoButton,Move,848.95703125,53.3125
5154.732519865036,5154.732519865036,NoButton,Move,841.84765625,50.34765625
5154.740895032883,5154.740895032883,NoButton,Move,837.51953125,48.90234375
5154.74929690361,5154.74929690361,NoButton,Move,829.81640625,46.53125
5154.757003068924,5154.757003068924,NoButton,Move,822.11328125,44.75390625
5154.76548409462,5154.76548409462,NoButton,Move,815.33984375,43.625
5154.773636817932,5154.773636817932,NoButton,Move,812.95703125,43.2265625
5154.781928062439,5154.781928062439,NoButton,Move,807.87109375,42.71484375
5154.7894768714905,5154.7894768714905,NoButton,Move,803.54296875,42.71484375
5154.79900097847,5154.79900097847,NoButton,Move,800.56640625,42.71484375
5154.80607008934,5154.80607008934,NoButton,Move,798.18359375,42.71484375
5154.815521001816,5154.815521001816,NoButton,Move,796.3359375,42.71484375
5154.822516918182,5154.822516918182,NoButton,Move,794.96875,42.71484375
5154.832280158997,5154.832280158997,NoButton,Move,794.02734375,42.71484375
5154.838623046875,5154.838623046875,NoButton,Move,793.765625,42.71484375
5154.865119934082,5154.865119934082,Left,Pressed,793.765625,42.71484375
5154.881292104721,5154.881292104721,NoButton,Move,793.49609375,42.71484375
5154.981465816498,5154.981465816498,Left,Released,793.49609375,42.71484375
5155.617240190506,5155.617240190506,NoButton,Move,793.26171875,42.71484375
5155.625257015228,5155.625257015228,NoButton,Move,791.4140625,42.71484375
5155.63339304924,5155.63339304924,NoButton,Move,789.56640625,42.71484375
5155.64155292511,5155.64155292511,NoButton,Move,787.18359375,42.71484375
5155.649895906448,5155.649895906448,NoButton,Move,783.55859375,42.71484375
5155.658529996872,5155.658529996872,NoButton,Move,779.23046875,42.71484375
5155.666229963303,5155.666229963303,NoButton,Move,773.328125,42.71484375
5155.674133062363,5155.674133062363,NoButton,Move,763.6015625,42.71484375
5155.682429075241,5155.682429075241,NoButton,Move,755.8984375,43.8984375
5155.689966201782,5155.689966201782,NoButton,Move,748.1953125,44.48828125
5155.7000341415405,5155.7000341415405,NoButton,Move,743.15234375,44.9921875
5155.706717014313,5155.706717014313,NoButton,Move,735.44921875,46.17578125
5155.715414047241,5155.715414047241,NoButton,Move,728.7109375,47.296875
5155.722648859024,5155.722648859024,NoButton,Move,725.734375,47.71875
5155.731560945511,5155.731560945511,NoButton,Move,721.421875,48.67578125
5155.739054203033,5155.739054203033,NoButton,Move,717.796875,49.578125
5155.747889041901,5155.747889041901,NoButton,Move,714.8203125,50.0
5155.755666017532,5155.755666017532,NoButton,Move,712.97265625,50.3671875
5155.764098167419,5155.764098167419,NoButton,Move,712.03125,50.6796875
5155.772156953812,5155.772156953812,NoButton,Move,711.08984375,50.9921875
5155.781904935837,5155.781904935837,NoButton,Move,710.828125,51.25
5155.788723945618,5155.788723945618,NoButton,Move,710.56640625,51.25
5155.797911167145,5155.797911167145,NoButton,Move,710.3046875,51.25
5155.814980983734,5155.814980983734,Left,Pressed,710.3046875,51.25
5155.948020935059,5155.948020935059,Left,Released,710.3046875,51.25
5156.419502019882,5156.419502019882,NoButton,Move,712.40625,51.25
5156.427459001541,5156.427459001541,NoButton,Move,716.73046875,51.25
5156.435157060623,5156.435157060623,NoButton,Move,721.8125,51.25
5156.443156957626,5156.443156957626,NoButton,Move,731.53515625,51.25
5156.4516518116,5156.4516518116,NoButton,Move,751.625,51.25
5156.45973610878,5156.45973610878,NoButton,Move,760.30859375,51.25
5156.4678819179535,5156.4678819179535,NoButton,Move,777.46484375,52.8828125
5156.4765157699585,5156.4765157699585,NoButton,Move,807.60546875,54.9609375
5156.484662055969,5156.484662055969,NoButton,Move,818.42578125,56.3125
5156.4928431510925,5156.4928431510925,NoButton,Move,838.515625,58.05859375
5156.501415967941,5156.501415967941,NoButton,Move,857.109375,59.74609375
5156.509593963623,5156.509593963623,NoButton,Move,875.703125,62.28125
5156.51747584343,5156.51747584343,NoButton,Move,883.40234375,62.87109375
5156.525830984116,5156.525830984116,NoButton,Move,897.85546875,64.390625
5156.534073829651,5156.534073829651,NoButton,Move,908.67578125,65.7421875
5156.542073965073,5156.542073965073,NoButton,Move,918.3984375,67.03515625
5156.550402164459,5156.550402164459,NoButton,Move,922.01953125,67.484375
5156.558634996414,5156.558634996414,NoButton,Move,927.91796875,68.01953125
5156.566833019257,5156.566833019257,NoButton,Move,931.5390625,68.46875
5156.575000762939,5156.575000762939,NoButton,Move,934.51171875,68.890625
5156.885312080383,5156.885312080383,NoButton,Move,934.27734375,68.890625
5156.893357038498,5156.893357038498,NoButton,Move,932.91015625,68.890625
5156.901510953903,5156.901510953903,NoButton,Move,931.54296875,68.20703125
5156.909675121307,5156.909675121307,NoButton,Move,929.6953125,67.46484375
5156.917858123779,5156.917858123779,NoButton,Move,927.3125,66.2734375
5156.926050186157,5156.926050186157,NoButton,Move,926.37109375,65.64453125
5156.934444189072,5156.934444189072,NoButton,Move,923.19921875,63.83203125
5156.942572116852,5156.942572116852,NoButton,Move,920.81640625,62.640625
5156.951907873154,5156.951907873154,NoButton,Move,919.44921875,61.95703125
5156.959103107452,5156.959103107452,NoButton,Move,917.6015625,60.84765625
5156.968476057053,5156.968476057053,NoButton,Move,915.75390625,59.73828125
5156.975342035294,5156.975342035294,NoButton,Move,914.38671875,59.0546875
5156.983566999435,5156.983566999435,NoButton,Move,913.359375,58.02734375
5157.015266180038,5157.015266180038,Left,Pressed,913.359375,58.02734375
5157.015356063843,5157.015356063843,NoButton,Move,912.92578125,57.73828125
5157.131322860718,5157.131322860718,Left,Released,912.92578125,57.73828125
5157.492123842239,5157.492123842239,NoButton,Move,912.69140625,57.73828125
5157.499691963196,5157.499691963196,NoButton,Move,910.84375,57.73828125
5157.508302927017,5157.508302927017,NoButton,Move,908.4609375,57.73828125
5157.516478061676,5157.516478061676,NoButton,Move,904.8359375,56.83203125
5157.524488925934,5157.524488925934,NoButton,Move,899.75,55.8125
5157.532598018646,5157.532598018646,NoButton,Move,894.6640625,54.79296875
5157.541078090668,5157.541078090668,NoButton,Move,888.76171875,53.71875
5157.549228191376,5157.549228191376,NoButton,Move,882.859375,52.109375
5157.556843996048,5157.556843996048,NoButton,Move,876.95703125,51.03515625
5157.565164089203,5157.565164089203,NoButton,Move,870.18359375,50.46875
5157.573356151581,5157.573356151581,NoButton,Move,864.28125,49.9296875
5157.581564903259,5157.581564903259,NoButton,Move,858.37890625,49.390625
5157.589951038361,5157.589951038361,NoButton,Move,853.29296875,48.87890625
5157.598057985306,5157.598057985306,NoButton,Move,848.20703125,48.87890625
5157.606295108795,5157.606295108795,NoButton,Move,846.359375,48.87890625
5157.61564707756,5157.61564707756,NoButton,Move,842.734375,48.87890625
5157.622601032257,5157.622601032257,NoButton,Move,839.7578125,48.87890625
5157.631180047989,5157.631180047989,NoButton,Move,836.78125,48.87890625
5157.638768911362,5157.638768911362,NoButton,Move,834.93359375,48.87890625
5157.649463176727,5157.649463176727,NoButton,Move,833.0859375,48.87890625
5157.655438184738,5157.655438184738,NoButton,Move,832.14453125,49.19140625
5157.6648099422455,5157.6648099422455,NoButton,Move,830.77734375,49.53125
5157.67165184021,5157.67165184021,NoButton,Move,829.8359375,49.84375
5157.681684970856,5157.681684970856,NoButton,Move,829.26171875,50.12890625
5157.688082933426,5157.688082933426,NoButton,Move,828.6875,50.4140625
5157.698031902313,5157.698031902313,NoButton,Move,828.11328125,50.69921875
5157.704493045807,5157.704493045807,NoButton,Move,827.8515625,50.69921875
5157.715229988098,5157.715229988098,NoButton,Move,827.58984375,50.69921875
5157.731878995895,5157.731878995895,Left,Pressed,827.58984375,50.69921875
5157.848138093948,5157.848138093948,Left,Released,827.58984375,50.69921875
5158.064980983734,5158.064980983734,NoButton,Move,828.76171875,52.10546875
5158.073186159134,5158.073186159134,NoButton,Move,831.8125,56.171875
5158.081196069717,5158.081196069717,NoButton,Move,835.37109375,60.23828125
5158.08951997757,5158.08951997757,NoButton,Move,838.9296875,64.3046875
5158.097944974899,5158.097944974899,NoButton,Move,843.66796875,70.8203125
5158.106008052826,5158.106008052826,NoButton,Move,856.2890625,88.8515625
5158.115998029709,5158.115998029709,NoButton,Move,862.12109375,97.27734375
5158.1218230724335,5158.1218230724335,NoButton,Move,871.10546875,111.984375
5158.129951953888,5158.129951953888,NoButton,Move,888.25,139.84765625
5158.138323068619,5158.138323068619,NoButton,Move,897.546875,156.75
5158.147464990616,5158.147464990616,NoButton,Move,901.60546875,166.89453125
5158.1545951366425,5158.1545951366425,NoButton,Move,910.33984375,185.23828125
5158.1743149757385,5158.1743149757385,NoButton,Move,924.640625,217.140625
5158.174376010895,5158.174376010895,NoButton,Move,928.52734375,226.21484375
5158.180171966553,5158.180171966553,NoButton,Move,936.1328125,243.96484375
5158.186964035034,5158.186964035034,NoButton,Move,942.89453125,261.71484375
5158.196202039719,5158.196202039719,NoButton,Move,949.65625,279.46484375
5158.203534126282,5158.203534126282,NoButton,Move,956.19140625,295.8046875
5168.832834005356,5168.832834005356,NoButton,Move,956.19140625,296.95703125
5168.860920190811,5168.860920190811,NoButton,Move,956.19140625,298.80078125
5168.861077070236,5168.861077070236,NoButton,Move,956.19140625,302.421875
5168.861230134964,5168.861230134964,NoButton,Move,956.7265625,308.3203125
5168.864470005035,5168.864470005035,NoButton,Move,957.2890625,315.08984375
5168.873894929886,5168.873894929886,NoButton,Move,957.2890625,324.8125
5168.881191968918,5168.881191968918,NoButton,Move,958.16015625,344.90234375
5168.888722896576,5168.888722896576,NoButton,Move,959.00390625,363.49609375
5168.897816181183,5168.897816181183,NoButton,Move,959.92578125,386.63671875
5168.905642032623,5168.905642032623,NoButton,Move,961.22265625,436.01953125
5168.914493083954,5168.914493083954,NoButton,Move,962.37890625,474.19921875
5168.921571969986,5168.921571969986,NoButton,Move,963.5625,514.50390625
5168.931240081787,5168.931240081787,NoButton,Move,964.4921875,537.75390625
5168.942218065262,5168.942218065262,NoButton,Move,965.703125,580.23828125
5168.948771953583,5168.948771953583,NoButton,Move,966.859375,618.41796875
5168.9549288749695,5168.9549288749695,NoButton,Move,967.64453125,634.1953125
5168.964398860931,5168.964398860931,NoButton,Move,968.65625,662.61328125
5168.9714958667755,5168.9714958667755,NoButton,Move,969.30078125,672.3359375
5192.971431970596,5192.971431970596,NoButton,Move,969.30078125,671.875
5192.979375839233,5192.979375839233,NoButton,Move,966.89453125,668.02734375
5192.98762512207,5192.98762512207,NoButton,Move,961.2578125,657.45703125
5192.996091842651,5192.996091842651,NoButton,Move,953.90234375,641.9296875
5193.003734111786,5193.003734111786,NoButton,Move,946.9140625,622.7109375
5193.012707233429,5193.012707233429,NoButton,Move,931.66015625,578.22265625
5193.020123004913,5193.020123004913,NoButton,Move,928.390625,561.0625
5193.028396129608,5193.028396129608,NoButton,Move,918.29296875,499.03515625
5193.036776065826,5193.036776065826,NoButton,Move,918.29296875,477.390625
5193.045245885849,5193.045245885849,NoButton,Move,918.29296875,437.08203125
5193.055578947067,5193.055578947067,NoButton,Move,918.29296875,398.8984375
5193.061658859253,5193.061658859253,NoButton,Move,922.578125,366.74609375
5193.069188833237,5193.069188833237,NoButton,Move,931.96484375,337.53125
5193.07830619812,5193.07830619812,NoButton,Move,944.140625,311.140625
5193.085507154465,5193.085507154465,NoButton,Move,958.51171875,290.0546875
5193.09356713295,5193.09356713295,NoButton,Move,966.62890625,282.61328125
5193.101912975311,5193.101912975311,NoButton,Move,981.4765625,268.63671875
5193.112190008163,5193.112190008163,NoButton,Move,996.18359375,258.828125
5193.119220972061,5193.119220972061,NoButton,Move,1011.70703125,250.65625
5193.126354932785,5193.126354932785,NoButton,Move,1026.16015625,246.8515625
5193.1343829631805,5193.1343829631805,NoButton,Move,1040.61328125,244.56640625
5193.142127990723,5193.142127990723,NoButton,Move,1046.51171875,244.56640625
5193.1502459049225,5193.1502459049225,NoButton,Move,1065.10546875,244.56640625
5193.1585240364075,5193.1585240364075,NoButton,Move,1074.828125,247.15625
5193.1667540073395,5193.1667540073395,NoButton,Move,1078.89453125,250.20703125
5193.174969911575,5193.174969911575,NoButton,Move,1092.3046875,258.8828125
5193.182903051376,5193.182903051376,NoButton,Move,1094.11328125,262.05078125
5193.191289186478,5193.191289186478,NoButton,Move,1098.0,271.125
5193.199236869812,5193.199236869812,NoButton,Move,1098.0,280.84765625
5193.420809984207,5193.420809984207,NoButton,Move,1098.0,280.14453125
5193.429350852966,5193.429350852966,NoButton,Move,1097.03515625,275.81640625
5193.437795877457,5193.437795877457,NoButton,Move,1093.6484375,269.60546875
5193.4454979896545,5193.4454979896545,NoButton,Move,1089.3046875,261.5390625
5193.455490112305,5193.455490112305,NoButton,Move,1082.9609375,250.96875
5193.461889028549,5193.461889028549,NoButton,Move,1069.54296875,229.8828125
5193.470059156418,5193.470059156418,NoButton,Move,1056.015625,212.74609375
5193.478332042694,5193.478332042694,NoButton,Move,1048.26171875,203.5859375
5193.486231088638,5193.486231088638,NoButton,Move,1035.15625,187.859375
5193.494527101517,5193.494527101517,NoButton,Move,1021.1796875,173.0078125
5193.502571105957,5193.502571105957,NoButton,Move,1015.84765625,167.08203125
5193.510975122452,5193.510975122452,NoButton,Move,1005.1953125,157.19140625
5193.519150018692,5193.519150018692,NoButton,Move,1002.0234375,154.92578125
5193.530213832855,5193.530213832855,NoButton,Move,996.09765625,149.59375
5193.535673856735,5193.535673856735,NoButton,Move,992.02734375,146.03125
5193.543589830399,5193.543589830399,NoButton,Move,988.85546875,144.21875
5193.551959037781,5193.551959037781,NoButton,Move,987.375,143.109375
5193.561417102814,5193.561417102814,NoButton,Move,986.43359375,142.79296875
5193.570624113083,5193.570624113083,NoButton,Move,985.859375,142.50390625
5193.577173948288,5193.577173948288,NoButton,Move,985.59765625,142.50390625
5193.658777952194,5193.658777952194,NoButton,Move,985.828125,142.50390625
5193.667222976685,5193.667222976685,NoButton,Move,986.0859375,142.50390625
5193.686189174652,5193.686189174652,NoButton,Move,986.328125,142.50390625
5193.691713094711,5193.691713094711,NoButton,Move,986.66796875,141.13671875
5193.699662208557,5193.699662208557,NoButton,Move,987.03515625,139.2890625
5193.708451986313,5193.708451986313,NoButton,Move,987.45703125,136.3125
5193.716294050217,5193.716294050217,NoButton,Move,988.8125,132.69140625
5193.723874092102,5193.723874092102,NoButton,Move,989.7734375,128.36328125
5193.732174873352,5193.732174873352,NoButton,Move,991.296875,123.27734375
5193.7401740550995,5193.7401740550995,NoButton,Move,992.8203125,118.19140625
5193.748977899551,5193.748977899551,NoButton,Move,994.84375,113.125
5193.756561994553,5193.756561994553,NoButton,Move,996.875,108.0390625
5193.766626119614,5193.766626119614,NoButton,Move,998.68359375,104.4140625
5193.773903846741,5193.773903846741,NoButton,Move,999.421875,102.56640625
5193.782279968262,5193.782279968262,NoButton,Move,1001.23046875,99.39453125
5193.789921998978,5193.789921998978,NoButton,Move,1002.3359375,97.546875
5193.798305034637,5193.798305034637,NoButton,Move,1003.44140625,95.69921875
5193.806382894516,5193.806382894516,NoButton,Move,1004.546875,94.21875
5193.8153619766235,5193.8153619766235,NoButton,Move,1005.171875,93.27734375
5193.822590112686,5193.822590112686,NoButton,Move,1005.7421875,92.703125
5193.83185005188,5193.83185005188,NoButton,Move,1006.3125,92.4140625
5193.839067935944,5193.839067935944,NoButton,Move,1006.5703125,92.15234375
5193.84893488884,5193.84893488884,NoButton,Move,1006.828125,92.15234375
5193.855176925659,5193.855176925659,NoButton,Move,1007.0859375,92.15234375
5193.8656351566315,5193.8656351566315,NoButton,Move,1007.34375,92.15234375
5193.871227025986,5193.871227025986,NoButton,Move,1007.6015625,92.15234375
5193.8809468746185,5193.8809468746185,NoButton,Move,1007.859375,92.15234375
5193.898601055145,5193.898601055145,NoButton,Move,1008.1015625,92.15234375
5193.904652118683,5193.904652118683,NoButton,Move,1008.359375,92.15234375
5193.921138048172,5193.921138048172,NoButton,Move,1008.6015625,92.39453125
5193.93173789978,5193.93173789978,NoButton,Move,1008.6015625,92.65234375
5193.938154935837,5193.938154935837,NoButton,Move,1008.859375,92.91015625
5193.9499769210815,5193.9499769210815,NoButton,Move,1008.859375,93.48046875
5193.954947948456,5193.954947948456,NoButton,Move,1008.859375,94.05078125
5193.961806058884,5193.961806058884,NoButton,Move,1009.14453125,94.62109375
5193.970472097397,5193.970472097397,NoButton,Move,1009.14453125,95.19140625
5193.97864985466,5193.97864985466,NoButton,Move,1009.14453125,95.76171875
5193.987171888351,5193.987171888351,NoButton,Move,1009.14453125,96.33203125
5193.997856140137,5193.997856140137,NoButton,Move,1009.14453125,97.26953125
5194.004430055618,5194.004430055618,NoButton,Move,1009.14453125,98.20703125
5194.01221203804,5194.01221203804,NoButton,Move,1009.14453125,99.5703125
5194.020192146301,5194.020192146301,NoButton,Move,1009.14453125,100.5078125
5194.030921936035,5194.030921936035,NoButton,Move,1009.14453125,101.87109375
5194.035984992981,5194.035984992981,NoButton,Move,1009.14453125,102.44140625
5194.047631978989,5194.047631978989,NoButton,Move,1009.14453125,103.37890625
5194.052191019058,5194.052191019058,NoButton,Move,1009.14453125,103.94921875
5194.059597015381,5194.059597015381,NoButton,Move,1009.14453125,104.51953125
5194.067986011505,5194.067986011505,NoButton,Move,1009.14453125,105.08984375
5194.0762140750885,5194.0762140750885,NoButton,Move,1009.14453125,105.34765625
5194.09955906868,5194.09955906868,Left,Pressed,1009.14453125,105.34765625
5194.115075826645,5194.115075826645,NoButton,Move,1009.14453125,105.46875
5194.482316017151,5194.482316017151,NoButton,Move,1009.14453125,105.703125
5194.498683929443,5194.498683929443,NoButton,Move,1009.14453125,105.8828125
5194.515277147293,5194.515277147293,NoButton,Move,1009.14453125,106.21484375
5194.531941890717,5194.531941890717,NoButton,Move,1009.0625,106.73828125
5194.548583030701,5194.548583030701,NoButton,Move,1008.72265625,107.828125
5194.565264940262,5194.565264940262,NoButton,Move,1007.73046875,110.38671875
5194.581983089447,5194.581983089447,NoButton,Move,1005.984375,114.921875
5194.598551988602,5194.598551988602,NoButton,Move,1003.12109375,123.703125
5194.615375995636,5194.615375995636,NoButton,Move,999.58203125,135.53515625
5194.632253885269,5194.632253885269,NoButton,Move,995.25390625,151.9921875
5194.648881912231,5194.648881912231,NoButton,Move,989.9140625,173.0
5194.665587902069,5194.665587902069,NoButton,Move,984.81640625,194.31640625
5194.682339191437,5194.682339191437,NoButton,Move,979.984375,216.234375
5194.698521852493,5194.698521852493,NoButton,Move,976.28125,235.22265625
5194.715354919434,5194.715354919434,NoButton,Move,973.390625,252.62890625
5194.731959104538,5194.731959104538,NoButton,Move,970.83984375,270.34765625
5194.748396158218,5194.748396158218,NoButton,Move,969.0078125,285.99609375
5194.76544380188,5194.76544380188,NoButton,Move,967.27734375,300.28125
5194.7820880413055,5194.7820880413055,NoButton,Move,965.890625,313.6015625
5194.798655033112,5194.798655033112,NoButton,Move,964.7734375,326.375
5194.815201997757,5194.815201997757,NoButton,Move,963.65234375,339.21875
5194.83225607872,5194.83225607872,NoButton,Move,962.546875,351.5546875
5194.84866476059,5194.84866476059,NoButton,Move,961.4921875,362.49609375
5194.8655869960785,5194.8655869960785,NoButton,Move,960.51953125,371.2421875
5194.881803035736,5194.881803035736,NoButton,Move,959.7890625,378.75390625
5194.898650884628,5194.898650884628,NoButton,Move,959.12890625,386.5859375
5194.915105104446,5194.915105104446,NoButton,Move,958.7421875,392.8203125
5194.9320549964905,5194.9320549964905,NoButton,Move,958.7421875,397.62890625
5194.948690891266,5194.948690891266,NoButton,Move,958.63671875,402.6328125
5194.965287923813,5194.965287923813,NoButton,Move,958.4375,407.05859375
5194.981920957565,5194.981920957565,NoButton,Move,958.33984375,410.69921875
5194.998604059219,5194.998604059219,NoButton,Move,958.33984375,413.81640625
5195.015033245087,5195.015033245087,NoButton,Move,958.33984375,416.6875
5195.031657934189,5195.031657934189,NoButton,Move,958.33984375,419.4765625
5195.048341035843,5195.048341035843,NoButton,Move,958.33984375,422.10546875
5195.065100193024,5195.065100193024,NoButton,Move,958.47265625,424.671875
5195.081670045853,5195.081670045853,NoButton,Move,958.78125,427.18359375
5195.098647117615,5195.098647117615,NoButton,Move,959.30078125,429.74609375
5195.116150140762,5195.116150140762,NoButton,Move,959.99609375,432.52734375
5195.132314920425,5195.132314920425,NoButton,Move,960.6875,435.296875
5195.148677825928,5195.148677825928,NoButton,Move,961.21484375,437.859375
5195.165301084518,5195.165301084518,NoButton,Move,961.5546875,440.0
5195.181920051575,5195.181920051575,NoButton,Move,961.7109375,441.5390625
5195.198647022247,5195.198647022247,NoButton,Move,961.7109375,442.37890625
5195.2322199344635,5195.2322199344635,Left,Released,961.7109375,442.37890625
5195.665517091751,5195.665517091751,NoButton,Move,961.7109375,442.14453125
5195.672866106033,5195.672866106033,NoButton,Move,961.7109375,440.296875
5195.681358098984,5195.681358098984,NoButton,Move,961.7109375,437.3203125
5195.689811944962,5195.689811944962,NoButton,Move,961.2578125,433.6953125
5195.69788813591,5195.69788813591,NoButton,Move,959.8125,429.3671875
5195.705836057663,5195.705836057663,NoButton,Move,958.28515625,424.28125
5195.713459968567,5195.713459968567,NoButton,Move,953.94140625,416.21484375
5195.7219750881195,5195.7219750881195,NoButton,Move,949.79296875,409.10546875
5195.72998714447,5195.72998714447,NoButton,Move,944.60546875,400.67578125
5195.738556861877,5195.738556861877,NoButton,Move,938.76953125,392.24609375
5195.746137857437,5195.746137857437,NoButton,Move,931.72265625,382.37890625
5195.75413107872,5195.75413107872,NoButton,Move,924.67578125,372.51171875
5195.7623970508575,5195.7623970508575,NoButton,Move,917.91015625,363.71484375
5195.770518064499,5195.770518064499,NoButton,Move,910.86328125,353.84765625
5195.778590917587,5195.778590917587,NoButton,Move,907.80859375,349.26953125
5195.787834882736,5195.787834882736,NoButton,Move,901.97265625,340.83984375
5195.795470952988,5195.795470952988,NoButton,Move,897.82421875,333.73046875
5195.804956912994,5195.804956912994,NoButton,Move,893.08203125,327.2109375
5195.814784049988,5195.814784049988,NoButton,Move,888.93359375,320.69140625
5195.821921110153,5195.821921110153,NoButton,Move,884.98046875,315.046875
5195.829612016678,5195.829612016678,NoButton,Move,881.9296875,310.47265625
5195.8383848667145,5195.8383848667145,NoButton,Move,878.171875,305.64453125
5195.846451997757,5195.846451997757,NoButton,Move,875.28515625,302.27734375
5195.8550000190735,5195.8550000190735,NoButton,Move,872.23046875,298.20703125
5195.862675905228,5195.862675905228,NoButton,Move,869.34375,294.83984375
5195.869673013687,5195.869673013687,NoButton,Move,866.9375,290.9921875
5195.877918958664,5195.877918958664,NoButton,Move,864.05078125,287.625
5195.886302947998,5195.886302947998,NoButton,Move,861.78515625,284.453125
5195.895854949951,5195.895854949951,NoButton,Move,859.66015625,281.90234375
5195.902548074722,5195.902548074722,NoButton,Move,857.84765625,278.73046875
5195.911373138428,5195.911373138428,NoButton,Move,855.44140625,274.8828125
5195.9184992313385,5195.9184992313385,NoButton,Move,853.62890625,271.7109375
5195.926382064819,5195.926382064819,NoButton,Move,851.22265625,267.86328125
5195.936355113983,5195.936355113983,NoButton,Move,848.6796875,263.28515625
5195.945251226425,5195.945251226425,NoButton,Move,846.13671875,258.70703125
5195.95135307312,5195.95135307312,NoButton,Move,843.453125,253.33984375
5195.959836959839,5195.959836959839,NoButton,Move,839.5,247.6953125
5195.968866109848,5195.968866109848,NoButton,Move,834.3125,239.265625
5195.979454040527,5195.979454040527,NoButton,Move,829.5703125,232.74609375
5196.016597032547,5196.016597032547,NoButton,Move,825.421875,225.63671875
5196.016844034195,5196.016844034195,NoButton,Move,820.234375,217.20703125
5196.017014026642,5196.017014026642,NoButton,Move,814.8203125,207.734375
5196.017187833786,5196.017187833786,NoButton,Move,810.28125,198.65625
5196.0173490047455,5196.0173490047455,NoButton,Move,805.54296875,188.5078125
5196.024223089218,5196.024223089218,NoButton,Move,800.4140625,176.05078125
5196.041560173035,5196.041560173035,NoButton,Move,796.015625,163.59375
5198.137605905533,5198.137605905533,NoButton,Move,796.015625,164.515625
5198.147779941559,5198.147779941559,NoButton,Move,796.015625,168.83984375
5198.153199911118,5198.153199911118,NoButton,Move,796.015625,174.73828125
5198.16105389595,5198.16105389595,NoButton,Move,796.015625,182.4375
5198.169225931168,5198.169225931168,NoButton,Move,796.015625,201.03125
5198.177571058273,5198.177571058273,NoButton,Move,796.015625,221.12109375
5198.185539960861,5198.185539960861,NoButton,Move,790.0859375,261.42578125
5198.193803071976,5198.193803071976,NoButton,Move,782.18359375,297.53515625
5198.202415943146,5198.202415943146,NoButton,Move,770.328125,336.65234375
5198.210112094879,5198.210112094879,NoButton,Move,765.0859375,356.7421875
5198.218576908112,5198.218576908112,NoButton,Move,760.3515625,372.51953125
5198.226664066315,5198.226664066315,NoButton,Move,756.828125,384.49609375
5198.23489689827,5198.23489689827,NoButton,Move,749.61328125,405.234375
5198.242911100388,5198.242911100388,NoButton,Move,745.046875,419.6875
5198.251219987869,5198.251219987869,NoButton,Move,743.6015625,424.01171875
5198.259505033493,5198.259505033493,NoButton,Move,740.63671875,431.7109375
5198.267921924591,5198.267921924591,NoButton,Move,738.6015625,436.79296875
5198.276610136032,5198.276610136032,NoButton,Move,737.2421875,440.4140625
5198.283956050873,5198.283956050873,NoButton,Move,736.1328125,441.890625
5198.292174100876,5198.292174100876,NoButton,Move,735.19140625,442.515625
5198.300783872604,5198.300783872604,NoButton,Move,734.25,442.828125
5198.308744907379,5198.308744907379,NoButton,Move,732.8828125,442.828125
5198.317117929459,5198.317117929459,NoButton,Move,731.03515625,441.71875
5198.325170040131,5198.325170040131,NoButton,Move,727.98046875,437.140625
5200.755516052246,5200.755516052246,NoButton,Move,727.74609375,438.0625
5200.7657470703125,5200.7657470703125,NoButton,Move,727.1171875,439.0
5200.771497011185,5200.771497011185,NoButton,Move,726.08984375,440.0234375
5200.782085895538,5200.782085895538,NoButton,Move,725.0625,441.046875
5200.787941932678,5200.787941932678,NoButton,Move,724.12109375,441.671875
5200.8033611774445,5200.8033611774445,NoButton,Move,722.75390625,442.3515625
5200.804043054581,5200.804043054581,NoButton,Move,721.38671875,443.03125
5200.8158349990845,5200.8158349990845,NoButton,Move,719.00390625,443.82421875
5200.820647954941,5200.820647954941,NoButton,Move,715.37890625,444.2734375
5200.833721876144,5200.833721876144,NoButton,Move,711.75390625,444.72265625
5200.837013959885,5200.837013959885,NoButton,Move,707.42578125,444.72265625
5200.848176002502,5200.848176002502,NoButton,Move,702.33984375,444.72265625
5200.853367090225,5200.853367090225,NoButton,Move,692.61328125,443.42578125
5200.864280223846,5200.864280223846,NoButton,Move,684.546875,439.703125
5200.869673967361,5200.869673967361,NoButton,Move,674.3984375,434.96484375
5200.883934020996,5200.883934020996,NoButton,Move,663.125,429.328125
5200.886218070984,5200.886218070984,NoButton,Move,650.19140625,422.48046875
5200.894234895706,5200.894234895706,NoButton,Move,635.98828125,414.58984375
5200.9027898311615,5200.9027898311615,NoButton,Move,621.78515625,407.48828125
5200.911128044128,5200.911128044128,NoButton,Move,607.58203125,400.38671875
5200.919006109238,5200.919006109238,NoButton,Move,594.6484375,393.5390625
5200.927139997482,5200.927139997482,NoButton,Move,589.28125,390.3203125
5200.935518980026,5200.935518980026,NoButton,Move,579.80859375,384.90625
5200.943995952606,5200.943995952606,NoButton,Move,577.2578125,383.203125
5200.952012062073,5200.952012062073,NoButton,Move,571.890625,379.984375
5200.960021018982,5200.960021018982,NoButton,Move,567.5625,378.05859375
5200.968291044235,5200.968291044235,NoButton,Move,565.01171875,376.35546875
5200.97634601593,5200.97634601593,NoButton,Move,563.64453125,375.671875
5200.984696149826,5200.984696149826,NoButton,Move,562.703125,375.04296875
5200.993149995804,5200.993149995804,NoButton,Move,562.12890625,374.75390625
5201.001215934753,5201.001215934753,NoButton,Move,561.5546875,374.46484375
5201.017363071442,5201.017363071442,NoButton,Move,561.30859375,374.46484375
5201.156956911087,5201.156956911087,NoButton,Move,561.7734375,374.6953125
5201.16489982605,5201.16489982605,NoButton,Move,562.7109375,375.0078125
5201.172846794128,5201.172846794128,NoButton,Move,564.07421875,375.6875
5201.181329011917,5201.181329011917,NoButton,Move,565.01171875,376.0
5201.18910908699,5201.18910908699,NoButton,Move,566.375,376.33984375
5201.198138952255,5201.198138952255,NoButton,Move,568.21875,376.70703125
5201.205571889877,5201.205571889877,NoButton,Move,570.0625,377.07421875
5201.214577913284,5201.214577913284,NoButton,Move,571.90625,377.44140625
5201.222106933594,5201.222106933594,NoButton,Move,574.28515625,377.44140625
5201.235726118088,5201.235726118088,NoButton,Move,576.12890625,377.44140625
5201.23818898201,5201.23818898201,NoButton,Move,577.97265625,377.44140625
5201.248321056366,5201.248321056366,NoButton,Move,578.91015625,377.44140625
5201.254740953445,5201.254740953445,NoButton,Move,580.2734375,377.44140625
5201.2681889534,5201.2681889534,NoButton,Move,580.84375,377.44140625
5201.282745838165,5201.282745838165,Left,Pressed,580.84375,377.44140625
5201.298808097839,5201.298808097839,NoButton,Move,581.109375,377.44140625
5201.398805141449,5201.398805141449,Left,Released,581.109375,377.44140625
5220.405933141708,5220.405933141708,NoButton,Move,581.109375,384.36328125
5220.417626857758,5220.417626857758,NoButton,Move,581.109375,395.18359375
5220.421730041504,5220.421730041504,NoButton,Move,581.109375,403.8671875
5220.431579828262,5220.431579828262,NoButton,Move,581.109375,411.56640625
5220.438071012497,5220.438071012497,NoButton,Move,581.109375,420.25
5220.446651935577,5220.446651935577,NoButton,Move,581.109375,427.94921875
5220.4544949531555,5220.4544949531555,NoButton,Move,581.109375,434.71875
5220.462743997574,5220.462743997574,NoButton,Move,581.109375,441.48828125
5220.470889091492,5220.470889091492,NoButton,Move,580.54296875,448.2578125
5220.482618808746,5220.482618808746,NoButton,Move,578.34375,461.4453125
5220.487411022186,5220.487411022186,NoButton,Move,574.8203125,473.421875
5220.498142004013,5220.498142004013,NoButton,Move,570.58984375,484.69140625
5220.503821134567,5220.503821134567,NoButton,Move,565.17578125,494.16015625
5220.51638507843,5220.51638507843,NoButton,Move,558.12890625,504.0234375
5220.52005314827,5220.52005314827,NoButton,Move,550.6875,512.140625
5220.530945062637,5220.530945062637,NoButton,Move,541.52734375,519.890625
5220.53674697876,5220.53674697876,NoButton,Move,532.73046875,526.65234375
5220.544802188873,5220.544802188873,NoButton,Move,522.16015625,532.9921875
5220.552919149399,5220.552919149399,NoButton,Move,510.88671875,537.921875
5220.561217069626,5220.561217069626,NoButton,Move,499.61328125,542.1484375
5220.569561958313,5220.569561958313,NoButton,Move,487.15625,546.54296875
5220.577449083328,5220.577449083328,NoButton,Move,475.17578125,549.359375
5220.586328983307,5220.586328983307,NoButton,Move,469.30859375,550.421875
5220.594267845154,5220.594267845154,NoButton,Move,459.58203125,552.36328125
5220.602420091629,5220.602420091629,NoButton,Move,450.89453125,553.6015625
5220.610704898834,5220.610704898834,NoButton,Move,447.91796875,554.0234375
5220.619029045105,5220.619029045105,NoButton,Move,442.83203125,554.53125
5220.626857995987,5220.626857995987,NoButton,Move,439.20703125,554.98046875
5220.635471820831,5220.635471820831,NoButton,Move,437.359375,555.34765625
5220.643207073212,5220.643207073212,NoButton,Move,435.9921875,555.6875
5220.651793003082,5220.651793003082,NoButton,Move,435.41796875,555.6875
5220.659670114517,5220.659670114517,NoButton,Move,435.15625,555.6875
5220.668083906174,5220.668083906174,NoButton,Move,435.15625,555.9453125
5220.67622089386,5220.67622089386,NoButton,Move,436.51953125,556.625
5220.6846380233765,5220.6846380233765,NoButton,Move,440.84375,558.06640625
5220.692394018173,5220.692394018173,NoButton,Move,447.61328125,560.3203125
5220.700648069382,5220.700648069382,NoButton,Move,457.3359375,563.55859375
5220.708999872208,5220.708999872208,NoButton,Move,469.3125,567.078125
5220.717090129852,5220.717090129852,NoButton,Move,494.9609375,574.96875
5220.7250509262085,5220.7250509262085,NoButton,Move,513.5546875,580.0390625
5220.733237028122,5220.733237028122,NoButton,Move,536.8046875,585.6171875
5220.741466999054,5220.741466999054,NoButton,Move,560.0546875,591.1953125
5220.749451160431,5220.749451160431,NoButton,Move,572.03125,593.30859375
5220.757662057877,5220.757662057877,NoButton,Move,612.3359375,601.60546875
5220.765877008438,5220.765877008438,NoButton,Move,637.25,605.4375
5220.774656057358,5220.774656057358,NoButton,Move,645.93359375,606.0546875
5220.782403945923,5220.782403945923,NoButton,Move,664.52734375,608.58984375
5220.790461063385,5220.790461063385,NoButton,Move,680.3046875,610.1640625
5220.801711797714,5220.801711797714,NoButton,Move,694.7578125,611.68359375
5220.987771034241,5220.987771034241,NoButton,Move,694.7578125,611.21484375
5221.001376152039,5221.001376152039,NoButton,Move,694.7578125,609.84765625
5221.003744125366,5221.003744125366,NoButton,Move,695.125,608.0
5221.011479139328,5221.011479139328,NoButton,Move,696.3125,605.6171875
5221.019576072693,5221.019576072693,NoButton,Move,697.8984375,603.62890625
5221.027931928635,5221.027931928635,NoButton,Move,699.484375,601.640625
5221.036106109619,5221.036106109619,NoButton,Move,700.9609375,600.16015625
5221.044230937958,5221.044230937958,NoButton,Move,703.84375,596.79296875
5221.052750825882,5221.052750825882,NoButton,Move,707.20703125,593.42578125
5221.061676025391,5221.061676025391,NoButton,Move,710.08984375,590.05859375
5221.068822145462,5221.068822145462,NoButton,Move,713.453125,587.171875
5221.076984167099,5221.076984167099,NoButton,Move,716.81640625,584.28515625
5221.085397005081,5221.085397005081,NoButton,Move,718.29296875,582.8046875
5221.094161987305,5221.094161987305,NoButton,Move,722.359375,579.2421875
5221.101868152618,5221.101868152618,NoButton,Move,723.8359375,577.76171875
5221.110035896301,5221.110035896301,NoButton,Move,725.95703125,575.63671875
5221.118559122086,5221.118559122086,NoButton,Move,727.43359375,574.15625
5221.126309871674,5221.126309871674,NoButton,Move,728.5390625,572.30859375
5221.134682893753,5221.134682893753,NoButton,Move,729.21875,570.94140625
5221.142749071121,5221.142749071121,NoButton,Move,729.55859375,569.57421875
5221.15106010437,5221.15106010437,NoButton,Move,729.953125,567.19140625
5221.159362077713,5221.159362077713,NoButton,Move,729.953125,566.6171875
5221.16761302948,5221.16761302948,NoButton,Move,729.953125,565.67578125
5221.175459861755,5221.175459861755,NoButton,Move,729.32421875,564.734375
5221.404774904251,5221.404774904251,NoButton,Move,729.32421875,564.5
5221.418487071991,5221.418487071991,NoButton,Move,729.32421875,563.1328125
5221.421478033066,5221.421478033066,NoButton,Move,729.32421875,561.765625
5221.429150104523,5221.429150104523,NoButton,Move,729.32421875,560.3984375
5221.437358140945,5221.437358140945,NoButton,Move,729.32421875,559.03125
5221.448807001114,5221.448807001114,NoButton,Move,729.32421875,557.6640625
5221.45349407196,5221.45349407196,NoButton,Move,729.32421875,555.81640625
5221.464374065399,5221.464374065399,NoButton,Move,729.32421875,553.96875
5221.469837188721,5221.469837188721,NoButton,Move,729.32421875,552.12109375
5221.478143930435,5221.478143930435,NoButton,Move,729.32421875,550.75390625
5221.4865119457245,5221.4865119457245,NoButton,Move,729.32421875,549.38671875
5221.494537115097,5221.494537115097,NoButton,Move,729.32421875,548.4453125
5221.6550989151,5221.6550989151,Right,Pressed,729.32421875,548.4453125
5221.779912948608,5221.779912948608,Right,Released,729.32421875,548.4453125
5222.0292727947235,5222.0292727947235,NoButton,Move,729.78515625,548.4453125
5222.035094022751,5222.035094022751,NoButton,Move,731.1484375,548.4453125
5222.043047904968,5222.043047904968,NoButton,Move,734.31640625,550.25390625
5222.051331043243,5222.051331043243,NoButton,Move,737.484375,552.515625
5222.059303045273,5222.059303045273,NoButton,Move,741.80859375,554.4375
5222.067692995071,5222.067692995071,NoButton,Move,746.3828125,556.9765625
5222.075634002686,5222.075634002686,NoButton,Move,750.95703125,560.02734375
5222.0842089653015,5222.0842089653015,NoButton,Move,756.59765625,563.9765625
5222.092446088791,5222.092446088791,NoButton,Move,760.6640625,567.02734375
5222.100587129593,5222.100587129593,NoButton,Move,765.48828125,570.78125
5222.108549833298,5222.108549833298,NoButton,Move,769.77734375,575.0703125
5222.116874933243,5222.116874933243,NoButton,Move,774.2890625,580.1484375
5222.125295877457,5222.125295877457,NoButton,Move,780.12109375,588.57421875
5222.133203029633,5222.133203029633,NoButton,Move,781.9296875,591.7421875
5222.141206026077,5222.141206026077,NoButton,Move,786.07421875,598.84765625
5222.149717092514,5222.149717092514,NoButton,Move,791.00390625,610.1171875
5222.157642126083,5222.157642126083,NoButton,Move,792.4453125,614.44140625
5222.165945053101,5222.165945053101,NoButton,Move,795.40625,621.546875
5222.174077987671,5222.174077987671,NoButton,Move,797.1796875,629.24609375
5222.183155059814,5222.183155059814,NoButton,Move,798.25,635.14453125
5222.19050693512,5222.19050693512,NoButton,Move,798.78515625,641.04296875
5222.198713064194,5222.198713064194,NoButton,Move,799.1796875,643.421875
5222.207088947296,5222.207088947296,NoButton,Move,799.66015625,647.74609375
5222.216869831085,5222.216869831085,NoButton,Move,799.66015625,650.71875
5222.223176956177,5222.223176956177,NoButton,Move,799.66015625,653.09765625
5222.231623888016,5222.231623888016,NoButton,Move,799.66015625,654.94140625
5222.23947095871,5222.23947095871,NoButton,Move,799.66015625,655.87890625
5222.248288154602,5222.248288154602,NoButton,Move,799.66015625,656.44921875
5222.25585103035,5222.25585103035,NoButton,Move,799.66015625,657.01953125
5222.266153097153,5222.266153097153,NoButton,Move,799.66015625,657.27734375
5222.272341966629,5222.272341966629,NoButton,Move,799.66015625,657.53515625
5222.283549070358,5222.283549070358,NoButton,Move,799.3984375,657.53515625
5222.305417060852,5222.305417060852,NoButton,Move,799.15625,657.53515625
5222.383852005005,5222.383852005005,NoButton,Move,798.921875,657.53515625
5222.453795194626,5222.453795194626,Left,Pressed,798.921875,657.53515625
5222.55402803421,5222.55402803421,Left,Released,798.921875,657.53515625
5230.381059169769,5230.381059169769,NoButton,Move,799.1484375,657.53515625
5230.395811796188,5230.395811796188,NoButton,Move,802.12109375,657.53515625
5230.3958830833435,5230.3958830833435,NoButton,Move,805.09375,657.53515625
5230.401636838913,5230.401636838913,NoButton,Move,808.71484375,657.53515625
5230.409332990646,5230.409332990646,NoButton,Move,813.796875,657.53515625
5230.418244838715,5230.418244838715,NoButton,Move,818.87890625,657.53515625
5230.425432920456,5230.425432920456,NoButton,Move,830.85546875,657.53515625
5230.433838844299,5230.433838844299,NoButton,Move,844.04296875,657.53515625
5230.442486047745,5230.442486047745,NoButton,Move,858.49609375,657.53515625
5230.4504289627075,5230.4504289627075,NoButton,Move,875.65234375,655.08203125
5230.4583950042725,5230.4583950042725,NoButton,Move,894.24609375,652.54296875
5230.4666039943695,5230.4666039943695,NoButton,Move,911.40234375,649.2734375
5230.474812984467,5230.474812984467,NoButton,Move,927.1796875,646.1171875
5230.482944011688,5230.482944011688,NoButton,Move,933.078125,643.96875
5230.491452932358,5230.491452932358,NoButton,Move,945.0546875,640.4453125
5230.499330043793,5230.499330043793,NoButton,Move,954.77734375,637.203125
5230.507456064224,5230.507456064224,NoButton,Move,957.75,635.92578125
5230.515703201294,5230.515703201294,NoButton,Move,962.83203125,634.3984375
5230.523901939392,5230.523901939392,NoButton,Move,966.453125,632.5859375
5230.532808065414,5230.532808065414,NoButton,Move,968.296875,631.4765625
5230.540366888046,5230.540366888046,NoButton,Move,969.66015625,630.79296875
5230.565574884415,5230.565574884415,Left,Pressed,969.66015625,630.79296875
5230.582184076309,5230.582184076309,NoButton,Move,970.08984375,630.6484375
5230.683630943298,5230.683630943298,Left,Released,970.08984375,630.6484375
5238.002218961716,5238.002218961716,NoButton,Move,969.62890625,630.6484375
5238.002275943756,5238.002275943756,NoButton,Move,965.30078125,629.68359375
5238.0023691654205,5238.0023691654205,NoButton,Move,958.52734375,627.98828125
5238.002429008484,5238.002429008484,NoButton,Move,950.82421875,625.6171875
5238.002490997314,5238.002490997314,NoButton,Move,941.09765625,622.375
5238.002531051636,5238.002531051636,NoButton,Move,929.1171875,618.8515625
5238.002569913864,5238.002569913864,NoButton,Move,883.359375,607.41015625
5238.002619028091,5238.002619028091,NoButton,Move,843.05078125,600.296875
5238.002664089203,5238.002664089203,NoButton,Move,793.6640625,593.796875
5238.002796173096,5238.002796173096,NoButton,Move,734.26953125,588.13671875
5238.011021137238,5238.011021137238,NoButton,Move,619.421875,582.6640625
5238.019248962402,5238.019248962402,NoButton,Move,533.625,582.6640625
5238.0274930000305,5238.0274930000305,NoButton,Move,493.31640625,582.6640625
5238.035711050034,5238.035711050034,NoButton,Move,362.625,582.6640625
5242.202575922012,5242.202575922012,NoButton,Move,362.625,582.43359375
5242.207144021988,5242.207144021988,NoButton,Move,362.625,580.5859375
5242.215632915497,5242.215632915497,NoButton,Move,362.625,577.609375
5242.223336935043,5242.223336935043,NoButton,Move,362.625,574.6328125
5242.232615947723,5242.232615947723,NoButton,Move,362.625,571.65625
5242.239377975464,5242.239377975464,NoButton,Move,362.625,569.2734375
5242.248075008392,5242.248075008392,NoButton,Move,363.046875,566.296875
5242.255810022354,5242.255810022354,NoButton,Move,363.46875,563.3203125
5242.264338970184,5242.264338970184,NoButton,Move,363.9765625,558.234375
5242.272263050079,5242.272263050079,NoButton,Move,365.1015625,551.4609375
5242.283318996429,5242.283318996429,NoButton,Move,366.171875,545.55859375
5242.288711071014,5242.288711071014,NoButton,Move,367.2421875,539.65625
5242.300034999847,5242.300034999847,NoButton,Move,368.3671875,532.8828125
5242.305375099182,5242.305375099182,NoButton,Move,370.39453125,522.05859375
5242.315614938736,5242.315614938736,NoButton,Move,370.984375,514.35546875
5242.321449995041,5242.321449995041,NoButton,Move,372.22265625,505.66796875
5242.333456993103,5242.333456993103,NoButton,Move,372.73046875,500.58203125
5242.337658882141,5242.337658882141,NoButton,Move,373.34765625,491.89453125
5242.349771976471,5242.349771976471,NoButton,Move,373.9375,484.19140625
5242.354478120804,5242.354478120804,NoButton,Move,373.9375,475.50390625
5242.366115093231,5242.366115093231,NoButton,Move,373.9375,468.73046875
5243.847752094269,5243.847752094269,NoButton,Move,374.3984375,468.73046875
5243.8478100299835,5243.8478100299835,NoButton,Move,378.01953125,468.73046875
5243.847848892212,5243.847848892212,NoButton,Move,381.640625,468.73046875
5243.852359056473,5243.852359056473,NoButton,Move,385.96484375,468.73046875
5243.86061000824,5243.86061000824,NoButton,Move,391.046875,468.21875
5243.868804931641,5243.868804931641,NoButton,Move,396.9453125,468.21875
5243.876927137375,5243.876927137375,NoButton,Move,408.921875,468.21875
5243.885236024857,5243.885236024857,NoButton,Move,432.171875,468.21875
5243.89343214035,5243.89343214035,NoButton,Move,452.26171875,468.21875
5243.901475906372,5243.901475906372,NoButton,Move,473.90234375,468.21875
5243.9095549583435,5243.9095549583435,NoButton,Move,520.92578125,470.7578125
5243.918005943298,5243.918005943298,NoButton,Move,536.703125,473.91015625
5243.926071166992,5243.926071166992,NoButton,Move,572.8125,479.55078125
5243.934394836426,5243.934394836426,NoButton,Move,608.7109375,486.28125
5243.942910909653,5243.942910909653,NoButton,Move,644.8203125,493.05078125
5243.9507529735565,5243.9507529735565,NoButton,Move,683.0,498.83203125
5243.9588050842285,5243.9588050842285,NoButton,Move,717.1015625,504.33203125
5243.967195987701,5243.967195987701,NoButton,Move,751.203125,508.73046875
5243.975296974182,5243.975296974182,NoButton,Move,764.390625,510.1953125
5243.98358297348,5243.98358297348,NoButton,Move,774.11328125,511.48828125
5243.991699934006,5243.991699934006,NoButton,Move,794.203125,514.10546875
5243.999974966049,5243.999974966049,NoButton,Move,808.65625,515.625
5244.008157014847,5244.008157014847,NoButton,Move,812.98046875,516.10546875
5244.016312122345,5244.016312122345,NoButton,Move,820.6796875,517.2890625
5244.025136947632,5244.025136947632,NoButton,Move,826.578125,517.82421875
5244.0327360630035,5244.0327360630035,NoButton,Move,829.55078125,518.24609375
5245.662239074707,5245.662239074707,NoButton,Move,829.78125,518.24609375
5245.6704688072205,5245.6704688072205,NoButton,Move,831.14453125,518.24609375
5245.6854729652405,5245.6854729652405,NoButton,Move,832.98828125,518.24609375
5245.686812877655,5245.686812877655,NoButton,Move,834.83203125,518.61328125
5245.694880962372,5245.694880962372,NoButton,Move,836.67578125,518.98046875
5245.703161239624,5245.703161239624,NoButton,Move,838.0390625,519.3203125
5245.711459875107,5245.711459875107,NoButton,Move,839.8828125,519.6875
5245.719566822052,5245.719566822052,NoButton,Move,842.26171875,520.48046875
5245.7278690338135,5245.7278690338135,NoButton,Move,844.10546875,521.21875
5245.736027002335,5245.736027002335,NoButton,Move,845.94921875,521.95703125
5245.744084119797,5245.744084119797,NoButton,Move,849.1171875,523.765625
5245.752518892288,5245.752518892288,NoButton,Move,850.703125,525.75
5245.76057100296,5245.76057100296,NoButton,Move,851.44140625,527.59375
5245.76874089241,5245.76874089241,NoButton,Move,852.62890625,529.97265625
5245.77686882019,5245.77686882019,NoButton,Move,853.05078125,532.9453125
5245.78523182869,5245.78523182869,NoButton,Move,853.53125,537.26953125
5245.793437957764,5245.793437957764,NoButton,Move,853.53125,544.96875
5245.801535129547,5245.801535129547,NoButton,Move,852.96484375,551.73828125
5245.809982061386,5245.809982061386,NoButton,Move,848.81640625,558.84375
5245.818098068237,5245.818098068237,NoButton,Move,842.98046875,567.26953125
5245.826344966888,5245.826344966888,NoButton,Move,834.859375,575.38671875
5245.834567070007,5245.834567070007,NoButton,Move,825.69921875,583.83984375
5245.842705011368,5245.842705011368,NoButton,Move,803.9921875,600.609375
5245.853110074997,5245.853110074997,NoButton,Move,795.92578125,604.328125
5245.8590660095215,5245.8590660095215,NoButton,Move,781.72265625,611.42578125
5245.867297172546,5245.867297172546,NoButton,Move,765.37890625,617.9609375
5245.87549495697,5245.87549495697,NoButton,Move,750.921875,622.5234375
5245.885689973831,5245.885689973831,NoButton,Move,736.46484375,626.32421875
5245.891687870026,5245.891687870026,NoButton,Move,730.5625,626.859375
5245.899743080139,5245.899743080139,NoButton,Move,719.73828125,627.53515625
5245.9079439640045,5245.9079439640045,NoButton,Move,711.05078125,627.53515625
5245.918591976166,5245.918591976166,NoButton,Move,703.34765625,627.53515625
5245.924351930618,5245.924351930618,NoButton,Move,697.4453125,627.53515625
5247.2023820877075,5247.2023820877075,Right,Pressed,697.4453125,627.53515625
5247.368833065033,5247.368833065033,Right,Released,697.4453125,627.53515625
5247.921919107437,5247.921919107437,NoButton,Move,698.13671875,627.53515625
5247.922370195389,5247.922370195389,NoButton,Move,700.515625,627.53515625
5247.9371972084045,5247.9371972084045,NoButton,Move,701.453125,627.53515625
5247.93826007843,5247.93826007843,NoButton,Move,703.296875,627.53515625
5247.9507830142975,5247.9507830142975,NoButton,Move,705.67578125,627.53515625
5247.954549074173,5247.954549074173,NoButton,Move,707.51953125,627.53515625
5247.967277050018,5247.967277050018,NoButton,Move,709.36328125,627.1640625
5247.970868110657,5247.970868110657,NoButton,Move,711.20703125,627.1640625
5247.98197889328,5247.98197889328,NoButton,Move,713.05078125,627.1640625
5247.987258911133,5247.987258911133,NoButton,Move,714.4140625,627.1640625
5248.001230239868,5248.001230239868,NoButton,Move,715.3515625,627.1640625
5248.003631830215,5248.003631830215,NoButton,Move,716.2890625,627.1640625
5248.014703989029,5248.014703989029,NoButton,Move,717.2265625,627.1640625
5248.019963026047,5248.019963026047,NoButton,Move,717.484375,626.90234375
5248.028515100479,5248.028515100479,NoButton,Move,718.0546875,626.90234375
5248.036478996277,5248.036478996277,NoButton,Move,718.3125,626.90234375
5248.044663190842,5248.044663190842,NoButton,Move,718.8828125,626.90234375
5248.05282998085,5248.05282998085,NoButton,Move,719.140625,626.640625
5248.060924053192,5248.060924053192,NoButton,Move,719.3984375,626.640625
5248.069025039673,5248.069025039673,NoButton,Move,719.65625,626.640625
5248.077752113342,5248.077752113342,NoButton,Move,720.2265625,626.3515625
5248.085660934448,5248.085660934448,NoButton,Move,720.796875,626.3515625
5248.09379196167,5248.09379196167,NoButton,Move,721.0546875,626.3515625
5248.102188110352,5248.102188110352,NoButton,Move,721.625,626.3515625
5248.110361814499,5248.110361814499,NoButton,Move,722.1953125,626.3515625
5248.119009017944,5248.119009017944,NoButton,Move,722.765625,626.3515625
5248.126767873764,5248.126767873764,NoButton,Move,723.0234375,626.3515625
5248.134859085083,5248.134859085083,NoButton,Move,723.59375,626.0625
5248.14314699173,5248.14314699173,NoButton,Move,724.1640625,626.0625
5248.151161909103,5248.151161909103,NoButton,Move,724.734375,625.7734375
5248.159372091293,5248.159372091293,NoButton,Move,725.3046875,625.7734375
5248.167538881302,5248.167538881302,NoButton,Move,725.875,625.484375
5248.175737142563,5248.175737142563,NoButton,Move,726.4453125,625.1953125
5248.184109210968,5248.184109210968,NoButton,Move,727.015625,624.90625
5248.192231893539,5248.192231893539,NoButton,Move,727.2734375,624.64453125
5248.200218915939,5248.200218915939,NoButton,Move,727.53125,624.64453125
5248.325687170029,5248.325687170029,NoButton,Move,727.7890625,624.3828125
5248.325746059418,5248.325746059418,NoButton,Move,728.046875,624.3828125
5248.325795888901,5248.325795888901,NoButton,Move,728.046875,624.13671875
5248.804323196411,5248.804323196411,Left,Pressed,728.046875,624.13671875
5248.899480819702,5248.899480819702,Left,Released,728.046875,624.13671875
5249.985594987869,5249.985594987869,NoButton,Move,728.73828125,624.13671875
5249.99338388443,5249.99338388443,NoButton,Move,730.09765625,624.13671875
5250.001221895218,5250.001221895218,NoButton,Move,731.4609375,624.4765625
5250.009463071823,5250.009463071823,NoButton,Move,732.82421875,624.81640625
5250.017637014389,5250.017637014389,NoButton,Move,735.796875,626.08984375
5250.025769948959,5250.025769948959,NoButton,Move,738.76953125,627.36328125
5250.034065961838,5250.034065961838,NoButton,Move,742.390625,628.71875
5250.042183876038,5250.042183876038,NoButton,Move,746.71484375,630.640625
5250.05020403862,5250.05020403862,NoButton,Move,751.0390625,632.08203125
5250.058516025543,5250.058516025543,NoButton,Move,755.36328125,633.5234375
5250.066843986511,5250.066843986511,NoButton,Move,759.6875,635.4453125
5250.07488322258,5250.07488322258,NoButton,Move,763.30859375,637.25390625
5250.082986116409,5250.082986116409,NoButton,Move,767.6328125,639.17578125
5250.09139418602,5250.09139418602,NoButton,Move,771.25390625,640.984375
5250.099488973618,5250.099488973618,NoButton,Move,775.09765625,643.38671875
5250.107694864273,5250.107694864273,NoButton,Move,778.71875,645.1953125
5250.116008043289,5250.116008043289,NoButton,Move,782.5625,647.59765625
5250.124185800552,5250.124185800552,NoButton,Move,785.73046875,649.859375
5250.132771015167,5250.132771015167,NoButton,Move,789.57421875,652.26171875
5250.14063501358,5250.14063501358,NoButton,Move,793.4140625,654.66015625
5250.148715019226,5250.148715019226,NoButton,Move,797.48046875,657.7109375
5250.1569809913635,5250.1569809913635,NoButton,Move,801.546875,660.76171875
5250.165138959885,5250.165138959885,NoButton,Move,805.61328125,663.8125
5250.173259973526,5250.173259973526,NoButton,Move,808.9765625,667.17578125
5250.186970949173,5250.186970949173,NoButton,Move,812.33984375,670.5390625
5250.1895570755005,5250.1895570755005,NoButton,Move,813.81640625,672.015625
5250.198400974274,5250.198400974274,NoButton,Move,815.9375,674.5625
5250.206027984619,5250.206027984619,NoButton,Move,818.05859375,676.68359375
5250.214567899704,5250.214567899704,NoButton,Move,819.64453125,678.66796875
5250.222148895264,5250.222148895264,NoButton,Move,820.75,680.14453125
5250.23082613945,5250.23082613945,NoButton,Move,821.0625,681.08203125
5250.238893032074,5250.238893032074,NoButton,Move,821.6328125,681.65234375
5250.248625993729,5250.248625993729,NoButton,Move,821.91796875,682.22265625
5250.254808187485,5250.254808187485,NoButton,Move,822.17578125,682.48046875
5250.265120983124,5250.265120983124,NoButton,Move,822.17578125,682.73828125
5250.33260178566,5250.33260178566,NoButton,Move,822.17578125,682.50390625
5250.3372049331665,5250.3372049331665,NoButton,Move,822.17578125,681.9296875
5250.348953962326,5250.348953962326,NoButton,Move,822.17578125,681.35546875
5250.35344004631,5250.35344004631,NoButton,Move,822.17578125,680.78125
5250.361600160599,5250.361600160599,NoButton,Move,822.17578125,680.51953125
5250.369741201401,5250.369741201401,NoButton,Move,822.17578125,679.9453125
5250.378014087677,5250.378014087677,NoButton,Move,822.17578125,679.68359375
5250.38623213768,5250.38623213768,NoButton,Move,822.17578125,679.421875
5250.394563913345,5250.394563913345,NoButton,Move,822.17578125,679.16015625
5250.410683870316,5250.410683870316,NoButton,Move,822.17578125,678.9140625
5250.41889500618,5250.41889500618,NoButton,Move,822.17578125,678.65234375
5250.449457883835,5250.449457883835,Left,Pressed,822.17578125,678.65234375
5250.46551990509,5250.46551990509,NoButton,Move,822.17578125,678.53125
5250.619449853897,5250.619449853897,Left,Released,822.17578125,678.53125
5251.025082826614,5251.025082826614,NoButton,Move,822.40625,678.53125
5251.034437894821,5251.034437894821,NoButton,Move,822.6640625,678.53125
5251.041620016098,5251.041620016098,NoButton,Move,822.921875,678.53125
5251.049711942673,5251.049711942673,NoButton,Move,823.1796875,678.7890625
5251.057829856873,5251.057829856873,NoButton,Move,824.1171875,679.1015625
5251.0659210681915,5251.0659210681915,NoButton,Move,825.0546875,679.7265625
5251.074002981186,5251.074002981186,NoButton,Move,825.9921875,680.0390625
5251.082250118256,5251.082250118256,NoButton,Move,826.9296875,680.3515625
5268.107584953308,5268.107584953308,NoButton,Move,826.9296875,679.890625
5268.116199970245,5268.116199970245,NoButton,Move,826.9296875,678.04296875
5281.919235944748,5281.919235944748,NoButton,Move,826.9296875,677.8125
5281.958045959473,5281.958045959473,NoButton,Move,826.9296875,677.57421875
5281.966032981873,5281.966032981873,NoButton,Move,826.9296875,677.3125
5281.974179029465,5281.974179029465,NoButton,Move,826.9296875,676.37109375
5325.43895816803,5325.43895816803,NoButton,Move,828.08203125,684.671875
5325.4568037986755,5325.4568037986755,NoButton,Move,832.421875,692.734375
5325.456914901733,5325.456914901733,NoButton,Move,837.15625,702.87890625
5325.58525800705,5325.58525800705,NoButton,Move,842.56640625,712.34765625
5325.5853152275085,5325.5853152275085,NoButton,Move,844.96875,716.19140625
5325.5853571891785,5325.5853571891785,NoButton,Move,845.25390625,716.76171875
5326.241489887238,5326.241489887238,NoButton,Move,845.25390625,715.3671875
5326.249505996704,5326.249505996704,NoButton,Move,845.25390625,708.59375
5326.257453203201,5326.257453203201,NoButton,Move,844.6328125,699.90625
5326.265748023987,5326.265748023987,NoButton,Move,843.27734375,689.08203125
5326.273719072342,5326.273719072342,NoButton,Move,839.66796875,667.4375
5326.282126188278,5326.282126188278,NoButton,Move,835.71875,640.796875
5326.289613008499,5326.289613008499,NoButton,Move,825.81640625,581.40234375
5326.2978439331055,5326.2978439331055,NoButton,Move,822.3203125,561.30859375
5326.306005001068,5326.306005001068,NoButton,Move,811.5078125,488.71484375
5326.315828084946,5326.315828084946,NoButton,Move,807.8984375,467.0703125
5326.322970867157,5326.322970867157,NoButton,Move,793.59375,389.1953125
5326.341689825058,5326.341689825058,NoButton,Move,789.08203125,367.55078125
5326.341849803925,5326.341849803925,NoButton,Move,769.515625,286.0234375
5326.347086191177,5326.347086191177,NoButton,Move,755.53125,240.265625
5326.355171918869,5326.355171918869,NoButton,Move,738.26171875,191.12109375
5326.363466978073,5326.363466978073,NoButton,Move,720.06640625,144.3359375
5326.371506929398,5326.371506929398,NoButton,Move,697.484375,96.51953125
5326.381188869476,5326.381188869476,NoButton,Move,673.57421875,50.03125
5326.38804602623,5326.38804602623,NoButton,Move,661.48046875,29.5703125
5326.401901006699,5326.401901006699,NoButton,Move,636.62890625,0.0
5326.404424905777,5326.404424905777,NoButton,Move,612.34765625,0.0
5326.414608001709,5326.414608001709,NoButton,Move,588.6484375,0.0
5326.420774936676,5326.420774936676,NoButton,Move,577.234375,0.0
5326.429401874542,5326.429401874542,NoButton,Move,558.06640625,0.0
5326.437187194824,5326.437187194824,NoButton,Move,539.46484375,0.0
5326.445953130722,5326.445953130722,NoButton,Move,523.9375,0.0
5326.453782081604,5326.453782081604,NoButton,Move,518.03515625,0.0
5326.462802886963,5326.462802886963,NoButton,Move,505.578125,0.0
5326.4702270030975,5326.4702270030975,NoButton,Move,494.75390625,0.0
5326.478287935257,5326.478287935257,NoButton,Move,486.06640625,0.0
5326.486675024033,5326.486675024033,NoButton,Move,476.33984375,0.0
5326.494817018509,5326.494817018509,NoButton,Move,468.63671875,0.0
5326.503171920776,5326.503171920776,NoButton,Move,460.93359375,1.18359375
5326.511213064194,5326.511213064194,NoButton,Move,454.16015625,3.4375
5326.519416093826,5326.519416093826,NoButton,Move,447.94921875,6.8203125
5326.527533054352,5326.527533054352,NoButton,Move,442.58203125,10.03515625
5326.535764932632,5326.535764932632,NoButton,Move,437.75390625,13.7890625
5326.543939113617,5326.543939113617,NoButton,Move,432.92578125,17.54296875
5326.5521721839905,5326.5521721839905,NoButton,Move,429.36328125,21.609375
5326.56042098999,5326.56042098999,NoButton,Move,426.95703125,25.453125
5326.568675994873,5326.568675994873,NoButton,Move,425.84765625,27.296875
5326.576714992523,5326.576714992523,NoButton,Move,424.03515625,30.46484375
5326.584933996201,5326.584933996201,NoButton,Move,422.3359375,33.0078125
5326.592891931534,5326.592891931534,NoButton,Move,421.5390625,35.38671875
5326.601283788681,5326.601283788681,NoButton,Move,420.85546875,36.75
5326.609354019165,5326.609354019165,NoButton,Move,420.5390625,37.6875
5326.617705106735,5326.617705106735,NoButton,Move,420.22265625,38.625
5326.625566959381,5326.625566959381,NoButton,Move,420.22265625,39.5625
5326.634116888046,5326.634116888046,NoButton,Move,420.22265625,40.5
5326.641937017441,5326.641937017441,NoButton,Move,420.22265625,41.0703125
5326.650331020355,5326.650331020355,NoButton,Move,420.22265625,42.0078125
5326.65826010704,5326.65826010704,NoButton,Move,420.84765625,42.9453125
5326.667047023773,5326.667047023773,NoButton,Move,421.52734375,44.30859375
5326.674927949905,5326.674927949905,NoButton,Move,422.55078125,45.33203125
5326.68323302269,5326.68323302269,NoButton,Move,423.12109375,45.90234375
5326.691251993179,5326.691251993179,NoButton,Move,423.69140625,46.47265625
5326.699393033981,5326.699393033981,NoButton,Move,424.26171875,47.04296875
5326.707682132721,5326.707682132721,NoButton,Move,424.546875,47.61328125
5326.716645956039,5326.716645956039,NoButton,Move,424.8046875,47.87109375
5326.724833011627,5326.724833011627,NoButton,Move,425.0625,48.12890625
5326.733451128006,5326.733451128006,NoButton,Move,425.3203125,48.38671875
5326.74032497406,5326.74032497406,NoButton,Move,425.578125,48.38671875
5326.749845981598,5326.749845981598,NoButton,Move,425.8359375,48.38671875
5326.766816139221,5326.766816139221,Left,Pressed,425.8359375,48.38671875
5326.882803916931,5326.882803916931,Left,Released,425.8359375,48.38671875
5327.363032102585,5327.363032102585,NoButton,Move,425.8359375,48.6171875
5327.370724916458,5327.370724916458,NoButton,Move,427.95703125,50.73828125
5327.3806710243225,5327.3806710243225,NoButton,Move,430.078125,53.28515625
5327.388246059418,5327.388246059418,NoButton,Move,432.07421875,55.68359375
5327.39728808403,5327.39728808403,NoButton,Move,434.3359375,58.8515625
5327.424954891205,5327.424954891205,NoButton,Move,436.45703125,61.3984375
5327.42503619194,5327.42503619194,NoButton,Move,441.1953125,67.9140625
5327.425117015839,5327.425117015839,NoButton,Move,445.93359375,74.4296875
5327.427956104279,5327.427956104279,NoButton,Move,451.765625,82.85546875
5327.436080932617,5327.436080932617,NoButton,Move,458.10546875,93.421875
5327.444259881973,5327.444259881973,NoButton,Move,465.4296875,104.41015625
5327.452750205994,5327.452750205994,NoButton,Move,472.0234375,116.12890625
5327.460665941238,5327.460665941238,NoButton,Move,479.34765625,127.84765625
5327.468845129013,5327.468845129013,NoButton,Move,492.5390625,153.21875
5327.477123975754,5327.477123975754,NoButton,Move,495.5,160.32421875
5327.485643148422,5327.485643148422,NoButton,Move,502.8515625,175.84765625
5327.493272781372,5327.493272781372,NoButton,Move,509.16015625,190.8359375
5327.522651910782,5327.522651910782,NoButton,Move,515.46875,205.82421875
5327.52280497551,5327.52280497551,NoButton,Move,520.98828125,220.8125
5327.522862911224,5327.522862911224,NoButton,Move,525.3828125,233.265625
5327.525995969772,5327.525995969772,NoButton,Move,529.77734375,246.453125
5327.534326076508,5327.534326076508,NoButton,Move,531.30078125,251.53515625
5327.542592048645,5327.542592048645,NoButton,Move,533.890625,261.2578125
5327.551018953323,5327.551018953323,NoButton,Move,536.48046875,270.98046875
5327.558970928192,5327.558970928192,NoButton,Move,537.6640625,278.6796875
5327.567218065262,5327.567218065262,NoButton,Move,538.19921875,284.578125
5327.879587173462,5327.879587173462,NoButton,Move,538.4296875,284.80859375
5327.879702091217,5327.879702091217,NoButton,Move,540.12890625,287.35546875
5327.886339902878,5327.886339902878,NoButton,Move,542.25,289.90234375
5327.8947949409485,5327.8947949409485,NoButton,Move,544.05859375,293.5234375
5327.902799844742,5327.902799844742,NoButton,Move,547.109375,298.09765625
5327.911064147949,5327.911064147949,NoButton,Move,552.29296875,306.5234375
5327.919593095779,5327.919593095779,NoButton,Move,557.92578125,317.08984375
5327.927471876144,5327.927471876144,NoButton,Move,570.3828125,339.12890625
5327.935715198517,5327.935715198517,NoButton,Move,574.1015625,347.19140625
5327.944031000137,5327.944031000137,NoButton,Move,582.26953125,362.71484375
5327.952393054962,5327.952393054962,NoButton,Move,589.62109375,379.0546875
5327.982338190079,5327.982338190079,NoButton,Move,598.35546875,397.3984375
5327.982425928116,5327.982425928116,NoButton,Move,605.70703125,413.73828125
5327.98247718811,5327.98247718811,NoButton,Move,612.015625,428.7265625
5327.984451055527,5327.984451055527,NoButton,Move,618.32421875,443.71484375
5327.992848873138,5327.992848873138,NoButton,Move,624.41015625,457.40625
5328.001044034958,5328.001044034958,NoButton,Move,630.49609375,471.09765625
5328.009111166,5328.009111166,NoButton,Move,634.890625,484.28515625
5328.017364025116,5328.017364025116,NoButton,Move,637.4296875,488.859375
5328.394197940826,5328.394197940826,NoButton,Move,637.4296875,488.625
5328.408262014389,5328.408262014389,NoButton,Move,637.4296875,485.0
5328.410058021545,5328.410058021545,NoButton,Move,638.390625,480.671875
5328.41827583313,5328.41827583313,NoButton,Move,638.92578125,474.76953125
5328.426530122757,5328.426530122757,NoButton,Move,639.94140625,469.68359375
5328.434741020203,5328.434741020203,NoButton,Move,640.4765625,463.78125
5328.442898988724,5328.442898988724,NoButton,Move,640.4765625,457.0078125
5328.451050043106,5328.451050043106,NoButton,Move,640.4765625,446.18359375
5328.459177017212,5328.459177017212,NoButton,Move,640.4765625,432.9921875
5328.467745065689,5328.467745065689,NoButton,Move,638.27734375,419.80859375
5328.475940942764,5328.475940942764,NoButton,Move,630.3828125,394.15625
5328.484046936035,5328.484046936035,NoButton,Move,623.02734375,377.8125
5328.492392063141,5328.492392063141,NoButton,Move,612.54296875,360.33984375
5328.50030207634,5328.50030207634,NoButton,Move,598.16796875,339.25390625
5328.508771181107,5328.508771181107,NoButton,Move,582.37890625,317.546875
5328.517019033432,5328.517019033432,NoButton,Move,564.109375,295.21484375
5328.525043964386,5328.525043964386,NoButton,Move,544.82421875,273.8984375
5328.533200979233,5328.533200979233,NoButton,Move,523.95703125,250.9453125
5328.541667222977,5328.541667222977,NoButton,Move,503.08984375,229.03515625
5328.549891233444,5328.549891233444,NoButton,Move,482.7890625,208.734375
5328.5581040382385,5328.5581040382385,NoButton,Move,473.62890625,200.27734375
5328.579612016678,5328.579612016678,NoButton,Move,454.4609375,183.984375
5328.579694032669,5328.579694032669,NoButton,Move,437.32421875,170.45703125
5328.58243894577,5328.58243894577,NoButton,Move,419.2890625,157.83203125
5328.590500831604,5328.590500831604,NoButton,Move,403.2265625,147.6875
5328.605604887009,5328.605604887009,NoButton,Move,389.03515625,139.8046875
5328.606761932373,5328.606761932373,NoButton,Move,383.1328125,137.65625
5328.615103960037,5328.615103960037,NoButton,Move,371.859375,132.72265625
5328.623256206512,5328.623256206512,NoButton,Move,362.1328125,130.12890625
5328.631366968155,5328.631366968155,NoButton,Move,353.4453125,127.64453125
5328.6394810676575,5328.6394810676575,NoButton,Move,345.7421875,125.8671875
5328.647927045822,5328.647927045822,NoButton,Move,338.96875,125.30078125
5328.6560871601105,5328.6560871601105,NoButton,Move,332.1953125,124.734375
5328.667014837265,5328.667014837265,NoButton,Move,325.421875,124.16796875
5328.672657966614,5328.672657966614,NoButton,Move,314.59765625,123.48828125
5328.680726051331,5328.680726051331,NoButton,Move,306.89453125,122.89453125
5328.688853979111,5328.688853979111,NoButton,Move,298.20703125,121.65234375
5328.697067022324,5328.697067022324,NoButton,Move,289.51953125,120.41015625
5328.705208063126,5328.705208063126,NoButton,Move,285.19140625,119.4453125
5328.713417053223,5328.713417053223,NoButton,Move,277.48828125,118.2578125
5328.721755981445,5328.721755981445,NoButton,Move,270.71484375,117.12890625
5328.730226993561,5328.730226993561,NoButton,Move,264.8125,115.51953125
5328.73820400238,5328.73820400238,NoButton,Move,262.4296875,115.51953125
5328.746227025986,5328.746227025986,NoButton,Move,257.34375,115.0078125
5328.754535913467,5328.754535913467,NoButton,Move,253.71875,114.5546875
5328.762650966644,5328.762650966644,NoButton,Move,247.81640625,114.015625
5328.771234035492,5328.771234035492,NoButton,Move,244.83984375,114.015625
5328.779021024704,5328.779021024704,NoButton,Move,241.21484375,114.015625
5328.78665804863,5328.78665804863,NoButton,Move,238.23828125,114.015625
5328.795577049255,5328.795577049255,NoButton,Move,233.91015625,114.015625
5328.803268909454,5328.803268909454,NoButton,Move,230.28515625,113.5625
5328.811465024948,5328.811465024948,NoButton,Move,225.95703125,112.59765625
5328.819890022278,5328.819890022278,NoButton,Move,221.62890625,111.6328125
5328.828001022339,5328.828001022339,NoButton,Move,218.00390625,109.8203125
5328.836683034897,5328.836683034897,NoButton,Move,216.15625,108.7109375
5328.844563961029,5328.844563961029,NoButton,Move,213.60546875,107.0078125
5328.852735996246,5328.852735996246,NoButton,Move,211.0546875,105.3046875
5328.861032962799,5328.861032962799,NoButton,Move,207.6875,101.9375
5328.869107961655,5328.869107961655,NoButton,Move,206.49609375,99.5546875
5328.87720990181,5328.87720990181,NoButton,Move,205.21875,96.578125
5328.88559794426,5328.88559794426,NoButton,Move,204.79296875,93.6015625
5328.893884897232,5328.893884897232,NoButton,Move,204.33984375,89.9765625
5328.901786804199,5328.901786804199,NoButton,Move,204.33984375,85.6484375
5328.90980887413,5328.90980887413,NoButton,Move,204.33984375,82.0234375
5328.918393135071,5328.918393135071,NoButton,Move,204.33984375,77.6953125
5328.926624059677,5328.926624059677,NoButton,Move,204.33984375,73.3671875
5328.934695005417,5328.934695005417,NoButton,Move,206.26171875,69.0390625
5328.942887067795,5328.942887067795,NoButton,Move,208.0703125,65.4140625
5328.95103597641,5328.95103597641,NoButton,Move,210.47265625,61.56640625
5328.959191083908,5328.959191083908,NoButton,Move,213.35546875,58.19921875
5328.96747303009,5328.96747303009,NoButton,Move,217.421875,54.63671875
5328.975564002991,5328.975564002991,NoButton,Move,220.58984375,52.37109375
5328.9838280677795,5328.9838280677795,NoButton,Move,224.65625,49.31640625
5328.991824865341,5328.991824865341,NoButton,Move,228.27734375,47.50390625
5329.000131845474,5329.000131845474,NoButton,Move,232.8515625,44.9609375
5329.008386135101,5329.008386135101,NoButton,Move,237.17578125,43.03515625
5329.016541957855,5329.016541957855,NoButton,Move,241.5,41.58984375
5329.02482509613,5329.02482509613,NoButton,Move,246.58203125,39.5546875
5329.032792806625,5329.032792806625,NoButton,Move,251.6640625,38.02734375
5329.041260004044,5329.041260004044,NoButton,Move,256.74609375,36.5
5329.061360836029,5329.061360836029,NoButton,Move,261.828125,34.46484375
5329.061507940292,5329.061507940292,NoButton,Move,266.91015625,32.9375
5329.065910100937,5329.065910100937,NoButton,Move,271.9921875,31.41015625
5329.073527097702,5329.073527097702,NoButton,Move,276.31640625,29.96484375
5329.08155298233,5329.08155298233,NoButton,Move,280.640625,28.51953125
5329.0895829200745,5329.0895829200745,NoButton,Move,284.96484375,27.07421875
5329.097946882248,5329.097946882248,NoButton,Move,288.5859375,25.71484375
5329.1060309410095,5329.1060309410095,NoButton,Move,292.91015625,23.7890625
5329.114331960678,5329.114331960678,NoButton,Move,296.53125,22.4296875
5329.122684955597,5329.122684955597,NoButton,Move,300.15234375,21.0703125
5329.132014989853,5329.132014989853,NoButton,Move,301.99609375,20.328125
5329.138938903809,5329.138938903809,NoButton,Move,304.96875,19.05078125
5329.148654937744,5329.148654937744,NoButton,Move,307.94140625,18.19921875
5329.1554000377655,5329.1554000377655,NoButton,Move,310.3203125,17.40234375
5329.165870189667,5329.165870189667,NoButton,Move,311.68359375,16.71875
5329.17173409462,5329.17173409462,NoButton,Move,313.046875,16.375
5329.182466030121,5329.182466030121,NoButton,Move,313.984375,16.05859375
5329.188363075256,5329.188363075256,NoButton,Move,314.5546875,15.76953125
5329.216846227646,5329.216846227646,Left,Pressed,314.5546875,15.76953125
5329.233119010925,5329.233119010925,NoButton,Move,314.8203125,15.76953125
5329.316369056702,5329.316369056702,Left,Released,314.8203125,15.76953125
5329.507126092911,5329.507126092911,NoButton,Move,315.5234375,17.41796875
5329.515022039413,5329.515022039413,NoButton,Move,321.7265625,24.2421875
5329.523380041122,5329.523380041122,NoButton,Move,329.84375,32.359375
5329.531419992447,5329.531419992447,NoButton,Move,339.73046875,43.0078125
5329.539607048035,5329.539607048035,NoButton,Move,351.5625,57.375
5329.547777175903,5329.547777175903,NoButton,Move,378.171875,86.296875
5329.5561170578,5329.5561170578,NoButton,Move,409.359375,125.28125
5329.5641758441925,5329.5641758441925,NoButton,Move,445.37890625,169.61328125
5329.5725440979,5329.5725440979,NoButton,Move,479.31640625,219.10546875
5329.580651044846,5329.580651044846,NoButton,Move,512.4921875,272.4765625
5329.588686943054,5329.588686943054,NoButton,Move,544.82421875,329.79296875
5329.597018957138,5329.597018957138,NoButton,Move,571.69140625,383.52734375
5329.605090141296,5329.605090141296,NoButton,Move,592.04296875,435.08203125
5329.6138389110565,5329.6138389110565,NoButton,Move,598.55078125,457.40234375
5329.621600151062,5329.621600151062,NoButton,Move,612.53125,503.15625
5329.63046503067,5329.63046503067,NoButton,Move,621.02734375,545.640625
5329.637917041779,5329.637917041779,NoButton,Move,625.65234375,583.8203125
5329.647234201431,5329.647234201431,NoButton,Move,627.90625,619.9296875
5329.65442109108,5329.65442109108,NoButton,Move,627.90625,634.3828125
5329.663875102997,5329.663875102997,NoButton,Move,627.90625,661.01953125
5329.670886039734,5329.670886039734,NoButton,Move,627.90625,669.703125
5329.678956985474,5329.678956985474,NoButton,Move,625.5390625,685.48046875
5329.687241077423,5329.687241077423,NoButton,Move,623.7265625,688.6484375
5329.695578813553,5329.695578813553,NoButton,Move,620.76171875,696.34765625
5329.703801870346,5329.703801870346,NoButton,Move,615.34765625,705.81640625
5329.711939096451,5329.711939096451,NoButton,Move,612.37109375,707.08984375
5329.720188856125,5329.720188856125,NoButton,Move,609.39453125,707.51171875
5329.728404045105,5329.728404045105,NoButton,Move,607.01171875,707.51171875
5329.736577987671,5329.736577987671,NoButton,Move,605.64453125,707.51171875
5329.744779109955,5329.744779109955,NoButton,Move,602.01953125,706.60546875
5329.752928972244,5329.752928972244,NoButton,Move,601.3359375,705.23828125
5329.760954856873,5329.760954856873,NoButton,Move,600.2265625,703.7578125
5329.769213914871,5329.769213914871,NoButton,Move,599.1171875,701.91015625
5329.777377128601,5329.777377128601,NoButton,Move,598.74609375,700.0625
5329.785583972931,5329.785583972931,NoButton,Move,598.74609375,698.6953125
5329.793833017349,5329.793833017349,NoButton,Move,598.74609375,697.328125
5329.80211687088,5329.80211687088,NoButton,Move,598.74609375,696.38671875
5329.810247898102,5329.810247898102,NoButton,Move,598.74609375,695.8125
5329.8183760643005,5329.8183760643005,NoButton,Move,599.03125,695.23828125
5329.826681137085,5329.826681137085,NoButton,Move,599.96875,694.921875
5329.835175037384,5329.835175037384,NoButton,Move,601.33203125,694.921875
5329.843503952026,5329.843503952026,NoButton,Move,602.26953125,694.921875
5329.851686954498,5329.851686954498,NoButton,Move,604.11328125,694.921875
5329.859678983688,5329.859678983688,NoButton,Move,605.05078125,694.921875
5329.867738008499,5329.867738008499,NoButton,Move,606.89453125,696.02734375
5329.876278162003,5329.876278162003,NoButton,Move,608.0,697.50390625
5329.884459972382,5329.884459972382,NoButton,Move,609.5859375,699.48828125
5329.892963171005,5329.892963171005,NoButton,Move,611.28515625,702.03515625
5329.900685071945,5329.900685071945,NoButton,Move,613.09375,705.203125
5329.90900683403,5329.90900683403,NoButton,Move,614.90234375,708.37109375
5329.9172830581665,5329.9172830581665,NoButton,Move,616.82421875,712.6953125
5329.925453186035,5329.925453186035,NoButton,Move,618.85546875,717.77734375
5329.933879137039,5329.933879137039,NoButton,Move,621.53515625,723.140625
5329.941441059113,5329.941441059113,NoButton,Move,624.35546875,729.34765625
5329.950575828552,5329.950575828552,NoButton,Move,627.5703125,734.7109375
5329.958112001419,5329.958112001419,NoButton,Move,630.953125,740.91796875
5329.967252969742,5329.967252969742,NoButton,Move,633.7734375,747.125
5329.974445104599,5329.974445104599,NoButton,Move,636.98828125,752.48828125
5329.983575105667,5329.983575105667,NoButton,Move,638.91015625,756.8125
5329.990401029587,5329.990401029587,NoButton,Move,640.015625,758.65625
5330.000669002533,5330.000669002533,NoButton,Move,641.203125,761.03515625
5331.769474029541,5331.769474029541,NoButton,Move,640.0234375,751.125
5331.775458097458,5331.775458097458,NoButton,Move,634.2734375,726.20703125
5331.789149045944,5331.789149045944,NoButton,Move,629.76171875,704.5625
5331.791447162628,5331.791447162628,NoButton,Move,624.54296875,674.3046875
5331.79988193512,5331.79988193512,NoButton,Move,618.453125,645.8828125
5331.807951927185,5331.807951927185,NoButton,Move,612.36328125,617.4609375
5331.816381931305,5331.816381931305,NoButton,Move,607.14453125,587.203125
5331.824470996857,5331.824470996857,NoButton,Move,597.2421875,527.80859375
5331.832856178284,5331.832856178284,NoButton,Move,588.75390625,468.4140625
5331.841876983643,5331.841876983643,NoButton,Move,585.9609375,445.16015625
5331.849138021469,5331.849138021469,NoButton,Move,580.98828125,400.4296875
5331.857208013535,5331.857208013535,NoButton,Move,577.4296875,360.12109375
5331.865044116974,5331.865044116974,NoButton,Move,576.66796875,345.6640625
5331.873376131058,5331.873376131058,NoButton,Move,575.6796875,319.0234375
5331.882414102554,5331.882414102554,NoButton,Move,574.74609375,295.76953125
5331.8896379470825,5331.8896379470825,NoButton,Move,574.1796875,288.99609375
5331.899555921555,5331.899555921555,NoButton,Move,572.60546875,273.27734375
5331.906275987625,5331.906275987625,NoButton,Move,570.48828125,261.296875
5331.916209936142,5331.916209936142,NoButton,Move,568.625,252.61328125
5331.923054933548,5331.923054933548,NoButton,Move,565.66015625,245.50390625
5331.932914972305,5331.932914972305,NoButton,Move,562.8359375,239.29296875
5331.939192056656,5331.939192056656,NoButton,Move,559.078125,234.46484375
5331.949497938156,5331.949497938156,NoButton,Move,555.3203125,229.63671875
5331.955365896225,5331.955365896225,NoButton,Move,550.4921875,225.87890625
5331.9659168720245,5331.9659168720245,NoButton,Move,546.421875,222.31640625
5331.972046852112,5331.972046852112,NoButton,Move,541.0546875,219.6328125
5331.9828679561615,5331.9828679561615,NoButton,Move,535.6875,216.4140625
5331.988828897476,5331.988828897476,NoButton,Move,526.23828125,211.01171875
5331.998604059219,5331.998604059219,NoButton,Move,519.71875,206.86328125
5332.00509595871,5332.00509595871,NoButton,Move,513.19921875,202.12109375
5332.015300989151,5332.015300989151,NoButton,Move,504.76953125,196.28515625
5332.020992040634,5332.020992040634,NoButton,Move,495.609375,188.53125
5332.0327088832855,5332.0327088832855,NoButton,Move,480.27734375,172.296875
5332.037710189819,5332.037710189819,NoButton,Move,476.12890625,165.1875
5332.045998096466,5332.045998096466,NoButton,Move,467.44921875,151.7734375
5332.053920984268,5332.053920984268,NoButton,Move,460.8515625,140.05078125
5332.061769962311,5332.061769962311,NoButton,Move,458.02734375,133.83984375
5332.070072174072,5332.070072174072,NoButton,Move,453.796875,122.56640625
5332.078168869019,5332.078168869019,NoButton,Move,451.203125,112.83984375
5332.086393117905,5332.086393117905,NoButton,Move,449.9609375,104.15234375
5332.094572067261,5332.094572067261,NoButton,Move,449.9609375,96.44921875
5332.102854967117,5332.102854967117,NoButton,Move,449.9609375,83.2578125
5332.110895872116,5332.110895872116,NoButton,Move,451.90234375,73.53125
5332.11913394928,5332.11913394928,NoButton,Move,457.98828125,64.05859375
5332.127326011658,5332.127326011658,NoButton,Move,466.046875,53.06640625
5332.135630130768,5332.135630130768,NoButton,Move,476.6953125,43.17578125
5332.143674850464,5332.143674850464,NoButton,Move,489.31640625,33.70703125
5332.151710033417,5332.151710033417,NoButton,Move,502.24609375,26.09765625
5332.159913063049,5332.159913063049,NoButton,Move,517.234375,19.78515625
5332.168142795563,5332.168142795563,NoButton,Move,531.6875,15.21875
5332.176334857941,5332.176334857941,NoButton,Move,544.875,11.5546875
5332.184642076492,5332.184642076492,NoButton,Move,550.7734375,11.015625
5332.192811965942,5332.192811965942,NoButton,Move,562.75,9.60546875
5332.200919151306,5332.200919151306,NoButton,Move,572.47265625,9.60546875
5332.209175109863,5332.209175109863,NoButton,Move,581.15625,9.60546875
5332.2174751758575,5332.2174751758575,NoButton,Move,587.92578125,9.60546875
5332.225731134415,5332.225731134415,NoButton,Move,590.8984375,9.60546875
5332.23380613327,5332.23380613327,NoButton,Move,595.22265625,9.60546875
5332.241890192032,5332.241890192032,NoButton,Move,598.84375,9.60546875
5332.249927043915,5332.249927043915,NoButton,Move,601.22265625,9.60546875
5332.258200883865,5332.258200883865,NoButton,Move,602.5859375,9.60546875
5332.266530036926,5332.266530036926,NoButton,Move,603.94921875,9.9453125
5332.274629831314,5332.274629831314,NoButton,Move,604.234375,10.515625
5332.282820940018,5332.282820940018,NoButton,Move,604.57421875,11.87890625
5332.291013002396,5332.291013002396,NoButton,Move,604.57421875,12.81640625
5332.299214839935,5332.299214839935,NoButton,Move,604.57421875,14.1796875
5332.307323932648,5332.307323932648,NoButton,Move,603.546875,15.203125
5332.3154718875885,5332.3154718875885,NoButton,Move,600.5703125,16.4765625
5332.323571920395,5332.323571920395,NoButton,Move,597.59375,17.75
5332.331813812256,5332.331813812256,NoButton,Move,593.265625,19.19140625
5332.340073108673,5332.340073108673,NoButton,Move,588.1796875,20.20703125
5332.348694086075,5332.348694086075,NoButton,Move,582.27734375,21.27734375
5332.356600046158,5332.356600046158,NoButton,Move,577.19140625,21.78515625
5332.364856004715,5332.364856004715,NoButton,Move,571.2890625,22.85546875
5332.37292599678,5332.37292599678,NoButton,Move,568.90625,23.25
5332.382300853729,5332.382300853729,NoButton,Move,565.28125,23.69921875
5332.389183044434,5332.389183044434,NoButton,Move,561.65625,23.69921875
5332.399284124374,5332.399284124374,NoButton,Move,558.69140625,23.69921875
5332.405555963516,5332.405555963516,NoButton,Move,556.30859375,23.69921875
5332.415899038315,5332.415899038315,NoButton,Move,554.4609375,23.69921875
5332.421945095062,5332.421945095062,NoButton,Move,553.09375,23.69921875
5332.432484865189,5332.432484865189,NoButton,Move,552.15234375,23.69921875
5332.438299894333,5332.438299894333,NoButton,Move,551.578125,23.69921875
5332.448711872101,5332.448711872101,NoButton,Move,551.31640625,23.69921875
5332.454838037491,5332.454838037491,NoButton,Move,551.0546875,23.69921875
5332.46581196785,5332.46581196785,NoButton,Move,550.79296875,23.69921875
5332.495902061462,5332.495902061462,NoButton,Move,551.28125,23.69921875
5332.503843784332,5332.503843784332,NoButton,Move,553.125,23.69921875
5332.512455940247,5332.512455940247,NoButton,Move,556.09765625,23.69921875
5332.5201869010925,5332.5201869010925,NoButton,Move,559.71875,23.69921875
5332.528878927231,5332.528878927231,NoButton,Move,564.80078125,23.69921875
5332.536833047867,5332.536833047867,NoButton,Move,569.8828125,23.69921875
5332.544883966446,5332.544883966446,NoButton,Move,575.78125,23.69921875
5332.5536189079285,5332.5536189079285,NoButton,Move,581.6796875,23.69921875
5332.56161904335,5332.56161904335,NoButton,Move,586.76171875,23.1875
5332.569752931595,5332.569752931595,NoButton,Move,592.66015625,23.1875
5332.577652931213,5332.577652931213,NoButton,Move,594.50390625,22.81640625
5332.585882902145,5332.585882902145,NoButton,Move,598.828125,22.81640625
5332.594126224518,5332.594126224518,NoButton,Move,601.80078125,22.390625
5332.602702140808,5332.602702140808,NoButton,Move,603.64453125,22.01953125
5332.610413074493,5332.610413074493,NoButton,Move,605.48828125,21.6484375
5332.619214057922,5332.619214057922,NoButton,Move,606.421875,21.6484375
5332.62704706192,5332.62704706192,NoButton,Move,606.9921875,21.359375
5332.635153055191,5332.635153055191,NoButton,Move,607.5625,21.359375
5332.66717505455,5332.66717505455,Left,Pressed,607.5625,21.359375
5332.667331933975,5332.667331933975,NoButton,Move,607.68359375,21.234375
5332.766227006912,5332.766227006912,Left,Released,607.68359375,21.234375
5333.446290969849,5333.446290969849,NoButton,Move,608.375,21.234375
5333.454261064529,5333.454261064529,NoButton,Move,610.75390625,21.234375
5333.462902069092,5333.462902069092,NoButton,Move,614.375,21.234375
5333.470528125763,5333.470528125763,NoButton,Move,618.69921875,21.234375
5333.479051113129,5333.479051113129,NoButton,Move,623.0234375,21.234375
5333.486932039261,5333.486932039261,NoButton,Move,628.921875,21.234375
5333.495091915131,5333.495091915131,NoButton,Move,638.64453125,21.234375
5333.5026161670685,5333.5026161670685,NoButton,Move,649.46484375,21.234375
5333.510972976685,5333.510972976685,NoButton,Move,661.44140625,21.234375
5333.518882036209,5333.518882036209,NoButton,Move,673.41796875,21.234375
5333.527011871338,5333.527011871338,NoButton,Move,679.31640625,21.234375
5333.5355489254,5333.5355489254,NoButton,Move,690.13671875,21.234375
5333.543792009354,5333.543792009354,NoButton,Move,699.859375,20.5859375
5333.552067041397,5333.552067041397,NoButton,Move,708.54296875,20.5859375
5333.560168981552,5333.560168981552,NoButton,Move,716.2421875,19.3984375
5333.568473815918,5333.568473815918,NoButton,Move,718.62109375,19.0
5333.576834201813,5333.576834201813,NoButton,Move,722.9453125,18.515625
5333.584958076477,5333.584958076477,NoButton,Move,726.56640625,17.609375
5333.593338012695,5333.593338012695,NoButton,Move,728.9453125,17.2109375
5333.601490974426,5333.601490974426,NoButton,Move,730.7890625,17.2109375
5333.609657049179,5333.609657049179,NoButton,Move,731.7265625,16.89453125
5333.617873907089,5333.617873907089,NoButton,Move,732.296875,16.60546875
5333.625974178314,5333.625974178314,NoButton,Move,732.8671875,16.60546875
5333.6342079639435,5333.6342079639435,NoButton,Move,733.125,16.60546875
5333.642271995544,5333.642271995544,NoButton,Move,733.3828125,16.34375
5333.674834012985,5333.674834012985,NoButton,Move,733.3828125,16.10546875
5333.683511018753,5333.683511018753,NoButton,Move,733.640625,16.10546875
5333.70011806488,5333.70011806488,Left,Pressed,733.640625,16.10546875
5333.832870006561,5333.832870006561,Left,Released,733.640625,16.10546875
5334.297039985657,5334.297039985657,NoButton,Move,733.87109375,16.10546875
5334.305421113968,5334.305421113968,NoButton,Move,736.25,16.10546875
5334.3150470256805,5334.3150470256805,NoButton,Move,738.62890625,16.10546875
5334.321401834488,5334.321401834488,NoButton,Move,741.0078125,16.10546875
5334.334672927856,5334.334672927856,NoButton,Move,743.98046875,16.52734375
5334.337891101837,5334.337891101837,NoButton,Move,746.9453125,16.94921875
5334.345989942551,5334.345989942551,NoButton,Move,749.91796875,17.37109375
5334.354126930237,5334.354126930237,NoButton,Move,759.640625,18.6640625
5334.3626980781555,5334.3626980781555,NoButton,Move,763.26171875,19.11328125
5334.3704562187195,5334.3704562187195,NoButton,Move,770.03125,20.23828125
5334.379026889801,5334.379026889801,NoButton,Move,776.7890625,20.80078125
5334.387141942978,5334.387141942978,NoButton,Move,783.55859375,21.36328125
5334.395029067993,5334.395029067993,NoButton,Move,789.45703125,22.43359375
5334.403785943985,5334.403785943985,NoButton,Move,794.51953125,22.9375
5334.411754131317,5334.411754131317,NoButton,Move,799.6015625,23.4453125
5334.419601917267,5334.419601917267,NoButton,Move,801.98046875,23.83984375
5334.427944898605,5334.427944898605,NoButton,Move,805.58984375,23.83984375
5334.43620300293,5334.43620300293,NoButton,Move,807.96875,24.234375
5334.44432592392,5334.44432592392,NoButton,Move,809.8125,24.234375
5334.452606916428,5334.452606916428,NoButton,Move,811.17578125,24.57421875
5334.483852148056,5334.483852148056,Left,Pressed,811.17578125,24.57421875
5334.483922958374,5334.483922958374,NoButton,Move,811.60546875,24.57421875
5334.616889953613,5334.616889953613,Left,Released,811.60546875,24.57421875
5335.580158948898,5335.580158948898,NoButton,Move,812.76171875,25.265625
5335.580233097076,5335.580233097076,NoButton,Move,816.828125,28.82421875
5335.580293893814,5335.580293893814,NoButton,Move,828.23828125,37.953125
5335.58034992218,5335.58034992218,NoButton,Move,841.6484375,47.41796875
5335.580397129059,5335.580397129059,NoButton,Move,870.98828125,69.98828125
5335.58060002327,5335.58060002327,NoButton,Move,895.34375,86.2265625
5335.5806620121,5335.5806620121,NoButton,Move,936.9296875,114.81640625
5335.580717086792,5335.580717086792,NoButton,Move,986.421875,148.75390625
5335.580754995346,5335.580754995346,NoButton,Move,1040.80078125,185.49609375
5335.580793142319,5335.580793142319,NoButton,Move,1095.1796875,220.76953125
5335.581757068634,5335.581757068634,NoButton,Move,1116.26171875,235.140625
5335.589818954468,5335.589818954468,NoButton,Move,1130.62890625,246.97265625
5335.601115942001,5335.601115942001,NoButton,Move,1158.83984375,269.54296875
5335.606251001358,5335.606251001358,NoButton,Move,1165.04296875,276.3671875
5335.614459991455,5335.614459991455,NoButton,Move,1179.015625,291.21484375
5335.6225118637085,5335.6225118637085,NoButton,Move,1192.96484375,309.8125
5335.630820989609,5335.630820989609,NoButton,Move,1193.5546875,317.51171875
5335.638845920563,5335.638845920563,NoButton,Move,1192.3125,326.1953125
5335.836270093918,5335.836270093918,NoButton,Move,1192.78515625,327.6171875
5335.844270944595,5335.844270944595,NoButton,Move,1193.890625,329.4609375
5335.852666854858,5335.852666854858,NoButton,Move,1195.4765625,331.4453125
5335.860865116119,5335.860865116119,NoButton,Move,1196.15625,332.80859375
5335.868833065033,5335.868833065033,NoButton,Move,1197.1796875,333.83203125
5335.8771159648895,5335.8771159648895,NoButton,Move,1197.4921875,334.76953125
5335.885648965836,5335.885648965836,NoButton,Move,1197.77734375,335.33984375
5335.893721818924,5335.893721818924,NoButton,Move,1198.40234375,336.27734375
5335.901654005051,5335.901654005051,NoButton,Move,1198.97265625,336.84765625
5335.909883022308,5335.909883022308,NoButton,Move,1199.2578125,337.41796875
5335.9337520599365,5335.9337520599365,Left,Pressed,1199.2578125,337.41796875
5335.949983119965,5335.949983119965,NoButton,Move,1199.37890625,337.5390625
5336.016580820084,5336.016580820084,Left,Released,1199.37890625,337.5390625
5336.196545124054,5336.196545124054,NoButton,Move,1199.37890625,337.3046875
5336.204566001892,5336.204566001892,NoButton,Move,1199.37890625,334.328125
5336.213603019714,5336.213603019714,NoButton,Move,1198.92578125,330.703125
5336.220921993256,5336.220921993256,NoButton,Move,1198.4140625,325.6171875
5336.229699850082,5336.229699850082,NoButton,Move,1196.37890625,320.53125
5336.237429141998,5336.237429141998,NoButton,Move,1193.41796875,312.83984375
5336.246464014053,5336.246464014053,NoButton,Move,1187.10546875,297.84765625
5336.253996133804,5336.253996133804,NoButton,Move,1180.1171875,278.62890625
5336.263277053833,5336.263277053833,NoButton,Move,1161.05078125,235.4140625
5336.270368099213,5336.270368099213,NoButton,Move,1152.87890625,219.88671875
5336.280138015747,5336.280138015747,NoButton,Move,1136.375,189.08203125
5336.286839008331,5336.286839008331,NoButton,Move,1119.4921875,156.4453125
5336.29470705986,5336.29470705986,NoButton,Move,1102.34375,128.578125
5336.303783893585,5336.303783893585,NoButton,Move,1095.015625,117.5859375
5336.311101913452,5336.311101913452,NoButton,Move,1081.59765625,96.5
5336.319077968597,5336.319077968597,NoButton,Move,1070.23828125,79.02734375
5336.327536821365,5336.327536821365,NoButton,Move,1066.48046875,74.19921875
5336.33615899086,5336.33615899086,NoButton,Move,1058.7578125,65.0703125
5336.344101905823,5336.344101905823,NoButton,Move,1056.20703125,62.9453125
5336.352524995804,5336.352524995804,NoButton,Move,1051.125,57.86328125
5336.360533952713,5336.360533952713,NoButton,Move,1047.7578125,54.9765625
5336.368464946747,5336.368464946747,NoButton,Move,1044.5859375,53.1640625
5336.376507997513,5336.376507997513,NoButton,Move,1042.73828125,52.421875
5336.38481593132,5336.38481593132,NoButton,Move,1039.11328125,51.515625
5336.393301963806,5336.393301963806,NoButton,Move,1037.265625,51.515625
5336.400906085968,5336.400906085968,NoButton,Move,1035.8984375,51.515625
5336.409678936005,5336.409678936005,NoButton,Move,1034.05859375,52.25
5336.417746067047,5336.417746067047,NoButton,Move,1033.03125,53.2734375
5336.426002979279,5336.426002979279,NoButton,Move,1030.3125,55.98828125
5336.433883905411,5336.433883905411,NoButton,Move,1029.28515625,57.01171875
5336.441969871521,5336.441969871521,NoButton,Move,1027.296875,58.59765625
5336.450398921967,5336.450398921967,NoButton,Move,1025.81640625,60.07421875
5336.458657979965,5336.458657979965,NoButton,Move,1024.70703125,61.55078125
5336.466846942902,5336.466846942902,NoButton,Move,1023.2265625,62.65625
5336.474737882614,5336.474737882614,NoButton,Move,1022.1171875,64.1328125
5336.483006000519,5336.483006000519,NoButton,Move,1021.17578125,64.7578125
5336.491461992264,5336.491461992264,NoButton,Move,1020.546875,65.6953125
5336.499680042267,5336.499680042267,NoButton,Move,1019.51953125,66.71875
5336.507692098618,5336.507692098618,NoButton,Move,1018.8359375,68.08203125
5336.516556024551,5336.516556024551,NoButton,Move,1018.20703125,69.01953125
5336.523779153824,5336.523779153824,NoButton,Move,1017.015625,71.3984375
5336.533107042313,5336.533107042313,NoButton,Move,1016.69921875,72.3359375
5336.540546178818,5336.540546178818,NoButton,Move,1014.88671875,75.50390625
5336.549819946289,5336.549819946289,NoButton,Move,1014.08984375,77.8828125
5336.557337999344,5336.557337999344,NoButton,Move,1013.40625,79.24609375
5336.566307783127,5336.566307783127,NoButton,Move,1012.30078125,81.0859375
5336.572913885117,5336.572913885117,NoButton,Move,1011.50390625,83.46484375
5336.583661079407,5336.583661079407,NoButton,Move,1010.39453125,85.3046875
5336.589235067368,5336.589235067368,NoButton,Move,1009.65234375,87.1484375
5336.599536895752,5336.599536895752,NoButton,Move,1008.91015625,88.9921875
5336.605697154999,5336.605697154999,NoButton,Move,1008.56640625,90.35546875
5336.630481004715,5336.630481004715,NoButton,Move,1008.22265625,91.71875
5336.630610942841,5336.630610942841,NoButton,Move,1007.87890625,93.08203125
5336.630680799484,5336.630680799484,NoButton,Move,1007.5625,94.01953125
5336.638463973999,5336.638463973999,NoButton,Move,1007.5625,94.95703125
5336.649346113205,5336.649346113205,NoButton,Move,1007.24609375,95.89453125
5336.655039072037,5336.655039072037,NoButton,Move,1007.24609375,96.83203125
5336.665884017944,5336.665884017944,NoButton,Move,1006.9296875,97.76953125
5336.6712419986725,5336.6712419986725,NoButton,Move,1006.61328125,98.70703125
5336.682545900345,5336.682545900345,NoButton,Move,1006.61328125,99.27734375
5336.687527894974,5336.687527894974,NoButton,Move,1006.296875,100.21484375
5336.696005821228,5336.696005821228,NoButton,Move,1005.98046875,101.15234375
5336.70402097702,5336.70402097702,NoButton,Move,1005.69140625,101.72265625
5336.7125561237335,5336.7125561237335,NoButton,Move,1005.69140625,102.66015625
5336.720447063446,5336.720447063446,NoButton,Move,1005.69140625,103.23046875
5336.72896695137,5336.72896695137,NoButton,Move,1005.375,104.16796875
5336.73678278923,5336.73678278923,NoButton,Move,1005.375,104.42578125
5336.745169878006,5336.745169878006,NoButton,Move,1005.375,104.99609375
5336.7532839775085,5336.7532839775085,NoButton,Move,1005.375,105.56640625
5336.761183023453,5336.761183023453,NoButton,Move,1005.375,105.82421875
5336.769207000732,5336.769207000732,NoButton,Move,1005.375,106.39453125
5336.777273178101,5336.777273178101,NoButton,Move,1005.375,106.65234375
5336.799880027771,5336.799880027771,Left,Pressed,1005.375,106.65234375
5336.8162360191345,5336.8162360191345,NoButton,Move,1005.375,106.7734375
5336.883896112442,5336.883896112442,Left,Released,1005.375,106.7734375
5337.630051136017,5337.630051136017,NoButton,Move,1006.06640625,107.46484375
5337.637889146805,5337.637889146805,NoButton,Move,1008.61328125,109.5859375
5337.646372795105,5337.646372795105,NoButton,Move,1012.6796875,113.14453125
5337.6540269851685,5337.6540269851685,NoButton,Move,1016.96875,117.43359375
5337.663064956665,5337.663064956665,NoButton,Move,1023.171875,123.63671875
5337.671030044556,5337.671030044556,NoButton,Move,1031.2890625,131.07421875
5337.678417921066,5337.678417921066,NoButton,Move,1047.01171875,144.17578125
5337.686682939529,5337.686682939529,NoButton,Move,1054.7890625,150.0078125
5337.695018053055,5337.695018053055,NoButton,Move,1078.1328125,167.26171875
5337.70281291008,5337.70281291008,NoButton,Move,1097.66015625,180.28125
5337.710876941681,5337.710876941681,NoButton,Move,1119.69921875,192.73828125
5337.718947887421,5337.718947887421,NoButton,Move,1143.375,205.5625
5337.7270250320435,5337.7270250320435,NoButton,Move,1171.54296875,217.03515625
5337.73520898819,5337.73520898819,NoButton,Move,1203.4453125,229.1328125
5337.743935108185,5337.743935108185,NoButton,Move,1236.37109375,241.203125
5337.752013206482,5337.752013206482,NoButton,Move,1271.3515625,251.359375
5337.760009050369,5337.760009050369,NoButton,Move,1304.3515625,261.2578125
5337.768042087555,5337.768042087555,NoButton,Move,1337.3515625,271.15625
5337.77644610405,5337.77644610405,NoButton,Move,1351.8046875,274.19921875
5337.784611225128,5337.784611225128,NoButton,Move,1378.44140625,281.10546875
5337.795540094376,5337.795540094376,NoButton,Move,1400.08203125,285.61328125
5337.83849978447,5337.83849978447,NoButton,Move,1407.78125,286.796875
5337.838544845581,5337.838544845581,NoButton,Move,1412.86328125,287.8125
5337.838585138321,5337.838585138321,NoButton,Move,1422.5859375,289.75390625
5337.838622093201,5337.838622093201,NoButton,Move,1429.35546875,290.87890625
5337.83865904808,5337.83865904808,NoButton,Move,1433.6796875,291.83984375
5337.841462135315,5337.841462135315,NoButton,Move,1436.05859375,292.234375
5337.8493909835815,5337.8493909835815,NoButton,Move,1437.90234375,292.234375
5337.999207019806,5337.999207019806,NoButton,Move,1437.90234375,291.52734375
5338.005187034607,5338.005187034607,NoButton,Move,1437.16015625,289.6796875
5338.015982866287,5338.015982866287,NoButton,Move,1435.96875,287.296875
5338.022275924683,5338.022275924683,NoButton,Move,1433.84375,284.74609375
5338.032938957214,5338.032938957214,NoButton,Move,1432.03125,281.57421875
5338.038051843643,5338.038051843643,NoButton,Move,1431.34765625,280.20703125
5338.049846172333,5338.049846172333,NoButton,Move,1429.7578125,278.21875
5338.054315090179,5338.054315090179,NoButton,Move,1428.0546875,275.66796875
5338.062481880188,5338.062481880188,NoButton,Move,1426.9453125,273.8203125
5338.070589065552,5338.070589065552,NoButton,Move,1425.8359375,271.97265625
5338.07909989357,5338.07909989357,NoButton,Move,1424.7265625,270.4921875
5338.087140798569,5338.087140798569,NoButton,Move,1423.6171875,269.01171875
5338.095356941223,5338.095356941223,NoButton,Move,1422.58984375,267.984375
5338.1078090667725,5338.1078090667725,NoButton,Move,1421.90625,266.6171875
5338.112789154053,5338.112789154053,NoButton,Move,1420.87890625,265.58984375
5338.119971990585,5338.119971990585,NoButton,Move,1419.8515625,264.5625
5338.128257989883,5338.128257989883,NoButton,Move,1419.22265625,263.62109375
5338.136411905289,5338.136411905289,NoButton,Move,1418.1953125,262.59375
5338.1444439888,5338.1444439888,NoButton,Move,1416.71484375,261.11328125
5338.152975797653,5338.152975797653,NoButton,Move,1415.6875,260.0859375
5338.160969018936,5338.160969018936,NoButton,Move,1414.20703125,258.9765625
5338.169241905212,5338.169241905212,NoButton,Move,1413.09765625,257.49609375
5338.177401781082,5338.177401781082,NoButton,Move,1411.6171875,256.015625
5338.185825109482,5338.185825109482,NoButton,Move,1410.5078125,254.5390625
5338.193876981735,5338.193876981735,NoButton,Move,1409.02734375,253.4296875
5338.202285051346,5338.202285051346,NoButton,Move,1408.34375,252.0625
5338.210330963135,5338.210330963135,NoButton,Move,1407.31640625,251.03515625
5338.218500852585,5338.218500852585,NoButton,Move,1406.7421875,250.4609375
5338.227050065994,5338.227050065994,NoButton,Move,1406.453125,249.88671875
5338.235203027725,5338.235203027725,NoButton,Move,1406.19140625,249.625
5338.24326300621,5338.24326300621,NoButton,Move,1405.9296875,249.36328125
5338.251022100449,5338.251022100449,NoButton,Move,1405.66796875,249.1015625
5338.2679398059845,5338.2679398059845,NoButton,Move,1405.66796875,248.85546875
5338.3093519210815,5338.3093519210815,NoButton,Move,1405.4296875,248.85546875
5338.38255906105,5338.38255906105,NoButton,Move,1405.1953125,248.85546875
5338.431757211685,5338.431757211685,NoButton,Move,1404.95703125,248.85546875
5338.666930913925,5338.666930913925,Left,Pressed,1404.95703125,248.85546875
5338.800024986267,5338.800024986267,Left,Released,1404.95703125,248.85546875
5340.592826843262,5340.592826843262,NoButton,Move,1404.03125,248.85546875
5340.600920915604,5340.600920915604,NoButton,Move,1402.18359375,248.85546875
5340.609085083008,5340.609085083008,NoButton,Move,1399.80078125,248.85546875
5340.6172749996185,5340.6172749996185,NoButton,Move,1393.02734375,248.85546875
5340.625478982925,5340.625478982925,NoButton,Move,1386.25390625,248.2890625
5340.757169008255,5340.757169008255,NoButton,Move,1371.796875,246.765625
5340.757297992706,5340.757297992706,NoButton,Move,1356.015625,244.3984375
5340.757402896881,5340.757402896881,NoButton,Move,1335.921875,242.6484375
5340.7574989795685,5340.7574989795685,NoButton,Move,1311.00390625,239.7734375
5340.7575969696045,5340.7575969696045,NoButton,Move,1280.74609375,236.640625
5340.757691860199,5340.757691860199,NoButton,Move,1244.6328125,234.3828125
5340.757885932922,5340.757885932922,NoButton,Move,1208.51953125,233.25390625
5340.758840084076,5340.758840084076,NoButton,Move,1170.3359375,233.25390625
5340.758919000626,5340.758919000626,NoButton,Move,1132.15234375,233.25390625
5340.758962869644,5340.758962869644,NoButton,Move,1096.0390625,233.25390625
5340.759001970291,5340.759001970291,NoButton,Move,1082.84765625,233.25390625
5340.759037971497,5340.759037971497,NoButton,Move,1056.20703125,237.19921875
5340.759072065353,5340.759072065353,NoButton,Move,1032.953125,241.84765625
5340.7591071128845,5340.7591071128845,NoButton,Move,1011.30859375,246.35546875
5342.074638128281,5342.074638128281,NoButton,Move,1012.0,246.35546875
5342.082915067673,5342.082915067673,NoButton,Move,1012.9375,246.35546875
5342.091032981873,5342.091032981873,NoButton,Move,1014.30078125,246.6953125
5342.099148035049,5342.099148035049,NoButton,Move,1015.6640625,247.03515625
5342.107236862183,5342.107236862183,NoButton,Move,1016.6015625,247.66015625
5342.115748882294,5342.115748882294,NoButton,Move,1017.96484375,248.33984375
5342.123178958893,5342.123178958893,NoButton,Move,1018.90234375,248.65234375
5342.131819963455,5342.131819963455,NoButton,Move,1019.92578125,249.67578125
5342.14022898674,5342.14022898674,NoButton,Move,1020.86328125,250.30078125
5342.1482219696045,5342.1482219696045,NoButton,Move,1021.43359375,250.87109375
5342.156618118286,5342.156618118286,NoButton,Move,1022.37109375,251.49609375
5342.164946079254,5342.164946079254,NoButton,Move,1023.39453125,252.51953125
5342.172279119492,5342.172279119492,NoButton,Move,1024.01953125,253.45703125
5342.181365013123,5342.181365013123,NoButton,Move,1025.04296875,254.48046875
5342.188627958298,5342.188627958298,NoButton,Move,1025.66796875,255.41796875
5342.197990894318,5342.197990894318,NoButton,Move,1026.7734375,256.89453125
5342.205090045929,5342.205090045929,NoButton,Move,1027.3984375,257.83203125
5342.213460922241,5342.213460922241,NoButton,Move,1028.13671875,259.67578125
5342.328170061111,5342.328170061111,NoButton,Move,1028.81640625,261.0390625
5342.328274011612,5342.328274011612,NoButton,Move,1029.18359375,262.8828125
5342.328441858292,5342.328441858292,NoButton,Move,1029.91796875,264.72265625
5342.328469991684,5342.328469991684,NoButton,Move,1030.28515625,266.56640625
5342.328515052795,5342.328515052795,NoButton,Move,1031.078125,268.9453125
5342.328542947769,5342.328542947769,NoButton,Move,1031.4453125,270.7890625
5342.328569173813,5342.328569173813,NoButton,Move,1031.8125,272.6328125
5342.328594923019,5342.328594923019,NoButton,Move,1032.26171875,276.25390625
5342.328621149063,5342.328621149063,NoButton,Move,1032.6015625,277.6171875
5342.328649997711,5342.328649997711,NoButton,Move,1032.6015625,281.23828125
5342.328675031662,5342.328675031662,NoButton,Move,1032.6015625,283.6171875
5342.328702926636,5342.328702926636,NoButton,Move,1032.6015625,286.58984375
5342.328732013702,5342.328732013702,NoButton,Move,1032.6015625,289.5625
5342.328756093979,5342.328756093979,NoButton,Move,1032.6015625,292.53515625
5342.33665895462,5342.33665895462,NoButton,Move,1032.6015625,296.15625
5342.344702959061,5342.344702959061,NoButton,Move,1032.6015625,299.12890625
5342.352332115173,5342.352332115173,NoButton,Move,1031.2421875,302.75
5342.360553026199,5342.360553026199,NoButton,Move,1029.8828125,306.37109375
5342.369542837143,5342.369542837143,NoButton,Move,1027.625,309.5234375
5342.377612113953,5342.377612113953,NoButton,Move,1025.21875,313.3671875
5342.3856699466705,5342.3856699466705,NoButton,Move,1021.8515625,316.73046875
5342.393898010254,5342.393898010254,NoButton,Move,1017.0234375,320.484375
5342.401926994324,5342.401926994324,NoButton,Move,1011.94140625,324.99609375
5342.410136222839,5342.410136222839,NoButton,Move,1002.46875,331.08203125
5342.41849398613,5342.41849398613,NoButton,Move,995.3828125,334.62109375
5342.426558971405,5342.426558971405,NoButton,Move,987.31640625,338.33984375
5342.43455696106,5342.43455696106,NoButton,Move,978.62890625,341.44140625
5342.442551136017,5342.442551136017,NoButton,Move,967.8046875,343.46875
5342.450824022293,5342.450824022293,NoButton,Move,956.98046875,344.8203125
5342.459143877029,5342.459143877029,NoButton,Move,945.0,345.5234375
5342.467386960983,5342.467386960983,NoButton,Move,931.80859375,345.5234375
5342.475536823273,5342.475536823273,NoButton,Move,919.828125,345.5234375
5342.483907222748,5342.483907222748,NoButton,Move,906.63671875,341.859375
5342.492120027542,5342.492120027542,NoButton,Move,894.1796875,336.73046875
5342.500245094299,5342.500245094299,NoButton,Move,882.45703125,330.1328125
5342.508803844452,5342.508803844452,NoButton,Move,870.734375,323.5390625
5342.517068147659,5342.517068147659,NoButton,Move,861.9375,316.7734375
5342.5246322155,5342.5246322155,NoButton,Move,852.77734375,308.31640625
5342.533066034317,5342.533066034317,NoButton,Move,849.72265625,304.24609375
5342.540981054306,5342.540981054306,NoButton,Move,844.13671875,297.41796875
5342.549390792847,5342.549390792847,NoButton,Move,839.39453125,290.8984375
5342.557567119598,5342.557567119598,NoButton,Move,836.0078125,284.6875
5342.565827131271,5342.565827131271,NoButton,Move,833.859375,278.78515625
5342.574270963669,5342.574270963669,NoButton,Move,832.33203125,273.69921875
5342.58253121376,5342.58253121376,NoButton,Move,831.3125,268.61328125
5343.1394119262695,5343.1394119262695,NoButton,Move,831.54296875,268.61328125
5343.14684009552,5343.14684009552,NoButton,Move,833.921875,267.81640625
5343.154865026474,5343.154865026474,NoButton,Move,836.30078125,266.625
5343.163231134415,5343.163231134415,NoButton,Move,838.8359375,264.93359375
5343.1715269088745,5343.1715269088745,NoButton,Move,841.3828125,263.23046875
5343.1796770095825,5343.1796770095825,NoButton,Move,843.9296875,261.52734375
5343.188046216965,5343.188046216965,NoButton,Move,846.4765625,259.40234375
5343.196418046951,5343.196418046951,NoButton,Move,849.0234375,257.27734375
5343.204051017761,5343.204051017761,NoButton,Move,853.08984375,253.71484375
5343.212495803833,5343.212495803833,NoButton,Move,861.20703125,246.2734375
5343.2206490039825,5343.2206490039825,NoButton,Move,864.08984375,242.90625
5343.228790998459,5343.228790998459,NoButton,Move,868.6015625,237.82421875
5343.239985942841,5343.239985942841,NoButton,Move,873.11328125,232.7421875
5343.244786024094,5343.244786024094,NoButton,Move,876.8671875,227.9140625
5343.252888202667,5343.252888202667,NoButton,Move,879.91796875,223.3359375
5343.261244058609,5343.261244058609,NoButton,Move,882.45703125,218.7578125
5343.269581079483,5343.269581079483,NoButton,Move,883.8984375,214.4296875
5343.277960062027,5343.277960062027,NoButton,Move,884.859375,210.1015625
5343.285952091217,5343.285952091217,NoButton,Move,885.30859375,206.4765625
5343.294389009476,5343.294389009476,NoButton,Move,885.30859375,201.390625
5343.302350997925,5343.302350997925,NoButton,Move,882.421875,198.0234375
5343.311089038849,5343.311089038849,NoButton,Move,876.77734375,194.0703125
5343.318713903427,5343.318713903427,NoButton,Move,861.78515625,187.7578125
5343.327289104462,5343.327289104462,NoButton,Move,847.33984375,183.953125
5343.335787057877,5343.335787057877,NoButton,Move,828.7421875,180.5703125
5343.3437740802765,5343.3437740802765,NoButton,Move,807.09765625,177.86328125
5343.354968070984,5343.354968070984,NoButton,Move,782.1796875,176.90234375
5343.3599989414215,5343.3599989414215,NoButton,Move,770.19921875,176.90234375
5343.368316888809,5343.368316888809,NoButton,Move,748.5546875,176.90234375
5343.376067876816,5343.376067876816,NoButton,Move,728.4609375,176.90234375
5343.384711027145,5343.384711027145,NoButton,Move,709.86328125,176.90234375
5343.393033981323,5343.393033981323,NoButton,Move,694.08203125,178.4765625
5343.401046037674,5343.401046037674,NoButton,Move,688.1796875,180.62109375
5343.409230232239,5343.409230232239,NoButton,Move,676.90625,185.55078125
5343.417495012283,5343.417495012283,NoButton,Move,668.83984375,189.890625
5343.425637960434,5343.425637960434,NoButton,Move,657.42578125,199.01953125
5343.433305978775,5343.433305978775,NoButton,Move,656.1484375,201.9921875
5343.441472053528,5343.441472053528,NoButton,Move,654.0,207.890625
5343.449640035629,5343.449640035629,NoButton,Move,652.47265625,212.97265625
5343.4579310417175,5343.4579310417175,NoButton,Move,651.98828125,217.296875
5343.466346979141,5343.466346979141,NoButton,Move,651.98828125,221.62109375
5343.4744510650635,5343.4744510650635,NoButton,Move,651.98828125,225.2421875
5343.4826509952545,5343.4826509952545,NoButton,Move,653.26171875,228.21484375
5343.491077899933,5343.491077899933,NoButton,Move,656.4296875,230.4765625
5343.499329090118,5343.499329090118,NoButton,Move,663.53515625,233.4375
5343.507544994354,5343.507544994354,NoButton,Move,671.234375,234.62109375
5343.515798091888,5343.515798091888,NoButton,Move,688.390625,235.4375
5343.523859024048,5343.523859024048,NoButton,Move,705.546875,235.4375
5343.532014131546,5343.532014131546,NoButton,Move,741.65625,233.1796875
5343.54007101059,5343.54007101059,NoButton,Move,758.8125,229.91015625
5343.54843711853,5343.54843711853,NoButton,Move,818.203125,218.59375
5343.556543111801,5343.556543111801,NoButton,Move,865.2265625,210.96484375
5343.565029859543,5343.565029859543,NoButton,Move,919.49609375,201.46484375
5343.572950124741,5343.572950124741,NoButton,Move,978.88671875,192.9765625
5343.581207036972,5343.581207036972,NoButton,Move,1038.27734375,184.48828125
5343.589490890503,5343.589490890503,NoButton,Move,1100.3046875,177.2734375
5343.597543954849,5343.597543954849,NoButton,Move,1123.5546875,173.55078125
5343.6058559417725,5343.6058559417725,NoButton,Move,1172.9375,167.05078125
5343.614154100418,5343.614154100418,NoButton,Move,1190.09375,164.59765625
5343.622455120087,5343.622455120087,NoButton,Move,1202.0703125,161.77734375
5343.630733013153,5343.630733013153,NoButton,Move,1226.984375,157.94140625
5343.638788938522,5343.638788938522,NoButton,Move,1244.140625,153.85546875
5343.646826028824,5343.646826028824,NoButton,Move,1247.76171875,152.49609375
5343.655120849609,5343.655120849609,NoButton,Move,1256.4453125,150.6328125
5343.663395881653,5343.663395881653,NoButton,Move,1260.06640625,148.8203125
5343.67155790329,5343.67155790329,NoButton,Move,1263.6875,147.0078125
5343.679687023163,5343.679687023163,NoButton,Move,1263.6875,146.06640625
5343.687470912933,5343.687470912933,NoButton,Move,1263.6875,144.69921875
5343.696664810181,5343.696664810181,NoButton,Move,1262.66015625,143.671875
5343.704107046127,5343.704107046127,NoButton,Move,1259.68359375,142.39453125
5343.712744951248,5343.712744951248,NoButton,Move,1255.35546875,140.94921875
5343.720439195633,5343.720439195633,NoButton,Move,1251.73046875,140.04296875
5343.72944688797,5343.72944688797,NoButton,Move,1248.10546875,139.13671875
5343.737299919128,5343.737299919128,NoButton,Move,1246.2578125,138.765625
5343.745186090469,5343.745186090469,NoButton,Move,1243.28125,137.9140625
5343.752942085266,5343.752942085266,NoButton,Move,1241.43359375,137.54296875
5343.760936975479,5343.760936975479,NoButton,Move,1239.5859375,137.171875
5343.768949985504,5343.768949985504,NoButton,Move,1238.64453125,136.85546875
5343.77701997757,5343.77701997757,NoButton,Move,1238.0703125,136.85546875
5343.78536605835,5343.78536605835,NoButton,Move,1237.80859375,136.59375
5343.810023069382,5343.810023069382,NoButton,Move,1238.3046875,136.59375
5343.818904876709,5343.818904876709,NoButton,Move,1240.1484375,136.22265625
5343.826691865921,5343.826691865921,NoButton,Move,1242.52734375,136.22265625
5343.835107803345,5343.835107803345,NoButton,Move,1243.890625,136.22265625
5343.8432359695435,5343.8432359695435,NoButton,Move,1248.21484375,136.22265625
5343.851536989212,5343.851536989212,NoButton,Move,1251.8359375,136.22265625
5343.859971046448,5343.859971046448,NoButton,Move,1256.16015625,136.22265625
5343.86798119545,5343.86798119545,NoButton,Move,1264.84375,136.22265625
5343.875806093216,5343.875806093216,NoButton,Move,1272.54296875,136.22265625
5343.884156942368,5343.884156942368,NoButton,Move,1282.265625,136.22265625
5343.892477989197,5343.892477989197,NoButton,Move,1293.0859375,137.57421875
5343.900696992874,5343.900696992874,NoButton,Move,1314.7265625,141.1796875
5343.913109064102,5343.913109064102,NoButton,Move,1323.41015625,142.41796875
5343.924065113068,5343.924065113068,NoButton,Move,1330.17578125,143.54296875
5343.924624919891,5343.924624919891,NoButton,Move,1340.99609375,145.5703125
5343.936676979065,5343.936676979065,NoButton,Move,1350.71875,146.86328125
5343.940750837326,5343.940750837326,NoButton,Move,1359.40234375,147.48046875
5343.9490168094635,5343.9490168094635,NoButton,Move,1362.375,147.90234375
5343.957242012024,5343.957242012024,NoButton,Move,1367.45703125,147.90234375
5343.965305089951,5343.965305089951,NoButton,Move,1371.78125,148.3828125
5343.973510026932,5343.973510026932,NoButton,Move,1374.16015625,148.3828125
5343.981687068939,5343.981687068939,NoButton,Move,1376.00390625,148.3828125
5343.989772081375,5343.989772081375,NoButton,Move,1376.94140625,148.3828125
5343.998095989227,5343.998095989227,NoButton,Move,1377.51171875,148.3828125
5344.006318807602,5344.006318807602,NoButton,Move,1377.76953125,148.3828125
5344.047913074493,5344.047913074493,NoButton,Move,1377.76953125,148.14453125
5344.056227207184,5344.056227207184,NoButton,Move,1377.1953125,147.85546875
5344.064356803894,5344.064356803894,NoButton,Move,1376.25390625,147.85546875
5344.072569131851,5344.072569131851,NoButton,Move,1375.6796875,147.56640625
5344.080818891525,5344.080818891525,NoButton,Move,1374.73828125,147.25
5344.088711977005,5344.088711977005,NoButton,Move,1373.37109375,146.90625
5344.097054004669,5344.097054004669,NoButton,Move,1372.4296875,146.58984375
5344.105190038681,5344.105190038681,NoButton,Move,1371.0625,146.24609375
5344.116756916046,5344.116756916046,NoButton,Move,1368.6796875,145.84765625
5344.12122297287,5344.12122297287,NoButton,Move,1367.3125,145.50390625
5344.130187988281,5344.130187988281,NoButton,Move,1364.9296875,145.10546875
5344.137891054153,5344.137891054153,NoButton,Move,1363.08203125,144.734375
5344.147617101669,5344.147617101669,NoButton,Move,1361.234375,144.734375
5344.159305095673,5344.159305095673,NoButton,Move,1359.38671875,144.36328125
5344.169079065323,5344.169079065323,NoButton,Move,1358.01953125,144.36328125
5344.174342870712,5344.174342870712,NoButton,Move,1356.171875,144.36328125
5344.181176185608,5344.181176185608,NoButton,Move,1355.23046875,144.36328125
5344.192695140839,5344.192695140839,NoButton,Move,1353.86328125,144.36328125
5344.197184085846,5344.197184085846,NoButton,Move,1352.49609375,144.36328125
5344.203339099884,5344.203339099884,NoButton,Move,1351.12890625,144.36328125
5344.214122056961,5344.214122056961,NoButton,Move,1349.76171875,144.36328125
5344.220139026642,5344.220139026642,NoButton,Move,1348.39453125,144.703125
5344.228157043457,5344.228157043457,NoButton,Move,1347.02734375,145.04296875
5344.238801956177,5344.238801956177,NoButton,Move,1345.66015625,145.04296875
5344.244592905045,5344.244592905045,NoButton,Move,1344.71875,145.35546875
5344.252267122269,5344.252267122269,NoButton,Move,1343.77734375,145.35546875
5344.2603170871735,5344.2603170871735,NoButton,Move,1342.8359375,145.35546875
5344.268568992615,5344.268568992615,NoButton,Move,1342.26171875,145.35546875
5344.27699303627,5344.27699303627,NoButton,Move,1341.6875,145.35546875
5344.285009860992,5344.285009860992,NoButton,Move,1341.11328125,145.35546875
5344.293263912201,5344.293263912201,NoButton,Move,1340.8515625,145.35546875
5344.302067041397,5344.302067041397,NoButton,Move,1340.27734375,145.35546875
5344.309878110886,5344.309878110886,NoButton,Move,1340.015625,145.35546875
5344.318025112152,5344.318025112152,NoButton,Move,1339.75390625,145.35546875
5344.326404809952,5344.326404809952,NoButton,Move,1339.4921875,145.35546875
5344.334666013718,5344.334666013718,NoButton,Move,1338.91796875,145.35546875
5344.342371225357,5344.342371225357,NoButton,Move,1338.65625,145.35546875
5344.35897397995,5344.35897397995,NoButton,Move,1338.41015625,145.35546875
5344.375417947769,5344.375417947769,NoButton,Move,1338.1640625,145.35546875
5344.404006958008,5344.404006958008,Left,Pressed,1338.1640625,145.35546875
5344.483475923538,5344.483475923538,Left,Released,1338.1640625,145.35546875
5344.661257982254,5344.661257982254,NoButton,Move,1337.46484375,145.35546875
5344.669508934021,5344.669508934021,NoButton,Move,1333.83984375,145.35546875
5344.6777811050415,5344.6777811050415,NoButton,Move,1327.9375,145.35546875
5344.685832023621,5344.685832023621,NoButton,Move,1318.2109375,145.35546875
5344.695071935654,5344.695071935654,NoButton,Move,1302.4296875,145.35546875
5344.7026200294495,5344.7026200294495,NoButton,Move,1282.3359375,145.35546875
5344.71092414856,5344.71092414856,NoButton,Move,1201.8203125,143.7421875
5344.719190120697,5344.719190120697,NoButton,Move,1123.9453125,134.203125
5344.727047920227,5344.727047920227,NoButton,Move,1022.30078125,118.4296875
5344.735609054565,5344.735609054565,NoButton,Move,909.27734375,92.90625
5344.743273973465,5344.743273973465,NoButton,Move,788.3671875,65.00390625
5344.751410961151,5344.751410961151,NoButton,Move,674.55078125,35.62890625
5344.759673118591,5344.759673118591,NoButton,Move,628.79296875,24.1875
5344.794773101807,5344.794773101807,NoButton,Move,540.35546875,7.5
5344.794830799103,5344.794830799103,NoButton,Move,510.09765625,2.28125
5344.794917821884,5344.794917821884,NoButton,Move,453.29296875,0.0
5344.794971942902,5344.794971942902,NoButton,Move,437.51171875,0.0
5344.820047855377,5344.820047855377,NoButton,Move,403.40625,0.0
5344.820134878159,5344.820134878159,NoButton,Move,395.703125,0.0
5344.820190906525,5344.820190906525,NoButton,Move,378.54296875,0.0
5345.078938007355,5345.078938007355,NoButton,Move,377.60546875,0.0
5345.086861133575,5345.086861133575,NoButton,Move,372.51953125,1.5234375
5345.095124006271,5345.095124006271,NoButton,Move,366.6171875,3.12890625
5345.103491067886,5345.103491067886,NoButton,Move,359.5078125,6.08984375
5345.111498117447,5345.111498117447,NoButton,Move,350.8203125,8.5703125
5345.120099782944,5345.120099782944,NoButton,Move,341.09375,11.16015625
5345.12806892395,5345.12806892395,NoButton,Move,336.0078125,12.68359375
5345.13641500473,5345.13641500473,NoButton,Move,327.3203125,15.1640625
5345.144458055496,5345.144458055496,NoButton,Move,319.6171875,16.9375
5345.152811050415,5345.152811050415,NoButton,Move,312.84375,18.62890625
5345.160770177841,5345.160770177841,NoButton,Move,310.99609375,19.3671875
5345.172247171402,5345.172247171402,NoButton,Move,306.66796875,20.328125
5345.184044122696,5345.184044122696,NoButton,Move,304.28515625,21.12109375
5345.21152305603,5345.21152305603,NoButton,Move,301.90234375,21.515625
5345.212283849716,5345.212283849716,NoButton,Move,300.9609375,21.828125
5345.212338924408,5345.212338924408,NoButton,Move,300.38671875,22.11328125
5345.212386131287,5345.212386131287,NoButton,Move,299.8125,22.3984375
5345.235674858093,5345.235674858093,NoButton,Move,299.55078125,22.3984375
5345.259683132172,5345.259683132172,NoButton,Move,299.55078125,22.6328125
5345.335461854935,5345.335461854935,NoButton,Move,299.55078125,22.86328125
5345.365710020065,5345.365710020065,NoButton,Move,299.55078125,23.09765625
5345.387325048447,5345.387325048447,NoButton,Move,299.55078125,23.33984375
5345.389625072479,5345.389625072479,NoButton,Move,299.80859375,23.59765625
5345.398535013199,5345.398535013199,NoButton,Move,301.28125,24.703125
5345.42494893074,5345.42494893074,NoButton,Move,304.44921875,26.96484375
5345.425308942795,5345.425308942795,NoButton,Move,311.890625,31.92578125
5345.425374031067,5345.425374031067,NoButton,Move,330.82421875,43.6484375
5345.451738834381,5345.451738834381,NoButton,Move,355.1796875,59.88671875
5345.451790809631,5345.451790809631,NoButton,Move,416.3046875,103.76953125
5345.451830148697,5345.451830148697,NoButton,Move,474.9921875,147.01171875
5345.455715894699,5345.455715894699,NoButton,Move,540.2109375,200.81640625
5345.463586091995,5345.463586091995,NoButton,Move,608.62109375,259.21484375
5345.4716360569,5345.4716360569,NoButton,Move,640.1796875,288.34765625
5345.48184299469,5345.48184299469,NoButton,Move,699.7578125,343.09375
5345.487990140915,5345.487990140915,NoButton,Move,749.1796875,397.1484375
5345.497579097748,5345.497579097748,NoButton,Move,763.12890625,415.74609375
5345.504572868347,5345.504572868347,NoButton,Move,793.015625,456.03125
5345.514156103134,5345.514156103134,NoButton,Move,800.11328125,470.23046875
5345.520713090897,5345.520713090897,NoButton,Move,804.84765625,480.375
5345.528913021088,5345.528913021088,NoButton,Move,816.0078125,501.76171875
5345.537082910538,5345.537082910538,NoButton,Move,821.52734375,516.75
5345.545634031296,5345.545634031296,NoButton,Move,821.94921875,519.72265625
5345.5535800457,5345.5535800457,NoButton,Move,823.4140625,532.91015625
5345.5626220703125,5345.5626220703125,NoButton,Move,823.4140625,538.80859375
5345.734131097794,5345.734131097794,NoButton,Move,825.3515625,540.01953125
5345.742567062378,5345.742567062378,NoButton,Move,831.8359375,544.734375
5345.7506239414215,5345.7506239414215,NoButton,Move,838.66015625,550.31640625
5345.758906841278,5345.758906841278,NoButton,Move,849.2265625,556.65625
5345.767307043076,5345.767307043076,NoButton,Move,860.20703125,563.9765625
5345.775332927704,5345.775332927704,NoButton,Move,883.8828125,577.7890625
5345.783466100693,5345.783466100693,NoButton,Move,911.74609375,594.93359375
5345.7915551662445,5345.7915551662445,NoButton,Move,940.6796875,611.0078125
5345.799814939499,5345.799814939499,NoButton,Move,969.61328125,627.08203125
5345.80815911293,5345.80815911293,NoButton,Move,998.546875,642.08203125
5345.951769828796,5345.951769828796,NoButton,Move,1009.81640625,647.71484375
5345.95193696022,5345.95193696022,NoButton,Move,1031.203125,657.94140625
5345.951987028122,5345.951987028122,NoButton,Move,1048.671875,668.421875
5345.952161073685,5345.952161073685,NoButton,Move,1054.03515625,671.63671875
5345.952200889587,5345.952200889587,NoButton,Move,1065.0234375,678.9609375
5345.952239990234,5345.952239990234,NoButton,Move,1072.80078125,684.79296875
5345.952330112457,5345.952330112457,NoButton,Move,1074.921875,686.9140625
5345.952442884445,5345.952442884445,NoButton,Move,1078.98828125,690.47265625
5345.952483177185,5345.952483177185,NoButton,Move,1081.87109375,693.8359375
5345.952729940414,5345.952729940414,NoButton,Move,1083.05859375,696.21484375
5345.952775001526,5345.952775001526,NoButton,Move,1084.1640625,698.05859375
5345.952811956406,5345.952811956406,NoButton,Move,1084.53125,699.90234375
5345.952938079834,5345.952938079834,NoButton,Move,1084.53125,701.74609375
5345.9530119895935,5345.9530119895935,NoButton,Move,1084.53125,703.109375
5345.953099012375,5345.953099012375,NoButton,Move,1084.53125,704.47265625
5345.953135967255,5345.953135967255,NoButton,Move,1084.21484375,705.41015625
5345.953170061111,5345.953170061111,NoButton,Move,1082.734375,706.88671875
5345.955415010452,5345.955415010452,NoButton,Move,1081.625,708.36328125
5345.963019132614,5345.963019132614,NoButton,Move,1080.515625,709.83984375
5345.970880031586,5345.970880031586,NoButton,Move,1079.40625,711.31640625
5345.979120016098,5345.979120016098,NoButton,Move,1078.72265625,712.6796875
5345.987385034561,5345.987385034561,NoButton,Move,1077.98046875,714.5234375
5345.995501041412,5345.995501041412,NoButton,Move,1077.23828125,716.3671875
5346.003780841827,5346.003780841827,NoButton,Move,1077.23828125,718.2109375
5346.0121281147,5346.0121281147,NoButton,Move,1076.8671875,720.0546875
5346.020179986954,5346.020179986954,NoButton,Move,1076.8671875,721.8984375
5346.028623819351,5346.028623819351,NoButton,Move,1076.8671875,723.26171875
5346.036714076996,5346.036714076996,NoButton,Move,1076.8671875,724.625
5346.044623851776,5346.044623851776,NoButton,Move,1076.8671875,725.1953125
5346.0530371665955,5346.0530371665955,NoButton,Move,1076.8671875,725.765625
5346.061046123505,5346.061046123505,NoButton,Move,1076.8671875,726.0234375
5346.069202899933,5346.069202899933,NoButton,Move,1076.60546875,726.28125
5346.077533960342,5346.077533960342,NoButton,Move,1076.34375,726.28125
5346.085603952408,5346.085603952408,NoButton,Move,1075.76953125,726.28125
5346.093874931335,5346.093874931335,NoButton,Move,1074.828125,725.65234375
5346.102056980133,5346.102056980133,NoButton,Move,1073.23828125,723.6640625
5346.110155105591,5346.110155105591,NoButton,Move,1071.42578125,720.4921875
5346.118792057037,5346.118792057037,NoButton,Move,1069.30859375,717.953125
5346.126700162888,5346.126700162888,NoButton,Move,1068.19921875,716.10546875
5346.134962081909,5346.134962081909,NoButton,Move,1066.49609375,713.5546875
5346.143146038055,5346.143146038055,NoButton,Move,1064.90625,711.56640625
5346.151278018951,5346.151278018951,NoButton,Move,1062.78125,709.44140625
5346.1594581604,5346.1594581604,NoButton,Move,1061.671875,707.9609375
5346.167758226395,5346.167758226395,NoButton,Move,1060.64453125,706.93359375
5346.175951004028,5346.175951004028,NoButton,Move,1060.015625,705.9921875
5346.1845808029175,5346.1845808029175,NoButton,Move,1059.44140625,705.41796875
5346.19250702858,5346.19250702858,NoButton,Move,1059.1796875,705.15625
5346.200934886932,5346.200934886932,NoButton,Move,1058.91796875,704.89453125
5346.209923028946,5346.209923028946,NoButton,Move,1058.65625,704.6328125
5346.2171540260315,5346.2171540260315,NoButton,Move,1058.39453125,704.6328125
5346.2506539821625,5346.2506539821625,Left,Pressed,1058.39453125,704.6328125
5346.335217952728,5346.335217952728,Left,Released,1058.39453125,704.6328125
5346.487130880356,5346.487130880356,NoButton,Move,1057.9296875,704.16796875
5346.495431900024,5346.495431900024,NoButton,Move,1053.63671875,699.875
5346.503453969955,5346.503453969955,NoButton,Move,1047.7109375,694.54296875
5346.511654853821,5346.511654853821,NoButton,Move,1037.84375,687.49609375
5346.519776105881,5346.519776105881,NoButton,Move,1023.94921875,676.87109375
5346.527938127518,5346.527938127518,NoButton,Move,991.171875,648.94921875
5346.536255121231,5346.536255121231,NoButton,Move,915.4609375,588.72265625
5346.544192075729,5346.544192075729,NoButton,Move,847.8125,534.2734375
5346.552561044693,5346.552561044693,NoButton,Move,764.73828125,468.875
5346.560724020004,5346.560724020004,NoButton,Move,678.5234375,398.82421875
5346.568957090378,5346.568957090378,NoButton,Move,592.84375,322.2578125
5346.577102899551,5346.577102899551,NoButton,Move,555.15625,288.46875
5346.585401058197,5346.585401058197,NoButton,Move,488.41015625,230.06640625
5346.593461990356,5346.593461990356,NoButton,Move,468.67578125,211.3203125
5346.601644039154,5346.601644039154,NoButton,Move,453.96484375,201.51171875
5346.609908103943,5346.609908103943,NoButton,Move,444.8046875,193.7578125
5346.618082046509,5346.618082046509,NoButton,Move,438.28515625,189.609375
5346.626492023468,5346.626492023468,NoButton,Move,424.390625,178.984375
5346.634392976761,5346.634392976761,NoButton,Move,407.79296875,166.75390625
5346.825470924377,5346.825470924377,NoButton,Move,407.79296875,166.046875
5346.825736045837,5346.825736045837,NoButton,Move,406.94140625,163.0703125
5346.825840950012,5346.825840950012,NoButton,Move,404.90625,157.984375
5346.839507102966,5346.839507102966,NoButton,Move,401.6875,152.6171875
5346.839627027512,5346.839627027512,NoButton,Move,395.34375,142.046875
5346.854006052017,5346.854006052017,NoButton,Move,382.8828125,120.00390625
5346.855251073837,5346.855251073837,NoButton,Move,372.73828125,103.94140625
5346.86345410347,5346.86345410347,NoButton,Move,360.11328125,85.90625
5346.871699094772,5346.871699094772,NoButton,Move,353.34765625,77.109375
5346.882209062576,5346.882209062576,NoButton,Move,342.35546875,61.890625
5346.887960195541,5346.887960195541,NoButton,Move,337.83984375,56.80859375
5346.938277959824,5346.938277959824,NoButton,Move,334.47265625,53.44140625
5346.938339948654,5346.938339948654,NoButton,Move,329.140625,47.515625
5346.938382863998,5346.938382863998,NoButton,Move,324.84765625,43.22265625
5346.938424110413,5346.938424110413,NoButton,Move,321.9609375,39.85546875
5346.938458919525,5346.938458919525,NoButton,Move,319.97265625,38.265625
5346.938493967056,5346.938493967056,NoButton,Move,319.03125,37.63671875
5346.94677901268,5346.94677901268,NoButton,Move,318.45703125,37.0625
5346.953608989716,5346.953608989716,NoButton,Move,318.1953125,37.0625
5346.961699962616,5346.961699962616,NoButton,Move,317.93359375,37.0625
5346.986303091049,5346.986303091049,NoButton,Move,317.69140625,37.0625
5347.002647161484,5347.002647161484,NoButton,Move,317.4453125,37.0625
5347.010789871216,5347.010789871216,NoButton,Move,317.18359375,37.0625
5347.019015073776,5347.019015073776,NoButton,Move,316.921875,36.80078125
5347.027287006378,5347.027287006378,NoButton,Move,316.66015625,36.5390625
5347.0354080200195,5347.0354080200195,NoButton,Move,316.0859375,35.96484375
5347.04367017746,5347.04367017746,NoButton,Move,315.40234375,34.59765625
5347.051815986633,5347.051815986633,NoButton,Move,315.05859375,33.23046875
5347.059939146042,5347.059939146042,NoButton,Move,314.31640625,31.3828125
5347.068222045898,5347.068222045898,NoButton,Move,313.97265625,30.015625
5347.076485872269,5347.076485872269,NoButton,Move,313.6015625,28.16796875
5347.084545135498,5347.084545135498,NoButton,Move,313.2578125,26.80078125
5347.092894077301,5347.092894077301,NoButton,Move,313.2578125,25.43359375
5347.100862979889,5347.100862979889,NoButton,Move,312.9140625,24.06640625
5347.109179973602,5347.109179973602,NoButton,Move,312.9140625,23.4921875
5347.117856025696,5347.117856025696,NoButton,Move,312.9140625,22.55078125
5347.125673055649,5347.125673055649,NoButton,Move,312.9140625,21.9765625
5347.133699178696,5347.133699178696,NoButton,Move,312.9140625,21.71484375
5347.166564941406,5347.166564941406,Left,Pressed,312.9140625,21.71484375
5347.166632890701,5347.166632890701,NoButton,Move,312.9140625,21.58984375
5347.251139163971,5347.251139163971,Left,Released,312.9140625,21.58984375
5347.387649059296,5347.387649059296,NoButton,Move,313.375,21.58984375
5347.39574098587,5347.39574098587,NoButton,Move,316.34765625,21.58984375
5347.403885126114,5347.403885126114,NoButton,Move,321.4296875,22.09765625
5347.412101984024,5347.412101984024,NoButton,Move,328.19921875,23.22265625
5347.420302152634,5347.420302152634,NoButton,Move,336.8828125,25.08203125
5347.428468942642,5347.428468942642,NoButton,Move,355.4765625,27.6171875
5347.436639070511,5347.436639070511,NoButton,Move,400.203125,36.3125
5347.444777965546,5347.444777965546,NoButton,Move,440.5078125,43.421875
5347.4530210494995,5347.4530210494995,NoButton,Move,494.77734375,50.203125
5347.461246967316,5347.461246967316,NoButton,Move,597.2890625,71.41015625
5347.469316959381,5347.469316959381,NoButton,Move,633.3984375,77.05078125
5347.477541923523,5347.477541923523,NoButton,Move,705.98828125,89.40625
5347.4856679439545,5347.4856679439545,NoButton,Move,781.21875,98.80859375
5347.493968009949,5347.493968009949,NoButton,Move,853.80859375,108.07421875
5347.502151012421,5347.502151012421,NoButton,Move,915.8359375,113.84375
5347.510221004486,5347.510221004486,NoButton,Move,940.75,114.80078125
5347.5184688568115,5347.5184688568115,NoButton,Move,987.7734375,117.33984375
5347.5269367694855,5347.5269367694855,NoButton,Move,1002.2265625,118.09765625
5347.534826993942,5347.534826993942,NoButton,Move,1013.046875,118.09765625
5347.5430500507355,5347.5430500507355,NoButton,Move,1037.9609375,119.0546875
5347.551128864288,5347.551128864288,NoButton,Move,1053.73828125,119.0546875
5347.559321880341,5347.559321880341,NoButton,Move,1058.0625,119.53515625
5347.756511926651,5347.756511926651,NoButton,Move,1059.0,119.53515625
5347.7656462192535,5347.7656462192535,NoButton,Move,1061.37890625,118.73828125
5347.772754907608,5347.772754907608,NoButton,Move,1063.7578125,117.546875
5347.782162904739,5347.782162904739,NoButton,Move,1066.13671875,117.1484375
5347.78893494606,5347.78893494606,NoButton,Move,1072.03515625,115.5390625
5347.798495054245,5347.798495054245,NoButton,Move,1077.93359375,114.46484375
5347.805302143097,5347.805302143097,NoButton,Move,1084.703125,113.3359375
5347.813410043716,5347.813410043716,NoButton,Move,1091.47265625,112.20703125
5347.821887969971,5347.821887969971,NoButton,Move,1098.2421875,111.640625
5347.832099914551,5347.832099914551,NoButton,Move,1105.94140625,111.046875
5347.838374853134,5347.838374853134,NoButton,Move,1112.7109375,111.046875
5347.8487429618835,5347.8487429618835,NoButton,Move,1118.609375,111.046875
5347.854652881622,5347.854652881622,NoButton,Move,1120.98828125,111.046875
5347.865367174149,5347.865367174149,NoButton,Move,1124.609375,111.046875
5347.876888990402,5347.876888990402,NoButton,Move,1127.58203125,111.046875
5347.880666971207,5347.880666971207,NoButton,Move,1129.9609375,111.046875
5347.8871150016785,5347.8871150016785,NoButton,Move,1131.32421875,111.046875
5347.895231962204,5347.895231962204,NoButton,Move,1132.26171875,111.046875
5347.916425943375,5347.916425943375,Left,Pressed,1132.26171875,111.046875
5347.933016061783,5347.933016061783,NoButton,Move,1132.52734375,111.046875
5347.999742031097,5347.999742031097,NoButton,Move,1132.5546875,111.76171875
5348.016415119171,5348.016415119171,NoButton,Move,1124.046875,123.0390625
5348.033311128616,5348.033311128616,NoButton,Move,1088.59375,166.58203125
5348.061023950577,5348.061023950577,NoButton,Move,1021.953125,248.26171875
5348.066112041473,5348.066112041473,NoButton,Move,934.01953125,365.25
5348.102317094803,5348.102317094803,NoButton,Move,847.1484375,488.984375
5348.1025269031525,5348.1025269031525,NoButton,Move,766.921875,609.80078125
5348.116365194321,5348.116365194321,NoButton,Move,706.984375,707.2265625
5348.132853984833,5348.132853984833,NoButton,Move,678.921875,758.23828125
5348.149720907211,5348.149720907211,NoButton,Move,666.89453125,782.0859375
5348.167228937149,5348.167228937149,NoButton,Move,661.21875,794.19921875
5348.18319106102,5348.18319106102,NoButton,Move,656.140625,804.390625
5348.199559926987,5348.199559926987,NoButton,Move,654.22265625,808.09765625
5348.216201066971,5348.216201066971,NoButton,Move,653.52734375,809.10546875
5348.233003139496,5348.233003139496,NoButton,Move,653.1171875,809.4765625
5348.316256046295,5348.316256046295,NoButton,Move,652.8671875,809.46484375
5348.333200931549,5348.333200931549,Left,Released,652.8671875,809.46484375
5348.333266019821,5348.333266019821,NoButton,Move,652.8671875,809.21484375
5356.494657993317,5356.494657993317,NoButton,Move,652.63671875,809.21484375
5356.501444816589,5356.501444816589,NoButton,Move,649.01171875,809.21484375
5356.509150028229,5356.509150028229,NoButton,Move,640.32421875,807.97265625
5356.517627954483,5356.517627954483,NoButton,Move,618.73046875,803.47265625
5356.525619983673,5356.525619983673,NoButton,Move,592.08984375,797.55078125
5356.533694982529,5356.533694982529,NoButton,Move,550.8125,786.625
5356.541960000992,5356.541960000992,NoButton,Move,500.33984375,773.33984375
5356.549979925156,5356.549979925156,NoButton,Move,442.359375,756.3671875
5356.558322906494,5356.558322906494,NoButton,Move,379.16015625,738.7265625
5356.5666680336,5356.5666680336,NoButton,Move,318.57421875,722.85546875
5356.5762140750885,5356.5762140750885,NoButton,Move,293.65625,716.14453125
5356.583406925201,5356.583406925201,NoButton,Move,247.8984375,704.703125
5356.591521024704,5356.591521024704,NoButton,Move,233.44140625,700.8984375
5356.602803945541,5356.602803945541,NoButton,Move,221.4609375,698.78125
5356.643676042557,5356.643676042557,NoButton,Move,198.20703125,695.05859375
5356.643726110458,5356.643726110458,NoButton,Move,182.42578125,692.69140625
5356.64376616478,5356.64376616478,NoButton,Move,170.4453125,691.984375
5356.643803834915,5356.643803834915,NoButton,Move,162.7421875,691.984375
5356.878222942352,5356.878222942352,NoButton,Move,163.67578125,691.984375
5356.887315988541,5356.887315988541,NoButton,Move,170.4140625,690.859375
5356.894945144653,5356.894945144653,NoButton,Move,178.4765625,687.13671875
5356.903062105179,5356.903062105179,NoButton,Move,190.453125,683.61328125
5356.911018133163,5356.911018133163,NoButton,Move,203.640625,679.94921875
5356.918736934662,5356.918736934662,NoButton,Move,222.234375,675.72265625
5356.926797151566,5356.926797151566,NoButton,Move,243.875,672.11328125
5356.935404062271,5356.935404062271,NoButton,Move,288.6015625,662.171875
5356.951441049576,5356.951441049576,NoButton,Move,345.40234375,652.47265625
5356.951504945755,5356.951504945755,NoButton,Move,402.203125,642.7734375
5356.959246873856,5356.959246873856,NoButton,Move,464.23046875,632.67578125
5356.97954416275,5356.97954416275,NoButton,Move,490.8671875,627.7421875
5356.979683876038,5356.979683876038,NoButton,Move,581.94140625,610.875
5356.983902931213,5356.983902931213,NoButton,Move,600.53515625,605.80078125
5359.891359090805,5359.891359090805,NoButton,Move,600.765625,605.80078125
5359.899060964584,5359.899060964584,NoButton,Move,604.38671875,605.80078125
5359.907175064087,5359.907175064087,NoButton,Move,610.28515625,605.80078125
5359.915373086929,5359.915373086929,NoButton,Move,616.18359375,606.3359375
5359.923566818237,5359.923566818237,NoButton,Move,622.953125,606.8984375
5359.932481050491,5359.932481050491,NoButton,Move,629.72265625,607.4609375
5359.940004825592,5359.940004825592,NoButton,Move,637.421875,608.05078125
5359.950353860855,5359.950353860855,NoButton,Move,660.671875,608.98046875
5359.956461191177,5359.956461191177,NoButton,Move,669.35546875,609.59765625
5359.965534925461,5359.965534925461,NoButton,Move,683.80859375,610.35546875
5359.973097085953,5359.973097085953,NoButton,Move,698.26171875,611.11328125
5359.982512950897,5359.982512950897,NoButton,Move,712.71484375,611.11328125
5359.989127874374,5359.989127874374,NoButton,Move,725.90234375,611.11328125
5360.000370025635,5360.000370025635,NoButton,Move,730.984375,611.11328125
5360.005551815033,5360.005551815033,NoButton,Move,740.70703125,611.7578125
5360.0158150196075,5360.0158150196075,NoButton,Move,743.6796875,611.7578125
5362.179691076279,5362.179691076279,NoButton,Move,742.984375,611.7578125
5362.186475038528,5362.186475038528,NoButton,Move,742.41015625,611.7578125
5362.194741010666,5362.194741010666,NoButton,Move,741.46875,611.7578125
5362.2029230594635,5362.2029230594635,NoButton,Move,740.52734375,611.7578125
5362.211182832718,5362.211182832718,NoButton,Move,739.5859375,611.7578125
5362.219449043274,5362.219449043274,NoButton,Move,738.64453125,611.44140625
5362.227288007736,5362.227288007736,NoButton,Move,737.703125,611.44140625
5362.235788106918,5362.235788106918,NoButton,Move,736.76171875,611.44140625
5362.243843793869,5362.243843793869,NoButton,Move,735.8203125,611.125
5362.252059936523,5362.252059936523,NoButton,Move,734.87890625,611.125
5362.260114908218,5362.260114908218,NoButton,Move,733.51171875,610.78125
5362.268918991089,5362.268918991089,NoButton,Move,732.14453125,610.78125
5362.2765419483185,5362.2765419483185,NoButton,Move,730.296875,610.41015625
5362.284729957581,5362.284729957581,NoButton,Move,728.44921875,610.41015625
5362.292752981186,5362.292752981186,NoButton,Move,725.47265625,609.984375
5362.301002025604,5362.301002025604,NoButton,Move,724.53125,609.66796875
5362.309153079987,5362.309153079987,NoButton,Move,722.68359375,609.296875
5362.318065881729,5362.318065881729,NoButton,Move,720.8359375,609.296875
5362.325501918793,5362.325501918793,NoButton,Move,719.46875,608.953125
5362.333722829819,5362.333722829819,NoButton,Move,718.1015625,608.953125
5362.341799020767,5362.341799020767,NoButton,Move,716.734375,608.609375
5362.349875926971,5362.349875926971,NoButton,Move,715.3671875,608.609375
5362.358072042465,5362.358072042465,NoButton,Move,714.42578125,608.29296875
5362.36639380455,5362.36639380455,NoButton,Move,713.05859375,607.94921875
5362.374866962433,5362.374866962433,NoButton,Move,712.1171875,607.6328125
5362.3832750320435,5362.3832750320435,NoButton,Move,710.75,607.2890625
5362.390874862671,5362.390874862671,NoButton,Move,708.3671875,606.890625
5362.400846004486,5362.400846004486,NoButton,Move,705.984375,606.4921875
5362.407374858856,5362.407374858856,NoButton,Move,703.6015625,605.6953125
5362.415404081345,5362.415404081345,NoButton,Move,700.625,604.84375
5362.423533201218,5362.423533201218,NoButton,Move,697.6484375,603.56640625
5362.43224811554,5362.43224811554,NoButton,Move,694.0234375,602.66015625
5362.440032958984,5362.440032958984,NoButton,Move,690.3984375,601.30078125
5362.45104598999,5362.45104598999,NoButton,Move,688.55078125,600.55859375
5362.456515789032,5362.456515789032,NoButton,Move,685.57421875,599.70703125
5362.467794895172,5362.467794895172,NoButton,Move,682.59765625,598.4296875
5362.472846031189,5362.472846031189,NoButton,Move,680.21484375,597.6328125
5362.482439041138,5362.482439041138,NoButton,Move,677.83203125,596.8359375
5362.489356040955,5362.489356040955,NoButton,Move,675.44921875,596.4375
5362.500321149826,5362.500321149826,NoButton,Move,671.12109375,595.47265625
5372.457838058472,5372.457838058472,NoButton,Move,671.12109375,595.01171875
5372.467324972153,5372.467324972153,NoButton,Move,671.48828125,593.1640625
5372.474586009979,5372.474586009979,NoButton,Move,673.296875,589.9921875
5372.484308958054,5372.484308958054,NoButton,Move,675.41796875,587.44140625
5372.490115880966,5372.490115880966,NoButton,Move,677.2265625,584.26953125
5372.500423908234,5372.500423908234,NoButton,Move,680.109375,580.90234375
5372.5063490867615,5372.5063490867615,NoButton,Move,684.25390625,573.79296875
5372.517198801041,5372.517198801041,NoButton,Move,690.0859375,565.36328125
5372.522714853287,5372.522714853287,NoButton,Move,695.91796875,556.93359375
5372.533763170242,5372.533763170242,NoButton,Move,703.2421875,545.94140625
5372.539207935333,5372.539207935333,NoButton,Move,711.30078125,534.94921875
5372.549772024155,5372.549772024155,NoButton,Move,720.4296875,523.53515625
5372.555614948273,5372.555614948273,NoButton,Move,728.48828125,512.54296875
5372.568636894226,5372.568636894226,NoButton,Move,737.60546875,501.14453125
5372.572440862656,5372.572440862656,NoButton,Move,742.1171875,496.0625
5372.583779811859,5372.583779811859,NoButton,Move,748.59765625,488.28125
5372.587986946106,5372.587986946106,NoButton,Move,755.7265625,481.1484375
5372.596261024475,5372.596261024475,NoButton,Move,761.0546875,475.22265625
5383.3479590415955,5383.3479590415955,NoButton,Move,761.51171875,475.22265625
5383.352779150009,5383.352779150009,NoButton,Move,762.08203125,475.22265625
5383.360792160034,5383.360792160034,NoButton,Move,763.4453125,475.22265625
5383.368854045868,5383.368854045868,NoButton,Move,764.3828125,475.22265625
5383.377247095108,5383.377247095108,NoButton,Move,765.3203125,475.53515625
5383.38533616066,5383.38533616066,NoButton,Move,766.2578125,475.84765625
5383.393533945084,5383.393533945084,NoButton,Move,767.1953125,476.16015625
5383.401718139648,5383.401718139648,NoButton,Move,768.1328125,476.47265625
5383.409912109375,5383.409912109375,NoButton,Move,769.0703125,476.78515625
5383.418177127838,5383.418177127838,NoButton,Move,770.0078125,477.41015625
5383.426361083984,5383.426361083984,NoButton,Move,770.9453125,478.03515625
5383.434529066086,5383.434529066086,NoButton,Move,771.515625,478.3203125
5383.442721128464,5383.442721128464,NoButton,Move,772.453125,478.9453125
5383.450906991959,5383.450906991959,NoButton,Move,773.0234375,479.515625
5383.45905995369,5383.45905995369,NoButton,Move,773.59375,480.0859375
5383.467313051224,5383.467313051224,NoButton,Move,774.53125,480.3984375
5383.475614070892,5383.475614070892,NoButton,Move,774.81640625,480.96875
5383.483897924423,5383.483897924423,NoButton,Move,775.38671875,481.5390625
5383.491906166077,5383.491906166077,NoButton,Move,775.95703125,482.109375
5383.500905990601,5383.500905990601,NoButton,Move,776.21484375,482.3671875
5383.527817964554,5383.527817964554,NoButton,Move,776.5,482.9375
5383.52787899971,5383.52787899971,NoButton,Move,777.0703125,483.5078125
5383.527929782867,5383.527929782867,NoButton,Move,777.328125,483.765625
5383.555739879608,5383.555739879608,NoButton,Move,777.61328125,484.3359375
5383.5558841228485,5383.5558841228485,NoButton,Move,777.87109375,484.59375
5383.555986881256,5383.555986881256,NoButton,Move,778.15625,485.1640625
5383.557410001755,5383.557410001755,NoButton,Move,778.44140625,485.734375
5383.565673112869,5383.565673112869,NoButton,Move,778.69921875,485.9921875
5383.573781967163,5383.573781967163,NoButton,Move,778.984375,486.5625
5383.58198094368,5383.58198094368,NoButton,Move,779.2421875,486.8203125
5383.590028047562,5383.590028047562,NoButton,Move,779.52734375,487.390625
5383.598463058472,5383.598463058472,NoButton,Move,779.78515625,487.6484375
5383.606469869614,5383.606469869614,NoButton,Move,780.04296875,487.90625
5383.617379903793,5383.617379903793,NoButton,Move,780.30078125,488.1640625
5383.623656988144,5383.623656988144,NoButton,Move,780.55859375,488.421875
5383.632258176804,5383.632258176804,NoButton,Move,780.55859375,488.6796875
5383.650699138641,5383.650699138641,NoButton,Move,780.55859375,488.921875
5383.770615100861,5383.770615100861,NoButton,Move,780.08984375,488.921875
5383.778502941132,5383.778502941132,NoButton,Move,778.72265625,488.578125
5383.7867000103,5383.7867000103,NoButton,Move,776.875,487.46875
5383.794835090637,5383.794835090637,NoButton,Move,773.703125,485.65625
5383.80304479599,5383.80304479599,NoButton,Move,770.53125,483.84375
5383.811257123947,5383.811257123947,NoButton,Move,763.421875,479.6953125
5383.819489002228,5383.819489002228,NoButton,Move,756.3125,475.546875
5383.827677965164,5383.827677965164,NoButton,Move,749.203125,471.3984375
5383.835860013962,5383.835860013962,NoButton,Move,741.13671875,467.0546875
5383.844066143036,5383.844066143036,NoButton,Move,730.98828125,462.31640625
5383.852210044861,5383.852210044861,NoButton,Move,720.41796875,455.97265625
5383.860399007797,5383.860399007797,NoButton,Move,709.14453125,450.3359375
5383.868899106979,5383.868899106979,NoButton,Move,697.421875,443.73828125
5383.876859903336,5383.876859903336,NoButton,Move,685.69921875,437.140625
5383.885155200958,5383.885155200958,NoButton,Move,673.9765625,430.54296875
5383.893279075623,5383.893279075623,NoButton,Move,663.40625,424.19921875
5383.901646137238,5383.901646137238,NoButton,Move,651.68359375,417.6015625
5383.909964084625,5383.909964084625,NoButton,Move,642.2109375,411.51171875
5383.91806602478,5383.91806602478,NoButton,Move,632.73828125,406.09765625
5383.92613196373,5383.92613196373,NoButton,Move,628.66796875,403.04296875
5383.934390068054,5383.934390068054,NoButton,Move,620.23828125,397.85546875
5383.942414999008,5383.942414999008,NoButton,Move,613.71875,393.70703125
5383.950825929642,5383.950825929642,NoButton,Move,607.5078125,390.3203125
5383.958827972412,5383.958827972412,NoButton,Move,605.66015625,389.2109375
5383.967200040817,5383.967200040817,NoButton,Move,601.33203125,387.28515625
5383.975282907486,5383.975282907486,NoButton,Move,597.70703125,385.92578125
5383.983585119247,5383.983585119247,NoButton,Move,595.32421875,384.734375
5383.991959095001,5383.991959095001,NoButton,Move,592.94140625,383.9375
5384.000538825989,5384.000538825989,NoButton,Move,591.57421875,383.25390625
5384.008125066757,5384.008125066757,NoButton,Move,590.20703125,383.25390625
5384.018746852875,5384.018746852875,NoButton,Move,589.6328125,382.96484375
5384.024544000626,5384.024544000626,NoButton,Move,589.05859375,382.96484375
5384.034836053848,5384.034836053848,NoButton,Move,588.484375,382.96484375
5384.040780067444,5384.040780067444,NoButton,Move,588.22265625,382.96484375
5384.052396059036,5384.052396059036,NoButton,Move,587.9609375,382.96484375
5384.057168006897,5384.057168006897,NoButton,Move,587.69921875,382.96484375
5384.0693600177765,5384.0693600177765,NoButton,Move,587.4375,382.96484375
5384.073478937149,5384.073478937149,NoButton,Move,586.86328125,382.96484375
5384.08313703537,5384.08313703537,NoButton,Move,586.2890625,382.96484375
5384.089960098267,5384.089960098267,NoButton,Move,585.71484375,383.25
5384.101758003235,5384.101758003235,NoButton,Move,585.140625,383.53515625
5384.106282949448,5384.106282949448,NoButton,Move,584.56640625,384.10546875
5384.11590719223,5384.11590719223,NoButton,Move,583.9921875,384.67578125
5384.122722148895,5384.122722148895,NoButton,Move,583.05078125,385.30078125
5384.1342759132385,5384.1342759132385,NoButton,Move,582.109375,385.92578125
5384.139256000519,5384.139256000519,NoButton,Move,581.08203125,386.94921875
5384.148526191711,5384.148526191711,NoButton,Move,580.140625,387.57421875
5384.155318975449,5384.155318975449,NoButton,Move,578.66015625,388.6796875
5384.166841030121,5384.166841030121,NoButton,Move,577.71875,389.3046875
5384.171704053879,5384.171704053879,NoButton,Move,576.3515625,389.984375
5384.185287952423,5384.185287952423,NoButton,Move,574.984375,390.32421875
5384.188206911087,5384.188206911087,NoButton,Move,573.13671875,390.69140625
5384.198261976242,5384.198261976242,NoButton,Move,571.76953125,391.03125
5384.2043998241425,5384.2043998241425,NoButton,Move,570.40234375,391.37109375
5384.213053941727,5384.213053941727,NoButton,Move,569.03515625,391.37109375
5384.220878839493,5384.220878839493,NoButton,Move,568.09375,391.37109375
5384.228917121887,5384.228917121887,NoButton,Move,566.7265625,391.37109375
5384.238307952881,5384.238307952881,NoButton,Move,565.78515625,391.37109375
5384.246734857559,5384.246734857559,NoButton,Move,565.2109375,391.37109375
5384.253590106964,5384.253590106964,NoButton,Move,564.26953125,391.37109375
5384.262176990509,5384.262176990509,NoButton,Move,563.328125,391.37109375
5384.269899129868,5384.269899129868,NoButton,Move,562.38671875,391.37109375
5384.278065919876,5384.278065919876,NoButton,Move,561.8125,391.37109375
5384.286265850067,5384.286265850067,NoButton,Move,560.87109375,390.7421875
5384.294451951981,5384.294451951981,NoButton,Move,559.9296875,390.42578125
5384.3028700351715,5384.3028700351715,NoButton,Move,558.98828125,389.796875
5384.311194896698,5384.311194896698,NoButton,Move,557.62109375,389.11328125
5384.318984031677,5384.318984031677,NoButton,Move,556.6796875,388.796875
5384.327376842499,5384.327376842499,NoButton,Move,555.3125,388.11328125
5384.335485935211,5384.335485935211,NoButton,Move,554.37109375,387.484375
5384.344111919403,5384.344111919403,NoButton,Move,553.4296875,386.85546875
5384.3518579006195,5384.3518579006195,NoButton,Move,552.0625,386.171875
5384.360100984573,5384.360100984573,NoButton,Move,551.12109375,385.54296875
5384.368210077286,5384.368210077286,NoButton,Move,549.75390625,384.859375
5384.376519918442,5384.376519918442,NoButton,Move,548.8125,384.54296875
5384.384933948517,5384.384933948517,NoButton,Move,547.4453125,383.859375
5384.393887996674,5384.393887996674,NoButton,Move,546.50390625,383.23046875
5384.400996923447,5384.400996923447,NoButton,Move,545.13671875,382.88671875
5384.4093289375305,5384.4093289375305,NoButton,Move,543.76953125,382.203125
5384.4185202121735,5384.4185202121735,NoButton,Move,542.828125,381.88671875
5384.425482034683,5384.425482034683,NoButton,Move,541.4609375,381.203125
5384.433827161789,5384.433827161789,NoButton,Move,540.09375,380.859375
5384.442072153091,5384.442072153091,NoButton,Move,538.7265625,380.515625
5384.452928066254,5384.452928066254,NoButton,Move,537.359375,379.83203125
5384.458332061768,5384.458332061768,NoButton,Move,535.9921875,379.48828125
5384.466620922089,5384.466620922089,NoButton,Move,535.05078125,379.171875
5384.474476099014,5384.474476099014,NoButton,Move,534.109375,378.85546875
5384.482897043228,5384.482897043228,NoButton,Move,533.16796875,378.5390625
5384.490880012512,5384.490880012512,NoButton,Move,532.90625,378.27734375
5384.519838094711,5384.519838094711,Left,Pressed,532.90625,378.27734375
5384.533212900162,5384.533212900162,NoButton,Move,532.63671875,378.140625
5384.718020915985,5384.718020915985,Left,Released,532.63671875,378.140625
5385.105535984039,5385.105535984039,NoButton,Move,532.63671875,378.37109375
5385.121758937836,5385.121758937836,NoButton,Move,532.87890625,378.37109375
5385.134073972702,5385.134073972702,NoButton,Move,533.13671875,378.62890625
5385.146288871765,5385.146288871765,NoButton,Move,533.37890625,378.62890625
5385.154474973679,5385.154474973679,NoButton,Move,533.63671875,378.88671875
5385.1624920368195,5385.1624920368195,NoButton,Move,534.57421875,379.19921875
5385.170846939087,5385.170846939087,NoButton,Move,535.51171875,379.51171875
5385.178837060928,5385.178837060928,NoButton,Move,536.875,380.19140625
5385.186972856522,5385.186972856522,NoButton,Move,538.71875,380.9296875
5385.195156097412,5385.195156097412,NoButton,Move,540.5625,382.03515625
5385.203454017639,5385.203454017639,NoButton,Move,542.94140625,383.22265625
5385.211571931839,5385.211571931839,NoButton,Move,546.109375,385.03125
5385.219790935516,5385.219790935516,NoButton,Move,550.43359375,386.953125
5385.227865934372,5385.227865934372,NoButton,Move,555.0078125,389.4921875
