300.2795250415802,300.2795250415802,NoButton,Move,403.36328125,75.01953125
300.8026919364929,300.8026919364929,NoButton,Move,403.36328125,74.5546875
301.59833312034607,301.59833312034607,NoButton,Move,403.12890625,74.5546875
301.6059739589691,301.6059739589691,NoButton,Move,402.5546875,74.265625
301.6152732372284,301.6152732372284,NoButton,Move,401.61328125,74.265625
301.623419046402,301.623419046402,NoButton,Move,399.765625,73.5234375
301.6343779563904,301.6343779563904,NoButton,Move,397.91796875,73.15234375
301.63867688179016,301.63867688179016,NoButton,Move,395.53515625,72.75390625
301.6473021507263,301.6473021507263,NoButton,Move,392.55859375,72.328125
301.6551480293274,301.6551480293274,NoButton,Move,389.58203125,71.4765625
301.66330003738403,301.66330003738403,NoButton,Move,385.95703125,71.0234375
301.67154812812805,301.67154812812805,NoButton,Move,384.58984375,70.6796875
301.68129301071167,301.68129301071167,NoButton,Move,381.61328125,70.25390625
301.68924713134766,301.68924713134766,NoButton,Move,378.63671875,69.828125
301.69577407836914,301.69577407836914,NoButton,Move,376.25390625,69.4296875
301.7044930458069,301.7044930458069,NoButton,Move,374.40625,69.4296875
301.71242690086365,301.71242690086365,NoButton,Move,372.55859375,69.05859375
301.72012090682983,301.72012090682983,NoButton,Move,371.19140625,69.05859375
301.72823119163513,301.72823119163513,NoButton,Move,370.25,68.7421875
301.73646211624146,301.73646211624146,NoButton,Move,369.30859375,68.7421875
301.7445869445801,301.7445869445801,NoButton,Move,368.734375,68.7421875
301.75314021110535,301.75314021110535,NoButton,Move,368.16015625,68.7421875
301.7697639465332,301.7697639465332,NoButton,Move,367.9140625,68.7421875
301.7870509624481,301.7870509624481,NoButton,Move,367.66796875,68.7421875
302.7204918861389,302.7204918861389,NoButton,Move,367.66796875,68.5078125
302.72939109802246,302.72939109802246,NoButton,Move,367.66796875,68.24609375
302.7364709377289,302.7364709377289,NoButton,Move,367.66796875,67.671875
302.7444179058075,302.7444179058075,NoButton,Move,367.66796875,67.41015625
302.7528941631317,302.7528941631317,NoButton,Move,367.66796875,66.8359375
302.7607889175415,302.7607889175415,NoButton,Move,367.66796875,66.57421875
302.76887488365173,302.76887488365173,NoButton,Move,367.66796875,66.0
302.7769901752472,302.7769901752472,NoButton,Move,367.66796875,65.73828125
302.78533601760864,302.78533601760864,NoButton,Move,367.66796875,65.1640625
302.79334592819214,302.79334592819214,NoButton,Move,367.66796875,64.90234375
302.8024311065674,302.8024311065674,NoButton,Move,367.66796875,64.640625
302.81914591789246,302.81914591789246,NoButton,Move,367.66796875,64.39453125
302.82800102233887,302.82800102233887,NoButton,Move,367.66796875,64.1328125
302.85084891319275,302.85084891319275,NoButton,Move,367.66796875,63.890625
302.8752660751343,302.8752660751343,NoButton,Move,367.66796875,63.6484375
302.9077138900757,302.9077138900757,NoButton,Move,367.66796875,63.41015625
302.9248859882355,302.9248859882355,NoButton,Move,367.1484375,63.1484375
302.9570939540863,302.9570939540863,NoButton,Move,367.1484375,62.91015625
302.99028301239014,302.99028301239014,NoButton,Move,366.91015625,62.91015625
303.1210889816284,303.1210889816284,NoButton,Move,367.375,62.91015625
303.12895917892456,303.12895917892456,NoButton,Move,369.21875,62.91015625
303.1373379230499,303.1373379230499,NoButton,Move,373.54296875,62.91015625
303.144819021225,303.144819021225,NoButton,Move,380.3125,62.91015625
303.15426802635193,303.15426802635193,NoButton,Move,390.00390625,62.91015625
303.1619520187378,303.1619520187378,NoButton,Move,408.59765625,63.75390625
303.17036986351013,303.17036986351013,NoButton,Move,425.75390625,65.38671875
303.1776428222656,303.1776428222656,NoButton,Move,447.39453125,66.28515625
303.18563508987427,303.18563508987427,NoButton,Move,470.64453125,68.14453125
303.19362711906433,303.19362711906433,NoButton,Move,495.55859375,69.1015625
303.20187616348267,303.20187616348267,NoButton,Move,522.1953125,70.0859375
303.21024990081787,303.21024990081787,NoButton,Move,548.83203125,72.05859375
303.2186698913574,303.2186698913574,NoButton,Move,559.65234375,72.734375
306.07181191444397,306.07181191444397,NoButton,Move,561.50390625,75.51171875
306.07963609695435,306.07963609695435,NoButton,Move,568.94140625,83.62890625
306.0879900455475,306.0879900455475,NoButton,Move,577.39453125,92.78515625
306.0961329936981,306.0961329936981,NoButton,Move,588.390625,104.56640625
306.1042070388794,306.1042070388794,NoButton,Move,601.06640625,118.93359375
306.11260294914246,306.11260294914246,NoButton,Move,616.39453125,135.1640625
306.119756937027,306.119756937027,NoButton,Move,646.8984375,172.01953125
306.12824010849,306.12824010849,NoButton,Move,682.7578125,210.53515625
306.1364178657532,306.1364178657532,NoButton,Move,722.93359375,252.09375
306.1445291042328,306.1445291042328,NoButton,Move,763.94140625,295.9296875
306.1526470184326,306.1526470184326,NoButton,Move,802.73046875,337.48828125
306.160728931427,306.160728931427,NoButton,Move,820.9375,354.734375
306.1689691543579,306.1689691543579,NoButton,Move,855.25390625,387.77734375
306.200119972229,306.200119972229,NoButton,Move,865.90234375,398.42578125
306.2001519203186,306.2001519203186,NoButton,Move,888.8515625,419.2890625
306.2001760005951,306.2001760005951,NoButton,Move,908.015625,435.578125
306.2017900943756,306.2017900943756,NoButton,Move,913.65625,439.52734375
306.2097849845886,306.2097849845886,NoButton,Move,925.828125,447.89453125
306.2184171676636,306.2184171676636,NoButton,Move,935.296875,453.3046875
306.226126909256,306.226126909256,NoButton,Move,937.67578125,454.09765625
310.0862739086151,310.0862739086151,NoButton,Move,938.59765625,454.55859375
310.0947380065918,310.0947380065918,NoButton,Move,941.9609375,457.921875
310.10310101509094,310.10310101509094,NoButton,Move,945.51953125,461.98828125
310.1108589172363,310.1108589172363,NoButton,Move,949.078125,466.0546875
310.1194190979004,310.1194190979004,NoButton,Move,953.58984375,471.1328125
310.1271479129791,310.1271479129791,NoButton,Move,958.66796875,476.2109375
310.13541293144226,310.13541293144226,NoButton,Move,963.1796875,481.2890625
310.14344596862793,310.14344596862793,NoButton,Move,970.9296875,490.4453125
310.1519191265106,310.1519191265106,NoButton,Move,978.98828125,501.43359375
310.16005301475525,310.16005301475525,NoButton,Move,986.73828125,511.296875
310.1687970161438,310.1687970161438,NoButton,Move,995.10546875,523.46875
310.1770930290222,310.1770930290222,NoButton,Move,1002.4296875,534.45703125
310.1884489059448,310.1884489059448,NoButton,Move,1008.76953125,545.0234375
310.19268012046814,310.19268012046814,NoButton,Move,1013.50390625,555.16796875
310.20090794563293,310.20090794563293,NoButton,Move,1015.53515625,560.25
310.2092831134796,310.2092831134796,NoButton,Move,1019.41015625,569.29296875
310.21797800064087,310.21797800064087,NoButton,Move,1021.77734375,576.9921875
310.2255790233612,310.2255790233612,NoButton,Move,1024.03125,583.76171875
310.23373198509216,310.23373198509216,NoButton,Move,1025.63671875,589.66015625
310.2417562007904,310.2417562007904,NoButton,Move,1026.65234375,594.7421875
310.25003695487976,310.25003695487976,NoButton,Move,1027.61328125,599.06640625
310.25837993621826,310.25837993621826,NoButton,Move,1027.98046875,600.90625
310.2681429386139,310.2681429386139,NoButton,Move,1028.4296875,604.52734375
310.27468609809875,310.27468609809875,NoButton,Move,1028.82421875,606.90625
310.28272914886475,310.28272914886475,NoButton,Move,1029.21875,609.28515625
310.2908709049225,310.2908709049225,NoButton,Move,1029.21875,611.12890625
310.3133900165558,310.3133900165558,NoButton,Move,1029.21875,612.4921875
310.31349205970764,310.31349205970764,NoButton,Move,1029.21875,613.4296875
310.31531620025635,310.31531620025635,NoButton,Move,1029.21875,614.0
310.32372283935547,310.32372283935547,NoButton,Move,1029.21875,614.5703125
310.3329062461853,310.3329062461853,NoButton,Move,1028.27734375,615.1953125
310.3405649662018,310.3405649662018,NoButton,Move,1026.4296875,615.5625
310.3480350971222,310.3480350971222,NoButton,Move,1022.1015625,615.5625
310.3565459251404,310.3565459251404,NoButton,Move,1016.19921875,615.5625
310.36911821365356,310.36911821365356,NoButton,Move,1008.49609375,613.19140625
310.3725862503052,310.3725862503052,NoButton,Move,990.7421875,605.58203125
310.38062620162964,310.38062620162964,NoButton,Move,975.21484375,596.59375
310.3892471790314,310.3892471790314,NoButton,Move,940.0078125,572.3125
310.4019351005554,310.4019351005554,NoButton,Move,911.79296875,548.61328125
310.40535593032837,310.40535593032837,NoButton,Move,881.44140625,518.26171875
310.4172010421753,310.4172010421753,NoButton,Move,851.62109375,483.47265625
310.4218270778656,310.4218270778656,NoButton,Move,819.84375,447.8828125
310.43428802490234,310.43428802490234,NoButton,Move,787.96484375,406.70703125
310.438884973526,310.438884973526,NoButton,Move,775.33984375,388.671875
310.45243787765503,310.45243787765503,NoButton,Move,752.2734375,352.25
310.45440912246704,310.45440912246704,NoButton,Move,730.93359375,317.87109375
310.46506524086,310.46506524086,NoButton,Move,714.00390625,285.140625
310.4705970287323,310.4705970287323,NoButton,Move,699.0,256.203125
310.48141503334045,310.48141503334045,NoButton,Move,694.26171875,246.0546875
310.77436900138855,310.77436900138855,NoButton,Move,694.02734375,245.8203125
310.7743990421295,310.7743990421295,NoButton,Move,689.19921875,242.0625
310.7744228839874,310.7744228839874,NoButton,Move,679.33203125,235.015625
310.7744450569153,310.7744450569153,NoButton,Move,664.62109375,225.20703125
310.7744631767273,310.7744631767273,NoButton,Move,643.53515625,211.7890625
310.7744779586792,310.7744779586792,NoButton,Move,617.44921875,195.09375
310.78189516067505,310.78189516067505,NoButton,Move,587.74609375,176.390625
310.7901060581207,310.7901060581207,NoButton,Move,556.14453125,158.33203125
310.7996141910553,310.7996141910553,NoButton,Move,524.55078125,140.27734375
310.80649995803833,310.80649995803833,NoButton,Move,511.6171875,133.4296875
310.81582713127136,310.81582713127136,NoButton,Move,487.9375,120.6015625
310.8230540752411,310.8230540752411,NoButton,Move,480.234375,117.63671875
310.83127999305725,310.83127999305725,NoButton,Move,465.2421875,111.32421875
310.84037590026855,310.84037590026855,NoButton,Move,455.09375,107.26171875
310.84976601600647,310.84976601600647,NoButton,Move,452.1171875,106.8359375
310.8559248447418,310.8559248447418,NoButton,Move,445.34375,105.140625
310.8660089969635,310.8660089969635,NoButton,Move,441.015625,104.65625
310.8719890117645,310.8719890117645,NoButton,Move,438.0390625,104.65625
310.8829801082611,310.8829801082611,NoButton,Move,436.19140625,104.65625
310.8886182308197,310.8886182308197,NoButton,Move,434.82421875,104.65625
310.8997302055359,310.8997302055359,NoButton,Move,433.34375,106.1328125
310.9048092365265,310.9048092365265,NoButton,Move,432.6015625,107.9765625
310.91526794433594,310.91526794433594,NoButton,Move,432.23046875,109.8203125
310.925940990448,310.925940990448,NoButton,Move,431.88671875,111.18359375
310.93213415145874,310.93213415145874,NoButton,Move,431.48828125,113.5625
310.9376611709595,310.9376611709595,NoButton,Move,431.48828125,115.40625
310.94852018356323,310.94852018356323,NoButton,Move,431.48828125,117.78515625
310.95491909980774,310.95491909980774,NoButton,Move,431.1171875,119.62890625
310.9620871543884,310.9620871543884,NoButton,Move,431.1171875,121.47265625
310.9704418182373,310.9704418182373,NoButton,Move,431.1171875,122.8359375
310.9786789417267,310.9786789417267,NoButton,Move,431.1171875,123.7734375
310.9870729446411,310.9870729446411,NoButton,Move,431.1171875,124.7109375
311.0013291835785,311.0013291835785,NoButton,Move,431.1171875,125.28125
311.00324606895447,311.00324606895447,NoButton,Move,431.1171875,125.8515625
311.0121409893036,311.0121409893036,NoButton,Move,431.1171875,126.109375
311.03069615364075,311.03069615364075,NoButton,Move,431.1171875,126.6796875
311.03079199790955,311.03079199790955,NoButton,Move,431.1171875,126.9375
311.03614711761475,311.03614711761475,NoButton,Move,431.1171875,127.1953125
311.0444278717041,311.0444278717041,NoButton,Move,431.1171875,127.453125
311.06031918525696,311.06031918525696,NoButton,Move,431.359375,127.6953125
311.0685329437256,311.0685329437256,NoButton,Move,431.9296875,127.6953125
311.07669401168823,311.07669401168823,NoButton,Move,432.5,127.6953125
311.0849230289459,311.0849230289459,NoButton,Move,433.4375,127.6953125
311.09295296669006,311.09295296669006,NoButton,Move,434.0078125,127.6953125
311.10123205184937,311.10123205184937,NoButton,Move,435.37109375,127.6953125
311.1093020439148,311.1093020439148,NoButton,Move,435.94140625,127.6953125
311.11759090423584,311.11759090423584,NoButton,Move,437.78515625,126.953125
311.1257691383362,311.1257691383362,NoButton,Move,439.37109375,124.96484375
311.1339418888092,311.1339418888092,NoButton,Move,441.1796875,121.79296875
311.14220905303955,311.14220905303955,NoButton,Move,445.12890625,116.1484375
311.15042090415955,311.15042090415955,NoButton,Move,446.9375,112.9765625
311.15858006477356,311.15858006477356,NoButton,Move,450.69140625,108.1484375
311.16680693626404,311.16680693626404,NoButton,Move,454.640625,102.50390625
311.1751341819763,311.1751341819763,NoButton,Move,459.71875,97.421875
311.1831998825073,311.1831998825073,NoButton,Move,464.23046875,92.33984375
311.1915180683136,311.1915180683136,NoButton,Move,469.30859375,87.82421875
311.19989013671875,311.19989013671875,NoButton,Move,474.94921875,83.87109375
311.208025932312,311.208025932312,NoButton,Move,479.015625,80.30859375
311.2163722515106,311.2163722515106,NoButton,Move,483.58984375,77.765625
311.22437596321106,311.22437596321106,NoButton,Move,485.06640625,76.65625
311.23258686065674,311.23258686065674,NoButton,Move,488.234375,74.84375
311.2407479286194,311.2407479286194,NoButton,Move,490.61328125,73.65234375
311.2490179538727,311.2490179538727,NoButton,Move,492.45703125,72.54296875
311.2571790218353,311.2571790218353,NoButton,Move,493.8203125,71.859375
311.2655930519104,311.2655930519104,NoButton,Move,494.7578125,71.54296875
311.2737410068512,311.2737410068512,NoButton,Move,495.328125,71.25390625
311.2823112010956,311.2823112010956,NoButton,Move,495.8984375,71.25390625
311.2899968624115,311.2899968624115,NoButton,Move,496.15625,70.9921875
311.29849910736084,311.29849910736084,NoButton,Move,496.4140625,70.9921875
311.30634689331055,311.30634689331055,NoButton,Move,496.671875,70.9921875
311.36545395851135,311.36545395851135,NoButton,Move,496.671875,71.2265625
311.3718008995056,311.3718008995056,NoButton,Move,496.671875,71.484375
311.3829789161682,311.3829789161682,NoButton,Move,496.671875,71.7421875
311.3882939815521,311.3882939815521,NoButton,Move,496.41015625,72.0
311.39955019950867,311.39955019950867,NoButton,Move,496.41015625,72.2578125
311.4047341346741,311.4047341346741,NoButton,Move,496.1484375,72.2578125
311.48308396339417,311.48308396339417,Left,Pressed,496.1484375,72.2578125
311.70001101493835,311.70001101493835,Left,Released,496.1484375,72.2578125
312.043319940567,312.043319940567,NoButton,Move,496.1484375,71.5625
312.051283121109,312.051283121109,NoButton,Move,496.1484375,67.9375
315.5691418647766,315.5691418647766,NoButton,Move,496.1484375,68.1640625
315.57790899276733,315.57790899276733,NoButton,Move,496.1484375,68.41796875
315.58995509147644,315.58995509147644,NoButton,Move,496.1484375,68.67578125
315.5935220718384,315.5935220718384,NoButton,Move,496.1484375,68.93359375
315.60162019729614,315.60162019729614,NoButton,Move,496.1484375,69.19140625
315.6096181869507,315.6096181869507,NoButton,Move,496.1484375,69.44921875
315.61784315109253,315.61784315109253,NoButton,Move,496.1484375,69.70703125
315.6368479728699,315.6368479728699,NoButton,Move,496.1484375,69.94921875
315.6857409477234,315.6857409477234,NoButton,Move,496.1484375,70.18359375
316.4302179813385,316.4302179813385,NoButton,Move,496.1484375,70.4140625
316.4373149871826,316.4373149871826,NoButton,Move,496.1484375,70.671875
316.44540214538574,316.44540214538574,NoButton,Move,496.1484375,70.9296875
316.4534969329834,316.4534969329834,NoButton,Move,496.1484375,71.1875
316.4621431827545,316.4621431827545,NoButton,Move,496.1484375,71.4453125
316.4702172279358,316.4702172279358,NoButton,Move,496.1484375,71.703125
316.4782190322876,316.4782190322876,NoButton,Move,496.1484375,71.9609375
316.4862802028656,316.4862802028656,NoButton,Move,496.1484375,72.21875
316.49477791786194,316.49477791786194,NoButton,Move,496.1484375,72.4765625
316.5028450489044,316.5028450489044,NoButton,Move,496.1484375,72.734375
316.5108940601349,316.5108940601349,NoButton,Move,496.1484375,72.9921875
316.5193250179291,316.5193250179291,NoButton,Move,496.1484375,73.25
316.5272560119629,316.5272560119629,NoButton,Move,496.1484375,73.5078125
316.5439488887787,316.5439488887787,NoButton,Move,496.1484375,73.75
316.5528359413147,316.5528359413147,NoButton,Move,496.1484375,74.0078125
316.56103897094727,316.56103897094727,NoButton,Move,496.1484375,74.265625
316.56831192970276,316.56831192970276,NoButton,Move,496.1484375,74.5234375
316.5763831138611,316.5763831138611,NoButton,Move,496.1484375,74.78125
316.58459091186523,316.58459091186523,NoButton,Move,495.88671875,75.0390625
316.5929219722748,316.5929219722748,NoButton,Move,495.88671875,75.9765625
316.6010060310364,316.6010060310364,NoButton,Move,495.88671875,76.546875
316.60930013656616,316.60930013656616,NoButton,Move,495.88671875,77.484375
316.6177508831024,316.6177508831024,NoButton,Move,495.54296875,78.84765625
316.62612795829773,316.62612795829773,NoButton,Move,495.19921875,80.2109375
316.6339511871338,316.6339511871338,NoButton,Move,494.85546875,81.57421875
316.6422061920166,316.6422061920166,NoButton,Move,494.11328125,83.41796875
316.650493144989,316.650493144989,NoButton,Move,493.26171875,86.390625
316.65959310531616,316.65959310531616,NoButton,Move,492.15234375,88.234375
316.66651606559753,316.66651606559753,NoButton,Move,491.04296875,90.078125
316.6754810810089,316.6754810810089,NoButton,Move,489.8515625,92.45703125
316.6833379268646,316.6833379268646,NoButton,Move,488.1484375,95.00390625
316.6911551952362,316.6911551952362,NoButton,Move,486.55859375,96.98828125
316.69917607307434,316.69917607307434,NoButton,Move,484.96875,98.97265625
316.7073838710785,316.7073838710785,NoButton,Move,482.84375,101.09375
316.7171938419342,316.7171938419342,NoButton,Move,480.29296875,103.21484375
316.72382616996765,316.72382616996765,NoButton,Move,478.3046875,104.80078125
316.7328760623932,316.7328760623932,NoButton,Move,475.75390625,106.921875
316.740042924881,316.740042924881,NoButton,Move,472.58203125,108.73046875
316.7500059604645,316.7500059604645,NoButton,Move,468.95703125,110.5390625
316.7565360069275,316.7565360069275,NoButton,Move,465.109375,112.94140625
316.7663860321045,316.7663860321045,NoButton,Move,460.78125,114.86328125
316.77281498908997,316.77281498908997,NoButton,Move,451.703125,118.75
316.7836289405823,316.7836289405823,NoButton,Move,444.9296875,121.00390625
316.78914189338684,316.78914189338684,NoButton,Move,436.2421875,124.10546875
316.8003191947937,316.8003191947937,NoButton,Move,426.515625,126.046875
316.8055920600891,316.8055920600891,NoButton,Move,416.7890625,127.98828125
316.81662702560425,316.81662702560425,NoButton,Move,411.703125,128.49609375
316.82197999954224,316.82197999954224,NoButton,Move,403.015625,129.734375
316.83340787887573,316.83340787887573,NoButton,Move,394.328125,130.3515625
316.8390839099884,316.8390839099884,NoButton,Move,386.625,130.94140625
316.84933400154114,316.84933400154114,NoButton,Move,380.72265625,131.4765625
316.85481786727905,316.85481786727905,NoButton,Move,378.33984375,131.87109375
316.8673279285431,316.8673279285431,NoButton,Move,373.25390625,132.37890625
316.87284111976624,316.87284111976624,NoButton,Move,369.62890625,132.828125
316.88305711746216,316.88305711746216,NoButton,Move,367.24609375,132.828125
316.88811111450195,316.88811111450195,NoButton,Move,364.86328125,133.22265625
316.8959331512451,316.8959331512451,NoButton,Move,363.015625,133.58984375
316.90441703796387,316.90441703796387,NoButton,Move,361.6484375,133.9296875
316.91253900527954,316.91253900527954,NoButton,Move,360.28125,134.609375
316.92062401771545,316.92062401771545,NoButton,Move,358.43359375,135.71484375
316.92893719673157,316.92893719673157,NoButton,Move,356.953125,136.8203125
316.9370930194855,316.9370930194855,NoButton,Move,355.47265625,138.296875
316.9452488422394,316.9452488422394,NoButton,Move,353.9921875,139.7734375
316.95356726646423,316.95356726646423,NoButton,Move,351.8671875,142.3203125
316.96105217933655,316.96105217933655,NoButton,Move,350.1640625,144.8671875
316.96895599365234,316.96895599365234,NoButton,Move,348.3515625,148.03515625
316.97751808166504,316.97751808166504,NoButton,Move,346.5390625,151.203125
316.98579502105713,316.98579502105713,NoButton,Move,344.7265625,154.37109375
316.9941990375519,316.9941990375519,NoButton,Move,344.04296875,155.734375
317.0023431777954,317.0023431777954,NoButton,Move,342.23046875,158.90234375
317.0119860172272,317.0119860172272,NoButton,Move,341.0390625,161.28125
317.01878595352173,317.01878595352173,NoButton,Move,340.2421875,163.66015625
317.02669191360474,317.02669191360474,NoButton,Move,339.1328125,165.50390625
317.0348451137543,317.0348451137543,NoButton,Move,338.0234375,167.34765625
317.0428659915924,317.0428659915924,NoButton,Move,337.28125,169.19140625
317.051470041275,317.051470041275,NoButton,Move,336.5390625,171.03515625
317.06012988090515,317.06012988090515,NoButton,Move,335.4296875,172.5078125
317.0734119415283,317.0734119415283,NoButton,Move,334.80078125,173.4453125
317.0753290653229,317.0753290653229,NoButton,Move,333.69140625,174.921875
317.0841040611267,317.0841040611267,NoButton,Move,333.0625,175.859375
317.0916020870209,317.0916020870209,NoButton,Move,332.48828125,176.4296875
317.0997018814087,317.0997018814087,NoButton,Move,332.19921875,177.0
317.1088180541992,317.1088180541992,NoButton,Move,331.9375,177.2578125
317.1186201572418,317.1186201572418,NoButton,Move,331.67578125,177.515625
317.1249101161957,317.1249101161957,NoButton,Move,331.4140625,177.7734375
317.13252210617065,317.13252210617065,NoButton,Move,331.4140625,178.03125
317.1412630081177,317.1412630081177,NoButton,Move,331.4140625,178.2890625
317.2512421607971,317.2512421607971,NoButton,Move,331.64453125,178.2890625
317.25558710098267,317.25558710098267,NoButton,Move,331.90234375,178.2890625
317.2727541923523,317.2727541923523,NoButton,Move,332.16015625,178.2890625
317.2728841304779,317.2728841304779,NoButton,Move,332.41796875,178.2890625
317.28325390815735,317.28325390815735,NoButton,Move,332.98828125,178.2890625
317.28814005851746,317.28814005851746,NoButton,Move,333.55859375,178.2890625
317.29792404174805,317.29792404174805,NoButton,Move,333.81640625,178.2890625
317.3045930862427,317.3045930862427,NoButton,Move,334.38671875,178.2890625
317.31724095344543,317.31724095344543,NoButton,Move,335.32421875,178.6015625
317.32095408439636,317.32095408439636,NoButton,Move,335.89453125,178.6015625
317.3343529701233,317.3343529701233,NoButton,Move,336.46484375,178.88671875
317.3374719619751,317.3374719619751,NoButton,Move,337.40234375,179.19921875
317.3455331325531,317.3455331325531,NoButton,Move,338.33984375,179.51171875
317.3540539741516,317.3540539741516,NoButton,Move,339.27734375,179.51171875
317.36202788352966,317.36202788352966,NoButton,Move,340.21484375,179.82421875
317.37002301216125,317.37002301216125,NoButton,Move,341.15234375,180.13671875
317.378271818161,317.378271818161,NoButton,Move,342.08984375,180.44921875
317.38646483421326,317.38646483421326,NoButton,Move,343.02734375,180.76171875
317.39514207839966,317.39514207839966,NoButton,Move,343.96484375,181.07421875
317.4028651714325,317.4028651714325,NoButton,Move,344.90234375,181.07421875
317.4114410877228,317.4114410877228,NoButton,Move,345.47265625,181.359375
317.41942596435547,317.41942596435547,NoButton,Move,346.04296875,181.64453125
317.42830204963684,317.42830204963684,NoButton,Move,346.98046875,181.64453125
317.43577694892883,317.43577694892883,NoButton,Move,347.55078125,181.9296875
317.4445240497589,317.4445240497589,NoButton,Move,348.12109375,182.21484375
317.45210003852844,317.45210003852844,NoButton,Move,348.37890625,182.47265625
317.4601230621338,317.4601230621338,NoButton,Move,348.94921875,182.7578125
317.46890902519226,317.46890902519226,NoButton,Move,349.20703125,183.015625
317.47664618492126,317.47664618492126,NoButton,Move,349.88671875,184.37890625
317.4853091239929,317.4853091239929,NoButton,Move,350.6796875,186.7578125
317.4936418533325,317.4936418533325,NoButton,Move,351.21484375,192.65625
317.501070022583,317.501070022583,NoButton,Move,351.890625,203.4765625
317.5095970630646,317.5095970630646,NoButton,Move,353.46484375,219.25390625
317.5186369419098,317.5186369419098,NoButton,Move,354.5625,253.35546875
317.52550315856934,317.52550315856934,NoButton,Move,355.6875,289.46484375
317.5349202156067,317.5349202156067,NoButton,Move,356.87109375,329.76953125
317.54230213165283,317.54230213165283,NoButton,Move,359.41015625,376.79296875
317.5500671863556,317.5500671863556,NoButton,Move,361.2109375,398.43359375
317.56712889671326,317.56712889671326,NoButton,Move,364.8515625,440.91796875
317.56739497184753,317.56739497184753,NoButton,Move,369.36328125,477.02734375
317.5750780105591,317.5750780105591,NoButton,Move,371.64453125,491.48046875
317.58289909362793,317.58289909362793,NoButton,Move,375.58984375,518.1171875
317.59099102020264,317.59099102020264,NoButton,Move,380.09765625,539.7578125
317.8452830314636,317.8452830314636,NoButton,Move,380.09765625,541.4140625
317.8665859699249,317.8665859699249,NoButton,Move,380.09765625,545.03515625
317.86664485931396,317.86664485931396,NoButton,Move,380.578125,549.359375
317.86945509910583,317.86945509910583,NoButton,Move,380.578125,553.68359375
317.8776969909668,317.8776969909668,NoButton,Move,381.0859375,558.765625
317.8858730792999,317.8858730792999,NoButton,Move,381.0859375,564.6640625
317.8939471244812,317.8939471244812,NoButton,Move,381.0859375,576.640625
317.9021029472351,317.9021029472351,NoButton,Move,381.0859375,587.4609375
317.9102671146393,317.9102671146393,NoButton,Move,381.0859375,599.4375
317.918612241745,317.918612241745,NoButton,Move,381.0859375,605.3359375
317.9268341064453,317.9268341064453,NoButton,Move,381.0859375,615.05859375
317.93504190444946,317.93504190444946,NoButton,Move,381.0859375,624.78125
317.9432291984558,317.9432291984558,NoButton,Move,381.0859375,628.40234375
317.9513609409332,317.9513609409332,NoButton,Move,381.0859375,634.30078125
317.95952105522156,317.95952105522156,NoButton,Move,380.57421875,639.3828125
317.9677269458771,317.9677269458771,NoButton,Move,380.57421875,643.00390625
317.97602701187134,317.97602701187134,NoButton,Move,380.17578125,645.3828125
317.98430609703064,317.98430609703064,NoButton,Move,379.8046875,647.2265625
317.9929871559143,317.9929871559143,NoButton,Move,379.8046875,648.1640625
318.0008969306946,318.0008969306946,NoButton,Move,379.8046875,648.734375
318.00972509384155,318.00972509384155,NoButton,Move,379.54296875,648.9921875
318.0180971622467,318.0180971622467,NoButton,Move,379.54296875,649.25
318.02585792541504,318.02585792541504,NoButton,Move,379.54296875,649.5078125
318.03390312194824,318.03390312194824,NoButton,Move,379.28125,649.5078125
318.0785701274872,318.0785701274872,Left,Pressed,379.28125,649.5078125
318.1830520629883,318.1830520629883,Left,Released,379.28125,649.5078125
318.6887619495392,318.6887619495392,NoButton,Move,379.28125,647.875
318.69929099082947,318.69929099082947,NoButton,Move,379.28125,641.97265625
318.7055070400238,318.7055070400238,NoButton,Move,379.28125,634.26953125
318.71631503105164,318.71631503105164,NoButton,Move,379.28125,617.109375
318.721067905426,318.721067905426,NoButton,Move,385.20703125,576.80078125
318.7328071594238,318.7328071594238,NoButton,Move,391.8046875,542.6953125
318.73787689208984,318.73787689208984,NoButton,Move,404.2265625,499.20703125
318.749183177948,318.749183177948,NoButton,Move,421.1171875,452.421875
318.7538721561432,318.7538721561432,NoButton,Move,443.28125,399.7734375
318.76245284080505,318.76245284080505,NoButton,Move,468.21484375,348.51171875
318.77054715156555,318.77054715156555,NoButton,Move,497.91015625,296.1875
318.7791121006012,318.7791121006012,NoButton,Move,512.2265625,275.18359375
318.78688192367554,318.78688192367554,NoButton,Move,540.81640625,233.59375
318.7947909832001,318.7947909832001,NoButton,Move,570.046875,195.4609375
318.80304408073425,318.80304408073425,NoButton,Move,596.125,164.63671875
318.8151819705963,318.8151819705963,NoButton,Move,620.32421875,139.33203125
318.8194668292999,318.8194668292999,NoButton,Move,630.578125,130.5390625
318.8276991844177,318.8276991844177,NoButton,Move,649.7421875,114.24609375
318.83570408821106,318.83570408821106,NoButton,Move,656.2578125,109.50390625
318.8500461578369,318.8500461578369,NoButton,Move,668.87890625,100.03515625
318.85181999206543,318.85181999206543,NoButton,Move,679.4453125,94.3984375
318.8676781654358,318.8676781654358,NoButton,Move,681.82421875,93.6015625
319.0994510650635,319.0994510650635,NoButton,Move,681.82421875,92.8984375
319.10607409477234,319.10607409477234,NoButton,Move,681.82421875,89.2734375
319.1179301738739,319.1179301738739,NoButton,Move,681.82421875,84.9453125
319.12253999710083,319.12253999710083,NoButton,Move,681.82421875,80.6171875
319.13405990600586,319.13405990600586,NoButton,Move,681.82421875,75.53125
319.1389899253845,319.1389899253845,NoButton,Move,681.82421875,67.828125
319.1503698825836,319.1503698825836,NoButton,Move,681.203125,59.140625
319.15551805496216,319.15551805496216,NoButton,Move,680.5546875,49.4140625
319.1672170162201,319.1672170162201,NoButton,Move,679.53515625,44.328125
319.17206382751465,319.17206382751465,NoButton,Move,678.34765625,36.625
319.1841530799866,319.1841530799866,NoButton,Move,676.65234375,29.8515625
319.1887321472168,319.1887321472168,NoButton,Move,675.04296875,23.94921875
319.20112204551697,319.20112204551697,NoButton,Move,674.30078125,22.1015625
319.2048439979553,319.2048439979553,NoButton,Move,672.94140625,18.4765625
319.2171890735626,319.2171890735626,NoButton,Move,671.75,16.09375
319.2213180065155,319.2213180065155,NoButton,Move,671.0078125,14.24609375
319.2345221042633,319.2345221042633,NoButton,Move,669.98046875,13.21875
319.2374289035797,319.2374289035797,NoButton,Move,669.40625,12.64453125
319.24601793289185,319.24601793289185,NoButton,Move,668.83203125,12.0703125
319.25423312187195,319.25423312187195,NoButton,Move,667.890625,12.0703125
319.2622129917145,319.2622129917145,NoButton,Move,666.94921875,12.0703125
319.27061700820923,319.27061700820923,NoButton,Move,665.58203125,12.0703125
319.2788152694702,319.2788152694702,NoButton,Move,663.734375,12.0703125
319.28703713417053,319.28703713417053,NoButton,Move,661.88671875,13.17578125
319.29516315460205,319.29516315460205,NoButton,Move,659.8984375,14.76171875
319.30361008644104,319.30361008644104,NoButton,Move,657.34765625,16.4609375
319.31107807159424,319.31107807159424,NoButton,Move,654.796875,18.58203125
319.3190109729767,319.3190109729767,NoButton,Move,652.24609375,20.703125
319.3270859718323,319.3270859718323,NoButton,Move,649.52734375,23.41796875
319.3355391025543,319.3355391025543,NoButton,Move,646.640625,26.78125
319.34396624565125,319.34396624565125,NoButton,Move,643.5859375,30.84765625
319.3521828651428,319.3521828651428,NoButton,Move,640.69921875,34.2109375
319.3604350090027,319.3604350090027,NoButton,Move,638.29296875,38.0546875
319.3687222003937,319.3687222003937,NoButton,Move,636.02734375,41.22265625
319.37680101394653,319.37680101394653,NoButton,Move,634.91796875,42.69921875
319.3848810195923,319.3848810195923,NoButton,Move,633.10546875,45.8671875
319.39298009872437,319.39298009872437,NoButton,Move,631.515625,47.8515625
319.40122413635254,319.40122413635254,NoButton,Move,629.92578125,49.8359375
319.4095721244812,319.4095721244812,NoButton,Move,628.81640625,51.3125
319.4177119731903,319.4177119731903,NoButton,Move,628.1328125,52.67578125
319.4258852005005,319.4258852005005,NoButton,Move,627.50390625,53.61328125
319.433865070343,319.433865070343,NoButton,Move,626.9296875,54.18359375
319.44229221343994,319.44229221343994,NoButton,Move,626.640625,54.75390625
319.45042610168457,319.45042610168457,NoButton,Move,626.06640625,55.32421875
319.4586091041565,319.4586091041565,NoButton,Move,626.06640625,55.58203125
319.46664214134216,319.46664214134216,NoButton,Move,625.8046875,55.83984375
319.5002028942108,319.5002028942108,Left,Pressed,625.8046875,55.83984375
319.5002851486206,319.5002851486206,NoButton,Move,625.6796875,55.9609375
319.61605405807495,319.61605405807495,Left,Released,625.6796875,55.9609375
320.0582320690155,320.0582320690155,NoButton,Move,626.83984375,55.9609375
320.0647509098053,320.0647509098053,NoButton,Move,631.1640625,55.9609375
320.0730321407318,320.0730321407318,NoButton,Move,637.0625,54.88671875
320.0883831977844,320.0883831977844,NoButton,Move,645.74609375,53.64453125
320.088907957077,320.088907957077,NoButton,Move,662.90234375,51.19140625
320.097097158432,320.097097158432,NoButton,Move,680.05859375,48.73828125
320.1053202152252,320.1053202152252,NoButton,Move,689.78125,47.44140625
320.11351203918457,320.11351203918457,NoButton,Move,721.9296875,43.15234375
320.1217088699341,320.1217088699341,NoButton,Move,745.1796875,40.359375
320.12995195388794,320.12995195388794,NoButton,Move,770.09375,37.484375
320.1378951072693,320.1378951072693,NoButton,Move,796.73046875,35.5078125
320.15085196495056,320.15085196495056,NoButton,Move,821.64453125,34.546875
320.155042886734,320.155042886734,NoButton,Move,833.62109375,33.83984375
320.163761138916,320.163761138916,NoButton,Move,856.7890625,32.91015625
320.1705389022827,320.1705389022827,NoButton,Move,875.3828125,32.0625
320.18425583839417,320.18425583839417,NoButton,Move,883.015625,31.47265625
320.18716406822205,320.18716406822205,NoButton,Move,898.79296875,30.68359375
320.1955831050873,320.1955831050873,NoButton,Move,910.76953125,29.9765625
320.2038459777832,320.2038459777832,NoButton,Move,920.4921875,29.328125
320.21177792549133,320.21177792549133,NoButton,Move,922.87109375,28.9296875
320.220201253891,320.220201253891,NoButton,Move,927.953125,28.41796875
320.22796988487244,320.22796988487244,NoButton,Move,931.57421875,27.96484375
320.23625206947327,320.23625206947327,NoButton,Move,933.953125,27.56640625
320.24443793296814,320.24443793296814,NoButton,Move,935.31640625,27.56640625
320.253103017807,320.253103017807,NoButton,Move,936.25390625,27.25
320.2605609893799,320.2605609893799,NoButton,Move,936.82421875,27.25
320.2692520618439,320.2692520618439,NoButton,Move,937.078125,27.25
320.2770149707794,320.2770149707794,NoButton,Move,937.3359375,27.25
320.3105080127716,320.3105080127716,NoButton,Move,937.3359375,27.01171875
320.4675371646881,320.4675371646881,NoButton,Move,937.56640625,27.01171875
320.47389101982117,320.47389101982117,NoButton,Move,938.50390625,27.01171875
320.48241090774536,320.48241090774536,NoButton,Move,939.8671875,27.01171875
320.4906449317932,320.4906449317932,NoButton,Move,942.24609375,26.21484375
320.4987208843231,320.4987208843231,NoButton,Move,945.8671875,25.30859375
320.50761890411377,320.50761890411377,NoButton,Move,950.19140625,24.34375
320.516969203949,320.516969203949,NoButton,Move,955.2734375,23.32421875
320.523451089859,320.523451089859,NoButton,Move,964.99609375,20.73046875
320.53360509872437,320.53360509872437,NoButton,Move,972.6953125,18.953125
320.5399992465973,320.5399992465973,NoButton,Move,977.01953125,17.98828125
320.54969000816345,320.54969000816345,NoButton,Move,984.71875,16.80078125
320.55539202690125,320.55539202690125,NoButton,Move,991.48828125,15.671875
320.5668330192566,320.5668330192566,NoButton,Move,994.4609375,15.24609375
320.57211208343506,320.57211208343506,NoButton,Move,999.54296875,14.2265625
320.58287715911865,320.58287715911865,NoButton,Move,1003.1640625,13.7734375
320.5887861251831,320.5887861251831,NoButton,Move,1005.54296875,13.375
320.5992500782013,320.5992500782013,NoButton,Move,1007.38671875,13.375
320.6162340641022,320.6162340641022,Left,Pressed,1007.38671875,13.375
320.6330552101135,320.6330552101135,NoButton,Move,1007.81640625,13.23046875
320.71598410606384,320.71598410606384,Left,Released,1007.81640625,13.23046875
321.4186751842499,321.4186751842499,NoButton,Move,1006.88671875,13.69140625
321.42346692085266,321.42346692085266,NoButton,Move,1003.26171875,15.046875
321.43395590782166,321.43395590782166,NoButton,Move,992.4375,17.75
321.4397962093353,321.4397962093353,NoButton,Move,977.98046875,20.79296875
321.4505581855774,321.4505581855774,NoButton,Move,941.8671875,26.43359375
321.4571192264557,321.4571192264557,NoButton,Move,903.68359375,31.05859375
321.4740011692047,321.4740011692047,NoButton,Move,854.296875,36.25390625
321.4740860462189,321.4740860462189,NoButton,Move,792.26953125,40.578125
321.48075008392334,321.48075008392334,NoButton,Move,727.59765625,43.515625
321.48845887184143,321.48845887184143,NoButton,Move,662.92578125,44.984375
321.49966621398926,321.49966621398926,NoButton,Move,636.28515625,44.984375
321.5048611164093,321.5048611164093,NoButton,Move,586.8984375,46.28125
321.51669001579285,321.51669001579285,NoButton,Move,546.58984375,46.28125
321.5210280418396,321.5210280418396,NoButton,Move,532.1328125,46.28125
321.535049200058,321.535049200058,NoButton,Move,505.4921875,47.265625
321.5376958847046,321.5376958847046,NoButton,Move,497.7890625,47.85546875
321.55276894569397,321.55276894569397,NoButton,Move,482.0078125,48.640625
321.55464482307434,321.55464482307434,NoButton,Move,477.6796875,48.640625
321.5621449947357,321.5621449947357,NoButton,Move,468.9921875,49.2578125
321.5703489780426,321.5703489780426,NoButton,Move,463.90625,49.765625
321.57856607437134,321.57856607437134,NoButton,Move,460.9296875,50.1875
321.5867500305176,321.5867500305176,NoButton,Move,458.546875,50.1875
321.98879408836365,321.98879408836365,NoButton,Move,458.546875,50.8828125
321.9968490600586,321.9968490600586,NoButton,Move,458.546875,52.24609375
322.0050370693207,322.0050370693207,NoButton,Move,458.9140625,54.08984375
322.0164020061493,322.0164020061493,NoButton,Move,459.65234375,55.93359375
322.0210499763489,322.0210499763489,NoButton,Move,460.390625,57.77734375
322.0295729637146,322.0295729637146,NoButton,Move,461.12890625,59.62109375
322.0375509262085,322.0375509262085,NoButton,Move,461.80859375,60.984375
322.04582595825195,322.04582595825195,NoButton,Move,462.48828125,62.34765625
322.05391097068787,322.05391097068787,NoButton,Move,462.828125,63.7109375
322.0620048046112,322.0620048046112,NoButton,Move,463.5078125,65.07421875
322.07019686698914,322.07019686698914,NoButton,Move,464.1328125,66.01171875
322.07829117774963,322.07829117774963,NoButton,Move,464.7578125,66.94921875
322.08671498298645,322.08671498298645,NoButton,Move,465.328125,67.51953125
322.09510111808777,322.09510111808777,NoButton,Move,465.640625,68.45703125
322.1036009788513,322.1036009788513,NoButton,Move,466.2109375,69.02734375
322.11149621009827,322.11149621009827,NoButton,Move,466.78125,69.3125
322.1192669868469,322.1192669868469,NoButton,Move,467.06640625,69.8828125
322.1274690628052,322.1274690628052,NoButton,Move,467.63671875,70.16796875
322.1356840133667,322.1356840133667,NoButton,Move,468.20703125,70.73828125
322.144140958786,322.144140958786,NoButton,Move,468.77734375,71.0234375
322.1524410247803,322.1524410247803,NoButton,Move,470.62109375,71.390625
325.1619529724121,325.1619529724121,NoButton,Move,471.08203125,72.08203125
325.1711359024048,325.1711359024048,NoButton,Move,471.70703125,73.01953125
325.1788170337677,325.1788170337677,NoButton,Move,472.01953125,73.95703125
325.18696212768555,325.18696212768555,NoButton,Move,472.33203125,74.89453125
325.195237159729,325.195237159729,NoButton,Move,472.33203125,75.83203125
325.2033839225769,325.2033839225769,NoButton,Move,472.33203125,77.67578125
325.21194887161255,325.21194887161255,NoButton,Move,471.9609375,79.51953125
325.21998715400696,325.21998715400696,NoButton,Move,470.37109375,81.50390625
325.2286550998688,325.2286550998688,NoButton,Move,468.66796875,84.05078125
325.2365942001343,325.2365942001343,NoButton,Move,465.94921875,86.765625
325.24432706832886,325.24432706832886,NoButton,Move,462.58203125,89.6484375
325.2524688243866,325.2524688243866,NoButton,Move,459.21484375,93.01171875
325.26073598861694,325.26073598861694,NoButton,Move,455.14453125,96.0625
325.2687621116638,325.2687621116638,NoButton,Move,451.07421875,99.11328125
325.27705788612366,325.27705788612366,NoButton,Move,449.2265625,100.21875
325.28537106513977,325.28537106513977,NoButton,Move,446.67578125,102.33984375
325.29358291625977,325.29358291625977,NoButton,Move,444.125,104.0390625
325.30170583724976,325.30170583724976,NoButton,Move,442.13671875,105.625
325.31074500083923,325.31074500083923,NoButton,Move,440.66015625,106.7265625
325.3187689781189,325.3187689781189,NoButton,Move,439.71875,107.3515625
325.32650423049927,325.32650423049927,NoButton,Move,438.77734375,107.6640625
325.33437299728394,325.33437299728394,NoButton,Move,438.515625,107.921875
325.3428280353546,325.3428280353546,NoButton,Move,438.25390625,108.1796875
325.3511562347412,325.3511562347412,NoButton,Move,437.9921875,108.4375
325.6711730957031,325.6711730957031,NoButton,Move,437.9921875,108.203125
325.6866180896759,325.6866180896759,NoButton,Move,437.9921875,107.95703125
325.6953809261322,325.6953809261322,NoButton,Move,437.9921875,107.69921875
325.703577041626,325.703577041626,NoButton,Move,437.9921875,107.125
325.7110450267792,325.7110450267792,NoButton,Move,437.9921875,106.86328125
325.71915197372437,325.71915197372437,NoButton,Move,437.9921875,106.6015625
325.7272720336914,325.7272720336914,NoButton,Move,437.9921875,106.33984375
325.7359530925751,325.7359530925751,NoButton,Move,437.9921875,106.078125
325.7441420555115,325.7441420555115,NoButton,Move,437.9921875,105.81640625
325.7523500919342,325.7523500919342,NoButton,Move,437.9921875,105.5546875
325.7605769634247,325.7605769634247,NoButton,Move,437.9921875,105.29296875
325.77678513526917,325.77678513526917,NoButton,Move,437.9921875,105.046875
325.8020079135895,325.8020079135895,NoButton,Move,437.9921875,104.8046875
325.8596498966217,325.8596498966217,NoButton,Move,437.9921875,104.56640625
326.8747351169586,326.8747351169586,NoButton,Move,437.52734375,104.56640625
326.8822371959686,326.8822371959686,NoButton,Move,436.5859375,103.9375
326.8906979560852,326.8906979560852,NoButton,Move,434.73828125,103.56640625
326.8983619213104,326.8983619213104,NoButton,Move,432.35546875,102.375
326.90697598457336,326.90697598457336,NoButton,Move,428.73046875,101.015625
326.9156160354614,326.9156160354614,NoButton,Move,425.10546875,99.65625
326.92267417907715,326.92267417907715,NoButton,Move,420.77734375,97.73046875
326.9310691356659,326.9310691356659,NoButton,Move,415.69140625,96.203125
326.9390399456024,326.9390399456024,NoButton,Move,410.60546875,94.16796875
326.9479751586914,326.9479751586914,NoButton,Move,404.703125,92.01953125
326.9560730457306,326.9560730457306,NoButton,Move,399.6171875,89.984375
326.96404910087585,326.96404910087585,NoButton,Move,395.2890625,88.05859375
326.9738850593567,326.9738850593567,NoButton,Move,390.9609375,86.61328125
326.98480200767517,326.98480200767517,NoButton,Move,388.578125,85.81640625
326.9884741306305,326.9884741306305,NoButton,Move,385.6015625,84.96484375
326.9965720176697,326.9965720176697,NoButton,Move,381.9765625,83.60546875
327.0053689479828,327.0053689479828,NoButton,Move,379.59375,82.80859375
327.0134289264679,327.0134289264679,NoButton,Move,377.2109375,82.01171875
327.0212290287018,327.0212290287018,NoButton,Move,375.36328125,81.640625
327.02985095977783,327.02985095977783,NoButton,Move,373.99609375,81.296875
327.0377080440521,327.0377080440521,NoButton,Move,372.62890625,80.953125
327.04547905921936,327.04547905921936,NoButton,Move,372.0546875,80.6640625
327.0540452003479,327.0540452003479,NoButton,Move,371.48046875,80.375
327.0621500015259,327.0621500015259,NoButton,Move,371.21875,80.375
327.0700740814209,327.0700740814209,NoButton,Move,370.95703125,80.375
327.08698201179504,327.08698201179504,NoButton,Move,370.95703125,80.12890625
327.1044099330902,327.1044099330902,NoButton,Move,370.95703125,79.8828125
327.119167804718,327.119167804718,NoButton,Move,371.7734375,79.609375
327.1278381347656,327.1278381347656,NoButton,Move,373.13671875,79.609375
327.1364960670471,327.1364960670471,NoButton,Move,375.515625,79.609375
327.1436619758606,327.1436619758606,NoButton,Move,379.13671875,79.609375
327.15172600746155,327.15172600746155,NoButton,Move,385.90625,79.609375
327.1602511405945,327.1602511405945,NoButton,Move,391.8046875,79.609375
327.16832399368286,327.16832399368286,NoButton,Move,399.50390625,79.609375
327.1765830516815,327.1765830516815,NoButton,Move,408.1875,79.609375
327.1848359107971,327.1848359107971,NoButton,Move,417.91015625,79.609375
327.1932120323181,327.1932120323181,NoButton,Move,423.80859375,79.609375
327.20124411582947,327.20124411582947,NoButton,Move,432.4921875,80.84765625
327.20975494384766,327.20975494384766,NoButton,Move,441.17578125,81.46484375
327.21776700019836,327.21776700019836,NoButton,Move,448.875,82.6484375
327.22652888298035,327.22652888298035,NoButton,Move,451.25390625,83.04296875
327.2342109680176,327.2342109680176,NoButton,Move,456.3359375,83.55078125
327.2421410083771,327.2421410083771,NoButton,Move,459.30859375,83.97265625
327.25044298171997,327.25044298171997,NoButton,Move,461.6875,84.3671875
327.25897789001465,327.25897789001465,NoButton,Move,463.05078125,84.70703125
327.26678490638733,327.26678490638733,NoButton,Move,463.98828125,85.01953125
327.27489399909973,327.27489399909973,NoButton,Move,464.24609375,85.01953125
327.2832429409027,327.2832429409027,NoButton,Move,464.50390625,85.01953125
327.29162788391113,327.29162788391113,NoButton,Move,464.76171875,85.01953125
327.2995328903198,327.2995328903198,NoButton,Move,464.76171875,85.27734375
327.31703305244446,327.31703305244446,NoButton,Move,463.61328125,85.27734375
327.3250091075897,327.3250091075897,NoButton,Move,461.765625,85.27734375
327.33262300491333,327.33262300491333,NoButton,Move,460.3984375,85.27734375
327.3406009674072,327.3406009674072,NoButton,Move,456.7734375,85.27734375
327.3481500148773,327.3481500148773,NoButton,Move,454.390625,85.27734375
327.35647988319397,327.35647988319397,NoButton,Move,452.0078125,84.48046875
330.9785671234131,330.9785671234131,NoButton,Move,452.69921875,84.48046875
330.97869396209717,330.97869396209717,NoButton,Move,453.63671875,84.48046875
330.97957706451416,330.97957706451416,NoButton,Move,455.0,84.8203125
330.97962617874146,330.97962617874146,NoButton,Move,456.36328125,85.16015625
330.9796631336212,330.9796631336212,NoButton,Move,458.7421875,86.34765625
330.97969818115234,330.97969818115234,NoButton,Move,460.10546875,86.6875
330.9797329902649,330.9797329902649,NoButton,Move,463.078125,87.9609375
330.9798240661621,330.9798240661621,NoButton,Move,465.45703125,88.75390625
330.979877948761,330.979877948761,NoButton,Move,467.30078125,89.4921875
330.9799120426178,330.9799120426178,NoButton,Move,469.6796875,89.88671875
330.9799461364746,330.9799461364746,NoButton,Move,471.5234375,90.625
330.98003697395325,330.98003697395325,NoButton,Move,473.3671875,90.9921875
330.9873278141022,330.9873278141022,NoButton,Move,475.2109375,91.359375
330.99669909477234,330.99669909477234,NoButton,Move,477.0546875,91.7265625
331.00351905822754,331.00351905822754,NoButton,Move,478.8984375,92.09375
331.01203298568726,331.01203298568726,NoButton,Move,480.26171875,92.43359375
331.0199189186096,331.0199189186096,NoButton,Move,482.10546875,92.43359375
331.02831196784973,331.02831196784973,NoButton,Move,483.46875,92.43359375
331.03661608695984,331.03661608695984,NoButton,Move,484.83203125,92.43359375
331.04450011253357,331.04450011253357,NoButton,Move,486.1953125,92.43359375
331.0529079437256,331.0529079437256,NoButton,Move,487.5546875,92.43359375
331.0610349178314,331.0610349178314,NoButton,Move,488.4921875,92.43359375
331.06928515434265,331.06928515434265,NoButton,Move,489.4296875,92.43359375
331.07749485969543,331.07749485969543,NoButton,Move,490.3671875,92.43359375
331.08559823036194,331.08559823036194,NoButton,Move,490.9375,92.43359375
331.0937969684601,331.0937969684601,NoButton,Move,491.5078125,92.43359375
331.10200905799866,331.10200905799866,NoButton,Move,492.078125,92.43359375
331.1101448535919,331.1101448535919,NoButton,Move,492.3359375,92.43359375
331.11841082572937,331.11841082572937,NoButton,Move,492.59375,92.43359375
331.12667417526245,331.12667417526245,NoButton,Move,492.8515625,92.43359375
331.1347110271454,331.1347110271454,NoButton,Move,493.109375,92.43359375
331.1430151462555,331.1430151462555,NoButton,Move,493.3671875,92.43359375
331.1511609554291,331.1511609554291,NoButton,Move,493.3671875,91.859375
331.1594431400299,331.1594431400299,NoButton,Move,493.3671875,91.59765625
331.1677861213684,331.1677861213684,NoButton,Move,493.625,91.3359375
331.1757390499115,331.1757390499115,NoButton,Move,493.8828125,91.07421875
331.1839830875397,331.1839830875397,NoButton,Move,493.8828125,90.5
331.1926419734955,331.1926419734955,NoButton,Move,494.140625,90.23828125
331.2007169723511,331.2007169723511,NoButton,Move,494.42578125,89.6640625
331.20943093299866,331.20943093299866,NoButton,Move,494.7109375,89.08984375
331.2175409793854,331.2175409793854,NoButton,Move,494.96875,88.828125
331.2255141735077,331.2255141735077,NoButton,Move,495.25390625,88.25390625
331.2338981628418,331.2338981628418,NoButton,Move,495.5390625,87.6796875
331.24242305755615,331.24242305755615,NoButton,Move,496.109375,87.10546875
331.2502188682556,331.2502188682556,NoButton,Move,496.39453125,86.53125
331.25860500335693,331.25860500335693,NoButton,Move,496.96484375,85.95703125
331.2666552066803,331.2666552066803,NoButton,Move,497.22265625,85.6953125
331.2749128341675,331.2749128341675,NoButton,Move,497.79296875,85.12109375
331.283625125885,331.283625125885,NoButton,Move,498.078125,84.546875
331.2912039756775,331.2912039756775,NoButton,Move,498.6484375,83.97265625
331.2993290424347,331.2993290424347,NoButton,Move,498.93359375,83.3984375
331.3073341846466,331.3073341846466,NoButton,Move,499.50390625,82.82421875
331.31580090522766,331.31580090522766,NoButton,Move,499.7890625,82.25
331.32389998435974,331.32389998435974,NoButton,Move,500.359375,81.67578125
331.33212780952454,331.33212780952454,NoButton,Move,500.64453125,81.1015625
331.3403151035309,331.3403151035309,NoButton,Move,500.90234375,80.83984375
331.3482129573822,331.3482129573822,NoButton,Move,501.1875,80.265625
331.35699701309204,331.35699701309204,NoButton,Move,501.4453125,80.00390625
331.36517906188965,331.36517906188965,NoButton,Move,501.703125,79.7421875
331.3745131492615,331.3745131492615,NoButton,Move,501.9609375,79.48046875
331.3952097892761,331.3952097892761,NoButton,Move,501.9609375,79.21875
331.3975570201874,331.3975570201874,NoButton,Move,501.9609375,78.97265625
331.4139838218689,331.4139838218689,NoButton,Move,501.9609375,78.7265625
331.43842697143555,331.43842697143555,NoButton,Move,501.9609375,78.484375
331.4468672275543,331.4468672275543,NoButton,Move,502.24609375,77.91015625
331.4548439979553,331.4548439979553,NoButton,Move,502.24609375,77.6484375
331.4630470275879,331.4630470275879,NoButton,Move,502.53125,77.07421875
331.472293138504,331.472293138504,NoButton,Move,502.84375,76.1328125
331.4827950000763,331.4827950000763,NoButton,Move,503.15625,75.19140625
331.4881911277771,331.4881911277771,NoButton,Move,503.46875,74.25
331.49610686302185,331.49610686302185,NoButton,Move,503.80859375,72.8828125
331.5041809082031,331.5041809082031,NoButton,Move,504.43359375,71.94140625
331.5125501155853,331.5125501155853,NoButton,Move,505.11328125,70.57421875
331.52082800865173,331.52082800865173,NoButton,Move,505.73828125,69.6328125
331.5288269519806,331.5288269519806,NoButton,Move,506.36328125,68.69140625
331.5371220111847,331.5371220111847,NoButton,Move,506.98828125,67.75
331.54529094696045,331.54529094696045,NoButton,Move,507.55859375,67.17578125
331.5526089668274,331.5526089668274,NoButton,Move,507.84375,66.6015625
331.5609362125397,331.5609362125397,NoButton,Move,508.1015625,66.33984375
331.56932497024536,331.56932497024536,NoButton,Move,508.359375,66.078125
331.57749104499817,331.57749104499817,NoButton,Move,508.6171875,65.81640625
331.5856809616089,331.5856809616089,NoButton,Move,508.875,65.5546875
331.59415221214294,331.59415221214294,NoButton,Move,509.1328125,65.5546875
331.6105830669403,331.6105830669403,NoButton,Move,509.1328125,65.30859375
331.6331260204315,331.6331260204315,Left,Pressed,509.1328125,65.30859375
331.71691513061523,331.71691513061523,Left,Released,509.1328125,65.30859375
332.22488498687744,332.22488498687744,NoButton,Move,507.70703125,69.57421875
332.2328040599823,332.2328040599823,NoButton,Move,504.48828125,74.9375
332.2408621311188,332.2408621311188,NoButton,Move,500.92578125,79.00390625
332.24919605255127,332.24919605255127,NoButton,Move,496.6328125,83.29296875
332.2574849128723,332.2574849128723,NoButton,Move,490.98828125,87.2421875
332.2669768333435,332.2669768333435,NoButton,Move,485.62109375,90.45703125
332.2736511230469,332.2736511230469,NoButton,Move,477.91796875,92.82421875
332.2819650173187,332.2819650173187,NoButton,Move,468.19140625,94.765625
332.2904510498047,332.2904510498047,NoButton,Move,448.09765625,97.3828125
332.29805088043213,332.29805088043213,NoButton,Move,423.1796875,98.33984375
332.30645298957825,332.30645298957825,NoButton,Move,394.7578125,98.33984375
332.314346075058,332.314346075058,NoButton,Move,364.5,98.33984375
332.3226010799408,332.3226010799408,NoButton,Move,332.34765625,97.265625
332.33078598976135,332.33078598976135,NoButton,Move,319.15625,95.06640625
332.34025526046753,332.34025526046753,NoButton,Move,295.90234375,92.2734375
332.3498079776764,332.3498079776764,NoButton,Move,287.21484375,91.03125
332.3557929992676,332.3557929992676,NoButton,Move,270.0546875,89.39453125
332.3636100292206,332.3636100292206,NoButton,Move,256.86328125,87.92578125
332.3719861507416,332.3719861507416,NoButton,Move,246.0390625,86.5703125
332.3801670074463,332.3801670074463,NoButton,Move,243.0625,86.5703125
332.38827991485596,332.38827991485596,NoButton,Move,236.2890625,86.00390625
332.3963758945465,332.3963758945465,NoButton,Move,231.9609375,85.51953125
332.40476417541504,332.40476417541504,NoButton,Move,228.984375,85.09375
332.4182171821594,332.4182171821594,NoButton,Move,227.13671875,84.72265625
332.42127203941345,332.42127203941345,NoButton,Move,225.2890625,84.72265625
332.42943501472473,332.42943501472473,NoButton,Move,223.921875,84.37890625
332.43825912475586,332.43825912475586,NoButton,Move,223.34765625,83.8046875
332.4454061985016,332.4454061985016,NoButton,Move,222.40625,83.48828125
332.4541358947754,332.4541358947754,NoButton,Move,221.83203125,82.9140625
332.4620351791382,332.4620351791382,NoButton,Move,221.203125,81.97265625
332.47027802467346,332.47027802467346,NoButton,Move,220.62890625,81.3984375
332.47865200042725,332.47865200042725,NoButton,Move,220.0,80.45703125
332.48689913749695,332.48689913749695,NoButton,Move,218.890625,78.609375
332.49549102783203,332.49549102783203,NoButton,Move,217.78125,77.12890625
332.5034441947937,332.5034441947937,NoButton,Move,216.671875,75.28125
332.51093101501465,332.51093101501465,NoButton,Move,215.08203125,73.29296875
332.5192120075226,332.5192120075226,NoButton,Move,213.4921875,71.3046875
332.52798414230347,332.52798414230347,NoButton,Move,211.3671875,69.1796875
332.5360381603241,332.5360381603241,NoButton,Move,209.37890625,67.58984375
332.5441961288452,332.5441961288452,NoButton,Move,207.25390625,65.46484375
332.5523910522461,332.5523910522461,NoButton,Move,204.87109375,64.2734375
332.56062293052673,332.56062293052673,NoButton,Move,202.48828125,63.08203125
332.56884813308716,332.56884813308716,NoButton,Move,200.640625,62.7109375
332.5768060684204,332.5768060684204,NoButton,Move,198.2578125,61.9140625
332.5846781730652,332.5846781730652,NoButton,Move,196.41015625,61.54296875
332.5938239097595,332.5938239097595,NoButton,Move,194.5703125,61.171875
332.6015501022339,332.6015501022339,NoButton,Move,193.203125,60.828125
332.6095860004425,332.6095860004425,NoButton,Move,191.8359375,60.828125
332.61849212646484,332.61849212646484,NoButton,Move,191.26171875,60.5390625
332.62568497657776,332.62568497657776,NoButton,Move,191.0,60.5390625
332.63425493240356,332.63425493240356,NoButton,Move,190.73828125,60.5390625
332.6424789428711,332.6424789428711,NoButton,Move,190.4765625,60.5390625
332.71655201911926,332.71655201911926,NoButton,Move,190.70703125,60.5390625
332.72488498687744,332.72488498687744,NoButton,Move,191.64453125,60.5390625
332.7347230911255,332.7347230911255,NoButton,Move,192.21484375,60.5390625
332.7408208847046,332.7408208847046,NoButton,Move,192.78515625,60.5390625
332.7485411167145,332.7485411167145,NoButton,Move,193.35546875,60.5390625
332.7572920322418,332.7572920322418,NoButton,Move,193.92578125,60.5390625
332.7648561000824,332.7648561000824,NoButton,Move,194.49609375,60.5390625
332.7728638648987,332.7728638648987,NoButton,Move,194.75390625,60.5390625
332.7808208465576,332.7808208465576,NoButton,Move,195.01171875,60.796875
332.7890238761902,332.7890238761902,NoButton,Move,195.26953125,60.796875
332.7975080013275,332.7975080013275,NoButton,Move,195.52734375,60.796875
332.8056390285492,332.8056390285492,NoButton,Move,195.78515625,60.796875
332.8139328956604,332.8139328956604,NoButton,Move,196.04296875,61.0546875
332.8248109817505,332.8248109817505,NoButton,Move,196.30078125,61.0546875
332.83420515060425,332.83420515060425,NoButton,Move,196.55859375,61.0546875
332.83854818344116,332.83854818344116,NoButton,Move,196.81640625,61.0546875
332.8466000556946,332.8466000556946,NoButton,Move,197.07421875,61.0546875
332.8552749156952,332.8552749156952,NoButton,Move,197.33203125,61.0546875
332.8633439540863,332.8633439540863,NoButton,Move,197.58984375,61.3125
332.87160205841064,332.87160205841064,NoButton,Move,197.84765625,61.3125
332.8796510696411,332.8796510696411,NoButton,Move,198.10546875,61.3125
332.8877329826355,332.8877329826355,NoButton,Move,198.36328125,61.3125
332.9013202190399,332.9013202190399,NoButton,Move,198.93359375,61.3125
332.903883934021,332.903883934021,NoButton,Move,199.50390625,61.3125
332.91230297088623,332.91230297088623,NoButton,Move,200.07421875,61.59765625
332.92044401168823,332.92044401168823,NoButton,Move,200.64453125,61.59765625
332.92883920669556,332.92883920669556,NoButton,Move,201.21484375,61.59765625
332.9370610713959,332.9370610713959,NoButton,Move,201.78515625,61.59765625
332.9454619884491,332.9454619884491,NoButton,Move,202.35546875,61.59765625
332.9536130428314,332.9536130428314,NoButton,Move,202.61328125,61.85546875
332.96178102493286,332.96178102493286,NoButton,Move,202.87109375,61.85546875
332.9700860977173,332.9700860977173,NoButton,Move,203.12890625,61.85546875
332.97829699516296,332.97829699516296,NoButton,Move,203.38671875,61.85546875
332.9867579936981,332.9867579936981,NoButton,Move,203.64453125,61.85546875
332.99478483200073,332.99478483200073,NoButton,Move,203.90234375,61.85546875
333.0034899711609,333.0034899711609,NoButton,Move,204.16015625,61.85546875
333.0190780162811,333.0190780162811,NoButton,Move,204.40234375,61.85546875
333.03524804115295,333.03524804115295,NoButton,Move,204.64453125,61.85546875
333.06036591529846,333.06036591529846,NoButton,Move,204.8828125,61.85546875
333.07740783691406,333.07740783691406,NoButton,Move,205.125,62.09765625
333.0968940258026,333.0968940258026,NoButton,Move,205.3671875,62.09765625
333.1167359352112,333.1167359352112,NoButton,Move,205.60546875,62.09765625
333.12479305267334,333.12479305267334,NoButton,Move,205.86328125,62.09765625
333.1498820781708,333.1498820781708,NoButton,Move,206.1015625,62.09765625
333.1660170555115,333.1660170555115,NoButton,Move,206.34375,62.33984375
333.19958305358887,333.19958305358887,Left,Pressed,206.34375,62.33984375
333.21734499931335,333.21734499931335,NoButton,Move,206.4609375,62.33984375
333.3665130138397,333.3665130138397,Left,Released,206.4609375,62.33984375
334.22244691848755,334.22244691848755,NoButton,Move,206.4609375,63.03125
334.2303111553192,334.2303111553192,NoButton,Move,206.4609375,63.6015625
334.2385730743408,334.2385730743408,NoButton,Move,208.3046875,64.33984375
334.2467579841614,334.2467579841614,NoButton,Move,211.27734375,64.76171875
334.25486397743225,334.25486397743225,NoButton,Move,215.6015625,65.2421875
334.2631690502167,334.2631690502167,NoButton,Move,220.68359375,65.75
334.2712700366974,334.2712700366974,NoButton,Move,227.453125,65.75
334.28331995010376,334.28331995010376,NoButton,Move,240.53125,65.75
334.2885868549347,334.2885868549347,NoButton,Move,259.125,65.75
334.2964310646057,334.2964310646057,NoButton,Move,279.21484375,64.875
334.30502223968506,334.30502223968506,NoButton,Move,304.12890625,61.0390625
334.31306505203247,334.31306505203247,NoButton,Move,330.765625,58.078125
334.3210349082947,334.3210349082947,NoButton,Move,361.01953125,54.9453125
334.32919692993164,334.32919692993164,NoButton,Move,391.19140625,51.8203125
334.3368191719055,334.3368191719055,NoButton,Move,421.4453125,49.73046875
334.3447542190552,334.3447542190552,NoButton,Move,451.69921875,48.68359375
334.3529808521271,334.3529808521271,NoButton,Move,464.88671875,48.68359375
334.36137413978577,334.36137413978577,NoButton,Move,489.80078125,47.72265625
334.36960196495056,334.36960196495056,NoButton,Move,513.05078125,47.72265625
334.37790393829346,334.37790393829346,NoButton,Move,533.140625,47.72265625
334.38594102859497,334.38594102859497,NoButton,Move,551.734375,47.72265625
334.3941171169281,334.3941171169281,NoButton,Move,558.50390625,47.72265625
334.40230798721313,334.40230798721313,NoButton,Move,572.95703125,47.72265625
334.4104359149933,334.4104359149933,NoButton,Move,583.77734375,47.72265625
334.4186978340149,334.4186978340149,NoButton,Move,593.5,47.72265625
334.42731404304504,334.42731404304504,NoButton,Move,601.19921875,47.72265625
334.43635392189026,334.43635392189026,NoButton,Move,603.578125,47.72265625
334.44374799728394,334.44374799728394,NoButton,Move,608.66015625,48.23046875
334.45214200019836,334.45214200019836,NoButton,Move,611.6328125,48.23046875
334.45995688438416,334.45995688438416,NoButton,Move,614.01171875,48.23046875
334.46826696395874,334.46826696395874,NoButton,Move,615.375,48.23046875
334.4765532016754,334.4765532016754,NoButton,Move,616.3125,48.23046875
334.48437905311584,334.48437905311584,NoButton,Move,616.8828125,48.23046875
334.4926288127899,334.4926288127899,NoButton,Move,617.140625,48.23046875
334.50204706192017,334.50204706192017,NoButton,Move,617.3984375,48.23046875
334.50902700424194,334.50902700424194,NoButton,Move,617.65625,48.23046875
334.51719903945923,334.51719903945923,NoButton,Move,617.9140625,48.23046875
334.6075129508972,334.6075129508972,NoButton,Move,617.9140625,48.4609375
334.6155948638916,334.6155948638916,NoButton,Move,617.65234375,48.71875
334.62365198135376,334.62365198135376,NoButton,Move,617.3359375,49.65625
334.6318380832672,334.6318380832672,NoButton,Move,617.01953125,50.59375
334.64004611968994,334.64004611968994,NoButton,Move,616.73046875,51.1640625
334.6481351852417,334.6481351852417,NoButton,Move,616.4140625,52.1015625
334.65628719329834,334.65628719329834,NoButton,Move,616.15234375,52.359375
334.66445994377136,334.66445994377136,NoButton,Move,615.86328125,52.9296875
334.6733741760254,334.6733741760254,NoButton,Move,615.86328125,53.5
334.6836760044098,334.6836760044098,NoButton,Move,615.6015625,53.7578125
334.6889760494232,334.6889760494232,NoButton,Move,615.6015625,54.015625
334.69765996932983,334.69765996932983,NoButton,Move,615.33984375,54.2734375
334.7232120037079,334.7232120037079,NoButton,Move,615.09765625,54.51171875
334.7497260570526,334.7497260570526,Left,Pressed,615.09765625,54.51171875
334.86638879776,334.86638879776,Left,Released,615.09765625,54.51171875
336.19616508483887,336.19616508483887,NoButton,Move,615.79296875,57.0625
336.20475697517395,336.20475697517395,NoButton,Move,616.98046875,59.44140625
336.2121069431305,336.2121069431305,NoButton,Move,618.16796875,61.8203125
336.2211170196533,336.2211170196533,NoButton,Move,619.75390625,63.8046875
336.228492975235,336.228492975235,NoButton,Move,620.859375,65.6484375
336.2365951538086,336.2365951538086,NoButton,Move,622.55859375,68.1953125
336.2446508407593,336.2446508407593,NoButton,Move,623.6640625,70.0390625
336.2528100013733,336.2528100013733,NoButton,Move,625.25,72.0234375
336.26169300079346,336.26169300079346,NoButton,Move,626.9453125,74.5703125
336.2704758644104,336.2704758644104,NoButton,Move,628.53125,76.5546875
336.2776758670807,336.2776758670807,NoButton,Move,630.93359375,80.3984375
336.2858090400696,336.2858090400696,NoButton,Move,632.0390625,82.2421875
336.293977022171,336.293977022171,NoButton,Move,634.30078125,85.41015625
336.30204725265503,336.30204725265503,NoButton,Move,636.421875,87.95703125
336.31024408340454,336.31024408340454,NoButton,Move,638.12109375,90.50390625
336.31857919692993,336.31857919692993,NoButton,Move,639.2265625,92.34765625
336.32702803611755,336.32702803611755,NoButton,Move,640.33203125,94.19140625
336.3351490497589,336.3351490497589,NoButton,Move,640.95703125,95.12890625
336.34338188171387,336.34338188171387,NoButton,Move,641.63671875,96.4921875
336.3514459133148,336.3514459133148,NoButton,Move,642.20703125,97.0625
336.3594238758087,336.3594238758087,NoButton,Move,642.4921875,97.6328125
336.36781001091003,336.36781001091003,NoButton,Move,642.77734375,98.203125
336.3759081363678,336.3759081363678,NoButton,Move,643.03515625,98.4609375
336.38384103775024,336.38384103775024,NoButton,Move,643.03515625,98.71875
336.3922071456909,336.3922071456909,NoButton,Move,643.03515625,98.9765625
336.6212410926819,336.6212410926819,NoButton,Move,643.03515625,98.7421875
336.6381559371948,336.6381559371948,NoButton,Move,643.03515625,98.49609375
336.64703822135925,336.64703822135925,NoButton,Move,643.03515625,98.234375
336.6627712249756,336.6627712249756,NoButton,Move,643.03515625,97.98828125
336.6706049442291,336.6706049442291,NoButton,Move,643.03515625,97.7265625
336.67888498306274,336.67888498306274,NoButton,Move,643.03515625,97.46484375
336.6870539188385,336.6870539188385,NoButton,Move,643.03515625,97.203125
336.69516110420227,336.69516110420227,NoButton,Move,643.03515625,96.94140625
336.70329904556274,336.70329904556274,NoButton,Move,642.7734375,96.6796875
336.71177411079407,336.71177411079407,NoButton,Move,642.7734375,96.41796875
336.720201253891,336.720201253891,NoButton,Move,642.51171875,96.41796875
336.72840213775635,336.72840213775635,NoButton,Move,642.51171875,96.15625
336.73612904548645,336.73612904548645,NoButton,Move,642.51171875,95.89453125
336.74427103996277,336.74427103996277,NoButton,Move,642.51171875,95.6328125
336.752140045166,336.752140045166,NoButton,Move,642.25,95.6328125
336.7686040401459,336.7686040401459,NoButton,Move,642.25,95.38671875
336.8313219547272,336.8313219547272,NoButton,Move,642.25,95.1484375
336.8756341934204,336.8756341934204,NoButton,Move,642.01171875,95.1484375
337.6618411540985,337.6618411540985,NoButton,Move,642.01171875,94.9140625
337.67774510383606,337.67774510383606,NoButton,Move,641.4921875,94.39453125
337.68572998046875,337.68572998046875,NoButton,Move,641.4921875,93.8203125
337.69467091560364,337.69467091560364,NoButton,Move,640.86328125,92.87890625
337.70295119285583,337.70295119285583,NoButton,Move,640.1796875,91.51171875
337.7102198600769,337.7102198600769,NoButton,Move,639.4375,89.6640625
337.7182309627533,337.7182309627533,NoButton,Move,638.6953125,87.81640625
337.72652411460876,337.72652411460876,NoButton,Move,637.50390625,85.43359375
337.73462104797363,337.73462104797363,NoButton,Move,636.2265625,82.45703125
337.7428021430969,337.7428021430969,NoButton,Move,635.3203125,78.83203125
337.75098514556885,337.75098514556885,NoButton,Move,633.875,74.50390625
337.75912594795227,337.75912594795227,NoButton,Move,632.4296875,70.17578125
337.7673499584198,337.7673499584198,NoButton,Move,630.984375,65.84765625
337.7760601043701,337.7760601043701,NoButton,Move,629.96484375,60.76171875
337.78398513793945,337.78398513793945,NoButton,Move,628.4375,55.67578125
337.7923948764801,337.7923948764801,NoButton,Move,627.421875,50.60546875
337.80034494400024,337.80034494400024,NoButton,Move,626.40234375,45.51953125
337.80849289894104,337.80849289894104,NoButton,Move,624.95703125,41.19140625
337.817684173584,337.817684173584,NoButton,Move,623.9921875,36.86328125
337.8258469104767,337.8258469104767,NoButton,Move,622.97265625,31.77734375
337.8334171772003,337.8334171772003,NoButton,Move,622.0078125,27.44921875
337.84161615371704,337.84161615371704,NoButton,Move,620.6484375,23.82421875
338.07938504219055,338.07938504219055,NoButton,Move,620.6484375,24.7578125
338.08722019195557,338.08722019195557,NoButton,Move,621.49609375,27.73046875
338.0953600406647,338.0953600406647,NoButton,Move,624.546875,32.3046875
338.1035671234131,338.1035671234131,NoButton,Move,628.49609375,37.9453125
338.1114580631256,338.1114580631256,NoButton,Move,632.640625,45.05078125
338.119756937027,338.119756937027,NoButton,Move,637.37890625,51.56640625
338.1275930404663,338.1275930404663,NoButton,Move,642.9609375,58.390625
338.1354479789734,338.1354479789734,NoButton,Move,652.42578125,71.01171875
338.1438088417053,338.1438088417053,NoButton,Move,671.203125,95.0078125
338.15207386016846,338.15207386016846,NoButton,Move,677.03515625,102.78515625
338.1601791381836,338.1601791381836,NoButton,Move,688.8671875,118.0
338.16858196258545,338.16858196258545,NoButton,Move,701.53125,132.35546875
338.1769309043884,338.1769309043884,NoButton,Move,713.36328125,146.72265625
338.19265508651733,338.19265508651733,NoButton,Move,723.6171875,159.34375
338.1927719116211,338.1927719116211,NoButton,Move,733.87109375,171.96484375
338.2013349533081,338.2013349533081,NoButton,Move,738.3828125,177.60546875
338.20926308631897,338.20926308631897,NoButton,Move,746.1328125,186.76171875
338.21754693984985,338.21754693984985,NoButton,Move,753.8828125,195.91796875
338.5556409358978,338.5556409358978,NoButton,Move,755.296875,197.33203125
338.56184101104736,338.56184101104736,NoButton,Move,759.80859375,202.41015625
338.57147312164307,338.57147312164307,NoButton,Move,766.01171875,208.61328125
338.57837414741516,338.57837414741516,NoButton,Move,771.59375,215.4375
338.58605790138245,338.58605790138245,NoButton,Move,778.72265625,222.56640625
338.59546995162964,338.59546995162964,NoButton,Move,792.078125,235.921875
338.6031370162964,338.6031370162964,NoButton,Move,806.50390625,252.15234375
338.6109359264374,338.6109359264374,NoButton,Move,813.94140625,260.26953125
338.6201410293579,338.6201410293579,NoButton,Move,827.9140625,275.1171875
338.6284670829773,338.6284670829773,NoButton,Move,840.16796875,288.1875
338.6352450847626,338.6352450847626,NoButton,Move,845.49609375,294.109375
338.64338397979736,338.64338397979736,NoButton,Move,854.625,305.51953125
338.6514070034027,338.6514070034027,NoButton,Move,861.38671875,314.3125
338.6594741344452,338.6594741344452,NoButton,Move,867.21875,322.08984375
338.66771388053894,338.66771388053894,NoButton,Move,871.16796875,327.73046875
338.6758871078491,338.6758871078491,NoButton,Move,872.35546875,330.109375
338.68421697616577,338.68421697616577,NoButton,Move,874.89453125,334.68359375
338.6931428909302,338.6931428909302,NoButton,Move,876.703125,337.8515625
338.7006719112396,338.7006719112396,NoButton,Move,877.55078125,340.82421875
338.70885491371155,338.70885491371155,NoButton,Move,878.34375,343.203125
338.71703696250916,338.71703696250916,NoButton,Move,878.7109375,345.046875
338.7255289554596,338.7255289554596,NoButton,Move,878.7109375,346.41015625
338.73371410369873,338.73371410369873,NoButton,Move,878.7109375,347.7734375
338.7417449951172,338.7417449951172,NoButton,Move,878.7109375,349.13671875
338.7499089241028,338.7499089241028,NoButton,Move,878.7109375,350.07421875
338.758358001709,338.758358001709,NoButton,Move,878.421875,350.64453125
338.76681208610535,338.76681208610535,NoButton,Move,877.48046875,351.26953125
338.77473497390747,338.77473497390747,NoButton,Move,875.6328125,352.0078125
339.5448191165924,339.5448191165924,NoButton,Move,873.765625,350.60546875
339.55353307724,339.55353307724,NoButton,Move,867.83984375,345.2734375
339.5613729953766,339.5613729953766,NoButton,Move,849.62890625,328.0234375
339.5687220096588,339.5687220096588,NoButton,Move,826.05078125,305.515625
339.57661724090576,339.57661724090576,NoButton,Move,796.4140625,277.0625
339.58478307724,339.58478307724,NoButton,Move,759.22265625,239.87109375
339.5933029651642,339.5933029651642,NoButton,Move,716.796875,197.4453125
339.60140109062195,339.60140109062195,NoButton,Move,674.37109375,155.01953125
339.6094539165497,339.6094539165497,NoButton,Move,630.53125,114.0078125
339.61755108833313,339.61755108833313,NoButton,Move,614.296875,98.67578125
339.6259219646454,339.6259219646454,NoButton,Move,581.9921875,67.61328125
339.63392400741577,339.63392400741577,NoButton,Move,570.578125,57.72265625
339.64298701286316,339.64298701286316,NoButton,Move,562.45703125,50.28125
339.6504969596863,339.6504969596863,NoButton,Move,546.22265625,35.8515625
339.6592071056366,339.6592071056366,NoButton,Move,541.64453125,32.796875
339.6675980091095,339.6675980091095,NoButton,Move,533.21484375,26.9609375
339.67599296569824,339.67599296569824,NoButton,Move,526.6953125,22.8125
339.8967561721802,339.8967561721802,NoButton,Move,526.92578125,22.8125
339.90477204322815,339.90477204322815,NoButton,Move,529.3046875,24.0
339.9129910469055,339.9129910469055,NoButton,Move,531.8515625,26.12109375
339.9210169315338,339.9210169315338,NoButton,Move,535.01953125,28.3828125
339.93541288375854,339.93541288375854,NoButton,Move,539.06640625,31.92578125
339.9380478858948,339.9380478858948,NoButton,Move,543.1328125,35.484375
339.94642400741577,339.94642400741577,NoButton,Move,548.2109375,39.99609375
339.9534740447998,339.9534740447998,NoButton,Move,552.5,44.28515625
339.96130299568176,339.96130299568176,NoButton,Move,557.01171875,49.36328125
339.9696080684662,339.9696080684662,NoButton,Move,564.76171875,58.51953125
339.9781000614166,339.9781000614166,NoButton,Move,567.8125,62.5859375
339.9868929386139,339.9868929386139,NoButton,Move,580.48828125,76.953125
339.9948000907898,339.9948000907898,NoButton,Move,583.02734375,81.52734375
340.0024847984314,340.0024847984314,NoButton,Move,589.5078125,89.3046875
340.01077008247375,340.01077008247375,NoButton,Move,594.46875,96.74609375
340.01899099349976,340.01899099349976,NoButton,Move,597.8515625,102.953125
340.0273509025574,340.0273509025574,NoButton,Move,601.06640625,108.31640625
340.03564715385437,340.03564715385437,NoButton,Move,602.5078125,112.640625
340.28448700904846,340.28448700904846,NoButton,Move,602.5078125,112.87109375
340.2896361351013,340.2896361351013,NoButton,Move,602.5078125,113.80859375
340.2976999282837,340.2976999282837,NoButton,Move,602.5078125,115.171875
340.3056049346924,340.3056049346924,NoButton,Move,603.1875,116.53515625
340.3145110607147,340.3145110607147,NoButton,Move,603.8671875,117.8984375
340.3235580921173,340.3235580921173,NoButton,Move,604.20703125,119.26171875
340.33355617523193,340.33355617523193,NoButton,Move,604.51953125,120.19921875
340.338485956192,340.338485956192,NoButton,Move,605.2578125,122.04296875
340.3468780517578,340.3468780517578,NoButton,Move,605.99609375,123.88671875
340.3547170162201,340.3547170162201,NoButton,Move,606.3359375,125.25
340.36313796043396,340.36313796043396,NoButton,Move,606.703125,127.09375
340.3718318939209,340.3718318939209,NoButton,Move,607.015625,128.03125
340.38346791267395,340.38346791267395,NoButton,Move,607.35546875,129.39453125
340.38830304145813,340.38830304145813,NoButton,Move,607.66796875,130.33203125
340.39595317840576,340.39595317840576,NoButton,Move,607.66796875,131.26953125
340.40463304519653,340.40463304519653,NoButton,Move,607.66796875,131.83984375
340.41257905960083,340.41257905960083,NoButton,Move,607.66796875,132.09765625
340.42170310020447,340.42170310020447,NoButton,Move,607.66796875,132.66796875
340.4289650917053,340.4289650917053,NoButton,Move,607.66796875,132.92578125
340.43725204467773,340.43725204467773,NoButton,Move,607.66796875,133.18359375
340.49473309516907,340.49473309516907,NoButton,Move,607.66796875,132.9453125
340.5027129650116,340.5027129650116,NoButton,Move,607.66796875,132.37109375
340.5106711387634,340.5106711387634,NoButton,Move,607.66796875,131.4296875
340.518758058548,340.518758058548,NoButton,Move,607.32421875,130.0625
340.5269980430603,340.5269980430603,NoButton,Move,606.6953125,129.12109375
341.1158308982849,341.1158308982849,NoButton,Move,606.6953125,128.65625
341.1239478588104,341.1239478588104,NoButton,Move,606.3515625,127.2890625
341.1322212219238,341.1322212219238,NoButton,Move,605.2421875,125.44140625
341.1403648853302,341.1403648853302,NoButton,Move,604.05078125,123.05859375
341.1486051082611,341.1486051082611,NoButton,Move,601.92578125,120.5078125
341.15674591064453,341.15674591064453,NoButton,Move,600.22265625,117.95703125
341.16485691070557,341.16485691070557,NoButton,Move,598.09765625,115.40625
341.1732430458069,341.1732430458069,NoButton,Move,596.98828125,113.92578125
341.1814229488373,341.1814229488373,NoButton,Move,595.3984375,111.9375
341.18997502326965,341.18997502326965,NoButton,Move,593.2734375,109.8125
341.1979420185089,341.1979420185089,NoButton,Move,592.1640625,108.33203125
341.2061998844147,341.2061998844147,NoButton,Move,590.68359375,106.8515625
341.21460914611816,341.21460914611816,NoButton,Move,589.65625,105.82421875
341.2237889766693,341.2237889766693,NoButton,Move,589.02734375,104.8828125
341.2343440055847,341.2343440055847,NoButton,Move,588.0859375,104.25390625
341.2390570640564,341.2390570640564,NoButton,Move,587.796875,103.6796875
341.2474310398102,341.2474310398102,NoButton,Move,587.22265625,103.390625
341.25567293167114,341.25567293167114,NoButton,Move,586.93359375,102.81640625
341.26369309425354,341.26369309425354,NoButton,Move,586.359375,102.2421875
341.27233600616455,341.27233600616455,NoButton,Move,586.09765625,101.98046875
341.28014397621155,341.28014397621155,NoButton,Move,585.80859375,101.40625
341.28812623023987,341.28812623023987,NoButton,Move,585.1796875,100.46484375
341.3005118370056,341.3005118370056,NoButton,Move,584.890625,99.890625
341.3051691055298,341.3051691055298,NoButton,Move,584.57421875,98.94921875
341.31302309036255,341.31302309036255,NoButton,Move,583.890625,97.58203125
341.3216600418091,341.3216600418091,NoButton,Move,583.57421875,96.640625
341.32925605773926,341.32925605773926,NoButton,Move,582.890625,95.2734375
341.33836793899536,341.33836793899536,NoButton,Move,582.546875,93.90625
341.3460121154785,341.3460121154785,NoButton,Move,581.86328125,92.5390625
341.3550570011139,341.3550570011139,NoButton,Move,581.51953125,91.171875
341.362056016922,341.362056016922,NoButton,Move,581.17578125,89.8046875
341.3700342178345,341.3700342178345,NoButton,Move,580.83203125,88.4375
341.3788321018219,341.3788321018219,NoButton,Move,580.48828125,87.0703125
341.38696098327637,341.38696098327637,NoButton,Move,579.859375,86.12890625
341.39513897895813,341.39513897895813,NoButton,Move,579.54296875,85.1875
341.4030270576477,341.4030270576477,NoButton,Move,579.54296875,84.24609375
341.41169023513794,341.41169023513794,NoButton,Move,579.25390625,83.671875
341.41962695121765,341.41962695121765,NoButton,Move,578.96484375,83.09765625
341.42798614501953,341.42798614501953,NoButton,Move,578.67578125,82.5234375
341.4362790584564,341.4362790584564,NoButton,Move,578.4140625,82.26171875
341.4458210468292,341.4458210468292,NoButton,Move,578.125,81.6875
341.4523968696594,341.4523968696594,NoButton,Move,577.86328125,81.42578125
341.46021914482117,341.46021914482117,NoButton,Move,577.57421875,80.8515625
341.4685878753662,341.4685878753662,NoButton,Move,577.28515625,80.27734375
341.47705006599426,341.47705006599426,NoButton,Move,577.0234375,80.015625
341.4868268966675,341.4868268966675,NoButton,Move,576.39453125,79.07421875
341.4933090209961,341.4933090209961,NoButton,Move,576.10546875,78.5
341.50116896629333,341.50116896629333,NoButton,Move,575.53125,77.92578125
341.50934505462646,341.50934505462646,NoButton,Move,574.90234375,76.984375
341.51754212379456,341.51754212379456,NoButton,Move,574.5859375,76.04296875
341.52563405036926,341.52563405036926,NoButton,Move,574.01171875,75.46875
341.53410506248474,341.53410506248474,NoButton,Move,573.328125,74.1015625
341.5421259403229,341.5421259403229,NoButton,Move,573.01171875,73.16015625
341.5501821041107,341.5501821041107,NoButton,Move,572.4375,72.5859375
341.5581998825073,341.5581998825073,NoButton,Move,572.12109375,71.64453125
341.5664448738098,341.5664448738098,NoButton,Move,571.8046875,70.703125
341.57491302490234,341.57491302490234,NoButton,Move,571.23046875,70.12890625
341.583615064621,341.583615064621,NoButton,Move,570.94140625,69.5546875
341.5912091732025,341.5912091732025,NoButton,Move,570.94140625,69.29296875
341.59991788864136,341.59991788864136,NoButton,Move,570.65234375,68.71875
341.6076741218567,341.6076741218567,NoButton,Move,570.390625,68.45703125
341.6241970062256,341.6241970062256,NoButton,Move,570.14453125,68.2109375
341.649533033371,341.649533033371,NoButton,Move,569.90234375,68.2109375
341.65696716308594,341.65696716308594,NoButton,Move,569.90234375,67.94921875
341.6833231449127,341.6833231449127,Left,Pressed,569.90234375,67.94921875
341.7838170528412,341.7838170528412,Left,Released,569.90234375,67.94921875
342.86935806274414,342.86935806274414,NoButton,Move,569.20703125,67.94921875
342.8769950866699,342.8769950866699,NoButton,Move,567.83984375,67.94921875
342.8853189945221,342.8853189945221,NoButton,Move,566.47265625,67.94921875
342.89395809173584,342.89395809173584,NoButton,Move,564.08984375,67.94921875
342.90162086486816,342.90162086486816,NoButton,Move,561.11328125,67.5234375
342.9098629951477,342.9098629951477,NoButton,Move,558.13671875,67.09765625
342.917711019516,342.917711019516,NoButton,Move,554.51171875,66.64453125
342.92601799964905,342.92601799964905,NoButton,Move,551.53515625,66.21875
342.9340908527374,342.9340908527374,NoButton,Move,550.16796875,66.21875
342.9421968460083,342.9421968460083,NoButton,Move,547.19140625,65.79296875
342.9502718448639,342.9502718448639,NoButton,Move,544.80859375,65.39453125
342.9586138725281,342.9586138725281,NoButton,Move,542.9609375,65.39453125
342.9671289920807,342.9671289920807,NoButton,Move,541.59375,65.39453125
342.9753351211548,342.9753351211548,NoButton,Move,540.2265625,65.39453125
342.98382902145386,342.98382902145386,NoButton,Move,539.2890625,65.08203125
342.99145793914795,342.99145793914795,NoButton,Move,538.34765625,65.08203125
342.9998700618744,342.9998700618744,NoButton,Move,537.7734375,65.08203125
343.0084140300751,343.0084140300751,NoButton,Move,537.19921875,65.08203125
343.0161590576172,343.0161590576172,NoButton,Move,536.9375,65.08203125
343.02390813827515,343.02390813827515,NoButton,Move,536.67578125,65.08203125
343.03234100341797,343.03234100341797,NoButton,Move,536.4140625,65.08203125
343.0581200122833,343.0581200122833,NoButton,Move,536.171875,65.08203125
343.34393310546875,343.34393310546875,NoButton,Move,536.171875,64.6171875
343.4097650051117,343.4097650051117,NoButton,Move,536.171875,64.3828125
345.9725480079651,345.9725480079651,NoButton,Move,536.86328125,64.3828125
345.9726719856262,345.9726719856262,NoButton,Move,543.37890625,68.52734375
345.9780719280243,345.9780719280243,NoButton,Move,549.890625,72.671875
345.9861550331116,345.9861550331116,NoButton,Move,556.99609375,76.81640625
345.9943211078644,345.9943211078644,NoButton,Move,563.51171875,81.5546875
346.00255393981934,346.00255393981934,NoButton,Move,570.6171875,85.69921875
346.01088094711304,346.01088094711304,NoButton,Move,578.05859375,90.66015625
346.0190188884735,346.0190188884735,NoButton,Move,584.5703125,95.39453125
346.0270371437073,346.0270371437073,NoButton,Move,592.01171875,100.35546875
346.0354070663452,346.0354070663452,NoButton,Move,605.421875,109.03125
346.04332304000854,346.04332304000854,NoButton,Move,617.59375,117.3984375
346.05178904533386,346.05178904533386,NoButton,Move,622.15234375,120.4375
346.0598680973053,346.0598680973053,NoButton,Move,633.140625,127.76171875
346.0681529045105,346.0681529045105,NoButton,Move,641.56640625,132.9453125
346.0762209892273,346.0762209892273,NoButton,Move,649.0078125,137.90625
346.0844819545746,346.0844819545746,NoButton,Move,655.5234375,142.64453125
346.0926740169525,346.0926740169525,NoButton,Move,657.90234375,143.83203125
346.1009440422058,346.1009440422058,NoButton,Move,661.96875,146.8828125
346.10907196998596,346.10907196998596,NoButton,Move,665.13671875,148.69140625
346.1172640323639,346.1172640323639,NoButton,Move,666.61328125,149.796875
346.1255671977997,346.1255671977997,NoButton,Move,668.08984375,150.90234375
346.13379287719727,346.13379287719727,NoButton,Move,669.02734375,151.21484375
346.14176988601685,346.14176988601685,NoButton,Move,669.28515625,151.47265625
346.1500689983368,346.1500689983368,NoButton,Move,669.54296875,151.73046875
346.1583981513977,346.1583981513977,NoButton,Move,669.80078125,151.98828125
346.2250511646271,346.2250511646271,NoButton,Move,670.03125,151.98828125
346.233362197876,346.233362197876,NoButton,Move,670.28515625,151.98828125
346.24130606651306,346.24130606651306,NoButton,Move,671.22265625,151.359375
346.2491629123688,346.2491629123688,NoButton,Move,673.06640625,150.25
346.2574019432068,346.2574019432068,NoButton,Move,676.91015625,147.84375
346.266154050827,346.266154050827,NoButton,Move,682.2734375,145.16015625
346.2738790512085,346.2738790512085,NoButton,Move,689.37890625,141.60546875
346.2812168598175,346.2812168598175,NoButton,Move,699.9453125,135.96875
346.2899239063263,346.2899239063263,NoButton,Move,712.3984375,130.10546875
346.29802203178406,346.29802203178406,NoButton,Move,736.35546875,120.51953125
346.307030916214,346.307030916214,NoButton,Move,755.5703125,112.65625
346.315966129303,346.315966129303,NoButton,Move,774.78515625,104.79296875
351.5793550014496,351.5793550014496,NoButton,Move,773.16796875,105.484375
351.5874879360199,351.5874879360199,NoButton,Move,768.08203125,107.0078125
351.5953869819641,351.5953869819641,NoButton,Move,756.1015625,108.4140625
351.6036241054535,351.6036241054535,NoButton,Move,740.3203125,108.4140625
351.61230993270874,351.61230993270874,NoButton,Move,718.67578125,106.609375
351.6201808452606,351.6201808452606,NoButton,Move,694.71484375,97.984375
351.6278991699219,351.6278991699219,NoButton,Move,665.5,87.55078125
351.63629722595215,351.63629722595215,NoButton,Move,637.328125,76.07421875
351.6444761753082,351.6444761753082,NoButton,Move,624.87109375,70.9453125
351.65263986587524,351.65263986587524,NoButton,Move,601.87109375,60.40234375
351.6608040332794,351.6608040332794,NoButton,Move,594.16796875,57.4375
351.6693961620331,351.6693961620331,NoButton,Move,579.17578125,51.125
351.6775279045105,351.6775279045105,NoButton,Move,574.84765625,49.19921875
351.68541407585144,351.68541407585144,NoButton,Move,566.16015625,46.09375
351.6945881843567,351.6945881843567,NoButton,Move,559.07421875,43.140625
351.7027151584625,351.7027151584625,NoButton,Move,553.98828125,41.61328125
351.7099940776825,351.7099940776825,NoButton,Move,551.01171875,40.76171875
351.7179250717163,351.7179250717163,NoButton,Move,548.62890625,40.36328125
351.7257790565491,351.7257790565491,NoButton,Move,546.24609375,39.96484375
351.7339849472046,351.7339849472046,NoButton,Move,544.87890625,39.62109375
351.74251103401184,351.74251103401184,NoButton,Move,543.51171875,39.27734375
351.7510061264038,351.7510061264038,NoButton,Move,542.14453125,39.27734375
351.7590260505676,351.7590260505676,NoButton,Move,540.77734375,38.93359375
351.7672071456909,351.7672071456909,NoButton,Move,539.41015625,38.93359375
351.77574396133423,351.77574396133423,NoButton,Move,538.04296875,38.93359375
351.7835428714752,351.7835428714752,NoButton,Move,536.1953125,38.93359375
351.7923650741577,351.7923650741577,NoButton,Move,534.34765625,38.93359375
351.80003118515015,351.80003118515015,NoButton,Move,532.98046875,38.93359375
351.80853605270386,351.80853605270386,NoButton,Move,532.0390625,38.93359375
351.8164300918579,351.8164300918579,NoButton,Move,531.09765625,39.24609375
351.8258888721466,351.8258888721466,NoButton,Move,530.0703125,40.26953125
351.83299708366394,351.83299708366394,NoButton,Move,529.49609375,40.83984375
351.8418700695038,351.8418700695038,NoButton,Move,528.8125,42.203125
351.8492500782013,351.8492500782013,NoButton,Move,528.49609375,43.140625
351.85763120651245,351.85763120651245,NoButton,Move,527.8125,44.50390625
351.8658061027527,351.8658061027527,NoButton,Move,527.46875,45.8671875
351.87439823150635,351.87439823150635,NoButton,Move,526.78515625,47.23046875
351.88312697410583,351.88312697410583,NoButton,Move,526.1015625,48.59375
351.89086294174194,351.89086294174194,NoButton,Move,524.9921875,50.0703125
351.89909505844116,351.89909505844116,NoButton,Move,524.36328125,51.0078125
351.9072279930115,351.9072279930115,NoButton,Move,523.3359375,52.03125
351.91569089889526,351.91569089889526,NoButton,Move,521.96875,52.7109375
351.9230270385742,351.9230270385742,NoButton,Move,520.94140625,53.734375
351.93248987197876,351.93248987197876,NoButton,Move,519.57421875,54.4140625
351.94028520584106,351.94028520584106,NoButton,Move,518.6328125,55.0390625
351.9500300884247,351.9500300884247,NoButton,Move,517.265625,55.37890625
351.95602798461914,351.95602798461914,NoButton,Move,515.8984375,55.71875
351.96643590927124,351.96643590927124,NoButton,Move,514.05078125,56.0859375
351.9719741344452,351.9719741344452,NoButton,Move,512.68359375,56.42578125
351.9826982021332,351.9826982021332,NoButton,Move,510.8359375,56.79296875
351.9883191585541,351.9883191585541,NoButton,Move,509.46875,57.1328125
351.99936294555664,351.99936294555664,NoButton,Move,507.62109375,57.5
352.00621795654297,352.00621795654297,NoButton,Move,506.25390625,57.83984375
352.0172960758209,352.0172960758209,NoButton,Move,505.3125,57.83984375
352.0214960575104,352.0214960575104,NoButton,Move,504.37109375,58.15234375
352.032842874527,352.032842874527,NoButton,Move,503.796875,58.15234375
352.0379559993744,352.0379559993744,NoButton,Move,503.53515625,58.15234375
352.0457320213318,352.0457320213318,NoButton,Move,503.2734375,58.41015625
352.0537979602814,352.0537979602814,NoButton,Move,503.01171875,58.41015625
352.0787591934204,352.0787591934204,NoButton,Move,503.01171875,58.6484375
352.1201708316803,352.1201708316803,NoButton,Move,503.01171875,58.8828125
352.13640689849854,352.13640689849854,NoButton,Move,503.25390625,58.8828125
352.1440632343292,352.1440632343292,NoButton,Move,503.51171875,59.140625
352.1522469520569,352.1522469520569,NoButton,Move,503.76953125,59.3984375
352.1603491306305,352.1603491306305,NoButton,Move,504.33984375,59.68359375
352.168585062027,352.168585062027,NoButton,Move,504.91015625,59.96875
352.1793529987335,352.1793529987335,NoButton,Move,505.48046875,60.25390625
352.18621706962585,352.18621706962585,NoButton,Move,505.73828125,60.51171875
352.19319200515747,352.19319200515747,NoButton,Move,505.99609375,60.76953125
352.2016260623932,352.2016260623932,NoButton,Move,506.56640625,61.0546875
352.2102839946747,352.2102839946747,NoButton,Move,506.82421875,61.0546875
352.2178301811218,352.2178301811218,NoButton,Move,507.08203125,61.3125
352.22585582733154,352.22585582733154,NoButton,Move,507.33984375,61.3125
352.23375511169434,352.23375511169434,NoButton,Move,507.59765625,61.3125
352.2423470020294,352.2423470020294,NoButton,Move,507.85546875,61.3125
352.2583689689636,352.2583689689636,NoButton,Move,508.09765625,61.5546875
352.2749111652374,352.2749111652374,NoButton,Move,508.33984375,61.5546875
352.2841680049896,352.2841680049896,NoButton,Move,508.59765625,61.5546875
352.29155111312866,352.29155111312866,NoButton,Move,508.85546875,61.5546875
352.29956221580505,352.29956221580505,NoButton,Move,509.11328125,61.5546875
352.30772399902344,352.30772399902344,NoButton,Move,509.37109375,61.5546875
352.32416701316833,352.32416701316833,NoButton,Move,509.61328125,61.5546875
352.33255910873413,352.33255910873413,NoButton,Move,509.87109375,61.5546875
352.34049916267395,352.34049916267395,NoButton,Move,510.12890625,61.5546875
352.362478017807,352.362478017807,NoButton,Move,510.38671875,61.5546875
352.36282896995544,352.36282896995544,NoButton,Move,510.64453125,61.5546875
352.3648600578308,352.3648600578308,NoButton,Move,510.90234375,61.5546875
352.38266110420227,352.38266110420227,Left,Pressed,510.90234375,61.5546875
352.3994872570038,352.3994872570038,NoButton,Move,511.0234375,61.5546875
352.51661705970764,352.51661705970764,Left,Released,511.0234375,61.5546875
352.5533411502838,352.5533411502838,NoButton,Move,511.48828125,62.01953125
352.56130504608154,352.56130504608154,NoButton,Move,514.65625,64.28125
352.56935596466064,352.56935596466064,NoButton,Move,524.125,69.69140625
352.5779039859772,352.5779039859772,NoButton,Move,528.44921875,71.61328125
352.5860650539398,352.5860650539398,NoButton,Move,548.28515625,80.62890625
352.5943489074707,352.5943489074707,NoButton,Move,564.625,87.98046875
352.6029999256134,352.6029999256134,NoButton,Move,585.36328125,96.09375
352.6108000278473,352.6108000278473,NoButton,Move,609.3203125,103.7578125
352.6187198162079,352.6187198162079,NoButton,Move,633.27734375,111.421875
352.62707018852234,352.62707018852234,NoButton,Move,659.9140625,117.33984375
352.6352801322937,352.6352801322937,NoButton,Move,686.55078125,122.26953125
353.2664430141449,353.2664430141449,NoButton,Move,687.01171875,122.26953125
353.27453088760376,353.27453088760376,NoButton,Move,687.58203125,121.6953125
353.2825162410736,353.2825162410736,NoButton,Move,688.6875,120.21484375
353.29044914245605,353.29044914245605,NoButton,Move,689.48046875,117.83203125
353.29906606674194,353.29906606674194,NoButton,Move,689.90234375,114.85546875
353.3064069747925,353.3064069747925,NoButton,Move,689.90234375,111.87890625
353.3143231868744,353.3143231868744,NoButton,Move,689.90234375,107.55078125
353.32287096977234,353.32287096977234,NoButton,Move,689.90234375,103.22265625
353.33104705810547,353.33104705810547,NoButton,Move,686.84765625,98.64453125
353.33937096595764,353.33937096595764,NoButton,Move,683.79296875,94.06640625
353.3474349975586,353.3474349975586,NoButton,Move,679.72265625,90.50390625
353.355593919754,353.355593919754,NoButton,Move,674.89453125,86.74609375
353.36374402046204,353.36374402046204,NoButton,Move,669.52734375,84.0625
353.37319588661194,353.37319588661194,NoButton,Move,665.19921875,82.13671875
353.3829810619354,353.3829810619354,NoButton,Move,660.11328125,81.1171875
353.388423204422,353.388423204422,NoButton,Move,655.78515625,80.15234375
353.39680099487305,353.39680099487305,NoButton,Move,653.9375,79.78125
353.40492010116577,353.40492010116577,NoButton,Move,650.3125,79.328125
353.4131119251251,353.4131119251251,NoButton,Move,647.3359375,79.328125
353.42116498947144,353.42116498947144,NoButton,Move,644.359375,78.90234375
353.42981123924255,353.42981123924255,NoButton,Move,641.9765625,78.90234375
353.43807101249695,353.43807101249695,NoButton,Move,640.12890625,78.90234375
353.4486680030823,353.4486680030823,NoButton,Move,638.28125,78.90234375
353.4549071788788,353.4549071788788,NoButton,Move,636.9140625,78.90234375
353.4620819091797,353.4620819091797,NoButton,Move,635.97265625,78.90234375
353.4706962108612,353.4706962108612,NoButton,Move,635.03125,78.90234375
353.4789369106293,353.4789369106293,NoButton,Move,634.45703125,78.90234375
353.4870340824127,353.4870340824127,NoButton,Move,633.8828125,78.61328125
353.4951379299164,353.4951379299164,NoButton,Move,633.62109375,78.61328125
353.5032811164856,353.5032811164856,NoButton,Move,633.359375,78.61328125
353.51180624961853,353.51180624961853,NoButton,Move,633.09765625,78.3515625
353.5225691795349,353.5225691795349,NoButton,Move,632.8359375,78.3515625
353.52861309051514,353.52861309051514,NoButton,Move,632.8359375,78.08984375
353.5370788574219,353.5370788574219,NoButton,Move,632.57421875,77.828125
353.54483795166016,353.54483795166016,NoButton,Move,632.3125,77.56640625
353.5521020889282,353.5521020889282,NoButton,Move,632.3125,77.3046875
353.5604450702667,353.5604450702667,NoButton,Move,632.0234375,76.73046875
353.5826630592346,353.5826630592346,Left,Pressed,632.0234375,76.73046875
353.6002941131592,353.6002941131592,NoButton,Move,631.88671875,76.4609375
353.7165470123291,353.7165470123291,Left,Released,631.88671875,76.4609375
353.87210297584534,353.87210297584534,NoButton,Move,631.88671875,76.2265625
353.8798580169678,353.8798580169678,NoButton,Move,631.88671875,75.65234375
353.8880319595337,353.8880319595337,NoButton,Move,631.88671875,75.390625
353.89621901512146,353.89621901512146,NoButton,Move,631.88671875,74.44921875
353.90436601638794,353.90436601638794,NoButton,Move,631.88671875,73.5078125
353.91268610954285,353.91268610954285,NoButton,Move,631.88671875,72.56640625
353.92084193229675,353.92084193229675,NoButton,Move,631.88671875,71.19921875
353.9291481971741,353.9291481971741,NoButton,Move,632.2265625,69.83203125
353.9378640651703,353.9378640651703,NoButton,Move,632.5390625,68.890625
353.9453921318054,353.9453921318054,NoButton,Move,632.82421875,68.31640625
353.953635931015,353.953635931015,NoButton,Move,632.82421875,67.375
353.9622530937195,353.9622530937195,NoButton,Move,633.109375,66.80078125
353.96998500823975,353.96998500823975,NoButton,Move,633.109375,66.2265625
353.98660016059875,353.98660016059875,NoButton,Move,633.109375,65.98046875
353.99487495422363,353.99487495422363,NoButton,Move,633.109375,65.71875
354.0204379558563,354.0204379558563,NoButton,Move,633.109375,65.21875
354.07800102233887,354.07800102233887,NoButton,Move,633.109375,64.98046875
354.0847170352936,354.0847170352936,NoButton,Move,633.109375,64.71875
354.09288907051086,354.09288907051086,NoButton,Move,633.109375,64.45703125
354.10088419914246,354.10088419914246,NoButton,Move,633.109375,64.1953125
354.1096041202545,354.1096041202545,NoButton,Move,633.109375,63.93359375
354.12959003448486,354.12959003448486,NoButton,Move,633.109375,63.359375
354.14963006973267,354.14963006973267,Left,Pressed,633.109375,63.359375
354.1497371196747,354.1497371196747,NoButton,Move,633.109375,63.234375
354.2497179508209,354.2497179508209,Left,Released,633.109375,63.234375
357.5377869606018,357.5377869606018,NoButton,Move,632.640625,70.67578125
357.54467391967773,357.54467391967773,NoButton,Move,630.86328125,78.375
357.5525019168854,357.5525019168854,NoButton,Move,628.15625,89.1953125
357.5603051185608,357.5603051185608,NoButton,Move,624.7734375,100.015625
357.5684688091278,357.5684688091278,NoButton,Move,621.390625,110.8359375
357.57703018188477,357.57703018188477,NoButton,Move,617.328125,120.98046875
357.5854790210724,357.5854790210724,NoButton,Move,611.69140625,131.546875
357.5938370227814,357.5938370227814,NoButton,Move,606.0546875,142.11328125
357.60563611984253,357.60563611984253,NoButton,Move,600.640625,151.58203125
357.60946917533875,357.60946917533875,NoButton,Move,590.15625,169.05078125
357.6176302433014,357.6176302433014,NoButton,Move,577.92578125,185.64453125
357.62609004974365,357.62609004974365,NoButton,Move,566.08984375,200.01171875
357.6343080997467,357.6343080997467,NoButton,Move,554.6484375,213.08203125
357.643189907074,357.643189907074,NoButton,Move,543.99609375,223.73046875
357.6506071090698,357.6506071090698,NoButton,Move,532.58203125,233.6171875
357.6590039730072,357.6590039730072,NoButton,Move,522.71484375,240.66015625
357.66721081733704,357.66721081733704,NoButton,Move,518.13671875,243.7109375
357.6755418777466,357.6755418777466,NoButton,Move,509.70703125,249.54296875
357.6838231086731,357.6838231086731,NoButton,Move,501.27734375,254.7265625
357.6932849884033,357.6932849884033,NoButton,Move,494.16796875,258.87109375
357.69997000694275,357.69997000694275,NoButton,Move,489.08203125,260.90234375
357.7083728313446,357.7083728313446,NoButton,Move,486.69921875,261.6953125
357.7165060043335,357.7165060043335,NoButton,Move,479.92578125,263.38671875
357.72488808631897,357.72488808631897,NoButton,Move,476.94921875,263.38671875
357.73551988601685,357.73551988601685,NoButton,Move,473.97265625,263.38671875
357.74151492118835,357.74151492118835,NoButton,Move,471.421875,261.68359375
357.74934101104736,357.74934101104736,NoButton,Move,468.73828125,256.31640625
357.75785422325134,357.75785422325134,NoButton,Move,467.609375,249.54296875
357.7660641670227,357.7660641670227,NoButton,Move,467.609375,239.81640625
357.7758791446686,357.7758791446686,NoButton,Move,467.609375,228.9921875
357.78581285476685,357.78581285476685,NoButton,Move,470.3125,207.34765625
357.79010796546936,357.79010796546936,NoButton,Move,477.6640625,191.8203125
357.7984139919281,357.7984139919281,NoButton,Move,489.890625,175.22265625
357.8079490661621,357.8079490661621,NoButton,Move,504.31640625,158.98828125
357.81778717041016,357.81778717041016,NoButton,Move,522.9140625,144.10546875
357.8260178565979,357.8260178565979,NoButton,Move,543.99609375,130.6875
357.8333110809326,357.8333110809326,NoButton,Move,568.66015625,118.84765625
357.8405339717865,357.8405339717865,NoButton,Move,594.30859375,109.96484375
357.85003995895386,357.85003995895386,NoButton,Move,622.7265625,103.875
357.85565400123596,357.85565400123596,NoButton,Move,651.14453125,100.828125
357.8636362552643,357.8636362552643,NoButton,Move,679.5625,100.828125
357.87316608428955,357.87316608428955,NoButton,Move,690.3828125,100.828125
357.8832440376282,357.8832440376282,NoButton,Move,713.6328125,103.6171875
357.88902401924133,357.88902401924133,NoButton,Move,748.61328125,116.02734375
357.8966450691223,357.8966450691223,NoButton,Move,756.390625,122.5078125
357.9053580760956,357.9053580760956,NoButton,Move,769.4609375,134.76171875
357.9131088256836,357.9131088256836,NoButton,Move,779.71484375,147.3828125
357.9223520755768,357.9223520755768,NoButton,Move,786.55859375,160.3125
357.93337202072144,357.93337202072144,NoButton,Move,789.48828125,173.5
357.9380478858948,357.9380478858948,NoButton,Move,790.41796875,196.75
357.945680141449,357.945680141449,NoButton,Move,788.1328125,211.203125
357.9547989368439,357.9547989368439,NoButton,Move,776.296875,226.41796875
357.9622392654419,357.9622392654419,NoButton,Move,758.0859375,243.6640625
357.97036504745483,357.97036504745483,NoButton,Move,733.7265625,259.90234375
357.9787540435791,357.9787540435791,NoButton,Move,704.7890625,275.9765625
357.98681592941284,357.98681592941284,NoButton,Move,670.9296875,289.515625
357.9951710700989,357.9951710700989,NoButton,Move,633.90625,299.92578125
358.0031142234802,358.0031142234802,NoButton,Move,597.79296875,307.82421875
358.01102805137634,358.01102805137634,NoButton,Move,563.6875,311.12109375
358.0192050933838,358.0192050933838,NoButton,Move,531.53515625,313.26171875
358.02708292007446,358.02708292007446,NoButton,Move,501.27734375,313.26171875
358.03537011146545,358.03537011146545,NoButton,Move,489.296875,313.26171875
358.043790102005,358.043790102005,NoButton,Move,466.97265625,306.75
358.0519049167633,358.0519049167633,NoButton,Move,433.11328125,293.20703125
358.0603029727936,358.0603029727936,NoButton,Move,415.9765625,279.6796875
358.06856417655945,358.06856417655945,NoButton,Move,400.64453125,263.4453125
358.07666087150574,358.07666087150574,NoButton,Move,388.91796875,244.5078125
358.0846540927887,358.0846540927887,NoButton,Move,378.6875,223.1171875
358.0928249359131,358.0928249359131,NoButton,Move,372.17578125,200.79296875
358.10108518600464,358.10108518600464,NoButton,Move,372.17578125,188.8125
358.1092572212219,358.1092572212219,NoButton,Move,371.30078125,168.74609375
358.1174850463867,358.1174850463867,NoButton,Move,371.30078125,151.5859375
358.1258919239044,358.1258919239044,NoButton,Move,373.6640625,135.8046875
358.13391494750977,358.13391494750977,NoButton,Move,380.5078125,122.87109375
358.14199113845825,358.14199113845825,NoButton,Move,390.39453125,111.45703125
358.1500940322876,358.1500940322876,NoButton,Move,403.015625,101.19921875
358.15865993499756,358.15865993499756,NoButton,Move,415.85546875,93.640625
358.166650056839,358.166650056839,NoButton,Move,432.1953125,87.91796875
358.17519092559814,358.17519092559814,NoButton,Move,449.3515625,83.01171875
358.1832091808319,358.1832091808319,NoButton,Move,479.60546875,77.79296875
358.1916489601135,358.1916489601135,NoButton,Move,501.24609375,77.79296875
358.19985008239746,358.19985008239746,NoButton,Move,524.49609375,77.79296875
358.20767402648926,358.20767402648926,NoButton,Move,546.13671875,77.79296875
358.21608901023865,358.21608901023865,NoButton,Move,556.95703125,78.46875
358.2241051197052,358.2241051197052,NoButton,Move,575.55078125,82.69140625
358.23221588134766,358.23221588134766,NoButton,Move,593.30078125,88.60546875
358.24046993255615,358.24046993255615,NoButton,Move,599.5078125,91.42578125
358.24859523773193,358.24859523773193,NoButton,Move,612.6953125,95.8203125
358.25731110572815,358.25731110572815,NoButton,Move,621.76953125,100.35546875
358.2653501033783,358.2653501033783,NoButton,Move,628.875,104.5
358.27465415000916,358.27465415000916,NoButton,Move,630.859375,106.0859375
358.28411507606506,358.28411507606506,NoButton,Move,634.22265625,108.96875
358.29026103019714,358.29026103019714,NoButton,Move,635.921875,111.515625
358.2979009151459,358.2979009151459,NoButton,Move,636.6015625,112.87890625
358.3065869808197,358.3065869808197,NoButton,Move,636.94140625,114.2421875
358.314199924469,358.314199924469,NoButton,Move,636.94140625,115.60546875
358.32435297966003,358.32435297966003,NoButton,Move,636.94140625,116.54296875
358.3341100215912,358.3341100215912,NoButton,Move,636.65234375,117.11328125
358.33931517601013,358.33931517601013,NoButton,Move,635.7109375,117.73828125
358.3472201824188,358.3472201824188,NoButton,Move,634.34375,118.078125
358.3560080528259,358.3560080528259,NoButton,Move,633.40234375,118.390625
358.36337399482727,358.36337399482727,NoButton,Move,632.4609375,118.703125
358.3718318939209,358.3718318939209,NoButton,Move,631.88671875,118.98828125
358.37975215911865,358.37975215911865,NoButton,Move,631.3125,118.98828125
358.38823103904724,358.38823103904724,NoButton,Move,630.73828125,118.98828125
358.39692211151123,358.39692211151123,NoButton,Move,630.1640625,118.98828125
358.40527987480164,358.40527987480164,NoButton,Move,629.58984375,118.98828125
358.4126319885254,358.4126319885254,NoButton,Move,629.015625,118.98828125
358.42301988601685,358.42301988601685,NoButton,Move,628.75390625,118.98828125
358.4289231300354,358.4289231300354,NoButton,Move,628.1796875,118.98828125
358.43711709976196,358.43711709976196,NoButton,Move,627.91796875,118.98828125
358.4453411102295,358.4453411102295,NoButton,Move,627.34375,118.98828125
358.45398807525635,358.45398807525635,NoButton,Move,627.08203125,118.98828125
358.4616401195526,358.4616401195526,NoButton,Move,626.8203125,118.98828125
358.46942615509033,358.46942615509033,NoButton,Move,626.24609375,118.98828125
358.47893595695496,358.47893595695496,NoButton,Move,625.984375,118.7265625
358.48650908470154,358.48650908470154,NoButton,Move,625.72265625,118.7265625
358.49409103393555,358.49409103393555,NoButton,Move,625.4609375,118.46484375
358.50236201286316,358.50236201286316,NoButton,Move,625.19921875,118.203125
358.51097798347473,358.51097798347473,NoButton,Move,624.625,117.9140625
358.5270450115204,358.5270450115204,NoButton,Move,624.37890625,117.9140625
358.535129070282,358.535129070282,NoButton,Move,624.1171875,117.65234375
358.552099943161,358.552099943161,NoButton,Move,623.87109375,117.65234375
358.56905698776245,358.56905698776245,NoButton,Move,623.625,117.65234375
358.5770580768585,358.5770580768585,NoButton,Move,623.625,117.390625
358.6024911403656,358.6024911403656,NoButton,Move,623.625,117.1484375
358.6255588531494,358.6255588531494,NoButton,Move,623.3828125,116.90625
358.64165019989014,358.64165019989014,NoButton,Move,623.3828125,116.66015625
358.7345609664917,358.7345609664917,NoButton,Move,623.3828125,117.12890625
358.74017000198364,358.74017000198364,NoButton,Move,623.3828125,118.4921875
358.7485280036926,358.7485280036926,NoButton,Move,623.72265625,119.85546875
358.75679302215576,358.75679302215576,NoButton,Move,624.0625,121.21875
358.7647440433502,358.7647440433502,NoButton,Move,624.40234375,122.58203125
358.7727851867676,358.7727851867676,NoButton,Move,624.76953125,124.42578125
358.78105306625366,358.78105306625366,NoButton,Move,625.13671875,126.26953125
358.7903220653534,358.7903220653534,NoButton,Move,625.50390625,128.11328125
358.80250692367554,358.80250692367554,NoButton,Move,625.84375,129.47265625
358.80566692352295,358.80566692352295,NoButton,Move,625.84375,131.31640625
358.81428122520447,358.81428122520447,NoButton,Move,625.84375,132.6796875
358.8239998817444,358.8239998817444,NoButton,Move,625.84375,134.04296875
358.83496594429016,358.83496594429016,NoButton,Move,625.84375,135.40625
358.8384051322937,358.8384051322937,NoButton,Move,625.84375,136.34375
358.84663009643555,358.84663009643555,NoButton,Move,625.84375,137.28125
358.85452604293823,358.85452604293823,NoButton,Move,625.84375,138.21875
358.86277294158936,358.86277294158936,NoButton,Move,625.84375,139.15625
358.87182903289795,358.87182903289795,NoButton,Move,625.84375,139.7265625
358.8795099258423,358.8795099258423,NoButton,Move,625.58203125,139.984375
358.88873410224915,358.88873410224915,NoButton,Move,625.58203125,140.5546875
358.89552187919617,358.89552187919617,NoButton,Move,625.3203125,140.8125
358.9047009944916,358.9047009944916,NoButton,Move,625.05859375,141.0703125
358.91181206703186,358.91181206703186,NoButton,Move,624.796875,141.328125
358.92881202697754,358.92881202697754,NoButton,Move,624.55078125,141.328125
358.945020198822,358.945020198822,NoButton,Move,624.3046875,141.328125
358.96974205970764,358.96974205970764,NoButton,Move,624.0625,141.328125
359.0355269908905,359.0355269908905,NoButton,Move,623.828125,141.328125
359.05164408683777,359.05164408683777,NoButton,Move,623.58203125,141.328125
359.06001710891724,359.06001710891724,NoButton,Move,623.58203125,140.75390625
359.06729888916016,359.06729888916016,NoButton,Move,623.58203125,140.1796875
359.07607412338257,359.07607412338257,NoButton,Move,623.58203125,139.60546875
359.0842559337616,359.0842559337616,NoButton,Move,623.58203125,138.6640625
359.0927278995514,359.0927278995514,NoButton,Move,623.8671875,138.08984375
359.1002540588379,359.1002540588379,NoButton,Move,625.7109375,137.34765625
359.10840582847595,359.10840582847595,NoButton,Move,628.68359375,136.49609375
359.1173470020294,359.1173470020294,NoButton,Move,635.453125,135.9296875
359.1249649524689,359.1249649524689,NoButton,Move,641.3515625,135.9296875
359.1331901550293,359.1331901550293,NoButton,Move,648.12109375,135.9296875
359.1410930156708,359.1410930156708,NoButton,Move,656.8046875,135.9296875
359.1512360572815,359.1512360572815,NoButton,Move,665.48828125,136.546875
359.15784215927124,359.15784215927124,NoButton,Move,674.171875,139.02734375
359.1657340526581,359.1657340526581,NoButton,Move,678.49609375,140.94921875
359.1754059791565,359.1754059791565,NoButton,Move,686.55859375,144.66796875
359.18212604522705,359.18212604522705,NoButton,Move,693.6640625,147.62890625
359.1902801990509,359.1902801990509,NoButton,Move,696.2109375,149.328125
359.1986348628998,359.1986348628998,NoButton,Move,705.6796875,154.73828125
359.2074248790741,359.2074248790741,NoButton,Move,707.15625,155.84375
359.2152941226959,359.2152941226959,NoButton,Move,709.703125,157.96484375
359.2232208251953,359.2232208251953,NoButton,Move,711.82421875,160.51171875
359.23356103897095,359.23356103897095,NoButton,Move,712.50390625,161.875
359.52635312080383,359.52635312080383,NoButton,Move,712.50390625,160.4609375
359.5334539413452,359.5334539413452,NoButton,Move,712.50390625,157.484375
359.54304003715515,359.54304003715515,NoButton,Move,712.50390625,153.859375
359.55057406425476,359.55057406425476,NoButton,Move,712.50390625,150.234375
359.55828189849854,359.55828189849854,NoButton,Move,711.9375,143.4609375
359.5666129589081,359.5666129589081,NoButton,Move,711.9375,135.7578125
359.57486510276794,359.57486510276794,NoButton,Move,711.453125,131.4296875
359.5831370353699,359.5831370353699,NoButton,Move,710.859375,123.7265625
359.5919179916382,359.5919179916382,NoButton,Move,710.859375,116.0234375
359.6002411842346,359.6002411842346,NoButton,Move,710.859375,110.12109375
359.6079421043396,359.6079421043396,NoButton,Move,710.859375,107.73828125
359.61674785614014,359.61674785614014,NoButton,Move,710.859375,102.65234375
359.62408208847046,359.62408208847046,NoButton,Move,710.859375,99.02734375
359.6324739456177,359.6324739456177,NoButton,Move,710.859375,96.05078125
359.64072489738464,359.64072489738464,NoButton,Move,710.859375,93.07421875
359.6489849090576,359.6489849090576,NoButton,Move,710.859375,91.2265625
359.6572120189667,359.6572120189667,NoButton,Move,710.859375,89.37890625
359.66546082496643,359.66546082496643,NoButton,Move,710.859375,88.01171875
359.67359805107117,359.67359805107117,NoButton,Move,710.859375,87.0703125
359.6814889907837,359.6814889907837,NoButton,Move,710.859375,86.12890625
359.69060611724854,359.69060611724854,NoButton,Move,710.859375,85.5546875
359.6978521347046,359.6978521347046,NoButton,Move,710.859375,85.29296875
359.70720982551575,359.70720982551575,NoButton,Move,710.859375,85.03125
359.71655321121216,359.71655321121216,NoButton,Move,710.859375,84.76953125
359.73077917099,359.73077917099,NoButton,Move,710.859375,84.5234375
359.985267162323,359.985267162323,NoButton,Move,710.39453125,84.5234375
360.001748085022,360.001748085022,NoButton,Move,710.39453125,84.27734375
360.17357897758484,360.17357897758484,NoButton,Move,709.92578125,84.27734375
360.18835186958313,360.18835186958313,NoButton,Move,709.40625,84.27734375
360.1978578567505,360.1978578567505,NoButton,Move,708.83203125,84.27734375
360.2046239376068,360.2046239376068,NoButton,Move,707.890625,84.58984375
360.21455001831055,360.21455001831055,NoButton,Move,706.94921875,84.58984375
360.2210819721222,360.2210819721222,NoButton,Move,706.0078125,84.58984375
360.2309889793396,360.2309889793396,NoButton,Move,704.16015625,84.95703125
360.23742413520813,360.23742413520813,NoButton,Move,700.98828125,86.765625
360.30284905433655,360.30284905433655,NoButton,Move,691.515625,99.64453125
360.31121015548706,360.31121015548706,NoButton,Move,666.01953125,133.6328125
360.3194091320038,360.3194091320038,NoButton,Move,641.16796875,172.1484375
360.32754611968994,360.32754611968994,NoButton,Move,615.17578125,215.03125
360.33576488494873,360.33576488494873,NoButton,Move,592.59375,262.84375
360.34381103515625,360.34381103515625,NoButton,Move,569.96484375,317.9921875
360.35208010673523,360.35208010673523,NoButton,Move,553.33984375,373.40625
360.36016511917114,360.36016511917114,NoButton,Move,538.640625,436.6015625
360.37298798561096,360.37298798561096,NoButton,Move,530.15234375,495.9921875
360.3770589828491,360.3770589828491,NoButton,Move,525.6640625,563.30078125
360.3852241039276,360.3852241039276,NoButton,Move,525.6640625,627.96875
360.4024622440338,360.4024622440338,NoButton,Move,525.6640625,689.99609375
360.4025659561157,360.4025659561157,NoButton,Move,531.41015625,714.91015625
360.4198670387268,360.4198670387268,NoButton,Move,545.703125,762.9921875
360.4245710372925,360.4245710372925,NoButton,Move,562.296875,800.92578125
360.4346511363983,360.4346511363983,NoButton,Move,570.046875,810.7890625
360.43471097946167,360.43471097946167,NoButton,Move,587.30078125,834.1328125
360.44289922714233,360.44289922714233,NoButton,Move,603.53125,849.4609375
360.45125699043274,360.45125699043274,NoButton,Move,619.0546875,858.4453125
360.4592978954315,360.4592978954315,NoButton,Move,632.74609375,864.53125
360.47379183769226,360.47379183769226,NoButton,Move,647.19921875,866.8125
360.47627210617065,360.47627210617065,NoButton,Move,660.38671875,867.54296875
360.4846079349518,360.4846079349518,NoButton,Move,665.46875,867.54296875
360.4916498661041,360.4916498661041,NoButton,Move,675.19140625,866.89453125
360.5035879611969,360.5035879611969,NoButton,Move,683.25390625,863.171875
360.5077819824219,360.5077819824219,NoButton,Move,689.76953125,858.4296875
360.5159058570862,360.5159058570862,NoButton,Move,694.28125,853.34765625
360.524169921875,360.524169921875,NoButton,Move,697.6640625,847.13671875
360.5329508781433,360.5329508781433,NoButton,Move,700.25390625,837.41015625
360.5407259464264,360.5407259464264,NoButton,Move,700.25390625,830.63671875
360.55186700820923,360.55186700820923,NoButton,Move,700.25390625,823.86328125
360.5570089817047,360.5570089817047,NoButton,Move,696.69921875,816.75390625
360.5662729740143,360.5662729740143,NoButton,Move,690.21484375,808.97265625
360.57345819473267,360.57345819473267,NoButton,Move,686.84765625,805.60546875
360.585755109787,360.585755109787,NoButton,Move,679.71484375,798.47265625
360.5896911621094,360.5896911621094,NoButton,Move,673.5078125,792.265625
360.5995419025421,360.5995419025421,NoButton,Move,662.4609375,780.4296875
360.6062071323395,360.6062071323395,NoButton,Move,648.03125,764.1953125
360.61632919311523,360.61632919311523,NoButton,Move,639.3515625,750.78125
360.62225914001465,360.62225914001465,NoButton,Move,628.1875,730.3203125
360.6339519023895,360.6339519023895,NoButton,Move,606.09375,686.1328125
360.63877296447754,360.63877296447754,NoButton,Move,591.05078125,650.265625
360.6493191719055,360.6493191719055,NoButton,Move,572.85546875,603.48046875
360.6551880836487,360.6551880836487,NoButton,Move,554.84375,549.44921875
360.66653418540955,360.66653418540955,NoButton,Move,538.21875,494.03125
360.67179799079895,360.67179799079895,NoButton,Move,521.68359375,438.9140625
360.6840350627899,360.6840350627899,NoButton,Move,506.125,380.93359375
360.6881649494171,360.6881649494171,NoButton,Move,492.26953125,325.515625
360.70089197158813,360.70089197158813,NoButton,Move,488.546875,302.26171875
360.7041530609131,360.7041530609131,NoButton,Move,479.84765625,257.53125
360.7157700061798,360.7157700061798,NoButton,Move,472.734375,217.22265625
360.72059416770935,360.72059416770935,NoButton,Move,471.97265625,202.765625
360.7439651489258,360.7439651489258,NoButton,Move,468.92578125,174.34375
360.7440469264984,360.7440469264984,NoButton,Move,467.0625,151.08984375
360.74658703804016,360.74658703804016,NoButton,Move,466.21484375,132.4921875
360.7530779838562,360.7530779838562,NoButton,Move,466.21484375,126.58984375
360.7617449760437,360.7617449760437,NoButton,Move,466.21484375,114.609375
360.77679204940796,360.77679204940796,NoButton,Move,466.21484375,104.8828125
360.77785301208496,360.77785301208496,NoButton,Move,466.21484375,102.5
360.78611183166504,360.78611183166504,NoButton,Move,465.703125,97.4140625
360.79414224624634,360.79414224624634,NoButton,Move,465.703125,93.7890625
360.80240201950073,360.80240201950073,NoButton,Move,465.3046875,91.40625
360.81045389175415,360.81045389175415,NoButton,Move,464.93359375,89.55859375
360.8188798427582,360.8188798427582,NoButton,Move,464.3046875,88.6171875
360.8275191783905,360.8275191783905,NoButton,Move,463.73046875,88.328125
360.8351671695709,360.8351671695709,NoButton,Move,462.36328125,87.64453125
360.84347009658813,360.84347009658813,NoButton,Move,461.421875,87.64453125
360.8516421318054,360.8516421318054,NoButton,Move,459.0390625,87.64453125
360.860169172287,360.860169172287,NoButton,Move,457.671875,87.64453125
360.8680970668793,360.8680970668793,NoButton,Move,455.82421875,87.64453125
360.87662506103516,360.87662506103516,NoButton,Move,453.9765625,87.64453125
360.9419832229614,360.9419832229614,NoButton,Move,452.12890625,87.2734375
360.9420430660248,360.9420430660248,NoButton,Move,450.28125,86.53125
360.9420919418335,360.9420919418335,NoButton,Move,448.9140625,85.84765625
360.94217586517334,360.94217586517334,NoButton,Move,447.43359375,84.73828125
360.9422130584717,360.9422130584717,NoButton,Move,446.06640625,84.0546875
360.9422471523285,360.9422471523285,NoButton,Move,445.0390625,83.02734375
360.9422812461853,360.9422812461853,NoButton,Move,444.46484375,82.453125
360.94231486320496,360.94231486320496,NoButton,Move,443.5234375,81.82421875
360.949826002121,360.949826002121,NoButton,Move,442.94921875,81.25
360.9584639072418,360.9584639072418,NoButton,Move,441.921875,80.22265625
360.96624302864075,360.96624302864075,NoButton,Move,440.98046875,79.59375
360.9748070240021,360.9748070240021,NoButton,Move,439.5,78.11328125
360.9825520515442,360.9825520515442,NoButton,Move,437.65234375,77.00390625
360.99070501327515,360.99070501327515,NoButton,Move,435.1015625,74.87890625
360.9990220069885,360.9990220069885,NoButton,Move,429.734375,71.66015625
361.0074100494385,361.0074100494385,NoButton,Move,424.3671875,68.44140625
361.01557207107544,361.01557207107544,NoButton,Move,417.2578125,64.29296875
361.0234389305115,361.0234389305115,NoButton,Move,409.19140625,60.5703125
361.03166103363037,361.03166103363037,NoButton,Move,401.1328125,56.23046875
361.0398759841919,361.0398759841919,NoButton,Move,392.0546875,52.33984375
361.04813408851624,361.04813408851624,NoButton,Move,387.73046875,50.41796875
361.05626702308655,361.05626702308655,NoButton,Move,379.6640625,46.6953125
361.06440687179565,361.06440687179565,NoButton,Move,371.9609375,43.73046875
361.07283186912537,361.07283186912537,NoButton,Move,364.2578125,40.765625
361.08079195022583,361.08079195022583,NoButton,Move,357.1484375,37.80078125
361.08914017677307,361.08914017677307,NoButton,Move,351.24609375,35.65234375
361.0974340438843,361.0974340438843,NoButton,Move,345.03515625,32.828125
361.1052770614624,361.1052770614624,NoButton,Move,338.82421875,30.00390625
361.1137549877167,361.1137549877167,NoButton,Move,334.49609375,28.078125
361.1216390132904,361.1216390132904,NoButton,Move,332.11328125,26.88671875
361.1297869682312,361.1297869682312,NoButton,Move,328.94140625,25.07421875
361.13810205459595,361.13810205459595,NoButton,Move,325.31640625,23.71484375
361.1465289592743,361.1465289592743,NoButton,Move,322.765625,22.01171875
361.1543390750885,361.1543390750885,NoButton,Move,320.3828125,20.8203125
361.1630370616913,361.1630370616913,NoButton,Move,318.53515625,20.078125
361.1706850528717,361.1706850528717,NoButton,Move,316.6875,18.96875
361.1801710128784,361.1801710128784,NoButton,Move,315.3203125,18.28515625
361.18743896484375,361.18743896484375,NoButton,Move,314.37890625,17.65625
361.21590209007263,361.21590209007263,Left,Pressed,314.37890625,17.65625
361.23239493370056,361.23239493370056,NoButton,Move,313.9453125,17.51171875
361.3158628940582,361.3158628940582,Left,Released,313.9453125,17.51171875
361.56820797920227,361.56820797920227,NoButton,Move,313.9453125,17.97265625
361.56831908226013,361.56831908226013,NoButton,Move,313.9453125,20.3515625
361.5727369785309,361.5727369785309,NoButton,Move,313.9453125,22.73046875
361.5809440612793,361.5809440612793,NoButton,Move,313.9453125,25.109375
361.58889508247375,361.58889508247375,NoButton,Move,313.9453125,28.08203125
361.59979796409607,361.59979796409607,NoButton,Move,313.9453125,31.703125
361.606281042099,361.606281042099,NoButton,Move,313.9453125,36.78515625
361.61748003959656,361.61748003959656,NoButton,Move,314.76171875,53.94140625
361.62263011932373,361.62263011932373,NoButton,Move,322.87890625,81.34375
361.63188123703003,361.63188123703003,NoButton,Move,334.9765625,113.24609375
361.6386079788208,361.6386079788208,NoButton,Move,370.40234375,185.70703125
361.64817810058594,361.64817810058594,NoButton,Move,404.37890625,250.57421875
361.6544179916382,361.6544179916382,NoButton,Move,444.421875,330.6640625
361.66492199897766,361.66492199897766,NoButton,Move,494.3203125,413.25390625
361.6706190109253,361.6706190109253,NoButton,Move,520.41015625,450.52734375
361.67882013320923,361.67882013320923,NoButton,Move,569.32421875,519.00390625
361.6870381832123,361.6870381832123,NoButton,Move,617.0,580.98046875
361.6952941417694,361.6952941417694,NoButton,Move,633.76953125,601.69921875
361.7034201622009,361.7034201622009,NoButton,Move,668.30078125,641.54296875
361.7116639614105,361.7116639614105,NoButton,Move,680.5546875,654.61328125
361.72005009651184,361.72005009651184,NoButton,Move,702.5546875,681.01171875
361.72798705101013,361.72798705101013,NoButton,Move,719.80078125,700.17578125
363.6196479797363,363.6196479797363,NoButton,Move,720.26171875,700.17578125
363.6277549266815,363.6277549266815,NoButton,Move,721.625,700.17578125
363.63592410087585,363.63592410087585,NoButton,Move,722.98828125,700.17578125
363.6442680358887,363.6442680358887,NoButton,Move,724.3515625,700.515625
363.6524431705475,363.6524431705475,NoButton,Move,727.32421875,700.9375
363.6603739261627,363.6603739261627,NoButton,Move,730.9453125,701.83984375
363.66860795021057,363.66860795021057,NoButton,Move,737.71484375,703.53125
363.67687010765076,363.67687010765076,NoButton,Move,744.484375,705.22265625
363.6851191520691,363.6851191520691,NoButton,Move,752.18359375,706.99609375
363.69328713417053,363.69328713417053,NoButton,Move,761.90625,709.5859375
363.7017250061035,363.7017250061035,NoButton,Move,772.7265625,712.96484375
363.7098491191864,363.7098491191864,NoButton,Move,783.546875,716.34375
363.7183110713959,363.7183110713959,NoButton,Move,795.43359375,719.83984375
363.72578716278076,363.72578716278076,NoButton,Move,806.703125,724.06640625
363.73434686660767,363.73434686660767,NoButton,Move,816.84765625,728.80078125
363.74207496643066,363.74207496643066,NoButton,Move,821.171875,730.72265625
363.7506310939789,363.7506310939789,NoButton,Move,829.234375,735.0625
363.75854301452637,363.75854301452637,NoButton,Move,836.33984375,739.20703125
363.83475708961487,363.83475708961487,NoButton,Move,842.85546875,743.9453125
363.834792137146,363.834792137146,NoButton,Move,847.93359375,748.45703125
363.83481216430664,363.83481216430664,NoButton,Move,853.01171875,752.96875
363.8348660469055,363.8348660469055,NoButton,Move,856.9609375,758.609375
363.83490800857544,363.83490800857544,NoButton,Move,860.91015625,764.25
363.8349401950836,363.8349401950836,NoButton,Move,863.58984375,769.61328125
363.83495688438416,363.83495688438416,NoButton,Move,865.62109375,774.6953125
363.8349778652191,363.8349778652191,NoButton,Move,867.14453125,779.77734375
363.8349940776825,363.8349940776825,NoButton,Move,867.5390625,782.15625
363.8350088596344,363.8350088596344,NoButton,Move,867.5390625,782.15625
363.84014892578125,363.84014892578125,NoButton,Move,868.5,786.48046875
363.8491280078888,363.8491280078888,NoButton,Move,868.94921875,790.1015625
363.85731196403503,363.85731196403503,NoButton,Move,869.34375,792.48046875
363.86498498916626,363.86498498916626,NoButton,Move,869.34375,794.32421875
363.87723684310913,363.87723684310913,NoButton,Move,869.34375,795.6875
363.88106989860535,363.88106989860535,NoButton,Move,869.34375,796.625
363.8891999721527,363.8891999721527,NoButton,Move,869.34375,797.1953125
363.897579908371,363.897579908371,NoButton,Move,869.34375,797.453125
363.9188189506531,363.9188189506531,NoButton,Move,869.34375,797.7109375
363.91885781288147,363.91885781288147,NoButton,Move,869.34375,797.96875
364.04457688331604,364.04457688331604,NoButton,Move,869.34375,798.43359375
364.05272912979126,364.05272912979126,NoButton,Move,869.02734375,799.37109375
364.0609030723572,364.0609030723572,NoButton,Move,868.3984375,800.30859375
364.06913709640503,364.06913709640503,NoButton,Move,868.109375,800.87890625
364.08012413978577,364.08012413978577,NoButton,Move,867.48046875,801.81640625
364.0854160785675,364.0854160785675,NoButton,Move,866.8515625,802.75390625
364.0935609340668,364.0935609340668,NoButton,Move,866.22265625,803.69140625
364.10178804397583,364.10178804397583,NoButton,Move,865.6484375,804.26171875
364.10989713668823,364.10989713668823,NoButton,Move,865.359375,804.83203125
364.1181092262268,364.1181092262268,NoButton,Move,865.0703125,805.40234375
364.1263201236725,364.1263201236725,NoButton,Move,864.80859375,805.66015625
364.1345100402832,364.1345100402832,NoButton,Move,864.51953125,806.23046875
364.1425850391388,364.1425850391388,NoButton,Move,864.2578125,806.48828125
364.15086007118225,364.15086007118225,NoButton,Move,864.2578125,806.74609375
364.15905499458313,364.15905499458313,NoButton,Move,863.99609375,807.00390625
364.1672570705414,364.1672570705414,NoButton,Move,863.70703125,807.57421875
364.1758391857147,364.1758391857147,NoButton,Move,863.70703125,807.83203125
364.1840400695801,364.1840400695801,NoButton,Move,863.4453125,808.08984375
364.19220495224,364.19220495224,NoButton,Move,863.18359375,808.34765625
364.20041704177856,364.20041704177856,NoButton,Move,862.89453125,808.91796875
364.2086591720581,364.2086591720581,NoButton,Move,862.6328125,809.17578125
364.2170021533966,364.2170021533966,NoButton,Move,862.05859375,809.4609375
364.22520685195923,364.22520685195923,NoButton,Move,861.484375,809.74609375
364.33989000320435,364.33989000320435,NoButton,Move,861.484375,809.2734375
364.34801602363586,364.34801602363586,NoButton,Move,858.93359375,807.1484375
364.3560779094696,364.3560779094696,NoButton,Move,856.3828125,805.0234375
364.36437916755676,364.36437916755676,NoButton,Move,853.40625,803.74609375
364.37249398231506,364.37249398231506,NoButton,Move,849.78125,801.93359375
364.3812470436096,364.3812470436096,NoButton,Move,845.4609375,800.4921875
364.38874793052673,364.38874793052673,NoButton,Move,836.7734375,798.62890625
364.3990271091461,364.3990271091461,NoButton,Move,829.09375,798.03515625
364.405198097229,364.405198097229,NoButton,Move,820.40625,798.03515625
364.4140582084656,364.4140582084656,NoButton,Move,809.58203125,798.03515625
364.42136907577515,364.42136907577515,NoButton,Move,797.6015625,798.03515625
364.4307019710541,364.4307019710541,NoButton,Move,785.62109375,798.03515625
364.43802213668823,364.43802213668823,NoButton,Move,772.4296875,798.03515625
364.4479191303253,364.4479191303253,NoButton,Move,767.34375,798.03515625
364.4544110298157,364.4544110298157,NoButton,Move,757.6171875,799.9765625
