314.78766798973083,314.78766798973083,NoButton,Move,735.09765625,640.71875
314.8007230758667,314.8007230758667,NoButton,Move,735.09765625,652.6953125
314.8023920059204,314.8023920059204,NoButton,Move,735.09765625,663.515625
314.812148809433,314.812148809433,NoButton,Move,735.09765625,674.3359375
314.818204164505,314.818204164505,NoButton,Move,737.80078125,685.15625
314.8283669948578,314.8283669948578,NoButton,Move,741.0390625,694.87890625
314.83497405052185,314.83497405052185,NoButton,Move,744.0,702.578125
314.8435287475586,314.8435287475586,NoButton,Move,747.71875,710.640625
314.85114789009094,314.85114789009094,NoButton,Move,751.86328125,717.74609375
314.85917496681213,314.85917496681213,NoButton,Move,758.9609375,731.9453125
314.86762523651123,314.86762523651123,NoButton,Move,762.91015625,737.5859375
314.8756568431854,314.8756568431854,NoButton,Move,769.953125,747.44921875
314.8839359283447,314.8839359283447,NoButton,Move,776.43359375,755.2265625
314.8926491737366,314.8926491737366,NoButton,Move,782.32421875,760.53125
314.9005768299103,314.9005768299103,NoButton,Move,788.83984375,764.67578125
314.90917801856995,314.90917801856995,NoButton,Move,794.203125,767.35546875
314.91709780693054,314.91709780693054,NoButton,Move,799.28125,768.37109375
314.9256429672241,314.9256429672241,NoButton,Move,804.36328125,768.37109375
314.9344308376312,314.9344308376312,NoButton,Move,808.6875,768.37109375
314.94133019447327,314.94133019447327,NoButton,Move,816.38671875,765.40625
314.94998383522034,314.94998383522034,NoButton,Move,820.8984375,759.76171875
314.95790100097656,314.95790100097656,NoButton,Move,825.04296875,752.65234375
314.96625089645386,314.96625089645386,NoButton,Move,829.578125,743.57421875
314.97438311576843,314.97438311576843,NoButton,Move,834.6484375,724.9765625
314.9826338291168,314.9826338291168,NoButton,Move,836.3359375,706.37890625
314.99118089675903,314.99118089675903,NoButton,Move,837.234375,684.734375
314.9988708496094,314.9988708496094,NoButton,Move,837.234375,659.81640625
315.00690603256226,315.00690603256226,NoButton,Move,837.234375,648.9921875
315.0217719078064,315.0217719078064,NoButton,Move,835.9921875,640.3046875
315.0228588581085,315.0228588581085,NoButton,Move,834.3828125,634.40234375
315.03114795684814,315.03114795684814,NoButton,Move,832.3515625,623.578125
315.0393588542938,315.0393588542938,NoButton,Move,829.38671875,616.46875
315.0474531650543,315.0474531650543,NoButton,Move,825.32421875,606.3203125
315.0559639930725,315.0559639930725,NoButton,Move,823.19921875,604.1953125
315.06414794921875,315.06414794921875,NoButton,Move,820.81640625,603.796875
315.0722920894623,315.0722920894623,NoButton,Move,818.43359375,603.796875
315.08061003685,315.08061003685,NoButton,Move,814.80859375,604.24609375
315.0886800289154,315.0886800289154,NoButton,Move,811.75390625,608.8203125
315.09711718559265,315.09711718559265,NoButton,Move,809.0703125,614.18359375
315.1053559780121,315.1053559780121,NoButton,Move,806.10546875,621.8828125
315.1135001182556,315.1135001182556,NoButton,Move,803.51171875,631.60546875
315.12142610549927,315.12142610549927,NoButton,Move,802.21484375,641.328125
315.1298599243164,315.1298599243164,NoButton,Move,801.5078125,653.3046875
315.13788890838623,315.13788890838623,NoButton,Move,801.5078125,658.38671875
315.14598393440247,315.14598393440247,NoButton,Move,801.5078125,667.0703125
315.15429496765137,315.15429496765137,NoButton,Move,801.5078125,674.76953125
315.1629409790039,315.1629409790039,NoButton,Move,803.65234375,680.66796875
315.1707880496979,315.1707880496979,NoButton,Move,806.703125,684.734375
315.1787130832672,315.1787130832672,NoButton,Move,810.546875,687.13671875
315.18726205825806,315.18726205825806,NoButton,Move,814.87109375,688.578125
315.19547510147095,315.19547510147095,NoButton,Move,822.5703125,689.16796875
315.20362091064453,315.20362091064453,NoButton,Move,828.46875,689.16796875
315.2120711803436,315.2120711803436,NoButton,Move,831.44140625,687.890625
315.2203528881073,315.2203528881073,NoButton,Move,841.3046875,680.84375
315.22804498672485,315.22804498672485,NoButton,Move,846.88671875,674.015625
315.2364549636841,315.2364549636841,NoButton,Move,851.2265625,665.94921875
315.24467396736145,315.24467396736145,NoButton,Move,854.46484375,656.22265625
315.25292110443115,315.25292110443115,NoButton,Move,855.81640625,645.3984375
315.2607629299164,315.2607629299164,NoButton,Move,855.81640625,634.57421875
315.2691071033478,315.2691071033478,NoButton,Move,855.81640625,623.75
315.27801489830017,315.27801489830017,NoButton,Move,853.890625,619.421875
315.2856459617615,315.2856459617615,NoButton,Move,849.7421875,612.3125
315.29341292381287,315.29341292381287,NoButton,Move,839.8515625,600.8984375
315.3018181324005,315.3018181324005,NoButton,Move,832.7421875,597.34375
315.309720993042,315.309720993042,NoButton,Move,824.0546875,594.859375
315.3182499408722,315.3182499408722,NoButton,Move,816.3515625,594.265625
315.3262219429016,315.3262219429016,NoButton,Move,812.0234375,594.265625
315.33478808403015,315.33478808403015,NoButton,Move,804.359375,594.265625
315.3428499698639,315.3428499698639,NoButton,Move,801.3828125,594.265625
315.3511221408844,315.3511221408844,NoButton,Move,796.296875,594.265625
315.3597731590271,315.3597731590271,NoButton,Move,791.96875,594.74609375
315.3676619529724,315.3676619529724,NoButton,Move,786.8828125,594.74609375
315.37629890441895,315.37629890441895,NoButton,Move,783.90625,594.74609375
315.38415813446045,315.38415813446045,NoButton,Move,782.2109375,587.97265625
319.68667101860046,319.68667101860046,NoButton,Move,780.8125,599.15234375
319.7031910419464,319.7031910419464,NoButton,Move,779.40234375,611.12890625
319.7032821178436,319.7032821178436,NoButton,Move,779.40234375,623.10546875
319.71266078948975,319.71266078948975,NoButton,Move,779.40234375,632.828125
319.71877694129944,319.71877694129944,NoButton,Move,779.9921875,640.52734375
319.7292242050171,319.7292242050171,NoButton,Move,783.54296875,647.6328125
319.73528480529785,319.73528480529785,NoButton,Move,788.28125,654.1484375
319.7484037876129,319.7484037876129,NoButton,Move,794.203125,659.4765625
319.7511820793152,319.7511820793152,NoButton,Move,800.125,664.8046875
319.7593619823456,319.7593619823456,NoButton,Move,812.74609375,675.05859375
319.7677538394928,319.7677538394928,NoButton,Move,825.67578125,682.6640625
319.7757217884064,319.7757217884064,NoButton,Move,839.3671875,688.75
319.78411889076233,319.78411889076233,NoButton,Move,852.5546875,691.6796875
319.7918949127197,319.7918949127197,NoButton,Move,865.7421875,693.14453125
319.80032300949097,319.80032300949097,NoButton,Move,878.9296875,693.14453125
319.8108661174774,319.8108661174774,NoButton,Move,889.75,693.14453125
319.8164689540863,319.8164689540863,NoButton,Move,898.82421875,689.25390625
319.8244798183441,319.8244798183441,NoButton,Move,907.98046875,681.5
319.8329939842224,319.8329939842224,NoButton,Move,915.41796875,673.37890625
319.841246843338,319.841246843338,NoButton,Move,921.50390625,663.90625
319.8491039276123,319.8491039276123,NoButton,Move,927.36328125,651.44921875
319.85767102241516,319.85767102241516,NoButton,Move,934.80078125,629.125
319.86561703681946,319.86561703681946,NoButton,Move,935.4453125,619.3984375
319.87391805648804,319.87391805648804,NoButton,Move,936.26171875,602.23828125
319.8820550441742,319.8820550441742,NoButton,Move,937.078125,585.078125
320.5538468360901,320.5538468360901,NoButton,Move,937.76953125,585.078125
320.5624248981476,320.5624248981476,NoButton,Move,942.09375,583.6328125
320.56998586654663,320.56998586654663,NoButton,Move,946.66796875,581.08984375
320.5788838863373,320.5788838863373,NoButton,Move,950.51171875,578.68359375
320.58622312545776,320.58622312545776,NoButton,Move,954.578125,575.62890625
320.5956451892853,320.5956451892853,NoButton,Move,957.94140625,572.26171875
320.6026542186737,320.6026542186737,NoButton,Move,961.3046875,568.89453125
320.61223101615906,320.61223101615906,NoButton,Move,963.56640625,565.72265625
320.6214098930359,320.6214098930359,NoButton,Move,968.64453125,560.640625
320.62887692451477,320.62887692451477,NoButton,Move,972.7890625,554.12109375
320.635596036911,320.635596036911,NoButton,Move,976.84765625,543.97265625
320.646507024765,320.646507024765,NoButton,Move,978.0859375,535.28515625
320.65185713768005,320.65185713768005,NoButton,Move,978.0859375,519.50390625
320.66266107559204,320.66266107559204,NoButton,Move,977.32421875,505.046875
320.66828513145447,320.66828513145447,NoButton,Move,969.20703125,484.3046875
320.6790199279785,320.6790199279785,NoButton,Move,950.56640625,443.30078125
320.68457889556885,320.68457889556885,NoButton,Move,942.39453125,427.7734375
320.69293689727783,320.69293689727783,NoButton,Move,926.9921875,396.96875
320.70129203796387,320.70129203796387,NoButton,Move,909.0078125,365.5
320.70932698249817,320.70932698249817,NoButton,Move,890.3046875,336.89453125
320.71769094467163,320.71769094467163,NoButton,Move,871.01171875,310.1015625
320.7260088920593,320.7260088920593,NoButton,Move,862.5546875,300.94140625
320.7430911064148,320.7430911064148,NoButton,Move,862.5546875,300.94140625
321.1021537780762,321.1021537780762,NoButton,Move,862.5546875,302.10546875
321.1105890274048,321.1105890274048,NoButton,Move,864.140625,304.08984375
321.1204991340637,321.1204991340637,NoButton,Move,864.87890625,305.93359375
321.12740898132324,321.12740898132324,NoButton,Move,865.984375,307.41015625
321.13513684272766,321.13513684272766,NoButton,Move,866.72265625,309.25390625
321.1432490348816,321.1432490348816,NoButton,Move,867.4609375,311.09765625
321.15144300460815,321.15144300460815,NoButton,Move,868.36328125,314.71875
321.15933203697205,321.15933203697205,NoButton,Move,869.2109375,317.69140625
321.1678719520569,321.1678719520569,NoButton,Move,869.2109375,324.4609375
321.17599296569824,321.17599296569824,NoButton,Move,869.2109375,328.78515625
321.18443298339844,321.18443298339844,NoButton,Move,865.82421875,334.9921875
321.1926829814911,321.1926829814911,NoButton,Move,854.77734375,346.82421875
321.20094895362854,321.20094895362854,NoButton,Move,841.36328125,356.2890625
321.20868706703186,321.20868706703186,NoButton,Move,823.015625,365.89453125
321.21731901168823,321.21731901168823,NoButton,Move,800.015625,376.43359375
321.2250258922577,321.2250258922577,NoButton,Move,774.36328125,384.32421875
321.2338111400604,321.2338111400604,NoButton,Move,745.94140625,391.42578125
321.24126720428467,321.24126720428467,NoButton,Move,715.68359375,396.640625
321.24960803985596,321.24960803985596,NoButton,Move,687.26171875,398.66796875
321.25771403312683,321.25771403312683,NoButton,Move,675.28125,398.66796875
321.2660231590271,321.2660231590271,NoButton,Move,650.36328125,398.66796875
321.2750680446625,321.2750680446625,NoButton,Move,612.1796875,394.0390625
321.28350615501404,321.28350615501404,NoButton,Move,593.83203125,385.30078125
321.29118299484253,321.29118299484253,NoButton,Move,575.23046875,371.34765625
321.2988350391388,321.2988350391388,NoButton,Move,560.80078125,355.11328125
321.307177066803,321.307177066803,NoButton,Move,538.27734375,320.734375
321.3152050971985,321.3152050971985,NoButton,Move,534.47265625,306.27734375
321.32349705696106,321.32349705696106,NoButton,Move,528.3828125,277.85546875
321.3316330909729,321.3316330909729,NoButton,Move,525.25,247.59765625
321.3399078845978,321.3399078845978,NoButton,Move,525.25,217.33984375
321.34826397895813,321.34826397895813,NoButton,Move,526.234375,190.69921875
321.35651302337646,321.35651302337646,NoButton,Move,537.3984375,164.30859375
321.36471605300903,321.36471605300903,NoButton,Move,550.8125,142.265625
321.37289094924927,321.37289094924927,NoButton,Move,568.5703125,121.54296875
321.38154196739197,321.38154196739197,NoButton,Move,591.9140625,104.28515625
321.38905000686646,321.38905000686646,NoButton,Move,615.58984375,90.46875
321.3973090648651,321.3973090648651,NoButton,Move,643.7578125,78.9921875
321.4054250717163,321.4054250717163,NoButton,Move,674.01171875,71.6875
321.4133470058441,321.4133470058441,NoButton,Move,706.16015625,67.3984375
321.42144083976746,321.42144083976746,NoButton,Move,738.30859375,66.32421875
321.4301030635834,321.4301030635834,NoButton,Move,770.45703125,66.32421875
321.43792819976807,321.43792819976807,NoButton,Move,783.64453125,66.32421875
321.4473030567169,321.4473030567169,NoButton,Move,808.55859375,69.1953125
321.4553179740906,321.4553179740906,NoButton,Move,830.19921875,74.60546875
321.46360301971436,321.46360301971436,NoButton,Move,846.45703125,80.296875
321.47385478019714,321.47385478019714,NoButton,Move,851.03125,83.34765625
321.48016905784607,321.48016905784607,NoButton,Move,869.96484375,95.0703125
321.63722586631775,321.63722586631775,NoButton,Move,871.15234375,95.0703125
321.6458740234375,321.6458740234375,NoButton,Move,875.4765625,94.5859375
321.6516909599304,321.6516909599304,NoButton,Move,882.24609375,93.45703125
321.65981793403625,321.65981793403625,NoButton,Move,889.015625,91.76171875
321.6676230430603,321.6676230430603,NoButton,Move,896.71484375,89.984375
321.67696714401245,321.67696714401245,NoButton,Move,905.3984375,88.12109375
321.6838068962097,321.6838068962097,NoButton,Move,914.08203125,86.87890625
321.6943550109863,321.6943550109863,NoButton,Move,929.859375,83.72265625
321.6996178627014,321.6996178627014,NoButton,Move,945.63671875,81.35546875
321.70791006088257,321.70791006088257,NoButton,Move,960.08984375,79.0703125
321.7174701690674,321.7174701690674,NoButton,Move,966.859375,77.94140625
321.7245421409607,321.7245421409607,NoButton,Move,978.8359375,75.82421875
321.73260498046875,321.73260498046875,NoButton,Move,988.55859375,74.52734375
321.74137806892395,321.74137806892395,NoButton,Move,992.1796875,74.07421875
321.7490668296814,321.7490668296814,NoButton,Move,998.078125,73.0
321.75735902786255,321.75735902786255,NoButton,Move,1002.40234375,72.515625
321.76560401916504,321.76560401916504,NoButton,Move,1004.78125,72.1171875
321.77405190467834,321.77405190467834,NoButton,Move,1006.625,71.375
321.7820420265198,321.7820420265198,NoButton,Move,1007.5625,71.375
321.79035210609436,321.79035210609436,NoButton,Move,1008.1328125,71.0859375
321.79836988449097,321.79836988449097,NoButton,Move,1008.41796875,70.51171875
321.8073980808258,321.8073980808258,NoButton,Move,1008.41796875,69.9375
321.8151500225067,321.8151500225067,NoButton,Move,1008.41796875,68.99609375
321.82304096221924,321.82304096221924,NoButton,Move,1008.41796875,68.421875
321.8444631099701,321.8444631099701,NoButton,Move,1008.1015625,67.48046875
321.84464597702026,321.84464597702026,NoButton,Move,1006.3984375,64.9296875
321.8471541404724,321.8471541404724,NoButton,Move,1005.45703125,64.30078125
321.8554389476776,321.8554389476776,NoButton,Move,1003.8671875,62.3125
321.86356496810913,321.86356496810913,NoButton,Move,1002.7578125,60.83203125
321.8718819618225,321.8718819618225,NoButton,Move,1001.27734375,59.3515625
321.8800070285797,321.8800070285797,NoButton,Move,1000.16796875,57.87109375
321.8884038925171,321.8884038925171,NoButton,Move,999.140625,56.84375
321.89639687538147,321.89639687538147,NoButton,Move,998.03125,55.36328125
321.9047498703003,321.9047498703003,NoButton,Move,997.40234375,54.421875
321.9127070903778,321.9127070903778,NoButton,Move,996.375,53.39453125
321.9224479198456,321.9224479198456,NoButton,Move,995.74609375,52.453125
321.9295871257782,321.9295871257782,NoButton,Move,995.4296875,51.51171875
321.93794202804565,321.93794202804565,NoButton,Move,994.80078125,50.5703125
321.9459271430969,321.9459271430969,NoButton,Move,994.171875,49.62890625
321.954824924469,321.954824924469,NoButton,Move,993.828125,48.26171875
321.9633638858795,321.9633638858795,NoButton,Move,993.484375,46.89453125
321.9722800254822,321.9722800254822,NoButton,Move,993.484375,45.046875
321.9799509048462,321.9799509048462,NoButton,Move,993.140625,43.6796875
321.9878640174866,321.9878640174866,NoButton,Move,993.140625,41.83203125
321.99678778648376,321.99678778648376,NoButton,Move,993.140625,39.98828125
322.00329303741455,322.00329303741455,NoButton,Move,993.140625,38.140625
322.01392817497253,322.01392817497253,NoButton,Move,993.140625,36.29296875
322.019327878952,322.019327878952,NoButton,Move,993.140625,34.4453125
322.03065299987793,322.03065299987793,NoButton,Move,993.140625,32.59765625
322.0354468822479,322.0354468822479,NoButton,Move,993.48046875,31.23046875
322.04696798324585,322.04696798324585,NoButton,Move,994.5859375,29.75
322.0521500110626,322.0521500110626,NoButton,Move,995.609375,28.72265625
322.0640308856964,322.0640308856964,NoButton,Move,996.1796875,28.1484375
322.0684540271759,322.0684540271759,NoButton,Move,997.1171875,27.83203125
322.09767293930054,322.09767293930054,Left,Pressed,997.1171875,27.83203125
322.1131811141968,322.1131811141968,NoButton,Move,997.3828125,27.6953125
322.19661498069763,322.19661498069763,Left,Released,997.3828125,27.6953125
322.6985969543457,322.6985969543457,NoButton,Move,996.91796875,27.6953125
322.70666098594666,322.70666098594666,NoButton,Move,996.65625,27.6953125
322.71522092819214,322.71522092819214,NoButton,Move,996.08203125,27.6953125
322.7231731414795,322.7231731414795,NoButton,Move,995.8203125,27.6953125
322.8111960887909,322.8111960887909,NoButton,Move,995.24609375,27.6953125
322.8112528324127,322.8112528324127,NoButton,Move,994.984375,27.953125
322.8113360404968,322.8113360404968,NoButton,Move,994.72265625,27.953125
322.81144094467163,322.81144094467163,NoButton,Move,994.4609375,28.2109375
322.8114929199219,322.8114929199219,NoButton,Move,994.19921875,28.2109375
322.81154918670654,322.81154918670654,NoButton,Move,993.9375,28.2109375
322.8115870952606,322.8115870952606,NoButton,Move,993.69140625,28.2109375
323.2235150337219,323.2235150337219,NoButton,Move,992.9921875,28.2109375
323.23223304748535,323.23223304748535,NoButton,Move,991.14453125,28.2109375
323.24075984954834,323.24075984954834,NoButton,Move,988.16796875,28.2109375
323.2479667663574,323.2479667663574,NoButton,Move,983.83984375,28.69140625
323.25628304481506,323.25628304481506,NoButton,Move,978.75390625,29.19921875
323.2640678882599,323.2640678882599,NoButton,Move,972.8515625,29.734375
323.2721769809723,323.2721769809723,NoButton,Move,962.02734375,30.41015625
323.2805459499359,323.2805459499359,NoButton,Move,953.33984375,31.02734375
323.289577960968,323.289577960968,NoButton,Move,948.25390625,31.53515625
323.29747700691223,323.29747700691223,NoButton,Move,940.55078125,32.125
323.30452609062195,323.30452609062195,NoButton,Move,933.77734375,32.125
323.3124530315399,323.3124530315399,NoButton,Move,927.00390625,32.6875
323.3203270435333,323.3203270435333,NoButton,Move,921.1015625,32.6875
323.32875204086304,323.32875204086304,NoButton,Move,918.71875,32.6875
323.3369209766388,323.3369209766388,NoButton,Move,915.09375,32.6875
323.35372400283813,323.35372400283813,NoButton,Move,912.7109375,32.6875
323.3538739681244,323.3538739681244,NoButton,Move,910.86328125,32.6875
323.3612699508667,323.3612699508667,NoButton,Move,909.49609375,32.6875
323.369854927063,323.369854927063,NoButton,Move,908.5546875,32.6875
323.37821412086487,323.37821412086487,NoButton,Move,907.98046875,32.6875
323.395555973053,323.395555973053,NoButton,Move,907.734375,32.6875
323.43549609184265,323.43549609184265,NoButton,Move,907.734375,32.44921875
323.4634459018707,323.4634459018707,Left,Pressed,907.734375,32.44921875
323.5800709724426,323.5800709724426,Left,Released,907.734375,32.44921875
323.6976680755615,323.6976680755615,NoButton,Move,907.5,32.44921875
323.7057099342346,323.7057099342346,NoButton,Move,907.7578125,32.44921875
323.71422004699707,323.71422004699707,NoButton,Move,909.1171875,32.44921875
323.72207713127136,323.72207713127136,NoButton,Move,910.48046875,32.44921875
323.7304620742798,323.7304620742798,NoButton,Move,912.31640625,32.44921875
323.73883295059204,323.73883295059204,NoButton,Move,914.16015625,32.44921875
323.7468810081482,323.7468810081482,NoButton,Move,916.5390625,32.44921875
323.7553930282593,323.7553930282593,NoButton,Move,918.3828125,32.44921875
323.7632610797882,323.7632610797882,NoButton,Move,921.35546875,32.44921875
323.77142906188965,323.77142906188965,NoButton,Move,924.328125,32.44921875
323.7796049118042,323.7796049118042,NoButton,Move,926.70703125,32.44921875
323.7876980304718,323.7876980304718,NoButton,Move,929.6796875,32.44921875
323.79589104652405,323.79589104652405,NoButton,Move,932.05859375,32.44921875
323.8044400215149,323.8044400215149,NoButton,Move,933.421875,32.44921875
323.81225991249084,323.81225991249084,NoButton,Move,935.80078125,32.44921875
323.8205599784851,323.8205599784851,NoButton,Move,938.1796875,32.84375
323.8287069797516,323.8287069797516,NoButton,Move,939.54296875,33.5234375
323.83700013160706,323.83700013160706,NoButton,Move,941.921875,33.91796875
323.8451590538025,323.8451590538025,NoButton,Move,943.765625,34.28515625
323.85326504707336,323.85326504707336,NoButton,Move,944.703125,34.59765625
323.86150097846985,323.86150097846985,NoButton,Move,946.06640625,34.9375
323.8691530227661,323.8691530227661,NoButton,Move,947.4296875,35.27734375
323.8776228427887,323.8776228427887,NoButton,Move,948.0,35.5625
323.88569593429565,323.88569593429565,NoButton,Move,948.9375,35.875
323.8941400051117,323.8941400051117,NoButton,Move,949.5078125,36.16015625
323.90205788612366,323.90205788612366,NoButton,Move,949.765625,36.41796875
323.9105019569397,323.9105019569397,NoButton,Move,950.0234375,36.67578125
323.9185309410095,323.9185309410095,NoButton,Move,950.28125,36.67578125
323.92691707611084,323.92691707611084,NoButton,Move,950.5390625,36.67578125
324.8349721431732,324.8349721431732,NoButton,Move,955.0078125,36.67578125
324.83506083488464,324.83506083488464,NoButton,Move,963.69140625,36.67578125
325.5512239933014,325.5512239933014,NoButton,Move,963.69140625,36.90625
325.55125403404236,325.55125403404236,NoButton,Move,962.08203125,42.8046875
325.55127215385437,325.55127215385437,NoButton,Move,958.9765625,51.48828125
325.5512878894806,325.5512878894806,NoButton,Move,956.26953125,62.30859375
325.55130410194397,325.55130410194397,NoButton,Move,952.46484375,76.76171875
325.55132007598877,325.55132007598877,NoButton,Move,948.23828125,95.35546875
325.5513780117035,325.5513780117035,NoButton,Move,944.01171875,113.94921875
325.55139899253845,325.55139899253845,NoButton,Move,944.01171875,113.94921875
325.5564079284668,325.5564079284668,NoButton,Move,932.44140625,150.96875
325.5692949295044,325.5692949295044,NoButton,Move,917.53125,193.2109375
325.5720579624176,325.5720579624176,NoButton,Move,899.734375,237.6953125
325.5796980857849,325.5796980857849,NoButton,Move,879.39453125,280.90625
325.58780097961426,325.58780097961426,NoButton,Move,854.69921875,323.7890625
325.61459589004517,325.61459589004517,NoButton,Move,828.70703125,366.671875
325.6147289276123,325.6147289276123,NoButton,Move,814.75390625,385.26953125
325.61479115486145,325.61479115486145,NoButton,Move,789.2578125,420.47265625
325.63632702827454,325.63632702827454,NoButton,Move,766.68359375,449.8125
325.63650488853455,325.63650488853455,NoButton,Move,757.15625,459.3359375
325.6383237838745,325.6383237838745,NoButton,Move,738.9453125,477.54296875
325.64531803131104,325.64531803131104,NoButton,Move,722.34765625,489.76953125
325.6576108932495,325.6576108932495,NoButton,Move,709.4140625,497.375
327.685574054718,327.685574054718,NoButton,Move,709.64453125,497.375
327.69208097457886,327.69208097457886,NoButton,Move,712.0234375,498.5625
327.7002019882202,327.7002019882202,NoButton,Move,713.8671875,499.30078125
327.7082750797272,327.7082750797272,NoButton,Move,716.24609375,500.09375
327.7165229320526,327.7165229320526,NoButton,Move,718.625,500.88671875
327.7248628139496,327.7248628139496,NoButton,Move,721.00390625,501.28125
327.8163480758667,327.8163480758667,NoButton,Move,725.328125,501.76171875
327.81644201278687,327.81644201278687,NoButton,Move,730.41015625,501.76171875
327.8165171146393,327.8165171146393,NoButton,Move,735.4921875,501.76171875
327.8166780471802,327.8166780471802,NoButton,Move,741.390625,500.6875
327.81681299209595,327.81681299209595,NoButton,Move,746.75390625,497.46875
327.8169529438019,327.8169529438019,NoButton,Move,755.1796875,491.6328125
327.81708788871765,327.81708788871765,NoButton,Move,761.3828125,485.42578125
327.8172130584717,327.8172130584717,NoButton,Move,767.86328125,477.64453125
327.81733107566833,327.81733107566833,NoButton,Move,773.6953125,469.86328125
327.81744718551636,327.81744718551636,NoButton,Move,776.234375,465.28515625
327.81757497787476,327.81757497787476,NoButton,Move,780.57421875,457.21875
327.82257604599,327.82257604599,NoButton,Move,783.53515625,449.515625
327.8308689594269,327.8308689594269,NoButton,Move,786.63671875,440.828125
327.8390989303589,327.8390989303589,NoButton,Move,788.41015625,433.125
327.84720611572266,327.84720611572266,NoButton,Move,789.59375,425.421875
327.85543274879456,327.85543274879456,NoButton,Move,790.12890625,419.51953125
327.8637511730194,327.8637511730194,NoButton,Move,790.12890625,414.43359375
327.8719210624695,327.8719210624695,NoButton,Move,790.12890625,412.05078125
327.87996792793274,327.87996792793274,NoButton,Move,790.12890625,405.27734375
327.8882291316986,327.8882291316986,NoButton,Move,789.67578125,401.65234375
327.89634799957275,327.89634799957275,NoButton,Move,787.86328125,398.02734375
327.8973648548126,327.8973648548126,NoButton,Move,787.86328125,398.02734375
327.929132938385,327.929132938385,NoButton,Move,786.05078125,394.40234375
327.92920207977295,327.92920207977295,NoButton,Move,782.99609375,390.33203125
327.9292461872101,327.9292461872101,NoButton,Move,778.03125,382.88671875
327.9299371242523,327.9299371242523,NoButton,Move,775.14453125,379.51953125
327.93760085105896,327.93760085105896,NoButton,Move,768.37890625,370.72265625
327.9470989704132,327.9470989704132,NoButton,Move,765.4921875,367.35546875
327.9539270401001,327.9539270401001,NoButton,Move,760.16015625,361.4296875
327.9629580974579,327.9629580974579,NoButton,Move,754.234375,356.09765625
327.989089012146,327.989089012146,NoButton,Move,749.71875,351.01953125
327.9892141819,327.9892141819,NoButton,Move,745.203125,345.9375
327.9893138408661,327.9893138408661,NoButton,Move,741.640625,341.8671875
327.9949400424957,327.9949400424957,NoButton,Move,738.5859375,337.796875
328.00546503067017,328.00546503067017,NoButton,Move,736.7734375,334.171875
328.0137219429016,328.0137219429016,NoButton,Move,734.84765625,329.84375
328.0195071697235,328.0195071697235,NoButton,Move,733.48828125,326.21875
328.02763509750366,328.02763509750366,NoButton,Move,732.58203125,322.59375
328.0356431007385,328.0356431007385,NoButton,Move,731.13671875,318.265625
328.04372000694275,328.04372000694275,NoButton,Move,729.77734375,314.640625
328.05196619033813,328.05196619033813,NoButton,Move,727.8515625,310.3125
328.060072183609,328.060072183609,NoButton,Move,723.703125,303.203125
328.06844997406006,328.06844997406006,NoButton,Move,718.62109375,298.6875
328.08541107177734,328.08541107177734,NoButton,Move,712.1015625,294.5390625
328.1000108718872,328.1000108718872,NoButton,Move,704.65625,289.57421875
328.1090657711029,328.1090657711029,NoButton,Move,696.58984375,285.8515625
328.10917592048645,328.10917592048645,NoButton,Move,687.51171875,281.9609375
328.1095049381256,328.1095049381256,NoButton,Move,678.43359375,277.421875
328.1176061630249,328.1176061630249,NoButton,Move,673.85546875,274.87890625
328.1330769062042,328.1330769062042,NoButton,Move,666.41015625,269.9140625
328.134272813797,328.134272813797,NoButton,Move,659.58203125,264.328125
328.15233302116394,328.15233302116394,NoButton,Move,654.25,258.40234375
328.1524269580841,328.1524269580841,NoButton,Move,647.90625,247.83203125
328.15830397605896,328.15830397605896,NoButton,Move,643.9609375,232.05078125
328.16645193099976,328.16645193099976,NoButton,Move,643.9609375,217.59375
328.1747100353241,328.1747100353241,NoButton,Move,643.9609375,210.8203125
328.1832239627838,328.1832239627838,NoButton,Move,645.25390625,201.09375
328.19118189811707,328.19118189811707,NoButton,Move,650.4375,192.6640625
328.4957091808319,328.4957091808319,NoButton,Move,654.07421875,194.359375
328.50374007225037,328.50374007225037,NoButton,Move,659.15234375,198.87109375
328.51154708862305,328.51154708862305,NoButton,Move,663.9765625,202.625
328.5206618309021,328.5206618309021,NoButton,Move,668.265625,206.9140625
328.5308859348297,328.5308859348297,NoButton,Move,672.5546875,211.203125
328.53582882881165,328.53582882881165,NoButton,Move,676.30859375,216.02734375
328.5478219985962,328.5478219985962,NoButton,Move,680.0625,220.8515625
328.5522270202637,328.5522270202637,NoButton,Move,683.11328125,224.91796875
328.5600380897522,328.5600380897522,NoButton,Move,685.65234375,229.4921875
328.56837701797485,328.56837701797485,NoButton,Move,691.0625,238.9609375
328.5807559490204,328.5807559490204,NoButton,Move,695.796875,249.10546875
328.5851700305939,328.5851700305939,NoButton,Move,699.01953125,258.78125
328.59315395355225,328.59315395355225,NoButton,Move,701.72265625,269.6015625
328.60121297836304,328.60121297836304,NoButton,Move,702.3984375,280.421875
328.6096649169922,328.6096649169922,NoButton,Move,703.1015625,292.3984375
328.617910861969,328.617910861969,NoButton,Move,703.1015625,304.375
328.62651896476746,328.62651896476746,NoButton,Move,703.1015625,317.5625
328.63416481018066,328.63416481018066,NoButton,Move,698.703125,330.75
328.6426968574524,328.6426968574524,NoButton,Move,691.85546875,343.6796875
328.65038084983826,328.65038084983826,NoButton,Move,677.0546875,366.37109375
328.6640920639038,328.6640920639038,NoButton,Move,664.375,380.73828125
328.67514419555664,328.67514419555664,NoButton,Move,656.59375,387.21875
328.6756091117859,328.6756091117859,NoButton,Move,641.375,398.20703125
328.68296003341675,328.68296003341675,NoButton,Move,626.0,407.10546875
328.6909680366516,328.6909680366516,NoButton,Move,609.65625,413.640625
328.6991319656372,328.6991319656372,NoButton,Move,593.3125,419.359375
328.70728397369385,328.70728397369385,NoButton,Move,576.15234375,422.625
328.7158329486847,328.7158329486847,NoButton,Move,561.73828125,424.8984375
328.7238850593567,328.7238850593567,NoButton,Move,554.96484375,425.4609375
328.732134103775,328.732134103775,NoButton,Move,541.7734375,425.4609375
328.74507308006287,328.74507308006287,NoButton,Move,532.046875,425.4609375
328.75738310813904,328.75738310813904,NoButton,Move,522.3203125,425.4609375
328.7575180530548,328.7575180530548,NoButton,Move,513.6328125,425.4609375
328.7646460533142,328.7646460533142,NoButton,Move,507.73046875,424.921875
328.9667880535126,328.9667880535126,NoButton,Move,511.71484375,426.1640625
328.9692339897156,328.9692339897156,NoButton,Move,514.59765625,429.52734375
328.9807360172272,328.9807360172272,NoButton,Move,519.67578125,434.60546875
328.9855749607086,328.9855749607086,NoButton,Move,525.5078125,443.03125
328.994176864624,328.994176864624,NoButton,Move,532.83203125,454.75
329.0027711391449,329.0027711391449,NoButton,Move,540.15625,466.46875
329.01043486595154,329.01043486595154,NoButton,Move,548.32421875,481.9921875
329.0185010433197,329.0185010433197,NoButton,Move,556.4921875,497.515625
329.0270459651947,329.0270459651947,NoButton,Move,572.2890625,530.2421875
329.03622603416443,329.03622603416443,NoButton,Move,586.95703125,564.09765625
329.04801201820374,329.04801201820374,NoButton,Move,600.49609375,597.953125
329.0513551235199,329.0513551235199,NoButton,Move,611.2109375,629.03125
329.05977487564087,329.05977487564087,NoButton,Move,615.60546875,642.21875
329.06769704818726,329.06769704818726,NoButton,Move,623.26953125,666.17578125
329.07611203193665,329.07611203193665,NoButton,Move,628.5078125,686.265625
329.0839829444885,329.0839829444885,NoButton,Move,630.19921875,693.03515625
332.12200379371643,332.12200379371643,NoButton,Move,630.890625,691.87890625
332.1317811012268,332.1317811012268,NoButton,Move,634.44921875,687.80859375
332.1377639770508,332.1377639770508,NoButton,Move,639.2734375,684.05078125
332.14727902412415,332.14727902412415,NoButton,Move,644.3515625,678.96875
332.1683759689331,332.1683759689331,NoButton,Move,649.4296875,674.453125
332.1684560775757,332.1684560775757,NoButton,Move,653.71875,670.16015625
332.1745808124542,332.1745808124542,NoButton,Move,661.8359375,662.0390625
332.1782817840576,332.1782817840576,NoButton,Move,665.19921875,658.671875
332.18661284446716,332.18661284446716,NoButton,Move,672.328125,651.5390625
332.1947088241577,332.1947088241577,NoButton,Move,679.15234375,645.33203125
332.2028079032898,332.2028079032898,NoButton,Move,684.734375,638.50390625
332.2114930152893,332.2114930152893,NoButton,Move,689.24609375,632.859375
332.2191400527954,332.2191400527954,NoButton,Move,692.4609375,627.4921875
332.2274889945984,332.2274889945984,NoButton,Move,695.140625,622.125
332.2355480194092,332.2355480194092,NoButton,Move,696.74609375,616.22265625
332.2441198825836,332.2441198825836,NoButton,Move,697.25390625,611.13671875
332.25218200683594,332.25218200683594,NoButton,Move,697.25390625,601.41015625
332.2648627758026,332.2648627758026,NoButton,Move,694.66015625,591.68359375
332.2685809135437,332.2685809135437,NoButton,Move,683.24609375,582.55078125
332.27687907218933,332.27687907218933,NoButton,Move,655.37890625,566.47265625
332.28501176834106,332.28501176834106,NoButton,Move,620.39453125,556.3125
332.2935137748718,332.2935137748718,NoButton,Move,538.8671875,536.74609375
332.3015511035919,332.3015511035919,NoButton,Move,468.9140625,527.62109375
332.30991983413696,332.30991983413696,NoButton,Move,430.73046875,525.3046875
332.31789898872375,332.31789898872375,NoButton,Move,358.13671875,519.125
332.36556696891785,332.36556696891785,NoButton,Move,329.71484375,519.125
332.3656768798828,332.3656768798828,NoButton,Move,270.3203125,519.125
332.36913800239563,332.36913800239563,NoButton,Move,218.51953125,519.125
332.3691771030426,332.3691771030426,NoButton,Move,176.03125,519.125
332.3693528175354,332.3693528175354,NoButton,Move,161.57421875,519.125
332.3694188594818,332.3694188594818,NoButton,Move,129.421875,522.33984375
332.3746569156647,332.3746569156647,NoButton,Move,102.78125,526.28515625
332.3828251361847,332.3828251361847,NoButton,Move,81.13671875,528.98828125
333.1949460506439,333.1949460506439,NoButton,Move,81.13671875,528.5234375
333.20251989364624,333.20251989364624,NoButton,Move,81.13671875,526.67578125
333.21074509620667,333.21074509620667,NoButton,Move,81.13671875,524.29296875
333.21871185302734,333.21871185302734,NoButton,Move,81.13671875,520.66796875
333.22772192955017,333.22772192955017,NoButton,Move,81.13671875,517.04296875
333.23515009880066,333.23515009880066,NoButton,Move,81.13671875,513.41796875
333.2433588504791,333.2433588504791,NoButton,Move,81.13671875,505.71484375
333.25122594833374,333.25122594833374,NoButton,Move,81.13671875,498.01171875
333.26002192497253,333.26002192497253,NoButton,Move,81.13671875,492.92578125
333.26755690574646,333.26755690574646,NoButton,Move,81.13671875,485.22265625
333.27697706222534,333.27697706222534,NoButton,Move,81.13671875,476.53515625
333.28395199775696,333.28395199775696,NoButton,Move,81.13671875,468.83203125
333.291944026947,333.291944026947,NoButton,Move,81.13671875,462.05859375
333.3004639148712,333.3004639148712,NoButton,Move,80.5703125,455.28515625
333.3083539009094,333.3083539009094,NoButton,Move,79.44140625,448.51171875
333.3166229724884,333.3166229724884,NoButton,Move,78.90234375,442.609375
333.324923992157,333.324923992157,NoButton,Move,77.9375,438.28125
333.3330547809601,333.3330547809601,NoButton,Move,77.42578125,433.1953125
333.34111189842224,333.34111189842224,NoButton,Move,77.0546875,431.3515625
333.35126280784607,333.35126280784607,NoButton,Move,75.4453125,425.44921875
333.35737895965576,333.35737895965576,NoButton,Move,75.07421875,423.6015625
333.36564803123474,333.36564803123474,NoButton,Move,73.8828125,421.21875
333.3739187717438,333.3739187717438,NoButton,Move,73.484375,418.8359375
333.38214898109436,333.38214898109436,NoButton,Move,72.6875,416.453125
333.3904538154602,333.3904538154602,NoButton,Move,72.00390625,415.0859375
333.39854192733765,333.39854192733765,NoButton,Move,71.26171875,413.23828125
333.4066689014435,333.4066689014435,NoButton,Move,70.578125,411.87109375
333.41468501091003,333.41468501091003,NoButton,Move,69.89453125,410.50390625
333.42315006256104,333.42315006256104,NoButton,Move,68.78515625,409.0234375
333.4313907623291,333.4313907623291,NoButton,Move,68.46875,408.08203125
333.43947100639343,333.43947100639343,NoButton,Move,67.78515625,406.71484375
333.45969796180725,333.45969796180725,NoButton,Move,67.15625,405.7734375
333.4598319530487,333.4598319530487,NoButton,Move,66.52734375,404.83203125
333.463928937912,333.463928937912,NoButton,Move,65.8984375,403.890625
333.4723870754242,333.4723870754242,NoButton,Move,65.58203125,402.94921875
333.48086810112,333.48086810112,NoButton,Move,65.0078125,402.375
333.488960981369,333.488960981369,NoButton,Move,64.71875,401.80078125
333.496887922287,333.496887922287,NoButton,Move,64.14453125,401.2265625
333.50497913360596,333.50497913360596,NoButton,Move,63.85546875,400.65234375
333.51313304901123,333.51313304901123,NoButton,Move,63.56640625,400.078125
333.52177715301514,333.52177715301514,NoButton,Move,63.56640625,399.50390625
333.5294289588928,333.5294289588928,NoButton,Move,63.27734375,398.9296875
333.53760981559753,333.53760981559753,NoButton,Move,63.27734375,398.35546875
333.54579401016235,333.54579401016235,NoButton,Move,63.27734375,397.78125
333.5541799068451,333.5541799068451,NoButton,Move,62.98828125,397.20703125
333.56254601478577,333.56254601478577,NoButton,Move,62.98828125,396.9453125
333.5714910030365,333.5714910030365,NoButton,Move,62.98828125,396.68359375
333.5786621570587,333.5786621570587,NoButton,Move,62.98828125,396.421875
333.58809995651245,333.58809995651245,NoButton,Move,62.98828125,396.16015625
333.6050720214844,333.6050720214844,NoButton,Move,62.98828125,395.9140625
334.168998003006,334.168998003006,NoButton,Move,62.98828125,395.6796875
334.18660593032837,334.18660593032837,NoButton,Move,62.98828125,395.43359375
334.19332122802734,334.19332122802734,NoButton,Move,62.98828125,394.859375
334.20148491859436,334.20148491859436,NoButton,Move,62.98828125,394.59765625
334.210284948349,334.210284948349,NoButton,Move,62.98828125,394.3359375
334.2175238132477,334.2175238132477,NoButton,Move,62.98828125,394.07421875
334.226478099823,334.226478099823,NoButton,Move,62.98828125,393.8125
334.23394083976746,334.23394083976746,NoButton,Move,62.98828125,393.55078125
334.2503340244293,334.2503340244293,NoButton,Move,62.98828125,393.3046875
334.2581958770752,334.2581958770752,NoButton,Move,62.98828125,393.04296875
334.267863035202,334.267863035202,NoButton,Move,62.98828125,392.78125
334.27461194992065,334.27461194992065,NoButton,Move,62.98828125,392.20703125
334.2831621170044,334.2831621170044,NoButton,Move,62.98828125,391.9453125
334.2907371520996,334.2907371520996,NoButton,Move,62.98828125,391.68359375
334.29918599128723,334.29918599128723,NoButton,Move,62.98828125,391.421875
334.3072900772095,334.3072900772095,NoButton,Move,63.24609375,391.16015625
334.315486907959,334.315486907959,NoButton,Move,63.24609375,390.8984375
334.3237600326538,334.3237600326538,NoButton,Move,63.24609375,390.63671875
334.3403570652008,334.3403570652008,NoButton,Move,63.24609375,390.390625
334.3566789627075,334.3566789627075,NoButton,Move,63.24609375,390.14453125
334.3646991252899,334.3646991252899,NoButton,Move,63.24609375,389.5703125
334.3728129863739,334.3728129863739,NoButton,Move,63.24609375,389.30859375
334.381019115448,334.381019115448,NoButton,Move,63.24609375,388.734375
334.38929080963135,334.38929080963135,NoButton,Move,63.24609375,388.47265625
334.39768385887146,334.39768385887146,NoButton,Move,63.24609375,387.8984375
334.40553307533264,334.40553307533264,NoButton,Move,63.24609375,387.63671875
334.4140450954437,334.4140450954437,NoButton,Move,63.24609375,387.375
334.4306831359863,334.4306831359863,NoButton,Move,63.48828125,387.12890625
334.43831992149353,334.43831992149353,NoButton,Move,63.48828125,386.8671875
334.46755504608154,334.46755504608154,NoButton,Move,63.48828125,386.3671875
334.470675945282,334.470675945282,NoButton,Move,63.48828125,386.10546875
334.47887802124023,334.47887802124023,NoButton,Move,63.48828125,385.53125
334.48710894584656,334.48710894584656,NoButton,Move,63.48828125,385.26953125
334.49568700790405,334.49568700790405,NoButton,Move,63.7734375,384.6953125
334.5043160915375,334.5043160915375,NoButton,Move,63.7734375,384.43359375
334.51209592819214,334.51209592819214,NoButton,Move,63.7734375,384.171875
334.52113819122314,334.52113819122314,NoButton,Move,63.7734375,383.91015625
334.5282621383667,334.5282621383667,NoButton,Move,63.7734375,383.6484375
334.5449388027191,334.5449388027191,NoButton,Move,63.7734375,383.40234375
334.5531470775604,334.5531470775604,NoButton,Move,63.7734375,383.140625
334.5614490509033,334.5614490509033,NoButton,Move,63.7734375,382.56640625
334.5707039833069,334.5707039833069,NoButton,Move,64.03125,382.3046875
334.57772994041443,334.57772994041443,NoButton,Move,64.03125,381.73046875
334.5867371559143,334.5867371559143,NoButton,Move,64.03125,381.46875
334.59408807754517,334.59408807754517,NoButton,Move,64.03125,380.89453125
334.602401971817,334.602401971817,NoButton,Move,64.03125,380.6328125
334.61042404174805,334.61042404174805,NoButton,Move,64.03125,380.37109375
334.62276792526245,334.62276792526245,NoButton,Move,64.03125,380.109375
334.6354191303253,334.6354191303253,NoButton,Move,64.2734375,379.86328125
334.71780705451965,334.71780705451965,NoButton,Move,64.2734375,379.62890625
334.7826430797577,334.7826430797577,NoButton,Move,64.2734375,379.39453125
334.79076385498047,334.79076385498047,NoButton,Move,64.2734375,379.1328125
334.79875087738037,334.79875087738037,NoButton,Move,64.2734375,378.55859375
334.807776927948,334.807776927948,NoButton,Move,64.2734375,378.296875
334.8152940273285,334.8152940273285,NoButton,Move,64.2734375,377.72265625
334.82447814941406,334.82447814941406,NoButton,Move,64.2734375,377.4609375
334.8317611217499,334.8317611217499,NoButton,Move,64.2734375,377.19921875
334.8394420146942,334.8394420146942,NoButton,Move,64.2734375,376.9375
334.8622817993164,334.8622817993164,NoButton,Move,64.53125,376.67578125
334.86247277259827,334.86247277259827,NoButton,Move,64.53125,376.4140625
334.88914704322815,334.88914704322815,NoButton,Move,64.53125,376.17578125
335.71621799468994,335.71621799468994,NoButton,Move,64.53125,375.48046875
335.7239029407501,335.7239029407501,NoButton,Move,64.53125,374.5390625
335.7324068546295,335.7324068546295,NoButton,Move,64.53125,373.171875
335.740681886673,335.740681886673,NoButton,Move,64.8984375,371.32421875
335.7484760284424,335.7484760284424,NoButton,Move,65.5234375,370.3828125
335.756728887558,335.756728887558,NoButton,Move,66.31640625,368.0
335.7773778438568,335.7773778438568,NoButton,Move,66.65625,366.6328125
335.77745294570923,335.77745294570923,NoButton,Move,67.9296875,363.65625
335.7812190055847,335.7812190055847,NoButton,Move,69.11328125,361.28125
335.78868293762207,335.78868293762207,NoButton,Move,70.21875,359.43359375
335.7972300052643,335.7972300052643,NoButton,Move,71.91015625,356.890625
335.8054709434509,335.8054709434509,NoButton,Move,74.03125,354.33984375
335.8134708404541,335.8134708404541,NoButton,Move,76.578125,352.21484375
335.82166600227356,335.82166600227356,NoButton,Move,79.29296875,349.49609375
335.8299150466919,335.8299150466919,NoButton,Move,85.796875,344.76171875
335.8387928009033,335.8387928009033,NoButton,Move,91.16015625,342.078125
335.8469521999359,335.8469521999359,NoButton,Move,98.859375,339.11328125
335.8559877872467,335.8559877872467,NoButton,Move,107.54296875,336.62890625
335.87175488471985,335.87175488471985,NoButton,Move,118.36328125,333.921875
335.87182998657227,335.87182998657227,NoButton,Move,130.33984375,332.51171875
335.87885189056396,335.87885189056396,NoButton,Move,142.31640625,332.51171875
335.8877079486847,335.8877079486847,NoButton,Move,154.29296875,332.51171875
335.89668798446655,335.89668798446655,NoButton,Move,167.48046875,332.51171875
335.903883934021,335.903883934021,NoButton,Move,180.66796875,334.70703125
335.91912484169006,335.91912484169006,NoButton,Move,203.6640625,344.2890625
335.9197669029236,335.9197669029236,NoButton,Move,218.37109375,354.09375
335.9282531738281,335.9282531738281,NoButton,Move,235.38671875,368.421875
335.937451839447,335.937451839447,NoButton,Move,253.59375,386.62890625
335.95952916145325,335.95952916145325,NoButton,Move,289.453125,425.14453125
335.9596109390259,335.9596109390259,NoButton,Move,300.07421875,439.03515625
335.9618721008301,335.9618721008301,NoButton,Move,320.43359375,464.75390625
335.9684269428253,335.9684269428253,NoButton,Move,339.72265625,491.54296875
335.9767689704895,335.9767689704895,NoButton,Move,359.01171875,518.33203125
336.0013129711151,336.0013129711151,NoButton,Move,372.88671875,541.03515625
336.00464391708374,336.00464391708374,NoButton,Move,380.23828125,556.55859375
336.0157217979431,336.0157217979431,NoButton,Move,384.46484375,567.828125
336.0176501274109,336.0176501274109,NoButton,Move,386.9453125,576.51171875
336.02622509002686,336.02622509002686,NoButton,Move,392.6640625,592.8515625
336.03394508361816,336.03394508361816,NoButton,Move,394.859375,606.0390625
336.04227805137634,336.04227805137634,NoButton,Move,395.53515625,616.859375
336.05063486099243,336.05063486099243,NoButton,Move,394.71875,633.9296875
336.05869793891907,336.05869793891907,NoButton,Move,389.6328125,635.453125
336.48512506484985,336.48512506484985,NoButton,Move,389.6328125,635.68359375
336.494332075119,336.494332075119,NoButton,Move,388.890625,637.52734375
336.5072729587555,336.5072729587555,NoButton,Move,386.765625,640.07421875
336.50970578193665,336.50970578193665,NoButton,Move,382.47265625,644.36328125
336.51875281333923,336.51875281333923,NoButton,Move,374.71875,650.8203125
336.52673292160034,336.52673292160034,NoButton,Move,362.54296875,659.1875
336.5339789390564,336.5339789390564,NoButton,Move,345.63671875,667.63671875
336.54223704338074,336.54223704338074,NoButton,Move,324.24609375,677.86328125
336.5502381324768,336.5502381324768,NoButton,Move,298.59375,687.7265625
336.5583930015564,336.5583930015564,NoButton,Move,269.37890625,697.11328125
336.56683588027954,336.56683588027954,NoButton,Move,240.95703125,704.21484375
336.5750482082367,336.5750482082367,NoButton,Move,210.69921875,709.4296875
336.58317399024963,336.58317399024963,NoButton,Move,180.44140625,713.6015625
336.5910198688507,336.5910198688507,NoButton,Move,152.01953125,716.64453125
336.59928798675537,336.59928798675537,NoButton,Move,140.0390625,717.34765625
336.60722494125366,336.60722494125366,NoButton,Move,116.78515625,718.27734375
336.6201169490814,336.6201169490814,NoButton,Move,109.08203125,718.27734375
336.6241400241852,336.6241400241852,NoButton,Move,93.30078125,718.27734375
336.6320412158966,336.6320412158966,NoButton,Move,81.3203125,718.98046875
336.6400318145752,336.6400318145752,NoButton,Move,71.59375,718.98046875
336.6480779647827,336.6480779647827,NoButton,Move,64.8203125,718.98046875
336.8064739704132,336.8064739704132,NoButton,Move,66.0078125,718.98046875
336.81299090385437,336.81299090385437,NoButton,Move,68.12890625,721.1015625
336.82155108451843,336.82155108451843,NoButton,Move,70.25,723.22265625
336.8286418914795,336.8286418914795,NoButton,Move,72.234375,724.80859375
336.8371150493622,336.8371150493622,NoButton,Move,74.35546875,726.9296875
336.8529739379883,336.8529739379883,NoButton,Move,75.83203125,728.40625
336.8530259132385,336.8530259132385,NoButton,Move,77.81640625,729.9921875
336.8611481189728,336.8611481189728,NoButton,Move,79.29296875,731.46875
336.86930084228516,336.86930084228516,NoButton,Move,80.3984375,732.9453125
336.87738585472107,336.87738585472107,NoButton,Move,81.875,734.05078125
336.88557505607605,336.88557505607605,NoButton,Move,83.99609375,736.171875
336.8937840461731,336.8937840461731,NoButton,Move,86.1171875,738.29296875
336.9019949436188,336.9019949436188,NoButton,Move,87.59375,739.3984375
336.9103651046753,336.9103651046753,NoButton,Move,88.6171875,740.421875
336.9182779788971,336.9182779788971,NoButton,Move,89.640625,741.4453125
336.9267029762268,336.9267029762268,NoButton,Move,90.2109375,741.73046875
336.9347381591797,336.9347381591797,NoButton,Move,90.49609375,742.30078125
336.94317603111267,336.94317603111267,NoButton,Move,90.75390625,742.55859375
336.95214104652405,336.95214104652405,NoButton,Move,91.01171875,742.81640625
336.96072006225586,336.96072006225586,NoButton,Move,91.26953125,742.81640625
336.9677789211273,336.9677789211273,NoButton,Move,91.26953125,743.07421875
336.9971749782562,336.9971749782562,Left,Pressed,91.26953125,743.07421875
337.11377811431885,337.11377811431885,Left,Released,91.26953125,743.07421875
337.704941034317,337.704941034317,NoButton,Move,91.26953125,741.9140625
337.71296191215515,337.71296191215515,NoButton,Move,91.6640625,739.53125
337.7208878993988,337.7208878993988,NoButton,Move,92.8515625,737.1484375
337.7292048931122,337.7292048931122,NoButton,Move,93.8125,732.8203125
337.73779010772705,337.73779010772705,NoButton,Move,96.1796875,725.1171875
337.74543499946594,337.74543499946594,NoButton,Move,97.87109375,718.34375
337.7541799545288,337.7541799545288,NoButton,Move,99.80859375,708.63671875
337.7671070098877,337.7671070098877,NoButton,Move,101.921875,696.65625
337.76990604400635,337.76990604400635,NoButton,Move,103.38671875,683.46484375
337.78726291656494,337.78726291656494,NoButton,Move,106.2578125,658.546875
337.78737711906433,337.78737711906433,NoButton,Move,107.12890625,638.46875
337.79462599754333,337.79462599754333,NoButton,Move,107.12890625,615.21484375
337.8028631210327,337.8028631210327,NoButton,Move,107.12890625,590.296875
337.8131220340729,337.8131220340729,NoButton,Move,107.12890625,560.0390625
337.8194260597229,337.8194260597229,NoButton,Move,107.12890625,527.88671875
337.8293709754944,337.8293709754944,NoButton,Move,106.0,491.7734375
337.8354380130768,337.8354380130768,NoButton,Move,103.7421875,455.66015625
337.85344195365906,337.85344195365906,NoButton,Move,101.484375,419.546875
337.8535280227661,337.8535280227661,NoButton,Move,101.484375,405.08984375
337.8599579334259,337.8599579334259,NoButton,Move,101.484375,378.44921875
337.8680429458618,337.8680429458618,NoButton,Move,101.484375,369.76171875
337.87658309936523,337.87658309936523,NoButton,Move,101.484375,351.1640625
337.8848159313202,337.8848159313202,NoButton,Move,101.484375,346.8359375
337.8930039405823,337.8930039405823,NoButton,Move,101.484375,337.109375
338.8615369796753,338.8615369796753,NoButton,Move,101.71484375,337.109375
338.8618059158325,338.8618059158325,NoButton,Move,104.09375,337.109375
338.8668358325958,338.8668358325958,NoButton,Move,107.06640625,337.109375
338.875296831131,338.875296831131,NoButton,Move,110.671875,337.109375
338.8833100795746,338.8833100795746,NoButton,Move,116.5703125,339.25390625
338.8915319442749,338.8915319442749,NoButton,Move,131.55859375,344.7734375
338.8999059200287,338.8999059200287,NoButton,Move,147.08203125,352.125
338.90816712379456,338.90816712379456,NoButton,Move,165.42578125,360.859375
338.9164710044861,338.9164710044861,NoButton,Move,185.8828125,372.94921875
338.92426896095276,338.92426896095276,NoButton,Move,211.25390625,387.15625
338.93272376060486,338.93272376060486,NoButton,Move,235.609375,403.39453125
338.94186305999756,338.94186305999756,NoButton,Move,261.69140625,420.0859375
338.9609818458557,338.9609818458557,NoButton,Move,285.03515625,436.32421875
338.9610860347748,338.9610860347748,NoButton,Move,294.8984375,443.3671875
338.9653100967407,338.9653100967407,NoButton,Move,314.42578125,456.38671875
338.9734220504761,338.9734220504761,NoButton,Move,320.34765625,461.71484375
338.9818580150604,338.9818580150604,NoButton,Move,332.96875,471.1796875
338.98989510536194,338.98989510536194,NoButton,Move,342.12109375,479.625
339.0107409954071,339.0107409954071,NoButton,Move,348.9453125,485.828125
339.010892868042,339.010892868042,NoButton,Move,353.45703125,490.90625
339.01414489746094,339.01414489746094,NoButton,Move,357.2109375,495.73046875
339.02222299575806,339.02222299575806,NoButton,Move,359.75,500.3046875
339.0303840637207,339.0303840637207,NoButton,Move,361.55859375,503.92578125
339.0386779308319,339.0386779308319,NoButton,Move,362.9140625,507.546875
339.0518229007721,339.0518229007721,NoButton,Move,363.39453125,511.87109375
339.0549318790436,339.0549318790436,NoButton,Move,363.84375,515.4921875
339.0629448890686,339.0629448890686,NoButton,Move,364.265625,518.46484375
339.0713589191437,339.0713589191437,NoButton,Move,364.265625,519.828125
339.0794861316681,339.0794861316681,NoButton,Move,364.265625,522.80078125
339.08765292167664,339.08765292167664,NoButton,Move,364.265625,525.1796875
339.09593200683594,339.09593200683594,NoButton,Move,364.265625,527.0234375
339.1042158603668,339.1042158603668,NoButton,Move,363.5234375,528.8671875
339.1122899055481,339.1122899055481,NoButton,Move,362.4140625,530.7109375
339.1205291748047,339.1205291748047,NoButton,Move,361.3046875,532.5546875
339.12857484817505,339.12857484817505,NoButton,Move,360.1953125,534.3984375
339.136834859848,339.136834859848,NoButton,Move,358.91796875,537.37109375
339.14508295059204,339.14508295059204,NoButton,Move,357.80859375,539.21484375
339.1531939506531,339.1531939506531,NoButton,Move,357.01171875,541.59375
339.16211700439453,339.16211700439453,NoButton,Move,356.66796875,542.95703125
339.1701180934906,339.1701180934906,NoButton,Move,355.87109375,545.3359375
339.1782441139221,339.1782441139221,NoButton,Move,355.47265625,547.71484375
339.18662905693054,339.18662905693054,NoButton,Move,355.1015625,549.55859375
339.19501399993896,339.19501399993896,NoButton,Move,355.1015625,551.40234375
339.20300793647766,339.20300793647766,NoButton,Move,355.1015625,555.0234375
339.2152428627014,339.2152428627014,NoButton,Move,355.1015625,557.99609375
339.2195072174072,339.2195072174072,NoButton,Move,355.1015625,563.89453125
339.2278130054474,339.2278130054474,NoButton,Move,357.921875,570.1015625
339.2355811595917,339.2355811595917,NoButton,Move,362.8828125,577.54296875
339.2436890602112,339.2436890602112,NoButton,Move,368.71484375,585.3203125
339.25177907943726,339.25177907943726,NoButton,Move,372.078125,588.68359375
339.2601969242096,339.2601969242096,NoButton,Move,378.28125,594.88671875
339.26806902885437,339.26806902885437,NoButton,Move,384.796875,599.625
339.2764570713043,339.2764570713043,NoButton,Move,390.4375,603.57421875
339.28467082977295,339.28467082977295,NoButton,Move,396.64453125,606.95703125
339.29323410987854,339.29323410987854,NoButton,Move,402.54296875,609.1015625
339.30087900161743,339.30087900161743,NoButton,Move,407.625,610.1171875
339.61274099349976,339.61274099349976,NoButton,Move,409.515625,610.1171875
339.62083292007446,339.62083292007446,NoButton,Move,413.83984375,611.078125
339.6285090446472,339.6285090446472,NoButton,Move,419.73828125,613.22265625
339.6364059448242,339.6364059448242,NoButton,Move,424.0625,614.6640625
339.64456391334534,339.64456391334534,NoButton,Move,429.14453125,616.1875
339.65306305885315,339.65306305885315,NoButton,Move,433.46875,617.1484375
339.661062002182,339.661062002182,NoButton,Move,437.79296875,618.58984375
339.669508934021,339.669508934021,NoButton,Move,442.1171875,619.55078125
339.6775929927826,339.6775929927826,NoButton,Move,449.81640625,621.32421875
339.686931848526,339.686931848526,NoButton,Move,457.515625,623.09765625
339.69788098335266,339.69788098335266,NoButton,Move,464.28515625,624.22265625
339.7028992176056,339.7028992176056,NoButton,Move,466.6640625,624.6171875
339.7104959487915,339.7104959487915,NoButton,Move,470.98828125,625.09765625
339.71918511390686,339.71918511390686,NoButton,Move,473.9609375,625.51953125
339.7270381450653,339.7270381450653,NoButton,Move,476.3359375,625.9140625
339.7353792190552,339.7353792190552,NoButton,Move,478.1796875,626.28125
339.74396896362305,339.74396896362305,NoButton,Move,479.1171875,626.28125
339.75168895721436,339.75168895721436,NoButton,Move,480.0546875,626.28125
339.75991582870483,339.75991582870483,NoButton,Move,480.3125,626.28125
339.767569065094,339.767569065094,NoButton,Move,480.5703125,626.28125
339.7763350009918,339.7763350009918,NoButton,Move,480.828125,626.28125
340.66882610321045,340.66882610321045,NoButton,Move,481.05859375,626.28125
340.68458104133606,340.68458104133606,NoButton,Move,481.30078125,626.28125
340.7017750740051,340.7017750740051,NoButton,Move,481.54296875,626.28125
340.72746300697327,340.72746300697327,NoButton,Move,481.78125,626.0390625
340.7431321144104,340.7431321144104,NoButton,Move,482.0234375,626.0390625
340.758150100708,340.758150100708,NoButton,Move,482.265625,626.0390625
340.76663303375244,340.76663303375244,NoButton,Move,482.265625,625.77734375
340.81125116348267,340.81125116348267,NoButton,Move,482.265625,625.5390625
340.8165159225464,340.8165159225464,NoButton,Move,482.5234375,625.5390625
340.8400459289551,340.8400459289551,NoButton,Move,482.5234375,625.296875
340.88077902793884,340.88077902793884,Left,Pressed,482.5234375,625.296875
341.0138030052185,341.0138030052185,Left,Released,482.5234375,625.296875
342.78914999961853,342.78914999961853,NoButton,Move,482.5234375,625.0625
342.79660511016846,342.79660511016846,NoButton,Move,483.62890625,623.58203125
342.80748891830444,342.80748891830444,NoButton,Move,486.51171875,620.21484375
342.81537199020386,342.81537199020386,NoButton,Move,490.80078125,615.921875
342.82172894477844,342.82172894477844,NoButton,Move,496.72265625,610.58984375
342.82978796958923,342.82978796958923,NoButton,Move,511.9375,598.75390625
342.8384020328522,342.8384020328522,NoButton,Move,525.34765625,590.07421875
342.8612451553345,342.8612451553345,NoButton,Move,542.81640625,579.58984375
342.8613250255585,342.8613250255585,NoButton,Move,561.16015625,569.98046875
342.8616750240326,342.8616750240326,NoButton,Move,571.3046875,565.2421875
342.86989879608154,342.86989879608154,NoButton,Move,589.6484375,555.6328125
342.8798179626465,342.8798179626465,NoButton,Move,608.86328125,547.76953125
342.88656997680664,342.88656997680664,NoButton,Move,625.203125,540.4140625
342.89473509788513,342.89473509788513,NoButton,Move,640.19140625,534.1015625
342.90279388427734,342.90279388427734,NoButton,Move,645.5546875,531.41796875
342.9109899997711,342.9109899997711,NoButton,Move,654.62890625,526.87890625
342.9190900325775,342.9190900325775,NoButton,Move,663.703125,522.33984375
342.92850494384766,342.92850494384766,NoButton,Move,669.91015625,518.953125
342.9354610443115,342.9354610443115,NoButton,Move,671.75390625,517.84375
342.9443287849426,342.9443287849426,NoButton,Move,675.375,516.03125
342.9520790576935,342.9520790576935,NoButton,Move,677.921875,514.328125
342.96034693717957,342.96034693717957,NoButton,Move,679.765625,513.21875
342.96895813941956,342.96895813941956,NoButton,Move,681.12890625,512.53515625
342.9771430492401,342.9771430492401,NoButton,Move,682.06640625,511.90625
342.9854350090027,342.9854350090027,NoButton,Move,682.63671875,511.6171875
342.99361300468445,342.99361300468445,NoButton,Move,682.89453125,511.6171875
343.0011281967163,343.0011281967163,NoButton,Move,683.46484375,511.328125
343.009779214859,343.009779214859,NoButton,Move,683.72265625,511.328125
343.0174570083618,343.0174570083618,NoButton,Move,683.98046875,511.328125
343.0644130706787,343.0644130706787,Left,Pressed,683.98046875,511.328125
343.0645921230316,343.0645921230316,NoButton,Move,684.09765625,511.328125
343.2571849822998,343.2571849822998,Left,Released,684.09765625,511.328125
343.3201057910919,343.3201057910919,NoButton,Move,683.3984375,511.328125
343.3278880119324,343.3278880119324,NoButton,Move,681.015625,511.328125
343.33602595329285,343.33602595329285,NoButton,Move,678.0390625,511.328125
343.34421396255493,343.34421396255493,NoButton,Move,668.3125,508.734375
343.35249185562134,343.35249185562134,NoButton,Move,655.85546875,504.3359375
343.3607578277588,343.3607578277588,NoButton,Move,630.203125,494.46875
343.36883997917175,343.36883997917175,NoButton,Move,602.796875,484.31640625
343.37703800201416,343.37703800201416,NoButton,Move,568.9375,470.7734375
343.38521790504456,343.38521790504456,NoButton,Move,526.69140625,453.37890625
343.39343094825745,343.39343094825745,NoButton,Move,477.84375,428.953125
343.40163397789,343.40163397789,NoButton,Move,424.10546875,403.49609375
343.41021513938904,343.41021513938904,NoButton,Move,371.78125,375.2109375
343.41802406311035,343.41802406311035,NoButton,Move,318.40625,343.47265625
343.42660903930664,343.42660903930664,NoButton,Move,266.08203125,313.7734375
343.4345610141754,343.4345610141754,NoButton,Move,248.609375,302.4140625
343.44293999671936,343.44293999671936,NoButton,Move,208.84765625,280.046875
343.45098304748535,343.45098304748535,NoButton,Move,196.671875,271.67578125
343.45998883247375,343.45998883247375,NoButton,Move,168.8046875,255.59765625
343.4675328731537,343.4675328731537,NoButton,Move,160.73828125,251.875
343.47539496421814,343.47539496421814,NoButton,Move,145.2109375,242.88671875
343.48398089408875,343.48398089408875,NoButton,Move,134.01171875,237.98828125
343.49203395843506,343.49203395843506,NoButton,Move,126.30859375,235.0234375
343.50009202957153,343.50009202957153,NoButton,Move,119.53515625,233.89453125
343.8133821487427,343.8133821487427,NoButton,Move,119.53515625,233.66015625
343.8214099407196,343.8214099407196,NoButton,Move,119.53515625,233.0859375
343.8286371231079,343.8286371231079,NoButton,Move,119.53515625,231.71875
343.8370339870453,343.8370339870453,NoButton,Move,119.19140625,230.3515625
343.84475111961365,343.84475111961365,NoButton,Move,118.44921875,228.50390625
343.85268807411194,343.85268807411194,NoButton,Move,117.765625,227.13671875
343.8606381416321,343.8606381416321,NoButton,Move,116.96875,224.75390625
343.86854004859924,343.86854004859924,NoButton,Move,116.33984375,223.8125
343.8885359764099,343.8885359764099,NoButton,Move,115.65625,222.4453125
343.88912081718445,343.88912081718445,NoButton,Move,114.97265625,221.078125
343.8931450843811,343.8931450843811,NoButton,Move,114.2890625,219.7109375
343.90099596977234,343.90099596977234,NoButton,Move,113.66015625,218.76953125
343.9094707965851,343.9094707965851,NoButton,Move,113.34375,217.828125
343.9175179004669,343.9175179004669,NoButton,Move,113.0546875,217.25390625
343.92631697654724,343.92631697654724,NoButton,Move,112.79296875,216.9921875
343.9339361190796,343.9339361190796,NoButton,Move,112.79296875,216.73046875
343.9420142173767,343.9420142173767,NoButton,Move,112.53125,216.46875
343.95027589797974,343.95027589797974,NoButton,Move,112.53125,216.20703125
344.0002222061157,344.0002222061157,NoButton,Move,112.53125,215.96875
344.0329451560974,344.0329451560974,NoButton,Move,112.29296875,215.73046875
344.0637421607971,344.0637421607971,Left,Pressed,112.29296875,215.73046875
344.1844460964203,344.1844460964203,Left,Released,112.29296875,215.73046875
344.92543292045593,344.92543292045593,NoButton,Move,113.453125,216.890625
344.93320393562317,344.93320393562317,NoButton,Move,116.81640625,219.7734375
344.9408450126648,344.9408450126648,NoButton,Move,121.390625,222.82421875
344.9491939544678,344.9491939544678,NoButton,Move,127.03125,226.7734375
344.9574911594391,344.9574911594391,NoButton,Move,138.75,234.09765625
344.96604108810425,344.96604108810425,NoButton,Move,153.45703125,243.90234375
344.9739351272583,344.9739351272583,NoButton,Move,173.9140625,255.0625
344.9819371700287,344.9819371700287,NoButton,Move,197.58984375,267.88671875
344.9902858734131,344.9902858734131,NoButton,Move,224.671875,282.46875
344.99864315986633,344.99864315986633,NoButton,Move,255.47265625,298.96875
345.0067870616913,345.0067870616913,NoButton,Move,289.0234375,317.4765625
345.01489090919495,345.01489090919495,NoButton,Move,348.8515625,350.3828125
345.0230791568756,345.0230791568756,NoButton,Move,384.4140625,371.71875
345.03121399879456,345.03121399879456,NoButton,Move,401.8828125,382.19921875
345.0395209789276,345.0395209789276,NoButton,Move,439.51171875,404.046875
345.04777693748474,345.04777693748474,NoButton,Move,473.88671875,425.3828125
345.05603289604187,345.05603289604187,NoButton,Move,508.26171875,446.71875
345.06422114372253,345.06422114372253,NoButton,Move,539.859375,465.90234375
345.0724310874939,345.0724310874939,NoButton,Move,569.55859375,484.6015625
345.0806140899658,345.0806140899658,NoButton,Move,597.421875,500.67578125
345.08860516548157,345.08860516548157,NoButton,Move,606.890625,506.76171875
345.0969729423523,345.0969729423523,NoButton,Move,627.34765625,518.8515625
345.1051890850067,345.1051890850067,NoButton,Move,644.81640625,529.33203125
345.11338210105896,345.11338210105896,NoButton,Move,651.33203125,533.4765625
345.12176513671875,345.12176513671875,NoButton,Move,663.05078125,540.80078125
345.1301579475403,345.1301579475403,NoButton,Move,666.21875,542.609375
345.13798213005066,345.13798213005066,NoButton,Move,671.859375,547.12109375
345.1465299129486,345.1465299129486,NoButton,Move,675.703125,549.5234375
345.15414810180664,345.15414810180664,NoButton,Move,679.06640625,552.40625
346.0867450237274,346.0867450237274,NoButton,Move,679.7578125,552.40625
346.0976228713989,346.0976228713989,NoButton,Move,681.6015625,552.7734375
346.1032700538635,346.1032700538635,NoButton,Move,683.98046875,553.9609375
346.1139738559723,346.1139738559723,NoButton,Move,687.1484375,555.76953125
346.11962699890137,346.11962699890137,NoButton,Move,691.72265625,558.30859375
346.1307728290558,346.1307728290558,NoButton,Move,698.546875,563.890625
346.1363151073456,346.1363151073456,NoButton,Move,703.36328125,567.63671875
346.14777302742004,346.14777302742004,NoButton,Move,709.28515625,572.96484375
346.1531620025635,346.1531620025635,NoButton,Move,715.48828125,579.16796875
346.1649498939514,346.1649498939514,NoButton,Move,722.3125,585.37109375
346.16922783851624,346.16922783851624,NoButton,Move,729.44140625,592.5
346.17886900901794,346.17886900901794,NoButton,Move,729.44140625,592.5
346.24103903770447,346.24103903770447,NoButton,Move,736.5703125,599.62890625
346.24106907844543,346.24106907844543,NoButton,Move,743.69921875,606.7578125
346.2410879135132,346.2410879135132,NoButton,Move,751.13671875,614.875
346.2411079406738,346.2411079406738,NoButton,Move,758.57421875,622.9921875
346.24118280410767,346.24118280410767,NoButton,Move,766.69140625,631.109375
346.2412121295929,346.2412121295929,NoButton,Move,775.14453125,640.265625
346.24123096466064,346.24123096466064,NoButton,Move,783.93359375,650.51953125
346.24124693870544,346.24124693870544,NoButton,Move,793.8203125,661.9296875
346.24212193489075,346.24212193489075,NoButton,Move,804.07421875,674.55078125
346.25280594825745,346.25280594825745,NoButton,Move,815.51171875,687.62109375
346.25918102264404,346.25918102264404,NoButton,Move,834.2890625,711.6171875
346.2669539451599,346.2669539451599,NoButton,Move,846.91015625,729.6484375
346.27585196495056,346.27585196495056,NoButton,Move,851.87109375,737.08984375
346.3017029762268,346.3017029762268,NoButton,Move,862.01171875,753.1484375
346.3018260002136,346.3018260002136,NoButton,Move,871.30859375,770.05078125
346.3019292354584,346.3019292354584,NoButton,Move,878.66015625,786.390625
346.3267729282379,346.3267729282379,NoButton,Move,885.421875,804.140625
346.32684898376465,346.32684898376465,NoButton,Move,891.140625,820.48046875
346.3269040584564,346.3269040584564,NoButton,Move,894.40625,837.63671875
346.33424615859985,346.33424615859985,NoButton,Move,896.76953125,853.4140625
346.3406958580017,346.3406958580017,NoButton,Move,897.5546875,869.19140625
346.34875679016113,346.34875679016113,NoButton,Move,897.5546875,883.64453125
346.3723509311676,346.3723509311676,NoButton,Move,897.5546875,899.421875
346.37241315841675,346.37241315841675,NoButton,Move,892.98828125,899.98046875
346.37504982948303,346.37504982948303,NoButton,Move,887.125,899.98046875
346.3930079936981,346.3930079936981,NoButton,Move,879.796875,899.98046875
346.39307594299316,346.39307594299316,NoButton,Move,871.734375,899.98046875
346.39774990081787,346.39774990081787,NoButton,Move,863.27734375,899.98046875
346.4059958457947,346.4059958457947,NoButton,Move,858.69921875,899.98046875
346.41433596611023,346.41433596611023,NoButton,Move,850.91796875,899.98046875
346.42264699935913,346.42264699935913,NoButton,Move,844.3984375,899.98046875
346.43038606643677,346.43038606643677,NoButton,Move,841.421875,899.98046875
346.43867588043213,346.43867588043213,NoButton,Move,836.84375,899.98046875
346.4469459056854,346.4469459056854,NoButton,Move,833.21875,899.98046875
346.4551510810852,346.4551510810852,NoButton,Move,830.2421875,899.98046875
346.4633319377899,346.4633319377899,NoButton,Move,827.859375,899.98046875
346.4717171192169,346.4717171192169,NoButton,Move,826.01171875,899.98046875
346.4796898365021,346.4796898365021,NoButton,Move,825.0703125,899.98046875
346.48784923553467,346.48784923553467,NoButton,Move,824.12890625,899.98046875
346.4960689544678,346.4960689544678,NoButton,Move,823.5546875,899.98046875
346.5042269229889,346.5042269229889,NoButton,Move,823.29296875,899.98046875
346.5124430656433,346.5124430656433,NoButton,Move,822.71875,899.98046875
346.52047514915466,346.52047514915466,NoButton,Move,822.4296875,899.40625
346.52878880500793,346.52878880500793,NoButton,Move,822.4296875,898.83203125
346.536926984787,346.536926984787,NoButton,Move,822.140625,898.2578125
346.5454640388489,346.5454640388489,NoButton,Move,822.140625,897.99609375
346.5533239841461,346.5533239841461,NoButton,Move,821.87890625,897.734375
346.5616810321808,346.5616810321808,NoButton,Move,821.87890625,897.47265625
346.5698399543762,346.5698399543762,NoButton,Move,821.87890625,897.2109375
346.5782940387726,346.5782940387726,NoButton,Move,821.87890625,896.94921875
346.6295750141144,346.6295750141144,NoButton,Move,821.87890625,896.7109375
346.68538093566895,346.68538093566895,NoButton,Move,821.87890625,896.47265625
346.7841420173645,346.7841420173645,NoButton,Move,821.87890625,896.23828125
347.0215480327606,347.0215480327606,NoButton,Move,820.69921875,896.23828125
347.03373885154724,347.03373885154724,NoButton,Move,816.37109375,896.23828125
347.0373389720917,347.0373389720917,NoButton,Move,804.390625,896.23828125
347.0478901863098,347.0478901863098,NoButton,Move,788.609375,897.0234375
347.05322313308716,347.05322313308716,NoButton,Move,748.30078125,897.0234375
347.06767988204956,347.06767988204956,NoButton,Move,710.1171875,897.0234375
347.0695049762726,347.0695049762726,NoButton,Move,663.08984375,897.0234375
347.0874619483948,347.0874619483948,NoButton,Move,641.4453125,897.0234375
347.08759808540344,347.08759808540344,NoButton,Move,601.13671875,895.8359375
347.09513211250305,347.09513211250305,NoButton,Move,565.0234375,893.578125
347.101726770401,347.101726770401,NoButton,Move,551.83203125,892.84375
347.1116359233856,347.1116359233856,NoButton,Move,525.19140625,890.8671875
347.11849999427795,347.11849999427795,NoButton,Move,505.09765625,890.8671875
347.1268639564514,347.1268639564514,NoButton,Move,498.32421875,890.30078125
347.1347408294678,347.1347408294678,NoButton,Move,485.1328125,890.30078125
347.1432418823242,347.1432418823242,NoButton,Move,474.30859375,889.62109375
347.1515419483185,347.1515419483185,NoButton,Move,466.60546875,889.02734375
347.1596009731293,347.1596009731293,NoButton,Move,461.51953125,888.515625
347.16773295402527,347.16773295402527,NoButton,Move,459.671875,887.7734375
347.17566990852356,347.17566990852356,NoButton,Move,453.76953125,885.625
347.47244095802307,347.47244095802307,NoButton,Move,453.3046875,885.625
347.48452401161194,347.48452401161194,NoButton,Move,448.9765625,885.625
347.4876608848572,347.4876608848572,NoButton,Move,438.15234375,885.625
347.49913692474365,347.49913692474365,NoButton,Move,423.6953125,884.86328125
347.50381684303284,347.50381684303284,NoButton,Move,403.6015625,883.98828125
347.5156660079956,347.5156660079956,NoButton,Move,380.34765625,881.1953125
347.5200400352478,347.5200400352478,NoButton,Move,351.92578125,877.1328125
347.52997493743896,347.52997493743896,NoButton,Move,338.734375,875.6640625
347.5360019207001,347.5360019207001,NoButton,Move,313.81640625,871.828125
347.5464370250702,347.5464370250702,NoButton,Move,290.5625,869.03515625
347.5523250102997,347.5523250102997,NoButton,Move,268.91796875,866.328125
347.5630359649658,347.5630359649658,NoButton,Move,251.7578125,864.69140625
347.5688171386719,347.5688171386719,NoButton,Move,245.85546875,864.15234375
347.5798890590668,347.5798890590668,NoButton,Move,232.6640625,863.41796875
347.58526396751404,347.58526396751404,NoButton,Move,222.9375,863.41796875
347.5932037830353,347.5932037830353,NoButton,Move,215.234375,863.41796875
347.6015191078186,347.6015191078186,NoButton,Move,212.8515625,863.41796875
347.6096701622009,347.6096701622009,NoButton,Move,207.765625,863.41796875
347.6178548336029,347.6178548336029,NoButton,Move,204.140625,863.41796875
347.62674283981323,347.62674283981323,NoButton,Move,201.7578125,863.41796875
347.6345100402832,347.6345100402832,NoButton,Move,200.390625,863.41796875
347.642529964447,347.642529964447,NoButton,Move,199.0234375,863.41796875
347.8402421474457,347.8402421474457,NoButton,Move,200.203125,863.41796875
347.84973788261414,347.84973788261414,NoButton,Move,206.1015625,862.87890625
347.8556070327759,347.8556070327759,NoButton,Move,214.78515625,860.39453125
347.86356806755066,347.86356806755066,NoButton,Move,225.60546875,857.6875
347.8717589378357,347.8717589378357,NoButton,Move,264.72265625,847.015625
347.87993478775024,347.87993478775024,NoButton,Move,296.87109375,840.58203125
347.88792395591736,347.88792395591736,NoButton,Move,339.35546875,833.296875
347.8962960243225,347.8962960243225,NoButton,Move,388.73828125,828.09765625
347.9043619632721,347.9043619632721,NoButton,Move,443.0078125,824.02734375
347.91299080848694,347.91299080848694,NoButton,Move,507.67578125,821.0859375
347.92088317871094,347.92088317871094,NoButton,Move,574.984375,821.0859375
347.92976903915405,347.92976903915405,NoButton,Move,644.93359375,821.0859375
347.937451839447,347.937451839447,NoButton,Move,714.8828125,827.16796875
347.94846510887146,347.94846510887146,NoButton,Move,779.55078125,837.453125
347.9536600112915,347.9536600112915,NoButton,Move,841.578125,847.546875
347.9645411968231,347.9645411968231,NoButton,Move,864.828125,853.125
347.969957113266,347.969957113266,NoButton,Move,915.296875,865.078125
347.980596780777,347.980596780777,NoButton,Move,958.78125,876.2578125
347.9863200187683,347.9863200187683,NoButton,Move,971.234375,880.65234375
348.4452531337738,348.4452531337738,NoButton,Move,969.83203125,880.65234375
348.4526650905609,348.4526650905609,NoButton,Move,962.12890625,880.65234375
348.4620461463928,348.4620461463928,NoButton,Move,952.40234375,880.65234375
348.4691438674927,348.4691438674927,NoButton,Move,940.421875,880.65234375
348.4784119129181,348.4784119129181,NoButton,Move,915.50390625,880.65234375
348.4851760864258,348.4851760864258,NoButton,Move,896.90625,880.65234375
348.49565291404724,348.49565291404724,NoButton,Move,875.26171875,880.65234375
348.50161600112915,348.50161600112915,NoButton,Move,852.0078125,879.71875
348.50975799560547,348.50975799560547,NoButton,Move,840.02734375,879.01171875
348.51806712150574,348.51806712150574,NoButton,Move,818.3828125,878.109375
348.5261580944061,348.5261580944061,NoButton,Move,798.2890625,876.359375
348.53439807891846,348.53439807891846,NoButton,Move,790.5859375,876.359375
348.5426170825958,348.5426170825958,NoButton,Move,774.8046875,875.5703125
348.5510938167572,348.5510938167572,NoButton,Move,762.83203125,874.86328125
348.5590748786926,348.5590748786926,NoButton,Move,752.0078125,874.18359375
348.5676350593567,348.5676350593567,NoButton,Move,743.3203125,874.18359375
348.5756211280823,348.5756211280823,NoButton,Move,740.9375,874.18359375
348.58387303352356,348.58387303352356,NoButton,Move,735.03515625,874.18359375
348.5920009613037,348.5920009613037,NoButton,Move,727.33203125,874.18359375
348.6003019809723,348.6003019809723,NoButton,Move,723.70703125,874.18359375
348.88853120803833,348.88853120803833,NoButton,Move,721.80859375,874.18359375
348.90073585510254,348.90073585510254,NoButton,Move,717.48046875,874.18359375
348.9037778377533,348.9037778377533,NoButton,Move,711.578125,873.64453125
348.9163308143616,348.9163308143616,NoButton,Move,704.8046875,873.078125
348.91958379745483,348.91958379745483,NoButton,Move,697.1015625,871.30078125
348.9314332008362,348.9314332008362,NoButton,Move,683.91015625,869.1015625
348.9358608722687,348.9358608722687,NoButton,Move,668.12890625,865.9453125
348.94680309295654,348.94680309295654,NoButton,Move,652.34765625,863.578125
348.9522919654846,348.9522919654846,NoButton,Move,645.57421875,862.44921875
348.96318197250366,348.96318197250366,NoButton,Move,632.3828125,860.25
348.9685468673706,348.9685468673706,NoButton,Move,621.55859375,858.21875
348.97983980178833,348.97983980178833,NoButton,Move,617.93359375,858.21875
348.9851779937744,348.9851779937744,NoButton,Move,610.23046875,857.03125
348.99331283569336,348.99331283569336,NoButton,Move,605.14453125,856.51953125
349.0012409687042,349.0012409687042,NoButton,Move,601.51953125,856.06640625
349.009516954422,349.009516954422,NoButton,Move,598.54296875,856.06640625
349.0178008079529,349.0178008079529,NoButton,Move,597.17578125,856.06640625
349.02598214149475,349.02598214149475,NoButton,Move,596.234375,856.06640625
349.0341839790344,349.0341839790344,NoButton,Move,595.66015625,856.06640625
349.04242491722107,349.04242491722107,NoButton,Move,595.3984375,856.06640625
349.23991203308105,349.23991203308105,NoButton,Move,595.62890625,856.06640625
349.2475440502167,349.2475440502167,NoButton,Move,595.88671875,856.06640625
349.26350712776184,349.26350712776184,NoButton,Move,596.12890625,856.06640625
349.2971570491791,349.2971570491791,Left,Pressed,596.12890625,856.06640625
349.41450595855713,349.41450595855713,Left,Released,596.12890625,856.06640625
349.8363380432129,349.8363380432129,NoButton,Move,596.12890625,855.6015625
349.8455469608307,349.8455469608307,NoButton,Move,596.12890625,853.75390625
349.85302805900574,349.85302805900574,NoButton,Move,596.12890625,850.77734375
349.8605270385742,349.8605270385742,NoButton,Move,596.609375,846.44921875
349.8690540790558,349.8690540790558,NoButton,Move,597.2265625,837.76171875
349.88262009620667,349.88262009620667,NoButton,Move,597.90234375,826.9375
349.9004330635071,349.9004330635071,NoButton,Move,598.83203125,803.68359375
349.9005038738251,349.9005038738251,NoButton,Move,598.83203125,783.1796875
349.90138578414917,349.90138578414917,NoButton,Move,597.87109375,758.26171875
349.90983295440674,349.90983295440674,NoButton,Move,592.80078125,729.87109375
349.9180037975311,349.9180037975311,NoButton,Move,585.296875,697.71875
349.9261519908905,349.9261519908905,NoButton,Move,570.87109375,637.1328125
349.934210062027,349.934210062027,NoButton,Move,565.96484375,619.97265625
349.94268679618835,349.94268679618835,NoButton,Move,555.55078125,582.94921875
349.9506299495697,349.9506299495697,NoButton,Move,543.98046875,545.92578125
349.9587891101837,349.9587891101837,NoButton,Move,532.9765625,512.921875
349.967031955719,349.967031955719,NoButton,Move,528.578125,499.73046875
349.97530698776245,349.97530698776245,NoButton,Move,519.953125,475.76953125
349.98342394828796,349.98342394828796,NoButton,Move,516.98828125,468.06640625
349.99188899993896,349.99188899993896,NoButton,Move,510.67578125,453.07421875
350.0000810623169,350.0000810623169,NoButton,Move,505.0390625,441.80078125
350.0079457759857,350.0079457759857,NoButton,Move,500.07421875,434.35546875
350.01749897003174,350.01749897003174,NoButton,Move,494.9921875,429.2734375
350.02483010292053,350.02483010292053,NoButton,Move,486.5625,423.4375
350.03275513648987,350.03275513648987,NoButton,Move,479.7890625,421.7421875
350.0415987968445,350.0415987968445,NoButton,Move,471.1015625,421.12109375
350.0492351055145,350.0492351055145,NoButton,Move,453.94140625,421.12109375
350.0574460029602,350.0574460029602,NoButton,Move,438.16015625,421.90625
350.06748604774475,350.06748604774475,NoButton,Move,417.41796875,430.01953125
350.07357001304626,350.07357001304626,NoButton,Move,392.04296875,443.2109375
350.0843360424042,350.0843360424042,NoButton,Move,364.17578125,459.28515625
350.10985493659973,350.10985493659973,NoButton,Move,316.09375,494.63671875
350.11017417907715,350.11017417907715,NoButton,Move,283.7890625,525.6953125
350.134192943573,350.134192943573,NoButton,Move,252.7265625,559.23828125
350.13431096076965,350.13431096076965,NoButton,Move,223.4921875,597.3671875
350.1345989704132,350.1345989704132,NoButton,Move,212.66796875,616.30078125
350.134624004364,350.134624004364,NoButton,Move,190.81640625,653.9296875
350.13889503479004,350.13889503479004,NoButton,Move,173.03125,690.67578125
350.14705300331116,350.14705300331116,NoButton,Move,158.359375,724.53125
350.155326128006,350.155326128006,NoButton,Move,146.2578125,756.43359375
350.16371488571167,350.16371488571167,NoButton,Move,136.8671875,785.64453125
350.17178988456726,350.17178988456726,NoButton,Move,129.95703125,812.28125
350.1798279285431,350.1798279285431,NoButton,Move,124.20703125,837.1953125
350.19263195991516,350.19263195991516,NoButton,Move,122.08984375,849.171875
350.19761991500854,350.19761991500854,NoButton,Move,118.59375,869.26171875
350.207927942276,350.207927942276,NoButton,Move,115.2109375,887.85546875
350.21453499794006,350.21453499794006,NoButton,Move,112.7578125,899.98046875
350.22553992271423,350.22553992271423,NoButton,Move,111.68359375,899.98046875
350.2313449382782,350.2313449382782,NoButton,Move,109.56640625,899.98046875
350.2372610569,350.2372610569,NoButton,Move,108.6015625,899.98046875
350.2454078197479,350.2454078197479,NoButton,Move,107.47265625,899.98046875
350.2588188648224,350.2588188648224,NoButton,Move,106.453125,899.98046875
350.2620179653168,350.2620179653168,NoButton,Move,105.546875,899.98046875
350.2717318534851,350.2717318534851,NoButton,Move,104.8046875,899.98046875
350.28126406669617,350.28126406669617,NoButton,Move,104.0625,899.98046875
350.2876899242401,350.2876899242401,NoButton,Move,103.43359375,899.98046875
350.2948567867279,350.2948567867279,NoButton,Move,103.14453125,899.98046875
350.30269598960876,350.30269598960876,NoButton,Move,102.8828125,899.98046875
350.31192111968994,350.31192111968994,NoButton,Move,102.30859375,899.98046875
350.3189549446106,350.3189549446106,NoButton,Move,102.30859375,899.98046875
350.32812786102295,350.32812786102295,NoButton,Move,102.046875,899.98046875
350.3460178375244,350.3460178375244,NoButton,Move,101.80078125,899.98046875
350.36839389801025,350.36839389801025,NoButton,Move,101.55859375,899.98046875
350.409451007843,350.409451007843,NoButton,Move,101.3203125,899.98046875
350.47505807876587,350.47505807876587,NoButton,Move,101.3203125,899.74609375
350.48303413391113,350.48303413391113,NoButton,Move,101.3203125,899.484375
350.4914081096649,350.4914081096649,NoButton,Move,101.3203125,898.1171875
350.5000970363617,350.5000970363617,NoButton,Move,101.3203125,896.75
350.5074689388275,350.5074689388275,NoButton,Move,103.2421875,892.421875
350.51585602760315,350.51585602760315,NoButton,Move,104.765625,887.3359375
350.5242249965668,350.5242249965668,NoButton,Move,108.484375,879.26953125
350.53212785720825,350.53212785720825,NoButton,Move,115.01953125,862.92578125
350.5402159690857,350.5402159690857,NoButton,Move,121.78125,845.171875
350.5489320755005,350.5489320755005,NoButton,Move,129.81640625,824.63671875
350.55653500556946,350.55653500556946,NoButton,Move,148.0078125,777.8515625
350.56490206718445,350.56490206718445,NoButton,Move,161.546875,743.9921875
350.57295203208923,350.57295203208923,NoButton,Move,176.453125,701.74609375
350.5812499523163,350.5812499523163,NoButton,Move,194.64453125,654.9609375
350.59053683280945,350.59053683280945,NoButton,Move,214.0390625,600.9296875
350.60664319992065,350.60664319992065,NoButton,Move,235.25,544.36328125
350.6069858074188,350.6069858074188,NoButton,Move,256.88671875,485.21875
350.6137309074402,350.6137309074402,NoButton,Move,278.5234375,426.07421875
350.62247014045715,350.62247014045715,NoButton,Move,299.734375,369.5078125
350.63287377357483,350.63287377357483,NoButton,Move,310.234375,346.59375
350.6383011341095,350.6383011341095,NoButton,Move,328.02734375,302.10546875
350.64758491516113,350.64758491516113,NoButton,Move,335.37890625,285.76171875
350.65469789505005,350.65469789505005,NoButton,Move,349.30859375,255.75390625
350.66277599334717,350.66277599334717,NoButton,Move,353.1953125,246.67578125
350.6710159778595,350.6710159778595,NoButton,Move,361.64453125,229.76953125
350.67912697792053,350.67912697792053,NoButton,Move,364.18359375,225.19140625
350.687383890152,350.687383890152,NoButton,Move,368.71875,216.11328125
350.695503950119,350.695503950119,NoButton,Move,372.86328125,209.59375
350.7037830352783,350.7037830352783,NoButton,Move,374.78515625,205.265625
350.71237897872925,350.71237897872925,NoButton,Move,376.484375,202.71484375
350.7202868461609,350.7202868461609,NoButton,Move,377.58984375,200.8671875
350.729288816452,350.729288816452,NoButton,Move,378.61328125,199.83984375
350.7364168167114,350.7364168167114,NoButton,Move,378.92578125,198.8984375
350.74565601348877,350.74565601348877,NoButton,Move,379.49609375,198.609375
350.75421500205994,350.75421500205994,NoButton,Move,379.75390625,198.34765625
350.7628698348999,350.7628698348999,NoButton,Move,380.01171875,198.0859375
350.7696108818054,350.7696108818054,NoButton,Move,380.58203125,198.0859375
350.77913999557495,350.77913999557495,NoButton,Move,380.83984375,198.0859375
350.7859070301056,350.7859070301056,NoButton,Move,381.77734375,198.0859375
350.7980179786682,350.7980179786682,NoButton,Move,382.71484375,198.3984375
350.80255699157715,350.80255699157715,NoButton,Move,384.19140625,199.875
350.8122160434723,350.8122160434723,NoButton,Move,385.77734375,201.859375
350.81855392456055,350.81855392456055,NoButton,Move,386.80078125,202.8828125
350.82915592193604,350.82915592193604,NoButton,Move,388.27734375,204.359375
350.8348460197449,350.8348460197449,NoButton,Move,390.26171875,205.9453125
350.8435308933258,350.8435308933258,NoButton,Move,392.24609375,207.53125
350.85376596450806,350.85376596450806,NoButton,Move,394.08984375,208.63671875
350.85975217819214,350.85975217819214,NoButton,Move,395.453125,208.9765625
350.86775398254395,350.86775398254395,NoButton,Move,397.296875,209.34375
350.8764719963074,350.8764719963074,NoButton,Move,398.66015625,209.68359375
350.8841121196747,350.8841121196747,NoButton,Move,400.0234375,209.68359375
350.8925049304962,350.8925049304962,NoButton,Move,401.38671875,209.68359375
350.9005239009857,350.9005239009857,NoButton,Move,402.32421875,209.3671875
350.90870809555054,350.90870809555054,NoButton,Move,403.4296875,207.51953125
350.9170000553131,350.9170000553131,NoButton,Move,404.6171875,205.13671875
350.9251980781555,350.9251980781555,NoButton,Move,406.140625,200.05078125
350.93339586257935,350.93339586257935,NoButton,Move,407.74609375,194.1484375
350.9412980079651,350.9412980079651,NoButton,Move,409.4375,187.375
350.9496839046478,350.9496839046478,NoButton,Move,411.296875,178.6875
350.95770597457886,350.95770597457886,NoButton,Move,414.67578125,167.86328125
350.96609902381897,350.96609902381897,NoButton,Move,417.60546875,154.671875
350.9743609428406,350.9743609428406,NoButton,Move,421.125,142.69140625
350.9825210571289,350.9825210571289,NoButton,Move,424.78515625,129.5
350.99064207077026,350.99064207077026,NoButton,Move,426.30859375,124.4140625
350.99907088279724,350.99907088279724,NoButton,Move,429.01171875,113.58984375
351.0070450305939,351.0070450305939,NoButton,Move,431.4921875,104.90234375
351.01523900032043,351.01523900032043,NoButton,Move,431.88671875,102.51953125
351.0233790874481,351.0233790874481,NoButton,Move,432.95703125,96.6171875
351.03161215782166,351.03161215782166,NoButton,Move,433.40625,92.9921875
351.33485674858093,351.33485674858093,NoButton,Move,433.40625,93.92578125
351.34312105178833,351.34312105178833,NoButton,Move,433.40625,96.3046875
351.3508069515228,351.3508069515228,NoButton,Move,433.40625,98.68359375
351.3596019744873,351.3596019744873,NoButton,Move,432.98046875,101.65625
351.36717414855957,351.36717414855957,NoButton,Move,431.8515625,108.42578125
351.375296831131,351.375296831131,NoButton,Move,428.74609375,117.109375
351.38351607322693,351.38351607322693,NoButton,Move,420.0078125,135.453125
351.3917100429535,351.3917100429535,NoButton,Move,411.01953125,150.16015625
351.4000129699707,351.4000129699707,NoButton,Move,399.29296875,169.09375
351.4084231853485,351.4084231853485,NoButton,Move,385.33984375,188.62109375
351.41650795936584,351.41650795936584,NoButton,Move,368.08203125,211.96484375
351.4246060848236,351.4246060848236,NoButton,Move,349.30078125,235.9609375
351.43286204338074,351.43286204338074,NoButton,Move,327.86328125,260.609375
351.4410729408264,351.4410729408264,NoButton,Move,308.0390625,284.60546875
351.4495449066162,351.4495449066162,NoButton,Move,288.21484375,308.6015625
351.4577250480652,351.4577250480652,NoButton,Move,269.9453125,330.9296875
351.46651577949524,351.46651577949524,NoButton,Move,261.15234375,341.18359375
351.4743540287018,351.4743540287018,NoButton,Move,246.26953125,359.78125
351.48243498802185,351.48243498802185,NoButton,Move,240.68359375,366.60546875
351.4905540943146,351.4905540943146,NoButton,Move,230.42578125,379.2265625
352.1148178577423,352.1148178577423,NoButton,Move,230.42578125,378.76171875
352.12015986442566,352.12015986442566,NoButton,Move,234.1796875,373.93359375
352.13112592697144,352.13112592697144,NoButton,Move,238.91796875,367.4140625
352.1367619037628,352.1367619037628,NoButton,Move,245.3984375,359.6328125
352.146821975708,352.146821975708,NoButton,Move,253.45703125,348.640625
352.15355801582336,352.15355801582336,NoButton,Move,280.7890625,312.60546875
352.16341185569763,352.16341185569763,NoButton,Move,305.08203125,282.5234375
352.16958498954773,352.16958498954773,NoButton,Move,331.78515625,248.53125
352.180193901062,352.180193901062,NoButton,Move,362.2890625,211.671875
352.1858139038086,352.1858139038086,NoButton,Move,378.09765625,194.0
352.1964259147644,352.1964259147644,NoButton,Move,409.15625,160.453125
352.2029550075531,352.2029550075531,NoButton,Move,438.2890625,128.890625
352.2143440246582,352.2143440246582,NoButton,Move,466.0546875,102.27734375
352.21870398521423,352.21870398521423,NoButton,Move,476.703125,92.38671875
352.2267508506775,352.2267508506775,NoButton,Move,497.421875,74.625
352.23504996299744,352.23504996299744,NoButton,Move,516.5859375,58.33203125
352.2434449195862,352.2434449195862,NoButton,Move,533.1796875,46.1015625
352.25129318237305,352.25129318237305,NoButton,Move,546.58984375,37.421875
352.25988388061523,352.25988388061523,NoButton,Move,551.953125,34.73828125
352.26790499687195,352.26790499687195,NoButton,Move,562.51953125,28.39453125
352.2756462097168,352.2756462097168,NoButton,Move,571.59375,23.85546875
352.28437995910645,352.28437995910645,NoButton,Move,574.56640625,22.578125
352.29303789138794,352.29303789138794,NoButton,Move,580.7734375,19.75390625
352.3007731437683,352.3007731437683,NoButton,Move,585.09765625,18.30859375
352.3087389469147,352.3087389469147,NoButton,Move,588.71875,16.94921875
352.31680703163147,352.31680703163147,NoButton,Move,590.5625,16.20703125
352.3252568244934,352.3252568244934,NoButton,Move,591.92578125,15.86328125
352.3334209918976,352.3334209918976,NoButton,Move,592.49609375,15.57421875
352.3415699005127,352.3415699005127,NoButton,Move,593.06640625,15.28515625
352.34980607032776,352.34980607032776,NoButton,Move,593.32421875,15.28515625
352.3741638660431,352.3741638660431,NoButton,Move,593.32421875,15.04296875
352.39053297042847,352.39053297042847,NoButton,Move,593.32421875,14.796875
352.398814201355,352.398814201355,NoButton,Move,593.32421875,14.53515625
352.41560101509094,352.41560101509094,NoButton,Move,593.32421875,14.2890625
352.4236888885498,352.4236888885498,NoButton,Move,593.609375,13.71484375
352.432030916214,352.432030916214,NoButton,Move,593.8671875,13.453125
352.43995904922485,352.43995904922485,NoButton,Move,594.8046875,12.82421875
352.448392868042,352.448392868042,NoButton,Move,595.7421875,12.5078125
352.45651507377625,352.45651507377625,NoButton,Move,597.10546875,12.1640625
352.4647870063782,352.4647870063782,NoButton,Move,598.46875,11.8203125
352.47268295288086,352.47268295288086,NoButton,Move,599.83203125,11.4765625
352.4819118976593,352.4819118976593,NoButton,Move,600.76953125,11.16015625
352.4887149333954,352.4887149333954,NoButton,Move,601.70703125,11.16015625
352.4970989227295,352.4970989227295,NoButton,Move,602.64453125,11.16015625
352.50527715682983,352.50527715682983,NoButton,Move,602.90234375,11.16015625
352.51407504081726,352.51407504081726,NoButton,Move,603.47265625,11.16015625
352.5212390422821,352.5212390422821,NoButton,Move,603.73046875,11.16015625
352.53071188926697,352.53071188926697,NoButton,Move,604.04296875,12.09765625
352.538046836853,352.538046836853,NoButton,Move,604.04296875,13.94140625
352.5474729537964,352.5474729537964,NoButton,Move,604.04296875,15.3046875
352.5540578365326,352.5540578365326,NoButton,Move,604.04296875,17.1484375
352.5656931400299,352.5656931400299,NoButton,Move,604.04296875,19.52734375
352.5705440044403,352.5705440044403,NoButton,Move,604.04296875,21.37109375
352.5810499191284,352.5810499191284,NoButton,Move,604.04296875,23.21484375
352.5867760181427,352.5867760181427,NoButton,Move,604.04296875,24.578125
352.5970940589905,352.5970940589905,NoButton,Move,604.04296875,25.94140625
352.6031939983368,352.6031939983368,NoButton,Move,604.04296875,27.3046875
352.61426186561584,352.61426186561584,NoButton,Move,604.04296875,27.875
352.62026500701904,352.62026500701904,NoButton,Move,604.04296875,28.4453125
352.63149881362915,352.63149881362915,NoButton,Move,604.04296875,28.703125
352.63632917404175,352.63632917404175,NoButton,Move,604.04296875,28.9609375
352.6638808250427,352.6638808250427,Left,Pressed,604.04296875,28.9609375
352.68030619621277,352.68030619621277,NoButton,Move,604.04296875,29.08203125
352.7634470462799,352.7634470462799,Left,Released,604.04296875,29.08203125
354.224750995636,354.224750995636,NoButton,Move,604.04296875,29.7734375
354.2327878475189,354.2327878475189,NoButton,Move,604.04296875,31.13671875
354.2404179573059,354.2404179573059,NoButton,Move,604.72265625,32.5
354.25048899650574,354.25048899650574,NoButton,Move,606.19921875,33.9765625
354.2568018436432,354.2568018436432,NoButton,Move,607.3046875,35.453125
354.26515793800354,354.26515793800354,NoButton,Move,609.2890625,37.0390625
354.27331018447876,354.27331018447876,NoButton,Move,610.765625,38.515625
354.2813458442688,354.2813458442688,NoButton,Move,612.75,40.1015625
354.2896239757538,354.2896239757538,NoButton,Move,614.59375,41.20703125
354.301237821579,354.301237821579,NoButton,Move,617.95703125,44.08984375
354.3057351112366,354.3057351112366,NoButton,Move,621.125,46.3515625
354.31465101242065,354.31465101242065,NoButton,Move,624.48828125,49.234375
354.32207703590393,354.32207703590393,NoButton,Move,628.33203125,51.63671875
354.33461904525757,354.33461904525757,NoButton,Move,631.5,53.8984375
354.3384737968445,354.3384737968445,NoButton,Move,632.9765625,55.00390625
354.34815979003906,354.34815979003906,NoButton,Move,636.14453125,56.8125
354.3551940917969,354.3551940917969,NoButton,Move,638.12890625,58.3984375
354.36323499679565,354.36323499679565,NoButton,Move,639.97265625,59.50390625
354.37377095222473,354.37377095222473,NoButton,Move,641.81640625,60.609375
354.37950706481934,354.37950706481934,NoButton,Move,643.1796875,61.2890625
354.38776993751526,354.38776993751526,NoButton,Move,643.75,61.57421875
354.395868062973,354.395868062973,NoButton,Move,644.6875,61.88671875
354.40405106544495,354.40405106544495,NoButton,Move,645.2578125,62.171875
354.4123628139496,354.4123628139496,NoButton,Move,645.515625,62.4296875
354.4207730293274,354.4207730293274,NoButton,Move,645.7734375,62.6875
354.4298379421234,354.4298379421234,NoButton,Move,646.03125,62.6875
354.4372351169586,354.4372351169586,NoButton,Move,646.2890625,62.6875
354.4642789363861,354.4642789363861,NoButton,Move,646.52734375,62.6875
354.80714893341064,354.80714893341064,NoButton,Move,646.7578125,62.6875
354.81393814086914,354.81393814086914,NoButton,Move,647.015625,62.9453125
354.82182598114014,354.82182598114014,NoButton,Move,647.015625,63.203125
354.8303699493408,354.8303699493408,NoButton,Move,647.2734375,63.4609375
354.83825302124023,354.83825302124023,NoButton,Move,647.55859375,64.03125
354.8477690219879,354.8477690219879,NoButton,Move,647.81640625,64.2890625
354.85473918914795,354.85473918914795,NoButton,Move,648.12890625,65.2265625
354.86385917663574,354.86385917663574,NoButton,Move,648.4140625,65.796875
354.8708999156952,354.8708999156952,NoButton,Move,648.7265625,66.734375
354.8805630207062,354.8805630207062,NoButton,Move,649.0390625,67.671875
354.88714504241943,354.88714504241943,NoButton,Move,649.609375,68.2421875
354.8968770503998,354.8968770503998,NoButton,Move,649.921875,69.1796875
354.9035391807556,354.9035391807556,NoButton,Move,650.20703125,69.75
354.91399216651917,354.91399216651917,NoButton,Move,650.4921875,70.3203125
354.9202530384064,354.9202530384064,NoButton,Move,650.77734375,70.890625
354.92988204956055,354.92988204956055,NoButton,Move,651.03515625,71.1484375
354.9362862110138,354.9362862110138,NoButton,Move,651.29296875,71.40625
354.94661116600037,354.94661116600037,NoButton,Move,651.29296875,71.6640625
354.95325899124146,354.95325899124146,NoButton,Move,651.29296875,71.921875
354.9621059894562,354.9621059894562,NoButton,Move,651.55078125,72.1796875
355.17414116859436,355.17414116859436,NoButton,Move,651.78125,72.41015625
355.18249583244324,355.18249583244324,NoButton,Move,652.40625,73.34765625
355.1907548904419,355.1907548904419,NoButton,Move,652.9765625,73.91796875
355.19866585731506,355.19866585731506,NoButton,Move,653.65625,75.28125
355.2065451145172,355.2065451145172,NoButton,Move,655.2421875,77.265625
355.2146542072296,355.2146542072296,NoButton,Move,656.34765625,78.7421875
355.22304821014404,355.22304821014404,NoButton,Move,658.046875,81.2890625
355.231369972229,355.231369972229,NoButton,Move,659.74609375,83.8359375
355.2394509315491,355.2394509315491,NoButton,Move,660.93359375,86.21484375
355.2477059364319,355.2477059364319,NoButton,Move,662.6328125,88.76171875
355.25597500801086,355.25597500801086,NoButton,Move,664.89453125,91.9296875
355.26392889022827,355.26392889022827,NoButton,Move,666.59375,94.4765625
355.27187299728394,355.27187299728394,NoButton,Move,668.40234375,97.64453125
355.28028297424316,355.28028297424316,NoButton,Move,670.2109375,100.8125
355.288302898407,355.288302898407,NoButton,Move,672.01953125,103.98046875
355.29753494262695,355.29753494262695,NoButton,Move,673.125,105.45703125
355.30515813827515,355.30515813827515,NoButton,Move,674.82421875,108.00390625
355.3141028881073,355.3141028881073,NoButton,Move,676.5234375,110.55078125
355.3211600780487,355.3211600780487,NoButton,Move,678.22265625,113.09765625
355.3303380012512,355.3303380012512,NoButton,Move,679.328125,114.9375
355.3374218940735,355.3374218940735,NoButton,Move,680.0078125,116.30078125
355.3465881347656,355.3465881347656,NoButton,Move,681.03125,117.32421875
355.3537859916687,355.3537859916687,NoButton,Move,681.34375,118.26171875
355.36306595802307,355.36306595802307,NoButton,Move,681.62890625,118.83203125
355.37008595466614,355.37008595466614,NoButton,Move,681.88671875,119.08984375
355.37980699539185,355.37980699539185,NoButton,Move,682.14453125,119.34765625
355.38679218292236,355.38679218292236,NoButton,Move,682.40234375,119.60546875
355.39785599708557,355.39785599708557,NoButton,Move,682.40234375,119.86328125
355.447793006897,355.447793006897,NoButton,Move,682.63671875,119.86328125
355.4526529312134,355.4526529312134,NoButton,Move,682.89453125,120.12109375
355.46065306663513,355.46065306663513,NoButton,Move,683.51953125,121.05859375
355.4728889465332,355.4728889465332,NoButton,Move,684.625,122.53515625
355.49178194999695,355.49178194999695,NoButton,Move,686.32421875,125.08203125
355.49184703826904,355.49184703826904,NoButton,Move,689.70703125,131.2890625
355.50061678886414,355.50061678886414,NoButton,Move,692.52734375,137.49609375
355.50100898742676,355.50100898742676,NoButton,Move,696.5859375,147.640625
355.5089581012726,355.5089581012726,NoButton,Move,699.96484375,158.4609375
355.5172231197357,355.5172231197357,NoButton,Move,707.40234375,180.78125
355.52531909942627,355.52531909942627,NoButton,Move,709.34375,190.50390625
355.5335111618042,355.5335111618042,NoButton,Move,713.28515625,206.28125
355.5416269302368,355.5416269302368,NoButton,Move,717.2265625,222.05859375
355.5500111579895,355.5500111579895,NoButton,Move,719.5078125,236.51171875
355.558119058609,355.558119058609,NoButton,Move,722.55078125,250.96484375
355.5663311481476,355.5663311481476,NoButton,Move,723.05859375,256.046875
355.57459020614624,355.57459020614624,NoButton,Move,724.41015625,266.8671875
355.58287811279297,355.58287811279297,NoButton,Move,725.59375,274.56640625
355.59092593193054,355.59092593193054,NoButton,Move,726.18359375,282.265625
355.5993299484253,355.5993299484253,NoButton,Move,726.71875,288.1640625
355.6074171066284,355.6074171066284,NoButton,Move,727.11328125,290.54296875
355.6170620918274,355.6170620918274,NoButton,Move,727.11328125,294.8671875
355.6244070529938,355.6244070529938,NoButton,Move,727.11328125,297.83984375
355.6322867870331,355.6322867870331,NoButton,Move,727.11328125,300.8125
355.6403958797455,355.6403958797455,NoButton,Move,727.11328125,302.65625
355.6485879421234,355.6485879421234,NoButton,Move,727.11328125,303.59375
355.65687799453735,355.65687799453735,NoButton,Move,727.11328125,304.53125
355.6650640964508,355.6650640964508,NoButton,Move,727.11328125,305.1015625
355.67320704460144,355.67320704460144,NoButton,Move,727.11328125,305.359375
355.68143606185913,355.68143606185913,NoButton,Move,727.11328125,305.6171875
355.68958616256714,355.68958616256714,NoButton,Move,726.8515625,305.875
355.7804489135742,355.7804489135742,NoButton,Move,726.8515625,306.10546875
355.7877790927887,355.7877790927887,NoButton,Move,726.8515625,306.67578125
355.79724311828613,355.79724311828613,NoButton,Move,726.8515625,307.61328125
355.80488991737366,355.80488991737366,NoButton,Move,726.53515625,308.55078125
355.8142910003662,355.8142910003662,NoButton,Move,726.53515625,309.9140625
355.8207800388336,355.8207800388336,NoButton,Move,726.13671875,312.29296875
355.8312129974365,355.8312129974365,NoButton,Move,725.39453125,314.13671875
355.83727979660034,355.83727979660034,NoButton,Move,725.05078125,315.5
355.84849286079407,355.84849286079407,NoButton,Move,724.65234375,317.87890625
355.8536820411682,355.8536820411682,NoButton,Move,723.85546875,320.2578125
355.8645670413971,355.8645670413971,NoButton,Move,722.94921875,323.87890625
355.87003684043884,355.87003684043884,NoButton,Move,722.60546875,325.2421875
355.88054394721985,355.88054394721985,NoButton,Move,721.86328125,327.0859375
355.8864941596985,355.8864941596985,NoButton,Move,721.06640625,329.46484375
355.8979539871216,355.8979539871216,NoButton,Move,720.32421875,331.30859375
355.9030010700226,355.9030010700226,NoButton,Move,719.58203125,333.15234375
355.91450214385986,355.91450214385986,NoButton,Move,718.8984375,334.515625
355.9192349910736,355.9192349910736,NoButton,Move,718.5546875,335.87890625
355.9317150115967,355.9317150115967,NoButton,Move,718.23828125,336.81640625
355.93565702438354,355.93565702438354,NoButton,Move,717.609375,337.75390625
355.94832396507263,355.94832396507263,NoButton,Move,717.3203125,338.32421875
355.95202803611755,355.95202803611755,NoButton,Move,717.3203125,338.89453125
355.96125888824463,355.96125888824463,NoButton,Move,717.05859375,339.15234375
355.9685468673706,355.9685468673706,NoButton,Move,717.05859375,339.41015625
355.9768190383911,355.9768190383911,NoButton,Move,716.796875,339.66796875
355.9845678806305,355.9845678806305,NoButton,Move,716.796875,339.92578125
356.1484498977661,356.1484498977661,NoButton,Move,716.796875,339.69140625
356.1566061973572,356.1566061973572,NoButton,Move,717.0546875,339.4296875
356.164598941803,356.164598941803,NoButton,Move,717.33984375,338.85546875
356.1730389595032,356.1730389595032,NoButton,Move,717.91015625,338.56640625
356.18093514442444,356.18093514442444,NoButton,Move,719.38671875,337.45703125
356.1892259120941,356.1892259120941,NoButton,Move,721.23046875,337.0859375
356.1984190940857,356.1984190940857,NoButton,Move,723.609375,336.2890625
356.20531392097473,356.20531392097473,NoButton,Move,727.23046875,335.8359375
356.2147288322449,356.2147288322449,NoButton,Move,731.5546875,335.3515625
356.2217719554901,356.2217719554901,NoButton,Move,740.23828125,335.3515625
356.2312009334564,356.2312009334564,NoButton,Move,747.9375,335.3515625
356.2381479740143,356.2381479740143,NoButton,Move,757.66015625,335.3515625
356.24878883361816,356.24878883361816,NoButton,Move,768.48046875,335.3515625
356.25441908836365,356.25441908836365,NoButton,Move,781.66796875,335.3515625
356.2650170326233,356.2650170326233,NoButton,Move,796.12109375,335.3515625
356.27082419395447,356.27082419395447,NoButton,Move,811.8984375,335.3515625
356.2820031642914,356.2820031642914,NoButton,Move,826.3515625,336.109375
356.28772020339966,356.28772020339966,NoButton,Move,842.12890625,337.68359375
356.298880815506,356.298880815506,NoButton,Move,857.90625,339.2578125
356.3045108318329,356.3045108318329,NoButton,Move,872.359375,340.77734375
356.31569814682007,356.31569814682007,NoButton,Move,878.2578125,341.3125
356.3202118873596,356.3202118873596,NoButton,Move,882.58203125,341.79296875
356.331738948822,356.331738948822,NoButton,Move,889.3515625,342.35546875
356.33740401268005,356.33740401268005,NoButton,Move,894.43359375,342.86328125
356.34687304496765,356.34687304496765,NoButton,Move,899.515625,343.37109375
356.59115409851074,356.59115409851074,NoButton,Move,899.28125,343.37109375
356.59918785095215,356.59918785095215,NoButton,Move,897.43359375,343.37109375
356.60724806785583,356.60724806785583,NoButton,Move,895.05078125,343.37109375
356.61628890037537,356.61628890037537,NoButton,Move,892.66796875,343.37109375
356.62318301200867,356.62318301200867,NoButton,Move,889.69140625,343.79296875
356.63249707221985,356.63249707221985,NoButton,Move,886.0703125,344.2421875
356.63965797424316,356.63965797424316,NoButton,Move,882.4453125,344.69140625
356.64806604385376,356.64806604385376,NoButton,Move,878.82421875,345.140625
356.65583395957947,356.65583395957947,NoButton,Move,876.9765625,345.5078125
356.6644389629364,356.6644389629364,NoButton,Move,874.00390625,345.5078125
356.67219281196594,356.67219281196594,NoButton,Move,871.62109375,345.90234375
356.68256306648254,356.68256306648254,NoButton,Move,869.23828125,345.90234375
356.68879103660583,356.68879103660583,NoButton,Move,867.3984375,345.90234375
356.6986448764801,356.6986448764801,NoButton,Move,866.03125,345.90234375
356.7049629688263,356.7049629688263,NoButton,Move,864.18359375,345.90234375
356.71377301216125,356.71377301216125,NoButton,Move,863.2421875,345.90234375
356.7210421562195,356.7210421562195,NoButton,Move,861.875,345.90234375
356.7302339076996,356.7302339076996,NoButton,Move,860.93359375,345.90234375
356.73723888397217,356.73723888397217,NoButton,Move,859.9921875,345.90234375
356.74659395217896,356.74659395217896,NoButton,Move,859.05078125,345.90234375
356.75358986854553,356.75358986854553,NoButton,Move,858.109375,345.90234375
356.7641170024872,356.7641170024872,NoButton,Move,857.16796875,345.90234375
356.77025294303894,356.77025294303894,NoButton,Move,856.2265625,345.90234375
356.781672000885,356.781672000885,NoButton,Move,855.28515625,345.90234375
356.7865619659424,356.7865619659424,NoButton,Move,854.7109375,345.90234375
356.79748010635376,356.79748010635376,NoButton,Move,854.44921875,346.16015625
356.8030891418457,356.8030891418457,NoButton,Move,854.1875,346.16015625
356.813894033432,356.813894033432,NoButton,Move,853.92578125,346.16015625
356.818963766098,356.818963766098,NoButton,Move,853.6640625,346.16015625
356.82976603507996,356.82976603507996,NoButton,Move,853.40234375,346.16015625
356.877552986145,356.877552986145,NoButton,Move,852.921875,346.16015625
356.8848512172699,356.8848512172699,NoButton,Move,852.66015625,346.41796875
356.89312195777893,356.89312195777893,NoButton,Move,851.71875,346.41796875
356.9010720252991,356.9010720252991,NoButton,Move,850.77734375,346.41796875
356.9098689556122,356.9098689556122,NoButton,Move,849.8359375,346.73046875
356.9175248146057,356.9175248146057,NoButton,Move,848.46875,346.73046875
356.92556405067444,356.92556405067444,NoButton,Move,846.0859375,346.73046875
356.93385195732117,356.93385195732117,NoButton,Move,843.703125,347.125
356.94192600250244,356.94192600250244,NoButton,Move,841.3203125,347.125
356.95037293434143,356.95037293434143,NoButton,Move,838.34375,347.125
356.95823192596436,356.95823192596436,NoButton,Move,835.3671875,347.125
356.9667420387268,356.9667420387268,NoButton,Move,831.7421875,347.57421875
356.97500681877136,356.97500681877136,NoButton,Move,827.4140625,347.57421875
356.9830439090729,356.9830439090729,NoButton,Move,822.328125,347.57421875
356.9914059638977,356.9914059638977,NoButton,Move,813.640625,347.57421875
356.99962306022644,356.99962306022644,NoButton,Move,806.8671875,347.57421875
357.00787901878357,357.00787901878357,NoButton,Move,802.5390625,347.57421875
357.0157949924469,357.0157949924469,NoButton,Move,794.8359375,347.57421875
357.0239770412445,357.0239770412445,NoButton,Move,788.0625,347.57421875
357.03233098983765,357.03233098983765,NoButton,Move,785.6796875,347.57421875
357.04048800468445,357.04048800468445,NoButton,Move,780.59375,347.57421875
357.0486249923706,357.0486249923706,NoButton,Move,776.96875,347.57421875
357.0567741394043,357.0567741394043,NoButton,Move,774.5859375,347.17578125
357.06482911109924,357.06482911109924,NoButton,Move,772.73828125,347.17578125
357.07311820983887,357.07311820983887,NoButton,Move,771.37109375,347.17578125
357.0975720882416,357.0975720882416,Left,Pressed,771.37109375,347.17578125
357.11399698257446,357.11399698257446,NoButton,Move,770.9375,347.17578125
357.1970200538635,357.1970200538635,Left,Released,770.9375,347.17578125
357.5814838409424,357.5814838409424,NoButton,Move,771.86328125,346.7109375
357.5895981788635,357.5895981788635,NoButton,Move,773.5625,344.16015625
357.59833216667175,357.59833216667175,NoButton,Move,774.8359375,341.18359375
357.6054298877716,357.6054298877716,NoButton,Move,775.73828125,337.55859375
357.6171061992645,357.6171061992645,NoButton,Move,776.1875,333.93359375
357.6218159198761,357.6218159198761,NoButton,Move,776.66796875,329.60546875
357.6299159526825,357.6299159526825,NoButton,Move,776.66796875,325.27734375
357.6380169391632,357.6380169391632,NoButton,Move,776.66796875,320.19140625
357.64806485176086,357.64806485176086,NoButton,Move,776.66796875,310.46484375
357.6546468734741,357.6546468734741,NoButton,Move,774.046875,290.37109375
357.6645140647888,357.6645140647888,NoButton,Move,767.95703125,276.67578125
357.6716477870941,357.6716477870941,NoButton,Move,760.6015625,260.33203125
357.68133997917175,357.68133997917175,NoButton,Move,750.6796875,240.4921875
357.6870551109314,357.6870551109314,NoButton,Move,737.26171875,219.40625
357.6971380710602,357.6971380710602,NoButton,Move,722.4609375,196.7109375
357.7046790122986,357.7046790122986,NoButton,Move,704.72265625,171.66796875
357.71404099464417,357.71404099464417,NoButton,Move,685.4296875,145.9453125
357.7225058078766,357.7225058078766,NoButton,Move,666.14453125,124.62890625
357.73090505599976,357.73090505599976,NoButton,Move,645.84375,104.328125
357.7381360530853,357.7381360530853,NoButton,Move,635.9765625,97.28125
357.7476499080658,357.7476499080658,NoButton,Move,620.34765625,84.2578125
357.7541711330414,357.7541711330414,NoButton,Move,613.23828125,80.109375
357.7642641067505,357.7642641067505,NoButton,Move,591.1953125,66.69140625
357.7715439796448,357.7715439796448,NoButton,Move,586.109375,65.671875
358.0555691719055,358.0555691719055,NoButton,Move,587.51953125,66.140625
358.06342911720276,358.06342911720276,NoButton,Move,591.36328125,68.54296875
358.071692943573,358.071692943573,NoButton,Move,596.4453125,70.57421875
358.0805859565735,358.0805859565735,NoButton,Move,601.80859375,73.7890625
358.0881850719452,358.0881850719452,NoButton,Move,608.015625,77.171875
358.09707498550415,358.09707498550415,NoButton,Move,622.21484375,84.26953125
358.10458397865295,358.10458397865295,NoButton,Move,637.73828125,92.4375
358.1132719516754,358.1132719516754,NoButton,Move,655.20703125,102.91796875
358.1207730770111,358.1207730770111,NoButton,Move,675.6640625,114.078125
358.1303279399872,358.1303279399872,NoButton,Move,685.80859375,118.8125
358.13704109191895,358.13704109191895,NoButton,Move,706.265625,129.97265625
358.14658403396606,358.14658403396606,NoButton,Move,724.51953125,138.6640625
358.1534628868103,358.1534628868103,NoButton,Move,742.86328125,147.3984375
358.16448307037354,358.16448307037354,NoButton,Move,749.0703125,150.78125
358.17003107070923,358.17003107070923,NoButton,Move,761.98046875,157.6171875
358.1805639266968,358.1805639266968,NoButton,Move,772.125,162.3515625
358.1861958503723,358.1861958503723,NoButton,Move,779.23046875,166.49609375
358.1976809501648,358.1976809501648,NoButton,Move,781.07421875,167.6015625
358.2026557922363,358.2026557922363,NoButton,Move,785.6484375,170.140625
358.2132079601288,358.2132079601288,NoButton,Move,788.1953125,171.83984375
358.21919298171997,358.21919298171997,NoButton,Move,789.30078125,173.31640625
358.22960090637207,358.22960090637207,NoButton,Move,789.92578125,174.25390625
358.23639702796936,358.23639702796936,NoButton,Move,790.2109375,174.82421875
358.24643301963806,358.24643301963806,NoButton,Move,790.49609375,175.39453125
358.2517840862274,358.2517840862274,NoButton,Move,790.49609375,175.96484375
358.2601230144501,358.2601230144501,NoButton,Move,790.49609375,176.53515625
358.2683250904083,358.2683250904083,NoButton,Move,790.49609375,176.79296875
358.2766680717468,358.2766680717468,NoButton,Move,790.49609375,177.36328125
358.28456115722656,358.28456115722656,NoButton,Move,790.49609375,177.93359375
358.29345202445984,358.29345202445984,NoButton,Move,790.49609375,178.50390625
358.30115389823914,358.30115389823914,NoButton,Move,790.49609375,179.07421875
358.30999398231506,358.30999398231506,NoButton,Move,790.15234375,180.4375
358.3175148963928,358.3175148963928,NoButton,Move,790.15234375,182.28125
358.32538890838623,358.32538890838623,NoButton,Move,789.75390625,184.66015625
358.33377981185913,358.33377981185913,NoButton,Move,789.75390625,187.6328125
358.3420219421387,358.3420219421387,NoButton,Move,789.21484375,193.53125
358.3714029788971,358.3714029788971,NoButton,Move,789.21484375,197.15234375
358.37151193618774,358.37151193618774,NoButton,Move,789.21484375,203.921875
358.3715980052948,358.3715980052948,NoButton,Move,789.21484375,209.8203125
358.4672029018402,358.4672029018402,NoButton,Move,789.21484375,217.51953125
358.4673011302948,358.4673011302948,NoButton,Move,789.21484375,224.2890625
358.4724180698395,358.4724180698395,NoButton,Move,789.21484375,231.05859375
358.4724450111389,358.4724450111389,NoButton,Move,789.21484375,236.95703125
358.47246289253235,358.47246289253235,NoButton,Move,789.21484375,242.85546875
358.4724929332733,358.4724929332733,NoButton,Move,789.72265625,247.9375
358.47251081466675,358.47251081466675,NoButton,Move,790.08984375,249.78125
358.4736328125,358.4736328125,NoButton,Move,790.5390625,253.40234375
358.4736568927765,358.4736568927765,NoButton,Move,791.38671875,256.375
358.4736738204956,358.4736738204956,NoButton,Move,792.1796875,258.75390625
358.4737410545349,358.4737410545349,NoButton,Move,792.57421875,261.1328125
358.4737570285797,358.4737570285797,NoButton,Move,792.9140625,262.49609375
358.4737939834595,358.4737939834595,NoButton,Move,793.25390625,263.859375
358.48058700561523,358.48058700561523,NoButton,Move,793.59375,265.22265625
358.48882818222046,358.48882818222046,NoButton,Move,793.90625,266.16015625
358.49730801582336,358.49730801582336,NoButton,Move,793.90625,267.09765625
358.50522899627686,358.50522899627686,NoButton,Move,793.90625,268.03515625
358.51335287094116,358.51335287094116,NoButton,Move,793.90625,268.97265625
358.5215919017792,358.5215919017792,NoButton,Move,793.90625,269.91015625
358.5297009944916,358.5297009944916,NoButton,Move,793.90625,270.48046875
358.53778290748596,358.53778290748596,NoButton,Move,793.58984375,271.41796875
358.54592299461365,358.54592299461365,NoButton,Move,793.015625,271.98828125
358.5542597770691,358.5542597770691,NoButton,Move,791.53515625,273.09375
358.56235098838806,358.56235098838806,NoButton,Move,790.16796875,273.7734375
358.5704171657562,358.5704171657562,NoButton,Move,788.3203125,274.140625
358.57881689071655,358.57881689071655,NoButton,Move,785.34375,274.98828125
358.5870680809021,358.5870680809021,NoButton,Move,781.71875,275.4375
358.595134973526,358.595134973526,NoButton,Move,777.390625,275.4375
358.6033990383148,358.6033990383148,NoButton,Move,769.6875,275.4375
358.61166405677795,358.61166405677795,NoButton,Move,765.359375,275.4375
358.6201820373535,358.6201820373535,NoButton,Move,758.5859375,275.4375
358.62796902656555,358.62796902656555,NoButton,Move,751.8125,273.7421875
358.6362018585205,358.6362018585205,NoButton,Move,745.0390625,272.046875
358.64558005332947,358.64558005332947,NoButton,Move,739.13671875,270.4375
358.652813911438,358.652813911438,NoButton,Move,733.234375,268.828125
358.6622619628906,358.6622619628906,NoButton,Move,730.8515625,268.4296875
358.6689488887787,358.6689488887787,NoButton,Move,727.2265625,267.0703125
358.6795690059662,358.6795690059662,NoButton,Move,723.6015625,265.7109375
358.6858048439026,358.6858048439026,NoButton,Move,721.21875,264.9140625
358.69683599472046,358.69683599472046,NoButton,Move,719.37109375,264.54296875
358.70227909088135,358.70227909088135,NoButton,Move,718.00390625,263.859375
358.7141489982605,358.7141489982605,NoButton,Move,717.0625,263.859375
358.71898198127747,358.71898198127747,NoButton,Move,716.48828125,263.5703125
358.7308020591736,358.7308020591736,NoButton,Move,716.2265625,263.30859375
358.7349479198456,358.7349479198456,NoButton,Move,715.96484375,263.30859375
358.81114411354065,358.81114411354065,NoButton,Move,716.4375,263.30859375
358.8173940181732,358.8173940181732,NoButton,Move,718.81640625,263.30859375
358.82534098625183,358.82534098625183,NoButton,Move,721.1953125,263.30859375
358.83437299728394,358.83437299728394,NoButton,Move,724.81640625,263.30859375
358.84215688705444,358.84215688705444,NoButton,Move,729.11328125,263.30859375
358.85076689720154,358.85076689720154,NoButton,Move,733.4375,263.30859375
358.85838508605957,358.85838508605957,NoButton,Move,737.76171875,263.30859375
358.866553068161,358.866553068161,NoButton,Move,742.84375,263.30859375
358.8747208118439,358.8747208118439,NoButton,Move,744.6875,263.30859375
358.8827590942383,358.8827590942383,NoButton,Move,748.30859375,263.30859375
358.8905529975891,358.8905529975891,NoButton,Move,751.28125,263.30859375
358.8991029262543,358.8991029262543,NoButton,Move,753.66015625,262.91015625
358.907212972641,358.907212972641,NoButton,Move,755.50390625,262.91015625
358.91522908210754,358.91522908210754,NoButton,Move,756.44140625,262.59375
358.9238259792328,358.9238259792328,NoButton,Move,757.37890625,262.27734375
358.93238592147827,358.93238592147827,NoButton,Move,757.94921875,261.98828125
358.93998885154724,358.93998885154724,NoButton,Move,758.20703125,261.7265625
358.9479238986969,358.9479238986969,NoButton,Move,758.46484375,261.7265625
358.95611596107483,358.95611596107483,NoButton,Move,758.72265625,261.46484375
358.97256898880005,358.97256898880005,NoButton,Move,758.96484375,261.46484375
358.98873496055603,358.98873496055603,NoButton,Move,758.96484375,261.21875
359.0223660469055,359.0223660469055,NoButton,Move,759.19921875,260.98046875
359.06429982185364,359.06429982185364,Left,Pressed,759.19921875,260.98046875
359.1812319755554,359.1812319755554,Left,Released,759.19921875,260.98046875
359.9148678779602,359.9148678779602,NoButton,Move,759.19921875,261.90234375
359.9230251312256,359.9230251312256,NoButton,Move,759.19921875,263.74609375
359.9310691356659,359.9310691356659,NoButton,Move,759.19921875,266.71875
359.9395718574524,359.9395718574524,NoButton,Move,759.62109375,269.69140625
359.94776010513306,359.94776010513306,NoButton,Move,759.62109375,273.3125
359.95577907562256,359.95577907562256,NoButton,Move,759.62109375,281.99609375
359.96446895599365,359.96446895599365,NoButton,Move,759.62109375,289.6953125
359.97253799438477,359.97253799438477,NoButton,Move,759.62109375,298.37890625
359.98075103759766,359.98075103759766,NoButton,Move,757.02734375,308.1015625
359.98973393440247,359.98973393440247,NoButton,Move,752.96484375,318.24609375
359.99763083457947,359.99763083457947,NoButton,Move,748.734375,329.515625
360.00731801986694,360.00731801986694,NoButton,Move,743.60546875,341.96875
360.014032125473,360.014032125473,NoButton,Move,738.4765625,354.421875
360.02260184288025,360.02260184288025,NoButton,Move,732.61328125,366.875
360.0311300754547,360.0311300754547,NoButton,Move,727.28515625,380.56640625
360.0404908657074,360.0404908657074,NoButton,Move,721.95703125,394.2578125
360.0476839542389,360.0476839542389,NoButton,Move,716.62890625,407.94921875
360.0533940792084,360.0533940792084,NoButton,Move,713.6640625,415.0546875
361.6102077960968,361.6102077960968,NoButton,Move,715.515625,415.0546875
361.61793398857117,361.61793398857117,NoButton,Move,719.13671875,414.6015625
361.62556886672974,361.62556886672974,NoButton,Move,727.8203125,413.359375
361.6341800689697,361.6341800689697,NoButton,Move,737.4921875,411.421875
361.64181113243103,361.64181113243103,NoButton,Move,749.46875,410.01171875
361.6502559185028,361.6502559185028,NoButton,Move,763.921875,408.48828125
361.65769696235657,361.65769696235657,NoButton,Move,779.69921875,407.69921875
361.6659450531006,361.6659450531006,NoButton,Move,795.4765625,406.91015625
361.67390394210815,361.67390394210815,NoButton,Move,814.0703125,406.91015625
361.6820619106293,361.6820619106293,NoButton,Move,832.6640625,406.91015625
361.69046115875244,361.69046115875244,NoButton,Move,851.2578125,406.91015625
361.6986439228058,361.6986439228058,NoButton,Move,868.4140625,409.359375
361.7064139842987,361.7064139842987,NoButton,Move,885.5703125,413.44140625
361.715106010437,361.715106010437,NoButton,Move,898.7578125,417.8359375
361.72329592704773,361.72329592704773,NoButton,Move,912.44921875,423.16015625
361.7315719127655,361.7315719127655,NoButton,Move,917.01171875,425.69140625
361.73936104774475,361.73936104774475,NoButton,Move,926.48046875,431.1015625
361.74796199798584,361.74796199798584,NoButton,Move,934.90625,436.93359375
361.94916009902954,361.94916009902954,NoButton,Move,934.90625,436.69921875
363.50059509277344,363.50059509277344,NoButton,Move,934.90625,436.9296875
363.50821113586426,363.50821113586426,NoButton,Move,934.90625,439.30859375
363.51667404174805,363.51667404174805,NoButton,Move,934.0546875,442.28125
363.6192810535431,363.6192810535431,NoButton,Move,931.6484375,446.125
363.619343996048,363.619343996048,NoButton,Move,929.2421875,449.96875
363.6193871498108,363.6193871498108,NoButton,Move,922.1953125,459.83203125
363.619423866272,363.619423866272,NoButton,Move,912.7265625,472.453125
363.6194610595703,363.6194610595703,NoButton,Move,899.62109375,488.17578125
363.61949610710144,363.61949610710144,NoButton,Move,869.80078125,522.9609375
363.6195318698883,363.6195318698883,NoButton,Move,846.1015625,551.171875
363.6195659637451,363.6195659637451,NoButton,Move,832.99609375,566.89453125
363.6196119785309,363.6196119785309,NoButton,Move,808.1015625,598.8984375
363.6196479797363,363.6196479797363,NoButton,Move,783.20703125,630.90234375
363.61968302726746,363.61968302726746,NoButton,Move,774.8359375,643.07421875
363.6197180747986,363.6197180747986,NoButton,Move,758.59375,666.41796875
363.62191700935364,363.62191700935364,NoButton,Move,744.640625,685.9453125
363.6300148963928,363.6300148963928,NoButton,Move,741.25390625,692.15234375
363.63797998428345,363.63797998428345,NoButton,Move,733.92578125,703.87109375
364.3027729988098,364.3027729988098,NoButton,Move,733.92578125,703.63671875
364.31582617759705,364.31582617759705,NoButton,Move,733.92578125,700.015625
364.3189890384674,364.3189890384674,NoButton,Move,733.92578125,694.11328125
364.3268508911133,364.3268508911133,NoButton,Move,733.92578125,679.65625
364.33511209487915,364.33511209487915,NoButton,Move,733.92578125,663.875
364.3439049720764,364.3439049720764,NoButton,Move,733.05078125,643.78125
364.3517680168152,364.3517680168152,NoButton,Move,730.19140625,619.02734375
364.36063981056213,364.36063981056213,NoButton,Move,726.2421875,592.38671875
364.3681478500366,364.3681478500366,NoButton,Move,721.0234375,562.12890625
364.37603282928467,364.37603282928467,NoButton,Move,715.8046875,531.87109375
364.38385915756226,364.38385915756226,NoButton,Move,709.54296875,501.61328125
364.3917169570923,364.3917169570923,NoButton,Move,706.609375,488.421875
364.39995789527893,364.39995789527893,NoButton,Move,701.81640625,463.50390625
364.40808391571045,364.40808391571045,NoButton,Move,699.33203125,454.81640625
364.41644310951233,364.41644310951233,NoButton,Move,695.24609375,437.65625
364.4248569011688,364.4248569011688,NoButton,Move,692.42578125,425.67578125
364.4327070713043,364.4327070713043,NoButton,Move,691.06640625,422.05078125
364.6874370574951,364.6874370574951,NoButton,Move,691.765625,422.05078125
364.6978988647461,364.6978988647461,NoButton,Move,694.72265625,422.05078125
364.7038240432739,364.7038240432739,NoButton,Move,699.8046875,422.05078125
364.71504497528076,364.71504497528076,NoButton,Move,705.703125,422.5859375
364.7195029258728,364.7195029258728,NoButton,Move,714.38671875,423.82421875
364.7317500114441,364.7317500114441,NoButton,Move,730.1640625,426.1875
364.736270904541,364.736270904541,NoButton,Move,750.25390625,429.6796875
364.74760389328003,364.74760389328003,NoButton,Move,775.16796875,432.55078125
364.7536680698395,364.7536680698395,NoButton,Move,803.5859375,436.609375
364.7608759403229,364.7608759403229,NoButton,Move,832.00390625,440.66796875
364.7687888145447,364.7687888145447,NoButton,Move,862.2578125,444.83984375
364.7821590900421,364.7821590900421,NoButton,Move,875.3671875,447.0234375
364.7852761745453,364.7852761745453,NoButton,Move,900.28125,451.8125
364.79367685317993,364.79367685317993,NoButton,Move,921.921875,455.41796875
364.80172300338745,364.80172300338745,NoButton,Move,940.515625,459.640625
364.8105251789093,364.8105251789093,NoButton,Move,946.4140625,461.24609375
365.08816504478455,365.08816504478455,NoButton,Move,946.4140625,462.65625
365.0974428653717,365.0974428653717,NoButton,Move,948.55859375,468.5546875
365.1039819717407,365.1039819717407,NoButton,Move,950.703125,474.453125
365.1130950450897,365.1130950450897,NoButton,Move,954.6328125,490.1796875
365.12075686454773,365.12075686454773,NoButton,Move,956.9140625,504.6328125
365.13133096694946,365.13133096694946,NoButton,Move,958.6015625,523.2265625
365.1371088027954,365.1371088027954,NoButton,Move,960.4609375,546.4765625
365.1485559940338,365.1485559940338,NoButton,Move,962.375,571.390625
365.1533348560333,365.1533348560333,NoButton,Move,963.078125,583.3671875
365.1650731563568,365.1650731563568,NoButton,Move,963.078125,606.6171875
365.16964292526245,365.16964292526245,NoButton,Move,963.078125,626.70703125
365.1822700500488,365.1822700500488,NoButton,Move,963.078125,633.4765625
365.1862151622772,365.1862151622772,NoButton,Move,962.34375,646.6640625
366.0538339614868,366.0538339614868,NoButton,Move,962.34375,645.96875
366.0624318122864,366.0624318122864,NoButton,Move,962.34375,642.3515625
366.0709009170532,366.0709009170532,NoButton,Move,961.37890625,638.0234375
366.0832622051239,366.0832622051239,NoButton,Move,957.71484375,624.83203125
366.08718085289,366.08718085289,NoButton,Move,952.19140625,609.83984375
366.09765791893005,366.09765791893005,NoButton,Move,944.078125,589.109375
366.1031620502472,366.1031620502472,NoButton,Move,925.01171875,545.89453125
366.1144049167633,366.1144049167633,NoButton,Move,906.04296875,510.328125
366.1195271015167,366.1195271015167,NoButton,Move,885.40234375,472.6953125
366.1314799785614,366.1314799785614,NoButton,Move,873.30859375,452.234375
366.13607597351074,366.13607597351074,NoButton,Move,851.45703125,414.6015625
370.99904704093933,370.99904704093933,NoButton,Move,851.45703125,414.13671875
371.00683999061584,371.00683999061584,NoButton,Move,851.45703125,413.1953125
371.0158598423004,371.0158598423004,NoButton,Move,851.11328125,411.83203125
371.0232150554657,371.0232150554657,NoButton,Move,850.4296875,410.46484375
371.03165793418884,371.03165793418884,NoButton,Move,848.83984375,408.4765625
371.03938817977905,371.03938817977905,NoButton,Move,844.32421875,402.83203125
371.04763007164,371.04763007164,NoButton,Move,839.2421875,397.75
371.05595898628235,371.05595898628235,NoButton,Move,826.16796875,386.30859375
371.06562399864197,371.06562399864197,NoButton,Move,811.45703125,376.5
371.07248187065125,371.07248187065125,NoButton,Move,794.859375,365.14453125
371.0824291706085,371.0824291706085,NoButton,Move,774.3984375,353.05078125
371.0884258747101,371.0884258747101,NoButton,Move,752.35546875,340.58984375
371.09788513183594,371.09788513183594,NoButton,Move,741.08203125,336.359375
371.1047468185425,371.1047468185425,NoButton,Move,722.734375,327.62109375
371.1138620376587,371.1138620376587,NoButton,Move,706.390625,321.8984375
371.1211459636688,371.1211459636688,NoButton,Move,699.6171875,321.33203125
371.1309790611267,371.1309790611267,NoButton,Move,687.63671875,319.21484375
371.1386799812317,371.1386799812317,NoButton,Move,676.8125,318.53515625
371.14632391929626,371.14632391929626,NoButton,Move,668.125,318.53515625
371.1537940502167,371.1537940502167,NoButton,Move,661.3515625,318.53515625
371.16322088241577,371.16322088241577,NoButton,Move,654.578125,318.53515625
371.5652368068695,371.5652368068695,NoButton,Move,654.80859375,318.53515625
371.57137799263,371.57137799263,NoButton,Move,659.1328125,318.53515625
371.57996892929077,371.57996892929077,NoButton,Move,664.19921875,318.53515625
371.58903789520264,371.58903789520264,NoButton,Move,670.96875,319.09765625
371.5984380245209,371.5984380245209,NoButton,Move,678.59765625,320.26953125
371.6052031517029,371.6052031517029,NoButton,Move,694.375,322.6328125
371.6131889820099,371.6131889820099,NoButton,Move,712.96875,325.16796875
371.62105417251587,371.62105417251587,NoButton,Move,736.21875,328.88671875
371.63088393211365,371.63088393211365,NoButton,Move,761.1328125,331.7578125
371.6371591091156,371.6371591091156,NoButton,Move,786.046875,336.546875
371.6485469341278,371.6485469341278,NoButton,Move,812.68359375,340.4921875
371.65319204330444,371.65319204330444,NoButton,Move,824.66015625,342.60546875
371.6648690700531,371.6648690700531,NoButton,Move,847.91015625,347.25390625
371.6696538925171,371.6696538925171,NoButton,Move,855.609375,348.4375
371.6824858188629,371.6824858188629,NoButton,Move,872.765625,351.703125
371.6859140396118,371.6859140396118,NoButton,Move,884.7421875,353.81640625
371.69844913482666,371.69844913482666,NoButton,Move,888.36328125,354.265625
371.7023878097534,371.7023878097534,NoButton,Move,896.0625,355.44921875
371.71542501449585,371.71542501449585,NoButton,Move,900.38671875,355.9296875
371.7214539051056,371.7214539051056,NoButton,Move,904.7109375,356.41015625
371.95648097991943,371.95648097991943,NoButton,Move,906.125,356.41015625
371.9651880264282,371.9651880264282,NoButton,Move,909.734375,358.21484375
371.97344303131104,371.97344303131104,NoButton,Move,914.30859375,361.265625
371.98171305656433,371.98171305656433,NoButton,Move,919.671875,364.48046875
371.989403963089,371.989403963089,NoButton,Move,925.03515625,367.6953125
371.9977660179138,371.9977660179138,NoButton,Move,931.55078125,371.83984375
372.0052149295807,372.0052149295807,NoButton,Move,938.65625,375.984375
372.0151038169861,372.0151038169861,NoButton,Move,945.171875,380.72265625
372.02148389816284,372.02148389816284,NoButton,Move,967.86328125,395.51953125
372.0314600467682,372.0314600467682,NoButton,Move,975.640625,401.3515625
372.0378019809723,372.0378019809723,NoButton,Move,990.0078125,413.18359375
372.0483260154724,372.0483260154724,NoButton,Move,1003.8984375,423.8046875
372.05415201187134,372.05415201187134,NoButton,Move,1015.73046875,434.84765625
372.0622019767761,372.0622019767761,NoButton,Move,1027.5625,445.890625
372.07084608078003,372.07084608078003,NoButton,Move,1031.31640625,450.71484375
372.0832087993622,372.0832087993622,NoButton,Move,1038.078125,459.5078125
372.0872049331665,372.0872049331665,NoButton,Move,1042.61328125,468.58203125
372.0985450744629,372.0985450744629,NoButton,Move,1045.57421875,476.28125
372.1033310890198,372.1033310890198,NoButton,Move,1048.50390625,489.46875
372.11519503593445,372.11519503593445,NoButton,Move,1048.50390625,497.16796875
372.11989998817444,372.11989998817444,NoButton,Move,1046.7265625,504.8671875
372.1320049762726,372.1320049762726,NoButton,Move,1041.5390625,513.29296875
372.13625597953796,372.13625597953796,NoButton,Move,1034.7734375,522.0859375
372.147989988327,372.147989988327,NoButton,Move,1027.01953125,531.94921875
372.1527011394501,372.1527011394501,NoButton,Move,1018.5625,541.10546875
372.16111493110657,372.16111493110657,NoButton,Move,1007.91015625,550.9921875
372.1690170764923,372.1690170764923,NoButton,Move,997.2578125,561.640625
372.18185114860535,372.18185114860535,NoButton,Move,987.73046875,571.1640625
372.18545293807983,372.18545293807983,NoButton,Move,978.5703125,579.6171875
372.19367003440857,372.19367003440857,NoButton,Move,974.27734375,583.90625
372.20211911201477,372.20211911201477,NoButton,Move,966.15625,591.34375
372.21040987968445,372.21040987968445,NoButton,Move,959.0234375,598.47265625
372.2184979915619,372.2184979915619,NoButton,Move,952.81640625,604.67578125
372.22708010673523,372.22708010673523,NoButton,Move,947.734375,609.75390625
372.2349338531494,372.2349338531494,NoButton,Move,942.65234375,614.265625
372.2427890300751,372.2427890300751,NoButton,Move,939.08984375,618.33203125
372.25113797187805,372.25113797187805,NoButton,Move,937.5078125,620.30859375
372.25879311561584,372.25879311561584,NoButton,Move,934.7890625,623.0234375
373.1515829563141,373.1515829563141,NoButton,Move,935.25,623.0234375
373.1612467765808,373.1612467765808,NoButton,Move,938.828125,623.0234375
373.1680209636688,373.1680209636688,NoButton,Move,943.15234375,623.50390625
373.17766213417053,373.17766213417053,NoButton,Move,946.7734375,624.859375
373.1851589679718,373.1851589679718,NoButton,Move,951.09765625,625.8203125
373.19394302368164,373.19394302368164,NoButton,Move,954.71875,627.17578125
373.2002580165863,373.2002580165863,NoButton,Move,958.33984375,628.078125
373.2080428600311,373.2080428600311,NoButton,Move,961.9609375,628.98046875
373.2163031101227,373.2163031101227,NoButton,Move,964.93359375,629.40234375
373.2246308326721,373.2246308326721,NoButton,Move,970.015625,630.92578125
373.23305106163025,373.23305106163025,NoButton,Move,972.39453125,631.3203125
373.24127984046936,373.24127984046936,NoButton,Move,976.71875,632.28125
373.24934220314026,373.24934220314026,NoButton,Move,979.69140625,632.703125
373.2577278614044,373.2577278614044,NoButton,Move,981.53515625,633.0703125
373.266065120697,373.266065120697,NoButton,Move,982.8984375,633.41015625
373.2742819786072,373.2742819786072,NoButton,Move,983.8359375,633.41015625
373.2822277545929,373.2822277545929,NoButton,Move,984.40625,633.41015625
373.29081320762634,373.29081320762634,NoButton,Move,984.6640625,633.41015625
373.3073618412018,373.3073618412018,NoButton,Move,981.90625,633.41015625
373.31539011001587,373.31539011001587,NoButton,Move,971.1484375,633.41015625
373.3237679004669,373.3237679004669,NoButton,Move,956.69140625,631.88671875
373.3318829536438,373.3318829536438,NoButton,Move,935.046875,628.27734375
373.3398780822754,373.3398780822754,NoButton,Move,906.625,624.21484375
373.347620010376,373.347620010376,NoButton,Move,876.3671875,617.953125
373.3569369316101,373.3569369316101,NoButton,Move,842.26171875,611.3515625
373.365061044693,373.365061044693,NoButton,Move,810.109375,604.91796875
373.37235593795776,373.37235593795776,NoButton,Move,795.65234375,601.11328125
373.382040977478,373.382040977478,NoButton,Move,769.01171875,594.203125
373.38826298713684,373.38826298713684,NoButton,Move,745.7578125,588.62109375
373.39820194244385,373.39820194244385,NoButton,Move,738.9921875,586.36328125
373.40464901924133,373.40464901924133,NoButton,Move,723.2109375,583.20703125
373.41500902175903,373.41500902175903,NoButton,Move,718.8828125,582.2421875
373.4209849834442,373.4209849834442,NoButton,Move,710.1953125,580.37890625
373.432147026062,373.432147026062,NoButton,Move,704.30859375,579.30859375
373.4375319480896,373.4375319480896,NoButton,Move,699.98046875,578.34375
378.66132402420044,378.66132402420044,NoButton,Move,701.1328125,578.34375
378.66987586021423,378.66987586021423,NoButton,Move,704.10546875,577.4921875
378.67767906188965,378.67767906188965,NoButton,Move,710.00390625,575.8828125
378.68522906303406,378.68522906303406,NoButton,Move,715.90234375,573.734375
378.6940670013428,378.6940670013428,NoButton,Move,722.671875,571.4765625
378.7029438018799,378.7029438018799,NoButton,Move,731.35546875,569.61328125
378.7107298374176,378.7107298374176,NoButton,Move,743.33203125,567.49609375
378.717679977417,378.717679977417,NoButton,Move,756.51953125,566.02734375
378.72760105133057,378.72760105133057,NoButton,Move,770.97265625,564.50390625
378.73491191864014,378.73491191864014,NoButton,Move,788.12890625,564.50390625
378.74244499206543,378.74244499206543,NoButton,Move,805.28515625,564.50390625
378.75065422058105,378.75065422058105,NoButton,Move,821.0625,564.50390625
378.7584459781647,378.7584459781647,NoButton,Move,838.21875,564.50390625
378.7670440673828,378.7670440673828,NoButton,Move,852.5546875,565.2578125
378.7753109931946,378.7753109931946,NoButton,Move,867.0078125,568.30078125
378.78455996513367,378.78455996513367,NoButton,Move,872.08984375,570.33203125
378.7920460700989,378.7920460700989,NoButton,Move,880.7578125,573.42578125
378.7997169494629,378.7997169494629,NoButton,Move,883.92578125,575.234375
378.8083939552307,378.8083939552307,NoButton,Move,889.2890625,577.9140625
379.73381996154785,379.73381996154785,NoButton,Move,889.51953125,577.44921875
379.74110412597656,379.74110412597656,NoButton,Move,892.234375,574.73046875
379.7494869232178,379.7494869232178,NoButton,Move,895.59765625,571.84375
379.75764298439026,379.75764298439026,NoButton,Move,899.15625,567.7734375
379.7657849788666,379.7657849788666,NoButton,Move,906.28515625,560.640625
379.77394795417786,379.77394795417786,NoButton,Move,913.109375,554.43359375
379.7819209098816,379.7819209098816,NoButton,Move,920.546875,546.3125
379.7901690006256,379.7901690006256,NoButton,Move,929.0,537.15234375
379.7985451221466,379.7985451221466,NoButton,Move,936.75,527.28515625
379.80643606185913,379.80643606185913,NoButton,Move,945.5390625,517.02734375
379.81513476371765,379.81513476371765,NoButton,Move,954.10546875,503.78515625
379.82279896736145,379.82279896736145,NoButton,Move,962.78125,490.37109375
379.83157896995544,379.83157896995544,NoButton,Move,969.625,477.4375
379.8388760089874,379.8388760089874,NoButton,Move,976.72265625,463.234375
379.8486740589142,379.8486740589142,NoButton,Move,982.0234375,449.59375
379.8554458618164,379.8554458618164,NoButton,Move,985.68359375,436.40234375
379.8649251461029,379.8649251461029,NoButton,Move,987.20703125,431.31640625
379.8719458580017,379.8719458580017,NoButton,Move,988.5,421.58984375
380.33284187316895,380.33284187316895,NoButton,Move,988.5,421.125
380.3386719226837,380.3386719226837,NoButton,Move,985.78125,418.40625
380.3471829891205,380.3471829891205,NoButton,Move,978.953125,412.8203125
380.3556818962097,380.3556818962097,NoButton,Move,969.0859375,405.7734375
380.3634099960327,380.3634099960327,NoButton,Move,952.48828125,393.54296875
380.37229800224304,380.37229800224304,NoButton,Move,931.40234375,379.16796875
380.38175201416016,380.38175201416016,NoButton,Move,888.12890625,350.31640625
380.38849902153015,380.38849902153015,NoButton,Move,872.06640625,340.171875
380.3965218067169,380.3965218067169,NoButton,Move,837.6875,318.83203125
380.4047341346741,380.4047341346741,NoButton,Move,806.44921875,296.84765625
380.4146931171417,380.4146931171417,NoButton,Move,776.74609375,278.14453125
380.42091512680054,380.42091512680054,NoButton,Move,766.17578125,271.80078125
380.4326889514923,380.4326889514923,NoButton,Move,744.1328125,258.3828125
380.4372341632843,380.4372341632843,NoButton,Move,737.0234375,254.234375
380.44838213920593,380.44838213920593,NoButton,Move,721.49609375,246.0625
380.45311880111694,380.45311880111694,NoButton,Move,709.7734375,239.46484375
380.4650468826294,380.4650468826294,NoButton,Move,700.30078125,234.05078125
380.46939992904663,380.46939992904663,NoButton,Move,693.19140625,230.49609375
380.4800260066986,380.4800260066986,NoButton,Move,690.80859375,229.3046875
380.48569893836975,380.48569893836975,NoButton,Move,685.72265625,227.26953125
380.4972710609436,380.4972710609436,NoButton,Move,682.09765625,225.45703125
380.5021688938141,380.5021688938141,NoButton,Move,679.71484375,224.66015625
380.5139150619507,380.5139150619507,NoButton,Move,675.38671875,223.21484375
380.7732331752777,380.7732331752777,NoButton,Move,674.921875,223.21484375
380.78199315071106,380.78199315071106,NoButton,Move,670.59375,223.21484375
380.7893958091736,380.7893958091736,NoButton,Move,664.69140625,223.21484375
380.797828912735,380.797828912735,NoButton,Move,656.00390625,223.21484375
380.80609917640686,380.80609917640686,NoButton,Move,635.9296875,223.21484375
380.81507301330566,380.81507301330566,NoButton,Move,620.1484375,223.21484375
380.8219361305237,380.8219361305237,NoButton,Move,609.32421875,223.21484375
380.8305299282074,380.8305299282074,NoButton,Move,592.1640625,223.21484375
380.83821988105774,380.83821988105774,NoButton,Move,575.00390625,223.21484375
380.84854793548584,380.84854793548584,NoButton,Move,557.84375,224.03125
380.8542900085449,380.8542900085449,NoButton,Move,542.0625,226.39453125
380.8649890422821,380.8649890422821,NoButton,Move,536.16015625,228.0
380.87050890922546,380.87050890922546,NoButton,Move,525.3359375,231.37890625
380.8817150592804,380.8817150592804,NoButton,Move,516.6484375,233.859375
380.8869638442993,380.8869638442993,NoButton,Move,510.4375,236.6796875
380.89860916137695,380.89860916137695,NoButton,Move,508.0546875,237.8671875
380.9034380912781,380.9034380912781,NoButton,Move,504.20703125,240.26953125
380.9152648448944,380.9152648448944,NoButton,Move,501.03515625,242.53125
380.9198009967804,380.9198009967804,NoButton,Move,498.91015625,245.078125
380.9318640232086,380.9318640232086,NoButton,Move,496.64453125,248.24609375
380.93623208999634,380.93623208999634,NoButton,Move,495.84765625,250.625
380.9478290081024,380.9478290081024,NoButton,Move,495.39453125,254.24609375
380.95248913764954,380.95248913764954,NoButton,Move,495.39453125,261.015625
380.9648280143738,380.9648280143738,NoButton,Move,495.39453125,266.9140625
380.96906304359436,380.96906304359436,NoButton,Move,495.39453125,275.59765625
380.97716188430786,380.97716188430786,NoButton,Move,495.39453125,286.41796875
380.9857659339905,380.9857659339905,NoButton,Move,498.9765625,307.91015625
380.99372601509094,380.99372601509094,NoButton,Move,500.91796875,317.6328125
381.0020031929016,381.0020031929016,NoButton,Move,506.98828125,345.96875
381.0100529193878,381.0100529193878,NoButton,Move,511.2109375,364.5625
381.0182387828827,381.0182387828827,NoButton,Move,513.80078125,374.28515625
381.026184797287,381.026184797287,NoButton,Move,518.87109375,392.87890625
381.03428387641907,381.03428387641907,NoButton,Move,523.6015625,408.65625
381.0421118736267,381.0421118736267,NoButton,Move,528.1640625,423.109375
381.0503010749817,381.0503010749817,NoButton,Move,529.6875,428.19140625
381.05843806266785,381.05843806266785,NoButton,Move,533.06640625,439.01171875
381.06683802604675,381.06683802604675,NoButton,Move,536.02734375,446.7109375
381.07510805130005,381.07510805130005,NoButton,Move,536.8203125,449.08984375
381.08328795433044,381.08328795433044,NoButton,Move,538.8515625,454.171875
381.09150981903076,381.09150981903076,NoButton,Move,540.66015625,457.79296875
381.09981203079224,381.09981203079224,NoButton,Move,541.93359375,460.765625
381.10815501213074,381.10815501213074,NoButton,Move,543.12109375,463.14453125
381.11627411842346,381.11627411842346,NoButton,Move,544.70703125,465.12890625
381.124449968338,381.124449968338,NoButton,Move,545.8125,466.97265625
381.1327209472656,381.1327209472656,NoButton,Move,547.93359375,469.09375
381.14070105552673,381.14070105552673,NoButton,Move,549.296875,469.43359375
381.14930605888367,381.14930605888367,NoButton,Move,551.84375,471.1328125
381.15674114227295,381.15674114227295,NoButton,Move,554.22265625,471.92578125
381.16555309295654,381.16555309295654,NoButton,Move,557.1796875,472.34765625
381.1735768318176,381.1735768318176,NoButton,Move,560.80078125,472.796875
381.18178606033325,381.18178606033325,NoButton,Move,565.125,472.796875
381.19011187553406,381.19011187553406,NoButton,Move,570.20703125,472.796875
381.1983048915863,381.1983048915863,NoButton,Move,579.9296875,472.796875
381.20607805252075,381.20607805252075,NoButton,Move,587.62890625,472.796875
381.21519804000854,381.21519804000854,NoButton,Move,597.3515625,471.5
381.2230269908905,381.2230269908905,NoButton,Move,609.328125,469.3828125
381.23122906684875,381.23122906684875,NoButton,Move,623.78125,467.09765625
381.2396011352539,381.2396011352539,NoButton,Move,639.55859375,465.51953125
381.2482600212097,381.2482600212097,NoButton,Move,655.3359375,463.15234375
381.2554860115051,381.2554860115051,NoButton,Move,671.11328125,461.57421875
381.263503074646,381.263503074646,NoButton,Move,688.26953125,459.9375
381.2720890045166,381.2720890045166,NoButton,Move,705.42578125,459.1171875
381.28039503097534,381.28039503097534,NoButton,Move,719.87890625,458.35546875
381.2884089946747,381.2884089946747,NoButton,Move,735.65625,458.35546875
381.2987849712372,381.2987849712372,NoButton,Move,751.40625,457.56640625
381.30521988868713,381.30521988868713,NoButton,Move,765.859375,457.56640625
381.3172399997711,381.3172399997711,NoButton,Move,779.046875,457.56640625
381.3212351799011,381.3212351799011,NoButton,Move,792.234375,457.56640625
381.3320941925049,381.3320941925049,NoButton,Move,806.6875,457.56640625
381.3371829986572,381.3371829986572,NoButton,Move,819.875,457.56640625
381.34875106811523,381.34875106811523,NoButton,Move,825.7734375,457.56640625
381.35351490974426,381.35351490974426,NoButton,Move,836.59375,457.56640625
381.3652880191803,381.3652880191803,NoButton,Move,855.1875,457.56640625
381.3700120449066,381.3700120449066,NoButton,Move,864.91015625,457.56640625
381.3822989463806,381.3822989463806,NoButton,Move,869.9921875,458.07421875
381.386342048645,381.386342048645,NoButton,Move,878.67578125,458.69140625
381.39883303642273,381.39883303642273,NoButton,Move,886.375,459.28125
381.40278697013855,381.40278697013855,NoButton,Move,892.2734375,459.81640625
381.41572189331055,381.41572189331055,NoButton,Move,894.65234375,459.81640625
381.4191689491272,381.4191689491272,NoButton,Move,898.9765625,460.296875
381.43208479881287,381.43208479881287,NoButton,Move,902.59765625,460.74609375
381.43563294410706,381.43563294410706,NoButton,Move,906.21875,461.1953125
381.4443271160126,381.4443271160126,NoButton,Move,911.30078125,461.703125
381.4527621269226,381.4527621269226,NoButton,Move,914.2734375,462.125
381.4611611366272,381.4611611366272,NoButton,Move,917.89453125,462.57421875
381.46912813186646,381.46912813186646,NoButton,Move,922.21875,463.0546875
381.4769141674042,381.4769141674042,NoButton,Move,926.54296875,464.015625
381.48513984680176,381.48513984680176,NoButton,Move,930.8671875,464.9765625
381.49369406700134,381.49369406700134,NoButton,Move,934.48828125,465.87890625
381.5010709762573,381.5010709762573,NoButton,Move,938.8125,466.359375
381.51085901260376,381.51085901260376,NoButton,Move,943.13671875,467.3203125
381.5174310207367,381.5174310207367,NoButton,Move,944.98046875,467.6875
381.5256700515747,381.5256700515747,NoButton,Move,948.6015625,468.13671875
381.5336229801178,381.5336229801178,NoButton,Move,950.98046875,468.53125
381.5420000553131,381.5420000553131,NoButton,Move,953.359375,468.53125
381.5503919124603,381.5503919124603,NoButton,Move,955.73828125,468.53125
381.5584149360657,381.5584149360657,NoButton,Move,957.58203125,468.53125
381.5666768550873,381.5666768550873,NoButton,Move,958.9453125,468.53125
381.5745589733124,381.5745589733124,NoButton,Move,960.30859375,468.1875
381.5827820301056,381.5827820301056,NoButton,Move,961.24609375,467.55859375
381.59146094322205,381.59146094322205,NoButton,Move,963.3671875,465.43359375
381.6000180244446,381.6000180244446,NoButton,Move,964.47265625,463.5859375
381.60757994651794,381.60757994651794,NoButton,Move,965.265625,461.203125
381.61660599708557,381.61660599708557,NoButton,Move,966.16796875,457.578125
381.62379693984985,381.62379693984985,NoButton,Move,966.6484375,453.25
381.6322000026703,381.6322000026703,NoButton,Move,966.6484375,444.5625
381.6400890350342,381.6400890350342,NoButton,Move,966.6484375,435.875
381.6487982273102,381.6487982273102,NoButton,Move,965.96875,425.05078125
381.65652894973755,381.65652894973755,NoButton,Move,958.52734375,402.7265625
381.6660339832306,381.6660339832306,NoButton,Move,951.171875,386.3828125
381.67343616485596,381.67343616485596,NoButton,Move,946.6328125,377.3046875
381.68172788619995,381.68172788619995,NoButton,Move,939.27734375,360.9609375
381.68934202194214,381.68934202194214,NoButton,Move,932.73828125,344.6171875
381.6983621120453,381.6983621120453,NoButton,Move,927.015625,328.2734375
381.7059381008148,381.7059381008148,NoButton,Move,922.6171875,315.08203125
381.7153708934784,381.7153708934784,NoButton,Move,921.0078125,309.1796875
381.72198700904846,381.72198700904846,NoButton,Move,918.30078125,298.35546875
381.7304120063782,381.7304120063782,NoButton,Move,916.35546875,288.62890625
381.7383301258087,381.7383301258087,NoButton,Move,914.4921875,279.94140625
381.7475070953369,381.7475070953369,NoButton,Move,913.3046875,272.23828125
381.7546751499176,381.7546751499176,NoButton,Move,912.17578125,265.46484375
381.7644579410553,381.7644579410553,NoButton,Move,911.046875,258.69140625
381.7709858417511,381.7709858417511,NoButton,Move,909.4375,252.7890625
381.7813169956207,381.7813169956207,NoButton,Move,907.9921875,248.4609375
381.78745102882385,381.78745102882385,NoButton,Move,906.546875,244.1328125
381.7976839542389,381.7976839542389,NoButton,Move,904.62109375,239.8046875
381.80359387397766,381.80359387397766,NoButton,Move,903.51171875,238.32421875
381.8141438961029,381.8141438961029,NoButton,Move,900.29296875,232.95703125
381.81986713409424,381.81986713409424,NoButton,Move,899.18359375,231.4765625
381.83115005493164,381.83115005493164,NoButton,Move,897.05859375,228.92578125
381.83619809150696,381.83619809150696,NoButton,Move,894.171875,225.55859375
381.84824991226196,381.84824991226196,NoButton,Move,891.62109375,223.43359375
381.8527810573578,381.8527810573578,NoButton,Move,888.44921875,221.16796875
381.864294052124,381.864294052124,NoButton,Move,884.6015625,218.76171875
381.86901593208313,381.86901593208313,NoButton,Move,877.4921875,214.61328125
381.8812870979309,381.8812870979309,NoButton,Move,870.71875,212.35546875
381.8855619430542,381.8855619430542,NoButton,Move,860.9921875,209.76171875
381.8983359336853,381.8983359336853,NoButton,Move,840.8984375,207.140625
381.90204191207886,381.90204191207886,NoButton,Move,822.30078125,207.140625
381.91064381599426,381.91064381599426,NoButton,Move,800.65625,207.140625
381.9182200431824,381.9182200431824,NoButton,Move,774.015625,209.11328125
381.927206993103,381.927206993103,NoButton,Move,721.09765625,224.03515625
381.93469405174255,381.93469405174255,NoButton,Move,686.38671875,240.23046875
381.94344210624695,381.94344210624695,NoButton,Move,668.9140625,250.7109375
381.9509439468384,381.9509439468384,NoButton,Move,634.53515625,272.046875
381.95909905433655,381.95909905433655,NoButton,Move,600.54296875,297.5390625
381.96735882759094,381.96735882759094,NoButton,Move,571.62890625,322.98046875
381.9753408432007,381.9753408432007,NoButton,Move,546.80078125,350.0625
381.9835979938507,381.9835979938507,NoButton,Move,526.4375,375.78125
381.9915261268616,381.9915261268616,NoButton,Move,508.69921875,400.8203125
382.0001299381256,382.0001299381256,NoButton,Move,503.0625,411.38671875
382.00824213027954,382.00824213027954,NoButton,Move,490.6015625,433.42578125
382.0165820121765,382.0165820121765,NoButton,Move,480.9921875,451.76953125
382.02464985847473,382.02464985847473,NoButton,Move,473.63671875,467.29296875
382.0329279899597,382.0329279899597,NoButton,Move,472.02734375,473.19140625
382.0409188270569,382.0409188270569,NoButton,Move,467.62890625,485.64453125
382.04921317100525,382.04921317100525,NoButton,Move,465.68359375,495.3671875
382.0573959350586,382.0573959350586,NoButton,Move,464.5,503.0546875
382.06587195396423,382.06587195396423,NoButton,Move,464.5,509.82421875
382.07432198524475,382.07432198524475,NoButton,Move,464.5,514.90625
382.08237314224243,382.08237314224243,NoButton,Move,464.5,519.98828125
382.08982491493225,382.08982491493225,NoButton,Move,466.90234375,523.83203125
382.0985860824585,382.0985860824585,NoButton,Move,470.4609375,527.8984375
382.1062409877777,382.1062409877777,NoButton,Move,478.23828125,534.37890625
382.11492705345154,382.11492705345154,NoButton,Move,485.34375,537.9296875
382.1231048107147,382.1231048107147,NoButton,Move,494.02734375,541.03125
382.13170099258423,382.13170099258423,NoButton,Move,503.75,544.26953125
382.1392459869385,382.1392459869385,NoButton,Move,515.7265625,547.7890625
382.1477720737457,382.1477720737457,NoButton,Move,528.9140625,550.71875
382.1558609008789,382.1558609008789,NoButton,Move,544.69140625,553.87109375
382.16401195526123,382.16401195526123,NoButton,Move,560.46875,557.0234375
382.1720449924469,382.1720449924469,NoButton,Move,576.24609375,560.17578125
382.180144071579,382.180144071579,NoButton,Move,592.0234375,563.328125
382.1979339122772,382.1979339122772,NoButton,Move,607.80078125,566.48046875
382.198105096817,382.198105096817,NoButton,Move,613.69921875,567.55078125
382.20449900627136,382.20449900627136,NoButton,Move,625.67578125,570.3671875
382.2143039703369,382.2143039703369,NoButton,Move,635.3984375,572.30859375
382.22143816947937,382.22143816947937,NoButton,Move,644.08203125,574.16796875
382.2296359539032,382.2296359539032,NoButton,Move,647.0546875,575.015625
382.23768305778503,382.23768305778503,NoButton,Move,652.13671875,576.5390625
382.2476089000702,382.2476089000702,NoButton,Move,656.4609375,577.98046875
382.2543249130249,382.2543249130249,NoButton,Move,658.83984375,579.16796875
383.06523418426514,383.06523418426514,NoButton,Move,660.46484375,579.16796875
383.07313299179077,383.07313299179077,NoButton,Move,663.4375,578.31640625
383.0827171802521,383.0827171802521,NoButton,Move,667.05859375,576.95703125
383.0889618396759,383.0889618396759,NoButton,Move,671.3828125,575.9921875
383.09914207458496,383.09914207458496,NoButton,Move,675.703125,575.03125
383.1057550907135,383.1057550907135,NoButton,Move,680.02734375,574.06640625
383.1144161224365,383.1144161224365,NoButton,Move,689.75,572.12109375
383.1215178966522,383.1215178966522,NoButton,Move,699.47265625,570.17578125
383.1315140724182,383.1315140724182,NoButton,Move,710.29296875,568.14453125
383.137992143631,383.137992143631,NoButton,Move,722.26953125,566.734375
383.1487011909485,383.1487011909485,NoButton,Move,734.24609375,565.32421875
383.15439105033875,383.15439105033875,NoButton,Move,747.43359375,563.85546875
383.16518902778625,383.16518902778625,NoButton,Move,761.88671875,563.09375
383.17070293426514,383.17070293426514,NoButton,Move,773.86328125,562.38671875
383.18193912506104,383.18193912506104,NoButton,Move,779.76171875,562.38671875
383.18711590766907,383.18711590766907,NoButton,Move,799.8515625,562.38671875
383.1979308128357,383.1979308128357,NoButton,Move,804.93359375,562.38671875
383.2035229206085,383.2035229206085,NoButton,Move,814.65625,562.38671875
383.2156460285187,383.2156460285187,NoButton,Move,817.62890625,562.38671875
383.219908952713,383.219908952713,NoButton,Move,823.52734375,562.38671875
383.68901896476746,383.68901896476746,NoButton,Move,823.52734375,562.15234375
383.69882106781006,383.69882106781006,NoButton,Move,823.52734375,559.76953125
383.70443987846375,383.70443987846375,NoButton,Move,823.52734375,556.14453125
383.7111749649048,383.7111749649048,NoButton,Move,823.52734375,550.2421875
383.7197279930115,383.7197279930115,NoButton,Move,824.65234375,543.46875
383.73124504089355,383.73124504089355,NoButton,Move,825.8828125,534.83203125
383.73724603652954,383.73724603652954,NoButton,Move,828.36328125,526.14453125
383.74507784843445,383.74507784843445,NoButton,Move,830.3046875,516.41796875
383.75285506248474,383.75285506248474,NoButton,Move,831.828125,511.33203125
383.7611072063446,383.7611072063446,NoButton,Move,834.9296875,502.64453125
383.76974391937256,383.76974391937256,NoButton,Move,838.03125,493.95703125
383.7774660587311,383.7774660587311,NoButton,Move,841.5390625,486.9375
383.78618597984314,383.78618597984314,NoButton,Move,845.87890625,478.87109375
383.7940809726715,383.7940809726715,NoButton,Move,850.0234375,472.3515625
383.80125403404236,383.80125403404236,NoButton,Move,858.08203125,461.359375
383.81138610839844,383.81138610839844,NoButton,Move,860.78515625,458.65234375
383.8180739879608,383.8180739879608,NoButton,Move,866.42578125,454.13671875
383.82737493515015,383.82737493515015,NoButton,Move,872.94140625,449.39453125
383.83390498161316,383.83390498161316,NoButton,Move,879.1484375,446.5703125
383.8428499698639,383.8428499698639,NoButton,Move,890.41796875,441.63671875
383.8507640361786,383.8507640361786,NoButton,Move,894.7421875,441.63671875
383.85855507850647,383.85855507850647,NoButton,Move,901.51171875,441.0703125
383.86660599708557,383.86660599708557,NoButton,Move,914.69921875,441.0703125
383.8750219345093,383.8750219345093,NoButton,Move,924.421875,441.0703125
383.8838429450989,383.8838429450989,NoButton,Move,933.10546875,441.6875
383.8913052082062,383.8913052082062,NoButton,Move,943.25,445.74609375
383.8999710083008,383.8999710083008,NoButton,Move,952.32421875,449.6328125
383.90759205818176,383.90759205818176,NoButton,Move,961.3984375,454.16796875
383.9158658981323,383.9158658981323,NoButton,Move,970.8671875,459.578125
383.9236891269684,383.9236891269684,NoButton,Move,974.93359375,462.62890625
383.93270111083984,383.93270111083984,NoButton,Move,982.359375,467.578125
383.94031596183777,383.94031596183777,NoButton,Move,988.875,472.31640625
383.9487409591675,383.9487409591675,NoButton,Move,993.38671875,477.95703125
383.9566559791565,383.9566559791565,NoButton,Move,997.8984375,483.03515625
383.9649498462677,383.9649498462677,NoButton,Move,1001.11328125,488.3984375
383.9730541706085,383.9730541706085,NoButton,Move,1003.2578125,494.296875
383.9820761680603,383.9820761680603,NoButton,Move,1005.84765625,504.01953125
383.98956513404846,383.98956513404846,NoButton,Move,1006.4375,511.71875
383.9988429546356,383.9988429546356,NoButton,Move,1006.4375,521.44140625
384.005774974823,384.005774974823,NoButton,Move,1006.4375,532.26171875
384.01568388938904,384.01568388938904,NoButton,Move,1004.98046875,545.34765625
384.0232980251312,384.0232980251312,NoButton,Move,1000.58203125,558.53515625
384.03182721138,384.03182721138,NoButton,Move,995.05859375,573.5234375
384.0385489463806,384.0385489463806,NoButton,Move,987.703125,589.046875
384.04922699928284,384.04922699928284,NoButton,Move,980.34765625,604.5703125
384.0551850795746,384.0551850795746,NoButton,Move,971.66796875,617.98046875
384.06303811073303,384.06303811073303,NoButton,Move,962.19921875,631.390625
384.07187604904175,384.07187604904175,NoButton,Move,949.94140625,643.64453125
384.0813150405884,384.0813150405884,NoButton,Move,938.52734375,653.53125
384.41574597358704,384.41574597358704,NoButton,Move,938.2890625,651.640625
384.42363595962524,384.42363595962524,NoButton,Move,935.91796875,643.9375
384.4317479133606,384.4317479133606,NoButton,Move,932.53125,637.7265625
384.440190076828,384.440190076828,NoButton,Move,927.34375,629.296875
384.4480412006378,384.4480412006378,NoButton,Move,917.19921875,613.234375
384.4562211036682,384.4562211036682,NoButton,Move,906.57421875,599.33984375
384.46494603157043,384.46494603157043,NoButton,Move,893.0703125,582.234375
384.4720711708069,384.4720711708069,NoButton,Move,862.5625,545.375
384.481214761734,384.481214761734,NoButton,Move,838.98828125,517.3125
384.4889221191406,384.4889221191406,NoButton,Move,811.06640625,484.53515625
384.50007009506226,384.50007009506226,NoButton,Move,777.27734375,446.84765625
384.50599789619446,384.50599789619446,NoButton,Move,745.5,411.2578125
384.51608991622925,384.51608991622925,NoButton,Move,712.29296875,371.41015625
384.5214250087738,384.5214250087738,NoButton,Move,698.31640625,356.55859375
384.5321979522705,384.5321979522705,NoButton,Move,686.05859375,344.30078125
384.5383620262146,384.5383620262146,NoButton,Move,661.85546875,320.09765625
384.5489251613617,384.5489251613617,NoButton,Move,643.109375,300.36328125
384.5545618534088,384.5545618534088,NoButton,Move,636.28125,294.15625
384.562912940979,384.562912940979,NoButton,Move,623.20703125,282.71484375
384.57079696655273,384.57079696655273,NoButton,Move,612.94921875,273.921875
384.58358907699585,384.58358907699585,NoButton,Move,609.77734375,271.65625
384.587140083313,384.587140083313,NoButton,Move,604.1328125,267.703125
384.6003649234772,384.6003649234772,NoButton,Move,599.5625,265.1640625
384.60328793525696,384.60328793525696,NoButton,Move,596.5859375,264.3125
384.61607599258423,384.61607599258423,NoButton,Move,592.9609375,264.3125
384.84147691726685,384.84147691726685,NoButton,Move,592.7265625,263.609375
384.8497169017792,384.8497169017792,NoButton,Move,590.3203125,259.76171875
384.85773515701294,384.85773515701294,NoButton,Move,587.43359375,256.39453125
384.86572194099426,384.86572194099426,NoButton,Move,585.02734375,252.546875
384.8738920688629,384.8738920688629,NoButton,Move,583.32421875,249.99609375
384.88191199302673,384.88191199302673,NoButton,Move,581.62109375,247.4453125
384.8909230232239,384.8909230232239,NoButton,Move,580.51171875,245.59765625
384.89855194091797,384.89855194091797,NoButton,Move,578.38671875,243.046875
384.9065451622009,384.9065451622009,NoButton,Move,577.1953125,240.6640625
384.9148440361023,384.9148440361023,NoButton,Move,576.51171875,239.296875
384.92395210266113,384.92395210266113,NoButton,Move,575.8828125,238.35546875
384.9322328567505,384.9322328567505,NoButton,Move,575.59375,237.78125
384.93920493125916,384.93920493125916,NoButton,Move,575.3046875,237.20703125
384.9476158618927,384.9476158618927,NoButton,Move,575.3046875,236.9453125
384.9644899368286,384.9644899368286,Left,Pressed,575.3046875,236.9453125
385.05004501342773,385.05004501342773,Left,Released,575.3046875,236.9453125
385.3894371986389,385.3894371986389,NoButton,Move,575.53515625,236.9453125
385.40020179748535,385.40020179748535,NoButton,Move,579.15625,236.9453125
385.4058520793915,385.4058520793915,NoButton,Move,584.23828125,235.41796875
385.4140248298645,385.4140248298645,NoButton,Move,589.3203125,233.3828125
385.4217629432678,385.4217629432678,NoButton,Move,595.21875,231.234375
385.43036794662476,385.43036794662476,NoButton,Move,602.91796875,228.86328125
385.43819403648376,385.43819403648376,NoButton,Move,618.6953125,224.91796875
385.447114944458,385.447114944458,NoButton,Move,637.2890625,220.69140625
385.4553909301758,385.4553909301758,NoButton,Move,660.5390625,216.0390625
385.4630060195923,385.4630060195923,NoButton,Move,687.17578125,213.078125
385.47130584716797,385.47130584716797,NoButton,Move,713.8125,211.1015625
385.4812068939209,385.4812068939209,NoButton,Move,744.06640625,210.0546875
385.4877059459686,385.4877059459686,NoButton,Move,776.21484375,210.0546875
385.4967179298401,385.4967179298401,NoButton,Move,806.46875,210.0546875
385.5037910938263,385.5037910938263,NoButton,Move,836.72265625,211.09765625
385.5132529735565,385.5132529735565,NoButton,Move,866.9765625,216.3125
385.5203490257263,385.5203490257263,NoButton,Move,891.890625,222.05859375
385.5307581424713,385.5307581424713,NoButton,Move,902.7109375,224.76171875
385.5365700721741,385.5365700721741,NoButton,Move,924.3515625,230.171875
385.5468089580536,385.5468089580536,NoButton,Move,941.5078125,235.07421875
385.55250906944275,385.55250906944275,NoButton,Move,947.40625,236.6796875
385.75796484947205,385.75796484947205,NoButton,Move,947.40625,237.37890625
385.7660160064697,385.7660160064697,NoButton,Move,947.40625,238.7421875
385.77438712120056,385.77438712120056,NoButton,Move,947.0625,240.10546875
385.78310894966125,385.78310894966125,NoButton,Move,946.37890625,241.46875
385.79065704345703,385.79065704345703,NoButton,Move,944.56640625,244.63671875
385.7987279891968,385.7987279891968,NoButton,Move,942.86328125,247.18359375
385.8071119785309,385.8071119785309,NoButton,Move,940.59765625,250.3515625
385.81525802612305,385.81525802612305,NoButton,Move,937.7109375,253.71484375
385.82371497154236,385.82371497154236,NoButton,Move,934.828125,257.07421875
385.8316559791565,385.8316559791565,NoButton,Move,931.94140625,260.4375
385.83955907821655,385.83955907821655,NoButton,Move,928.57421875,263.3203125
385.84778690338135,385.84778690338135,NoButton,Move,925.20703125,266.203125
385.8560130596161,385.8560130596161,NoButton,Move,921.83984375,269.0859375
385.86431884765625,385.86431884765625,NoButton,Move,919.9921875,269.82421875
385.8724031448364,385.8724031448364,NoButton,Move,916.8203125,271.6328125
385.88052010536194,385.88052010536194,NoButton,Move,914.26953125,273.33203125
385.88901019096375,385.88901019096375,NoButton,Move,911.88671875,274.51953125
385.8974370956421,385.8974370956421,NoButton,Move,908.91015625,274.94140625
385.9054729938507,385.9054729938507,NoButton,Move,907.0625,275.6796875
385.9146411418915,385.9146411418915,NoButton,Move,902.734375,276.16015625
385.9215760231018,385.9215760231018,NoButton,Move,900.3515625,276.5546875
385.92958879470825,385.92958879470825,NoButton,Move,897.96875,276.5546875
385.937833070755,385.937833070755,NoButton,Move,894.9921875,276.5546875
385.9486198425293,385.9486198425293,NoButton,Move,892.015625,276.5546875
385.9543330669403,385.9543330669403,NoButton,Move,889.0390625,276.5546875
385.9624900817871,385.9624900817871,NoButton,Move,886.0625,276.5546875
385.9707188606262,385.9707188606262,NoButton,Move,882.4375,276.5546875
385.98126792907715,385.98126792907715,NoButton,Move,881.0703125,276.5546875
385.98690605163574,385.98690605163574,NoButton,Move,878.09375,276.5546875
385.9951558113098,385.9951558113098,NoButton,Move,875.1171875,276.5546875
386.00369811058044,386.00369811058044,NoButton,Move,872.140625,276.12890625
386.011647939682,386.011647939682,NoButton,Move,867.8125,275.1640625
386.0198230743408,386.0198230743408,NoButton,Move,864.8359375,273.88671875
386.0315182209015,386.0315182209015,NoButton,Move,861.8671875,273.03515625
386.03771686553955,386.03771686553955,NoButton,Move,858.890625,272.18359375
386.04464292526245,386.04464292526245,NoButton,Move,855.265625,271.27734375
386.05302381515503,386.05302381515503,NoButton,Move,851.640625,270.82421875
386.06098794937134,386.06098794937134,NoButton,Move,847.3125,269.859375
386.06930804252625,386.06930804252625,NoButton,Move,842.984375,269.375
386.0775101184845,386.0775101184845,NoButton,Move,837.8984375,269.375
386.0850820541382,386.0850820541382,NoButton,Move,832.8125,269.375
386.0936439037323,386.0936439037323,NoButton,Move,827.7265625,269.375
386.10160088539124,386.10160088539124,NoButton,Move,822.640625,269.375
386.1096260547638,386.1096260547638,NoButton,Move,817.5546875,269.375
386.117849111557,386.117849111557,NoButton,Move,813.2265625,269.375
386.12589621543884,386.12589621543884,NoButton,Move,810.84375,269.375
386.13458919525146,386.13458919525146,NoButton,Move,807.21875,269.375
386.14241194725037,386.14241194725037,NoButton,Move,803.59375,269.375
386.1509020328522,386.1509020328522,NoButton,Move,799.96875,269.375
386.158616065979,386.158616065979,NoButton,Move,797.5859375,269.375
386.1667699813843,386.1667699813843,NoButton,Move,795.203125,269.375
386.1757788658142,386.1757788658142,NoButton,Move,793.359375,269.375
386.1840670108795,386.1840670108795,NoButton,Move,791.51171875,269.375
386.19155502319336,386.19155502319336,NoButton,Move,789.6640625,269.375
386.19962310791016,386.19962310791016,NoButton,Move,788.72265625,269.375
386.20741176605225,386.20741176605225,NoButton,Move,787.35546875,269.03125
386.21642208099365,386.21642208099365,NoButton,Move,786.4140625,269.03125
386.2249279022217,386.2249279022217,NoButton,Move,785.83984375,268.7421875
386.2329361438751,386.2329361438751,NoButton,Move,785.265625,268.7421875
386.2408528327942,386.2408528327942,NoButton,Move,785.00390625,268.48046875
386.24904704093933,386.24904704093933,NoButton,Move,784.4296875,268.48046875
386.257355928421,386.257355928421,NoButton,Move,784.16796875,268.48046875
386.26566219329834,386.26566219329834,NoButton,Move,784.16796875,268.21875
386.27379608154297,386.27379608154297,NoButton,Move,783.90625,268.21875
386.29004406929016,386.29004406929016,NoButton,Move,783.66015625,267.97265625
386.30698680877686,386.30698680877686,NoButton,Move,783.4140625,267.7265625
386.31518292427063,386.31518292427063,NoButton,Move,783.15625,267.46875
386.32269406318665,386.32269406318665,NoButton,Move,782.89453125,267.20703125
386.33101201057434,386.33101201057434,NoButton,Move,782.6328125,266.9453125
386.34049701690674,386.34049701690674,NoButton,Move,782.6328125,266.68359375
386.3644940853119,386.3644940853119,Left,Pressed,782.6328125,266.68359375
386.38082909584045,386.38082909584045,NoButton,Move,782.5078125,266.55859375
386.481173992157,386.481173992157,Left,Released,782.5078125,266.55859375
386.9637680053711,386.9637680053711,NoButton,Move,783.43359375,266.7890625
386.96929907798767,386.96929907798767,NoButton,Move,785.98046875,268.91015625
386.98098492622375,386.98098492622375,NoButton,Move,788.52734375,271.03125
386.9856970310211,386.9856970310211,NoButton,Move,791.41015625,274.39453125
386.99433994293213,386.99433994293213,NoButton,Move,794.29296875,277.7578125
387.0018570423126,387.0018570423126,NoButton,Move,798.8046875,283.3984375
387.01093912124634,387.01093912124634,NoButton,Move,804.63671875,291.17578125
387.01836109161377,387.01836109161377,NoButton,Move,810.72265625,300.64453125
387.02755904197693,387.02755904197693,NoButton,Move,816.0859375,310.03125
387.03501892089844,387.03501892089844,NoButton,Move,821.015625,321.30078125
387.04304599761963,387.04304599761963,NoButton,Move,825.2421875,332.5703125
387.05109906196594,387.05109906196594,NoButton,Move,829.63671875,345.0234375
387.0593159198761,387.0593159198761,NoButton,Move,833.015625,355.84375
387.06855297088623,387.06855297088623,NoButton,Move,835.77734375,367.5859375
387.07584500312805,387.07584500312805,NoButton,Move,837.18359375,379.5625
387.0841689109802,387.0841689109802,NoButton,Move,838.58984375,391.5390625
387.091924905777,387.091924905777,NoButton,Move,839.265625,402.359375
387.100163936615,387.100163936615,NoButton,Move,839.96875,414.3359375
387.1088328361511,387.1088328361511,NoButton,Move,839.96875,425.15625
387.11708092689514,387.11708092689514,NoButton,Move,839.96875,430.23828125
387.12476897239685,387.12476897239685,NoButton,Move,838.671875,439.9609375
387.13288593292236,387.13288593292236,NoButton,Move,835.70703125,447.66015625
387.14117908477783,387.14117908477783,NoButton,Move,832.7421875,455.359375
387.14976501464844,387.14976501464844,NoButton,Move,829.1875,462.46484375
387.1580629348755,387.1580629348755,NoButton,Move,825.234375,468.10546875
387.16594099998474,387.16594099998474,NoButton,Move,821.484375,472.921875
387.1742150783539,387.1742150783539,NoButton,Move,817.7265625,477.74609375
387.1825180053711,387.1825180053711,NoButton,Move,814.359375,481.109375
387.19081807136536,387.19081807136536,NoButton,Move,810.2890625,484.16015625
387.46979093551636,387.46979093551636,NoButton,Move,810.51953125,484.16015625
387.47742104530334,387.47742104530334,NoButton,Move,812.8984375,483.36328125
387.4850709438324,387.4850709438324,NoButton,Move,816.7421875,480.95703125
387.4946780204773,387.4946780204773,NoButton,Move,821.31640625,478.4140625
387.5019021034241,387.5019021034241,NoButton,Move,825.890625,475.359375
387.5108730792999,387.5108730792999,NoButton,Move,832.06640625,472.55078125
387.51793098449707,387.51793098449707,NoButton,Move,838.2734375,469.7265625
387.52578806877136,387.52578806877136,NoButton,Move,845.04296875,467.46875
387.5338270664215,387.5338270664215,NoButton,Move,858.23046875,463.0703125
387.54286885261536,387.54286885261536,NoButton,Move,873.94921875,459.13671875
387.5509898662567,387.5509898662567,NoButton,Move,889.7265625,455.98046875
387.55861806869507,387.55861806869507,NoButton,Move,906.8828125,453.52734375
387.5666220188141,387.5666220188141,NoButton,Move,925.4765625,452.6796875
387.57557487487793,387.57557487487793,NoButton,Move,942.6015625,452.6796875
387.58345890045166,387.58345890045166,NoButton,Move,958.37890625,452.6796875
387.591285943985,387.591285943985,NoButton,Move,974.15625,452.6796875
387.59971499443054,387.59971499443054,NoButton,Move,988.609375,454.19921875
387.6074740886688,387.6074740886688,NoButton,Move,995.37890625,456.453125
387.61748003959656,387.61748003959656,NoButton,Move,1006.19921875,459.15625
387.62478399276733,387.62478399276733,NoButton,Move,1014.8828125,461.63671875
387.6323812007904,387.6323812007904,NoButton,Move,1021.98828125,464.59765625
387.64033913612366,387.64033913612366,NoButton,Move,1027.3515625,467.8125
387.64890480041504,387.64890480041504,NoButton,Move,1031.92578125,470.3515625
387.6565489768982,387.6565489768982,NoButton,Move,1035.2890625,473.234375
387.66526794433594,387.66526794433594,NoButton,Move,1037.54296875,476.390625
387.6729588508606,387.6729588508606,NoButton,Move,1039.3515625,479.55859375
387.68180084228516,387.68180084228516,NoButton,Move,1040.1953125,482.5234375
387.6893470287323,387.6893470287323,NoButton,Move,1040.64453125,486.14453125
387.6981427669525,387.6981427669525,NoButton,Move,1041.15234375,491.2265625
387.7058129310608,387.7058129310608,NoButton,Move,1041.15234375,495.55078125
387.7149968147278,387.7149968147278,NoButton,Move,1041.15234375,500.6328125
387.72212290763855,387.72212290763855,NoButton,Move,1041.15234375,505.71484375
387.73083901405334,387.73083901405334,NoButton,Move,1039.55078125,511.58203125
387.7389271259308,387.7389271259308,NoButton,Move,1038.0234375,516.6640625
387.74819898605347,387.74819898605347,NoButton,Move,1036.4140625,522.5625
387.7546510696411,387.7546510696411,NoButton,Move,1034.8046875,528.4609375
387.76357793807983,387.76357793807983,NoButton,Move,1033.28125,533.5234375
387.7712891101837,387.7712891101837,NoButton,Move,1031.671875,539.421875
387.7818238735199,387.7818238735199,NoButton,Move,1030.65234375,544.50390625
387.7878360748291,387.7878360748291,NoButton,Move,1029.6875,548.828125
387.799045085907,387.799045085907,NoButton,Move,1028.78125,552.44921875
387.8046770095825,387.8046770095825,NoButton,Move,1028.0390625,554.29296875
387.81488394737244,387.81488394737244,NoButton,Move,1027.1328125,557.9140625
387.8204300403595,387.8204300403595,NoButton,Move,1025.85546875,560.88671875
387.8321580886841,387.8321580886841,NoButton,Move,1024.74609375,562.73046875
387.8367910385132,387.8367910385132,NoButton,Move,1022.62109375,565.27734375
390.0148620605469,390.0148620605469,NoButton,Move,1021.46484375,565.27734375
390.0221028327942,390.0221028327942,NoButton,Move,1017.13671875,565.27734375
390.0328071117401,390.0328071117401,NoButton,Move,1006.34765625,567.296875
390.03909707069397,390.03909707069397,NoButton,Move,993.15625,568.76171875
390.04832100868225,390.04832100868225,NoButton,Move,975.99609375,569.578125
390.0552628040314,390.0552628040314,NoButton,Move,954.3515625,569.578125
390.0646629333496,390.0646629333496,NoButton,Move,931.09765625,569.578125
390.07160687446594,390.07160687446594,NoButton,Move,904.45703125,566.6171875
390.08123803138733,390.08123803138733,NoButton,Move,877.81640625,561.68359375
390.0874478816986,390.0874478816986,NoButton,Move,851.17578125,554.7734375
390.09715008735657,390.09715008735657,NoButton,Move,825.5234375,546.87890625
390.1037790775299,390.1037790775299,NoButton,Move,815.375,542.81640625
390.11486887931824,390.11486887931824,NoButton,Move,792.58984375,533.3203125
390.1203439235687,390.1203439235687,NoButton,Move,774.8359375,525.7109375
390.13172698020935,390.13172698020935,NoButton,Move,757.9296875,517.2578125
390.1372399330139,390.1372399330139,NoButton,Move,752.5625,514.0390625
390.1483540534973,390.1483540534973,NoButton,Move,741.9921875,508.40234375
390.1532230377197,390.1532230377197,NoButton,Move,732.51953125,502.98828125
390.16435289382935,390.16435289382935,NoButton,Move,730.53125,501.3984375
390.1695132255554,390.1695132255554,NoButton,Move,725.1640625,498.1796875
390.1812047958374,390.1812047958374,NoButton,Move,721.9921875,495.9140625
390.18603110313416,390.18603110313416,NoButton,Move,720.51171875,494.43359375
390.6544518470764,390.6544518470764,NoButton,Move,720.51171875,494.6640625
390.66643810272217,390.66643810272217,NoButton,Move,721.61328125,496.5
390.67121410369873,390.67121410369873,NoButton,Move,723.19921875,498.484375
390.6781921386719,390.6781921386719,NoButton,Move,724.78515625,500.46875
390.6874520778656,390.6874520778656,NoButton,Move,726.59375,503.63671875
390.69498586654663,390.69498586654663,NoButton,Move,729.64453125,508.2109375
390.7031910419464,390.7031910419464,NoButton,Move,733.7890625,515.31640625
390.7109019756317,390.7109019756317,NoButton,Move,737.9296875,522.41796875
390.71855187416077,390.71855187416077,NoButton,Move,742.26953125,530.48046875
390.7271330356598,390.7271330356598,NoButton,Move,746.8046875,539.5546875
390.73528695106506,390.73528695106506,NoButton,Move,751.3203125,548.5859375
390.7426829338074,390.7426829338074,NoButton,Move,755.37890625,558.73046875
390.7516689300537,390.7516689300537,NoButton,Move,760.28515625,569.9453125
390.7591459751129,390.7591459751129,NoButton,Move,764.34375,580.08984375
390.7680139541626,390.7680139541626,NoButton,Move,767.5625,589.74609375
390.7754878997803,390.7754878997803,NoButton,Move,770.80078125,599.46875
390.7840099334717,390.7840099334717,NoButton,Move,774.0390625,609.19140625
390.7920308113098,390.7920308113098,NoButton,Move,775.5625,614.2734375
390.8003330230713,390.8003330230713,NoButton,Move,778.6640625,622.95703125
390.8086450099945,390.8086450099945,NoButton,Move,780.4375,630.65625
392.373055934906,392.373055934906,NoButton,Move,780.4375,629.9609375
392.38222193717957,392.38222193717957,NoButton,Move,780.4375,626.98828125
392.38860297203064,392.38860297203064,NoButton,Move,780.4375,623.36328125
392.3968029022217,392.3968029022217,NoButton,Move,780.4375,619.03515625
392.40535593032837,392.40535593032837,NoButton,Move,779.81640625,610.34765625
392.4132649898529,392.4132649898529,NoButton,Move,776.43359375,591.75
392.423278093338,392.423278093338,NoButton,Move,774.06640625,575.96875
392.43200612068176,392.43200612068176,NoButton,Move,769.83984375,557.37109375
392.43809700012207,392.43809700012207,NoButton,Move,765.1875,534.1171875
392.4461829662323,392.4461829662323,NoButton,Move,760.39453125,509.19921875
392.45581007003784,392.45581007003784,NoButton,Move,755.31640625,480.77734375
392.4647400379181,392.4647400379181,NoButton,Move,750.26171875,452.48046875
392.4711232185364,392.4711232185364,NoButton,Move,748.0625,439.2890625
392.4794101715088,392.4794101715088,NoButton,Move,745.1875,414.37109375
392.4869179725647,392.4869179725647,NoButton,Move,742.48046875,392.7265625
392.49885988235474,392.49885988235474,NoButton,Move,742.48046875,385.0234375
392.50312995910645,392.50312995910645,NoButton,Move,742.48046875,370.56640625
392.51538705825806,392.51538705825806,NoButton,Move,742.48046875,359.7421875
392.51922607421875,392.51922607421875,NoButton,Move,742.48046875,357.359375
392.53205394744873,392.53205394744873,NoButton,Move,742.48046875,351.45703125
392.53571605682373,392.53571605682373,NoButton,Move,742.48046875,347.12890625
392.54400300979614,392.54400300979614,NoButton,Move,742.48046875,344.74609375
392.55231189727783,392.55231189727783,NoButton,Move,742.84765625,342.8984375
392.56074690818787,392.56074690818787,NoButton,Move,743.16015625,341.95703125
392.56885504722595,392.56885504722595,NoButton,Move,743.4453125,341.3828125
392.5774540901184,392.5774540901184,NoButton,Move,743.703125,341.12109375
392.5848970413208,392.5848970413208,NoButton,Move,743.9609375,340.859375
392.59375500679016,392.59375500679016,NoButton,Move,743.9609375,340.6015625
392.68194699287415,392.68194699287415,Left,Pressed,743.9609375,340.6015625
392.782662153244,392.782662153244,Left,Released,743.9609375,340.6015625
394.9512519836426,394.9512519836426,NoButton,Move,743.9609375,340.3671875
394.95907402038574,394.95907402038574,NoButton,Move,744.24609375,339.79296875
394.9674060344696,394.9674060344696,NoButton,Move,744.87109375,338.8515625
394.9751009941101,394.9751009941101,NoButton,Move,746.05859375,336.46875
394.9834930896759,394.9834930896759,NoButton,Move,747.7578125,333.91796875
394.9914290904999,394.9914290904999,NoButton,Move,749.56640625,330.29296875
395.00006008148193,395.00006008148193,NoButton,Move,751.48828125,325.96484375
395.00824785232544,395.00824785232544,NoButton,Move,754.16796875,320.6015625
395.01619815826416,395.01619815826416,NoButton,Move,758.703125,311.5234375
395.02442502975464,395.02442502975464,NoButton,Move,762.421875,303.45703125
395.03250908851624,395.03250908851624,NoButton,Move,766.140625,295.390625
395.04175305366516,395.04175305366516,NoButton,Move,768.0625,291.0625
395.0489239692688,395.0489239692688,NoButton,Move,771.78125,282.99609375
395.0574860572815,395.0574860572815,NoButton,Move,775.33203125,275.890625
395.0654339790344,395.0654339790344,NoButton,Move,778.546875,270.5234375
395.0732789039612,395.0732789039612,NoButton,Move,781.59765625,265.9453125
395.0822219848633,395.0822219848633,NoButton,Move,783.07421875,264.46484375
395.08985209465027,395.08985209465027,NoButton,Move,785.95703125,261.09765625
395.098974943161,395.098974943161,NoButton,Move,787.94140625,259.5078125
395.105859041214,395.105859041214,NoButton,Move,789.41796875,258.3984375
395.3153030872345,395.3153030872345,NoButton,Move,790.35546875,258.3984375
395.32062101364136,395.32062101364136,NoButton,Move,792.19921875,258.3984375
395.328232049942,395.328232049942,NoButton,Move,793.5625,258.3984375
395.3364429473877,395.3364429473877,NoButton,Move,796.53515625,258.3984375
395.34415197372437,395.34415197372437,NoButton,Move,800.15625,257.9453125
395.3519299030304,395.3519299030304,NoButton,Move,804.48046875,257.9453125
395.36094784736633,395.36094784736633,NoButton,Move,808.8046875,257.9453125
395.3692331314087,395.3692331314087,NoButton,Move,813.88671875,257.9453125
395.3773980140686,395.3773980140686,NoButton,Move,818.96875,257.9453125
395.38413882255554,395.38413882255554,NoButton,Move,823.29296875,257.9453125
395.394385099411,395.394385099411,NoButton,Move,828.375,257.9453125
395.4011571407318,395.4011571407318,NoButton,Move,830.21484375,258.6796875
395.4085350036621,395.4085350036621,NoButton,Move,833.8359375,259.58203125
395.4176061153412,395.4176061153412,NoButton,Move,837.4375,260.48046875
395.42526721954346,395.42526721954346,NoButton,Move,839.81640625,261.2734375
395.4337999820709,395.4337999820709,NoButton,Move,841.1796875,261.61328125
395.4419319629669,395.4419319629669,NoButton,Move,842.54296875,261.953125
395.44997119903564,395.44997119903564,NoButton,Move,843.48046875,262.265625
395.4579339027405,395.4579339027405,NoButton,Move,844.05078125,262.55078125
395.46616196632385,395.46616196632385,NoButton,Move,844.30859375,262.80859375
395.47467517852783,395.47467517852783,NoButton,Move,844.56640625,263.06640625
395.482892036438,395.482892036438,NoButton,Move,844.82421875,263.06640625
395.6482210159302,395.6482210159302,Left,Pressed,844.82421875,263.06640625
395.7816228866577,395.7816228866577,Left,Released,844.82421875,263.06640625
396.6295669078827,396.6295669078827,NoButton,Move,844.12890625,263.06640625
396.6376931667328,396.6376931667328,NoButton,Move,842.28125,263.06640625
396.6480460166931,396.6480460166931,NoButton,Move,840.9140625,263.06640625
396.6539890766144,396.6539890766144,NoButton,Move,837.9375,262.640625
396.661278963089,396.661278963089,NoButton,Move,835.5546875,262.640625
396.67054891586304,396.67054891586304,NoButton,Move,831.9296875,262.640625
396.6813769340515,396.6813769340515,NoButton,Move,828.3046875,262.640625
396.687628030777,396.687628030777,NoButton,Move,824.6796875,262.640625
396.6948959827423,396.6948959827423,NoButton,Move,820.3515625,263.6015625
396.7029459476471,396.7029459476471,NoButton,Move,812.28515625,267.94140625
396.71104097366333,396.71104097366333,NoButton,Move,806.640625,272.453125
396.7187991142273,396.7187991142273,NoButton,Move,799.8125,278.03515625
396.7278869152069,396.7278869152069,NoButton,Move,791.69140625,286.15234375
396.73514318466187,396.73514318466187,NoButton,Move,783.234375,295.30859375
396.7442979812622,396.7442979812622,NoButton,Move,767.8984375,315.4296875
396.7515389919281,396.7515389919281,NoButton,Move,756.90625,330.64453125
396.76084184646606,396.76084184646606,NoButton,Move,743.8828125,350.171875
396.76812195777893,396.76812195777893,NoButton,Move,733.05859375,369.10546875
396.7760510444641,396.7760510444641,NoButton,Move,727.421875,379.671875
396.78414607048035,396.78414607048035,NoButton,Move,708.91015625,413.22265625
397.8893029689789,397.8893029689789,NoButton,Move,708.91015625,413.453125
397.89783787727356,397.89783787727356,NoButton,Move,708.91015625,417.07421875
397.90557312965393,397.90557312965393,NoButton,Move,708.91015625,421.3984375
397.9135890007019,397.9135890007019,NoButton,Move,708.91015625,426.48046875
397.92193508148193,397.92193508148193,NoButton,Move,708.91015625,432.37890625
397.93119502067566,397.93119502067566,NoButton,Move,708.91015625,438.27734375
397.938364982605,397.938364982605,NoButton,Move,708.91015625,450.25390625
397.94698095321655,397.94698095321655,NoButton,Move,708.91015625,462.23046875
397.9552140235901,397.9552140235901,NoButton,Move,708.91015625,476.59375
397.96398186683655,397.96398186683655,NoButton,Move,708.91015625,491.046875
397.97111201286316,397.97111201286316,NoButton,Move,708.08984375,508.203125
397.9820830821991,397.9820830821991,NoButton,Move,707.26953125,525.359375
397.98709297180176,397.98709297180176,NoButton,Move,706.44921875,542.515625
398.0005841255188,398.0005841255188,NoButton,Move,705.62890625,559.671875
398.0037181377411,398.0037181377411,NoButton,Move,703.9921875,576.828125
398.0147969722748,398.0147969722748,NoButton,Move,701.625,592.60546875
398.0199520587921,398.0199520587921,NoButton,Move,699.9296875,599.375
398.03201389312744,398.03201389312744,NoButton,Move,697.73046875,612.5625
398.036474943161,398.036474943161,NoButton,Move,694.34765625,623.3828125
398.0490860939026,398.0490860939026,NoButton,Move,690.625,631.4453125
398.0526080131531,398.0526080131531,NoButton,Move,686.4765625,638.55078125
398.06591296195984,398.06591296195984,NoButton,Move,682.5234375,644.19140625
398.06945395469666,398.06945395469666,NoButton,Move,678.0078125,649.26953125
398.0774188041687,398.0774188041687,NoButton,Move,673.4296875,652.3203125
398.08608508110046,398.08608508110046,NoButton,Move,668.359375,654.34765625
398.09389209747314,398.09389209747314,NoButton,Move,662.45703125,655.41796875
398.1019220352173,398.1019220352173,NoButton,Move,651.6328125,656.09375
398.1106309890747,398.1106309890747,NoButton,Move,643.9296875,656.09375
398.11897683143616,398.11897683143616,NoButton,Move,635.2890625,656.09375
398.1270580291748,398.1270580291748,NoButton,Move,626.2109375,652.203125
398.1346118450165,398.1346118450165,NoButton,Move,614.9375,646.56640625
398.1427891254425,398.1427891254425,NoButton,Move,603.9453125,639.23828125
398.15089297294617,398.15089297294617,NoButton,Move,583.8203125,623.90234375
398.15886878967285,398.15886878967285,NoButton,Move,570.74609375,611.64453125
398.1670980453491,398.1670980453491,NoButton,Move,556.31640625,595.41015625
398.1753478050232,398.1753478050232,NoButton,Move,542.36328125,576.80859375
398.1835958957672,398.1835958957672,NoButton,Move,527.5625,554.11328125
398.1917119026184,398.1917119026184,NoButton,Move,513.3515625,528.73828125
398.19978404045105,398.19978404045105,NoButton,Move,499.78515625,500.56640625
398.207976102829,398.207976102829,NoButton,Move,489.3515625,471.3515625
398.2163438796997,398.2163438796997,NoButton,Move,479.703125,440.26953125
398.22426891326904,398.22426891326904,NoButton,Move,477.41796875,425.8125
398.23277616500854,398.23277616500854,NoButton,Move,472.484375,399.171875
398.24110889434814,398.24110889434814,NoButton,Move,469.609375,374.25390625
398.2491638660431,398.2491638660431,NoButton,Move,468.734375,354.16015625
398.2575981616974,398.2575981616974,NoButton,Move,468.734375,347.3984375
398.9209759235382,398.9209759235382,NoButton,Move,468.96484375,347.1640625
398.9289240837097,398.9289240837097,NoButton,Move,469.25,346.58984375
398.93901896476746,398.93901896476746,NoButton,Move,469.53515625,346.015625
398.9457368850708,398.9457368850708,NoButton,Move,469.8203125,345.44140625
398.9542109966278,398.9542109966278,NoButton,Move,470.10546875,344.8671875
398.96527099609375,398.96527099609375,NoButton,Move,470.41796875,343.92578125
398.97038888931274,398.97038888931274,NoButton,Move,470.73046875,342.984375
398.9780340194702,398.9780340194702,NoButton,Move,471.04296875,342.04296875
398.98701882362366,398.98701882362366,NoButton,Move,471.35546875,341.1015625
398.9980309009552,398.9980309009552,NoButton,Move,471.66796875,340.16015625
399.004390001297,399.004390001297,NoButton,Move,472.34765625,338.79296875
399.01131200790405,399.01131200790405,NoButton,Move,472.6875,337.42578125
399.018914937973,399.018914937973,NoButton,Move,473.53515625,334.44921875
399.0276589393616,399.0276589393616,NoButton,Move,473.90234375,332.6015625
399.03539299964905,399.03539299964905,NoButton,Move,474.32421875,329.625
399.04413294792175,399.04413294792175,NoButton,Move,474.8046875,325.296875
399.05182099342346,399.05182099342346,NoButton,Move,475.28515625,320.96875
399.0597620010376,399.0597620010376,NoButton,Move,475.9296875,311.2421875
399.0677218437195,399.0677218437195,NoButton,Move,476.546875,302.5546875
399.07736802101135,399.07736802101135,NoButton,Move,476.546875,291.73046875
399.08455991744995,399.08455991744995,NoButton,Move,476.546875,279.75
399.092129945755,399.092129945755,NoButton,Move,476.546875,265.29296875
399.1004650592804,399.1004650592804,NoButton,Move,476.546875,249.51171875
399.10890007019043,399.10890007019043,NoButton,Move,476.546875,232.3515625
399.1172230243683,399.1172230243683,NoButton,Move,476.546875,215.19140625
399.12499499320984,399.12499499320984,NoButton,Move,476.546875,198.03125
399.1331398487091,399.1331398487091,NoButton,Move,476.546875,180.87109375
399.1415569782257,399.1415569782257,NoButton,Move,476.546875,174.09765625
399.15003299713135,399.15003299713135,NoButton,Move,476.546875,160.90625
399.159059047699,399.159059047699,NoButton,Move,476.546875,150.08203125
399.16617798805237,399.16617798805237,NoButton,Move,476.546875,141.39453125
399.17423391342163,399.17423391342163,NoButton,Move,476.546875,138.41796875
399.1825041770935,399.1825041770935,NoButton,Move,476.546875,134.08984375
399.4492897987366,399.4492897987366,NoButton,Move,476.546875,132.671875
399.45360922813416,399.45360922813416,NoButton,Move,475.75,130.2890625
399.46230483055115,399.46230483055115,NoButton,Move,474.140625,124.38671875
399.4698112010956,399.4698112010956,NoButton,Move,472.86328125,121.4140625
399.48206400871277,399.48206400871277,NoButton,Move,471.25390625,115.51171875
399.48556303977966,399.48556303977966,NoButton,Move,469.7265625,110.42578125
399.4938049316406,399.4938049316406,NoButton,Move,468.65234375,104.5234375
399.50214290618896,399.50214290618896,NoButton,Move,467.578125,98.62109375
399.599839925766,399.599839925766,NoButton,Move,467.06640625,93.53515625
399.5998959541321,399.5998959541321,NoButton,Move,467.06640625,89.20703125
399.599937915802,399.599937915802,NoButton,Move,467.06640625,87.359375
399.59997510910034,399.59997510910034,NoButton,Move,467.06640625,83.734375
399.6000118255615,399.6000118255615,NoButton,Move,467.06640625,80.7578125
399.60004806518555,399.60004806518555,NoButton,Move,467.06640625,78.375
399.6000831127167,399.6000831127167,NoButton,Move,467.8046875,76.52734375
399.6001169681549,399.6001169681549,NoButton,Move,468.91015625,75.046875
399.60015201568604,399.60015201568604,NoButton,Move,470.38671875,73.56640625
399.60018610954285,399.60018610954285,NoButton,Move,471.86328125,72.0859375
399.6002199649811,399.6002199649811,NoButton,Move,475.03125,70.2734375
399.6002540588379,399.6002540588379,NoButton,Move,477.41015625,69.4765625
399.607547044754,399.607547044754,NoButton,Move,480.3828125,68.625
399.61593413352966,399.61593413352966,NoButton,Move,483.35546875,68.19921875
399.6261909008026,399.6261909008026,NoButton,Move,487.6796875,68.19921875
399.63203406333923,399.63203406333923,NoButton,Move,492.00390625,68.19921875
399.64015197753906,399.64015197753906,NoButton,Move,497.0859375,68.19921875
399.64826798439026,399.64826798439026,NoButton,Move,502.984375,68.19921875
399.6565878391266,399.6565878391266,NoButton,Move,509.75390625,68.19921875
399.6647388935089,399.6647388935089,NoButton,Move,516.5234375,68.19921875
399.6729769706726,399.6729769706726,NoButton,Move,524.22265625,68.7890625
399.6811430454254,399.6811430454254,NoButton,Move,537.41015625,70.984375
399.6893620491028,399.6893620491028,NoButton,Move,546.09375,72.84375
399.69769310951233,399.69769310951233,NoButton,Move,554.77734375,74.08203125
399.7057909965515,399.7057909965515,NoButton,Move,559.859375,75.09765625
399.71399998664856,399.71399998664856,NoButton,Move,574.3125,77.37890625
399.7222011089325,399.7222011089325,NoButton,Move,579.39453125,77.88671875
399.73030400276184,399.73030400276184,NoButton,Move,588.078125,79.125
399.73845291137695,399.73845291137695,NoButton,Move,596.76171875,79.7421875
399.7467710971832,399.7467710971832,NoButton,Move,603.53125,80.3046875
399.7548990249634,399.7548990249634,NoButton,Move,610.30078125,80.8671875
399.7630808353424,399.7630808353424,NoButton,Move,612.6796875,81.26171875
399.7715120315552,399.7715120315552,NoButton,Move,617.00390625,81.26171875
399.7795310020447,399.7795310020447,NoButton,Move,620.625,81.26171875
399.78797793388367,399.78797793388367,NoButton,Move,623.59765625,81.26171875
399.796236038208,399.796236038208,NoButton,Move,625.44140625,81.26171875
399.80432510375977,399.80432510375977,NoButton,Move,626.37890625,81.26171875
399.81252121925354,399.81252121925354,NoButton,Move,626.94921875,81.26171875
400.1567430496216,400.1567430496216,NoButton,Move,626.94921875,81.95703125
400.1650559902191,400.1650559902191,NoButton,Move,626.94921875,83.80078125
400.1731209754944,400.1731209754944,NoButton,Move,626.94921875,85.1640625
400.1812629699707,400.1812629699707,NoButton,Move,626.94921875,87.0078125
400.19054889678955,400.19054889678955,NoButton,Move,627.31640625,88.8515625
400.19785499572754,400.19785499572754,NoButton,Move,627.73828125,91.82421875
400.2057740688324,400.2057740688324,NoButton,Move,627.73828125,94.796875
400.21428894996643,400.21428894996643,NoButton,Move,627.73828125,98.41796875
400.22264218330383,400.22264218330383,NoButton,Move,627.73828125,102.0390625
400.2303099632263,400.2303099632263,NoButton,Move,627.3125,105.01171875
400.23882007598877,400.23882007598877,NoButton,Move,625.046875,108.1796875
400.2476179599762,400.2476179599762,NoButton,Move,622.78125,111.34375
400.2553930282593,400.2553930282593,NoButton,Move,620.23046875,113.46484375
400.26310896873474,400.26310896873474,NoButton,Move,616.86328125,116.34765625
400.27245903015137,400.27245903015137,NoButton,Move,613.015625,118.75
400.28152203559875,400.28152203559875,NoButton,Move,609.84375,121.01171875
400.28822588920593,400.28822588920593,NoButton,Move,606.21875,122.8203125
400.296049118042,400.296049118042,NoButton,Move,602.59375,124.17578125
400.86939787864685,400.86939787864685,NoButton,Move,603.51953125,123.24609375
400.8771061897278,400.8771061897278,NoButton,Move,609.7265625,119.859375
400.88555002212524,400.88555002212524,NoButton,Move,617.42578125,116.89453125
400.89342188835144,400.89342188835144,NoButton,Move,626.109375,113.7890625
400.9019260406494,400.9019260406494,NoButton,Move,636.9296875,111.7578125
400.9094030857086,400.9094030857086,NoButton,Move,651.3828125,109.47265625
400.9184219837189,400.9184219837189,NoButton,Move,698.04296875,101.90234375
400.92597699165344,400.92597699165344,NoButton,Move,736.22265625,99.5859375
400.9348289966583,400.9348289966583,NoButton,Move,776.52734375,98.3984375
400.94482803344727,400.94482803344727,NoButton,Move,823.55078125,98.3984375
400.951073884964,400.951073884964,NoButton,Move,845.0703125,98.3984375
400.9609889984131,400.9609889984131,NoButton,Move,889.796875,98.3984375
400.96732997894287,400.96732997894287,NoButton,Move,929.99609375,99.578125
400.97516989707947,400.97516989707947,NoButton,Move,968.17578125,101.890625
400.9845931529999,400.9845931529999,NoButton,Move,981.36328125,103.35546875
400.99506092071533,400.99506092071533,NoButton,Move,1008.0,106.3125
401.0001928806305,401.0001928806305,NoButton,Move,1016.68359375,106.9296875
401.00829100608826,401.00829100608826,NoButton,Move,1033.83984375,107.74609375
401.01643800735474,401.01643800735474,NoButton,Move,1038.1640625,108.2265625
401.0243170261383,401.0243170261383,NoButton,Move,1047.88671875,108.2265625
401.03344082832336,401.03344082832336,NoButton,Move,1053.74609375,108.2265625
401.04064083099365,401.04064083099365,NoButton,Move,1056.71875,108.2265625
401.0492651462555,401.0492651462555,NoButton,Move,1059.09765625,108.2265625
401.057177066803,401.057177066803,NoButton,Move,1059.09765625,106.37890625
401.0651960372925,401.0651960372925,NoButton,Move,1058.30078125,103.99609375
401.07350277900696,401.07350277900696,NoButton,Move,1053.47265625,100.23828125
401.08208298683167,401.08208298683167,NoButton,Move,1046.36328125,96.08984375
401.08991289138794,401.08991289138794,NoButton,Move,1036.890625,90.67578125
401.0985040664673,401.0985040664673,NoButton,Move,1026.3203125,85.0390625
401.1064748764038,401.1064748764038,NoButton,Move,1012.625,78.94921875
401.1152319908142,401.1152319908142,NoButton,Move,988.6640625,69.36328125
401.122652053833,401.122652053833,NoButton,Move,979.9765625,66.2578125
401.13156914711,401.13156914711,NoButton,Move,963.7421875,60.57421875
401.1390061378479,401.1390061378479,NoButton,Move,946.58203125,55.66796875
401.1486599445343,401.1486599445343,NoButton,Move,929.421875,50.76171875
401.1555778980255,401.1555778980255,NoButton,Move,912.3203125,45.875
401.1639039516449,401.1639039516449,NoButton,Move,897.86328125,42.0703125
401.17230105400085,401.17230105400085,NoButton,Move,891.9609375,40.4609375
401.1828441619873,401.1828441619873,NoButton,Move,881.13671875,37.078125
401.188355922699,401.188355922699,NoButton,Move,871.41015625,33.8359375
401.19598412513733,401.19598412513733,NoButton,Move,868.43359375,32.984375
401.2053909301758,401.2053909301758,NoButton,Move,863.38671875,31.46875
401.2193157672882,401.2193157672882,NoButton,Move,859.76171875,30.109375
401.2207109928131,401.2207109928131,NoButton,Move,857.37890625,29.3125
401.23301911354065,401.23301911354065,NoButton,Move,855.53125,28.94140625
401.23694705963135,401.23694705963135,NoButton,Move,854.58984375,28.625
401.2471590042114,401.2471590042114,NoButton,Move,854.328125,28.36328125
401.2531909942627,401.2531909942627,NoButton,Move,854.06640625,28.36328125
401.2646701335907,401.2646701335907,NoButton,Move,853.8046875,28.36328125
401.26958990097046,401.26958990097046,NoButton,Move,853.8046875,28.1015625
401.29763078689575,401.29763078689575,NoButton,Move,853.8046875,27.859375
401.30262994766235,401.30262994766235,NoButton,Move,854.375,27.5703125
401.3154420852661,401.3154420852661,NoButton,Move,855.73828125,27.2265625
401.31925892829895,401.31925892829895,NoButton,Move,857.58203125,27.2265625
401.32722306251526,401.32722306251526,NoButton,Move,859.9609375,26.828125
401.33582615852356,401.33582615852356,NoButton,Move,862.33984375,26.828125
401.3436849117279,401.3436849117279,NoButton,Move,864.71875,26.828125
401.3522229194641,401.3522229194641,NoButton,Move,867.68359375,26.828125
401.3605878353119,401.3605878353119,NoButton,Move,870.65625,26.828125
401.3685870170593,401.3685870170593,NoButton,Move,872.5,26.828125
401.37642788887024,401.37642788887024,NoButton,Move,876.82421875,26.828125
401.38572883605957,401.38572883605957,NoButton,Move,878.66796875,26.828125
401.39307498931885,401.39307498931885,NoButton,Move,881.046875,26.828125
401.401006937027,401.401006937027,NoButton,Move,883.42578125,26.828125
401.4087541103363,401.4087541103363,NoButton,Move,885.8046875,26.828125
401.41701102256775,401.41701102256775,NoButton,Move,887.6484375,26.45703125
401.42553997039795,401.42553997039795,NoButton,Move,889.4921875,26.45703125
401.43342900276184,401.43342900276184,NoButton,Move,890.85546875,26.11328125
401.4419569969177,401.4419569969177,NoButton,Move,891.79296875,26.11328125
401.45026302337646,401.45026302337646,NoButton,Move,892.73046875,26.11328125
401.4580919742584,401.4580919742584,NoButton,Move,893.30078125,26.11328125
401.4664559364319,401.4664559364319,NoButton,Move,893.55859375,26.11328125
401.47454619407654,401.47454619407654,NoButton,Move,893.81640625,26.11328125
401.48270297050476,401.48270297050476,NoButton,Move,894.07421875,26.11328125
401.4907958507538,401.4907958507538,NoButton,Move,894.33203125,26.11328125
401.4991509914398,401.4991509914398,NoButton,Move,894.58984375,26.11328125
401.5156059265137,401.5156059265137,NoButton,Move,894.83203125,26.11328125
401.5653660297394,401.5653660297394,NoButton,Move,895.06640625,26.11328125
401.59782218933105,401.59782218933105,NoButton,Move,895.30078125,26.11328125
401.60764503479004,401.60764503479004,NoButton,Move,895.55859375,26.11328125
401.6152400970459,401.6152400970459,NoButton,Move,895.84375,26.68359375
401.62345480918884,401.62345480918884,NoButton,Move,896.46875,27.62109375
401.63105607032776,401.63105607032776,NoButton,Move,897.09375,28.55859375
401.63838505744934,401.63838505744934,NoButton,Move,898.19921875,30.03515625
401.64643597602844,401.64643597602844,NoButton,Move,899.22265625,31.05859375
401.65469193458557,401.65469193458557,NoButton,Move,900.328125,32.53515625
401.6677119731903,401.6677119731903,NoButton,Move,901.34765625,33.5546875
401.67115592956543,401.67115592956543,NoButton,Move,902.82421875,35.03125
401.68100118637085,401.68100118637085,NoButton,Move,903.84765625,36.0546875
401.6873528957367,401.6873528957367,NoButton,Move,905.32421875,37.53125
401.69843196868896,401.69843196868896,NoButton,Move,906.34765625,38.5546875
401.70386385917664,401.70386385917664,NoButton,Move,907.37109375,39.578125
401.7138001918793,401.7138001918793,NoButton,Move,908.4765625,41.0546875
401.7201278209686,401.7201278209686,NoButton,Move,910.59765625,43.17578125
401.7316288948059,401.7316288948059,NoButton,Move,911.703125,45.01953125
401.73645210266113,401.73645210266113,NoButton,Move,912.44140625,46.86328125
401.744500875473,401.744500875473,NoButton,Move,913.71484375,49.8359375
401.75352787971497,401.75352787971497,NoButton,Move,914.5625,52.80859375
401.7687888145447,401.7687888145447,NoButton,Move,915.01171875,56.4296875
401.769024848938,401.769024848938,NoButton,Move,915.4921875,60.75390625
401.7824230194092,401.7824230194092,NoButton,Move,916.0,65.8359375
401.7856900691986,401.7856900691986,NoButton,Move,916.0,76.65625
401.79417991638184,401.79417991638184,NoButton,Move,913.71484375,91.109375
401.8023989200592,401.8023989200592,NoButton,Move,907.8515625,103.5625
401.81125497817993,401.81125497817993,NoButton,Move,898.86328125,119.0859375
401.81850481033325,401.81850481033325,NoButton,Move,875.15234375,152.27734375
401.826936006546,401.826936006546,NoButton,Move,852.578125,180.48828125
401.83515214920044,401.83515214920044,NoButton,Move,826.49609375,212.4921875
401.8426511287689,401.8426511287689,NoButton,Move,794.71875,248.078125
401.85094118118286,401.85094118118286,NoButton,Move,760.18359375,287.921875
401.85910391807556,401.85910391807556,NoButton,Move,728.9921875,326.90625
401.8677878379822,401.8677878379822,NoButton,Move,715.0390625,345.50390625
401.87523198127747,401.87523198127747,NoButton,Move,688.33203125,379.4921875
401.88346695899963,401.88346695899963,NoButton,Move,664.62109375,412.68359375
401.89152097702026,401.89152097702026,NoButton,Move,656.25,424.85546875
401.8999421596527,401.8999421596527,NoButton,Move,640.0078125,448.19921875
401.90837001800537,401.90837001800537,NoButton,Move,626.0546875,466.796875
401.91647505760193,401.91647505760193,NoButton,Move,622.66796875,473.00390625
401.9246289730072,401.9246289730072,NoButton,Move,614.296875,485.17578125
401.9328169822693,401.9328169822693,NoButton,Move,611.890625,489.01953125
401.940780878067,401.940780878067,NoButton,Move,602.421875,501.640625
402.2493648529053,402.2493648529053,NoButton,Move,603.35546875,502.57421875
402.2533760070801,402.2533760070801,NoButton,Move,605.6171875,505.7421875
402.26143884658813,402.26143884658813,NoButton,Move,608.15625,510.31640625
402.2689609527588,402.2689609527588,NoButton,Move,610.6953125,514.890625
402.2779309749603,402.2779309749603,NoButton,Move,616.328125,526.16015625
402.28543305397034,402.28543305397034,NoButton,Move,621.65234375,539.8515625
402.29436898231506,402.29436898231506,NoButton,Move,624.2421875,549.57421875
402.3017530441284,402.3017530441284,NoButton,Move,633.375,576.9765625
402.3107509613037,402.3107509613037,NoButton,Move,636.8671875,597.06640625
402.3184108734131,402.3184108734131,NoButton,Move,637.51171875,606.7734375
402.3259491920471,402.3259491920471,NoButton,Move,638.328125,623.9296875
402.3345971107483,402.3345971107483,NoButton,Move,638.328125,639.66796875
402.34237718582153,402.34237718582153,NoButton,Move,638.328125,652.85546875
402.3507008552551,402.3507008552551,NoButton,Move,635.08984375,662.55859375
402.358510017395,402.358510017395,NoButton,Move,629.25390625,670.984375
402.36707496643066,402.36707496643066,NoButton,Move,626.08203125,673.24609375
402.37478494644165,402.37478494644165,NoButton,Move,614.66796875,682.375
402.3832092285156,402.3832092285156,NoButton,Move,606.96484375,684.7421875
402.3913769721985,402.3913769721985,NoButton,Move,597.23828125,685.38671875
402.39962005615234,402.39962005615234,NoButton,Move,586.4140625,685.38671875
402.40763688087463,402.40763688087463,NoButton,Move,567.81640625,684.5390625
402.4160990715027,402.4160990715027,NoButton,Move,560.70703125,680.984375
402.9825520515442,402.9825520515442,NoButton,Move,558.12109375,680.51171875
402.98922896385193,402.98922896385193,NoButton,Move,547.55078125,674.16796875
402.9974000453949,402.9974000453949,NoButton,Move,536.55859375,666.83984375
403.0060489177704,403.0060489177704,NoButton,Move,521.33984375,655.00390625
403.01523089408875,403.01523089408875,NoButton,Move,502.1875,637.765625
403.02220606803894,403.02220606803894,NoButton,Move,479.234375,617.94140625
403.0300588607788,403.0300588607788,NoButton,Move,431.3671875,570.07421875
403.0396020412445,403.0396020412445,NoButton,Move,376.6171875,510.4921875
403.046728849411,403.046728849411,NoButton,Move,320.51953125,444.4921875
403.05466890335083,403.05466890335083,NoButton,Move,295.0234375,410.5
403.0653591156006,403.0653591156006,NoButton,Move,246.71484375,346.0859375
403.07081484794617,403.07081484794617,NoButton,Move,229.45703125,322.73828125
403.0825619697571,403.0825619697571,NoButton,Move,194.1015625,274.65625
403.08678698539734,403.08678698539734,NoButton,Move,182.265625,260.28515625
403.09843707084656,403.09843707084656,NoButton,Move,159.69140625,230.94140625
403.1033618450165,403.1033618450165,NoButton,Move,154.10546875,224.11328125
403.11416387557983,403.11416387557983,NoButton,Move,149.58984375,219.03125
403.1195909976959,403.1195909976959,NoButton,Move,140.796875,208.7734375
403.13126587867737,403.13126587867737,NoButton,Move,135.71484375,203.69140625
403.1360459327698,403.1360459327698,NoButton,Move,129.1953125,199.54296875
403.2926239967346,403.2926239967346,NoButton,Move,129.1953125,198.8359375
403.3009970188141,403.3009970188141,NoButton,Move,128.7109375,194.5078125
403.3086938858032,403.3086938858032,NoButton,Move,127.18359375,189.421875
403.31671690940857,403.31671690940857,NoButton,Move,125.03515625,183.51953125
403.32493782043457,403.32493782043457,NoButton,Move,118.046875,164.30078125
403.33318281173706,403.33318281173706,NoButton,Move,115.453125,154.57421875
403.34142780303955,403.34142780303955,NoButton,Move,109.73046875,138.23046875
403.3494460582733,403.3494460582733,NoButton,Move,103.8125,120.4765625
403.35710310935974,403.35710310935974,NoButton,Move,98.90625,103.31640625
403.36573600769043,403.36573600769043,NoButton,Move,93.18359375,86.97265625
403.3737938404083,403.3737938404083,NoButton,Move,91.57421875,81.0703125
403.38173508644104,403.38173508644104,NoButton,Move,87.34375,69.796875
403.3900110721588,403.3900110721588,NoButton,Move,86.37890625,65.46875
403.3981258869171,403.3981258869171,NoButton,Move,84.12109375,58.6953125
403.4063529968262,403.4063529968262,NoButton,Move,83.1015625,53.609375
403.4146249294281,403.4146249294281,NoButton,Move,82.1953125,49.984375
403.42299795150757,403.42299795150757,NoButton,Move,82.1953125,47.6015625
403.4313290119171,403.4313290119171,NoButton,Move,82.1953125,46.234375
403.4392328262329,403.4392328262329,NoButton,Move,82.1953125,44.8671875
403.448126077652,403.448126077652,NoButton,Move,82.1953125,44.29296875
403.45558500289917,403.45558500289917,NoButton,Move,82.1953125,44.03125
403.46372389793396,403.46372389793396,NoButton,Move,82.765625,43.7421875
403.4714889526367,403.4714889526367,NoButton,Move,84.609375,43.7421875
403.48015308380127,403.48015308380127,NoButton,Move,86.453125,43.7421875
403.48838114738464,403.48838114738464,NoButton,Move,88.83203125,43.7421875
403.4981129169464,403.4981129169464,NoButton,Move,91.8046875,43.7421875
403.50451397895813,403.50451397895813,NoButton,Move,94.18359375,43.7421875
403.51351594924927,403.51351594924927,NoButton,Move,97.15625,43.7421875
403.5211338996887,403.5211338996887,NoButton,Move,100.12890625,44.1640625
403.52878499031067,403.52878499031067,NoButton,Move,103.75,45.06640625
403.5373511314392,403.5373511314392,NoButton,Move,105.11328125,45.40625
403.55135893821716,403.55135893821716,NoButton,Move,108.0859375,46.25390625
403.55377292633057,403.55377292633057,NoButton,Move,109.9296875,46.62109375
403.56324195861816,403.56324195861816,NoButton,Move,111.7734375,46.98828125
403.5702528953552,403.5702528953552,NoButton,Move,113.13671875,47.328125
403.58151483535767,403.58151483535767,NoButton,Move,114.07421875,47.328125
403.58616375923157,403.58616375923157,NoButton,Move,114.64453125,47.328125
403.598730802536,403.598730802536,NoButton,Move,114.90234375,47.328125
403.6027760505676,403.6027760505676,NoButton,Move,115.16015625,47.328125
403.6141998767853,403.6141998767853,NoButton,Move,115.41796875,47.328125
403.64809012413025,403.64809012413025,Left,Pressed,115.41796875,47.328125
403.78183794021606,403.78183794021606,Left,Released,115.41796875,47.328125
404.1443250179291,404.1443250179291,NoButton,Move,116.5859375,49.19921875
404.1516351699829,404.1516351699829,NoButton,Move,123.41015625,54.78125
404.1593279838562,404.1593279838562,NoButton,Move,130.234375,60.36328125
404.1677179336548,404.1677179336548,NoButton,Move,138.3203125,67.7734375
404.1756200790405,404.1756200790405,NoButton,Move,147.84375,77.296875
404.18406200408936,404.18406200408936,NoButton,Move,159.67578125,88.33984375
404.1922810077667,404.1922810077667,NoButton,Move,186.07421875,111.44140625
404.2005820274353,404.2005820274353,NoButton,Move,221.66015625,143.21484375
404.2088830471039,404.2088830471039,NoButton,Move,262.36328125,179.84765625
404.2167568206787,404.2167568206787,NoButton,Move,341.8984375,248.77734375
404.22468400001526,404.22468400001526,NoButton,Move,399.88671875,297.36328125
404.2330889701843,404.2330889701843,NoButton,Move,468.296875,354.09375
404.2412099838257,404.2412099838257,NoButton,Move,539.1328125,413.125
404.2497351169586,404.2497351169586,NoButton,Move,609.96875,472.15625
404.2574691772461,404.2574691772461,NoButton,Move,683.23828125,531.79296875
404.2661130428314,404.2661130428314,NoButton,Move,714.05859375,557.87109375
404.27379179000854,404.27379179000854,NoButton,Move,774.44921875,607.13671875
404.2822320461273,404.2822320461273,NoButton,Move,797.79296875,623.375
404.290433883667,404.290433883667,NoButton,Move,814.92578125,636.8984375
404.298800945282,404.298800945282,NoButton,Move,848.9140625,663.6015625
404.7454068660736,404.7454068660736,NoButton,Move,850.31640625,663.6015625
404.74553298950195,404.74553298950195,NoButton,Move,852.6953125,663.6015625
404.745756149292,404.745756149292,NoButton,Move,855.66796875,664.44921875
404.7459318637848,404.7459318637848,NoButton,Move,858.640625,665.296875
404.7460780143738,404.7460780143738,NoButton,Move,862.26171875,666.65234375
404.746248960495,404.746248960495,NoButton,Move,869.3671875,669.61328125
404.7480721473694,404.7480721473694,NoButton,Move,877.06640625,671.98046875
404.75645208358765,404.75645208358765,NoButton,Move,886.140625,675.8671875
404.7645699977875,404.7645699977875,NoButton,Move,894.82421875,678.96875
404.7727289199829,404.7727289199829,NoButton,Move,904.96875,683.02734375
404.78123688697815,404.78123688697815,NoButton,Move,914.04296875,686.9140625
404.7891540527344,404.7891540527344,NoButton,Move,918.3671875,688.8359375
404.7973470687866,404.7973470687866,NoButton,Move,926.06640625,691.796875
404.8057749271393,404.8057749271393,NoButton,Move,929.234375,693.60546875
404.8139171600342,404.8139171600342,NoButton,Move,934.59765625,696.28515625
404.82213497161865,404.82213497161865,NoButton,Move,938.21875,698.09375
404.830265045166,404.830265045166,NoButton,Move,941.38671875,699.90234375
404.83820509910583,404.83820509910583,NoButton,Move,943.23046875,701.0078125
404.84667897224426,404.84667897224426,NoButton,Move,944.59375,701.6875
404.85465002059937,404.85465002059937,NoButton,Move,945.1640625,702.2578125
404.8631238937378,404.8631238937378,NoButton,Move,945.734375,702.54296875
404.8710880279541,404.8710880279541,NoButton,Move,945.9921875,702.80078125
404.8792989253998,404.8792989253998,NoButton,Move,945.9921875,703.05859375
404.88756799697876,404.88756799697876,NoButton,Move,945.9921875,703.31640625
404.89568877220154,404.89568877220154,NoButton,Move,945.9921875,703.57421875
404.90371799468994,404.90371799468994,NoButton,Move,944.625,703.9140625
404.9122531414032,404.9122531414032,NoButton,Move,940.296875,704.875
404.9201829433441,404.9201829433441,NoButton,Move,929.47265625,706.2265625
404.9293780326843,404.9293780326843,NoButton,Move,913.69140625,707.01171875
404.9364378452301,404.9364378452301,NoButton,Move,881.5390625,707.01171875
404.94576716423035,404.94576716423035,NoButton,Move,864.37890625,707.01171875
404.95329189300537,404.95329189300537,NoButton,Move,807.57421875,702.85546875
404.96267580986023,404.96267580986023,NoButton,Move,767.265625,694.5546875
404.96931505203247,404.96931505203247,NoButton,Move,745.62109375,689.140625
404.9797570705414,404.9797570705414,NoButton,Move,706.5,678.46875
404.9858720302582,404.9858720302582,NoButton,Move,669.4765625,666.8984375
404.99381709098816,404.99381709098816,NoButton,Move,636.47265625,655.89453125
405.0022759437561,405.0022759437561,NoButton,Move,605.390625,645.17578125
405.01047801971436,405.01047801971436,NoButton,Move,595.2421875,641.11328125
405.0186631679535,405.0186631679535,NoButton,Move,586.1640625,637.22265625
405.0270240306854,405.0270240306854,NoButton,Move,569.9140625,630.72265625
405.0351390838623,405.0351390838623,NoButton,Move,557.45703125,625.59375
406.23951411247253,406.23951411247253,NoButton,Move,557.45703125,625.359375
406.24900102615356,406.24900102615356,NoButton,Move,557.45703125,624.41796875
406.2555868625641,406.2555868625641,NoButton,Move,557.45703125,623.05078125
406.2638819217682,406.2638819217682,NoButton,Move,557.45703125,622.109375
406.2717869281769,406.2717869281769,NoButton,Move,557.45703125,619.1328125
406.28057312965393,406.28057312965393,NoButton,Move,557.45703125,616.75
406.28975892066956,406.28975892066956,NoButton,Move,557.45703125,614.3671875
406.2978091239929,406.2978091239929,NoButton,Move,557.45703125,611.390625
406.3052020072937,406.3052020072937,NoButton,Move,557.45703125,607.765625
406.3128809928894,406.3128809928894,NoButton,Move,557.45703125,604.7890625
406.32150387763977,406.32150387763977,NoButton,Move,557.45703125,601.1640625
406.3314530849457,406.3314530849457,NoButton,Move,557.45703125,597.5390625
406.3384280204773,406.3384280204773,NoButton,Move,557.45703125,594.5625
406.34631276130676,406.34631276130676,NoButton,Move,557.45703125,590.9375
406.3548529148102,406.3548529148102,NoButton,Move,557.45703125,589.08984375
406.36185908317566,406.36185908317566,NoButton,Move,557.45703125,586.11328125
406.37086510658264,406.37086510658264,NoButton,Move,557.45703125,583.73046875
406.381139755249,406.381139755249,NoButton,Move,557.45703125,580.75390625
406.38803601264954,406.38803601264954,NoButton,Move,557.45703125,578.90625
406.3951048851013,406.3951048851013,NoButton,Move,557.45703125,577.05859375
406.4032459259033,406.4032459259033,NoButton,Move,557.82421875,575.2109375
406.4154751300812,406.4154751300812,NoButton,Move,557.82421875,573.84765625
406.420636177063,406.420636177063,NoButton,Move,558.1640625,572.48046875
406.4281499385834,406.4281499385834,NoButton,Move,558.1640625,571.11328125
406.4356288909912,406.4356288909912,NoButton,Move,558.1640625,570.171875
406.4445102214813,406.4445102214813,NoButton,Move,558.4765625,569.23046875
406.4531271457672,406.4531271457672,NoButton,Move,558.4765625,568.2890625
406.46095991134644,406.46095991134644,NoButton,Move,558.4765625,567.34765625
406.4681351184845,406.4681351184845,NoButton,Move,558.7890625,566.40625
406.4776430130005,406.4776430130005,NoButton,Move,558.7890625,565.83203125
406.48479199409485,406.48479199409485,NoButton,Move,558.7890625,564.890625
406.4949369430542,406.4949369430542,NoButton,Move,558.7890625,564.31640625
406.5015330314636,406.5015330314636,NoButton,Move,559.07421875,563.7421875
406.5090751647949,406.5090751647949,NoButton,Move,559.07421875,563.48046875
406.5173637866974,406.5173637866974,NoButton,Move,559.07421875,563.21875
406.5258221626282,406.5258221626282,NoButton,Move,559.07421875,562.95703125
406.55021500587463,406.55021500587463,NoButton,Move,559.07421875,562.71484375
407.06539583206177,407.06539583206177,Left,Pressed,559.07421875,562.71484375
407.18180298805237,407.18180298805237,Left,Released,559.07421875,562.71484375
407.9177939891815,407.9177939891815,NoButton,Move,559.07421875,562.25
407.9260358810425,407.9260358810425,NoButton,Move,560.26171875,559.8671875
407.93458914756775,407.93458914756775,NoButton,Move,563.14453125,556.5
407.9423279762268,407.9423279762268,NoButton,Move,566.1953125,552.4296875
407.9506211280823,407.9506211280823,NoButton,Move,569.24609375,547.8515625
407.95846700668335,407.95846700668335,NoButton,Move,573.1953125,542.20703125
407.9664340019226,407.9664340019226,NoButton,Move,580.51953125,531.21484375
407.9747200012207,407.9747200012207,NoButton,Move,587.11328125,519.4921875
407.9829421043396,407.9829421043396,NoButton,Move,595.0,505.2890625
407.9909951686859,407.9909951686859,NoButton,Move,603.984375,490.578125
407.9986221790314,407.9986221790314,NoButton,Move,611.87109375,476.375
408.00687289237976,408.00687289237976,NoButton,Move,615.81640625,470.734375
408.0152931213379,408.0152931213379,NoButton,Move,622.15625,460.1640625
408.02349615097046,408.02349615097046,NoButton,Move,627.98828125,451.734375
408.0318410396576,408.0318410396576,NoButton,Move,632.7265625,445.21484375
408.03961205482483,408.03961205482483,NoButton,Move,637.23828125,439.5703125
408.04858684539795,408.04858684539795,NoButton,Move,638.6953125,438.109375
408.05632305145264,408.05632305145264,NoButton,Move,641.578125,434.7421875
410.01245188713074,410.01245188713074,NoButton,Move,642.96484375,436.359375
410.020761013031,410.020761013031,NoButton,Move,644.88671875,440.68359375
410.02863001823425,410.02863001823425,NoButton,Move,647.42578125,445.2578125
410.0368900299072,410.0368900299072,NoButton,Move,649.45703125,450.33984375
410.04510617256165,410.04510617256165,NoButton,Move,651.0625,456.23828125
410.05336904525757,410.05336904525757,NoButton,Move,652.5859375,461.3203125
410.063196182251,410.063196182251,NoButton,Move,654.61328125,472.140625
410.0696198940277,410.0696198940277,NoButton,Move,655.1484375,478.0390625
410.0795660018921,410.0795660018921,NoButton,Move,655.79296875,487.76171875
410.08601212501526,410.08601212501526,NoButton,Move,656.4375,497.484375
410.0958020687103,410.0958020687103,NoButton,Move,656.4375,513.26171875
410.10255885124207,410.10255885124207,NoButton,Move,655.19921875,521.92578125
410.1105229854584,410.1105229854584,NoButton,Move,650.85546875,529.98828125
410.1187570095062,410.1187570095062,NoButton,Move,647.96875,533.3515625
410.1270020008087,410.1270020008087,NoButton,Move,639.51171875,542.5078125
410.13533210754395,410.13533210754395,NoButton,Move,632.06640625,547.46875
410.14375400543213,410.14375400543213,NoButton,Move,624.0,551.1875
410.15176010131836,410.15176010131836,NoButton,Move,615.3125,553.046875
410.1604251861572,410.1604251861572,NoButton,Move,605.5859375,554.33984375
410.1681168079376,410.1681168079376,NoButton,Move,595.859375,554.33984375
410.176362991333,410.176362991333,NoButton,Move,587.171875,554.33984375
410.1845018863678,410.1845018863678,NoButton,Move,577.4453125,553.69140625
410.1927239894867,410.1927239894867,NoButton,Move,573.1171875,551.765625
410.2011239528656,410.2011239528656,NoButton,Move,565.05078125,548.04296875
410.2088391780853,410.2088391780853,NoButton,Move,553.328125,540.71484375
410.2174918651581,410.2174918651581,NoButton,Move,550.46484375,537.375
410.22558307647705,410.22558307647705,NoButton,Move,540.57421875,526.72265625
410.2339940071106,410.2339940071106,NoButton,Move,535.609375,519.27734375
410.57015204429626,410.57015204429626,NoButton,Move,535.609375,518.8125
410.57841300964355,410.57841300964355,NoButton,Move,536.71484375,516.96484375
410.58784198760986,410.58784198760986,NoButton,Move,537.98828125,513.98828125
410.5983409881592,410.5983409881592,NoButton,Move,540.80859375,507.77734375
410.60423016548157,410.60423016548157,NoButton,Move,543.17578125,500.07421875
410.6115970611572,410.6115970611572,NoButton,Move,546.4140625,490.34765625
410.6237258911133,410.6237258911133,NoButton,Move,549.23046875,478.3671875
410.6277952194214,410.6277952194214,NoButton,Move,552.2734375,463.91015625
410.63529801368713,410.63529801368713,NoButton,Move,554.5546875,449.453125
410.64353704452515,410.64353704452515,NoButton,Move,556.1875,432.29296875
410.6510729789734,410.6510729789734,NoButton,Move,558.328125,400.140625
410.65904092788696,410.65904092788696,NoButton,Move,558.328125,380.046875
410.6675810813904,410.6675810813904,NoButton,Move,558.328125,370.35546875
410.67537808418274,410.67537808418274,NoButton,Move,558.328125,336.25
410.68406200408936,410.68406200408936,NoButton,Move,555.625,325.44921875
410.69184613227844,410.69184613227844,NoButton,Move,551.25390625,305.35546875
410.70286297798157,410.70286297798157,NoButton,Move,546.34765625,288.1953125
410.7084159851074,410.7084159851074,NoButton,Move,541.61328125,272.4140625
410.71644401550293,410.71644401550293,NoButton,Move,539.578125,267.328125
410.7245149612427,410.7245149612427,NoButton,Move,534.64453125,256.0546875
410.7325921058655,410.7325921058655,NoButton,Move,529.6796875,248.609375
410.7411570549011,410.7411570549011,NoButton,Move,524.6171875,243.546875
410.74905800819397,410.74905800819397,NoButton,Move,520.0390625,241.00390625
410.7573161125183,410.7573161125183,NoButton,Move,515.7109375,239.55859375
411.0207841396332,411.0207841396332,NoButton,Move,515.7109375,239.32421875
411.02822399139404,411.02822399139404,NoButton,Move,515.7109375,237.95703125
411.03752303123474,411.03752303123474,NoButton,Move,515.7109375,236.109375
411.04826498031616,411.04826498031616,NoButton,Move,515.2578125,232.484375
411.0540781021118,411.0540781021118,NoButton,Move,514.29296875,228.15625
411.0619869232178,411.0619869232178,NoButton,Move,512.765625,223.0703125
411.06933188438416,411.06933188438416,NoButton,Move,511.15625,217.16796875
411.07742190361023,411.07742190361023,NoButton,Move,506.92578125,205.89453125
411.086266040802,411.086266040802,NoButton,Move,503.9921875,198.26953125
411.0943570137024,411.0943570137024,NoButton,Move,500.1015625,189.19140625
411.10195088386536,411.10195088386536,NoButton,Move,495.16796875,177.91796875
411.1093590259552,411.1093590259552,NoButton,Move,490.4296875,167.76953125
411.11812591552734,411.11812591552734,NoButton,Move,486.19921875,156.49609375
411.1271860599518,411.1271860599518,NoButton,Move,482.13671875,146.34765625
411.1345009803772,411.1345009803772,NoButton,Move,479.98828125,140.4453125
411.142550945282,411.142550945282,NoButton,Move,476.8828125,131.7578125
411.15095686912537,411.15095686912537,NoButton,Move,475.609375,128.7890625
411.1586289405823,411.1586289405823,NoButton,Move,473.9140625,122.015625
411.1672978401184,411.1672978401184,NoButton,Move,472.48046875,117.71484375
411.17513704299927,411.17513704299927,NoButton,Move,471.57421875,114.08984375
411.1837069988251,411.1837069988251,NoButton,Move,470.78125,111.71484375
411.19193410873413,411.19193410873413,NoButton,Move,470.78125,109.8671875
411.2003469467163,411.2003469467163,NoButton,Move,470.46484375,108.92578125
411.2082118988037,411.2082118988037,NoButton,Move,470.46484375,108.3515625
411.21667194366455,411.21667194366455,NoButton,Move,470.46484375,107.77734375
411.22452187538147,411.22452187538147,NoButton,Move,470.46484375,107.515625
411.24108600616455,411.24108600616455,NoButton,Move,470.46484375,107.26953125
411.2658269405365,411.2658269405365,NoButton,Move,470.22265625,107.26953125
411.2820918560028,411.2820918560028,NoButton,Move,470.22265625,107.0234375
411.2898988723755,411.2898988723755,NoButton,Move,470.22265625,106.08203125
411.2990369796753,411.2990369796753,NoButton,Move,470.22265625,105.140625
411.30677604675293,411.30677604675293,NoButton,Move,470.22265625,103.7734375
411.3168921470642,411.3168921470642,NoButton,Move,470.22265625,101.92578125
411.32290387153625,411.32290387153625,NoButton,Move,470.22265625,98.94921875
411.3315839767456,411.3315839767456,NoButton,Move,470.64453125,95.97265625
411.33913493156433,411.33913493156433,NoButton,Move,471.546875,92.34765625
411.34726214408875,411.34726214408875,NoButton,Move,471.99609375,88.72265625
411.3553500175476,411.3553500175476,NoButton,Move,472.36328125,86.875
411.36501002311707,411.36501002311707,NoButton,Move,473.15625,84.4921875
411.37190103530884,411.37190103530884,NoButton,Move,473.94921875,82.109375
411.3800091743469,411.3800091743469,NoButton,Move,474.31640625,80.26171875
411.3888030052185,411.3888030052185,NoButton,Move,474.62890625,79.3203125
411.39833092689514,411.39833092689514,NoButton,Move,474.94140625,78.37890625
411.4047300815582,411.4047300815582,NoButton,Move,475.2265625,77.8046875
411.50537109375,411.50537109375,NoButton,Move,475.2265625,79.26953125
411.88803911209106,411.88803911209106,NoButton,Move,475.2265625,80.671875
411.8961260318756,411.8961260318756,NoButton,Move,475.2265625,85.75390625
411.90464305877686,411.90464305877686,NoButton,Move,475.2265625,91.65234375
411.9123330116272,411.9123330116272,NoButton,Move,475.734375,96.734375
411.92105889320374,411.92105889320374,NoButton,Move,476.26953125,102.6328125
411.93209314346313,411.93209314346313,NoButton,Move,476.76953125,107.66796875
411.93831276893616,411.93831276893616,NoButton,Move,477.27734375,112.75
411.94536995887756,411.94536995887756,NoButton,Move,477.27734375,117.83203125
411.9540288448334,411.9540288448334,NoButton,Move,477.27734375,118.08984375
412.5596179962158,412.5596179962158,NoButton,Move,477.27734375,118.3203125
412.56771087646484,412.56771087646484,NoButton,Move,480.09765625,124.52734375
412.57580304145813,412.57580304145813,NoButton,Move,486.578125,132.3046875
412.5836000442505,412.5836000442505,NoButton,Move,492.6640625,141.7734375
412.59251594543457,412.59251594543457,NoButton,Move,501.03125,153.9453125
412.6000199317932,412.6000199317932,NoButton,Move,508.35546875,164.93359375
412.6082420349121,412.6082420349121,NoButton,Move,515.6796875,175.921875
412.6174490451813,412.6174490451813,NoButton,Move,530.05078125,197.00390625
412.6240768432617,412.6240768432617,NoButton,Move,536.8125,205.796875
412.63322401046753,412.63322401046753,NoButton,Move,549.0390625,222.390625
412.6401529312134,412.6401529312134,NoButton,Move,560.02734375,237.60546875
412.64885115623474,412.64885115623474,NoButton,Move,564.31640625,241.89453125
412.6568260192871,412.6568260192871,NoButton,Move,573.83984375,251.41796875
412.66519689559937,412.66519689559937,NoButton,Move,576.38671875,253.5390625
413.0912148952484,413.0912148952484,NoButton,Move,576.38671875,252.37109375
413.09925389289856,413.09925389289856,NoButton,Move,576.04296875,251.00390625
413.1074368953705,413.1074368953705,NoButton,Move,575.671875,249.15625
413.11556601524353,413.11556601524353,NoButton,Move,574.5625,247.30859375
413.12375497817993,413.12375497817993,NoButton,Move,573.453125,245.4609375
413.1323459148407,413.1323459148407,NoButton,Move,571.328125,243.3359375
413.14011096954346,413.14011096954346,NoButton,Move,566.24609375,238.8203125
413.148628950119,413.148628950119,NoButton,Move,554.0703125,230.44921875
413.1565959453583,413.1565959453583,NoButton,Move,539.8671875,223.34765625
413.16505217552185,413.16505217552185,NoButton,Move,506.0078125,208.67578125
413.17280983924866,413.17280983924866,NoButton,Move,474.1015625,196.57421875
413.1822769641876,413.1822769641876,NoButton,Move,434.0390625,180.79296875
413.1895818710327,413.1895818710327,NoButton,Move,388.55078125,159.99609375
413.1986291408539,413.1986291408539,NoButton,Move,340.734375,138.7421875
413.20577597618103,413.20577597618103,NoButton,Move,290.53125,115.67578125
413.21425914764404,413.21425914764404,NoButton,Move,269.140625,104.51171875
413.2215039730072,413.2215039730072,NoButton,Move,227.1953125,81.6328125
413.23076605796814,413.23076605796814,NoButton,Move,190.4453125,62.6640625
413.2379171848297,413.2379171848297,NoButton,Move,176.2421875,55.5625
413.2471079826355,413.2471079826355,NoButton,Move,148.0703125,43.0390625
413.25447702407837,413.25447702407837,NoButton,Move,125.0703125,32.49609375
413.2638039588928,413.2638039588928,NoButton,Move,118.296875,30.23828125
413.27039098739624,413.27039098739624,NoButton,Move,103.3046875,24.71484375
413.28081917762756,413.28081917762756,NoButton,Move,91.32421875,21.19140625
413.28676199913025,413.28676199913025,NoButton,Move,83.62109375,18.8203125
413.2968020439148,413.2968020439148,NoButton,Move,76.84765625,17.125
413.3034780025482,413.3034780025482,NoButton,Move,74.46484375,16.328125
413.31573605537415,413.31573605537415,NoButton,Move,70.13671875,15.36328125
413.31996512413025,413.31996512413025,NoButton,Move,66.51171875,14.45703125
413.33112597465515,413.33112597465515,NoButton,Move,63.53515625,14.03125
413.3362720012665,413.3362720012665,NoButton,Move,61.6875,13.2890625
413.347039937973,413.347039937973,NoButton,Move,59.83984375,12.91796875
413.3527081012726,413.3527081012726,NoButton,Move,57.9921875,12.17578125
413.36421394348145,413.36421394348145,NoButton,Move,56.625,11.83203125
413.36908411979675,413.36908411979675,NoButton,Move,55.68359375,11.203125
413.3777902126312,413.3777902126312,NoButton,Move,54.31640625,10.859375
413.38556599617004,413.38556599617004,NoButton,Move,53.7421875,10.5703125
413.3943099975586,413.3943099975586,NoButton,Move,53.16796875,10.5703125
413.4021260738373,413.4021260738373,NoButton,Move,52.59375,10.28125
413.41053199768066,413.41053199768066,NoButton,Move,52.01953125,10.28125
413.4187099933624,413.4187099933624,NoButton,Move,51.7578125,10.28125
413.4264860153198,413.4264860153198,NoButton,Move,51.49609375,10.28125
413.4351398944855,413.4351398944855,NoButton,Move,51.234375,10.28125
413.4925968647003,413.4925968647003,NoButton,Move,51.9609375,10.28125
413.50130701065063,413.50130701065063,NoButton,Move,53.796875,11.015625
413.5086498260498,413.5086498260498,NoButton,Move,55.16015625,11.6953125
413.5171298980713,413.5171298980713,NoButton,Move,57.5390625,12.48828125
413.5250389575958,413.5250389575958,NoButton,Move,60.51171875,13.76171875
413.5342791080475,413.5342791080475,NoButton,Move,63.45703125,14.1796875
413.54242491722107,413.54242491722107,NoButton,Move,66.4296875,15.02734375
413.54971194267273,413.54971194267273,NoButton,Move,70.05078125,15.9296875
413.5583209991455,413.5583209991455,NoButton,Move,73.671875,16.37890625
413.56629395484924,413.56629395484924,NoButton,Move,75.515625,16.74609375
413.5742208957672,413.5742208957672,NoButton,Move,78.48828125,17.16796875
413.5823211669922,413.5823211669922,NoButton,Move,81.4609375,17.58984375
413.59088802337646,413.59088802337646,NoButton,Move,83.83984375,17.984375
413.5986030101776,413.5986030101776,NoButton,Move,85.68359375,18.3515625
413.606929063797,413.606929063797,NoButton,Move,87.52734375,18.71875
413.6167268753052,413.6167268753052,NoButton,Move,88.890625,19.05859375
413.6239070892334,413.6239070892334,NoButton,Move,90.25390625,19.3984375
413.6315829753876,413.6315829753876,NoButton,Move,91.19140625,19.7109375
413.6411991119385,413.6411991119385,NoButton,Move,92.12890625,20.3359375
413.6483781337738,413.6483781337738,NoButton,Move,92.6953125,20.6171875
413.65589904785156,413.65589904785156,NoButton,Move,93.6328125,20.9296875
413.6639530658722,413.6639530658722,NoButton,Move,93.890625,21.1875
413.6731150150299,413.6731150150299,NoButton,Move,94.4609375,21.47265625
413.6815278530121,413.6815278530121,NoButton,Move,94.71875,21.73046875
413.68849086761475,413.68849086761475,NoButton,Move,94.9765625,21.73046875
413.69690108299255,413.69690108299255,NoButton,Move,95.234375,21.98828125
413.7058448791504,413.7058448791504,NoButton,Move,95.4921875,21.98828125
413.7140209674835,413.7140209674835,NoButton,Move,95.75,22.24609375
413.723828792572,413.723828792572,NoButton,Move,96.0078125,22.24609375
413.731153011322,413.731153011322,NoButton,Move,96.265625,22.50390625
413.7377378940582,413.7377378940582,NoButton,Move,96.5234375,22.76171875
413.7525269985199,413.7525269985199,NoButton,Move,97.09375,23.046875
413.7536389827728,413.7536389827728,NoButton,Move,97.6640625,23.6171875
413.7622609138489,413.7622609138489,NoButton,Move,98.6015625,23.9296875
413.7702171802521,413.7702171802521,NoButton,Move,99.5390625,24.5546875
413.7836148738861,413.7836148738861,NoButton,Move,100.90234375,25.234375
413.78664994239807,413.78664994239807,NoButton,Move,101.83984375,25.859375
413.79899191856384,413.79899191856384,NoButton,Move,103.203125,26.19921875
413.8039698600769,413.8039698600769,NoButton,Move,104.56640625,26.87890625
413.81941390037537,413.81941390037537,NoButton,Move,105.50390625,27.19140625
413.8197228908539,413.8197228908539,NoButton,Move,106.07421875,27.4765625
413.8284661769867,413.8284661769867,NoButton,Move,107.01171875,27.7890625
413.8359091281891,413.8359091281891,NoButton,Move,107.58203125,28.07421875
413.8445317745209,413.8445317745209,NoButton,Move,108.15234375,28.07421875
413.864825963974,413.864825963974,Left,Pressed,108.15234375,28.07421875
413.8813211917877,413.8813211917877,NoButton,Move,108.2734375,28.1953125
413.9815049171448,413.9815049171448,Left,Released,108.2734375,28.1953125
414.18739008903503,414.18739008903503,NoButton,Move,109.203125,28.1953125
414.19758796691895,414.19758796691895,NoButton,Move,111.58203125,27.796875
414.2040731906891,414.2040731906891,NoButton,Move,115.203125,26.890625
414.2170090675354,414.2170090675354,NoButton,Move,121.9609375,26.890625
414.22039794921875,414.22039794921875,NoButton,Move,127.859375,26.890625
414.230672121048,414.230672121048,NoButton,Move,135.55859375,26.890625
414.23672008514404,414.23672008514404,NoButton,Move,151.3359375,29.25390625
414.24916911125183,414.24916911125183,NoButton,Move,165.7890625,33.81640625
414.252897977829,414.252897977829,NoButton,Move,185.00390625,40.80078125
414.26439213752747,414.26439213752747,NoButton,Move,225.0625,56.578125
414.26936888694763,414.26936888694763,NoButton,Move,258.91796875,71.24609375
414.2811098098755,414.2811098098755,NoButton,Move,303.40234375,89.0390625
414.28604793548584,414.28604793548584,NoButton,Move,354.95703125,109.390625
414.29731607437134,414.29731607437134,NoButton,Move,449.5859375,149.6953125
414.3023798465729,414.3023798465729,NoButton,Move,522.6875,179.890625
414.3107821941376,414.3107821941376,NoButton,Move,598.3671875,208.875
414.31855511665344,414.31855511665344,NoButton,Move,636.30078125,223.09765625
414.32737708091736,414.32737708091736,NoButton,Move,710.9921875,250.11328125
414.33522391319275,414.33522391319275,NoButton,Move,778.94921875,276.3671875
414.3437759876251,414.3437759876251,NoButton,Move,840.67578125,298.41015625
414.35161685943604,414.35161685943604,NoButton,Move,862.99609375,305.84765625
414.35986709594727,414.35986709594727,NoButton,Move,879.3359375,312.3828125
414.3679540157318,414.3679540157318,NoButton,Move,911.23828125,324.48046875
414.5487861633301,414.5487861633301,NoButton,Move,911.23828125,324.9453125
414.5575520992279,414.5575520992279,NoButton,Move,910.83984375,327.32421875
414.56582593917847,414.56582593917847,NoButton,Move,909.56640625,330.2890625
414.57267594337463,414.57267594337463,NoButton,Move,908.20703125,333.91015625
414.58109617233276,414.58109617233276,NoButton,Move,905.80078125,337.75390625
414.5905408859253,414.5905408859253,NoButton,Move,900.38671875,347.22265625
414.59904408454895,414.59904408454895,NoButton,Move,890.2421875,363.28125
414.60584115982056,414.60584115982056,NoButton,Move,881.25390625,377.98828125
414.6139199733734,414.6139199733734,NoButton,Move,870.62890625,391.87890625
414.62502002716064,414.62502002716064,NoButton,Move,857.1015625,409.01171875
414.63010597229004,414.63010597229004,NoButton,Move,842.21875,427.609375
414.63826394081116,414.63826394081116,NoButton,Move,827.7890625,444.7421875
414.6466557979584,414.6466557979584,NoButton,Move,821.3046875,452.51953125
414.6564199924469,414.6564199924469,NoButton,Move,806.875,468.75
414.6620440483093,414.6620440483093,NoButton,Move,793.34765625,482.2734375
414.6701149940491,414.6701149940491,NoButton,Move,781.90625,495.34375
414.6817708015442,414.6817708015442,NoButton,Move,777.61328125,499.6328125
414.6872251033783,414.6872251033783,NoButton,Move,768.453125,508.0859375
414.6956031322479,414.6956031322479,NoButton,Move,761.625,514.2890625
414.70359897613525,414.70359897613525,NoButton,Move,759.07421875,516.41015625
414.715451002121,414.715451002121,NoButton,Move,754.24609375,520.1640625
414.7208650112152,414.7208650112152,NoButton,Move,751.07421875,522.42578125
414.7284939289093,414.7284939289093,NoButton,Move,748.5234375,524.125
414.7360999584198,414.7360999584198,NoButton,Move,747.04296875,525.23046875
414.7487919330597,414.7487919330597,NoButton,Move,746.1015625,525.85546875
414.76977491378784,414.76977491378784,NoButton,Move,745.16015625,526.16796875
414.7703468799591,414.7703468799591,NoButton,Move,744.8984375,526.42578125
414.78759694099426,414.78759694099426,Left,Pressed,744.8984375,526.42578125
414.79816007614136,414.79816007614136,NoButton,Move,744.7734375,526.42578125
414.89805793762207,414.89805793762207,Left,Released,744.7734375,526.42578125
416.51589798927307,416.51589798927307,NoButton,Move,743.1484375,524.3359375
416.5206480026245,416.5206480026245,NoButton,Move,739.078125,520.7734375
416.53061604499817,416.53061604499817,NoButton,Move,734.75,518.84765625
416.53756308555603,416.53756308555603,NoButton,Move,730.421875,518.36328125
416.54791808128357,416.54791808128357,NoButton,Move,726.09375,518.36328125
416.70127296447754,416.70127296447754,NoButton,Move,726.09375,519.06640625
416.7093679904938,416.7093679904938,NoButton,Move,727.19921875,520.54296875
416.7177791595459,416.7177791595459,NoButton,Move,728.67578125,522.01953125
416.7258810997009,416.7258810997009,NoButton,Move,730.15234375,523.49609375
416.73366379737854,416.73366379737854,NoButton,Move,731.62890625,524.6015625
416.7416830062866,416.7416830062866,NoButton,Move,734.17578125,526.72265625
416.75004506111145,416.75004506111145,NoButton,Move,736.72265625,528.84375
416.7583348751068,416.7583348751068,NoButton,Move,739.890625,530.65234375
416.76663398742676,416.76663398742676,NoButton,Move,743.05859375,532.9140625
416.7747690677643,416.7747690677643,NoButton,Move,746.03125,534.1875
416.78323006629944,416.78323006629944,NoButton,Move,749.19921875,535.99609375
416.7914328575134,416.7914328575134,NoButton,Move,753.5234375,537.91796875
416.79942202568054,416.79942202568054,NoButton,Move,757.84765625,539.83984375
416.8074929714203,416.8074929714203,NoButton,Move,762.171875,541.76171875
416.8154489994049,416.8154489994049,NoButton,Move,767.25390625,543.79296875
416.82381796836853,416.82381796836853,NoButton,Move,772.3359375,545.82421875
416.8322069644928,416.8322069644928,NoButton,Move,777.41796875,547.34765625
416.8402290344238,416.8402290344238,NoButton,Move,781.7421875,549.26953125
416.84832882881165,416.84832882881165,NoButton,Move,786.82421875,550.79296875
416.8568391799927,416.8568391799927,NoButton,Move,791.140625,552.23046875
416.8646388053894,416.8646388053894,NoButton,Move,794.76171875,553.5859375
416.872878074646,416.872878074646,NoButton,Move,798.3828125,554.94140625
416.88094782829285,416.88094782829285,NoButton,Move,800.2265625,555.30859375
416.88927698135376,416.88927698135376,NoButton,Move,803.19921875,556.58203125
416.8975021839142,416.8975021839142,NoButton,Move,807.5234375,557.54296875
416.90560603141785,416.90560603141785,NoButton,Move,810.49609375,558.390625
416.91349506378174,416.91349506378174,NoButton,Move,813.46875,559.23828125
416.92195200920105,416.92195200920105,NoButton,Move,814.83203125,559.578125
416.93137097358704,416.93137097358704,NoButton,Move,817.2109375,560.37109375
416.9382538795471,416.9382538795471,NoButton,Move,818.57421875,560.7109375
416.9476990699768,416.9476990699768,NoButton,Move,819.93359375,561.05078125
416.95478892326355,416.95478892326355,NoButton,Move,820.87109375,561.36328125
416.9647660255432,416.9647660255432,NoButton,Move,821.12890625,561.36328125
416.9710490703583,416.9710490703583,NoButton,Move,821.38671875,561.36328125
416.9808540344238,416.9808540344238,NoButton,Move,821.64453125,561.36328125
416.9874768257141,416.9874768257141,NoButton,Move,821.90234375,561.36328125
417.03060007095337,417.03060007095337,NoButton,Move,821.90234375,560.87890625
417.0374188423157,417.0374188423157,NoButton,Move,820.3125,558.890625
417.0478479862213,417.0478479862213,NoButton,Move,818.5,555.265625
417.0531928539276,417.0531928539276,NoButton,Move,815.95703125,550.6875
417.0618360042572,417.0618360042572,NoButton,Move,813.2734375,545.3203125
417.0693860054016,417.0693860054016,NoButton,Move,809.125,538.2109375
417.0785961151123,417.0785961151123,NoButton,Move,804.9765625,531.1015625
417.08567905426025,417.08567905426025,NoButton,Move,798.88671875,521.62890625
417.0941081047058,417.0941081047058,NoButton,Move,793.47265625,512.15625
417.1019718647003,417.1019718647003,NoButton,Move,787.3828125,502.68359375
417.1113188266754,417.1113188266754,NoButton,Move,782.1953125,494.25390625
417.11833477020264,417.11833477020264,NoButton,Move,779.140625,489.67578125
417.1273629665375,417.1273629665375,NoButton,Move,770.15234375,474.96484375
417.13554406166077,417.13554406166077,NoButton,Move,765.61328125,465.88671875
417.1429400444031,417.1429400444031,NoButton,Move,760.42578125,457.45703125
417.1511540412903,417.1511540412903,NoButton,Move,758.5,453.12890625
417.15921807289124,417.15921807289124,NoButton,Move,754.77734375,445.0625
417.1675078868866,417.1675078868866,NoButton,Move,751.8125,437.359375
417.1760051250458,417.1760051250458,NoButton,Move,746.32421875,422.4609375
417.1841461658478,417.1841461658478,NoButton,Move,743.83984375,413.7734375
417.1923727989197,417.1923727989197,NoButton,Move,741.35546875,405.0859375
417.20087003707886,417.20087003707886,NoButton,Move,740.87109375,400.7578125
417.20868015289307,417.20868015289307,NoButton,Move,739.0078125,392.0703125
417.21671891212463,417.21671891212463,NoButton,Move,737.14453125,383.3828125
417.2253029346466,417.2253029346466,NoButton,Move,736.015625,376.609375
417.23334789276123,417.23334789276123,NoButton,Move,735.44921875,369.8359375
417.2411937713623,417.2411937713623,NoButton,Move,734.59765625,366.859375
417.24954319000244,417.24954319000244,NoButton,Move,734.11328125,362.53125
417.257807970047,417.257807970047,NoButton,Move,733.66015625,358.90625
417.26588106155396,417.26588106155396,NoButton,Move,733.234375,355.9296875
417.2741069793701,417.2741069793701,NoButton,Move,732.86328125,354.08203125
417.2822151184082,417.2822151184082,NoButton,Move,732.4921875,352.234375
417.2903640270233,417.2903640270233,NoButton,Move,732.4921875,351.29296875
417.29852509498596,417.29852509498596,NoButton,Move,732.17578125,350.3515625
417.30715584754944,417.30715584754944,NoButton,Move,731.88671875,349.77734375
417.63555812835693,417.63555812835693,NoButton,Move,731.88671875,350.0078125
417.65687799453735,417.65687799453735,NoButton,Move,734.0078125,352.12890625
417.6570110321045,417.6570110321045,NoButton,Move,735.11328125,353.60546875
417.65854716300964,417.65854716300964,NoButton,Move,736.69921875,355.58984375
417.6667230129242,417.6667230129242,NoButton,Move,737.88671875,357.96875
417.67524003982544,417.67524003982544,NoButton,Move,739.578125,360.5078125
417.6833279132843,417.6833279132843,NoButton,Move,740.765625,362.88671875
417.691232919693,417.691232919693,NoButton,Move,745.30078125,371.9609375
417.6999409198761,417.6999409198761,NoButton,Move,747.4453125,377.859375
417.7078380584717,417.7078380584717,NoButton,Move,750.40625,385.55859375
417.71598982810974,417.71598982810974,NoButton,Move,752.99609375,395.28125
417.7242419719696,417.7242419719696,NoButton,Move,755.5859375,405.00390625
417.73310899734497,417.73310899734497,NoButton,Move,756.09375,410.0859375
417.7416899204254,417.7416899204254,NoButton,Move,757.33203125,418.76953125
417.7487871646881,417.7487871646881,NoButton,Move,758.5703125,427.453125
417.75715804100037,417.75715804100037,NoButton,Move,759.1875,436.13671875
417.7651369571686,417.7651369571686,NoButton,Move,759.1875,443.8359375
417.7730669975281,417.7730669975281,NoButton,Move,759.1875,450.60546875
417.78156781196594,417.78156781196594,NoButton,Move,759.1875,456.50390625
417.7893841266632,417.7893841266632,NoButton,Move,757.15234375,461.5859375
417.79830503463745,417.79830503463745,NoButton,Move,754.74609375,465.4296875
417.80607891082764,417.80607891082764,NoButton,Move,751.69140625,469.49609375
417.81432485580444,417.81432485580444,NoButton,Move,748.8046875,472.859375
417.8226001262665,417.8226001262665,NoButton,Move,744.734375,475.91015625
417.83071303367615,417.83071303367615,NoButton,Move,741.11328125,477.71875
417.83892488479614,417.83892488479614,NoButton,Move,737.265625,480.12109375
417.8481249809265,417.8481249809265,NoButton,Move,732.9375,481.5625
417.8550980091095,417.8550980091095,NoButton,Move,728.609375,482.5234375
417.86409306526184,417.86409306526184,NoButton,Move,724.28125,483.484375
420.4505240917206,420.4505240917206,NoButton,Move,724.28125,483.9453125
420.4586501121521,420.4586501121521,NoButton,Move,724.28125,486.32421875
420.46703720092773,420.46703720092773,NoButton,Move,726.08984375,489.9453125
420.4751319885254,420.4751319885254,NoButton,Move,727.36328125,492.91796875
420.48340797424316,420.48340797424316,NoButton,Move,728.71875,496.5390625
420.491632938385,420.491632938385,NoButton,Move,730.07421875,500.16015625
420.4995439052582,420.4995439052582,NoButton,Move,733.17578125,508.84375
420.50755286216736,420.50755286216736,NoButton,Move,735.65625,517.52734375
420.5159590244293,420.5159590244293,NoButton,Move,736.6171875,521.8515625
420.52379417419434,420.52379417419434,NoButton,Move,740.41796875,536.3046875
420.5324320793152,420.5324320793152,NoButton,Move,741.7109375,546.02734375
420.54009890556335,420.54009890556335,NoButton,Move,742.35546875,555.75
420.54887890815735,420.54887890815735,NoButton,Move,743.0,565.47265625
420.5564720630646,420.5564720630646,NoButton,Move,743.0,570.5546875
420.56541895866394,420.56541895866394,NoButton,Move,743.0,586.33203125
420.5729970932007,420.5729970932007,NoButton,Move,743.0,595.015625
420.5813810825348,420.5813810825348,NoButton,Move,741.703125,604.73828125
420.58954095840454,420.58954095840454,NoButton,Move,740.2578125,609.0625
420.5979380607605,420.5979380607605,NoButton,Move,737.15625,617.7421875
420.6058931350708,420.6058931350708,NoButton,Move,733.6015625,624.84765625
420.6146171092987,420.6146171092987,NoButton,Move,730.21484375,631.0546875
420.6222608089447,420.6222608089447,NoButton,Move,726.26171875,636.6953125
420.63094210624695,420.63094210624695,NoButton,Move,722.69921875,640.76171875
420.63836312294006,420.63836312294006,NoButton,Move,719.33203125,644.125
420.64694905281067,420.64694905281067,NoButton,Move,715.98046875,646.9921875
420.6556248664856,420.6556248664856,NoButton,Move,712.80859375,648.80078125
421.66598200798035,421.66598200798035,NoButton,Move,712.57421875,648.80078125
421.67019414901733,421.67019414901733,NoButton,Move,711.546875,647.7734375
421.67868399620056,421.67868399620056,NoButton,Move,709.69921875,646.6640625
421.68773102760315,421.68773102760315,NoButton,Move,707.7109375,645.07421875
421.69571805000305,421.69571805000305,NoButton,Move,705.72265625,643.484375
421.7035450935364,421.7035450935364,NoButton,Move,703.734375,641.89453125
421.7177231311798,421.7177231311798,NoButton,Move,701.18359375,639.76953125
421.7187991142273,421.7187991142273,NoButton,Move,698.6328125,638.06640625
421.72791600227356,421.72791600227356,NoButton,Move,696.09765625,635.953125
421.73556089401245,421.73556089401245,NoButton,Move,693.546875,634.25
421.74401903152466,421.74401903152466,NoButton,Move,692.06640625,633.140625
421.7518939971924,421.7518939971924,NoButton,Move,690.078125,631.55078125
421.7606449127197,421.7606449127197,NoButton,Move,688.08984375,629.9609375
421.76822113990784,421.76822113990784,NoButton,Move,686.609375,628.8515625
421.77623891830444,421.77623891830444,NoButton,Move,684.76171875,627.7421875
424.3636441230774,424.3636441230774,NoButton,Move,684.76171875,626.5859375
424.3718509674072,424.3718509674072,NoButton,Move,684.76171875,624.203125
424.3796908855438,424.3796908855438,NoButton,Move,684.30859375,620.578125
424.38764095306396,424.38764095306396,NoButton,Move,683.85546875,616.953125
424.39778304100037,424.39778304100037,NoButton,Move,682.16796875,610.21484375
424.4043650627136,424.4043650627136,NoButton,Move,679.68359375,601.52734375
424.41581678390503,424.41581678390503,NoButton,Move,677.08984375,591.80078125
424.42029881477356,424.42029881477356,NoButton,Move,672.859375,580.52734375
424.43111991882324,424.43111991882324,NoButton,Move,668.62890625,569.25390625
424.4367551803589,424.4367551803589,NoButton,Move,663.6953125,557.98046875
424.44699001312256,424.44699001312256,NoButton,Move,661.01171875,552.61328125
424.45354104042053,424.45354104042053,NoButton,Move,656.046875,545.16796875
424.4653470516205,424.4653470516205,NoButton,Move,651.3046875,538.6484375
424.4696309566498,424.4696309566498,NoButton,Move,646.7890625,533.56640625
424.4808301925659,424.4808301925659,NoButton,Move,642.71875,530.51171875
424.4861228466034,424.4861228466034,NoButton,Move,638.87109375,528.10546875
424.49436497688293,424.49436497688293,NoButton,Move,635.24609375,526.74609375
424.5023190975189,424.5023190975189,NoButton,Move,631.62109375,526.29296875
424.51075506210327,424.51075506210327,NoButton,Move,627.99609375,526.29296875
424.5185708999634,424.5185708999634,NoButton,Move,625.01953125,526.29296875
424.5272858142853,424.5272858142853,NoButton,Move,621.39453125,526.29296875
424.5351300239563,424.5351300239563,NoButton,Move,617.76953125,526.29296875
424.54414105415344,424.54414105415344,NoButton,Move,614.14453125,527.1953125
424.5520098209381,424.5520098209381,NoButton,Move,610.97265625,529.00390625
424.559504032135,424.559504032135,NoButton,Move,607.125,531.40625
424.5678491592407,424.5678491592407,NoButton,Move,604.23828125,534.76953125
424.57641196250916,424.57641196250916,NoButton,Move,601.1875,538.83203125
424.5847589969635,424.5847589969635,NoButton,Move,598.78125,542.67578125
424.5926549434662,424.5926549434662,NoButton,Move,596.74609375,547.7578125
425.6729362010956,425.6729362010956,NoButton,Move,596.74609375,546.83203125
425.6816670894623,425.6816670894623,NoButton,Move,595.55859375,539.12890625
426.38585591316223,426.38585591316223,NoButton,Move,596.71875,540.0546875
426.39510893821716,426.39510893821716,NoButton,Move,598.1953125,541.53125
426.40253710746765,426.40253710746765,NoButton,Move,599.671875,542.63671875
426.41084003448486,426.41084003448486,NoButton,Move,600.2421875,543.20703125
426.41847014427185,426.41847014427185,NoButton,Move,600.8125,543.4921875
426.4273190498352,426.4273190498352,NoButton,Move,601.0703125,543.75
426.43489503860474,426.43489503860474,NoButton,Move,601.328125,544.0078125
426.44339179992676,426.44339179992676,NoButton,Move,601.5859375,544.0078125
426.4509119987488,426.4509119987488,NoButton,Move,601.84375,544.265625
426.4594430923462,426.4594430923462,NoButton,Move,602.1015625,544.265625
426.4758279323578,426.4758279323578,NoButton,Move,600.20703125,543.94921875
426.4844961166382,426.4844961166382,NoButton,Move,592.15234375,539.61328125
426.4919409751892,426.4919409751892,NoButton,Move,579.21875,532.00390625
426.5003890991211,426.5003890991211,NoButton,Move,543.65234375,511.84765625
426.50876688957214,426.50876688957214,NoButton,Move,512.05078125,492.66015625
426.51679611206055,426.51679611206055,NoButton,Move,471.375,467.23828125
426.524542093277,426.524542093277,NoButton,Move,424.26953125,435.37109375
426.5327899456024,426.5327899456024,NoButton,Move,379.4921875,402.8046875
426.5408308506012,426.5408308506012,NoButton,Move,335.15625,365.3984375
426.54878783226013,426.54878783226013,NoButton,Move,316.9453125,347.1875
426.5569157600403,426.5569157600403,NoButton,Move,282.625,314.140625
426.56644916534424,426.56644916534424,NoButton,Move,254.171875,284.50390625
426.57345700263977,426.57345700263977,NoButton,Move,229.96875,259.19921875
426.58180809020996,426.58180809020996,NoButton,Move,222.21484375,249.33203125
426.58973002433777,426.58973002433777,NoButton,Move,215.73046875,241.55078125
426.59817004203796,426.59817004203796,NoButton,Move,203.89453125,226.33203125
426.6062660217285,426.6062660217285,NoButton,Move,200.83984375,222.26171875
426.61465787887573,426.61465787887573,NoButton,Move,195.00390625,213.83203125
426.6226599216461,426.6226599216461,NoButton,Move,190.85546875,207.3125
426.6312301158905,426.6312301158905,NoButton,Move,188.13671875,204.59375
426.82809591293335,426.82809591293335,NoButton,Move,188.13671875,204.125
426.836385011673,426.836385011673,NoButton,Move,187.73828125,201.7421875
426.84497809410095,426.84497809410095,NoButton,Move,185.92578125,198.5703125
426.8523449897766,426.8523449897766,NoButton,Move,184.11328125,194.9453125
426.8613049983978,426.8613049983978,NoButton,Move,181.4296875,189.578125
426.8689110279083,426.8689110279083,NoButton,Move,178.04296875,183.3671875
426.8771131038666,426.8771131038666,NoButton,Move,172.9140625,170.91015625
426.8848419189453,426.8848419189453,NoButton,Move,167.05078125,158.453125
426.89385414123535,426.89385414123535,NoButton,Move,161.52734375,143.4609375
426.90155577659607,426.90155577659607,NoButton,Move,155.21484375,128.46875
426.91128301620483,426.91128301620483,NoButton,Move,149.69140625,113.4765625
426.9175908565521,426.9175908565521,NoButton,Move,144.36328125,99.78125
426.9261291027069,426.9261291027069,NoButton,Move,142.21484375,93.87890625
426.93414282798767,426.93414282798767,NoButton,Move,137.28125,82.60546875
426.9422948360443,426.9422948360443,NoButton,Move,133.21875,72.45703125
426.95024514198303,426.95024514198303,NoButton,Move,129.49609375,64.390625
426.95829486846924,426.95829486846924,NoButton,Move,126.53125,57.28125
426.9668719768524,426.9668719768524,NoButton,Move,125.42578125,55.4375
426.9746940135956,426.9746940135956,NoButton,Move,122.8828125,50.859375
426.9831020832062,426.9831020832062,NoButton,Move,121.0703125,47.6875
426.9925730228424,426.9925730228424,NoButton,Move,119.52734375,45.7578125
426.9992768764496,426.9992768764496,NoButton,Move,118.41796875,43.91015625
427.0071818828583,427.0071818828583,NoButton,Move,117.7890625,42.96875
427.0154039859772,427.0154039859772,NoButton,Move,117.21484375,42.39453125
427.0236520767212,427.0236520767212,NoButton,Move,116.953125,42.1328125
427.03216195106506,427.03216195106506,NoButton,Move,116.69140625,42.1328125
427.0411479473114,427.0411479473114,NoButton,Move,116.4296875,41.87109375
427.05665612220764,427.05665612220764,NoButton,Move,116.18359375,41.87109375
427.08915281295776,427.08915281295776,NoButton,Move,115.9453125,41.87109375
427.0976519584656,427.0976519584656,NoButton,Move,115.68359375,41.87109375
427.11567091941833,427.11567091941833,NoButton,Move,115.4375,41.625
427.12203097343445,427.12203097343445,NoButton,Move,115.17578125,41.625
427.1381769180298,427.1381769180298,NoButton,Move,114.9296875,41.625
427.15527391433716,427.15527391433716,NoButton,Move,114.68359375,41.625
427.19787406921387,427.19787406921387,NoButton,Move,114.4453125,41.38671875
427.23691511154175,427.23691511154175,NoButton,Move,114.4453125,41.1484375
427.2652699947357,427.2652699947357,Left,Pressed,114.4453125,41.1484375
427.31501507759094,427.31501507759094,Left,Released,114.4453125,41.1484375
427.36806893348694,427.36806893348694,NoButton,Move,114.2109375,41.1484375
427.3766279220581,427.3766279220581,NoButton,Move,113.94921875,41.1484375
427.3846299648285,427.3846299648285,NoButton,Move,113.375,41.1484375
427.4112329483032,427.4112329483032,NoButton,Move,112.80078125,41.1484375
427.41139698028564,427.41139698028564,NoButton,Move,112.2265625,41.1484375
427.413507938385,427.413507938385,NoButton,Move,111.65234375,41.1484375
427.41608595848083,427.41608595848083,NoButton,Move,111.390625,41.1484375
427.4244861602783,427.4244861602783,NoButton,Move,110.44921875,41.1484375
427.5229630470276,427.5229630470276,NoButton,Move,112.17578125,41.39453125
427.5332410335541,427.5332410335541,NoButton,Move,118.3828125,44.77734375
427.5396451950073,427.5396451950073,NoButton,Move,124.8984375,49.515625
427.54793405532837,427.54793405532837,NoButton,Move,131.4140625,54.25390625
427.5557601451874,427.5557601451874,NoButton,Move,140.8828125,60.33984375
427.5636398792267,427.5636398792267,NoButton,Move,152.6015625,66.93359375
427.5728290081024,427.5728290081024,NoButton,Move,194.1875,94.22265625
427.58275294303894,427.58275294303894,NoButton,Move,228.5625,115.55859375
427.58876395225525,427.58876395225525,NoButton,Move,269.234375,140.9765625
427.59765791893005,427.59765791893005,NoButton,Move,349.3203125,192.09375
427.60455799102783,427.60455799102783,NoButton,Move,416.06640625,233.41015625
427.61613297462463,427.61613297462463,NoButton,Move,487.5234375,277.2578125
427.6211590766907,427.6211590766907,NoButton,Move,565.10546875,326.16796875
427.63004994392395,427.63004994392395,NoButton,Move,644.375,371.703125
427.6380441188812,427.6380441188812,NoButton,Move,677.92578125,391.37109375
427.64755392074585,427.64755392074585,NoButton,Move,748.77734375,431.625
427.6540541648865,427.6540541648865,NoButton,Move,772.453125,445.4375
427.66440320014954,427.66440320014954,NoButton,Move,792.91015625,456.59765625
427.6705150604248,427.6705150604248,NoButton,Move,832.66796875,477.71875
427.89220118522644,427.89220118522644,NoButton,Move,832.66796875,478.41796875
427.900377035141,427.900377035141,NoButton,Move,836.421875,483.2421875
427.9086320400238,427.9086320400238,NoButton,Move,841.5,488.3203125
427.9169268608093,427.9169268608093,NoButton,Move,846.578125,492.83203125
427.927442073822,427.927442073822,NoButton,Move,852.21875,497.34375
427.93319296836853,427.93319296836853,NoButton,Move,857.296875,501.85546875
427.94153213500977,427.94153213500977,NoButton,Move,862.12109375,505.609375
427.94943499565125,427.94943499565125,NoButton,Move,866.1875,508.66015625
427.9577360153198,427.9577360153198,NoButton,Move,870.03125,511.0625
427.96603989601135,427.96603989601135,NoButton,Move,872.578125,512.76171875
427.9743640422821,427.9743640422821,NoButton,Move,881.00390625,518.59375
427.9823389053345,427.9823389053345,NoButton,Move,882.84765625,519.69921875
427.9902250766754,427.9902250766754,NoButton,Move,889.953125,523.25
427.998615026474,427.998615026474,NoButton,Move,892.92578125,524.5234375
428.0067250728607,428.0067250728607,NoButton,Move,896.546875,525.42578125
428.0150029659271,428.0150029659271,NoButton,Move,900.16796875,526.328125
428.0241479873657,428.0241479873657,NoButton,Move,904.4921875,527.2890625
428.03270292282104,428.03270292282104,NoButton,Move,908.81640625,528.25
428.0394060611725,428.0394060611725,NoButton,Move,913.140625,528.73046875
428.047798871994,428.047798871994,NoButton,Move,917.46484375,529.2109375
428.0582938194275,428.0582938194275,NoButton,Move,921.7890625,529.2109375
428.066104888916,428.066104888916,NoButton,Move,925.41015625,529.2109375
428.07222294807434,428.07222294807434,NoButton,Move,929.03125,529.2109375
428.08398509025574,428.08398509025574,NoButton,Move,930.39453125,528.8671875
428.0885920524597,428.0885920524597,NoButton,Move,932.94140625,527.1640625
428.09969186782837,428.09969186782837,NoButton,Move,936.78515625,524.7578125
428.10466599464417,428.10466599464417,NoButton,Move,937.80859375,523.73046875
428.11622500419617,428.11622500419617,NoButton,Move,941.171875,520.36328125
428.12108993530273,428.12108993530273,NoButton,Move,942.1953125,519.3359375
428.1319589614868,428.1319589614868,NoButton,Move,943.671875,517.85546875
428.1373841762543,428.1373841762543,NoButton,Move,945.1484375,516.375
428.149649143219,428.149649143219,NoButton,Move,946.25390625,514.89453125
428.15392804145813,428.15392804145813,NoButton,Move,947.73046875,513.78515625
428.16619515419006,428.16619515419006,NoButton,Move,948.30078125,513.2109375
428.1702480316162,428.1702480316162,NoButton,Move,949.23828125,512.58203125
428.1826729774475,428.1826729774475,NoButton,Move,949.49609375,512.3203125
428.18658804893494,428.18658804893494,NoButton,Move,950.06640625,512.03125
428.1989779472351,428.1989779472351,NoButton,Move,950.32421875,512.03125
428.20284605026245,428.20284605026245,NoButton,Move,950.58203125,511.76953125
428.21101784706116,428.21101784706116,NoButton,Move,950.83984375,511.76953125
428.27721905708313,428.27721905708313,NoButton,Move,951.0703125,511.76953125
428.28472685813904,428.28472685813904,NoButton,Move,951.0703125,511.5078125
428.3014109134674,428.3014109134674,NoButton,Move,951.3125,511.26171875
428.3097560405731,428.3097560405731,NoButton,Move,951.5703125,511.0
428.3174707889557,428.3174707889557,NoButton,Move,951.828125,511.0
428.32569098472595,428.32569098472595,NoButton,Move,952.0859375,510.73828125
428.34210085868835,428.34210085868835,NoButton,Move,952.328125,510.73828125
428.3505780696869,428.3505780696869,NoButton,Move,952.5859375,510.73828125
428.3817808628082,428.3817808628082,Left,Pressed,952.5859375,510.73828125
428.39826917648315,428.39826917648315,NoButton,Move,952.703125,510.73828125
428.46722197532654,428.46722197532654,Left,Released,952.703125,510.73828125
428.51879501342773,428.51879501342773,NoButton,Move,951.99609375,510.73828125
428.5218541622162,428.5218541622162,NoButton,Move,950.62890625,510.73828125
428.5305209159851,428.5305209159851,NoButton,Move,950.0546875,510.73828125
429.5160849094391,429.5160849094391,NoButton,Move,949.58984375,510.73828125
429.52093601226807,429.52093601226807,NoButton,Move,947.20703125,509.546875
429.53181505203247,429.53181505203247,NoButton,Move,944.03515625,507.28125
429.5370841026306,429.5370841026306,NoButton,Move,939.45703125,504.2265625
429.5489420890808,429.5489420890808,NoButton,Move,934.87890625,501.171875
429.5536448955536,429.5536448955536,NoButton,Move,925.40625,495.08203125
429.56558299064636,429.56558299064636,NoButton,Move,917.33984375,490.73828125
429.57018995285034,429.57018995285034,NoButton,Move,908.91015625,485.55078125
429.581778049469,429.581778049469,NoButton,Move,898.33984375,479.9140625
429.586452960968,429.586452960968,NoButton,Move,887.06640625,474.27734375
429.59839510917664,429.59839510917664,NoButton,Move,874.1328125,467.4296875
429.6034860610962,429.6034860610962,NoButton,Move,851.1328125,455.9296875
429.6110608577728,429.6110608577728,NoButton,Move,835.60546875,446.94140625
429.61902618408203,429.61902618408203,NoButton,Move,818.69921875,437.640625
429.6275269985199,429.6275269985199,NoButton,Move,809.2265625,432.2265625
429.6354432106018,429.6354432106018,NoButton,Move,779.5234375,414.625
429.6441478729248,429.6441478729248,NoButton,Move,770.05078125,408.53515625
429.65183997154236,429.65183997154236,NoButton,Move,753.453125,396.3046875
429.6609740257263,429.6609740257263,NoButton,Move,736.85546875,384.07421875
429.66803193092346,429.66803193092346,NoButton,Move,721.63671875,372.23828125
429.6761178970337,429.6761178970337,NoButton,Move,709.01171875,361.98046875
429.6844220161438,429.6844220161438,NoButton,Move,703.3671875,357.46484375
429.6926519870758,429.6926519870758,NoButton,Move,693.109375,348.671875
429.70074582099915,429.70074582099915,NoButton,Move,684.98828125,341.23046875
429.7091381549835,429.7091381549835,NoButton,Move,678.16015625,335.0234375
429.71783804893494,429.71783804893494,NoButton,Move,676.171875,333.43359375
429.72541308403015,429.72541308403015,NoButton,Move,672.1015625,329.87109375
429.7338719367981,429.7338719367981,NoButton,Move,668.9296875,327.60546875
430.5930950641632,430.5930950641632,NoButton,Move,669.62109375,327.60546875
430.60100197792053,430.60100197792053,NoButton,Move,671.7421875,329.7265625
430.60896706581116,430.60896706581116,NoButton,Move,673.7265625,331.3125
430.618803024292,430.618803024292,NoButton,Move,675.84375,333.85546875
430.62576699256897,430.62576699256897,NoButton,Move,678.390625,335.9765625
430.63390707969666,430.63390707969666,NoButton,Move,680.65234375,339.14453125
430.6419041156769,430.6419041156769,NoButton,Move,682.4609375,342.3125
430.65009903907776,430.65009903907776,NoButton,Move,684.86328125,346.15625
430.658371925354,430.658371925354,NoButton,Move,686.78515625,350.48046875
430.6667580604553,430.6667580604553,NoButton,Move,690.671875,359.5546875
430.6747679710388,430.6747679710388,NoButton,Move,692.92578125,366.32421875
430.68277287483215,430.68277287483215,NoButton,Move,694.78515625,375.0078125
430.69104290008545,430.69104290008545,NoButton,Move,696.8125,385.828125
430.69929695129395,430.69929695129395,NoButton,Move,698.21875,397.8046875
430.70771384239197,430.70771384239197,NoButton,Move,699.625,409.78125
430.71591687202454,430.71591687202454,NoButton,Move,700.3828125,424.234375
430.72406482696533,430.72406482696533,NoButton,Move,701.90234375,438.6875
430.7324619293213,430.7324619293213,NoButton,Move,702.6328125,451.875
430.74040699005127,430.74040699005127,NoButton,Move,702.6328125,465.0625
430.74860882759094,430.74860882759094,NoButton,Move,702.6328125,477.0390625
430.75708508491516,430.75708508491516,NoButton,Move,702.6328125,488.99609375
430.7653419971466,430.7653419971466,NoButton,Move,702.6328125,494.078125
430.77361607551575,430.77361607551575,NoButton,Move,702.6328125,503.80078125
430.7815158367157,430.7815158367157,NoButton,Move,701.4453125,511.5
430.78963708877563,430.78963708877563,NoButton,Move,699.75,518.26953125
430.79782009124756,430.79782009124756,NoButton,Move,698.22265625,523.3515625
435.3822910785675,435.3822910785675,NoButton,Move,698.68359375,523.8125
435.39100193977356,435.39100193977356,NoButton,Move,699.62109375,524.4375
435.39936089515686,435.39936089515686,NoButton,Move,700.19140625,524.72265625
435.40704703330994,435.40704703330994,NoButton,Move,700.76171875,525.0078125
435.41537284851074,435.41537284851074,NoButton,Move,701.01953125,525.265625
435.42342805862427,435.42342805862427,NoButton,Move,701.58984375,525.55078125
435.4317059516907,435.4317059516907,NoButton,Move,702.16015625,525.55078125
435.43983602523804,435.43983602523804,NoButton,Move,702.41796875,525.55078125
435.44840478897095,435.44840478897095,NoButton,Move,702.67578125,525.55078125
435.4558608531952,435.4558608531952,NoButton,Move,702.93359375,525.55078125
435.4735679626465,435.4735679626465,NoButton,Move,702.93359375,525.3046875
435.4825451374054,435.4825451374054,NoButton,Move,702.93359375,523.94140625
435.4886350631714,435.4886350631714,NoButton,Move,702.08203125,520.96484375
435.49704909324646,435.49704909324646,NoButton,Move,699.67578125,517.1171875
435.5050389766693,435.5050389766693,NoButton,Move,695.52734375,510.59765625
435.6022918224335,435.6022918224335,NoButton,Move,690.78515625,504.078125
435.6023499965668,435.6023499965668,NoButton,Move,684.01953125,495.28125
435.60238885879517,435.60238885879517,NoButton,Move,676.265625,485.4140625
435.60243797302246,435.60243797302246,NoButton,Move,667.1328125,474.0
435.6024730205536,435.6024730205536,NoButton,Move,657.2421875,462.5859375
435.60250782966614,435.60250782966614,NoButton,Move,647.3515625,451.171875
435.60254311561584,435.60254311561584,NoButton,Move,636.69921875,440.51953125
435.6025769710541,435.6025769710541,NoButton,Move,626.046875,429.8671875
435.6026110649109,435.6026110649109,NoButton,Move,615.7890625,421.07421875
435.60264801979065,435.60264801979065,NoButton,Move,611.71875,417.51171875
435.60268688201904,435.60268688201904,NoButton,Move,602.921875,410.74609375
435.6029260158539,435.6029260158539,NoButton,Move,596.09375,404.5390625
435.61069202423096,435.61069202423096,NoButton,Move,590.44921875,400.5859375
435.6189410686493,435.6189410686493,NoButton,Move,587.8984375,398.8828125
435.6274127960205,435.6274127960205,NoButton,Move,584.05078125,396.4765625
435.6353499889374,435.6353499889374,NoButton,Move,581.07421875,395.19921875
435.64397406578064,435.64397406578064,NoButton,Move,579.2265625,394.45703125
435.65179419517517,435.65179419517517,NoButton,Move,577.37890625,394.45703125
435.89026284217834,435.89026284217834,NoButton,Move,576.44140625,394.45703125
435.89834213256836,435.89834213256836,NoButton,Move,572.11328125,394.45703125
435.9073660373688,435.9073660373688,NoButton,Move,562.38671875,392.51171875
435.91447496414185,435.91447496414185,NoButton,Move,536.734375,384.6171875
435.92319083213806,435.92319083213806,NoButton,Move,508.5625,373.140625
435.93099999427795,435.93099999427795,NoButton,Move,470.8984375,356.66015625
435.9394700527191,435.9394700527191,NoButton,Move,425.41015625,335.86328125
435.947233915329,435.947233915329,NoButton,Move,371.671875,310.40625
435.9556920528412,435.9556920528412,NoButton,Move,322.82421875,284.625
435.96456599235535,435.96456599235535,NoButton,Move,300.78515625,272.16796875
435.9719259738922,435.9719259738922,NoButton,Move,258.83984375,249.2890625
435.9803960323334,435.9803960323334,NoButton,Move,219.078125,226.921875
435.9875519275665,435.9875519275665,NoButton,Move,186.34765625,209.9921875
436.0003077983856,436.0003077983856,NoButton,Move,174.625,202.6640625
436.00389099121094,436.00389099121094,NoButton,Move,152.58203125,190.203125
436.0143790245056,436.0143790245056,NoButton,Move,133.71484375,178.5234375
436.02055382728577,436.02055382728577,NoButton,Move,127.50390625,175.13671875
436.03173995018005,436.03173995018005,NoButton,Move,115.328125,166.765625
436.03663396835327,436.03663396835327,NoButton,Move,106.8984375,160.9296875
436.04779505729675,436.04779505729675,NoButton,Move,100.37890625,156.78125
436.05303597450256,436.05303597450256,NoButton,Move,98.390625,155.19140625
436.06150221824646,436.06150221824646,NoButton,Move,94.3203125,151.62890625
436.06979179382324,436.06979179382324,NoButton,Move,91.76953125,149.50390625
436.08194613456726,436.08194613456726,NoButton,Move,90.1796875,147.515625
436.08613300323486,436.08613300323486,NoButton,Move,88.8203125,143.890625
436.0943431854248,436.0943431854248,NoButton,Move,88.8203125,142.04296875
436.1024968624115,436.1024968624115,NoButton,Move,88.8203125,139.06640625
436.111004114151,436.111004114151,NoButton,Move,88.8203125,136.08984375
436.1186330318451,436.1186330318451,NoButton,Move,90.62890625,132.91796875
436.1275827884674,436.1275827884674,NoButton,Move,93.6796875,128.33984375
436.13538694381714,436.13538694381714,NoButton,Move,96.72265625,124.27734375
436.1438319683075,436.1438319683075,NoButton,Move,100.4765625,119.44921875
436.15236592292786,436.15236592292786,NoButton,Move,104.42578125,113.8046875
436.1600921154022,436.1600921154022,NoButton,Move,108.1796875,108.9765625
436.1681718826294,436.1681718826294,NoButton,Move,111.93359375,104.1484375
436.17592215538025,436.17592215538025,NoButton,Move,115.6875,99.3203125
436.18443417549133,436.18443417549133,NoButton,Move,118.73828125,95.25
436.1926419734955,436.1926419734955,NoButton,Move,121.140625,91.40234375
436.2008891105652,436.2008891105652,NoButton,Move,122.94921875,87.77734375
436.20881819725037,436.20881819725037,NoButton,Move,124.0546875,86.296875
436.21746301651,436.21746301651,NoButton,Move,125.86328125,83.125
436.2254309654236,436.2254309654236,NoButton,Move,127.05078125,80.7421875
436.2333631515503,436.2333631515503,NoButton,Move,127.7890625,78.89453125
436.24163794517517,436.24163794517517,NoButton,Move,128.46875,77.52734375
436.24999809265137,436.24999809265137,NoButton,Move,128.8359375,75.6796875
436.2580440044403,436.2580440044403,NoButton,Move,129.17578125,74.3125
436.2665250301361,436.2665250301361,NoButton,Move,129.54296875,72.46484375
436.27483010292053,436.27483010292053,NoButton,Move,129.54296875,70.6171875
436.2827408313751,436.2827408313751,NoButton,Move,129.91015625,68.76953125
436.2908070087433,436.2908070087433,NoButton,Move,129.91015625,66.921875
436.29929304122925,436.29929304122925,NoButton,Move,129.91015625,65.5546875
436.3072118759155,436.3072118759155,NoButton,Move,129.91015625,64.1875
436.31582713127136,436.31582713127136,NoButton,Move,129.91015625,62.8203125
436.32352805137634,436.32352805137634,NoButton,Move,129.91015625,61.87890625
436.33229398727417,436.33229398727417,NoButton,Move,129.91015625,60.9375
436.3400900363922,436.3400900363922,NoButton,Move,129.28125,59.99609375
436.34837007522583,436.34837007522583,NoButton,Move,127.29296875,58.40625
436.3563759326935,436.3563759326935,NoButton,Move,125.8125,57.296875
436.3654980659485,436.3654980659485,NoButton,Move,123.82421875,55.70703125
436.3728837966919,436.3728837966919,NoButton,Move,121.2734375,54.00390625
436.3811979293823,436.3811979293823,NoButton,Move,118.72265625,51.87890625
436.38931488990784,436.38931488990784,NoButton,Move,116.45703125,48.70703125
436.3996651172638,436.3996651172638,NoButton,Move,113.5703125,45.33984375
436.40516996383667,436.40516996383667,NoButton,Move,111.1640625,41.4921875
436.41403698921204,436.41403698921204,NoButton,Move,109.35546875,37.87890625
436.42205715179443,436.42205715179443,NoButton,Move,107.54296875,34.25390625
436.4354348182678,436.4354348182678,NoButton,Move,106.80078125,32.40625
436.4381489753723,436.4381489753723,NoButton,Move,105.5234375,29.4296875
436.44896507263184,436.44896507263184,NoButton,Move,104.24609375,26.453125
436.4544789791107,436.4544789791107,NoButton,Move,103.50390625,24.60546875
436.6314790248871,436.6314790248871,Left,Pressed,103.50390625,24.60546875
436.7486550807953,436.7486550807953,Left,Released,103.50390625,24.60546875
436.87198400497437,436.87198400497437,NoButton,Move,104.19921875,24.60546875
436.8807520866394,436.8807520866394,NoButton,Move,108.74609375,27.12890625
436.8884620666504,436.8884620666504,NoButton,Move,114.109375,30.34375
436.8971619606018,436.8971619606018,NoButton,Move,122.171875,34.68359375
436.90437602996826,436.90437602996826,NoButton,Move,132.73828125,40.31640625
436.9136848449707,436.9136848449707,NoButton,Move,153.8203125,53.73046875
436.9210867881775,436.9210867881775,NoButton,Move,204.7265625,84.83984375
436.93018412590027,436.93018412590027,NoButton,Move,243.2421875,109.6875
436.936989068985,436.936989068985,NoButton,Move,291.73046875,140.1640625
436.9469690322876,436.9469690322876,NoButton,Move,379.046875,202.53515625
436.95409202575684,436.95409202575684,NoButton,Move,441.73828125,246.41796875
436.96563601493835,436.96563601493835,NoButton,Move,508.5859375,296.9609375
436.97027707099915,436.97027707099915,NoButton,Move,539.8203125,318.94140625
436.98259806632996,436.98259806632996,NoButton,Move,596.08203125,361.51953125
436.98640513420105,436.98640513420105,NoButton,Move,648.9921875,399.73046875
436.9979569911957,436.9979569911957,NoButton,Move,665.5859375,411.95703125
437.002965927124,437.002965927124,NoButton,Move,679.4765625,422.578125
437.01387310028076,437.01387310028076,NoButton,Move,707.56640625,445.05078125
437.0192291736603,437.0192291736603,NoButton,Move,714.08203125,449.7890625
437.0280690193176,437.0280690193176,NoButton,Move,725.0,461.48828125
437.0356252193451,437.0356252193451,NoButton,Move,734.88671875,472.8984375
438.10842418670654,438.10842418670654,NoButton,Move,735.34765625,472.8984375
438.1167540550232,438.1167540550232,NoButton,Move,736.7109375,472.8984375
438.1251850128174,438.1251850128174,NoButton,Move,738.5546875,474.00390625
438.1335220336914,438.1335220336914,NoButton,Move,741.1015625,475.703125
438.1411199569702,438.1411199569702,NoButton,Move,742.9453125,476.80859375
438.1495769023895,438.1495769023895,NoButton,Move,744.421875,477.9140625
438.1579279899597,438.1579279899597,NoButton,Move,746.96875,479.61328125
438.1659801006317,438.1659801006317,NoButton,Move,749.34765625,480.80078125
438.1738758087158,438.1738758087158,NoButton,Move,752.515625,483.0625
438.1824359893799,438.1824359893799,NoButton,Move,753.87890625,483.7421875
438.19052600860596,438.19052600860596,NoButton,Move,757.72265625,486.14453125
438.1985487937927,438.1985487937927,NoButton,Move,760.890625,487.953125
438.2068510055542,438.2068510055542,NoButton,Move,764.05859375,490.21484375
438.2152199745178,438.2152199745178,NoButton,Move,767.2265625,492.4765625
438.22294902801514,438.22294902801514,NoButton,Move,770.39453125,494.73828125
438.23129200935364,438.23129200935364,NoButton,Move,774.23828125,497.140625
438.2392108440399,438.2392108440399,NoButton,Move,778.3046875,500.19140625
438.24898505210876,438.24898505210876,NoButton,Move,782.37109375,503.2421875
438.25580620765686,438.25580620765686,NoButton,Move,786.4375,506.80078125
438.2663230895996,438.2663230895996,NoButton,Move,790.50390625,509.8515625
438.27213883399963,438.27213883399963,NoButton,Move,794.5703125,513.41015625
438.2819209098816,438.2819209098816,NoButton,Move,797.93359375,516.7734375
438.2885150909424,438.2885150909424,NoButton,Move,802.0,520.33203125
438.2967209815979,438.2967209815979,NoButton,Move,805.55859375,524.3984375
438.30570793151855,438.30570793151855,NoButton,Move,808.44140625,527.76171875
438.31293296813965,438.31293296813965,NoButton,Move,812.0,531.828125
438.3219950199127,438.3219950199127,NoButton,Move,814.40234375,535.671875
438.3322730064392,438.3322730064392,NoButton,Move,816.65234375,538.82421875
438.33819794654846,438.33819794654846,NoButton,Move,819.19140625,543.3984375
438.3457200527191,438.3457200527191,NoButton,Move,821.0,547.01953125
438.35433316230774,438.35433316230774,NoButton,Move,822.80859375,550.640625
438.36515498161316,438.36515498161316,NoButton,Move,823.7109375,554.26171875
438.3710491657257,438.3710491657257,NoButton,Move,824.05078125,555.625
438.3785698413849,438.3785698413849,NoButton,Move,824.5859375,561.5234375
438.6900489330292,438.6900489330292,NoButton,Move,825.28125,561.5234375
438.6980531215668,438.6980531215668,NoButton,Move,830.36328125,561.5234375
438.70664381980896,438.70664381980896,NoButton,Move,837.1328125,561.5234375
438.71470499038696,438.71470499038696,NoButton,Move,843.90234375,561.5234375
438.72374391555786,438.72374391555786,NoButton,Move,851.6015625,561.5234375
438.7321090698242,438.7321090698242,NoButton,Move,859.26953125,561.5234375
438.739266872406,438.739266872406,NoButton,Move,866.96875,561.5234375
438.74708008766174,438.74708008766174,NoButton,Move,873.73828125,561.5234375
438.756560087204,438.756560087204,NoButton,Move,880.5078125,561.5234375
438.7658369541168,438.7658369541168,NoButton,Move,886.39453125,561.5234375
438.7731738090515,438.7731738090515,NoButton,Move,897.21484375,561.5234375
438.7801048755646,438.7801048755646,NoButton,Move,906.9375,561.5234375
438.788547039032,438.788547039032,NoButton,Move,915.62109375,561.5234375
438.79661679267883,438.79661679267883,NoButton,Move,922.390625,561.5234375
438.80451488494873,438.80451488494873,NoButton,Move,924.76953125,561.5234375
438.8148510456085,438.8148510456085,NoButton,Move,929.09375,561.5234375
438.82121300697327,438.82121300697327,NoButton,Move,932.06640625,561.9453125
438.831983089447,438.831983089447,NoButton,Move,933.91015625,562.68359375
438.8369550704956,438.8369550704956,NoButton,Move,935.2734375,563.36328125
438.85001587867737,438.85001587867737,NoButton,Move,936.2109375,563.98828125
438.8537278175354,438.8537278175354,NoButton,Move,936.49609375,564.55859375
438.86677384376526,438.86677384376526,NoButton,Move,936.78125,565.12890625
438.86978697776794,438.86978697776794,NoButton,Move,936.78125,565.38671875
438.87814378738403,438.87814378738403,NoButton,Move,936.78125,565.95703125
441.4426369667053,441.4426369667053,NoButton,Move,936.78125,566.1875
441.4494149684906,441.4494149684906,NoButton,Move,936.78125,567.55078125
441.45923590660095,441.45923590660095,NoButton,Move,937.57421875,569.9296875
441.4654130935669,441.4654130935669,NoButton,Move,938.3671875,572.30859375
441.47345089912415,441.47345089912415,NoButton,Move,939.16015625,574.6875
441.48219203948975,441.48219203948975,NoButton,Move,939.58203125,577.66015625
441.49179697036743,441.49179697036743,NoButton,Move,940.00390625,580.6328125
441.49875807762146,441.49875807762146,NoButton,Move,940.42578125,583.60546875
441.50679302215576,441.50679302215576,NoButton,Move,940.98828125,590.375
441.51482582092285,441.51482582092285,NoButton,Move,940.98828125,593.99609375
441.5240910053253,441.5240910053253,NoButton,Move,940.98828125,605.97265625
441.5317270755768,441.5317270755768,NoButton,Move,939.859375,612.7421875
441.5388560295105,441.5388560295105,NoButton,Move,936.89453125,620.44140625
441.54743695259094,441.54743695259094,NoButton,Move,931.70703125,628.8671875
441.55631494522095,441.55631494522095,NoButton,Move,925.87109375,636.64453125
441.5641279220581,441.5641279220581,NoButton,Move,918.4296875,644.76171875
441.5732970237732,441.5732970237732,NoButton,Move,910.6484375,651.2421875
441.58281421661377,441.58281421661377,NoButton,Move,899.65625,658.56640625
441.5904848575592,441.5904848575592,NoButton,Move,888.3828125,664.19921875
441.59808707237244,441.59808707237244,NoButton,Move,875.92578125,668.59375
441.605180978775,441.605180978775,NoButton,Move,861.46875,672.39453125
441.6131730079651,441.6131730079651,NoButton,Move,845.6875,675.546875
441.62062191963196,441.62062191963196,NoButton,Move,829.90625,677.12109375
441.6321749687195,441.6321749687195,NoButton,Move,812.74609375,677.9375
441.6368291378021,441.6368291378021,NoButton,Move,796.96484375,677.9375
441.644366979599,441.644366979599,NoButton,Move,781.18359375,677.9375
441.65307211875916,441.65307211875916,NoButton,Move,766.7265625,677.9375
441.661257982254,441.661257982254,NoButton,Move,759.953125,677.37109375
441.6690459251404,441.6690459251404,NoButton,Move,747.97265625,675.25390625
442.0876121520996,442.0876121520996,NoButton,Move,748.43359375,675.01953125
442.0877568721771,442.0877568721771,NoButton,Move,751.796875,671.65234375
442.09518003463745,442.09518003463745,NoButton,Move,757.71875,666.3203125
442.1030361652374,442.1030361652374,NoButton,Move,764.84765625,659.1875
442.114942073822,442.114942073822,NoButton,Move,779.21484375,646.5078125
442.12041115760803,442.12041115760803,NoButton,Move,786.0390625,640.30078125
442.1372971534729,442.1372971534729,NoButton,Move,807.625,623.6171875
442.13750290870667,442.13750290870667,NoButton,Move,825.65625,610.9921875
442.1451680660248,442.1451680660248,NoButton,Move,845.18359375,597.96875
442.1522128582001,442.1522128582001,NoButton,Move,867.22265625,584.55078125
442.16143894195557,442.16143894195557,NoButton,Move,892.59375,571.35546875
442.168643951416,442.168643951416,NoButton,Move,918.98046875,560.1875
442.17862010002136,442.17862010002136,NoButton,Move,948.19140625,549.75390625
442.18540501594543,442.18540501594543,NoButton,Move,975.59375,540.6171875
442.1932740211487,442.1932740211487,NoButton,Move,987.5703125,537.796875
442.20140314102173,442.20140314102173,NoButton,Move,1012.484375,533.00390625
442.2097969055176,442.2097969055176,NoButton,Move,1034.125,528.4921875
442.21760082244873,442.21760082244873,NoButton,Move,1041.82421875,527.8984375
442.2264859676361,442.2264859676361,NoButton,Move,1057.5859375,526.3203125
442.23403310775757,442.23403310775757,NoButton,Move,1070.7734375,525.5859375
442.2421610355377,442.2421610355377,NoButton,Move,1074.39453125,525.1328125
442.25047302246094,442.25047302246094,NoButton,Move,1082.09375,524.5390625
442.25878500938416,442.25878500938416,NoButton,Move,1087.17578125,524.5390625
442.2667407989502,442.2667407989502,NoButton,Move,1090.1484375,524.5390625
442.48045682907104,442.48045682907104,NoButton,Move,1090.1484375,524.3046875
442.48889207839966,442.48889207839966,NoButton,Move,1090.1484375,521.921875
442.49878692626953,442.49878692626953,NoButton,Move,1088.875,518.94921875
442.5049571990967,442.5049571990967,NoButton,Move,1087.0625,515.32421875
442.5127890110016,442.5127890110016,NoButton,Move,1083.33984375,507.2578125
442.5221610069275,442.5221610069275,NoButton,Move,1080.515625,501.046875
442.53228211402893,442.53228211402893,NoButton,Move,1078.59375,496.72265625
442.53804087638855,442.53804087638855,NoButton,Move,1075.0390625,489.61328125
442.5454640388489,442.5454640388489,NoButton,Move,1071.65234375,483.40234375
442.5555748939514,442.5555748939514,NoButton,Move,1069.6171875,478.31640625
442.56257915496826,442.56257915496826,NoButton,Move,1068.42578125,475.93359375
442.5716588497162,442.5716588497162,NoButton,Move,1066.62109375,472.32421875
442.5823130607605,442.5823130607605,NoButton,Move,1065.34375,469.34765625
442.5872519016266,442.5872519016266,NoButton,Move,1064.15234375,466.96484375
442.5959918498993,442.5959918498993,NoButton,Move,1063.80859375,465.59765625
442.6032609939575,442.6032609939575,NoButton,Move,1063.1796875,464.65625
442.61079502105713,442.61079502105713,NoButton,Move,1063.1796875,464.08203125
442.62113904953003,442.62113904953003,NoButton,Move,1062.91796875,463.8203125
442.6281461715698,442.6281461715698,NoButton,Move,1062.91796875,463.55859375
442.65233993530273,442.65233993530273,NoButton,Move,1062.91796875,463.31640625
442.8995749950409,442.8995749950409,NoButton,Move,1062.91796875,463.08203125
442.9055688381195,442.9055688381195,NoButton,Move,1062.91796875,462.8203125
442.9139220714569,442.9139220714569,NoButton,Move,1062.91796875,462.55859375
442.9226830005646,442.9226830005646,NoButton,Move,1062.91796875,462.296875
442.9326720237732,442.9326720237732,NoButton,Move,1063.203125,461.72265625
442.9385907649994,442.9385907649994,NoButton,Move,1063.203125,461.4609375
442.9467508792877,442.9467508792877,NoButton,Move,1063.4609375,461.19921875
442.9554259777069,442.9554259777069,NoButton,Move,1063.71875,460.9375
442.9646260738373,442.9646260738373,NoButton,Move,1063.71875,460.67578125
442.97145199775696,442.97145199775696,NoButton,Move,1063.9765625,460.4140625
442.983186006546,442.983186006546,NoButton,Move,1064.234375,460.15234375
442.9958119392395,442.9958119392395,NoButton,Move,1064.4765625,459.90625
443.02868700027466,443.02868700027466,NoButton,Move,1064.4765625,459.66796875
443.08553099632263,443.08553099632263,NoButton,Move,1064.7109375,459.66796875
443.64261293411255,443.64261293411255,NoButton,Move,1064.7109375,459.8984375
443.65048384666443,443.65048384666443,NoButton,Move,1064.7109375,460.15625
443.6588761806488,443.6588761806488,NoButton,Move,1064.421875,460.7265625
443.6673581600189,443.6673581600189,NoButton,Move,1063.3125,462.203125
443.6787910461426,443.6787910461426,NoButton,Move,1062.12109375,464.58203125
443.68380999565125,443.68380999565125,NoButton,Move,1058.55859375,468.6484375
443.69158601760864,443.69158601760864,NoButton,Move,1054.04296875,474.2890625
443.6995828151703,443.6995828151703,NoButton,Move,1041.78515625,487.359375
443.70757484436035,443.70757484436035,NoButton,Move,1029.94921875,498.40234375
443.71633982658386,443.71633982658386,NoButton,Move,1015.12109375,512.3515625
443.72358107566833,443.72358107566833,NoButton,Move,995.953125,528.640625
443.7332670688629,443.7332670688629,NoButton,Move,974.2578125,545.40234375
443.74052691459656,443.74052691459656,NoButton,Move,950.26171875,564.1796875
443.7490758895874,443.7490758895874,NoButton,Move,926.265625,582.95703125
443.7568359375,443.7568359375,NoButton,Move,904.55859375,598.7421875
443.7659921646118,443.7659921646118,NoButton,Move,894.69140625,606.4921875
443.77297806739807,443.77297806739807,NoButton,Move,859.90234375,635.06640625
443.781672000885,443.781672000885,NoButton,Move,851.78125,643.18359375
443.78941798210144,443.78941798210144,NoButton,Move,835.0390625,659.921875
443.79840874671936,443.79840874671936,NoButton,Move,821.51171875,677.0546875
443.8058111667633,443.8058111667633,NoButton,Move,811.3671875,693.11328125
443.81534600257874,443.81534600257874,NoButton,Move,804.01171875,709.453125
444.00258898735046,444.00258898735046,NoButton,Move,804.01171875,708.984375
444.0113959312439,444.0113959312439,NoButton,Move,804.01171875,706.6015625
444.0191059112549,444.0191059112549,NoButton,Move,804.01171875,701.515625
444.027028799057,444.027028799057,NoButton,Move,804.01171875,693.8125
444.035080909729,444.035080909729,NoButton,Move,804.01171875,684.0859375
444.0445637702942,444.0445637702942,NoButton,Move,804.01171875,670.89453125
444.0516698360443,444.0516698360443,NoButton,Move,804.01171875,644.25390625
444.05966997146606,444.05966997146606,NoButton,Move,804.01171875,622.609375
444.06891798973083,444.06891798973083,NoButton,Move,803.0625,597.99609375
444.0762867927551,444.0762867927551,NoButton,Move,801.0859375,571.35546875
444.08428621292114,444.08428621292114,NoButton,Move,798.0390625,542.93359375
444.0926160812378,444.0926160812378,NoButton,Move,793.75390625,510.796875
444.100350856781,444.100350856781,NoButton,Move,789.46484375,478.64453125
444.10836005210876,444.10836005210876,NoButton,Move,783.03125,446.4921875
444.1168339252472,444.1168339252472,NoButton,Move,775.52734375,414.33984375
444.1248970031738,444.1248970031738,NoButton,Move,772.00390625,402.359375
446.8671500682831,446.8671500682831,NoButton,Move,772.00390625,401.43359375
446.87508177757263,446.87508177757263,NoButton,Move,772.00390625,400.4921875
446.88365292549133,446.88365292549133,NoButton,Move,772.00390625,399.91796875
446.89167881011963,446.89167881011963,NoButton,Move,772.00390625,399.34375
446.89991998672485,446.89991998672485,NoButton,Move,772.00390625,399.08203125
446.9077389240265,446.9077389240265,NoButton,Move,772.57421875,398.79296875
446.91630601882935,446.91630601882935,NoButton,Move,773.9375,398.79296875
446.92490005493164,446.92490005493164,NoButton,Move,775.78125,398.79296875
446.9329059123993,446.9329059123993,NoButton,Move,778.75,398.79296875
446.9413249492645,446.9413249492645,NoButton,Move,781.72265625,398.79296875
446.9491500854492,446.9491500854492,NoButton,Move,785.34375,398.79296875
446.9575409889221,446.9575409889221,NoButton,Move,788.96484375,398.79296875
446.9656820297241,446.9656820297241,NoButton,Move,792.5859375,399.6953125
446.9735860824585,446.9735860824585,NoButton,Move,794.4296875,400.43359375
446.98211193084717,446.98211193084717,NoButton,Move,797.40234375,401.28125
446.98983216285706,446.98983216285706,NoButton,Move,800.375,401.703125
446.9984931945801,446.9984931945801,NoButton,Move,802.21875,402.44140625
447.004282951355,447.004282951355,NoButton,Move,802.21875,402.44140625
447.06457901000977,447.06457901000977,NoButton,Move,804.0625,402.80859375
447.06461000442505,447.06461000442505,NoButton,Move,805.42578125,403.48828125
447.06466698646545,447.06466698646545,NoButton,Move,806.36328125,403.80078125
447.0648419857025,447.0648419857025,NoButton,Move,807.7265625,404.48046875
447.06488490104675,447.06488490104675,NoButton,Move,808.6640625,405.10546875
447.06490302085876,447.06490302085876,NoButton,Move,810.140625,406.2109375
447.0649199485779,447.0649199485779,NoButton,Move,811.6171875,407.6875
447.06493616104126,447.06493616104126,NoButton,Move,813.09375,409.1640625
447.0716938972473,447.0716938972473,NoButton,Move,814.6796875,411.1484375
447.08377599716187,447.08377599716187,NoButton,Move,816.80078125,413.26953125
447.0880129337311,447.0880129337311,NoButton,Move,819.34765625,415.390625
447.0972011089325,447.0972011089325,NoButton,Move,821.89453125,417.51171875
447.1074118614197,447.1074118614197,NoButton,Move,824.015625,419.6328125
447.13320302963257,447.13320302963257,NoButton,Move,826.5625,421.33203125
447.1332850456238,447.1332850456238,NoButton,Move,828.0390625,422.4375
447.1333270072937,447.1333270072937,NoButton,Move,830.0234375,424.0234375
447.1378757953644,447.1378757953644,NoButton,Move,831.8671875,425.12890625
447.14667105674744,447.14667105674744,NoButton,Move,833.8515625,426.71484375
447.16165590286255,447.16165590286255,NoButton,Move,834.7890625,427.33984375
447.1689372062683,447.1689372062683,NoButton,Move,835.7265625,427.96484375
447.1716001033783,447.1716001033783,NoButton,Move,836.296875,428.53515625
447.1873791217804,447.1873791217804,NoButton,Move,836.8671875,428.8203125
447.187490940094,447.187490940094,NoButton,Move,837.125,429.078125
447.1977529525757,447.1977529525757,NoButton,Move,837.3828125,429.3359375
447.20256090164185,447.20256090164185,NoButton,Move,837.640625,429.3359375
447.21102714538574,447.21102714538574,NoButton,Move,837.8984375,429.59375
447.26442694664,447.26442694664,NoButton,Move,838.1328125,429.828125
447.26452589035034,447.26452589035034,NoButton,Move,838.390625,430.0859375
447.2677869796753,447.2677869796753,NoButton,Move,838.6484375,430.34375
447.27607011795044,447.27607011795044,NoButton,Move,838.93359375,430.9140625
447.2842929363251,447.2842929363251,NoButton,Move,839.21875,431.484375
447.3043940067291,447.3043940067291,NoButton,Move,839.50390625,432.0546875
447.3045380115509,447.3045380115509,NoButton,Move,839.81640625,432.9921875
447.33357405662537,447.33357405662537,NoButton,Move,840.12890625,433.9296875
447.3337140083313,447.3337140083313,NoButton,Move,840.44140625,434.8671875
447.33383798599243,447.33383798599243,NoButton,Move,841.62890625,437.24609375
447.3338580131531,447.3338580131531,NoButton,Move,841.94140625,438.18359375
447.345577955246,447.345577955246,NoButton,Move,842.7890625,441.15625
447.3507719039917,447.3507719039917,NoButton,Move,843.15625,443.0
447.36976408958435,447.36976408958435,NoButton,Move,843.578125,445.97265625
447.37693786621094,447.37693786621094,NoButton,Move,844.0,448.9453125
447.3777189254761,447.3777189254761,NoButton,Move,844.0,451.91796875
447.3830518722534,447.3830518722534,NoButton,Move,842.390625,457.81640625
447.4207708835602,447.4207708835602,NoButton,Move,837.875,462.89453125
447.42091512680054,447.42091512680054,NoButton,Move,826.4609375,472.78125
447.42098808288574,447.42098808288574,NoButton,Move,810.93359375,481.765625
447.42102694511414,447.42102694511414,NoButton,Move,791.71484375,489.625
447.4305589199066,447.4305589199066,NoButton,Move,748.2265625,503.2890625
447.43890714645386,447.43890714645386,NoButton,Move,712.11328125,508.9296875
447.44503593444824,447.44503593444824,NoButton,Move,692.01953125,509.80078125
447.45237708091736,447.45237708091736,NoButton,Move,653.8359375,509.80078125
447.4564280509949,447.4564280509949,NoButton,Move,615.65234375,509.80078125
447.4692780971527,447.4692780971527,NoButton,Move,579.5390625,505.28515625
447.47698497772217,447.47698497772217,NoButton,Move,548.45703125,495.63671875
447.48071002960205,447.48071002960205,NoButton,Move,520.28515625,484.16015625
447.4992401599884,447.4992401599884,NoButton,Move,509.71484375,478.5234375
447.49933314323425,447.49933314323425,NoButton,Move,489.875,468.6015625
447.5064239501953,447.5064239501953,NoButton,Move,483.5625,464.01171875
447.5138111114502,447.5138111114502,NoButton,Move,471.38671875,455.640625
447.5276069641113,447.5276069641113,NoButton,Move,463.265625,448.19921875
447.5314071178436,447.5314071178436,NoButton,Move,457.05859375,441.9921875
447.53794407844543,447.53794407844543,NoButton,Move,455.94921875,440.14453125
447.54631900787354,447.54631900787354,NoButton,Move,453.40625,435.56640625
448.8815698623657,448.8815698623657,NoButton,Move,453.40625,435.33203125
448.88964915275574,448.88964915275574,NoButton,Move,453.6640625,435.0703125
448.8991551399231,448.8991551399231,NoButton,Move,453.921875,434.80859375
448.9074158668518,448.9074158668518,NoButton,Move,454.1796875,434.546875
448.9143660068512,448.9143660068512,NoButton,Move,454.4375,434.28515625
448.92284417152405,448.92284417152405,NoButton,Move,454.6953125,434.0234375
448.9326901435852,448.9326901435852,NoButton,Move,454.953125,433.76171875
448.9398019313812,448.9398019313812,NoButton,Move,455.2109375,433.76171875
448.94721698760986,448.94721698760986,NoButton,Move,455.46875,433.5
448.9557659626007,448.9557659626007,NoButton,Move,455.7265625,433.5
448.96681785583496,448.96681785583496,NoButton,Move,455.7265625,433.23828125
448.97175788879395,448.97175788879395,NoButton,Move,455.7265625,432.9765625
448.979779958725,448.979779958725,NoButton,Move,455.984375,432.9765625
448.9874680042267,448.9874680042267,NoButton,Move,455.984375,432.71484375
449.00391602516174,449.00391602516174,NoButton,Move,455.984375,432.1953125
449.0121068954468,449.0121068954468,NoButton,Move,455.984375,431.93359375
449.02013778686523,449.02013778686523,NoButton,Move,456.26953125,431.359375
449.03177309036255,449.03177309036255,NoButton,Move,456.5546875,430.78515625
449.0365889072418,449.0365889072418,NoButton,Move,456.5546875,429.84375
449.04505586624146,449.04505586624146,NoButton,Move,456.8671875,428.90234375
449.05322313308716,449.05322313308716,NoButton,Move,456.8671875,428.328125
449.0613980293274,449.0613980293274,NoButton,Move,457.1796875,427.38671875
449.0694160461426,449.0694160461426,NoButton,Move,457.4921875,426.4453125
449.07822704315186,449.07822704315186,NoButton,Move,457.8046875,425.50390625
449.08594393730164,449.08594393730164,NoButton,Move,458.1171875,424.5625
449.09461188316345,449.09461188316345,NoButton,Move,458.1171875,423.98828125
449.1021649837494,449.1021649837494,NoButton,Move,458.40234375,423.4140625
449.111337184906,449.111337184906,NoButton,Move,458.40234375,422.83984375
449.11864376068115,449.11864376068115,NoButton,Move,458.6875,422.265625
449.1272668838501,449.1272668838501,NoButton,Move,458.6875,422.00390625
449.13508701324463,449.13508701324463,NoButton,Move,458.6875,421.7421875
449.1430449485779,449.1430449485779,NoButton,Move,458.9453125,421.48046875
449.15947580337524,449.15947580337524,NoButton,Move,458.9453125,421.234375
449.16778898239136,449.16778898239136,NoButton,Move,458.9453125,420.66015625
449.17588996887207,449.17588996887207,NoButton,Move,459.203125,420.3984375
449.1840229034424,449.1840229034424,NoButton,Move,459.203125,420.13671875
449.1926839351654,449.1926839351654,NoButton,Move,459.4609375,419.875
449.20083498954773,449.20083498954773,NoButton,Move,459.74609375,419.30078125
449.2088589668274,449.2088589668274,NoButton,Move,459.74609375,419.0390625
449.2172679901123,449.2172679901123,NoButton,Move,460.00390625,418.77734375
449.2254481315613,449.2254481315613,NoButton,Move,460.26171875,418.515625
449.2339849472046,449.2339849472046,NoButton,Move,460.26171875,418.25390625
449.2419009208679,449.2419009208679,NoButton,Move,460.51953125,417.9921875
449.25117087364197,449.25117087364197,NoButton,Move,460.51953125,417.73046875
449.2749300003052,449.2749300003052,NoButton,Move,460.51953125,417.48828125
451.59150195121765,451.59150195121765,NoButton,Move,460.75,417.48828125
451.5996551513672,451.5996551513672,NoButton,Move,461.3203125,417.48828125
451.60699009895325,451.60699009895325,NoButton,Move,462.2578125,417.48828125
451.6167981624603,451.6167981624603,NoButton,Move,464.1015625,417.85546875
451.6234941482544,451.6234941482544,NoButton,Move,466.48046875,418.25
451.631667137146,451.631667137146,NoButton,Move,472.3671875,418.78515625
451.6399531364441,451.6399531364441,NoButton,Move,477.44921875,419.29296875
451.64809703826904,451.64809703826904,NoButton,Move,484.21875,419.85546875
451.6561200618744,451.6561200618744,NoButton,Move,493.94140625,419.85546875
451.6649680137634,451.6649680137634,NoButton,Move,514.03125,419.85546875
451.67262411117554,451.67262411117554,NoButton,Move,531.12109375,419.85546875
451.68067383766174,451.68067383766174,NoButton,Move,551.2109375,419.85546875
451.6884219646454,451.6884219646454,NoButton,Move,576.125,419.85546875
451.69835686683655,451.69835686683655,NoButton,Move,604.54296875,420.8671875
451.7053680419922,451.7053680419922,NoButton,Move,636.69140625,423.0078125
451.71345496177673,451.71345496177673,NoButton,Move,670.79296875,427.40625
451.72190618515015,451.72190618515015,NoButton,Move,732.8203125,438.9453125
451.73016381263733,451.73016381263733,NoButton,Move,751.4140625,442.32421875
451.7378258705139,451.7378258705139,NoButton,Move,789.59375,451.578125
451.7586648464203,451.7586648464203,NoButton,Move,825.703125,459.4765625
451.75880217552185,451.75880217552185,NoButton,Move,861.8125,468.50390625
451.7620940208435,451.7620940208435,NoButton,Move,896.79296875,477.53125
451.7707591056824,451.7707591056824,NoButton,Move,909.90234375,481.171875
451.7851150035858,451.7851150035858,NoButton,Move,937.3046875,489.2890625
451.80849289894104,451.80849289894104,NoButton,Move,961.26171875,496.953125
451.8090810775757,451.8090810775757,NoButton,Move,968.9609375,499.3203125
451.821900844574,451.821900844574,NoButton,Move,976.765625,501.78125
452.19881105422974,452.19881105422974,NoButton,Move,976.06640625,501.546875
452.1988949775696,452.1988949775696,NoButton,Move,972.89453125,499.28125
452.1989450454712,452.1989450454712,NoButton,Move,970.17578125,496.5625
452.1989631652832,452.1989631652832,NoButton,Move,966.10546875,493.5078125
452.19898104667664,452.19898104667664,NoButton,Move,962.0390625,489.94921875
452.19899797439575,452.19899797439575,NoButton,Move,957.96875,486.89453125
452.19901394844055,452.19901394844055,NoButton,Move,953.8984375,483.33203125
452.19903087615967,452.19903087615967,NoButton,Move,952.4296875,482.23046875
452.19904708862305,452.19904708862305,NoButton,Move,949.0625,479.34375
452.19906306266785,452.19906306266785,NoButton,Move,946.51171875,477.640625
452.19907903671265,452.19907903671265,NoButton,Move,944.38671875,475.515625
452.2044689655304,452.2044689655304,NoButton,Move,942.5390625,474.40625
452.21255803108215,452.21255803108215,NoButton,Move,941.05859375,473.296875
452.2207660675049,452.2207660675049,NoButton,Move,940.03125,472.26953125
452.22884702682495,452.22884702682495,NoButton,Move,939.00390625,471.2421875
452.2369120121002,452.2369120121002,NoButton,Move,938.0625,470.61328125
452.24836897850037,452.24836897850037,NoButton,Move,937.48828125,470.32421875
452.2535889148712,452.2535889148712,NoButton,Move,936.9140625,469.75
452.26172399520874,452.26172399520874,NoButton,Move,936.65234375,469.48828125
452.2699439525604,452.2699439525604,NoButton,Move,936.078125,469.19921875
452.28268694877625,452.28268694877625,NoButton,Move,935.50390625,468.91015625
452.2863800525665,452.2863800525665,NoButton,Move,935.2421875,468.91015625
452.2946569919586,452.2946569919586,NoButton,Move,934.66796875,468.62109375
452.30287408828735,452.30287408828735,NoButton,Move,934.09375,468.62109375
452.3111729621887,452.3111729621887,NoButton,Move,933.51953125,468.62109375
452.31919717788696,452.31919717788696,NoButton,Move,932.9453125,468.62109375
452.3272910118103,452.3272910118103,NoButton,Move,932.68359375,468.62109375
452.33555793762207,452.33555793762207,NoButton,Move,932.109375,468.62109375
452.3440089225769,452.3440089225769,NoButton,Move,931.53515625,468.62109375
452.3519971370697,452.3519971370697,NoButton,Move,931.2734375,468.62109375
452.36074590682983,452.36074590682983,NoButton,Move,930.69921875,468.62109375
452.3689661026001,452.3689661026001,NoButton,Move,930.4375,468.62109375
452.3766179084778,452.3766179084778,NoButton,Move,930.17578125,468.62109375
452.3849980831146,452.3849980831146,NoButton,Move,929.9140625,468.62109375
452.39299607276917,452.39299607276917,NoButton,Move,929.33984375,468.90625
452.84663009643555,452.84663009643555,NoButton,Move,929.33984375,469.6015625
452.8467049598694,452.8467049598694,NoButton,Move,929.33984375,470.96484375
452.8511788845062,452.8511788845062,NoButton,Move,929.33984375,471.90234375
452.85949516296387,452.85949516296387,NoButton,Move,929.6796875,473.265625
452.8677909374237,452.8677909374237,NoButton,Move,930.046875,475.109375
452.8768060207367,452.8768060207367,NoButton,Move,930.44140625,477.48828125
452.88397002220154,452.88397002220154,NoButton,Move,930.44140625,480.4609375
452.8919060230255,452.8919060230255,NoButton,Move,930.44140625,483.43359375
452.90052700042725,452.90052700042725,NoButton,Move,928.99609375,487.7578125
452.91886711120605,452.91886711120605,NoButton,Move,924.92578125,491.31640625
452.91896891593933,452.91896891593933,NoButton,Move,913.203125,497.91015625
452.9249379634857,452.9249379634857,NoButton,Move,898.74609375,500.953125
452.93288493156433,452.93288493156433,NoButton,Move,864.640625,506.453125
452.9408769607544,452.9408769607544,NoButton,Move,828.52734375,507.578125
452.9490988254547,452.9490988254547,NoButton,Move,786.0390625,507.578125
452.95743203163147,452.95743203163147,NoButton,Move,734.34765625,507.578125
452.9655010700226,452.9655010700226,NoButton,Move,680.07421875,504.86328125
452.9737298488617,452.9737298488617,NoButton,Move,625.80078125,496.72265625
452.9892461299896,452.9892461299896,NoButton,Move,604.15625,492.2109375
452.9900469779968,452.9900469779968,NoButton,Move,561.66796875,483.7109375
452.9980249404907,452.9980249404907,NoButton,Move,523.484375,474.453125
453.00634002685547,453.00634002685547,NoButton,Move,510.29296875,470.7890625
453.01438307762146,453.01438307762146,NoButton,Move,482.88671875,462.66796875
453.0228431224823,453.0228431224823,NoButton,Move,462.14453125,455.453125
453.03097891807556,453.03097891807556,NoButton,Move,455.03515625,452.48828125
453.0390520095825,453.0390520095825,NoButton,Move,443.76171875,447.5546875
453.0473759174347,453.0473759174347,NoButton,Move,434.2890625,442.140625
453.0579969882965,453.0579969882965,NoButton,Move,432.1640625,440.015625
453.06553196907043,453.06553196907043,NoButton,Move,424.3828125,434.1796875
453.36501121520996,453.36501121520996,Left,Pressed,424.3828125,434.1796875
453.4816858768463,453.4816858768463,Left,Released,424.3828125,434.1796875
453.7850248813629,453.7850248813629,NoButton,Move,425.07421875,434.1796875
453.7930829524994,453.7930829524994,NoButton,Move,428.6953125,434.1796875
453.80475091934204,453.80475091934204,NoButton,Move,433.01953125,434.1796875
453.8125829696655,453.8125829696655,NoButton,Move,437.2109375,434.1796875
453.81789779663086,453.81789779663086,NoButton,Move,442.29296875,434.1796875
453.82697582244873,453.82697582244873,NoButton,Move,448.19140625,434.71484375
453.8350360393524,453.8350360393524,NoButton,Move,466.78515625,438.09375
453.84190797805786,453.84190797805786,NoButton,Move,475.46875,440.57421875
453.8545880317688,453.8545880317688,NoButton,Move,500.3828125,447.28125
453.85787987709045,453.85787987709045,NoButton,Move,521.12109375,453.58984375
453.8661620616913,453.8661620616913,NoButton,Move,543.44140625,461.02734375
453.87464785575867,453.87464785575867,NoButton,Move,569.08984375,470.890625
453.88257908821106,453.88257908821106,NoButton,Move,597.2578125,483.41015625
453.89114785194397,453.89114785194397,NoButton,Move,625.42578125,495.9296875
453.9006838798523,453.9006838798523,NoButton,Move,653.59375,509.4921875
453.90766406059265,453.90766406059265,NoButton,Move,682.52734375,524.4921875
453.9183280467987,453.9183280467987,NoButton,Move,709.421875,537.44140625
453.92487502098083,453.92487502098083,NoButton,Move,736.546875,551.00390625
453.9323298931122,453.9323298931122,NoButton,Move,747.11328125,557.34375
453.94075894355774,453.94075894355774,NoButton,Move,769.15234375,569.80078125
453.9484529495239,453.9484529495239,NoButton,Move,788.03125,580.58984375
453.95731806755066,453.95731806755066,NoButton,Move,804.93359375,589.88671875
453.96565198898315,453.96565198898315,NoButton,Move,811.140625,593.26953125
453.97273111343384,453.97273111343384,NoButton,Move,822.859375,599.86328125
453.9823877811432,453.9823877811432,NoButton,Move,825.96875,601.640625
453.988951921463,453.988951921463,NoButton,Move,831.33203125,604.85546875
453.99919509887695,453.99919509887695,NoButton,Move,833.87890625,606.9765625
454.0054919719696,454.0054919719696,NoButton,Move,836.42578125,608.67578125
454.02118396759033,454.02118396759033,NoButton,Move,836.68359375,608.93359375
454.63873410224915,454.63873410224915,NoButton,Move,836.68359375,608.69921875
454.6388142108917,454.6388142108917,NoButton,Move,836.68359375,607.7578125
454.63885402679443,454.63885402679443,NoButton,Move,835.57421875,605.91015625
454.63887000083923,454.63887000083923,NoButton,Move,834.46484375,604.0625
454.644318819046,454.644318819046,NoButton,Move,832.76171875,601.51171875
454.6524031162262,454.6524031162262,NoButton,Move,830.49609375,598.33984375
454.66592812538147,454.66592812538147,NoButton,Move,828.68359375,595.16796875
454.66976404190063,454.66976404190063,NoButton,Move,826.41796875,591.99609375
454.67712593078613,454.67712593078613,NoButton,Move,824.15234375,588.82421875
454.68502497673035,454.68502497673035,NoButton,Move,823.41015625,586.9765625
454.6945278644562,454.6945278644562,NoButton,Move,821.70703125,584.42578125
454.7013609409332,454.7013609409332,NoButton,Move,820.00390625,581.875
454.7095651626587,454.7095651626587,NoButton,Move,818.89453125,580.02734375
454.71786522865295,454.71786522865295,NoButton,Move,817.78515625,578.1796875
454.727087020874,454.727087020874,NoButton,Move,817.15625,577.23828125
454.7341339588165,454.7341339588165,NoButton,Move,816.52734375,576.296875
454.7423458099365,454.7423458099365,NoButton,Move,815.8984375,575.35546875
454.7527039051056,454.7527039051056,NoButton,Move,815.609375,574.78125
454.75917291641235,454.75917291641235,NoButton,Move,815.3203125,574.20703125
454.76721715927124,454.76721715927124,NoButton,Move,815.05859375,573.9453125
454.77551198005676,454.77551198005676,NoButton,Move,814.796875,573.68359375
454.7970509529114,454.7970509529114,NoButton,Move,814.55078125,573.4375
454.8363199234009,454.8363199234009,NoButton,Move,814.55078125,573.19921875
456.1877510547638,456.1877510547638,Left,Pressed,814.55078125,573.19921875
456.29832887649536,456.29832887649536,Left,Released,814.55078125,573.19921875
457.90190291404724,457.90190291404724,NoButton,Move,814.55078125,574.58203125
457.90976095199585,457.90976095199585,NoButton,Move,816.359375,577.75
457.9184899330139,457.9184899330139,NoButton,Move,818.8984375,582.32421875
457.9266769886017,457.9266769886017,NoButton,Move,821.30078125,586.16796875
457.93493604660034,457.93493604660034,NoButton,Move,823.22265625,590.4921875
457.942391872406,457.942391872406,NoButton,Move,826.4375,595.85546875
457.95081901550293,457.95081901550293,NoButton,Move,831.171875,606.0
457.95883417129517,457.95883417129517,NoButton,Move,836.8046875,616.56640625
457.96705198287964,457.96705198287964,NoButton,Move,843.14453125,627.1328125
457.9751510620117,457.9751510620117,NoButton,Move,849.484375,637.69921875
457.98333191871643,457.98333191871643,NoButton,Move,856.078125,649.41796875
457.99158215522766,457.99158215522766,NoButton,Move,861.7109375,659.984375
457.9997527599335,457.9997527599335,NoButton,Move,867.34375,671.25390625
458.00812888145447,458.00812888145447,NoButton,Move,869.8828125,675.828125
458.01609802246094,458.01609802246094,NoButton,Move,873.94140625,685.97265625
458.02431297302246,458.02431297302246,NoButton,Move,880.25,700.9609375
458.03250193595886,458.03250193595886,NoButton,Move,882.83984375,710.68359375
458.0405957698822,458.0405957698822,NoButton,Move,883.85546875,715.765625
458.04882192611694,458.04882192611694,NoButton,Move,885.09375,724.44921875
458.05730295181274,458.05730295181274,NoButton,Move,886.60546875,738.828125
458.0655269622803,458.0655269622803,NoButton,Move,886.60546875,743.15234375
458.0735731124878,458.0735731124878,NoButton,Move,886.60546875,758.9296875
458.0815851688385,458.0815851688385,NoButton,Move,886.60546875,768.65234375
458.08992099761963,458.08992099761963,NoButton,Move,885.95703125,778.375
458.0989899635315,458.0989899635315,NoButton,Move,884.0859375,782.58203125
458.10634112358093,458.10634112358093,NoButton,Move,879.3515625,798.359375
458.1145761013031,458.1145761013031,NoButton,Move,874.8125,807.43359375
458.1227140426636,458.1227140426636,NoButton,Move,870.921875,816.5078125
458.1307249069214,458.1307249069214,NoButton,Move,868.515625,820.3515625
458.1389698982239,458.1389698982239,NoButton,Move,863.55078125,827.79296875
458.1470911502838,458.1470911502838,NoButton,Move,858.80859375,834.30859375
458.1554880142212,458.1554880142212,NoButton,Move,854.85546875,839.94921875
458.1634259223938,458.1634259223938,NoButton,Move,851.29296875,844.015625
458.17161297798157,458.17161297798157,NoButton,Move,847.0,848.3046875
458.17981719970703,458.17981719970703,NoButton,Move,843.6328125,851.1875
458.18798089027405,458.18798089027405,NoButton,Move,840.4609375,853.44921875
458.1963150501251,458.1963150501251,NoButton,Move,837.2890625,855.7109375
458.20436811447144,458.20436811447144,NoButton,Move,833.6640625,857.51953125
458.21275901794434,458.21275901794434,NoButton,Move,830.6875,858.79296875
458.22083806991577,458.22083806991577,NoButton,Move,827.7109375,860.06640625
458.2293658256531,458.2293658256531,NoButton,Move,824.0859375,861.421875
458.2372579574585,458.2372579574585,NoButton,Move,821.109375,862.6953125
458.2463068962097,458.2463068962097,NoButton,Move,817.484375,864.05078125
458.25350284576416,458.25350284576416,NoButton,Move,813.15625,865.97265625
458.2626631259918,458.2626631259918,NoButton,Move,808.828125,867.4140625
458.26991391181946,458.26991391181946,NoButton,Move,804.5,869.3359375
458.2792239189148,458.2792239189148,NoButton,Move,799.4140625,871.3671875
458.28625988960266,458.28625988960266,NoButton,Move,795.0859375,873.2890625
458.2944140434265,458.2944140434265,NoButton,Move,789.18359375,874.89453125
458.3026330471039,458.3026330471039,NoButton,Move,784.09765625,876.41796875
458.3107838630676,458.3107838630676,NoButton,Move,779.01171875,877.94140625
458.31917095184326,458.31917095184326,NoButton,Move,773.109375,879.01171875
458.3272969722748,458.3272969722748,NoButton,Move,767.20703125,880.08203125
458.33545207977295,458.33545207977295,NoButton,Move,761.3046875,880.6171875
458.3436441421509,458.3436441421509,NoButton,Move,756.21875,881.125
458.3518440723419,458.3518440723419,NoButton,Move,751.1328125,881.6328125
458.35997796058655,458.35997796058655,NoButton,Move,746.8046875,882.11328125
458.3681261539459,458.3681261539459,NoButton,Move,744.421875,882.11328125
458.37638998031616,458.37638998031616,NoButton,Move,740.796875,882.11328125
458.3845589160919,458.3845589160919,NoButton,Move,737.171875,882.11328125
458.3927330970764,458.3927330970764,NoButton,Move,732.0859375,882.11328125
458.40113711357117,458.40113711357117,NoButton,Move,730.71875,882.11328125
458.4092299938202,458.4092299938202,NoButton,Move,728.3359375,882.11328125
458.4176959991455,458.4176959991455,NoButton,Move,724.0078125,881.1484375
458.42548394203186,458.42548394203186,NoButton,Move,721.625,880.3515625
458.4337639808655,458.4337639808655,NoButton,Move,720.2578125,880.0078125
458.44224095344543,458.44224095344543,NoButton,Move,717.875,879.2109375
458.4503231048584,458.4503231048584,NoButton,Move,715.4921875,878.4140625
458.4587490558624,458.4587490558624,NoButton,Move,713.64453125,877.671875
458.46664905548096,458.46664905548096,NoButton,Move,711.796875,876.9296875
458.47482109069824,458.47482109069824,NoButton,Move,710.4296875,876.24609375
458.4833528995514,458.4833528995514,NoButton,Move,709.0625,875.90234375
458.4912040233612,458.4912040233612,NoButton,Move,708.12109375,875.2734375
458.49898886680603,458.49898886680603,NoButton,Move,707.1796875,874.95703125
458.50756001472473,458.50756001472473,NoButton,Move,706.60546875,874.66796875
458.5161120891571,458.5161120891571,NoButton,Move,706.03125,874.37890625
458.5237400531769,458.5237400531769,NoButton,Move,705.76953125,874.1171875
458.53189301490784,458.53189301490784,NoButton,Move,705.48046875,873.54296875
458.54022693634033,458.54022693634033,NoButton,Move,705.48046875,873.28125
458.5481948852539,458.5481948852539,NoButton,Move,705.19140625,872.70703125
458.5568940639496,458.5568940639496,NoButton,Move,705.19140625,872.4453125
459.27718806266785,459.27718806266785,NoButton,Move,705.421875,872.4453125
459.2855908870697,459.2855908870697,NoButton,Move,707.265625,871.703125
459.29345512390137,459.29345512390137,NoButton,Move,708.7421875,870.22265625
459.30209493637085,459.30209493637085,NoButton,Move,710.5859375,869.11328125
459.310124874115,459.310124874115,NoButton,Move,713.1328125,866.98828125
459.31849217414856,459.31849217414856,NoButton,Move,715.25390625,864.86328125
459.3269741535187,459.3269741535187,NoButton,Move,718.6171875,861.9765625
459.33451890945435,459.33451890945435,NoButton,Move,721.33203125,859.2578125
459.34305000305176,459.34305000305176,NoButton,Move,727.53515625,853.05078125
459.351105928421,459.351105928421,NoButton,Move,732.046875,847.40625
459.3592529296875,459.3592529296875,NoButton,Move,737.375,841.48046875
459.3673598766327,459.3673598766327,NoButton,Move,742.3359375,834.03515625
459.37578415870667,459.37578415870667,NoButton,Move,748.16796875,826.25390625
459.3841691017151,459.3841691017151,NoButton,Move,753.3515625,817.82421875
459.39212679862976,459.39212679862976,NoButton,Move,759.4375,808.3515625
459.4000720977783,459.4000720977783,NoButton,Move,763.97265625,799.2734375
459.4086229801178,459.4086229801178,NoButton,Move,765.89453125,794.9453125
459.4163911342621,459.4163911342621,NoButton,Move,769.78125,785.8671875
459.4247920513153,459.4247920513153,NoButton,Move,772.7421875,778.1640625
459.4330961704254,459.4330961704254,NoButton,Move,775.109375,770.4609375
459.4413528442383,459.4413528442383,NoButton,Move,776.8828125,762.7578125
459.4492588043213,459.4492588043213,NoButton,Move,778.0078125,755.984375
459.4575138092041,459.4575138092041,NoButton,Move,779.1328125,749.2109375
459.4662251472473,459.4662251472473,NoButton,Move,779.66796875,743.30859375
459.47522807121277,459.47522807121277,NoButton,Move,780.03515625,741.4609375
459.4824960231781,459.4824960231781,NoButton,Move,780.515625,737.1328125
459.491544008255,459.491544008255,NoButton,Move,780.515625,734.15625
459.49899315834045,459.49899315834045,NoButton,Move,780.515625,731.78125
459.50937008857727,459.50937008857727,NoButton,Move,780.515625,729.3984375
459.5152428150177,459.5152428150177,NoButton,Move,780.515625,728.03125
459.5232059955597,459.5232059955597,NoButton,Move,780.515625,727.08984375
459.5313251018524,459.5313251018524,NoButton,Move,780.515625,726.1484375
459.53898787498474,459.53898787498474,NoButton,Move,780.515625,725.57421875
459.5472791194916,459.5472791194916,NoButton,Move,780.25390625,725.3125
459.55509400367737,459.55509400367737,NoButton,Move,779.6796875,725.0234375
459.5639419555664,459.5639419555664,NoButton,Move,779.10546875,724.734375
460.19506096839905,460.19506096839905,NoButton,Move,779.56640625,725.42578125
460.2060480117798,460.2060480117798,NoButton,Move,781.15234375,727.41015625
460.21135091781616,460.21135091781616,NoButton,Move,783.2734375,729.95703125
460.21885991096497,460.21885991096497,NoButton,Move,785.39453125,732.50390625
460.2298069000244,460.2298069000244,NoButton,Move,788.27734375,735.8671875
460.2353940010071,460.2353940010071,NoButton,Move,791.328125,739.93359375
460.24311113357544,460.24311113357544,NoButton,Move,794.2109375,743.296875
460.25115299224854,460.25115299224854,NoButton,Move,797.26171875,747.36328125
460.2591121196747,460.2591121196747,NoButton,Move,801.015625,752.1875
460.26739501953125,460.26739501953125,NoButton,Move,804.57421875,756.25390625
460.27551889419556,460.27551889419556,NoButton,Move,808.328125,761.078125
460.2840621471405,460.2840621471405,NoButton,Move,812.83984375,766.15625
460.2920858860016,460.2920858860016,NoButton,Move,817.3515625,771.234375
460.3003680706024,460.3003680706024,NoButton,Move,825.1015625,781.09765625
460.30843687057495,460.30843687057495,NoButton,Move,827.36328125,784.265625
460.31699299812317,460.31699299812317,NoButton,Move,832.69140625,790.1875
460.32556414604187,460.32556414604187,NoButton,Move,838.01953125,796.109375
460.33352494239807,460.33352494239807,NoButton,Move,842.53125,801.75
460.3415389060974,460.3415389060974,NoButton,Move,847.04296875,807.390625
460.3498148918152,460.3498148918152,NoButton,Move,851.5546875,813.03125
460.3579077720642,460.3579077720642,NoButton,Move,855.30859375,817.85546875
460.36611795425415,460.36611795425415,NoButton,Move,858.359375,822.4296875
460.37411189079285,460.37411189079285,NoButton,Move,859.09765625,824.2734375
460.38247895240784,460.38247895240784,NoButton,Move,861.5,828.1171875
460.3905608654022,460.3905608654022,NoButton,Move,862.7734375,831.08984375
460.39859914779663,460.39859914779663,NoButton,Move,863.9609375,833.46875
460.4071011543274,460.4071011543274,NoButton,Move,864.35546875,835.84765625
460.41536712646484,460.41536712646484,NoButton,Move,864.72265625,837.69140625
460.42366886138916,460.42366886138916,NoButton,Move,865.08984375,839.53515625
460.4314820766449,460.4314820766449,NoButton,Move,865.08984375,841.37890625
460.4395749568939,460.4395749568939,NoButton,Move,865.08984375,842.7421875
460.44779205322266,460.44779205322266,NoButton,Move,864.69140625,845.12109375
460.45611786842346,460.45611786842346,NoButton,Move,863.58203125,846.59765625
460.4643099308014,460.4643099308014,NoButton,Move,861.45703125,848.71875
460.47252917289734,460.47252917289734,NoButton,Move,859.33203125,850.83984375
460.48082304000854,460.48082304000854,NoButton,Move,857.20703125,852.9609375
460.48887491226196,460.48887491226196,NoButton,Move,854.65625,854.66015625
460.4973499774933,460.4973499774933,NoButton,Move,851.484375,856.921875
460.5065760612488,460.5065760612488,NoButton,Move,848.3125,859.18359375
460.51382207870483,460.51382207870483,NoButton,Move,845.140625,860.9921875
460.52208399772644,460.52208399772644,NoButton,Move,841.96875,862.80078125
460.53010392189026,460.53010392189026,NoButton,Move,838.34375,864.15625
460.53897404670715,460.53897404670715,NoButton,Move,834.71875,865.51171875
460.546443939209,460.546443939209,NoButton,Move,831.09375,866.4140625
460.55552101135254,460.55552101135254,NoButton,Move,827.46875,867.31640625
460.56285405158997,460.56285405158997,NoButton,Move,823.84375,867.765625
460.5714430809021,460.5714430809021,NoButton,Move,819.515625,868.7265625
460.5791778564453,460.5791778564453,NoButton,Move,815.890625,869.17578125
460.58873200416565,460.58873200416565,NoButton,Move,811.5625,869.65625
460.5958869457245,460.5958869457245,NoButton,Move,806.4765625,870.1640625
460.6053647994995,460.6053647994995,NoButton,Move,802.1484375,870.1640625
460.6113929748535,460.6113929748535,NoButton,Move,797.8203125,870.64453125
460.6215169429779,460.6215169429779,NoButton,Move,793.4921875,870.64453125
460.6290249824524,460.6290249824524,NoButton,Move,788.40625,871.15234375
460.63738894462585,460.63738894462585,NoButton,Move,784.78125,871.15234375
460.64526104927063,460.64526104927063,NoButton,Move,780.453125,871.15234375
460.65268301963806,460.65268301963806,NoButton,Move,776.828125,871.15234375
460.6616208553314,460.6616208553314,NoButton,Move,773.203125,871.15234375
460.66923093795776,460.66923093795776,NoButton,Move,769.578125,871.15234375
460.6816580295563,460.6816580295563,NoButton,Move,767.73046875,871.15234375
460.6851370334625,460.6851370334625,NoButton,Move,763.40234375,871.15234375
460.6931929588318,460.6931929588318,NoButton,Move,762.03515625,871.15234375
460.7012450695038,460.7012450695038,NoButton,Move,756.94921875,871.15234375
460.70987200737,460.70987200737,NoButton,Move,753.97265625,871.15234375
461.0379538536072,461.0379538536072,NoButton,Move,754.43359375,871.15234375
461.04550099372864,461.04550099372864,NoButton,Move,755.37109375,871.15234375
461.05420899391174,461.05420899391174,NoButton,Move,756.734375,871.15234375
461.0639138221741,461.0639138221741,NoButton,Move,758.09765625,871.15234375
461.07125902175903,461.07125902175903,NoButton,Move,759.4609375,871.15234375
461.0788640975952,461.0788640975952,NoButton,Move,760.3984375,871.15234375
461.08854699134827,461.08854699134827,NoButton,Move,761.76171875,871.15234375
461.09612679481506,461.09612679481506,NoButton,Move,762.69921875,871.15234375
461.1037790775299,461.1037790775299,NoButton,Move,764.0625,871.15234375
461.11186814308167,461.11186814308167,NoButton,Move,765.42578125,871.15234375
461.12143206596375,461.12143206596375,NoButton,Move,767.26953125,871.15234375
461.1300687789917,461.1300687789917,NoButton,Move,769.11328125,870.78125
461.1358251571655,461.1358251571655,NoButton,Move,770.95703125,870.0390625
461.14502215385437,461.14502215385437,NoButton,Move,772.80078125,869.296875
461.15259313583374,461.15259313583374,NoButton,Move,774.64453125,868.5546875
461.16189885139465,461.16189885139465,NoButton,Move,776.12109375,867.4453125
461.16898703575134,461.16898703575134,NoButton,Move,777.59765625,866.3359375
461.1766948699951,461.1766948699951,NoButton,Move,779.07421875,864.85546875
461.1850609779358,461.1850609779358,NoButton,Move,780.1796875,863.375
461.1932621002197,461.1932621002197,NoButton,Move,781.203125,862.34765625
461.20133805274963,461.20133805274963,NoButton,Move,782.30859375,860.5
461.21141505241394,461.21141505241394,NoButton,Move,782.98828125,859.1328125
461.21803402900696,461.21803402900696,NoButton,Move,783.66796875,857.765625
461.2257571220398,461.2257571220398,NoButton,Move,784.03515625,855.91796875
461.31041979789734,461.31041979789734,NoButton,Move,784.40234375,854.0703125
461.3104500770569,461.3104500770569,NoButton,Move,784.76953125,852.22265625
461.31047010421753,461.31047010421753,NoButton,Move,785.13671875,850.375
461.31048798561096,461.31048798561096,NoButton,Move,785.13671875,847.9921875
461.31050419807434,461.31050419807434,NoButton,Move,785.13671875,846.14453125
461.31051993370056,461.31051993370056,NoButton,Move,785.13671875,842.51953125
461.31053495407104,461.31053495407104,NoButton,Move,785.13671875,841.15234375
461.3105499744415,461.3105499744415,NoButton,Move,785.13671875,836.82421875
461.3105640411377,461.3105640411377,NoButton,Move,784.33984375,834.44140625
461.3105797767639,461.3105797767639,NoButton,Move,783.65625,833.07421875
461.31485414505005,461.31485414505005,NoButton,Move,782.859375,830.69140625
461.32283902168274,461.32283902168274,NoButton,Move,781.75,828.84375
461.331130027771,461.331130027771,NoButton,Move,780.640625,826.99609375
461.33932518959045,461.33932518959045,NoButton,Move,779.53125,825.1484375
461.34755301475525,461.34755301475525,NoButton,Move,778.421875,823.30078125
461.3558919429779,461.3558919429779,NoButton,Move,776.296875,820.75
461.3640489578247,461.3640489578247,NoButton,Move,774.70703125,818.76171875
461.3721168041229,461.3721168041229,NoButton,Move,773.2265625,817.28125
461.38027596473694,461.38027596473694,NoButton,Move,771.1015625,815.15625
461.38840889930725,461.38840889930725,NoButton,Move,768.9765625,813.03125
461.3966791629791,461.3966791629791,NoButton,Move,766.2578125,810.3125
461.4049050807953,461.4049050807953,NoButton,Move,763.5390625,807.59375
461.4136700630188,461.4136700630188,NoButton,Move,759.46875,804.5390625
461.4212110042572,461.4212110042572,NoButton,Move,756.296875,802.2734375
461.4294550418854,461.4294550418854,NoButton,Move,751.71875,799.21875
461.43764185905457,461.43764185905457,NoButton,Move,747.140625,796.1640625
461.44866609573364,461.44866609573364,NoButton,Move,739.07421875,791.8203125
461.4540469646454,461.4540469646454,NoButton,Move,731.37109375,788.85546875
461.4632680416107,461.4632680416107,NoButton,Move,722.68359375,786.37109375
461.47055292129517,461.47055292129517,NoButton,Move,704.0859375,782.98828125
461.48082304000854,461.48082304000854,NoButton,Move,688.3046875,781.41015625
461.4869050979614,461.4869050979614,NoButton,Move,668.2109375,780.53515625
461.49499797821045,461.49499797821045,NoButton,Move,643.29296875,780.53515625
461.50323700904846,461.50323700904846,NoButton,Move,616.65234375,780.53515625
461.5131540298462,461.5131540298462,NoButton,Move,588.23046875,783.578125
461.51959013938904,461.51959013938904,NoButton,Move,561.58984375,789.49609375
461.5278670787811,461.5278670787811,NoButton,Move,536.671875,795.2421875
461.5360140800476,461.5360140800476,NoButton,Move,525.84765625,798.62109375
461.5442228317261,461.5442228317261,NoButton,Move,505.10546875,805.83203125
461.5535988807678,461.5535988807678,NoButton,Move,489.32421875,810.5625
461.56201004981995,461.56201004981995,NoButton,Move,483.11328125,813.3828125
461.56921005249023,461.56921005249023,NoButton,Move,470.65625,817.77734375
461.5792119503021,461.5792119503021,NoButton,Move,461.96875,820.87890625
461.58614206314087,461.58614206314087,NoButton,Move,454.859375,824.4296875
461.5952191352844,461.5952191352844,NoButton,Move,449.7734375,826.4609375
462.0976228713989,462.0976228713989,NoButton,Move,450.234375,826.4609375
462.10187578201294,462.10187578201294,NoButton,Move,452.078125,826.4609375
462.11001110076904,462.11001110076904,NoButton,Move,453.921875,826.4609375
462.1180980205536,462.1180980205536,NoButton,Move,455.765625,826.4609375
462.12621092796326,462.12621092796326,NoButton,Move,457.609375,826.4609375
462.1345019340515,462.1345019340515,NoButton,Move,459.453125,826.4609375
462.14259600639343,462.14259600639343,NoButton,Move,461.296875,826.4609375
462.15330696105957,462.15330696105957,NoButton,Move,463.140625,826.4609375
462.1585919857025,462.1585919857025,NoButton,Move,464.984375,826.4609375
462.16757893562317,462.16757893562317,NoButton,Move,466.828125,826.828125
462.1756989955902,462.1756989955902,NoButton,Move,468.19140625,826.828125
462.1838490962982,462.1838490962982,NoButton,Move,469.5546875,826.828125
462.19245409965515,462.19245409965515,NoButton,Move,470.91796875,826.828125
462.20077109336853,462.20077109336853,NoButton,Move,471.85546875,826.828125
462.20853996276855,462.20853996276855,NoButton,Move,472.79296875,827.140625
462.217257976532,462.217257976532,NoButton,Move,473.36328125,827.140625
462.2242999076843,462.2242999076843,NoButton,Move,473.93359375,827.140625
462.23312187194824,462.23312187194824,NoButton,Move,474.19140625,827.140625
462.24158787727356,462.24158787727356,NoButton,Move,474.44921875,827.140625
462.24912905693054,462.24912905693054,NoButton,Move,474.70703125,827.140625
462.2572979927063,462.2572979927063,NoButton,Move,474.96484375,827.140625
462.2659549713135,462.2659549713135,NoButton,Move,475.22265625,827.140625
462.273964881897,462.273964881897,NoButton,Move,475.48046875,827.140625
462.3231270313263,462.3231270313263,NoButton,Move,475.71484375,827.140625
462.41334891319275,462.41334891319275,NoButton,Move,475.48046875,827.140625
462.4210548400879,462.4210548400879,NoButton,Move,475.21875,827.140625
462.42920207977295,462.42920207977295,NoButton,Move,474.64453125,827.140625
462.4378640651703,462.4378640651703,NoButton,Move,474.0703125,827.140625
462.4462869167328,462.4462869167328,NoButton,Move,473.49609375,827.140625
462.4553909301758,462.4553909301758,NoButton,Move,472.921875,827.140625
462.4626431465149,462.4626431465149,NoButton,Move,472.34765625,827.140625
462.4701189994812,462.4701189994812,NoButton,Move,471.40625,827.140625
462.4777948856354,462.4777948856354,NoButton,Move,470.83203125,827.140625
462.48631501197815,462.48631501197815,NoButton,Move,470.2578125,827.140625
462.49510288238525,462.49510288238525,NoButton,Move,469.31640625,827.140625
462.5025169849396,462.5025169849396,NoButton,Move,468.7421875,827.140625
462.5118350982666,462.5118350982666,NoButton,Move,468.16796875,827.140625
462.5251929759979,462.5251929759979,NoButton,Move,467.2265625,827.140625
462.5264768600464,462.5264768600464,NoButton,Move,466.28515625,827.140625
462.5347669124603,462.5347669124603,NoButton,Move,465.34375,827.140625
462.5430021286011,462.5430021286011,NoButton,Move,464.40234375,827.140625
462.5512080192566,462.5512080192566,NoButton,Move,463.03515625,827.48046875
462.55995297431946,462.55995297431946,NoButton,Move,462.09375,827.79296875
462.56805896759033,462.56805896759033,NoButton,Move,460.7265625,827.79296875
462.57628107070923,462.57628107070923,NoButton,Move,459.78515625,828.10546875
462.58438897132874,462.58438897132874,NoButton,Move,458.84375,828.10546875
462.59315395355225,462.59315395355225,NoButton,Move,457.90234375,828.41796875
462.60103487968445,462.60103487968445,NoButton,Move,457.328125,828.41796875
462.60953092575073,462.60953092575073,NoButton,Move,456.38671875,828.41796875
462.6194558143616,462.6194558143616,NoButton,Move,456.125,828.67578125
462.62600803375244,462.62600803375244,NoButton,Move,455.86328125,828.67578125
462.6341509819031,462.6341509819031,NoButton,Move,455.6015625,828.67578125
462.73248505592346,462.73248505592346,Left,Pressed,455.6015625,828.67578125
462.9652600288391,462.9652600288391,NoButton,Move,456.40234375,828.67578125
462.98182010650635,462.98182010650635,NoButton,Move,461.55859375,828.67578125
462.998575925827,462.998575925827,NoButton,Move,472.99609375,828.67578125
463.01507592201233,463.01507592201233,NoButton,Move,490.46875,829.75390625
463.03176498413086,463.03176498413086,NoButton,Move,513.97265625,833.2734375
463.0484240055084,463.0484240055084,NoButton,Move,546.96484375,839.40234375
463.06518387794495,463.06518387794495,NoButton,Move,581.3984375,845.96484375
463.08198499679565,463.08198499679565,NoButton,Move,612.08203125,852.45703125
463.09867215156555,463.09867215156555,NoButton,Move,639.6875,858.99609375
463.1154029369354,463.1154029369354,NoButton,Move,662.23046875,864.9609375
463.13204193115234,463.13204193115234,NoButton,Move,682.84375,870.33984375
463.1492519378662,463.1492519378662,NoButton,Move,699.890625,874.453125
463.1654498577118,463.1654498577118,NoButton,Move,710.90234375,876.953125
463.18307089805603,463.18307089805603,NoButton,Move,717.52734375,878.12890625
463.19846296310425,463.19846296310425,NoButton,Move,722.48046875,878.9453125
463.21535897254944,463.21535897254944,NoButton,Move,725.16796875,879.32421875
463.23161602020264,463.23161602020264,NoButton,Move,726.4296875,879.33984375
463.2492311000824,463.2492311000824,NoButton,Move,727.09765625,879.33984375
463.2649509906769,463.2649509906769,NoButton,Move,727.484375,879.33984375
463.2837359905243,463.2837359905243,NoButton,Move,728.09375,879.3125
463.29890298843384,463.29890298843384,NoButton,Move,729.98046875,878.71875
463.3163070678711,463.3163070678711,NoButton,Move,732.62109375,877.6015625
463.3321158885956,463.3321158885956,NoButton,Move,735.46484375,876.35546875
463.34862208366394,463.34862208366394,NoButton,Move,738.19140625,875.046875
463.3653359413147,463.3653359413147,NoButton,Move,740.06640625,874.12890625
463.3826479911804,463.3826479911804,NoButton,Move,741.1953125,873.55078125
463.3984990119934,463.3984990119934,NoButton,Move,741.8203125,873.14453125
463.41521406173706,463.41521406173706,NoButton,Move,742.28515625,872.9375
463.4321439266205,463.4321439266205,NoButton,Move,742.4921875,872.7890625
463.5990860462189,463.5990860462189,Left,Released,742.4921875,872.7890625
463.81251406669617,463.81251406669617,NoButton,Move,743.65625,872.7890625
463.82001304626465,463.82001304626465,NoButton,Move,745.01953125,872.7890625
463.8286728858948,463.8286728858948,NoButton,Move,746.3828125,872.7890625
463.8368549346924,463.8368549346924,NoButton,Move,748.2265625,872.7890625
463.84524297714233,463.84524297714233,NoButton,Move,749.58984375,872.7890625
463.853178024292,463.853178024292,NoButton,Move,751.96875,872.7890625
463.86138701438904,463.86138701438904,NoButton,Move,754.34765625,872.7890625
463.86960911750793,463.86960911750793,NoButton,Move,756.7265625,872.7890625
463.8778569698334,463.8778569698334,NoButton,Move,758.5703125,872.7890625
463.8858358860016,463.8858358860016,NoButton,Move,759.93359375,872.7890625
463.8939878940582,463.8939878940582,NoButton,Move,761.296875,872.7890625
463.9022150039673,463.9022150039673,NoButton,Move,762.66015625,872.7890625
463.9097239971161,463.9097239971161,NoButton,Move,763.23046875,872.7890625
463.91807103157043,463.91807103157043,NoButton,Move,763.80078125,872.7890625
463.92611503601074,463.92611503601074,NoButton,Move,764.05859375,872.7890625
463.93449997901917,463.93449997901917,NoButton,Move,764.62890625,872.7890625
463.9649908542633,463.9649908542633,Left,Pressed,764.62890625,872.7890625
463.9650101661682,463.9650101661682,NoButton,Move,764.75,872.7890625
464.04849100112915,464.04849100112915,Left,Released,764.75,872.7890625
464.5822629928589,464.5822629928589,Left,Pressed,764.75,872.7890625
464.78173995018005,464.78173995018005,NoButton,Move,764.01171875,872.703125
464.798259973526,464.798259973526,NoButton,Move,760.0078125,871.375
464.8151741027832,464.8151741027832,NoButton,Move,752.80078125,868.953125
464.831661939621,464.831661939621,NoButton,Move,741.65625,866.05078125
464.8482689857483,464.8482689857483,NoButton,Move,727.125,862.71484375
464.864953994751,464.864953994751,NoButton,Move,709.78125,859.2421875
464.8817958831787,464.8817958831787,NoButton,Move,691.25,855.69140625
464.8983452320099,464.8983452320099,NoButton,Move,674.71484375,852.2734375
464.9150800704956,464.9150800704956,NoButton,Move,657.8515625,848.65234375
464.9320969581604,464.9320969581604,NoButton,Move,641.03515625,845.453125
464.9486198425293,464.9486198425293,NoButton,Move,626.359375,843.0078125
464.96528601646423,464.96528601646423,NoButton,Move,614.31640625,841.2890625
464.98202896118164,464.98202896118164,NoButton,Move,604.76171875,840.18359375
464.99865198135376,464.99865198135376,NoButton,Move,597.0859375,839.34375
465.015496969223,465.015496969223,NoButton,Move,591.359375,838.640625
465.0320019721985,465.0320019721985,NoButton,Move,586.1953125,837.9921875
465.04840207099915,465.04840207099915,NoButton,Move,580.90625,837.34375
465.0655519962311,465.0655519962311,NoButton,Move,575.4453125,836.7109375
465.08257818222046,465.08257818222046,NoButton,Move,569.69140625,836.2734375
465.0990090370178,465.0990090370178,NoButton,Move,563.93359375,835.84765625
465.11560583114624,465.11560583114624,NoButton,Move,557.48828125,835.38671875
465.13192105293274,465.13192105293274,NoButton,Move,550.421875,834.72265625
465.14896988868713,465.14896988868713,NoButton,Move,543.34765625,834.03515625
465.1656150817871,465.1656150817871,NoButton,Move,536.21484375,833.3125
465.18218302726746,465.18218302726746,NoButton,Move,528.51953125,832.09375
465.1991341114044,465.1991341114044,NoButton,Move,521.58984375,830.671875
465.215665102005,465.215665102005,NoButton,Move,515.68359375,829.3671875
465.23232984542847,465.23232984542847,NoButton,Move,510.71875,828.02734375
465.24879717826843,465.24879717826843,NoButton,Move,506.97265625,826.7109375
465.26503896713257,465.26503896713257,NoButton,Move,504.1015625,825.4296875
465.2817499637604,465.2817499637604,NoButton,Move,501.83203125,824.0
465.2984690666199,465.2984690666199,NoButton,Move,499.2109375,822.0078125
465.31504917144775,465.31504917144775,NoButton,Move,495.98828125,819.2890625
465.3319249153137,465.3319249153137,NoButton,Move,492.30859375,815.91015625
465.3484959602356,465.3484959602356,NoButton,Move,488.6796875,812.375
465.3652799129486,465.3652799129486,NoButton,Move,484.74609375,808.234375
465.381875038147,465.381875038147,NoButton,Move,480.9453125,803.828125
465.3987729549408,465.3987729549408,NoButton,Move,477.66015625,799.890625
465.4153220653534,465.4153220653534,NoButton,Move,474.21484375,795.8359375
465.4321188926697,465.4321188926697,NoButton,Move,471.203125,792.2421875
465.44876503944397,465.44876503944397,NoButton,Move,468.5625,789.375
465.4655079841614,465.4655079841614,NoButton,Move,466.2421875,787.1953125
465.4819779396057,465.4819779396057,NoButton,Move,464.23828125,785.49609375
465.49892711639404,465.49892711639404,NoButton,Move,462.46875,784.19140625
465.5157039165497,465.5157039165497,NoButton,Move,461.109375,783.28515625
465.5321340560913,465.5321340560913,NoButton,Move,460.10546875,782.57421875
465.5484519004822,465.5484519004822,NoButton,Move,459.42578125,782.16796875
465.7329030036926,465.7329030036926,NoButton,Move,458.59375,781.83984375
465.7486250400543,465.7486250400543,NoButton,Move,456.44140625,780.7890625
465.765517950058,465.765517950058,NoButton,Move,450.47265625,777.359375
465.7821547985077,465.7821547985077,NoButton,Move,440.82421875,771.53515625
465.79842805862427,465.79842805862427,NoButton,Move,429.58984375,765.125
465.8152060508728,465.8152060508728,NoButton,Move,417.640625,758.94921875
465.83186197280884,465.83186197280884,NoButton,Move,408.15625,754.51171875
465.84849977493286,465.84849977493286,NoButton,Move,401.40625,751.9140625
465.86525416374207,465.86525416374207,NoButton,Move,395.84375,750.08203125
465.881991147995,465.881991147995,NoButton,Move,392.24609375,749.08203125
465.89880108833313,465.89880108833313,NoButton,Move,390.0,748.57421875
465.91604495048523,465.91604495048523,NoButton,Move,388.5859375,748.3828125
465.93219089508057,465.93219089508057,NoButton,Move,387.9140625,748.359375
465.99893403053284,465.99893403053284,NoButton,Move,387.5390625,748.359375
466.01512479782104,466.01512479782104,NoButton,Move,387.3046875,748.359375
466.03217601776123,466.03217601776123,NoButton,Move,387.09765625,748.359375
466.0486078262329,466.0486078262329,NoButton,Move,386.85546875,748.359375
466.0651910305023,466.0651910305023,NoButton,Move,386.5078125,748.359375
466.0819480419159,466.0819480419159,NoButton,Move,386.14453125,748.359375
466.09856700897217,466.09856700897217,NoButton,Move,385.75390625,748.48828125
466.1151988506317,466.1151988506317,NoButton,Move,385.07421875,748.796875
466.1319568157196,466.1319568157196,NoButton,Move,384.390625,749.23828125
466.1489210128784,466.1489210128784,NoButton,Move,383.86328125,749.6328125
466.1650769710541,466.1650769710541,NoButton,Move,383.3359375,749.9765625
466.1821129322052,466.1821129322052,NoButton,Move,382.80859375,750.37109375
466.1984260082245,466.1984260082245,NoButton,Move,382.28125,750.7578125
466.21515107154846,466.21515107154846,NoButton,Move,381.8203125,751.15234375
466.23210096359253,466.23210096359253,NoButton,Move,381.421875,751.609375
466.2484860420227,466.2484860420227,NoButton,Move,380.95703125,752.1328125
466.2651319503784,466.2651319503784,NoButton,Move,380.421875,752.75390625
466.28194403648376,466.28194403648376,NoButton,Move,379.87890625,753.43359375
466.2990481853485,466.2990481853485,NoButton,Move,379.421875,754.171875
466.31555700302124,466.31555700302124,NoButton,Move,379.0,754.96484375
466.3318359851837,466.3318359851837,NoButton,Move,378.62890625,755.64453125
466.34849405288696,466.34849405288696,NoButton,Move,378.45703125,756.21484375
466.4470229148865,466.4470229148865,NoButton,Move,378.42578125,756.7421875
466.4470660686493,466.4470660686493,NoButton,Move,378.42578125,757.265625
466.4470970630646,466.4470970630646,NoButton,Move,378.42578125,757.65625
466.44713497161865,466.44713497161865,NoButton,Move,378.42578125,757.91015625
466.447163105011,466.447163105011,NoButton,Move,378.42578125,758.09765625
466.44811511039734,466.44811511039734,NoButton,Move,378.5078125,758.2734375
466.46481704711914,466.46481704711914,NoButton,Move,378.7578125,758.46484375
466.48142981529236,466.48142981529236,NoButton,Move,379.0703125,758.67578125
466.4982759952545,466.4982759952545,NoButton,Move,379.359375,758.953125
466.5148298740387,466.5148298740387,NoButton,Move,379.734375,759.19921875
466.5481960773468,466.5481960773468,NoButton,Move,380.140625,759.484375
466.56486105918884,466.56486105918884,NoButton,Move,380.515625,759.73046875
466.5982141494751,466.5982141494751,NoButton,Move,380.89453125,759.875
466.61491298675537,466.61491298675537,NoButton,Move,381.0859375,760.05859375
466.631539106369,466.631539106369,NoButton,Move,381.2578125,760.1953125
466.66499304771423,466.66499304771423,NoButton,Move,381.53515625,760.30078125
466.6816029548645,466.6816029548645,NoButton,Move,381.6953125,760.38671875
466.7318549156189,466.7318549156189,NoButton,Move,381.80859375,760.55859375
466.74872493743896,466.74872493743896,NoButton,Move,382.01171875,760.71484375
466.7651948928833,466.7651948928833,NoButton,Move,382.21875,760.72265625
466.94857001304626,466.94857001304626,NoButton,Move,382.21484375,760.59765625
466.9821181297302,466.9821181297302,NoButton,Move,381.88671875,760.2265625
466.99872493743896,466.99872493743896,NoButton,Move,381.49609375,759.8359375
467.015300989151,467.015300989151,NoButton,Move,381.09375,759.43359375
467.03182888031006,467.03182888031006,NoButton,Move,380.6953125,758.75
467.04922890663147,467.04922890663147,NoButton,Move,380.46484375,758.10546875
467.04939007759094,467.04939007759094,Left,Released,380.46484375,758.10546875
468.86384201049805,468.86384201049805,NoButton,Move,382.3125,757.640625
468.8708567619324,468.8708567619324,NoButton,Move,386.88671875,755.09765625
468.88009309768677,468.88009309768677,NoButton,Move,392.52734375,750.58203125
468.88729786872864,468.88729786872864,NoButton,Move,400.3046875,744.09765625
468.8969728946686,468.8969728946686,NoButton,Move,409.4609375,736.34375
468.90380787849426,468.90380787849426,NoButton,Move,427.078125,720.578125
468.91427087783813,468.91427087783813,NoButton,Move,463.46484375,685.48828125
468.92035388946533,468.92035388946533,NoButton,Move,491.23046875,657.71875
468.93092799186707,468.93092799186707,NoButton,Move,520.36328125,626.15625
468.93683195114136,468.93683195114136,NoButton,Move,549.8984375,591.69140625
468.9450240135193,468.9450240135193,NoButton,Move,579.12890625,554.83203125
468.95331501960754,468.95331501960754,NoButton,Move,607.08984375,516.69921875
468.9609489440918,468.9609489440918,NoButton,Move,618.8125,497.76171875
468.9696660041809,468.9696660041809,NoButton,Move,641.17578125,458.0
468.9773359298706,468.9773359298706,NoButton,Move,659.3828125,419.15234375
468.9858589172363,468.9858589172363,NoButton,Move,676.375,379.08984375
468.99370193481445,468.99370193481445,NoButton,Move,688.2265625,339.96875
469.00233483314514,469.00233483314514,NoButton,Move,697.25390625,303.85546875
469.00996494293213,469.00996494293213,NoButton,Move,703.03515625,265.671875
469.01861119270325,469.01861119270325,NoButton,Move,705.2890625,229.55859375
469.0263421535492,469.0263421535492,NoButton,Move,705.2890625,197.40625
469.0362069606781,469.0362069606781,NoButton,Move,705.2890625,197.40625
469.0365560054779,469.0365560054779,NoButton,Move,705.2890625,165.25390625
469.0866470336914,469.0866470336914,NoButton,Move,702.46875,153.2734375
469.0866799354553,469.0866799354553,NoButton,Move,694.80078125,129.3125
469.0867030620575,469.0867030620575,NoButton,Move,685.78125,109.47265625
469.0867249965668,469.0867249965668,NoButton,Move,675.97265625,94.76171875
469.08675384521484,469.08675384521484,NoButton,Move,665.3203125,84.109375
469.0867700576782,469.0867700576782,NoButton,Move,660.7421875,81.56640625
469.09163212776184,469.09163212776184,NoButton,Move,645.21484375,73.39453125
469.09971284866333,469.09971284866333,NoButton,Move,634.390625,72.71484375
469.1078989505768,469.1078989505768,NoButton,Move,623.56640625,72.71484375
469.1161320209503,469.1161320209503,NoButton,Move,613.83984375,75.953125
469.1387460231781,469.1387460231781,NoButton,Move,594.30859375,89.90234375
469.13877296447754,469.13877296447754,NoButton,Move,582.47265625,104.26953125
469.14051389694214,469.14051389694214,NoButton,Move,569.84765625,122.30078125
469.1670069694519,469.1670069694519,NoButton,Move,557.38671875,144.33984375
470.5008239746094,470.5008239746094,NoButton,Move,557.38671875,143.875
470.5079839229584,470.5079839229584,NoButton,Move,559.37109375,142.28515625
470.56978392601013,470.56978392601013,NoButton,Move,562.51171875,140.0390625
470.56985902786255,470.56985902786255,NoButton,Move,566.578125,136.984375
470.5698800086975,470.5698800086975,NoButton,Move,574.35546875,131.1484375
470.56989789009094,470.56989789009094,NoButton,Move,583.82421875,125.05859375
470.5699188709259,470.5699188709259,NoButton,Move,602.7578125,113.33203125
470.5699360370636,470.5699360370636,NoButton,Move,618.28125,104.34375
470.5699529647827,470.5699529647827,NoButton,Move,627.35546875,100.453125
470.5699670314789,470.5699670314789,NoButton,Move,627.35546875,100.453125
470.5733439922333,470.5733439922333,NoButton,Move,657.359375,87.58984375
470.58167481422424,470.58167481422424,NoButton,Move,679.6796875,81.078125
470.5897090435028,470.5897090435028,NoButton,Move,690.5,78.37109375
470.59889101982117,470.59889101982117,NoButton,Move,725.48046875,69.33984375
470.6059250831604,470.6059250831604,NoButton,Move,748.73046875,66.546875
470.6140670776367,470.6140670776367,NoButton,Move,759.55078125,65.19140625
470.62228083610535,470.62228083610535,NoButton,Move,778.14453125,63.5
470.63039088249207,470.63039088249207,NoButton,Move,796.73828125,62.65234375
470.6385090351105,470.6385090351105,NoButton,Move,813.89453125,61.83203125
470.6467990875244,470.6467990875244,NoButton,Move,819.79296875,61.83203125
470.6549711227417,470.6549711227417,NoButton,Move,831.76953125,61.83203125
470.6631729602814,470.6631729602814,NoButton,Move,835.390625,61.83203125
470.67140007019043,470.67140007019043,NoButton,Move,842.16015625,61.83203125
470.67959213256836,470.67959213256836,NoButton,Move,848.05859375,61.83203125
470.6877028942108,470.6877028942108,NoButton,Move,851.6796875,61.83203125
470.6958758831024,470.6958758831024,NoButton,Move,854.05859375,61.83203125
470.70423889160156,470.70423889160156,NoButton,Move,855.90234375,62.19921875
470.7125108242035,470.7125108242035,NoButton,Move,856.83984375,62.19921875
470.7206320762634,470.7206320762634,NoButton,Move,857.09765625,62.45703125
470.7291078567505,470.7291078567505,NoButton,Move,857.35546875,62.45703125
470.7369840145111,470.7369840145111,NoButton,Move,857.61328125,62.71484375
470.75375604629517,470.75375604629517,NoButton,Move,857.61328125,62.95703125
470.7631289958954,470.7631289958954,NoButton,Move,857.61328125,63.21484375
470.7811071872711,470.7811071872711,NoButton,Move,856.79296875,63.484375
470.7867932319641,470.7867932319641,NoButton,Move,855.8515625,63.796875
470.7951011657715,470.7951011657715,NoButton,Move,853.46875,64.19140625
470.8043370246887,470.8043370246887,NoButton,Move,851.0859375,64.5859375
470.811870098114,470.811870098114,NoButton,Move,847.4609375,65.03515625
470.8188500404358,470.8188500404358,NoButton,Move,840.6875,65.59765625
470.82775592803955,470.82775592803955,NoButton,Move,832.9921875,66.1875
470.835746049881,470.835746049881,NoButton,Move,815.83203125,66.1875
470.8444221019745,470.8444221019745,NoButton,Move,785.57421875,66.1875
470.851753950119,470.851753950119,NoButton,Move,755.31640625,66.1875
470.86013984680176,470.86013984680176,NoButton,Move,712.828125,63.7578125
470.86791706085205,470.86791706085205,NoButton,Move,661.02734375,61.09765625
470.87600088119507,470.87600088119507,NoButton,Move,599.0,59.65234375
470.88424015045166,470.88424015045166,NoButton,Move,534.328125,59.65234375
470.8926839828491,470.8926839828491,NoButton,Move,469.65625,59.65234375
470.900897026062,470.900897026062,NoButton,Move,410.26171875,59.65234375
470.9088089466095,470.9088089466095,NoButton,Move,388.6171875,59.65234375
470.91716384887695,470.91716384887695,NoButton,Move,346.12890625,64.5078125
470.92543292045593,470.92543292045593,NoButton,Move,331.671875,66.02734375
470.93365383148193,470.93365383148193,NoButton,Move,303.25,70.0859375
470.9420530796051,470.9420530796051,NoButton,Move,293.5234375,71.37890625
470.95018887519836,470.95018887519836,NoButton,Move,274.92578125,73.9140625
470.95845103263855,470.95845103263855,NoButton,Move,260.46875,75.43359375
470.96684312820435,470.96684312820435,NoButton,Move,249.69140625,76.77734375
470.975301027298,470.975301027298,NoButton,Move,241.00390625,77.39453125
470.98332500457764,470.98332500457764,NoButton,Move,238.02734375,77.81640625
470.99162697792053,470.99162697792053,NoButton,Move,232.94140625,77.81640625
470.9995701313019,470.9995701313019,NoButton,Move,229.96484375,77.81640625
471.00792479515076,471.00792479515076,NoButton,Move,227.58203125,77.81640625
471.0163629055023,471.0163629055023,NoButton,Move,225.734375,77.81640625
471.02438402175903,471.02438402175903,NoButton,Move,224.79296875,77.81640625
471.03241896629333,471.03241896629333,NoButton,Move,223.8515625,77.81640625
471.04065918922424,471.04065918922424,NoButton,Move,223.58984375,77.81640625
471.04880714416504,471.04880714416504,NoButton,Move,223.328125,77.81640625
471.0577938556671,471.0577938556671,NoButton,Move,222.75390625,77.81640625
471.0666139125824,471.0666139125824,NoButton,Move,222.4921875,77.5546875
471.0741181373596,471.0741181373596,NoButton,Move,222.203125,76.98046875
471.08244800567627,471.08244800567627,NoButton,Move,221.62890625,76.40625
471.09097599983215,471.09097599983215,NoButton,Move,220.6015625,75.37890625
471.0988540649414,471.0988540649414,NoButton,Move,219.859375,73.53125
471.10752296447754,471.10752296447754,NoButton,Move,218.75,71.68359375
471.11550879478455,471.11550879478455,NoButton,Move,217.47265625,68.70703125
471.12386202812195,471.12386202812195,NoButton,Move,215.66015625,65.08203125
471.1321470737457,471.1321470737457,NoButton,Move,213.25390625,61.234375
471.1397318840027,471.1397318840027,NoButton,Move,210.7109375,56.65625
471.1487190723419,471.1487190723419,NoButton,Move,207.4921875,51.2890625
471.15597105026245,471.15597105026245,NoButton,Move,204.4375,47.21875
471.16569805145264,471.16569805145264,NoButton,Move,200.6796875,42.390625
471.1734220981598,471.1734220981598,NoButton,Move,197.1171875,38.3203125
471.181853055954,471.181853055954,NoButton,Move,195.63671875,36.83984375
471.1879200935364,471.1879200935364,NoButton,Move,192.75,33.47265625
471.1992108821869,471.1992108821869,NoButton,Move,190.625,30.921875
471.2039909362793,471.2039909362793,NoButton,Move,189.03515625,28.93359375
471.2160429954529,471.2160429954529,NoButton,Move,187.4453125,26.9453125
471.2205259799957,471.2205259799957,NoButton,Move,186.76171875,25.578125
471.2330050468445,471.2330050468445,NoButton,Move,186.078125,24.2109375
471.237144947052,471.237144947052,NoButton,Move,185.76171875,23.26953125
471.2501721382141,471.2501721382141,NoButton,Move,185.4453125,22.328125
471.25392293930054,471.25392293930054,NoButton,Move,185.4453125,20.9609375
471.26345109939575,471.26345109939575,NoButton,Move,185.4453125,20.01953125
471.27005195617676,471.27005195617676,NoButton,Move,185.4453125,19.078125
471.2786269187927,471.2786269187927,NoButton,Move,185.4453125,18.50390625
471.2862310409546,471.2862310409546,NoButton,Move,185.4453125,17.9296875
471.2950141429901,471.2950141429901,NoButton,Move,186.015625,17.35546875
471.3025200366974,471.3025200366974,NoButton,Move,186.2734375,17.09375
471.33223390579224,471.33223390579224,Left,Pressed,186.2734375,17.09375
471.3485679626465,471.3485679626465,NoButton,Move,186.39453125,16.96875
471.45049691200256,471.45049691200256,Left,Released,186.39453125,16.96875
471.671000957489,471.671000957489,NoButton,Move,187.32421875,16.96875
471.6821699142456,471.6821699142456,NoButton,Move,190.9453125,16.96875
471.6873970031738,471.6873970031738,NoButton,Move,195.26953125,17.9296875
471.6986389160156,471.6986389160156,NoButton,Move,200.6328125,21.14453125
471.7034549713135,471.7034549713135,NoButton,Move,209.05859375,26.328125
471.7148640155792,471.7148640155792,NoButton,Move,216.8359375,32.16015625
471.7200379371643,471.7200379371643,NoButton,Move,225.62890625,38.921875
471.72833704948425,471.72833704948425,NoButton,Move,245.359375,57.6640625
471.73632884025574,471.73632884025574,NoButton,Move,268.93359375,80.16796875
471.74514603614807,471.74514603614807,NoButton,Move,296.1953125,110.98828125
471.7653968334198,471.7653968334198,NoButton,Move,328.68359375,148.67578125
471.7655348777771,471.7655348777771,NoButton,Move,367.62890625,197.71875
471.7707109451294,471.7707109451294,NoButton,Move,408.01171875,251.5625
471.7773950099945,471.7773950099945,NoButton,Move,477.765625,347.01953125
471.7913119792938,471.7913119792938,NoButton,Move,499.74609375,378.25390625
471.7983989715576,471.7983989715576,NoButton,Move,543.62890625,440.9453125
471.8015820980072,471.8015820980072,NoButton,Move,585.9453125,503.63671875
471.81352376937866,471.81352376937866,NoButton,Move,620.91796875,564.4609375
471.81831216812134,471.81831216812134,NoButton,Move,633.7421875,588.13671875
471.826425075531,471.826425075531,NoButton,Move,655.83203125,633.62109375
471.83679604530334,471.83679604530334,NoButton,Move,670.3984375,673.6796875
471.84474897384644,471.84474897384644,NoButton,Move,676.828125,705.828125
471.86151909828186,471.86151909828186,NoButton,Move,678.85546875,734.24609375
471.8622980117798,471.8622980117798,NoButton,Move,678.85546875,759.16015625
471.87384581565857,471.87384581565857,NoButton,Move,676.375,767.83984375
471.87575912475586,471.87575912475586,NoButton,Move,661.703125,801.6953125
471.89602184295654,471.89602184295654,NoButton,Move,646.37109375,817.92578125
471.8960769176483,471.8960769176483,NoButton,Move,627.203125,835.171875
471.9002568721771,471.9002568721771,NoButton,Move,602.84375,850.39453125
471.9084219932556,471.9084219932556,NoButton,Move,575.71484375,865.0
471.91746497154236,471.91746497154236,NoButton,Move,545.70703125,876.78515625
471.93133783340454,471.93133783340454,NoButton,Move,514.625,887.5
471.978120803833,471.978120803833,NoButton,Move,481.62109375,897.3984375
471.97815203666687,471.97815203666687,NoButton,Move,449.46875,899.98046875
471.9781711101532,471.9781711101532,NoButton,Move,419.2109375,899.98046875
471.9781868457794,471.9781868457794,NoButton,Move,390.7890625,899.98046875
471.9782340526581,471.9782340526581,NoButton,Move,378.80859375,899.98046875
471.98348212242126,471.98348212242126,NoButton,Move,355.5546875,899.98046875
471.983510017395,471.983510017395,NoButton,Move,335.4609375,899.98046875
471.98960185050964,471.98960185050964,NoButton,Move,328.6875,899.98046875
471.9978017807007,471.9978017807007,NoButton,Move,314.23046875,899.98046875
472.01313996315,472.01313996315,NoButton,Move,301.0390625,899.98046875
472.0151000022888,472.0151000022888,NoButton,Move,291.3125,899.98046875
472.02325105667114,472.02325105667114,NoButton,Move,282.625,899.98046875
472.0304307937622,472.0304307937622,NoButton,Move,275.8515625,899.4140625
472.0385057926178,472.0385057926178,NoButton,Move,269.94921875,898.875
472.04680013656616,472.04680013656616,NoButton,Move,264.86328125,898.36328125
472.0553479194641,472.0553479194641,NoButton,Move,259.77734375,897.34375
472.06342697143555,472.06342697143555,NoButton,Move,256.15234375,896.890625
472.07138180732727,472.07138180732727,NoButton,Move,252.52734375,895.53125
472.0796089172363,472.0796089172363,NoButton,Move,249.55078125,894.25390625
472.08771085739136,472.08771085739136,NoButton,Move,246.37890625,892.44140625
472.0962641239166,472.0962641239166,NoButton,Move,243.66015625,889.72265625
472.1040859222412,472.1040859222412,NoButton,Move,240.7734375,886.35546875
472.1129848957062,472.1129848957062,NoButton,Move,237.71875,882.28515625
472.12075090408325,472.12075090408325,NoButton,Move,233.375,874.21875
472.128741979599,472.128741979599,NoButton,Move,230.41015625,867.109375
472.13676500320435,472.13676500320435,NoButton,Move,227.4453125,859.40625
472.14657187461853,472.14657187461853,NoButton,Move,226.0,855.078125
472.1532530784607,472.1532530784607,NoButton,Move,223.03515625,847.96875
472.16148018836975,472.16148018836975,NoButton,Move,220.77734375,841.1953125
472.16961693763733,472.16961693763733,NoButton,Move,218.62890625,835.29296875
472.1778268814087,472.1778268814087,NoButton,Move,216.0859375,830.71484375
472.18609285354614,472.18609285354614,NoButton,Move,215.34375,828.8671875
472.19452691078186,472.19452691078186,NoButton,Move,213.53125,825.2421875
472.20239877700806,472.20239877700806,NoButton,Move,212.25390625,822.265625
472.2105059623718,472.2105059623718,NoButton,Move,211.51171875,820.41796875
472.2186861038208,472.2186861038208,NoButton,Move,210.828125,819.05078125
472.22695994377136,472.22695994377136,NoButton,Move,210.51171875,818.109375
472.23523902893066,472.23523902893066,NoButton,Move,210.22265625,817.53515625
472.2435140609741,472.2435140609741,NoButton,Move,209.93359375,816.9609375
472.251592874527,472.251592874527,NoButton,Move,209.93359375,816.69921875
472.25987696647644,472.25987696647644,NoButton,Move,209.93359375,816.4375
472.2678759098053,472.2678759098053,NoButton,Move,209.93359375,816.17578125
472.2761471271515,472.2761471271515,NoButton,Move,209.93359375,815.9140625
472.284343957901,472.284343957901,NoButton,Move,209.93359375,815.33984375
472.2924687862396,472.2924687862396,NoButton,Move,209.93359375,814.765625
472.3010060787201,472.3010060787201,NoButton,Move,209.93359375,813.82421875
472.3323390483856,472.3323390483856,Left,Pressed,209.93359375,813.82421875
472.3324279785156,472.3324279785156,NoButton,Move,209.93359375,813.5546875
472.4485709667206,472.4485709667206,Left,Released,209.93359375,813.5546875
472.6855778694153,472.6855778694153,NoButton,Move,209.93359375,813.3203125
472.69458198547363,472.69458198547363,NoButton,Move,209.93359375,812.37890625
472.7019031047821,472.7019031047821,NoButton,Move,209.93359375,811.4375
472.710009098053,472.710009098053,NoButton,Move,209.64453125,810.86328125
472.71813011169434,472.71813011169434,NoButton,Move,209.328125,809.921875
472.726686000824,472.726686000824,NoButton,Move,208.21875,808.07421875
472.7349979877472,472.7349979877472,NoButton,Move,207.02734375,805.69140625
472.74324798583984,472.74324798583984,NoButton,Move,206.3984375,804.75
472.7515790462494,472.7515790462494,NoButton,Move,204.91796875,803.26953125
472.76063299179077,472.76063299179077,NoButton,Move,203.328125,801.28125
472.76889300346375,472.76889300346375,NoButton,Move,201.84765625,799.80078125
472.779807806015,472.779807806015,NoButton,Move,200.3671875,798.69140625
472.7848701477051,472.7848701477051,NoButton,Move,198.37890625,797.1015625
472.79298186302185,472.79298186302185,NoButton,Move,195.20703125,795.2890625
500.0940411090851,500.0940411090851,NoButton,Move,187.125,784.43359375
500.0990650653839,500.0990650653839,NoButton,Move,179.0625,773.44140625
500.10025787353516,500.10025787353516,NoButton,Move,175.3984375,760.25
500.1048901081085,500.1048901081085,NoButton,Move,174.04296875,749.42578125
500.1144030094147,500.1144030094147,NoButton,Move,174.04296875,739.69921875
500.1212329864502,500.1212329864502,NoButton,Move,174.04296875,731.99609375
500.1309931278229,500.1309931278229,NoButton,Move,175.28125,723.30859375
500.1377489566803,500.1377489566803,NoButton,Move,178.2421875,715.60546875
500.1477310657501,500.1477310657501,NoButton,Move,181.203125,708.49609375
500.1598560810089,500.1598560810089,NoButton,Move,187.2890625,694.80078125
500.1654498577118,500.1654498577118,NoButton,Move,194.38671875,680.59765625
500.1706111431122,500.1706111431122,NoButton,Move,201.9921875,667.6640625
500.1786060333252,500.1786060333252,NoButton,Move,210.66796875,654.25
500.1884789466858,500.1884789466858,NoButton,Move,219.03515625,642.07421875
500.19660687446594,500.19660687446594,NoButton,Move,227.40234375,629.8984375
500.2041461467743,500.2041461467743,NoButton,Move,230.9609375,625.828125
500.21149706840515,500.21149706840515,NoButton,Move,238.7109375,615.9609375
500.2191388607025,500.2191388607025,NoButton,Move,245.83984375,608.828125
500.2283320426941,500.2283320426941,NoButton,Move,253.6171875,602.34375
500.2357931137085,500.2357931137085,NoButton,Move,260.44140625,596.7578125
500.2435779571533,500.2435779571533,NoButton,Move,267.8828125,591.79296875
500.25166606903076,500.25166606903076,NoButton,Move,274.98828125,588.23828125
500.259996175766,500.259996175766,NoButton,Move,281.7578125,585.98046875
500.26817297935486,500.26817297935486,NoButton,Move,288.52734375,583.72265625
500.27648305892944,500.27648305892944,NoButton,Move,295.296875,581.46484375
500.2846360206604,500.2846360206604,NoButton,Move,301.1953125,579.85546875
500.29304599761963,500.29304599761963,NoButton,Move,307.96484375,578.16015625
500.3013219833374,500.3013219833374,NoButton,Move,313.86328125,576.55078125
500.3094959259033,500.3094959259033,NoButton,Move,320.6328125,574.85546875
500.31781101226807,500.31781101226807,NoButton,Move,325.71484375,573.328125
500.32608294487,500.32608294487,NoButton,Move,331.61328125,571.1796875
500.33443903923035,500.33443903923035,NoButton,Move,337.50390625,569.03515625
500.3422329425812,500.3422329425812,NoButton,Move,343.7109375,566.2109375
500.350252866745,500.350252866745,NoButton,Move,353.85546875,562.1484375
500.3586778640747,500.3586778640747,NoButton,Move,360.9609375,558.0
500.36666893959045,500.36666893959045,NoButton,Move,364.58203125,556.1875
500.37532782554626,500.37532782554626,NoButton,Move,370.7890625,552.80078125
500.38356709480286,500.38356709480286,NoButton,Move,377.89453125,549.24609375
500.39130210876465,500.39130210876465,NoButton,Move,384.1015625,545.859375
500.39956498146057,500.39956498146057,NoButton,Move,390.30859375,542.47265625
500.40766406059265,500.40766406059265,NoButton,Move,395.671875,539.7890625
500.416218996048,500.416218996048,NoButton,Move,398.05078125,538.9921875
500.42442989349365,500.42442989349365,NoButton,Move,401.671875,537.1796875
500.43245697021484,500.43245697021484,NoButton,Move,404.05078125,535.98828125
500.4406387805939,500.4406387805939,NoButton,Move,406.4296875,535.19140625
501.1776192188263,501.1776192188263,NoButton,Move,406.4296875,534.95703125
501.1860330104828,501.1860330104828,NoButton,Move,406.4296875,534.015625
501.19400215148926,501.19400215148926,NoButton,Move,406.4296875,533.07421875
501.20228600502014,501.20228600502014,NoButton,Move,406.4296875,531.70703125
501.2101631164551,501.2101631164551,NoButton,Move,406.76953125,530.33984375
501.2186541557312,501.2186541557312,NoButton,Move,407.109375,528.9765625
501.2267360687256,501.2267360687256,NoButton,Move,407.44921875,527.609375
501.234894990921,501.234894990921,NoButton,Move,407.7890625,526.2421875
501.24289989471436,501.24289989471436,NoButton,Move,407.7890625,524.39453125
501.25115990638733,501.25115990638733,NoButton,Move,407.7890625,523.02734375
501.2592580318451,501.2592580318451,NoButton,Move,407.7890625,521.1796875
501.26765394210815,501.26765394210815,NoButton,Move,407.7890625,519.8125
501.275799036026,501.275799036026,NoButton,Move,407.7890625,517.96484375
501.2839000225067,501.2839000225067,NoButton,Move,407.7890625,516.1171875
501.2919189929962,501.2919189929962,NoButton,Move,407.7890625,514.26953125
501.30005288124084,501.30005288124084,NoButton,Move,408.15625,512.421875
501.8573269844055,501.8573269844055,NoButton,Move,408.38671875,512.421875
501.86516189575195,501.86516189575195,NoButton,Move,412.7109375,512.421875
501.8730721473694,501.8730721473694,NoButton,Move,417.79296875,512.421875
501.88143706321716,501.88143706321716,NoButton,Move,423.69140625,512.95703125
501.88954496383667,501.88954496383667,NoButton,Move,430.4609375,513.51953125
501.8984920978546,501.8984920978546,NoButton,Move,440.0546875,514.15625
501.905779838562,501.905779838562,NoButton,Move,458.6484375,515.84375
501.9149069786072,501.9149069786072,NoButton,Move,480.23046875,518.5390625
501.9227318763733,501.9227318763733,NoButton,Move,506.8671875,522.484375
501.9309730529785,501.9309730529785,NoButton,Move,533.50390625,527.4140625
501.93900418281555,501.93900418281555,NoButton,Move,560.140625,532.34375
501.94929099082947,501.94929099082947,NoButton,Move,585.0546875,537.1328125
501.95544385910034,501.95544385910034,NoButton,Move,595.875,540.51171875
501.96368980407715,501.96368980407715,NoButton,Move,615.96484375,545.75
501.9713740348816,501.9713740348816,NoButton,Move,633.71484375,551.6640625
501.97979521751404,501.97979521751404,NoButton,Move,639.921875,554.484375
501.98777413368225,501.98777413368225,NoButton,Move,652.375,559.609375
501.99652004241943,501.99652004241943,NoButton,Move,661.44921875,563.49609375
502.00441098213196,502.00441098213196,NoButton,Move,668.5546875,567.640625
502.01322412490845,502.01322412490845,NoButton,Move,670.5390625,569.2265625
502.02053594589233,502.02053594589233,NoButton,Move,674.3828125,571.62890625
502.13287901878357,502.13287901878357,Left,Pressed,674.3828125,571.62890625
502.26606702804565,502.26606702804565,Left,Released,674.3828125,571.62890625
506.3887028694153,506.3887028694153,NoButton,Move,673.6875,571.62890625
506.39850306510925,506.39850306510925,NoButton,Move,666.9140625,571.0625
506.4045810699463,506.4045810699463,NoButton,Move,658.2265625,568.578125
506.41285586357117,506.41285586357117,NoButton,Move,646.953125,564.34765625
506.4209818840027,506.4209818840027,NoButton,Move,631.9609375,558.82421875
506.43223214149475,506.43223214149475,NoButton,Move,601.953125,545.9609375
506.4373950958252,506.4373950958252,NoButton,Move,568.09375,532.41796875
506.4490830898285,506.4490830898285,NoButton,Move,548.875,524.5546875
506.45341300964355,506.45341300964355,NoButton,Move,513.0078125,509.51171875
506.4619390964508,506.4619390964508,NoButton,Move,478.0234375,497.09765625
506.4698920249939,506.4698920249939,NoButton,Move,464.83203125,493.43359375
506.47827076911926,506.47827076911926,NoButton,Move,414.359375,478.8203125
506.4869530200958,506.4869530200958,NoButton,Move,403.54296875,476.7890625
506.49444103240967,506.49444103240967,NoButton,Move,383.44921875,474.16796875
506.50252509117126,506.50252509117126,NoButton,Move,367.66796875,473.37890625
506.51054883003235,506.51054883003235,NoButton,Move,360.89453125,473.37890625
506.5917811393738,506.5917811393738,NoButton,Move,350.0703125,473.37890625
506.5919349193573,506.5919349193573,NoButton,Move,341.3828125,473.37890625
506.79728984832764,506.79728984832764,NoButton,Move,340.68359375,473.37890625
506.80526900291443,506.80526900291443,NoButton,Move,333.91015625,472.8125
506.8145570755005,506.8145570755005,NoButton,Move,326.20703125,469.84765625
506.8215777873993,506.8215777873993,NoButton,Move,317.51953125,466.7421875
506.84099292755127,506.84099292755127,NoButton,Move,307.37109375,462.6796875
506.84112095832825,506.84112095832825,NoButton,Move,298.29296875,458.7890625
506.84821605682373,506.84821605682373,NoButton,Move,280.5390625,452.0234375
506.85431480407715,506.85431480407715,NoButton,Move,264.1953125,445.484375
506.8641459941864,506.8641459941864,NoButton,Move,257.0859375,442.51953125
506.8705451488495,506.8705451488495,NoButton,Move,244.62890625,437.390625
506.88127303123474,506.88127303123474,NoButton,Move,233.35546875,433.16015625
506.8872170448303,506.8872170448303,NoButton,Move,229.73046875,431.80078125
506.9006769657135,506.9006769657135,NoButton,Move,223.828125,429.65234375
506.90396213531494,506.90396213531494,NoButton,Move,219.5,427.7265625
506.91651010513306,506.91651010513306,NoButton,Move,216.5234375,426.875
506.9202060699463,506.9202060699463,NoButton,Move,215.15625,426.53125
506.9286880493164,506.9286880493164,NoButton,Move,213.7890625,426.1875
506.93681716918945,506.93681716918945,NoButton,Move,213.52734375,425.92578125
506.94502902030945,506.94502902030945,NoButton,Move,213.52734375,425.6640625
506.9536428451538,506.9536428451538,NoButton,Move,213.52734375,425.40234375
506.96165013313293,506.96165013313293,NoButton,Move,213.52734375,424.828125
506.9690899848938,506.9690899848938,NoButton,Move,214.09765625,424.5390625
506.9770200252533,506.9770200252533,NoButton,Move,215.03515625,423.91015625
506.98527002334595,506.98527002334595,NoButton,Move,216.3984375,423.2265625
506.99377393722534,506.99377393722534,NoButton,Move,217.76171875,422.54296875
507.0018529891968,507.0018529891968,NoButton,Move,219.125,421.859375
507.0099799633026,507.0099799633026,NoButton,Move,220.48828125,421.515625
507.0186710357666,507.0186710357666,NoButton,Move,221.05859375,420.94140625
507.02636885643005,507.02636885643005,NoButton,Move,221.99609375,420.625
507.0347261428833,507.0347261428833,NoButton,Move,222.56640625,420.3359375
507.0425639152527,507.0425639152527,NoButton,Move,222.82421875,420.07421875
507.0513551235199,507.0513551235199,NoButton,Move,223.078125,419.81640625
507.0592849254608,507.0592849254608,NoButton,Move,223.3359375,419.81640625
507.0676341056824,507.0676341056824,NoButton,Move,223.59375,419.5546875
507.11630296707153,507.11630296707153,Left,Pressed,223.59375,419.5546875
507.2335741519928,507.2335741519928,Left,Released,223.59375,419.5546875
507.5267870426178,507.5267870426178,NoButton,Move,223.82421875,419.5546875
507.53433299064636,507.53433299064636,NoButton,Move,226.9921875,421.36328125
507.54267501831055,507.54267501831055,NoButton,Move,231.05859375,424.4140625
507.5509979724884,507.5509979724884,NoButton,Move,235.125,427.97265625
507.55924010276794,507.55924010276794,NoButton,Move,240.203125,432.484375
507.56725692749023,507.56725692749023,NoButton,Move,250.45703125,441.2734375
507.57531213760376,507.57531213760376,NoButton,Move,271.17578125,458.04296875
507.5837290287018,507.5837290287018,NoButton,Move,287.40625,473.37109375
507.5917589664459,507.5917589664459,NoButton,Move,304.65234375,491.578125
507.599977016449,507.599977016449,NoButton,Move,324.3828125,510.3203125
507.6084761619568,507.6084761619568,NoButton,Move,345.2421875,532.22265625
507.6164000034332,507.6164000034332,NoButton,Move,354.03125,542.4765625
507.62472105026245,507.62472105026245,NoButton,Move,372.23828125,560.68359375
507.63247084617615,507.63247084617615,NoButton,Move,388.046875,578.3515625
507.64068388938904,507.64068388938904,NoButton,Move,402.47265625,595.484375
507.6490578651428,507.6490578651428,NoButton,Move,414.3046875,609.8515625
509.64890694618225,509.64890694618225,NoButton,Move,414.3046875,609.6171875
509.65640592575073,509.65640592575073,NoButton,Move,414.3046875,607.76953125
509.66253089904785,509.66253089904785,NoButton,Move,413.11328125,605.38671875
509.6706509590149,509.6706509590149,NoButton,Move,410.4296875,600.01953125
509.68065905570984,509.68065905570984,NoButton,Move,408.6171875,596.84765625
509.68706798553467,509.68706798553467,NoButton,Move,405.5625,592.26953125
509.69541120529175,509.69541120529175,NoButton,Move,399.92578125,581.69921875
509.7035460472107,509.7035460472107,NoButton,Move,395.77734375,574.58984375
509.7121059894562,509.7121059894562,NoButton,Move,392.22265625,567.48046875
509.71993684768677,509.71993684768677,NoButton,Move,390.296875,563.15234375
509.7285370826721,509.7285370826721,NoButton,Move,386.1484375,556.04296875
509.7363929748535,509.7363929748535,NoButton,Move,383.18359375,548.93359375
509.7444009780884,509.7444009780884,NoButton,Move,380.8125,541.23046875
509.7522430419922,509.7522430419922,NoButton,Move,378.6640625,535.328125
510.4488868713379,510.4488868713379,NoButton,Move,378.6640625,535.09375
510.4574670791626,510.4574670791626,NoButton,Move,378.6640625,526.40625
510.4654278755188,510.4654278755188,NoButton,Move,378.6640625,511.94921875
510.4735379219055,510.4735379219055,NoButton,Move,377.6484375,483.52734375
510.48270201683044,510.48270201683044,NoButton,Move,377.6484375,460.2734375
510.4894051551819,510.4894051551819,NoButton,Move,375.78515625,437.01953125
510.50031995773315,510.50031995773315,NoButton,Move,372.9921875,413.765625
510.5056140422821,510.5056140422821,NoButton,Move,370.19921875,390.51171875
510.5170509815216,510.5170509815216,NoButton,Move,368.08203125,378.53125
510.5218667984009,510.5218667984009,NoButton,Move,359.98046875,340.34765625
510.53370690345764,510.53370690345764,NoButton,Move,357.38671875,330.62109375
510.5386221408844,510.5386221408844,NoButton,Move,351.97265625,308.9765625
510.5501878261566,510.5501878261566,NoButton,Move,345.85546875,289.7578125
510.554799079895,510.554799079895,NoButton,Move,339.73828125,270.5390625
510.5670349597931,510.5670349597931,NoButton,Move,333.42578125,255.546875
510.5712020397186,510.5712020397186,NoButton,Move,327.3359375,241.8515625
510.58375000953674,510.58375000953674,NoButton,Move,324.65234375,236.484375
510.5878849029541,510.5878849029541,NoButton,Move,319.23828125,227.01171875
510.60014605522156,510.60014605522156,NoButton,Move,314.2734375,219.56640625
512.6753158569336,512.6753158569336,NoButton,Move,315.42578125,219.796875
512.683629989624,512.683629989624,NoButton,Move,317.546875,221.91796875
512.6913599967957,512.6913599967957,NoButton,Move,320.26171875,224.6328125
512.6994380950928,512.6994380950928,NoButton,Move,323.14453125,227.99609375
512.707836151123,512.707836151123,NoButton,Move,328.70703125,234.79296875
512.7161598205566,512.7161598205566,NoButton,Move,340.5390625,249.16015625
512.7243640422821,512.7243640422821,NoButton,Move,350.79296875,261.78125
512.7324168682098,512.7324168682098,NoButton,Move,362.625,276.99609375
512.7407531738281,512.7407531738281,NoButton,Move,377.50390625,295.59375
512.7484710216522,512.7484710216522,NoButton,Move,392.8359375,315.71484375
512.7569661140442,512.7569661140442,NoButton,Move,409.49609375,337.27734375
512.7651801109314,512.7651801109314,NoButton,Move,441.359375,384.37890625
512.7733271121979,512.7733271121979,NoButton,Move,450.34375,399.0859375
512.7822229862213,512.7822229862213,NoButton,Move,457.10546875,407.87890625
512.7894330024719,512.7894330024719,NoButton,Move,463.30859375,414.08203125
512.7992041110992,512.7992041110992,NoButton,Move,467.59765625,418.37109375
512.8058378696442,512.8058378696442,NoButton,Move,475.34765625,427.52734375
512.8147699832916,512.8147699832916,NoButton,Move,481.26953125,432.85546875
512.8236820697784,512.8236820697784,NoButton,Move,485.55859375,437.14453125
512.8385188579559,512.8385188579559,NoButton,Move,488.7265625,439.40625
513.2806580066681,513.2806580066681,NoButton,Move,488.7265625,440.1015625
513.2892961502075,513.2892961502075,NoButton,Move,487.8203125,443.72265625
513.2981688976288,513.2981688976288,NoButton,Move,484.43359375,449.9296875
513.3053770065308,513.3053770065308,NoButton,Move,479.01953125,459.3984375
513.3151121139526,513.3151121139526,NoButton,Move,466.92578125,479.85546875
513.3217070102692,513.3217070102692,NoButton,Move,456.44140625,497.32421875
513.3301649093628,513.3301649093628,NoButton,Move,447.98828125,514.2265625
513.3382260799408,513.3382260799408,NoButton,Move,433.1875,536.91796875
513.348776102066,513.348776102066,NoButton,Move,425.43359375,546.78125
513.3545949459076,513.3545949459076,NoButton,Move,419.2265625,552.984375
513.3662550449371,513.3662550449371,NoButton,Move,410.43359375,563.23828125
513.3708629608154,513.3708629608154,NoButton,Move,401.2734375,571.69140625
513.3793308734894,513.3793308734894,NoButton,Move,393.4921875,577.5234375
513.387405872345,513.387405872345,NoButton,Move,390.515625,578.37109375
513.3986349105835,513.3986349105835,NoButton,Move,382.0859375,584.203125
513.4037709236145,513.4037709236145,NoButton,Move,380.23828125,584.5703125
513.4123151302338,513.4123151302338,NoButton,Move,376.61328125,584.5703125
513.4200270175934,513.4200270175934,NoButton,Move,374.23046875,584.5703125
513.4287610054016,513.4287610054016,NoButton,Move,371.84765625,584.5703125
513.436500787735,513.436500787735,NoButton,Move,370.48046875,584.5703125
514.8936989307404,514.8936989307404,NoButton,Move,370.48046875,584.80078125
514.9017241001129,514.9017241001129,NoButton,Move,370.48046875,587.1796875
514.9098160266876,514.9098160266876,NoButton,Move,370.48046875,590.80078125
514.9181749820709,514.9181749820709,NoButton,Move,370.0546875,593.76953125
514.926206111908,514.926206111908,NoButton,Move,370.0546875,598.09375
514.9344301223755,514.9344301223755,NoButton,Move,368.92578125,604.86328125
514.9429411888123,514.9429411888123,NoButton,Move,367.1484375,612.5625
514.9507308006287,514.9507308006287,NoButton,Move,365.203125,622.28515625
514.9588959217072,514.9588959217072,NoButton,Move,363.2578125,632.0078125
514.9671530723572,514.9671530723572,NoButton,Move,361.73046875,637.08984375
514.9751529693604,514.9751529693604,NoButton,Move,359.24609375,645.7734375
514.9836468696594,514.9836468696594,NoButton,Move,356.140625,654.45703125
514.99196600914,514.99196600914,NoButton,Move,353.17578125,661.5625
515.0001909732819,515.0001909732819,NoButton,Move,350.2109375,668.66796875
515.0081748962402,515.0081748962402,NoButton,Move,347.38671875,674.875
515.0188341140747,515.0188341140747,NoButton,Move,344.33203125,679.44921875
515.0246648788452,515.0246648788452,NoButton,Move,341.27734375,684.0234375
515.0328280925751,515.0328280925751,NoButton,Move,337.91015625,687.38671875
515.0409829616547,515.0409829616547,NoButton,Move,334.54296875,690.75
515.0490889549255,515.0490889549255,NoButton,Move,330.6953125,693.15234375
515.057480096817,515.057480096817,NoButton,Move,326.1171875,695.69140625
515.065376996994,515.065376996994,NoButton,Move,321.7890625,697.61328125
515.0736739635468,515.0736739635468,NoButton,Move,316.703125,698.62890625
515.0820891857147,515.0820891857147,NoButton,Move,312.375,699.58984375
515.0897409915924,515.0897409915924,NoButton,Move,307.2890625,700.60546875
515.0987219810486,515.0987219810486,NoButton,Move,302.9765625,701.08203125
515.1062440872192,515.1062440872192,NoButton,Move,298.6484375,701.08203125
515.1153929233551,515.1153929233551,NoButton,Move,295.0234375,701.08203125
515.1223320960999,515.1223320960999,NoButton,Move,293.17578125,701.08203125
515.1318709850311,515.1318709850311,NoButton,Move,290.19921875,701.08203125
515.1387829780579,515.1387829780579,NoButton,Move,287.22265625,700.65625
515.1495640277863,515.1495640277863,NoButton,Move,285.37890625,699.55078125
515.1551790237427,515.1551790237427,NoButton,Move,283.53125,698.44140625
515.1661479473114,515.1661479473114,NoButton,Move,282.0546875,696.96484375
515.1717028617859,515.1717028617859,NoButton,Move,281.02734375,695.9375
515.182147026062,515.182147026062,NoButton,Move,279.91796875,694.45703125
515.1886970996857,515.1886970996857,NoButton,Move,279.234375,693.08984375
515.1989319324493,515.1989319324493,NoButton,Move,278.91796875,692.1484375
515.2045748233795,515.2045748233795,NoButton,Move,278.234375,690.78125
515.2152371406555,515.2152371406555,NoButton,Move,277.890625,689.4140625
515.2210350036621,515.2210350036621,NoButton,Move,277.890625,688.046875
515.2319619655609,515.2319619655609,NoButton,Move,277.890625,686.6796875
515.2373919487,515.2373919487,NoButton,Move,277.890625,684.83203125
515.2485680580139,515.2485680580139,NoButton,Move,277.890625,683.46484375
515.2537970542908,515.2537970542908,NoButton,Move,277.890625,681.6171875
515.2620310783386,515.2620310783386,NoButton,Move,277.890625,678.640625
515.2701327800751,515.2701327800751,NoButton,Move,277.890625,676.2578125
515.2787370681763,515.2787370681763,NoButton,Move,277.890625,675.31640625
515.2867181301117,515.2867181301117,NoButton,Move,278.68359375,672.93359375
515.2954127788544,515.2954127788544,NoButton,Move,279.95703125,669.95703125
515.3032710552216,515.3032710552216,NoButton,Move,280.58203125,669.015625
515.3111951351166,515.3111951351166,NoButton,Move,282.16796875,667.02734375
515.3196189403534,515.3196189403534,NoButton,Move,283.2734375,665.546875
515.3274879455566,515.3274879455566,NoButton,Move,284.75,664.4375
519.738438129425,519.738438129425,NoButton,Move,284.75,663.51171875
519.7482569217682,519.7482569217682,NoButton,Move,284.75,662.5703125
519.7716798782349,519.7716798782349,NoButton,Move,284.75,662.0703125
519.7818939685822,519.7818939685822,NoButton,Move,284.75,660.703125
519.7880821228027,519.7880821228027,NoButton,Move,284.75,657.7265625
519.7965521812439,519.7965521812439,NoButton,Move,284.75,655.34375
519.8050711154938,519.8050711154938,NoButton,Move,285.14453125,652.9609375
519.8162338733673,519.8162338733673,NoButton,Move,285.56640625,649.984375
520.4103231430054,520.4103231430054,NoButton,Move,285.796875,649.984375
520.4186968803406,520.4186968803406,NoButton,Move,288.17578125,649.984375
520.4267292022705,520.4267292022705,NoButton,Move,290.01953125,649.2421875
520.4350509643555,520.4350509643555,NoButton,Move,292.3984375,648.05078125
520.4430491924286,520.4430491924286,NoButton,Move,295.37109375,646.7734375
520.4514698982239,520.4514698982239,NoButton,Move,298.734375,643.88671875
520.4587171077728,520.4587171077728,NoButton,Move,306.17578125,638.921875
520.4678208827972,520.4678208827972,NoButton,Move,313.8984375,632.484375
520.475998878479,520.475998878479,NoButton,Move,322.015625,624.36328125
520.4841902256012,520.4841902256012,NoButton,Move,330.46875,615.203125
520.4922568798065,520.4922568798065,NoButton,Move,340.72265625,602.578125
520.5005030632019,520.5005030632019,NoButton,Move,349.08984375,590.40234375
520.5086162090302,520.5086162090302,NoButton,Move,356.9765625,576.19921875
520.5167779922485,520.5167779922485,NoButton,Move,363.28515625,561.20703125
520.5246498584747,520.5246498584747,NoButton,Move,369.00390625,544.86328125
520.5353660583496,520.5353660583496,NoButton,Move,372.9453125,529.08203125
520.5409588813782,520.5409588813782,NoButton,Move,375.30859375,513.30078125
520.5497651100159,520.5497651100159,NoButton,Move,376.09375,497.51953125
520.5574171543121,520.5574171543121,NoButton,Move,376.87890625,481.73828125
520.5658349990845,520.5658349990845,NoButton,Move,376.87890625,467.28125
520.574019908905,520.574019908905,NoButton,Move,376.87890625,462.1953125
520.582190990448,520.582190990448,NoButton,Move,376.87890625,451.37109375
520.5901138782501,520.5901138782501,NoButton,Move,374.28515625,441.64453125
520.5990271568298,520.5990271568298,NoButton,Move,372.5078125,433.94140625
520.6065418720245,520.6065418720245,NoButton,Move,369.68359375,427.73046875
520.6159400939941,520.6159400939941,NoButton,Move,368.57421875,425.8828125
520.6230030059814,520.6230030059814,NoButton,Move,366.76171875,422.7109375
520.6327488422394,520.6327488422394,NoButton,Move,365.05859375,420.16015625
520.6392018795013,520.6392018795013,NoButton,Move,363.46875,418.171875
520.6486079692841,520.6486079692841,NoButton,Move,361.62109375,417.0625
520.6555299758911,520.6555299758911,NoButton,Move,360.25390625,416.37890625
520.6655058860779,520.6655058860779,NoButton,Move,359.3125,415.75
520.6719980239868,520.6719980239868,NoButton,Move,357.46484375,415.75
520.6830670833588,520.6830670833588,NoButton,Move,356.09765625,415.75
520.6882379055023,520.6882379055023,NoButton,Move,354.73046875,415.75
520.698933839798,520.698933839798,NoButton,Move,353.36328125,415.75
520.7047049999237,520.7047049999237,NoButton,Move,351.515625,415.75
520.7155179977417,520.7155179977417,NoButton,Move,349.66796875,415.75
521.4041059017181,521.4041059017181,NoButton,Move,349.66796875,416.67578125
521.4042091369629,521.4042091369629,NoButton,Move,349.66796875,419.0546875
521.404308795929,521.404308795929,NoButton,Move,349.66796875,421.43359375
521.4043490886688,521.4043490886688,NoButton,Move,350.4609375,423.8125
521.4044189453125,521.4044189453125,NoButton,Move,351.734375,426.78515625
521.4044849872589,521.4044849872589,NoButton,Move,353.54296875,430.40625
521.4045281410217,521.4045281410217,NoButton,Move,356.50390625,437.51171875
521.4045810699463,521.4045810699463,NoButton,Move,357.77734375,440.484375
521.4086439609528,521.4086439609528,NoButton,Move,361.16015625,446.69140625
521.4167420864105,521.4167420864105,NoButton,Move,366.08984375,457.9609375
521.4246912002563,521.4246912002563,NoButton,Move,370.234375,465.06640625
521.4335808753967,521.4335808753967,NoButton,Move,374.76953125,474.140625
521.4418358802795,521.4418358802795,NoButton,Move,379.3046875,483.21484375
521.4494681358337,521.4494681358337,NoButton,Move,384.9375,493.78125
521.457747220993,521.457747220993,NoButton,Move,390.5703125,504.34765625
521.4735248088837,521.4735248088837,NoButton,Move,396.203125,515.6171875
521.4838130474091,521.4838130474091,NoButton,Move,401.8359375,526.18359375
521.4844450950623,521.4844450950623,NoButton,Move,404.375,530.7578125
521.4905729293823,521.4905729293823,NoButton,Move,408.91015625,539.83203125
521.4985399246216,521.4985399246216,NoButton,Move,416.0078125,554.03125
521.5068249702454,521.5068249702454,NoButton,Move,417.9296875,558.35546875
521.515949010849,521.515949010849,NoButton,Move,421.48046875,565.4609375
521.5232999324799,521.5232999324799,NoButton,Move,424.44140625,572.56640625
521.5315501689911,521.5315501689911,NoButton,Move,426.5859375,578.46484375
521.5397489070892,521.5397489070892,NoButton,Move,427.6015625,583.546875
521.5502989292145,521.5502989292145,NoButton,Move,427.96875,585.390625
521.5560109615326,521.5560109615326,NoButton,Move,428.41796875,589.01171875
521.5648350715637,521.5648350715637,NoButton,Move,428.92578125,594.09375
521.5723328590393,521.5723328590393,NoButton,Move,428.92578125,597.06640625
521.5814387798309,521.5814387798309,NoButton,Move,428.92578125,598.00390625
525.0383009910583,525.0383009910583,NoButton,Move,428.92578125,597.5390625
525.046627998352,525.046627998352,NoButton,Move,428.609375,596.59765625
525.0547339916229,525.0547339916229,NoButton,Move,428.265625,595.23046875
525.0664479732513,525.0664479732513,NoButton,Move,427.15625,593.3828125
525.071692943573,525.071692943573,NoButton,Move,426.4140625,591.53515625
525.0792739391327,525.0792739391327,NoButton,Move,425.671875,589.6875
525.0870728492737,525.0870728492737,NoButton,Move,424.8203125,586.7109375
525.0951988697052,525.0951988697052,NoButton,Move,423.96875,583.734375
525.1034741401672,525.1034741401672,NoButton,Move,422.69140625,580.7578125
525.1121068000793,525.1121068000793,NoButton,Move,421.83984375,577.78125
525.1198890209198,525.1198890209198,NoButton,Move,420.98828125,574.8046875
525.1286799907684,525.1286799907684,NoButton,Move,419.62890625,571.1796875
525.1366450786591,525.1366450786591,NoButton,Move,419.2578125,569.33203125
525.1452300548553,525.1452300548553,NoButton,Move,417.8125,565.00390625
525.1529819965363,525.1529819965363,NoButton,Move,416.9609375,562.02734375
525.1618049144745,525.1618049144745,NoButton,Move,416.58984375,560.1796875
525.1693968772888,525.1693968772888,NoButton,Move,415.68359375,556.5546875
525.1772789955139,525.1772789955139,NoButton,Move,415.3125,554.70703125
525.1857068538666,525.1857068538666,NoButton,Move,414.41015625,551.09765625
525.1941289901733,525.1941289901733,NoButton,Move,414.06640625,549.73046875
525.2020828723907,525.2020828723907,NoButton,Move,413.66796875,547.34765625
525.210177898407,525.210177898407,NoButton,Move,413.296875,545.5
527.3957409858704,527.3957409858704,NoButton,Move,413.296875,546.8828125
527.4039599895477,527.4039599895477,NoButton,Move,413.296875,549.85546875
527.4122309684753,527.4122309684753,NoButton,Move,413.69140625,552.234375
527.4199810028076,527.4199810028076,NoButton,Move,415.046875,555.85546875
527.4284200668335,527.4284200668335,NoButton,Move,416.48828125,560.1796875
527.4363398551941,527.4363398551941,NoButton,Move,419.58984375,568.86328125
527.4446320533752,527.4446320533752,NoButton,Move,422.828125,578.5859375
527.4526271820068,527.4526271820068,NoButton,Move,427.953125,591.0390625
527.4605522155762,527.4605522155762,NoButton,Move,434.0390625,604.73046875
527.4689919948578,527.4689919948578,NoButton,Move,440.125,618.421875
527.4770019054413,527.4770019054413,NoButton,Move,445.984375,630.875
527.4851298332214,527.4851298332214,NoButton,Move,451.84375,643.328125
527.493232011795,527.493232011795,NoButton,Move,457.9296875,657.01953125
527.5015981197357,527.5015981197357,NoButton,Move,463.25390625,670.7109375
527.5096380710602,527.5096380710602,NoButton,Move,465.28515625,675.79296875
527.517972946167,527.517972946167,NoButton,Move,467.20703125,680.1171875
527.52623295784,527.52623295784,NoButton,Move,470.7578125,687.22265625
527.534341096878,527.534341096878,NoButton,Move,473.4375,692.5859375
527.5424838066101,527.5424838066101,NoButton,Move,474.7109375,695.55859375
527.5508368015289,527.5508368015289,NoButton,Move,475.8984375,697.9375
527.5601902008057,527.5601902008057,NoButton,Move,476.578125,699.30078125
527.5670700073242,527.5670700073242,NoButton,Move,477.203125,700.23828125
527.5755059719086,527.5755059719086,NoButton,Move,477.48828125,700.80859375
527.5837390422821,527.5837390422821,NoButton,Move,477.74609375,701.06640625
527.5919609069824,527.5919609069824,NoButton,Move,477.74609375,701.32421875
527.6743550300598,527.6743550300598,NoButton,Move,477.51171875,701.08984375
527.6844980716705,527.6844980716705,NoButton,Move,476.9375,700.515625
527.6901631355286,527.6901631355286,NoButton,Move,476.36328125,699.94140625
527.7005929946899,527.7005929946899,NoButton,Move,475.3359375,698.9140625
527.7069439888,527.7069439888,NoButton,Move,474.70703125,697.97265625
527.7174229621887,527.7174229621887,NoButton,Move,473.1171875,695.984375
527.7227869033813,527.7227869033813,NoButton,Move,471.63671875,694.50390625
527.7310540676117,527.7310540676117,NoButton,Move,470.52734375,693.0234375
527.7391510009766,527.7391510009766,NoButton,Move,468.9375,691.03515625
527.748547077179,527.748547077179,NoButton,Move,467.234375,688.484375
527.7556519508362,527.7556519508362,NoButton,Move,465.109375,686.359375
527.7662808895111,527.7662808895111,NoButton,Move,462.984375,683.80859375
527.7720010280609,527.7720010280609,NoButton,Move,460.09765625,680.44140625
527.7832040786743,527.7832040786743,NoButton,Move,457.2109375,677.07421875
527.788241147995,527.788241147995,NoButton,Move,454.32421875,673.70703125
527.7987911701202,527.7987911701202,NoButton,Move,450.56640625,668.87890625
527.8045830726624,527.8045830726624,NoButton,Move,446.80859375,664.05078125
527.8161849975586,527.8161849975586,NoButton,Move,442.32421875,659.0078125
527.820808172226,527.820808172226,NoButton,Move,438.37109375,653.36328125
527.8324229717255,527.8324229717255,NoButton,Move,433.85546875,647.71875
527.8372159004211,527.8372159004211,NoButton,Move,429.33984375,642.07421875
527.8620719909668,527.8620719909668,NoButton,Move,425.40234375,636.44921875
527.8621590137482,527.8621590137482,NoButton,Move,421.64453125,631.62109375
530.8423800468445,530.8423800468445,NoButton,Move,421.875,631.62109375
530.8570249080658,530.8570249080658,NoButton,Move,424.25390625,630.82421875
530.858118057251,530.858118057251,NoButton,Move,428.09765625,628.41796875
530.8665728569031,530.8665728569031,NoButton,Move,434.61328125,623.67578125
530.8748641014099,530.8748641014099,NoButton,Move,449.828125,612.68359375
530.8830099105835,530.8830099105835,NoButton,Move,465.04296875,600.84765625
530.8917920589447,530.8917920589447,NoButton,Move,482.17578125,586.41796875
530.9000868797302,530.9000868797302,NoButton,Move,502.89453125,569.64453125
530.9183840751648,530.9183840751648,NoButton,Move,525.22265625,551.375
530.9185011386871,530.9185011386871,NoButton,Move,547.55078125,533.10546875
530.9239559173584,530.9239559173584,NoButton,Move,557.8046875,524.3125
530.932391166687,530.932391166687,NoButton,Move,576.40234375,509.4296875
530.9396419525146,530.9396419525146,NoButton,Move,595.0,495.4765625
530.949676990509,530.949676990509,NoButton,Move,611.59375,484.1171875
530.9562389850616,530.9562389850616,NoButton,Move,625.00390625,474.6484375
530.9657981395721,530.9657981395721,NoButton,Move,630.3671875,471.4296875
530.9727342128754,530.9727342128754,NoButton,Move,640.93359375,465.0859375
530.981036901474,530.981036901474,NoButton,Move,649.359375,459.8984375
530.9890229701996,530.9890229701996,NoButton,Move,652.33203125,458.62109375
530.9973480701447,530.9973480701447,NoButton,Move,661.80078125,453.20703125
531.0056669712067,531.0056669712067,NoButton,Move,663.64453125,452.09765625
531.0144701004028,531.0144701004028,NoButton,Move,666.8125,450.28515625
531.0220918655396,531.0220918655396,NoButton,Move,669.19140625,449.09375
531.0305600166321,531.0305600166321,NoButton,Move,671.03515625,448.3515625
531.0387718677521,531.0387718677521,NoButton,Move,672.51171875,447.2421875
531.0468699932098,531.0468699932098,NoButton,Move,673.44921875,446.61328125
531.0549411773682,531.0549411773682,NoButton,Move,674.01953125,446.0390625
531.063138961792,531.063138961792,NoButton,Move,674.27734375,445.77734375
531.0713109970093,531.0713109970093,NoButton,Move,674.84765625,445.203125
531.0794651508331,531.0794651508331,NoButton,Move,675.1328125,444.62890625
531.0880329608917,531.0880329608917,NoButton,Move,675.47265625,443.26171875
531.0965740680695,531.0965740680695,NoButton,Move,675.8125,441.89453125
531.1044049263,531.1044049263,NoButton,Move,676.20703125,439.51171875
531.1129319667816,531.1129319667816,NoButton,Move,677.0546875,436.53515625
531.1209580898285,531.1209580898285,NoButton,Move,678.66015625,430.6328125
531.1286959648132,531.1286959648132,NoButton,Move,679.5078125,427.65625
531.1368820667267,531.1368820667267,NoButton,Move,680.94921875,423.328125
531.1456198692322,531.1456198692322,NoButton,Move,682.13671875,420.9453125
531.1531219482422,531.1531219482422,NoButton,Move,683.41015625,417.96875
531.1611399650574,531.1611399650574,NoButton,Move,684.68359375,414.9921875
531.1694078445435,531.1694078445435,NoButton,Move,685.421875,413.14453125
531.1776139736176,531.1776139736176,NoButton,Move,686.16015625,411.296875
531.1863248348236,531.1863248348236,NoButton,Move,686.78515625,410.35546875
531.1939659118652,531.1939659118652,NoButton,Move,687.35546875,409.78125
531.2021610736847,531.2021610736847,NoButton,Move,687.61328125,409.51953125
531.2104518413544,531.2104518413544,NoButton,Move,687.87109375,409.2578125
531.2186138629913,531.2186138629913,NoButton,Move,688.12890625,409.2578125
531.2269039154053,531.2269039154053,NoButton,Move,688.38671875,409.2578125
531.2349910736084,531.2349910736084,NoButton,Move,688.64453125,409.2578125
531.2433459758759,531.2433459758759,NoButton,Move,689.21484375,409.2578125
531.25159907341,531.25159907341,NoButton,Move,689.83984375,410.1953125
531.2597539424896,531.2597539424896,NoButton,Move,690.9453125,412.0390625
531.2677879333496,531.2677879333496,NoButton,Move,692.05078125,413.8828125
531.2762320041656,531.2762320041656,NoButton,Move,693.75,416.4296875
531.284334897995,531.284334897995,NoButton,Move,695.0234375,419.40234375
531.2927920818329,531.2927920818329,NoButton,Move,696.296875,422.375
531.3009819984436,531.3009819984436,NoButton,Move,698.10546875,425.99609375
531.3091189861298,531.3091189861298,NoButton,Move,698.84375,427.83984375
531.3167850971222,531.3167850971222,NoButton,Move,700.1171875,430.8125
531.3250179290771,531.3250179290771,NoButton,Move,701.390625,433.78515625
531.3331570625305,531.3331570625305,NoButton,Move,702.18359375,436.1640625
531.3415238857269,531.3415238857269,NoButton,Move,703.37109375,438.54296875
531.3496460914612,531.3496460914612,NoButton,Move,704.109375,440.38671875
531.3579261302948,531.3579261302948,NoButton,Move,704.44921875,441.75
531.3661007881165,531.3661007881165,NoButton,Move,705.07421875,442.6875
531.3742771148682,531.3742771148682,NoButton,Move,705.38671875,443.625
531.3825471401215,531.3825471401215,NoButton,Move,705.671875,444.1953125
531.3906259536743,531.3906259536743,NoButton,Move,705.9296875,444.453125
531.3997299671173,531.3997299671173,NoButton,Move,705.9296875,444.7109375
531.4161078929901,531.4161078929901,Left,Pressed,705.9296875,444.7109375
531.4325940608978,531.4325940608978,NoButton,Move,705.9296875,444.83203125
531.5499260425568,531.5499260425568,Left,Released,705.9296875,444.83203125
532.1375029087067,532.1375029087067,NoButton,Move,705.9296875,445.0625
532.1375799179077,532.1375799179077,NoButton,Move,705.9296875,447.44140625
532.1376528739929,532.1376528739929,NoButton,Move,705.9296875,450.4140625
532.1377561092377,532.1377561092377,NoButton,Move,705.9296875,454.73828125
532.1378090381622,532.1378090381622,NoButton,Move,705.9296875,459.8203125
532.137864112854,532.137864112854,NoButton,Move,705.9296875,464.90234375
532.1430628299713,532.1430628299713,NoButton,Move,705.9296875,475.72265625
532.1511709690094,532.1511709690094,NoButton,Move,707.3359375,487.69921875
532.1593210697174,532.1593210697174,NoButton,Move,708.85546875,502.15234375
532.1675229072571,532.1675229072571,NoButton,Move,711.13671875,516.60546875
532.1757349967957,532.1757349967957,NoButton,Move,712.7109375,532.3828125
532.1840419769287,532.1840419769287,NoButton,Move,714.9921875,546.8359375
532.1920821666718,532.1920821666718,NoButton,Move,716.56640625,562.61328125
532.200532913208,532.200532913208,NoButton,Move,718.03125,575.80078125
532.208398103714,532.208398103714,NoButton,Move,718.5390625,580.8828125
532.2167909145355,532.2167909145355,NoButton,Move,719.18359375,590.578125
532.2248439788818,532.2248439788818,NoButton,Move,719.80078125,599.26171875
532.2332148551941,532.2332148551941,NoButton,Move,719.80078125,606.03125
532.2413499355316,532.2413499355316,NoButton,Move,719.80078125,611.9296875
532.249617099762,532.249617099762,NoButton,Move,719.80078125,614.30859375
532.257698059082,532.257698059082,NoButton,Move,719.80078125,618.6328125
532.2659921646118,532.2659921646118,NoButton,Move,719.80078125,621.60546875
537.4307019710541,537.4307019710541,NoButton,Move,719.3359375,621.60546875
537.4380650520325,537.4380650520325,NoButton,Move,716.953125,621.60546875
537.446212053299,537.446212053299,NoButton,Move,712.625,622.0859375
537.4543478488922,537.4543478488922,NoButton,Move,705.8515625,623.77734375
537.4648358821869,537.4648358821869,NoButton,Move,693.87109375,626.59375
537.4708671569824,537.4708671569824,NoButton,Move,679.4140625,629.63671875
537.4814460277557,537.4814460277557,NoButton,Move,659.3203125,633.12890625
537.4872081279755,537.4872081279755,NoButton,Move,647.33984375,635.2421875
537.4955251216888,537.4955251216888,NoButton,Move,627.24609375,638.734375
537.5037879943848,537.5037879943848,NoButton,Move,589.0625,644.515625
537.5122900009155,537.5122900009155,NoButton,Move,579.3359375,646.45703125
537.5199809074402,537.5199809074402,NoButton,Move,559.2421875,649.07421875
537.528079032898,537.528079032898,NoButton,Move,542.08203125,651.5234375
537.5363938808441,537.5363938808441,NoButton,Move,524.921875,653.97265625
538.282103061676,538.282103061676,NoButton,Move,526.078125,653.2734375
538.2897760868073,538.2897760868073,NoButton,Move,529.24609375,651.0078125
538.2982912063599,538.2982912063599,NoButton,Move,533.3125,647.953125
538.3059799671173,538.3059799671173,NoButton,Move,537.6015625,643.66015625
538.3146359920502,538.3146359920502,NoButton,Move,542.42578125,639.90234375
538.3224501609802,538.3224501609802,NoButton,Move,547.50390625,635.38671875
538.3331990242004,538.3331990242004,NoButton,Move,558.7109375,626.41796875
538.3332998752594,538.3332998752594,NoButton,Move,558.7109375,626.41796875
538.3955397605896,538.3955397605896,NoButton,Move,570.12109375,616.52734375
538.3955709934235,538.3955709934235,NoButton,Move,583.19140625,605.0859375
538.3955879211426,538.3955879211426,NoButton,Move,597.08203125,594.4609375
538.3956031799316,538.3956031799316,NoButton,Move,611.44921875,582.625
538.3956189155579,538.3956189155579,NoButton,Move,625.81640625,570.7890625
538.4126069545746,538.4126069545746,NoButton,Move,639.70703125,560.1640625
538.4156031608582,538.4156031608582,NoButton,Move,652.328125,550.6953125
538.4159569740295,538.4159569740295,NoButton,Move,657.96875,546.7421875
538.4161188602448,538.4161188602448,NoButton,Move,667.83203125,538.98828125
538.4161539077759,538.4161539077759,NoButton,Move,675.609375,533.15234375
538.4255459308624,538.4255459308624,NoButton,Move,683.05078125,528.1875
538.4333050251007,538.4333050251007,NoButton,Move,685.03515625,526.59765625
538.4417219161987,538.4417219161987,NoButton,Move,689.609375,523.54296875
538.450884103775,538.450884103775,NoButton,Move,692.77734375,521.73046875
538.4559168815613,538.4559168815613,NoButton,Move,695.14453125,520.54296875
538.4637610912323,538.4637610912323,NoButton,Move,696.5078125,519.859375
538.4701428413391,538.4701428413391,NoButton,Move,697.4453125,519.23046875
538.4795320034027,538.4795320034027,NoButton,Move,698.015625,518.94140625
538.508239030838,538.508239030838,NoButton,Move,698.5859375,518.94140625
538.5089399814606,538.5089399814606,NoButton,Move,698.84375,518.6796875
538.5105159282684,538.5105159282684,NoButton,Move,699.1015625,518.6796875
538.5403978824615,538.5403978824615,Left,Pressed,699.1015625,518.6796875
538.6325550079346,538.6325550079346,Left,Released,699.1015625,518.6796875
538.9378280639648,538.9378280639648,NoButton,Move,699.1015625,517.74609375
538.9455149173737,538.9455149173737,NoButton,Move,699.1015625,511.90625
538.9528350830078,538.9528350830078,NoButton,Move,699.1015625,498.71484375
538.9614272117615,538.9614272117615,NoButton,Move,699.1015625,484.2578125
538.9694979190826,538.9694979190826,NoButton,Move,699.1015625,462.61328125
538.9778320789337,538.9778320789337,NoButton,Move,700.0859375,435.97265625
538.9858119487762,538.9858119487762,NoButton,Move,701.15625,403.8203125
538.9942820072174,538.9942820072174,NoButton,Move,702.25390625,369.71484375
539.0023319721222,539.0023319721222,NoButton,Move,704.5078125,333.6015625
539.0103619098663,539.0103619098663,NoButton,Move,705.6640625,295.41796875
539.0183498859406,539.0183498859406,NoButton,Move,706.76171875,261.3125
539.0264248847961,539.0264248847961,NoButton,Move,707.51953125,246.85546875
539.0346767902374,539.0346767902374,NoButton,Move,708.53125,218.43359375
539.0429790019989,539.0429790019989,NoButton,Move,708.53125,193.515625
539.0512540340424,539.0512540340424,NoButton,Move,708.53125,173.421875
539.0593249797821,539.0593249797821,NoButton,Move,708.53125,166.6484375
539.0676460266113,539.0676460266113,NoButton,Move,709.26171875,153.45703125
539.0757169723511,539.0757169723511,NoButton,Move,709.26171875,142.6328125
539.0840029716492,539.0840029716492,NoButton,Move,709.8515625,134.9296875
539.0921471118927,539.0921471118927,NoButton,Move,709.8515625,129.02734375
539.100378036499,539.100378036499,NoButton,Move,710.24609375,126.64453125
539.1085619926453,539.1085619926453,NoButton,Move,710.6953125,123.01953125
539.1166949272156,539.1166949272156,NoButton,Move,711.1171875,120.04296875
539.1250259876251,539.1250259876251,NoButton,Move,711.96484375,117.06640625
539.1340620517731,539.1340620517731,NoButton,Move,713.0703125,115.21875
539.1412189006805,539.1412189006805,NoButton,Move,715.19140625,112.66796875
539.1495230197906,539.1495230197906,NoButton,Move,717.17578125,111.078125
539.1576328277588,539.1576328277588,NoButton,Move,719.01953125,109.96875
539.1660859584808,539.1660859584808,NoButton,Move,721.3984375,108.77734375
539.1751599311829,539.1751599311829,NoButton,Move,724.37109375,107.92578125
539.1823749542236,539.1823749542236,NoButton,Move,726.75,107.12890625
539.1902141571045,539.1902141571045,NoButton,Move,728.59375,106.7578125
539.1988599300385,539.1988599300385,NoButton,Move,730.97265625,105.9609375
539.2070388793945,539.2070388793945,NoButton,Move,733.3515625,105.5625
539.2150371074677,539.2150371074677,NoButton,Move,735.1953125,105.19140625
539.2233140468597,539.2233140468597,NoButton,Move,737.0390625,104.8203125
539.2316880226135,539.2316880226135,NoButton,Move,738.3984375,104.4765625
539.23948097229,539.23948097229,NoButton,Move,738.96875,104.4765625
539.2479810714722,539.2479810714722,NoButton,Move,739.90625,104.16015625
539.2581939697266,539.2581939697266,NoButton,Move,740.1640625,104.16015625
539.2650091648102,539.2650091648102,NoButton,Move,740.421875,103.8984375
539.2730910778046,539.2730910778046,NoButton,Move,740.6796875,103.8984375
539.2805840969086,539.2805840969086,NoButton,Move,740.6796875,103.32421875
539.2892010211945,539.2892010211945,NoButton,Move,740.6796875,102.75
539.2975718975067,539.2975718975067,NoButton,Move,740.6796875,101.3828125
539.3058059215546,539.3058059215546,NoButton,Move,740.6796875,100.015625
539.3135330677032,539.3135330677032,NoButton,Move,740.28125,97.6328125
539.3226690292358,539.3226690292358,NoButton,Move,739.00390625,94.65625
539.3297638893127,539.3297638893127,NoButton,Move,737.55859375,90.328125
539.339015007019,539.339015007019,NoButton,Move,736.19921875,86.703125
539.3468909263611,539.3468909263611,NoButton,Move,734.2734375,82.375
539.3543238639832,539.3543238639832,NoButton,Move,733.4765625,79.9921875
539.3626489639282,539.3626489639282,NoButton,Move,730.65234375,73.78125
539.3704810142517,539.3704810142517,NoButton,Move,729.54296875,72.30078125
539.3782911300659,539.3782911300659,NoButton,Move,727.73046875,69.12890625
539.3866679668427,539.3866679668427,NoButton,Move,726.5390625,66.74609375
539.3947041034698,539.3947041034698,NoButton,Move,724.94921875,64.7578125
539.403235912323,539.403235912323,NoButton,Move,723.83984375,63.27734375
539.4113500118256,539.4113500118256,NoButton,Move,722.73046875,61.796875
539.4193439483643,539.4193439483643,NoButton,Move,722.1015625,60.85546875
539.4275329113007,539.4275329113007,NoButton,Move,721.52734375,60.28125
539.4360458850861,539.4360458850861,NoButton,Move,720.953125,59.70703125
539.4439971446991,539.4439971446991,NoButton,Move,720.6640625,59.1328125
539.4523601531982,539.4523601531982,NoButton,Move,720.40234375,58.87109375
539.4604740142822,539.4604740142822,NoButton,Move,720.140625,58.609375
539.4689168930054,539.4689168930054,NoButton,Move,719.87890625,58.34765625
539.5165159702301,539.5165159702301,Left,Pressed,719.87890625,58.34765625
539.5166108608246,539.5166108608246,NoButton,Move,719.87890625,58.2265625
539.6160380840302,539.6160380840302,Left,Released,719.87890625,58.2265625
539.9273688793182,539.9273688793182,NoButton,Move,720.33984375,58.2265625
539.935464143753,539.935464143753,NoButton,Move,723.9609375,58.2265625
539.9437959194183,539.9437959194183,NoButton,Move,730.73046875,57.66015625
539.9520261287689,539.9520261287689,NoButton,Move,741.55078125,56.98046875
539.9600958824158,539.9600958824158,NoButton,Move,763.19140625,55.17578125
539.9683990478516,539.9683990478516,NoButton,Move,783.28125,54.30078125
539.9765291213989,539.9765291213989,NoButton,Move,806.53125,52.4375
539.9847550392151,539.9847550392151,NoButton,Move,833.16796875,52.4375
539.992437839508,539.992437839508,NoButton,Move,863.421875,51.390625
540.001415014267,540.001415014267,NoButton,Move,893.67578125,51.390625
540.0091791152954,540.0091791152954,NoButton,Move,923.9296875,51.390625
540.0178821086884,540.0178821086884,NoButton,Move,935.90625,51.390625
540.0256760120392,540.0256760120392,NoButton,Move,960.8203125,51.390625
540.0341291427612,540.0341291427612,NoButton,Move,982.4609375,51.390625
540.0419528484344,540.0419528484344,NoButton,Move,990.16015625,51.390625
540.050803899765,540.050803899765,NoButton,Move,1003.3203125,51.390625
540.0585100650787,540.0585100650787,NoButton,Move,1007.64453125,51.390625
540.3332278728485,540.3332278728485,Left,Pressed,1007.64453125,51.390625
540.4329190254211,540.4329190254211,Left,Released,1007.64453125,51.390625
540.5496690273285,540.5496690273285,NoButton,Move,1007.64453125,51.8515625
540.5575661659241,540.5575661659241,NoButton,Move,1007.64453125,56.17578125
540.5660400390625,540.5660400390625,NoButton,Move,1005.2734375,63.875
540.5737540721893,540.5737540721893,NoButton,Move,1003.49609375,71.57421875
540.58198595047,540.58198595047,NoButton,Move,1000.11328125,82.39453125
540.5902209281921,540.5902209281921,NoButton,Move,995.71484375,95.58203125
540.5991439819336,540.5991439819336,NoButton,Move,990.8359375,112.65234375
540.60626912117,540.60626912117,NoButton,Move,976.609375,150.5859375
540.6150801181793,540.6150801181793,NoButton,Move,962.0625,190.58203125
540.622967004776,540.622967004776,NoButton,Move,943.46484375,239.72265625
540.6314489841461,540.6314489841461,NoButton,Move,924.8671875,288.86328125
540.6451570987701,540.6451570987701,NoButton,Move,905.46875,342.890625
540.6472749710083,540.6472749710083,NoButton,Move,897.3515625,363.62890625
540.6551740169525,540.6551740169525,NoButton,Move,877.85546875,409.11328125
540.6652178764343,540.6652178764343,NoButton,Move,861.2578125,447.046875
540.6717631816864,540.6717631816864,NoButton,Move,854.15625,461.24609375
540.681492805481,540.681492805481,NoButton,Move,839.9453125,486.6171875
540.6881051063538,540.6881051063538,NoButton,Move,829.12109375,505.55078125
540.6985440254211,540.6985440254211,NoButton,Move,825.16796875,511.19140625
540.70463514328,540.70463514328,NoButton,Move,815.69921875,523.8125
540.7159609794617,540.7159609794617,NoButton,Move,810.734375,531.25390625
540.7210619449615,540.7210619449615,NoButton,Move,808.015625,533.96875
540.7320430278778,540.7320430278778,NoButton,Move,804.2578125,538.79296875
540.7376449108124,540.7376449108124,NoButton,Move,800.890625,541.67578125
540.7457220554352,540.7457220554352,NoButton,Move,799.30078125,543.66015625
540.7538919448853,540.7538919448853,NoButton,Move,797.8203125,544.765625
540.7828559875488,540.7828559875488,Left,Pressed,797.8203125,544.765625
540.7992949485779,540.7992949485779,NoButton,Move,797.55078125,545.03125
540.8826079368591,540.8826079368591,Left,Released,797.55078125,545.03125
542.8672029972076,542.8672029972076,NoButton,Move,797.55078125,548.9765625
542.8762180805206,542.8762180805206,NoButton,Move,797.01171875,554.875
542.8893091678619,542.8893091678619,NoButton,Move,795.31640625,561.64453125
542.8905551433563,542.8905551433563,NoButton,Move,793.16796875,567.54296875
542.8990099430084,542.8990099430084,NoButton,Move,791.1328125,572.625
542.9082081317902,542.9082081317902,NoButton,Move,787.9140625,577.98828125
542.9164609909058,542.9164609909058,NoButton,Move,785.37109375,582.5625
542.92444896698,542.92444896698,NoButton,Move,782.31640625,587.13671875
542.9319579601288,542.9319579601288,NoButton,Move,779.4296875,590.5
542.9404640197754,542.9404640197754,NoButton,Move,776.0625,593.86328125
542.9481670856476,542.9481670856476,NoButton,Move,770.73046875,599.78515625
542.9564130306244,542.9564130306244,NoButton,Move,764.2109375,604.5234375
542.967206954956,542.967206954956,NoButton,Move,757.69140625,608.66796875
542.9740309715271,542.9740309715271,NoButton,Move,746.41796875,613.59765625
542.9824910163879,542.9824910163879,NoButton,Move,738.71484375,615.96484375
542.9890809059143,542.9890809059143,NoButton,Move,734.38671875,616.92578125
542.9973530769348,542.9973530769348,NoButton,Move,725.69921875,619.40625
543.006285905838,543.006285905838,NoButton,Move,717.99609375,621.7734375
543.0141201019287,543.0141201019287,NoButton,Move,711.22265625,624.02734375
543.0232810974121,543.0232810974121,NoButton,Move,705.01171875,627.41015625
543.0302691459656,543.0302691459656,NoButton,Move,700.94140625,630.4609375
545.4049649238586,545.4049649238586,NoButton,Move,700.94140625,625.8125
545.414489030838,545.414489030838,NoButton,Move,702.125,618.109375
545.4211959838867,545.4211959838867,NoButton,Move,703.73046875,612.21875
545.4289200305939,545.4289200305939,NoButton,Move,706.41015625,606.8515625
545.4364399909973,545.4364399909973,NoButton,Move,709.08984375,601.484375
545.4444990158081,545.4444990158081,NoButton,Move,712.140625,597.4140625
545.4526298046112,545.4526298046112,NoButton,Move,715.0234375,594.046875
545.4608302116394,545.4608302116394,NoButton,Move,718.8671875,591.640625
545.4688880443573,545.4688880443573,NoButton,Move,722.7109375,589.234375
545.4774618148804,545.4774618148804,NoButton,Move,732.1796875,583.8203125
545.485673904419,545.485673904419,NoButton,Move,741.25390625,579.28125
545.4938740730286,545.4938740730286,NoButton,Move,750.9765625,576.0390625
545.5020577907562,545.5020577907562,NoButton,Move,762.953125,572.515625
545.5103249549866,545.5103249549866,NoButton,Move,776.140625,570.31640625
545.5185699462891,545.5185699462891,NoButton,Move,788.1171875,567.49609375
545.5268490314484,545.5268490314484,NoButton,Move,793.19921875,566.984375
545.5350120067596,545.5350120067596,NoButton,Move,802.921875,565.0390625
545.543518781662,545.543518781662,NoButton,Move,812.64453125,563.09375
545.5514879226685,545.5514879226685,NoButton,Move,820.34375,561.31640625
545.5598890781403,545.5598890781403,NoButton,Move,822.72265625,560.91796875
545.567971944809,545.567971944809,NoButton,Move,827.8046875,559.390625
545.5763947963715,545.5763947963715,NoButton,Move,831.42578125,558.484375
545.5847070217133,545.5847070217133,NoButton,Move,833.8046875,557.29296875
545.5930089950562,545.5930089950562,NoButton,Move,835.16796875,556.609375
545.601156949997,545.601156949997,NoButton,Move,836.64453125,555.12890625
545.6097750663757,545.6097750663757,NoButton,Move,836.64453125,554.1875
545.6173520088196,545.6173520088196,NoButton,Move,836.64453125,552.8203125
545.8552260398865,545.8552260398865,NoButton,Move,838.546875,552.8203125
545.864264011383,545.864264011383,NoButton,Move,843.62890625,552.8203125
545.8709599971771,545.8709599971771,NoButton,Move,848.7109375,552.8203125
545.8781759738922,545.8781759738922,NoButton,Move,853.79296875,552.8203125
545.8863000869751,545.8863000869751,NoButton,Move,859.69140625,552.8203125
545.8960700035095,545.8960700035095,NoButton,Move,865.58984375,553.35546875
545.9034769535065,545.9034769535065,NoButton,Move,870.671875,554.37109375
545.9129979610443,545.9129979610443,NoButton,Move,880.39453125,556.3125
545.9209141731262,545.9209141731262,NoButton,Move,888.09375,558.0859375
545.9294149875641,545.9294149875641,NoButton,Move,891.06640625,558.93359375
545.9364640712738,545.9364640712738,NoButton,Move,896.96484375,561.078125
545.945111989975,545.945111989975,NoButton,Move,900.5859375,562.43359375
545.953779220581,545.953779220581,NoButton,Move,903.55859375,563.28125
545.9609489440918,545.9609489440918,NoButton,Move,905.40234375,564.01953125
545.9690988063812,545.9690988063812,NoButton,Move,906.765625,564.69921875
545.9774198532104,545.9774198532104,NoButton,Move,907.3359375,565.26953125
545.9853219985962,545.9853219985962,NoButton,Move,907.90625,565.5546875
545.9940450191498,545.9940450191498,NoButton,Move,908.1640625,565.8125
546.0022790431976,546.0022790431976,NoButton,Move,908.421875,565.8125
546.0102000236511,546.0102000236511,NoButton,Move,908.6796875,566.0703125
546.0332109928131,546.0332109928131,Left,Pressed,908.6796875,566.0703125
546.1495230197906,546.1495230197906,Left,Released,908.6796875,566.0703125
549.3583619594574,549.3583619594574,NoButton,Move,908.6796875,565.83984375
549.3826549053192,549.3826549053192,NoButton,Move,908.6796875,565.59765625
549.4073560237885,549.4073560237885,NoButton,Move,908.6796875,565.35546875
549.4151358604431,549.4151358604431,NoButton,Move,908.6796875,565.09375
549.4318261146545,549.4318261146545,NoButton,Move,908.6796875,564.84765625
549.4580709934235,549.4580709934235,NoButton,Move,908.6796875,564.60546875
549.4892408847809,549.4892408847809,NoButton,Move,908.6796875,564.3671875
549.5470061302185,549.5470061302185,NoButton,Move,908.6796875,564.12890625
549.5629091262817,549.5629091262817,NoButton,Move,908.921875,563.8828125
549.5799598693848,549.5799598693848,NoButton,Move,909.1640625,563.63671875
549.5890641212463,549.5890641212463,NoButton,Move,909.1640625,563.375
549.5959279537201,549.5959279537201,NoButton,Move,909.1640625,563.11328125
549.603945016861,549.603945016861,NoButton,Move,909.421875,563.11328125
549.6127247810364,549.6127247810364,NoButton,Move,909.421875,562.8515625
549.620787858963,549.620787858963,NoButton,Move,909.6796875,562.58984375
549.6373798847198,549.6373798847198,NoButton,Move,909.921875,562.34375
549.653548002243,549.653548002243,NoButton,Move,909.921875,562.09765625
549.6605107784271,549.6605107784271,NoButton,Move,910.1796875,562.09765625
549.6771922111511,549.6771922111511,NoButton,Move,910.421875,562.09765625
549.6854159832001,549.6854159832001,NoButton,Move,910.6796875,561.8359375
549.6943430900574,549.6943430900574,NoButton,Move,910.9375,561.8359375
549.7019970417023,549.7019970417023,NoButton,Move,911.1953125,561.8359375
549.7106280326843,549.7106280326843,NoButton,Move,911.453125,561.8359375
549.7182168960571,549.7182168960571,NoButton,Move,912.390625,561.8359375
549.726184129715,549.726184129715,NoButton,Move,912.9609375,561.8359375
549.734267950058,549.734267950058,NoButton,Move,913.8984375,561.8359375
549.7423820495605,549.7423820495605,NoButton,Move,914.8359375,561.8359375
549.7507939338684,549.7507939338684,NoButton,Move,915.7734375,561.8359375
549.7591650485992,549.7591650485992,NoButton,Move,917.6171875,561.8359375
549.7673649787903,549.7673649787903,NoButton,Move,918.98046875,561.8359375
549.7761969566345,549.7761969566345,NoButton,Move,920.82421875,562.203125
549.7838189601898,549.7838189601898,NoButton,Move,923.203125,562.99609375
549.7917969226837,549.7917969226837,NoButton,Move,924.56640625,563.67578125
549.8006570339203,549.8006570339203,NoButton,Move,926.41015625,564.4140625
549.8091299533844,549.8091299533844,NoButton,Move,928.25390625,565.15234375
549.8167090415955,549.8167090415955,NoButton,Move,929.6171875,565.83203125
549.8249549865723,549.8249549865723,NoButton,Move,930.98046875,566.51171875
549.8331718444824,549.8331718444824,NoButton,Move,931.91796875,566.82421875
549.8412129878998,549.8412129878998,NoButton,Move,932.85546875,567.44921875
549.8494970798492,549.8494970798492,NoButton,Move,933.42578125,567.734375
549.8596200942993,549.8596200942993,NoButton,Move,933.99609375,568.01953125
549.8657870292664,549.8657870292664,NoButton,Move,934.25390625,568.27734375
549.8734681606293,549.8734681606293,NoButton,Move,934.51171875,568.53515625
549.8822481632233,549.8822481632233,NoButton,Move,934.765625,568.7890625
549.9167158603668,549.9167158603668,Left,Pressed,934.765625,568.7890625
550.0500390529633,550.0500390529633,Left,Released,934.765625,568.7890625
550.3077759742737,550.3077759742737,NoButton,Move,934.765625,569.484375
550.31623005867,550.31623005867,NoButton,Move,934.765625,570.84765625
550.3239998817444,550.3239998817444,NoButton,Move,934.765625,572.2109375
550.3327751159668,550.3327751159668,NoButton,Move,934.421875,573.57421875
550.3414177894592,550.3414177894592,NoButton,Move,934.0234375,575.953125
550.3487679958344,550.3487679958344,NoButton,Move,932.74609375,578.92578125
550.3567662239075,550.3567662239075,NoButton,Move,931.5546875,581.3046875
550.3678061962128,550.3678061962128,NoButton,Move,929.8515625,583.8515625
550.3737890720367,550.3737890720367,NoButton,Move,927.1328125,586.56640625
550.3814949989319,550.3814949989319,NoButton,Move,925.0078125,589.11328125
550.3900990486145,550.3900990486145,NoButton,Move,921.640625,591.99609375
550.398041009903,550.398041009903,NoButton,Move,918.46875,594.2578125
550.4066081047058,550.4066081047058,NoButton,Move,915.91796875,595.95703125
550.4147601127625,550.4147601127625,NoButton,Move,914.0703125,597.0625
550.4222440719604,550.4222440719604,NoButton,Move,911.51953125,599.18359375
550.4353928565979,550.4353928565979,NoButton,Move,908.34765625,600.9921875
550.4393901824951,550.4393901824951,NoButton,Move,906.359375,602.578125
550.4469339847565,550.4469339847565,NoButton,Move,904.37109375,604.1640625
550.4556970596313,550.4556970596313,NoButton,Move,902.3828125,605.75
550.4632198810577,550.4632198810577,NoButton,Move,900.90234375,607.2265625
550.4723529815674,550.4723529815674,NoButton,Move,899.421875,608.33203125
550.479859828949,550.479859828949,NoButton,Move,898.3125,609.80859375
550.4885520935059,550.4885520935059,NoButton,Move,897.28515625,610.83203125
550.4979491233826,550.4979491233826,NoButton,Move,896.65625,611.76953125
550.5036461353302,550.5036461353302,NoButton,Move,896.08203125,612.33984375
550.5116980075836,550.5116980075836,NoButton,Move,895.5078125,612.91015625
550.5202989578247,550.5202989578247,NoButton,Move,895.24609375,613.16796875
550.5296401977539,550.5296401977539,NoButton,Move,894.984375,613.42578125
550.5372190475464,550.5372190475464,NoButton,Move,894.984375,613.68359375
550.5459220409393,550.5459220409393,NoButton,Move,894.72265625,613.68359375
550.5665938854218,550.5665938854218,Left,Pressed,894.72265625,613.68359375
550.6675579547882,550.6675579547882,Left,Released,894.72265625,613.68359375
551.0371408462524,551.0371408462524,NoButton,Move,894.72265625,612.28125
551.0444769859314,551.0444769859314,NoButton,Move,894.72265625,609.8984375
551.0527122020721,551.0527122020721,NoButton,Move,894.72265625,606.2734375
551.0618619918823,551.0618619918823,NoButton,Move,894.72265625,598.5703125
551.0689649581909,551.0689649581909,NoButton,Move,894.18359375,592.66796875
551.0773680210114,551.0773680210114,NoButton,Move,892.40625,584.96484375
551.0859649181366,551.0859649181366,NoButton,Move,890.55859375,576.359375
551.093691110611,551.093691110611,NoButton,Move,888.6953125,567.671875
551.1032359600067,551.1032359600067,NoButton,Move,886.1015625,557.9453125
551.1093790531158,551.1093790531158,NoButton,Move,883.39453125,547.12109375
551.117917060852,551.117917060852,NoButton,Move,880.01171875,536.296875
551.1261150836945,551.1261150836945,NoButton,Move,876.62890625,525.47265625
551.1344380378723,551.1344380378723,NoButton,Move,872.56640625,515.32421875
551.1420559883118,551.1420559883118,NoButton,Move,869.32421875,505.59765625
551.1507408618927,551.1507408618927,NoButton,Move,866.08203125,495.87109375
551.1586740016937,551.1586740016937,NoButton,Move,864.15625,491.54296875
551.1675550937653,551.1675550937653,NoButton,Move,861.05078125,482.85546875
551.1750400066376,551.1750400066376,NoButton,Move,857.9453125,474.16796875
551.1837639808655,551.1837639808655,NoButton,Move,854.98046875,466.46484375
551.1915349960327,551.1915349960327,NoButton,Move,852.015625,458.76171875
551.1996130943298,551.1996130943298,NoButton,Move,849.64453125,451.05859375
551.208163022995,551.208163022995,NoButton,Move,847.49609375,445.15625
551.2169709205627,551.2169709205627,NoButton,Move,845.35546875,439.26953125
551.2240831851959,551.2240831851959,NoButton,Move,843.828125,434.18359375
551.2328779697418,551.2328779697418,NoButton,Move,843.4296875,431.80078125
551.240532875061,551.240532875061,NoButton,Move,842.0703125,428.17578125
551.2487971782684,551.2487971782684,NoButton,Move,841.21875,425.19921875
551.256914138794,551.256914138794,NoButton,Move,840.8203125,422.81640625
551.2662069797516,551.2662069797516,NoButton,Move,840.078125,420.96875
551.273766040802,551.273766040802,NoButton,Move,840.078125,419.6015625
551.2816548347473,551.2816548347473,NoButton,Move,839.76171875,418.66015625
551.2896161079407,551.2896161079407,NoButton,Move,839.5,418.3984375
551.2983961105347,551.2983961105347,NoButton,Move,839.5,417.82421875
551.3060960769653,551.3060960769653,NoButton,Move,839.23828125,417.5625
551.3223669528961,551.3223669528961,NoButton,Move,839.23828125,417.31640625
551.3309290409088,551.3309290409088,NoButton,Move,838.98046875,417.31640625
551.3999981880188,551.3999981880188,Left,Pressed,838.98046875,417.31640625
551.533438205719,551.533438205719,Left,Released,838.98046875,417.31640625
551.9694640636444,551.9694640636444,NoButton,Move,838.98046875,416.8515625
551.9770619869232,551.9770619869232,NoButton,Move,838.98046875,414.46875
551.9855442047119,551.9855442047119,NoButton,Move,838.98046875,412.62109375
551.9937410354614,551.9937410354614,NoButton,Move,838.98046875,410.23828125
552.0019612312317,552.0019612312317,NoButton,Move,838.18359375,407.85546875
552.0111191272736,552.0111191272736,NoButton,Move,837.38671875,405.47265625
552.0186040401459,552.0186040401459,NoButton,Move,836.53515625,402.49609375
552.0267109870911,552.0267109870911,NoButton,Move,835.2578125,399.51953125
552.0350968837738,552.0350968837738,NoButton,Move,833.8984375,395.89453125
552.0432410240173,552.0432410240173,NoButton,Move,832.0859375,392.72265625
552.0513389110565,552.0513389110565,NoButton,Move,831.40234375,391.35546875
552.0595149993896,552.0595149993896,NoButton,Move,829.3671875,386.26953125
552.0679111480713,552.0679111480713,NoButton,Move,828.2578125,384.79296875
552.075973033905,552.075973033905,NoButton,Move,826.5546875,382.2421875
552.0851380825043,552.0851380825043,NoButton,Move,825.36328125,379.859375
552.0921828746796,552.0921828746796,NoButton,Move,823.66015625,377.30859375
552.1007761955261,552.1007761955261,NoButton,Move,822.55078125,375.4609375
552.1093909740448,552.1093909740448,NoButton,Move,820.9609375,373.47265625
552.1166460514069,552.1166460514069,NoButton,Move,819.8515625,371.625
552.1246750354767,552.1246750354767,NoButton,Move,818.26171875,369.63671875
552.134792804718,552.134792804718,NoButton,Move,816.44921875,366.46484375
552.1411409378052,552.1411409378052,NoButton,Move,815.2578125,364.08203125
552.1495668888092,552.1495668888092,NoButton,Move,814.57421875,362.71484375
552.1573741436005,552.1573741436005,NoButton,Move,813.46484375,360.8671875
552.1659450531006,552.1659450531006,NoButton,Move,812.671875,358.48828125
552.1740789413452,552.1740789413452,NoButton,Move,811.5625,356.640625
552.1823132038116,552.1823132038116,NoButton,Move,810.8203125,354.79296875
552.1904480457306,552.1904480457306,NoButton,Move,810.13671875,353.42578125
552.1988999843597,552.1988999843597,NoButton,Move,809.453125,352.05859375
552.2067828178406,552.2067828178406,NoButton,Move,808.82421875,351.1171875
552.2181830406189,552.2181830406189,NoButton,Move,808.5078125,350.17578125
552.222815990448,552.222815990448,NoButton,Move,808.21875,349.6015625
552.2314169406891,552.2314169406891,NoButton,Move,807.9296875,349.02734375
552.2394778728485,552.2394778728485,NoButton,Move,807.66796875,348.765625
552.2478549480438,552.2478549480438,NoButton,Move,807.66796875,348.50390625
552.2561399936676,552.2561399936676,NoButton,Move,807.40625,348.2421875
552.2644200325012,552.2644200325012,NoButton,Move,807.40625,347.98046875
552.2729239463806,552.2729239463806,NoButton,Move,807.14453125,347.98046875
552.2892248630524,552.2892248630524,NoButton,Move,807.14453125,347.734375
552.4245159626007,552.4245159626007,Left,Pressed,807.14453125,347.734375
552.4326171875,552.4326171875,Left,Released,807.14453125,347.734375
552.7396640777588,552.7396640777588,NoButton,Move,807.375,347.734375
552.7472250461578,552.7472250461578,NoButton,Move,807.6328125,347.9921875
552.7561919689178,552.7561919689178,NoButton,Move,807.890625,348.25
552.7636280059814,552.7636280059814,NoButton,Move,808.1484375,348.5078125
552.7725570201874,552.7725570201874,NoButton,Move,808.71875,349.078125
552.7798869609833,552.7798869609833,NoButton,Move,809.00390625,349.6484375
552.788731098175,552.788731098175,NoButton,Move,809.57421875,350.21875
552.7964959144592,552.7964959144592,NoButton,Move,810.19921875,351.15625
552.8067271709442,552.8067271709442,NoButton,Move,811.22265625,352.1796875
552.8139958381653,552.8139958381653,NoButton,Move,812.328125,353.65625
552.8229629993439,552.8229629993439,NoButton,Move,813.43359375,355.5
552.8310067653656,552.8310067653656,NoButton,Move,814.91015625,356.9765625
552.8375020027161,552.8375020027161,NoButton,Move,816.09765625,359.3515625
552.8476819992065,552.8476819992065,NoButton,Move,817.68359375,361.3359375
552.8539428710938,552.8539428710938,NoButton,Move,819.375,363.875
552.8619220256805,552.8619220256805,NoButton,Move,821.49609375,366.421875
552.8716700077057,552.8716700077057,NoButton,Move,823.7578125,369.58984375
552.8792080879211,552.8792080879211,NoButton,Move,826.16015625,373.43359375
552.8864240646362,552.8864240646362,NoButton,Move,827.96875,377.0546875
552.8942379951477,552.8942379951477,NoButton,Move,830.6484375,382.41796875
552.9026899337769,552.9026899337769,NoButton,Move,833.1875,386.9921875
552.9106569290161,552.9106569290161,NoButton,Move,835.21875,392.07421875
552.9192199707031,552.9192199707031,NoButton,Move,837.140625,396.3984375
552.9268140792847,552.9268140792847,NoButton,Move,839.0625,400.72265625
552.9352738857269,552.9352738857269,NoButton,Move,840.984375,405.046875
552.9435029029846,552.9435029029846,NoButton,Move,842.33984375,408.66796875
552.9514999389648,552.9514999389648,NoButton,Move,843.6953125,412.2890625
552.959636926651,552.959636926651,NoButton,Move,844.0625,414.1328125
552.9680061340332,552.9680061340332,NoButton,Move,845.3359375,417.10546875
552.9761829376221,552.9761829376221,NoButton,Move,846.18359375,420.078125
552.9843339920044,552.9843339920044,NoButton,Move,846.9765625,422.45703125
552.9930419921875,552.9930419921875,NoButton,Move,847.37109375,424.8359375
553.0008969306946,553.0008969306946,NoButton,Move,847.765625,427.21484375
553.0089900493622,553.0089900493622,NoButton,Move,848.1328125,429.05859375
553.017077922821,553.017077922821,NoButton,Move,848.5,430.90234375
553.0261311531067,553.0261311531067,NoButton,Move,848.5,432.265625
553.0339639186859,553.0339639186859,NoButton,Move,848.5,433.62890625
553.0417461395264,553.0417461395264,NoButton,Move,848.5,434.9921875
553.0499618053436,553.0499618053436,NoButton,Move,848.5,436.35546875
553.0580310821533,553.0580310821533,NoButton,Move,848.12890625,438.19921875
553.0663380622864,553.0663380622864,NoButton,Move,846.5390625,440.18359375
553.0743761062622,553.0743761062622,NoButton,Move,845.05859375,441.66015625
553.0825719833374,553.0825719833374,NoButton,Move,843.578125,443.13671875
553.0909428596497,553.0909428596497,NoButton,Move,841.02734375,444.8359375
553.0990388393402,553.0990388393402,NoButton,Move,838.4765625,446.53515625
553.1080360412598,553.1080360412598,NoButton,Move,835.3046875,448.34375
553.1155440807343,553.1155440807343,NoButton,Move,832.328125,449.6171875
553.1246929168701,553.1246929168701,NoButton,Move,829.3515625,450.890625
553.1322090625763,553.1322090625763,NoButton,Move,826.37890625,451.73828125
553.1397941112518,553.1397941112518,NoButton,Move,824.53125,452.4765625
553.1505341529846,553.1505341529846,NoButton,Move,820.203125,453.91796875
553.1565039157867,553.1565039157867,NoButton,Move,818.8359375,454.2578125
553.1646239757538,553.1646239757538,NoButton,Move,815.859375,455.10546875
553.1730999946594,553.1730999946594,NoButton,Move,814.01171875,455.47265625
553.181431055069,553.181431055069,NoButton,Move,812.1640625,455.83984375
553.1895101070404,553.1895101070404,NoButton,Move,810.31640625,456.20703125
553.1976330280304,553.1976330280304,NoButton,Move,808.94921875,456.546875
553.2066869735718,553.2066869735718,NoButton,Move,808.0078125,456.859375
553.2141180038452,553.2141180038452,NoButton,Move,807.06640625,457.171875
553.2225089073181,553.2225089073181,NoButton,Move,806.125,457.484375
553.2296769618988,553.2296769618988,NoButton,Move,805.55078125,457.484375
553.2383770942688,553.2383770942688,NoButton,Move,805.2890625,457.484375
553.2462759017944,553.2462759017944,NoButton,Move,805.02734375,457.484375
553.2546751499176,553.2546751499176,NoButton,Move,804.765625,457.484375
553.2713260650635,553.2713260650635,NoButton,Move,804.51953125,457.484375
557.099946975708,557.099946975708,NoButton,Move,804.74609375,457.484375
557.1066720485687,557.1066720485687,NoButton,Move,805.31640625,457.76953125
557.1161608695984,557.1161608695984,NoButton,Move,805.6015625,458.33984375
557.1236641407013,557.1236641407013,NoButton,Move,805.9140625,459.27734375
557.1330380439758,557.1330380439758,NoButton,Move,805.9140625,459.84765625
557.1398270130157,557.1398270130157,NoButton,Move,805.9140625,461.2109375
557.1496438980103,557.1496438980103,NoButton,Move,805.5703125,462.57421875
557.1562559604645,557.1562559604645,NoButton,Move,803.98046875,464.55859375
557.1664481163025,557.1664481163025,NoButton,Move,800.1328125,466.9609375
557.1728110313416,557.1728110313416,NoButton,Move,793.61328125,471.10546875
557.1825251579285,557.1825251579285,NoButton,Move,789.98828125,472.4609375
557.1886529922485,557.1886529922485,NoButton,Move,784.62109375,475.140625
557.2030808925629,557.2030808925629,NoButton,Move,777.84765625,476.83203125
557.2047798633575,557.2047798633575,NoButton,Move,771.9453125,478.4375
557.2162117958069,557.2162117958069,NoButton,Move,766.04296875,478.97265625
557.2213449478149,557.2213449478149,NoButton,Move,760.95703125,478.97265625
557.2295110225677,557.2295110225677,NoButton,Move,755.0546875,478.97265625
557.237450838089,557.237450838089,NoButton,Move,749.96875,478.97265625
557.2460899353027,557.2460899353027,NoButton,Move,745.640625,478.0078125
557.2536990642548,557.2536990642548,NoButton,Move,741.79296875,475.6015625
557.2627182006836,557.2627182006836,NoButton,Move,737.72265625,472.546875
557.2701599597931,557.2701599597931,NoButton,Move,734.35546875,469.66015625
557.2781069278717,557.2781069278717,NoButton,Move,731.63671875,466.94140625
557.2864949703217,557.2864949703217,NoButton,Move,728.75,463.57421875
557.2944538593292,557.2944538593292,NoButton,Move,727.640625,461.7265625
557.3027160167694,557.3027160167694,NoButton,Move,725.9375,459.17578125
557.3110110759735,557.3110110759735,NoButton,Move,724.125,456.00390625
557.3190670013428,557.3190670013428,NoButton,Move,723.015625,454.15625
557.3273198604584,557.3273198604584,NoButton,Move,722.2734375,452.30859375
557.3365819454193,557.3365819454193,NoButton,Move,721.95703125,451.3671875
557.3438050746918,557.3438050746918,NoButton,Move,721.640625,450.42578125
559.1372179985046,559.1372179985046,NoButton,Move,716.26953125,452.5234375
559.1466588973999,559.1466588973999,NoButton,Move,705.27734375,459.84765625
559.1531019210815,559.1531019210815,NoButton,Move,694.28515625,467.90625
559.1611659526825,559.1611659526825,NoButton,Move,684.8125,473.9921875
559.171306848526,559.171306848526,NoButton,Move,676.3828125,479.82421875
559.1799490451813,559.1799490451813,NoButton,Move,669.2734375,483.96875
559.1867470741272,559.1867470741272,NoButton,Move,662.75390625,488.11328125
559.1970090866089,559.1970090866089,NoButton,Move,657.38671875,490.79296875
559.2027990818024,559.2027990818024,NoButton,Move,652.80859375,493.33203125
559.211207151413,559.211207151413,NoButton,Move,648.48046875,494.7734375
559.2192008495331,559.2192008495331,NoButton,Move,640.4140625,498.4921875
559.2277522087097,559.2277522087097,NoButton,Move,633.65234375,500.7421875
559.2349879741669,559.2349879741669,NoButton,Move,627.75,502.34765625
559.2442049980164,559.2442049980164,NoButton,Move,621.84765625,503.41796875
559.2514867782593,559.2514867782593,NoButton,Move,616.76171875,503.92578125
559.2597749233246,559.2597749233246,NoButton,Move,612.43359375,503.92578125
559.2679669857025,559.2679669857025,NoButton,Move,608.10546875,503.92578125
559.2759230136871,559.2759230136871,NoButton,Move,603.01953125,503.92578125
559.9228639602661,559.9228639602661,NoButton,Move,602.78515625,503.92578125
559.9320750236511,559.9320750236511,NoButton,Move,600.40234375,503.92578125
559.943286895752,559.943286895752,NoButton,Move,597.42578125,504.7734375
559.9483199119568,559.9483199119568,NoButton,Move,594.44921875,505.62109375
559.9547250270844,559.9547250270844,NoButton,Move,590.12109375,506.58203125
559.9655568599701,559.9655568599701,NoButton,Move,584.21875,507.65234375
559.9723689556122,559.9723689556122,NoButton,Move,577.4453125,508.77734375
559.9791440963745,559.9791440963745,NoButton,Move,566.62109375,510.12890625
559.9876818656921,559.9876818656921,NoButton,Move,553.4453125,511.58984375
559.9963109493256,559.9963109493256,NoButton,Move,541.46484375,512.29296875
560.0040118694305,560.0040118694305,NoButton,Move,528.2734375,512.29296875
560.0133810043335,560.0133810043335,NoButton,Move,515.08203125,512.29296875
560.0202448368073,560.0202448368073,NoButton,Move,503.1015625,512.29296875
560.0300629138947,560.0300629138947,NoButton,Move,493.375,510.99609375
560.0370609760284,560.0370609760284,NoButton,Move,483.6484375,507.75390625
560.0475389957428,560.0475389957428,NoButton,Move,479.3203125,505.828125
560.0535128116608,560.0535128116608,NoButton,Move,465.625,499.73828125
560.7010090351105,560.7010090351105,NoButton,Move,466.0859375,499.73828125
560.7091438770294,560.7091438770294,NoButton,Move,468.46484375,499.73828125
560.7166090011597,560.7166090011597,NoButton,Move,470.84375,499.73828125
560.7245841026306,560.7245841026306,NoButton,Move,473.81640625,499.73828125
560.7349319458008,560.7349319458008,NoButton,Move,476.18359375,499.73828125
560.7410228252411,560.7410228252411,NoButton,Move,478.02734375,499.73828125
560.7516069412231,560.7516069412231,NoButton,Move,480.40625,499.73828125
560.7573919296265,560.7573919296265,NoButton,Move,482.25,499.73828125
560.7672848701477,560.7672848701477,NoButton,Move,483.61328125,499.73828125
560.7736930847168,560.7736930847168,NoButton,Move,486.5859375,499.73828125
560.7848989963531,560.7848989963531,NoButton,Move,488.4296875,499.73828125
560.790050983429,560.790050983429,NoButton,Move,489.79296875,499.73828125
560.8010439872742,560.8010439872742,NoButton,Move,491.15625,499.73828125
560.8065209388733,560.8065209388733,NoButton,Move,491.7265625,499.73828125
560.817834854126,560.817834854126,NoButton,Move,492.296875,499.73828125
560.822830915451,560.822830915451,NoButton,Move,492.5546875,499.73828125
560.8507077693939,560.8507077693939,Left,Pressed,492.5546875,499.73828125
560.8663060665131,560.8663060665131,NoButton,Move,492.67578125,499.73828125
560.9498028755188,560.9498028755188,Left,Released,492.67578125,499.73828125
565.0336899757385,565.0336899757385,NoButton,Move,493.3671875,499.73828125
565.0396070480347,565.0396070480347,NoButton,Move,499.8828125,495.58984375
565.0488209724426,565.0488209724426,NoButton,Move,508.95703125,491.05078125
565.0561068058014,565.0561068058014,NoButton,Move,519.5234375,485.4140625
565.0640721321106,565.0640721321106,NoButton,Move,544.1875,474.55859375
565.0729031562805,565.0729031562805,NoButton,Move,559.17578125,468.24609375
565.0837030410767,565.0837030410767,NoButton,Move,587.34375,454.6796875
565.089262008667,565.089262008667,NoButton,Move,621.4765625,438.74609375
565.0963039398193,565.0963039398193,NoButton,Move,655.33203125,424.07421875
565.1035749912262,565.1035749912262,NoButton,Move,689.1875,410.53125
565.1117010116577,565.1117010116577,NoButton,Move,702.375,406.1328125
565.1198029518127,565.1198029518127,NoButton,Move,729.77734375,395.98046875
565.127935886383,565.127935886383,NoButton,Move,753.734375,387.35546875
565.1360909938812,565.1360909938812,NoButton,Move,772.94921875,380.3671875
565.1443538665771,565.1443538665771,NoButton,Move,780.0546875,377.40234375
565.1528081893921,565.1528081893921,NoButton,Move,784.37890625,375.95703125
565.1608622074127,565.1608622074127,NoButton,Move,793.453125,372.06640625
565.1690089702606,565.1690089702606,NoButton,Move,799.66015625,369.2421875
565.1772949695587,565.1772949695587,NoButton,Move,806.765625,365.09375
565.1857829093933,565.1857829093933,NoButton,Move,807.87109375,363.24609375
565.1935970783234,565.1935970783234,NoButton,Move,808.23828125,361.3984375
571.4357888698578,571.4357888698578,NoButton,Move,807.08203125,362.78125
571.439131975174,571.439131975174,NoButton,Move,803.71484375,366.14453125
571.4499371051788,571.4499371051788,NoButton,Move,798.0703125,370.65625
571.4553561210632,571.4553561210632,NoButton,Move,791.2421875,376.859375
571.466402053833,571.466402053833,NoButton,Move,782.08203125,384.609375
571.4718050956726,571.4718050956726,NoButton,Move,763.48046875,399.48828125
571.4831049442291,571.4831049442291,NoButton,Move,725.34765625,427.44921875
571.4882619380951,571.4882619380951,NoButton,Move,692.94921875,448.2734375
571.5002951622009,571.5002951622009,NoButton,Move,675.4765625,459.62890625
571.5047399997711,571.5047399997711,NoButton,Move,617.69140625,499.1640625
571.5169649124146,571.5169649124146,NoButton,Move,600.21875,509.64453125
571.5208699703217,571.5208699703217,NoButton,Move,568.6171875,528.828125
571.5290768146515,571.5290768146515,NoButton,Move,555.68359375,536.43359375
571.5372340679169,571.5372340679169,NoButton,Move,530.30859375,550.640625
571.5455558300018,571.5455558300018,NoButton,Move,522.2421875,554.359375
571.5536069869995,571.5536069869995,NoButton,Move,505.8984375,561.7109375
571.5618190765381,571.5618190765381,NoButton,Move,493.44140625,566.10546875
571.5699460506439,571.5699460506439,NoButton,Move,482.6171875,568.1328125
571.5782508850098,571.5782508850098,NoButton,Move,473.9296875,568.1328125
571.5848701000214,571.5848701000214,NoButton,Move,473.9296875,568.1328125
571.9965360164642,571.9965360164642,NoButton,Move,473.9296875,567.43359375
572.0045759677887,572.0045759677887,NoButton,Move,474.296875,565.5859375
572.012631893158,572.012631893158,NoButton,Move,475.08984375,563.203125
572.0208909511566,572.0208909511566,NoButton,Move,476.8984375,559.578125
572.0291540622711,572.0291540622711,NoButton,Move,478.8203125,555.25
572.0372440814972,572.0372440814972,NoButton,Move,480.2578125,550.92578125
572.0459060668945,572.0459060668945,NoButton,Move,481.78125,545.83984375
572.0538568496704,572.0538568496704,NoButton,Move,482.796875,540.75390625
572.0626330375671,572.0626330375671,NoButton,Move,484.40234375,534.8515625
572.070121049881,572.070121049881,NoButton,Move,484.91015625,529.765625
572.0786311626434,572.0786311626434,NoButton,Move,485.4453125,523.86328125
572.0867419242859,572.0867419242859,NoButton,Move,486.0078125,517.08984375
572.094911813736,572.094911813736,NoButton,Move,486.54296875,511.1875
572.1038420200348,572.1038420200348,NoButton,Move,486.54296875,506.1015625
572.1113240718842,572.1113240718842,NoButton,Move,486.54296875,504.25390625
572.1194360256195,572.1194360256195,NoButton,Move,486.54296875,499.92578125
572.127748966217,572.127748966217,NoButton,Move,486.54296875,497.54296875
572.1358938217163,572.1358938217163,NoButton,Move,486.54296875,495.16015625
572.1440050601959,572.1440050601959,NoButton,Move,486.54296875,493.79296875
572.1521849632263,572.1521849632263,NoButton,Move,486.54296875,492.8515625
572.1602311134338,572.1602311134338,NoButton,Move,486.54296875,492.27734375
575.7130739688873,575.7130739688873,NoButton,Move,486.54296875,489.96484375
575.7208650112152,575.7208650112152,NoButton,Move,486.54296875,485.63671875
575.7295479774475,575.7295479774475,NoButton,Move,486.54296875,479.734375
575.7370338439941,575.7370338439941,NoButton,Move,486.54296875,472.9609375
575.7464830875397,575.7464830875397,NoButton,Move,486.54296875,466.1953125
575.7536737918854,575.7536737918854,NoButton,Move,487.16015625,457.5078125
575.761726140976,575.761726140976,NoButton,Move,487.16015625,448.8203125
575.7698619365692,575.7698619365692,NoButton,Move,487.75,441.1171875
575.7778091430664,575.7778091430664,NoButton,Move,488.53515625,425.3359375
575.7859530448914,575.7859530448914,NoButton,Move,489.29296875,410.87890625
575.7941539287567,575.7941539287567,NoButton,Move,489.85546875,404.10546875
575.8027601242065,575.8027601242065,NoButton,Move,490.55859375,392.125
575.8114159107208,575.8114159107208,NoButton,Move,491.203125,382.3984375
575.8190069198608,575.8190069198608,NoButton,Move,491.8203125,373.7109375
575.8272039890289,575.8272039890289,NoButton,Move,491.8203125,370.734375
575.840579032898,575.840579032898,NoButton,Move,492.328125,365.6484375
575.8432099819183,575.8432099819183,NoButton,Move,492.328125,362.0234375
575.8514869213104,575.8514869213104,NoButton,Move,492.328125,359.640625
575.859384059906,575.859384059906,NoButton,Move,492.328125,358.2734375
575.8679440021515,575.8679440021515,NoButton,Move,492.328125,357.33203125
575.8761119842529,575.8761119842529,NoButton,Move,492.328125,356.7578125
581.2133619785309,581.2133619785309,NoButton,Move,493.01953125,356.7578125
581.2207570075989,581.2207570075989,NoButton,Move,495.9921875,357.60546875
581.2290160655975,581.2290160655975,NoButton,Move,499.8359375,360.0078125
581.2370729446411,581.2370729446411,NoButton,Move,503.6796875,362.41015625
581.2453899383545,581.2453899383545,NoButton,Move,508.25390625,365.4609375
581.2536511421204,581.2536511421204,NoButton,Move,512.828125,368.51171875
581.2617361545563,581.2617361545563,NoButton,Move,522.296875,374.59765625
581.2700469493866,581.2700469493866,NoButton,Move,529.40234375,378.7421875
581.278126001358,581.278126001358,NoButton,Move,537.828125,384.57421875
581.2863800525665,581.2863800525665,NoButton,Move,548.39453125,390.9140625
581.2946689128876,581.2946689128876,NoButton,Move,558.9609375,397.25390625
581.3026721477509,581.3026721477509,NoButton,Move,569.94921875,404.578125
581.3108940124512,581.3108940124512,NoButton,Move,580.9375,411.90234375
581.3190450668335,581.3190450668335,NoButton,Move,591.92578125,419.2265625
581.327152967453,581.327152967453,NoButton,Move,596.75,422.98046875
581.3355519771576,581.3355519771576,NoButton,Move,605.11328125,428.76953125
581.3436799049377,581.3436799049377,NoButton,Move,613.5390625,434.6015625
581.3519761562347,581.3519761562347,NoButton,Move,620.0546875,439.33984375
581.3600869178772,581.3600869178772,NoButton,Move,625.6953125,443.2890625
581.368273973465,581.368273973465,NoButton,Move,627.6796875,444.875
581.3764579296112,581.3764579296112,NoButton,Move,631.04296875,448.23828125
581.3847079277039,581.3847079277039,NoButton,Move,634.2109375,450.5
581.3930220603943,581.3930220603943,NoButton,Move,635.91015625,453.046875
581.4010758399963,581.4010758399963,NoButton,Move,637.38671875,454.5234375
582.2856948375702,582.2856948375702,NoButton,Move,638.3125,454.2890625
582.2948970794678,582.2948970794678,NoButton,Move,644.51953125,451.46484375
582.3020441532135,582.3020441532135,NoButton,Move,658.2109375,445.375
582.3104000091553,582.3104000091553,NoButton,Move,671.90234375,439.28515625
582.318794965744,582.318794965744,NoButton,Move,688.2421875,432.74609375
582.3270449638367,582.3270449638367,NoButton,Move,707.45703125,426.62890625
582.3395869731903,582.3395869731903,NoButton,Move,718.27734375,423.24609375
582.3433001041412,582.3433001041412,NoButton,Move,738.3671875,418.00390625
582.351802110672,582.351802110672,NoButton,Move,758.45703125,412.76171875
582.3593409061432,582.3593409061432,NoButton,Move,777.05078125,407.6875
582.3681981563568,582.3681981563568,NoButton,Move,797.140625,402.4453125
582.375944852829,582.375944852829,NoButton,Move,814.296875,399.17578125
582.3841152191162,582.3841152191162,NoButton,Move,830.07421875,395.23046875
582.3920087814331,582.3920087814331,NoButton,Move,844.52734375,392.18359375
582.4005899429321,582.4005899429321,NoButton,Move,851.296875,391.0546875
582.4086320400238,582.4086320400238,NoButton,Move,862.1171875,389.0234375
582.4170138835907,582.4170138835907,NoButton,Move,865.73828125,388.5703125
582.4249119758606,582.4249119758606,NoButton,Move,872.5078125,386.875
582.4333889484406,582.4333889484406,NoButton,Move,876.828125,385.9140625
582.4412331581116,582.4412331581116,NoButton,Move,881.15234375,383.98828125
582.4497518539429,582.4497518539429,NoButton,Move,882.2578125,382.140625
582.8195359706879,582.8195359706879,NoButton,Move,882.71875,382.140625
582.8276529312134,582.8276529312134,NoButton,Move,883.65625,382.140625
582.8347890377045,582.8347890377045,NoButton,Move,884.59375,382.140625
582.8429529666901,582.8429529666901,NoButton,Move,885.53125,382.140625
582.8506700992584,582.8506700992584,NoButton,Move,886.1015625,382.140625
582.8593671321869,582.8593671321869,NoButton,Move,887.0390625,382.140625
582.8675110340118,582.8675110340118,NoButton,Move,887.609375,382.42578125
582.8757150173187,582.8757150173187,NoButton,Move,888.1796875,382.42578125
582.8835308551788,582.8835308551788,NoButton,Move,888.4375,382.42578125
582.892098903656,582.892098903656,NoButton,Move,888.6953125,382.42578125
582.9000859260559,582.9000859260559,NoButton,Move,888.953125,382.42578125
582.9078707695007,582.9078707695007,NoButton,Move,889.2109375,382.42578125
582.9164578914642,582.9164578914642,NoButton,Move,889.46875,382.42578125
582.9248471260071,582.9248471260071,NoButton,Move,889.7265625,382.42578125
582.9326949119568,582.9326949119568,NoButton,Move,889.984375,382.68359375
582.9405770301819,582.9405770301819,NoButton,Move,890.2421875,382.68359375
582.9577739238739,582.9577739238739,NoButton,Move,890.484375,382.68359375
582.9837529659271,582.9837529659271,Left,Pressed,890.484375,382.68359375
583.0000269412994,583.0000269412994,NoButton,Move,890.6015625,382.80078125
583.1001360416412,583.1001360416412,Left,Released,890.6015625,382.80078125
588.2845480442047,588.2845480442047,NoButton,Move,890.6015625,385.33984375
588.2886528968811,588.2886528968811,NoButton,Move,890.6015625,388.3125
588.2986960411072,588.2986960411072,NoButton,Move,890.6015625,391.28515625
588.3051450252533,588.3051450252533,NoButton,Move,890.6015625,394.2578125
588.3142838478088,588.3142838478088,NoButton,Move,890.6015625,396.1015625
588.3214659690857,588.3214659690857,NoButton,Move,890.2578125,397.46484375
588.3303000926971,588.3303000926971,NoButton,Move,888.77734375,398.94140625
588.3378880023956,588.3378880023956,NoButton,Move,886.39453125,400.12890625
588.3472800254822,588.3472800254822,NoButton,Move,884.01171875,400.921875
588.3542408943176,588.3542408943176,NoButton,Move,881.03515625,401.34375
588.3623762130737,588.3623762130737,NoButton,Move,873.33203125,403.7109375
588.3706798553467,588.3706798553467,NoButton,Move,865.62890625,404.30078125
588.3788549900055,588.3788549900055,NoButton,Move,856.94140625,404.30078125
588.3870949745178,588.3870949745178,NoButton,Move,847.21484375,404.30078125
588.3952779769897,588.3952779769897,NoButton,Move,837.48828125,404.30078125
588.4033880233765,588.4033880233765,NoButton,Move,831.5859375,404.30078125
588.4116199016571,588.4116199016571,NoButton,Move,822.8984375,403.6796875
588.4198129177094,588.4198129177094,NoButton,Move,814.2109375,401.81640625
588.4280710220337,588.4280710220337,NoButton,Move,806.5078125,400.62890625
588.4362390041351,588.4362390041351,NoButton,Move,799.734375,399.5
588.444394826889,588.444394826889,NoButton,Move,794.6484375,397.97265625
588.452672958374,588.452672958374,NoButton,Move,789.5625,396.953125
588.4608271121979,588.4608271121979,NoButton,Move,785.9375,396.046875
588.4689509868622,588.4689509868622,NoButton,Move,784.08984375,395.3046875
588.4771618843079,588.4771618843079,NoButton,Move,781.11328125,394.02734375
588.4853959083557,588.4853959083557,NoButton,Move,778.13671875,393.17578125
588.49369597435,588.49369597435,NoButton,Move,775.75390625,391.984375
588.502014875412,588.502014875412,NoButton,Move,773.37109375,391.1875
588.5100169181824,588.5100169181824,NoButton,Move,771.5234375,390.4453125
588.5183341503143,588.5183341503143,NoButton,Move,769.67578125,389.703125
588.5263710021973,588.5263710021973,NoButton,Move,768.734375,389.38671875
588.5344970226288,588.5344970226288,NoButton,Move,767.79296875,389.0703125
588.5428619384766,588.5428619384766,NoButton,Move,766.8515625,389.0703125
588.5509169101715,588.5509169101715,NoButton,Move,765.00390625,389.0703125
588.5596649646759,588.5596649646759,NoButton,Move,763.63671875,389.0703125
588.5679688453674,588.5679688453674,NoButton,Move,760.01171875,390.87890625
588.5761959552765,588.5761959552765,NoButton,Move,755.43359375,393.9296875
588.584300994873,588.584300994873,NoButton,Move,743.7109375,401.25390625
588.5930621623993,588.5930621623993,NoButton,Move,730.77734375,408.09765625
588.6009039878845,588.6009039878845,NoButton,Move,714.44921875,415.44140625
588.6087779998779,588.6087779998779,NoButton,Move,693.70703125,423.5546875
588.617753982544,588.617753982544,NoButton,Move,672.96484375,431.66796875
588.6253759860992,588.6253759860992,NoButton,Move,660.984375,435.1875
588.6334669589996,588.6334669589996,NoButton,Move,640.2421875,441.49609375
588.6417970657349,588.6417970657349,NoButton,Move,621.64453125,446.56640625
588.6506237983704,588.6506237983704,NoButton,Move,605.86328125,449.71875
588.6576550006866,588.6576550006866,NoButton,Move,599.08984375,450.28125
588.6658809185028,588.6658809185028,NoButton,Move,585.8984375,451.01171875
588.6740760803223,588.6740760803223,NoButton,Move,576.171875,451.01171875
588.6825940608978,588.6825940608978,NoButton,Move,566.4453125,451.01171875
588.6915249824524,588.6915249824524,NoButton,Move,558.7421875,449.82421875
589.0098888874054,589.0098888874054,NoButton,Move,558.5078125,449.82421875
589.0178110599518,589.0178110599518,NoButton,Move,556.66015625,449.82421875
589.0261209011078,589.0261209011078,NoButton,Move,554.27734375,449.82421875
589.0381951332092,589.0381951332092,NoButton,Move,551.30078125,449.82421875
589.0502729415894,589.0502729415894,NoButton,Move,547.67578125,449.82421875
589.0509350299835,589.0509350299835,NoButton,Move,544.69921875,449.82421875
589.0591859817505,589.0591859817505,NoButton,Move,541.07421875,449.82421875
589.0668549537659,589.0668549537659,NoButton,Move,537.44921875,449.82421875
589.0750918388367,589.0750918388367,NoButton,Move,533.82421875,449.82421875
589.0831580162048,589.0831580162048,NoButton,Move,531.9765625,449.82421875
589.0915451049805,589.0915451049805,NoButton,Move,529.0,449.82421875
589.0994069576263,589.0994069576263,NoButton,Move,526.0234375,449.82421875
589.1081750392914,589.1081750392914,NoButton,Move,523.640625,449.42578125
589.1160440444946,589.1160440444946,NoButton,Move,521.2578125,449.42578125
589.1243939399719,589.1243939399719,NoButton,Move,518.875,449.02734375
589.1325240135193,589.1325240135193,NoButton,Move,516.4921875,448.62890625
589.1405527591705,589.1405527591705,NoButton,Move,514.64453125,448.2578125
589.1491270065308,589.1491270065308,NoButton,Move,511.66796875,447.83203125
589.1567578315735,589.1567578315735,NoButton,Move,509.28515625,447.43359375
589.165620803833,589.165620803833,NoButton,Move,506.90234375,447.03515625
589.1737167835236,589.1737167835236,NoButton,Move,503.92578125,446.609375
589.181694984436,589.181694984436,NoButton,Move,502.55859375,446.265625
589.1897120475769,589.1897120475769,NoButton,Move,498.23046875,445.78125
589.19957280159,589.19957280159,NoButton,Move,496.3828125,445.41015625
589.2066879272461,589.2066879272461,NoButton,Move,494.0,445.41015625
589.2146279811859,589.2146279811859,NoButton,Move,491.0234375,444.984375
589.2223620414734,589.2223620414734,NoButton,Move,488.640625,444.5859375
589.2310209274292,589.2310209274292,NoButton,Move,486.2578125,444.5859375
589.2390041351318,589.2390041351318,NoButton,Move,482.6328125,444.1328125
589.2507030963898,589.2507030963898,NoButton,Move,479.66015625,443.70703125
589.2555491924286,589.2555491924286,NoButton,Move,476.03515625,443.70703125
589.263708114624,589.263708114624,NoButton,Move,472.41015625,443.70703125
589.2719099521637,589.2719099521637,NoButton,Move,467.32421875,443.70703125
589.2800071239471,589.2800071239471,NoButton,Move,462.23828125,443.70703125
589.2880458831787,589.2880458831787,NoButton,Move,457.15234375,443.70703125
589.296217918396,589.296217918396,NoButton,Move,451.25,443.70703125
589.3046810626984,589.3046810626984,NoButton,Move,446.1640625,443.70703125
589.3129398822784,589.3129398822784,NoButton,Move,441.078125,443.70703125
589.3211870193481,589.3211870193481,NoButton,Move,435.9921875,442.6875
589.3289859294891,589.3289859294891,NoButton,Move,432.3671875,441.78125
589.3375558853149,589.3375558853149,NoButton,Move,428.7421875,439.96875
589.346647977829,589.346647977829,NoButton,Move,427.375,439.28515625
589.3541040420532,589.3541040420532,NoButton,Move,424.82421875,437.58203125
589.3631210327148,589.3631210327148,NoButton,Move,422.2734375,435.87890625
589.3704171180725,589.3704171180725,NoButton,Move,420.79296875,434.76953125
589.3786029815674,589.3786029815674,NoButton,Move,419.3125,433.2890625
589.3866038322449,589.3866038322449,NoButton,Move,418.28515625,432.26171875
589.3944699764252,589.3944699764252,NoButton,Move,417.17578125,430.78125
589.4034149646759,589.4034149646759,NoButton,Move,416.1484375,429.75390625
589.4112589359283,589.4112589359283,NoButton,Move,415.51953125,428.8125
589.4194560050964,589.4194560050964,NoButton,Move,415.23046875,428.23828125
589.4273359775543,589.4273359775543,NoButton,Move,414.65625,427.6640625
589.4361908435822,589.4361908435822,NoButton,Move,414.3671875,427.08984375
589.4445810317993,589.4445810317993,NoButton,Move,414.078125,426.515625
589.4526209831238,589.4526209831238,NoButton,Move,413.7890625,425.94140625
589.4606409072876,589.4606409072876,NoButton,Move,413.7890625,425.6796875
589.4686980247498,589.4686980247498,NoButton,Move,413.52734375,425.41796875
589.4946789741516,589.4946789741516,NoButton,Move,413.52734375,425.17578125
589.6886661052704,589.6886661052704,NoButton,Move,413.7578125,425.17578125
589.7055568695068,589.7055568695068,NoButton,Move,414.0,425.17578125
589.7306039333344,589.7306039333344,NoButton,Move,414.23828125,425.17578125
589.7547481060028,589.7547481060028,NoButton,Move,414.4765625,425.17578125
589.8004651069641,589.8004651069641,Left,Pressed,414.4765625,425.17578125
589.8004908561707,589.8004908561707,NoButton,Move,414.59375,425.17578125
589.9166669845581,589.9166669845581,Left,Released,414.59375,425.17578125
590.0580809116364,590.0580809116364,NoButton,Move,415.2890625,425.17578125
590.0680260658264,590.0680260658264,NoButton,Move,422.98828125,425.17578125
590.0737640857697,590.0737640857697,NoButton,Move,425.9609375,425.17578125
590.0819120407104,590.0819120407104,NoButton,Move,431.859375,426.24609375
590.0907418727875,590.0907418727875,NoButton,Move,442.6796875,428.94921875
590.0984690189362,590.0984690189362,NoButton,Move,449.44921875,431.203125
590.1066610813141,590.1066610813141,NoButton,Move,452.421875,432.4765625
590.114739894867,590.114739894867,NoButton,Move,465.609375,436.13671875
590.1230387687683,590.1230387687683,NoButton,Move,468.58203125,436.984375
590.1317570209503,590.1317570209503,NoButton,Move,476.28125,439.3515625
590.139251947403,590.139251947403,NoButton,Move,482.1796875,440.95703125
590.1501929759979,590.1501929759979,NoButton,Move,488.078125,442.5625
590.1559989452362,590.1559989452362,NoButton,Move,492.40234375,444.484375
590.1652300357819,590.1652300357819,NoButton,Move,497.02734375,445.87109375
590.1719059944153,590.1719059944153,NoButton,Move,498.390625,446.2109375
590.1800911426544,590.1800911426544,NoButton,Move,502.71484375,447.171875
590.1884021759033,590.1884021759033,NoButton,Move,507.796875,449.203125
590.1968560218811,590.1968560218811,NoButton,Move,510.17578125,450.390625
590.2049970626831,590.2049970626831,NoButton,Move,513.1484375,451.23828125
590.2172341346741,590.2172341346741,NoButton,Move,514.51171875,451.578125
590.2214131355286,590.2214131355286,NoButton,Move,516.890625,452.37109375
590.2294919490814,590.2294919490814,NoButton,Move,519.26953125,453.55859375
590.2375290393829,590.2375290393829,NoButton,Move,521.6484375,454.3515625
590.2457928657532,590.2457928657532,NoButton,Move,523.4921875,455.08984375
590.253711938858,590.253711938858,NoButton,Move,525.87109375,456.27734375
590.2678859233856,590.2678859233856,NoButton,Move,527.71484375,457.015625
590.2698290348053,590.2698290348053,NoButton,Move,529.078125,457.6953125
590.2782580852509,590.2782580852509,NoButton,Move,530.921875,458.80078125
590.2866349220276,590.2866349220276,NoButton,Move,532.765625,459.90625
590.2943689823151,590.2943689823151,NoButton,Move,534.609375,460.64453125
590.3027529716492,590.3027529716492,NoButton,Move,536.0859375,461.75
590.3109359741211,590.3109359741211,NoButton,Move,539.25390625,463.55859375
590.3191530704498,590.3191530704498,NoButton,Move,540.19140625,464.18359375
590.3272747993469,590.3272747993469,NoButton,Move,543.359375,466.4453125
590.3360240459442,590.3360240459442,NoButton,Move,544.72265625,467.125
590.3441908359528,590.3441908359528,NoButton,Move,546.70703125,468.7109375
590.3522109985352,590.3522109985352,NoButton,Move,548.55078125,469.81640625
590.3601748943329,590.3601748943329,NoButton,Move,550.02734375,470.921875
590.3684468269348,590.3684468269348,NoButton,Move,551.87109375,472.02734375
590.3765060901642,590.3765060901642,NoButton,Move,553.34765625,473.1328125
590.384938955307,590.384938955307,NoButton,Move,554.82421875,474.23828125
590.3933348655701,590.3933348655701,NoButton,Move,555.76171875,474.86328125
590.4012989997864,590.4012989997864,NoButton,Move,556.69921875,475.17578125
590.4093179702759,590.4093179702759,NoButton,Move,557.26953125,475.74609375
590.4176380634308,590.4176380634308,NoButton,Move,557.52734375,476.00390625
590.4257528781891,590.4257528781891,NoButton,Move,557.78515625,476.26171875
590.4340147972107,590.4340147972107,NoButton,Move,558.04296875,476.51953125
590.4424359798431,590.4424359798431,NoButton,Move,558.30078125,476.51953125
590.5405070781708,590.5405070781708,NoButton,Move,557.828125,476.51953125
590.549320936203,590.549320936203,NoButton,Move,555.98046875,476.51953125
590.5565059185028,590.5565059185028,NoButton,Move,554.1328125,476.51953125
593.3933908939362,593.3933908939362,NoButton,Move,555.0546875,476.0546875
593.4009389877319,593.4009389877319,NoButton,Move,557.43359375,474.86328125
593.409086227417,593.409086227417,NoButton,Move,559.98046875,473.16015625
593.4173238277435,593.4173238277435,NoButton,Move,563.6015625,471.34765625
593.4255330562592,593.4255330562592,NoButton,Move,567.92578125,469.421875
593.4337260723114,593.4337260723114,NoButton,Move,573.0078125,467.89453125
593.4425649642944,593.4425649642944,NoButton,Move,578.90625,466.28515625
593.4503610134125,593.4503610134125,NoButton,Move,589.7265625,463.578125
593.4585151672363,593.4585151672363,NoButton,Move,593.34765625,463.578125
593.4665451049805,593.4665451049805,NoButton,Move,601.046875,462.984375
593.4748039245605,593.4748039245605,NoButton,Move,609.73046875,462.36328125
593.4829061031342,593.4829061031342,NoButton,Move,622.91796875,461.62890625
593.4911630153656,593.4911630153656,NoButton,Move,632.640625,461.62890625
593.4993569850922,593.4993569850922,NoButton,Move,642.36328125,461.62890625
593.5075769424438,593.5075769424438,NoButton,Move,647.4453125,461.62890625
593.5158398151398,593.5158398151398,NoButton,Move,663.22265625,461.62890625
593.5241680145264,593.5241680145264,NoButton,Move,668.3046875,461.62890625
593.5321807861328,593.5321807861328,NoButton,Move,676.98828125,461.62890625
593.541177034378,593.541177034378,NoButton,Move,685.15234375,461.62890625
593.5505938529968,593.5505938529968,NoButton,Move,691.921875,461.62890625
593.5568540096283,593.5568540096283,NoButton,Move,698.69140625,460.5
593.5652048587799,593.5652048587799,NoButton,Move,701.0703125,460.1015625
593.5732290744781,593.5732290744781,NoButton,Move,706.15234375,459.58984375
593.5840837955475,593.5840837955475,NoButton,Move,709.7734375,458.68359375
593.5896348953247,593.5896348953247,NoButton,Move,712.15234375,457.88671875
593.6000528335571,593.6000528335571,NoButton,Move,714.53125,457.48828125
593.6059408187866,593.6059408187866,NoButton,Move,715.89453125,457.14453125
593.6157851219177,593.6157851219177,NoButton,Move,717.2578125,456.4609375
593.62278008461,593.62278008461,NoButton,Move,718.1953125,456.14453125
593.6326718330383,593.6326718330383,NoButton,Move,718.765625,455.5703125
593.6389091014862,593.6389091014862,NoButton,Move,719.703125,454.94140625
593.6495079994202,593.6495079994202,NoButton,Move,720.7265625,453.9140625
593.6551909446716,593.6551909446716,NoButton,Move,721.75,452.88671875
593.6661579608917,593.6661579608917,NoButton,Move,723.734375,451.296875
593.6727590560913,593.6727590560913,NoButton,Move,726.11328125,450.10546875
593.6836659908295,593.6836659908295,NoButton,Move,729.0859375,448.828125
593.6881330013275,593.6881330013275,NoButton,Move,732.70703125,447.015625
593.6964330673218,593.6964330673218,NoButton,Move,737.03125,445.08984375
593.7046270370483,593.7046270370483,NoButton,Move,742.11328125,443.0546875
593.7131450176239,593.7131450176239,NoButton,Move,751.1875,439.1640625
593.7208890914917,593.7208890914917,NoButton,Move,758.29296875,435.609375
593.7289350032806,593.7289350032806,NoButton,Move,765.3984375,431.4609375
593.737056016922,593.737056016922,NoButton,Move,773.0703125,425.703125
593.7453360557556,593.7453360557556,NoButton,Move,778.9921875,420.37109375
594.1742660999298,594.1742660999298,NoButton,Move,780.15625,420.37109375
594.1742980480194,594.1742980480194,NoButton,Move,782.53515625,420.37109375
594.1743211746216,594.1743211746216,NoButton,Move,789.3046875,420.37109375
594.1789190769196,594.1789190769196,NoButton,Move,795.203125,419.83203125
594.1868419647217,594.1868419647217,NoButton,Move,802.90234375,419.83203125
594.195191860199,594.195191860199,NoButton,Move,807.2265625,419.34765625
594.2034678459167,594.2034678459167,NoButton,Move,821.6796875,419.34765625
594.2117102146149,594.2117102146149,NoButton,Move,826.00390625,419.34765625
594.219810962677,594.219810962677,NoButton,Move,834.6875,419.34765625
594.2279860973358,594.2279860973358,NoButton,Move,843.37109375,419.34765625
594.2362949848175,594.2362949848175,NoButton,Move,851.0703125,419.34765625
594.2443749904633,594.2443749904633,NoButton,Move,859.75390625,419.34765625
594.2529220581055,594.2529220581055,NoButton,Move,867.453125,419.34765625
594.2609779834747,594.2609779834747,NoButton,Move,880.640625,420.078125
594.2691979408264,594.2691979408264,NoButton,Move,889.32421875,420.078125
594.2770800590515,594.2770800590515,NoButton,Move,893.6484375,420.078125
594.2853260040283,594.2853260040283,NoButton,Move,902.33203125,420.078125
594.2935719490051,594.2935719490051,NoButton,Move,910.03125,420.078125
594.3019270896912,594.3019270896912,NoButton,Move,918.71484375,420.078125
594.310065984726,594.310065984726,NoButton,Move,926.4140625,420.078125
594.3181149959564,594.3181149959564,NoButton,Move,933.18359375,420.078125
594.3262839317322,594.3262839317322,NoButton,Move,939.953125,420.078125
594.3344411849976,594.3344411849976,NoButton,Move,942.33203125,420.078125
594.3430459499359,594.3430459499359,NoButton,Move,946.65625,420.078125
594.3509790897369,594.3509790897369,NoButton,Move,949.62890625,420.5
594.3589470386505,594.3589470386505,NoButton,Move,952.0078125,420.89453125
594.367623090744,594.367623090744,NoButton,Move,953.8515625,421.26171875
594.3754789829254,594.3754789829254,NoButton,Move,954.7890625,421.57421875
594.3837339878082,594.3837339878082,NoButton,Move,955.359375,421.859375
594.3922338485718,594.3922338485718,NoButton,Move,955.6171875,422.1171875
594.400631904602,594.400631904602,NoButton,Move,955.9296875,423.0546875
594.4085290431976,594.4085290431976,NoButton,Move,955.9296875,423.625
594.4166231155396,594.4166231155396,NoButton,Move,955.9296875,424.1953125
594.4243929386139,594.4243929386139,NoButton,Move,955.9296875,425.1328125
594.4327421188354,594.4327421188354,NoButton,Move,955.9296875,426.0703125
594.4411811828613,594.4411811828613,NoButton,Move,954.90234375,427.09375
594.4496088027954,594.4496088027954,NoButton,Move,952.77734375,429.21484375
594.4577178955078,594.4577178955078,NoButton,Move,950.9296875,430.3203125
594.4658908843994,594.4658908843994,NoButton,Move,948.546875,431.5078125
594.4739339351654,594.4739339351654,NoButton,Move,946.1640625,432.6953125
594.4823739528656,594.4823739528656,NoButton,Move,944.31640625,433.43359375
594.4904639720917,594.4904639720917,NoButton,Move,941.94140625,434.22265625
594.5003890991211,594.5003890991211,NoButton,Move,940.09375,434.9609375
594.5075418949127,594.5075418949127,NoButton,Move,937.7109375,435.75390625
594.5172629356384,594.5172629356384,NoButton,Move,935.86328125,436.12109375
594.5233681201935,594.5233681201935,NoButton,Move,934.49609375,436.4609375
594.531571149826,594.531571149826,NoButton,Move,933.5546875,436.7734375
594.5401499271393,594.5401499271393,NoButton,Move,932.1875,437.11328125
594.5497350692749,594.5497350692749,NoButton,Move,931.24609375,437.11328125
594.5565421581268,594.5565421581268,NoButton,Move,930.3046875,437.11328125
594.5653848648071,594.5653848648071,NoButton,Move,929.73046875,437.11328125
594.5732672214508,594.5732672214508,NoButton,Move,929.15625,437.11328125
594.5806069374084,594.5806069374084,NoButton,Move,928.58203125,437.11328125
594.5899460315704,594.5899460315704,NoButton,Move,928.0078125,437.11328125
594.6003129482269,594.6003129482269,NoButton,Move,927.43359375,437.11328125
594.6056978702545,594.6056978702545,NoButton,Move,927.171875,437.11328125
594.6135590076447,594.6135590076447,NoButton,Move,926.91015625,437.11328125
594.6227989196777,594.6227989196777,NoButton,Move,926.6484375,437.11328125
594.6304748058319,594.6304748058319,NoButton,Move,926.38671875,437.11328125
594.6670958995819,594.6670958995819,Left,Pressed,926.38671875,437.11328125
594.7697720527649,594.7697720527649,Left,Released,926.38671875,437.11328125
594.8019790649414,594.8019790649414,NoButton,Move,926.38671875,436.16796875
594.809357881546,594.809357881546,NoButton,Move,926.38671875,432.54296875
598.5493900775909,598.5493900775909,NoButton,Move,925.4609375,432.54296875
598.55757188797,598.55757188797,NoButton,Move,923.078125,432.54296875
598.567901134491,598.567901134491,NoButton,Move,920.1015625,433.390625
598.573380947113,598.573380947113,NoButton,Move,914.19921875,434.99609375
598.582062959671,598.582062959671,NoButton,Move,902.21875,437.8125
598.5896799564362,598.5896799564362,NoButton,Move,887.76171875,440.09375
598.5986189842224,598.5986189842224,NoButton,Move,867.66796875,442.7109375
598.6061339378357,598.6061339378357,NoButton,Move,820.640625,449.0625
598.6152069568634,598.6152069568634,NoButton,Move,778.15234375,451.48828125
598.6225891113281,598.6225891113281,NoButton,Move,723.87890625,456.9140625
598.6672720909119,598.6672720909119,NoButton,Move,667.07421875,461.06640625
598.6929249763489,598.6929249763489,NoButton,Move,610.26953125,465.21875
598.6930038928986,598.6930038928986,NoButton,Move,587.015625,467.078125
598.6984870433807,598.6984870433807,NoButton,Move,542.28515625,469.5625
598.6985151767731,598.6985151767731,NoButton,Move,527.828125,470.3203125
598.6985321044922,598.6985321044922,NoButton,Move,527.828125,470.3203125
598.6985759735107,598.6985759735107,NoButton,Move,517.00390625,470.99609375
598.6987519264221,598.6987519264221,NoButton,Move,493.75,470.99609375
598.6990041732788,598.6990041732788,NoButton,Move,488.6640625,470.99609375
598.713800907135,598.713800907135,NoButton,Move,476.68359375,470.99609375
598.7145991325378,598.7145991325378,NoButton,Move,467.99609375,470.99609375
598.8026790618896,598.8026790618896,NoButton,Move,468.46484375,470.99609375
598.8108818531036,598.8108818531036,NoButton,Move,474.36328125,472.6015625
598.8190839290619,598.8190839290619,NoButton,Move,482.42578125,476.3203125
598.8274049758911,598.8274049758911,NoButton,Move,491.5,480.85546875
598.8356220722198,598.8356220722198,NoButton,Move,500.57421875,485.390625
598.843759059906,598.843759059906,NoButton,Move,510.71875,490.125
598.8521370887756,598.8521370887756,NoButton,Move,523.171875,495.25
598.8602159023285,598.8602159023285,NoButton,Move,535.625,501.109375
598.8684649467468,598.8684649467468,NoButton,Move,563.79296875,513.62890625
598.8763880729675,598.8763880729675,NoButton,Move,616.4375,537.1796875
598.8845279216766,598.8845279216766,NoButton,Move,653.18359375,556.14453125
598.89275598526,598.89275598526,NoButton,Move,671.52734375,564.87890625
598.9009020328522,598.9009020328522,NoButton,Move,704.25390625,581.8046875
598.9091439247131,598.9091439247131,NoButton,Move,717.18359375,588.6484375
598.917417049408,598.917417049408,NoButton,Move,726.65234375,594.05859375
598.9257950782776,598.9257950782776,NoButton,Move,745.5859375,604.87890625
598.933776140213,598.933776140213,NoButton,Move,749.4296875,607.28125
598.9419810771942,598.9419810771942,NoButton,Move,758.8984375,612.69140625
598.9500839710236,598.9500839710236,NoButton,Move,764.26171875,615.90625
598.9585790634155,598.9585790634155,NoButton,Move,767.8828125,617.71484375
598.9666500091553,598.9666500091553,NoButton,Move,769.7265625,618.8203125
598.974869966507,598.974869966507,NoButton,Move,770.6640625,619.4453125
598.9830298423767,598.9830298423767,NoButton,Move,771.234375,619.73046875
598.9992308616638,598.9992308616638,NoButton,Move,770.71484375,619.46875
599.0076019763947,599.0076019763947,NoButton,Move,767.10546875,617.6640625
599.0158371925354,599.0158371925354,NoButton,Move,761.73828125,614.98046875
599.0239090919495,599.0239090919495,NoButton,Move,755.52734375,611.59375
599.0321488380432,599.0321488380432,NoButton,Move,748.41796875,608.0390625
599.0402460098267,599.0402460098267,NoButton,Move,744.08984375,606.11328125
599.0494430065155,599.0494430065155,NoButton,Move,737.87890625,602.7265625
599.0566718578339,599.0566718578339,NoButton,Move,734.90234375,601.44921875
599.0653648376465,599.0653648376465,NoButton,Move,730.32421875,598.90625
599.073047876358,599.073047876358,NoButton,Move,725.74609375,596.36328125
599.081132888794,599.081132888794,NoButton,Move,722.57421875,594.55078125
599.0896050930023,599.0896050930023,NoButton,Move,720.7265625,593.44140625
599.0989389419556,599.0989389419556,NoButton,Move,718.87890625,592.33203125
599.1059329509735,599.1059329509735,NoButton,Move,717.3984375,591.22265625
599.1140761375427,599.1140761375427,NoButton,Move,714.84765625,589.51953125
599.122190952301,599.122190952301,NoButton,Move,713.90625,589.203125
599.132385969162,599.132385969162,NoButton,Move,711.91796875,587.61328125
599.1386930942535,599.1386930942535,NoButton,Move,710.55078125,586.9296875
599.1467900276184,599.1467900276184,NoButton,Move,709.18359375,586.24609375
599.1550779342651,599.1550779342651,NoButton,Move,707.81640625,585.5625
599.163379907608,599.163379907608,NoButton,Move,706.3359375,584.453125
599.1714270114899,599.1714270114899,NoButton,Move,704.96875,583.76953125
599.1796929836273,599.1796929836273,NoButton,Move,704.02734375,583.140625
599.187931060791,599.187931060791,NoButton,Move,703.0859375,582.82421875
599.195937871933,599.195937871933,NoButton,Move,702.14453125,582.5078125
599.2042670249939,599.2042670249939,NoButton,Move,701.5703125,581.93359375
599.2122578620911,599.2122578620911,NoButton,Move,700.62890625,581.93359375
599.2204940319061,599.2204940319061,NoButton,Move,700.0546875,581.64453125
599.2284290790558,599.2284290790558,NoButton,Move,699.79296875,581.3828125
599.2368721961975,599.2368721961975,NoButton,Move,699.21875,581.3828125
599.2449200153351,599.2449200153351,NoButton,Move,698.95703125,581.3828125
599.2533059120178,599.2533059120178,NoButton,Move,698.6953125,581.12109375
599.261314868927,599.261314868927,NoButton,Move,698.43359375,581.12109375
599.2695729732513,599.2695729732513,NoButton,Move,697.859375,581.12109375
599.2777309417725,599.2777309417725,NoButton,Move,697.859375,580.859375
599.2861659526825,599.2861659526825,NoButton,Move,697.59765625,580.859375
599.31693983078,599.31693983078,Left,Pressed,697.59765625,580.859375
599.3169739246368,599.3169739246368,NoButton,Move,697.47265625,580.859375
599.3839027881622,599.3839027881622,Left,Released,697.47265625,580.859375
599.8587770462036,599.8587770462036,NoButton,Move,699.33984375,580.625
599.8670818805695,599.8670818805695,NoButton,Move,703.62890625,576.33203125
599.875027179718,599.875027179718,NoButton,Move,707.91796875,572.0390625
599.8836350440979,599.8836350440979,NoButton,Move,710.80078125,568.671875
599.891391992569,599.891391992569,NoButton,Move,713.203125,564.82421875
599.9003019332886,599.9003019332886,NoButton,Move,715.01171875,561.65234375
599.9077389240265,599.9077389240265,NoButton,Move,716.8203125,558.48046875
599.9169609546661,599.9169609546661,NoButton,Move,717.66796875,555.50390625
599.9240732192993,599.9240732192993,NoButton,Move,718.03515625,553.65625
599.9340178966522,599.9340178966522,NoButton,Move,718.4296875,551.2734375
599.9404709339142,599.9404709339142,NoButton,Move,718.91015625,546.9453125
599.9504120349884,599.9504120349884,NoButton,Move,718.91015625,541.04296875
599.9568958282471,599.9568958282471,NoButton,Move,716.3671875,536.46484375
599.9660909175873,599.9660909175873,NoButton,Move,710.16015625,530.2578125
599.9733250141144,599.9733250141144,NoButton,Move,701.73046875,524.421875
599.9840469360352,599.9840469360352,NoButton,Move,690.0078125,517.82421875
599.9900879859924,599.9900879859924,NoButton,Move,677.55078125,511.9609375
600.001522064209,600.001522064209,NoButton,Move,663.85546875,506.6328125
600.0061421394348,600.0061421394348,NoButton,Move,650.16015625,501.3046875
600.0167970657349,600.0167970657349,NoButton,Move,644.2578125,499.6953125
600.0222399234772,600.0222399234772,NoButton,Move,632.27734375,496.171875
600.0324339866638,600.0324339866638,NoButton,Move,622.55078125,492.9296875
600.0386040210724,600.0386040210724,NoButton,Move,614.84765625,490.55859375
600.0488731861115,600.0488731861115,NoButton,Move,607.73828125,487.59375
600.0549848079681,600.0549848079681,NoButton,Move,601.8359375,485.4453125
600.0658719539642,600.0658719539642,NoButton,Move,597.5078125,483.51953125
600.0714659690857,600.0714659690857,NoButton,Move,593.66015625,481.11328125
600.0828239917755,600.0828239917755,NoButton,Move,592.1796875,479.6328125
600.087867975235,600.087867975235,NoButton,Move,589.62890625,477.9296875
600.0960748195648,600.0960748195648,NoButton,Move,587.50390625,475.8046875
600.1041040420532,600.1041040420532,NoButton,Move,586.39453125,474.32421875
600.1125710010529,600.1125710010529,NoButton,Move,585.28515625,472.84765625
600.1206719875336,600.1206719875336,NoButton,Move,584.6015625,471.48046875
600.1288681030273,600.1288681030273,NoButton,Move,583.97265625,470.5390625
600.136922121048,600.136922121048,NoButton,Move,583.97265625,469.96484375
600.1421358585358,600.1421358585358,NoButton,Move,583.97265625,469.96484375
600.1821269989014,600.1821269989014,NoButton,Move,583.68359375,469.390625
600.1821610927582,600.1821610927582,NoButton,Move,583.68359375,468.81640625
600.1821799278259,600.1821799278259,NoButton,Move,583.68359375,468.2421875
