2407.020630121231,2407.020630121231,NoButton,Move,783.9609375,636.86328125
2407.031430006027,2407.031430006027,NoButton,Move,780.0703125,627.78515625
2407.0367341041565,2407.0367341041565,NoButton,Move,773.98046875,614.08984375
2407.04816198349,2407.04816198349,NoButton,Move,764.39453125,591.08984375
2407.0529930591583,2407.0529930591583,NoButton,Move,741.765625,535.9375
2407.0644669532776,2407.0644669532776,NoButton,Move,708.765625,456.73828125
2407.069587945938,2407.069587945938,NoButton,Move,668.81640625,364.68359375
2407.0808930397034,2407.0808930397034,NoButton,Move,622.859375,269.23828125
2407.086697101593,2407.086697101593,NoButton,Move,572.03515625,179.86328125
2407.097417116165,2407.097417116165,NoButton,Move,547.140625,147.85546875
2407.1021320819855,2407.1021320819855,NoButton,Move,529.890625,128.6875
2407.114294052124,2407.114294052124,NoButton,Move,513.65625,114.2578125
2407.1184990406036,2407.1184990406036,NoButton,Move,484.73046875,88.80078125
2407.1310868263245,2407.1310868263245,NoButton,Move,460.37109375,72.55859375
2407.3234910964966,2407.3234910964966,NoButton,Move,459.66796875,72.55859375
2407.3316791057587,2407.3316791057587,NoButton,Move,456.04296875,72.55859375
2407.339551925659,2407.339551925659,NoButton,Move,451.71484375,72.55859375
2407.348440170288,2407.348440170288,NoButton,Move,446.62890625,72.55859375
2407.3558468818665,2407.3558468818665,NoButton,Move,442.30078125,73.0390625
2407.365016222,2407.365016222,NoButton,Move,436.3984375,74.64453125
2407.372349023819,2407.372349023819,NoButton,Move,429.625,75.76953125
2407.3903601169586,2407.3903601169586,NoButton,Move,417.64453125,78.5859375
2407.3905119895935,2407.3905119895935,NoButton,Move,403.1875,80.8671875
2407.396807909012,2407.396807909012,NoButton,Move,387.40625,82.44140625
2407.404942035675,2407.404942035675,NoButton,Move,370.24609375,84.07421875
2407.413516998291,2407.413516998291,NoButton,Move,353.0859375,84.890625
2407.4215750694275,2407.4215750694275,NoButton,Move,335.92578125,85.70703125
2407.430071115494,2407.430071115494,NoButton,Move,320.14453125,85.70703125
2407.437772989273,2407.437772989273,NoButton,Move,304.36328125,85.70703125
2407.4467239379883,2407.4467239379883,NoButton,Move,298.4609375,84.6328125
2407.454180955887,2407.454180955887,NoButton,Move,287.63671875,81.92578125
2407.463231086731,2407.463231086731,NoButton,Move,277.91015625,79.98046875
2407.470424890518,2407.470424890518,NoButton,Move,271.13671875,77.72265625
2407.479569911957,2407.479569911957,NoButton,Move,268.16015625,76.87109375
2407.4870290756226,2407.4870290756226,NoButton,Move,263.83203125,75.90625
2407.496792078018,2407.496792078018,NoButton,Move,259.50390625,74.94140625
2407.5033428668976,2407.5033428668976,NoButton,Move,256.52734375,74.515625
2407.51336812973,2407.51336812973,NoButton,Move,254.14453125,74.1171875
2407.5196528434753,2407.5196528434753,NoButton,Move,252.296875,73.74609375
2407.5302221775055,2407.5302221775055,NoButton,Move,250.9296875,73.74609375
2407.536087989807,2407.536087989807,NoButton,Move,249.5625,73.74609375
2407.546965122223,2407.546965122223,NoButton,Move,248.62109375,73.74609375
2407.5525369644165,2407.5525369644165,NoButton,Move,247.25390625,73.74609375
2407.5635929107666,2407.5635929107666,NoButton,Move,246.3125,73.4296875
2407.568848848343,2407.568848848343,NoButton,Move,244.9453125,73.0859375
2407.580804824829,2407.580804824829,NoButton,Move,244.00390625,72.76953125
2407.5853340625763,2407.5853340625763,NoButton,Move,242.63671875,72.42578125
2407.5970067977905,2407.5970067977905,NoButton,Move,240.7890625,72.0546875
2407.601539850235,2407.601539850235,NoButton,Move,239.421875,71.7109375
2407.6138739585876,2407.6138739585876,NoButton,Move,238.0546875,71.02734375
2407.618033885956,2407.618033885956,NoButton,Move,236.6875,71.02734375
2407.6305339336395,2407.6305339336395,NoButton,Move,235.3203125,70.68359375
2407.6344180107117,2407.6344180107117,NoButton,Move,234.37890625,70.3671875
2407.647684812546,2407.647684812546,NoButton,Move,233.01171875,70.0234375
2407.6507861614227,2407.6507861614227,NoButton,Move,231.64453125,69.6796875
2407.6587760448456,2407.6587760448456,NoButton,Move,230.703125,69.6796875
2407.66730594635,2407.66730594635,NoButton,Move,229.3359375,69.3359375
2407.675371170044,2407.675371170044,NoButton,Move,227.96875,68.9921875
2407.6835680007935,2407.6835680007935,NoButton,Move,226.6015625,68.6484375
2407.6916019916534,2407.6916019916534,NoButton,Move,225.66015625,68.33203125
2407.70001411438,2407.70001411438,NoButton,Move,224.29296875,67.98828125
2407.7081339359283,2407.7081339359283,NoButton,Move,223.3515625,67.359375
2407.716684103012,2407.716684103012,NoButton,Move,222.41015625,67.04296875
2407.724390029907,2407.724390029907,NoButton,Move,221.8359375,66.46875
2407.7328629493713,2407.7328629493713,NoButton,Move,221.26171875,66.1796875
2407.7406849861145,2407.7406849861145,NoButton,Move,221.0,65.91796875
2407.7491779327393,2407.7491779327393,NoButton,Move,220.73828125,65.65625
2407.757045030594,2407.757045030594,NoButton,Move,220.73828125,65.39453125
2407.7652518749237,2407.7652518749237,NoButton,Move,220.73828125,65.1328125
2407.7734961509705,2407.7734961509705,NoButton,Move,220.73828125,64.87109375
2407.781532049179,2407.781532049179,NoButton,Move,220.73828125,64.609375
2407.789885044098,2407.789885044098,NoButton,Move,220.73828125,64.34765625
2407.798048019409,2407.798048019409,NoButton,Move,220.99609375,64.0859375
2407.8064579963684,2407.8064579963684,NoButton,Move,222.359375,63.40234375
2407.814409971237,2407.814409971237,NoButton,Move,223.72265625,62.71875
2407.822699069977,2407.822699069977,NoButton,Move,224.66015625,62.08984375
2407.8308579921722,2407.8308579921722,NoButton,Move,226.0234375,61.74609375
2407.8390119075775,2407.8390119075775,NoButton,Move,226.9609375,61.1171875
2407.8472390174866,2407.8472390174866,NoButton,Move,227.8984375,60.80078125
2407.855459213257,2407.855459213257,NoButton,Move,228.46875,60.80078125
2407.8637828826904,2407.8637828826904,NoButton,Move,229.0390625,60.51171875
2407.871798992157,2407.871798992157,NoButton,Move,229.296875,60.25
2407.88059091568,2407.88059091568,NoButton,Move,229.5546875,60.25
2407.8882069587708,2407.8882069587708,NoButton,Move,229.8125,59.98828125
2407.9136090278625,2407.9136090278625,Left,Pressed,229.8125,59.98828125
2407.92991399765,2407.92991399765,NoButton,Move,229.8125,59.86328125
2408.021717071533,2408.021717071533,Left,Released,229.8125,59.86328125
2408.4376981258392,2408.4376981258392,NoButton,Move,230.5078125,60.79296875
2408.4469571113586,2408.4469571113586,NoButton,Move,232.62890625,63.33984375
2408.453379869461,2408.453379869461,NoButton,Move,237.140625,68.41796875
2408.461507797241,2408.461507797241,NoButton,Move,241.65234375,73.49609375
2408.470129966736,2408.470129966736,NoButton,Move,246.98046875,79.41796875
2408.4842200279236,2408.4842200279236,NoButton,Move,252.5625,86.2421875
2408.486147880554,2408.486147880554,NoButton,Move,258.765625,93.06640625
2408.496705055237,2408.496705055237,NoButton,Move,265.24609375,100.84375
2408.5029561519623,2408.5029561519623,NoButton,Move,272.375,107.97265625
2408.511379003525,2408.511379003525,NoButton,Move,279.8125,116.08984375
2408.5187678337097,2408.5187678337097,NoButton,Move,287.25,124.20703125
2408.5305411815643,2408.5305411815643,NoButton,Move,295.3671875,131.64453125
2408.5351638793945,2408.5351638793945,NoButton,Move,302.49609375,138.7734375
2408.5590510368347,2408.5590510368347,NoButton,Move,305.859375,142.13671875
2408.559131860733,2408.559131860733,NoButton,Move,312.68359375,148.33984375
2408.562938928604,2408.562938928604,NoButton,Move,319.5078125,154.54296875
2408.5677490234375,2408.5677490234375,NoButton,Move,324.5859375,159.62109375
2408.5778439044952,2408.5778439044952,NoButton,Move,330.2265625,164.1328125
2408.584445953369,2408.584445953369,NoButton,Move,335.8671875,168.64453125
2408.6001060009003,2408.6001060009003,NoButton,Move,340.15625,172.93359375
2408.601401090622,2408.601401090622,NoButton,Move,345.234375,177.4453125
2408.6087958812714,2408.6087958812714,NoButton,Move,348.59765625,180.80859375
2408.617187976837,2408.617187976837,NoButton,Move,351.9609375,183.69140625
2408.6252949237823,2408.6252949237823,NoButton,Move,353.4375,185.16796875
2408.6332519054413,2408.6332519054413,NoButton,Move,359.078125,189.6796875
2408.641237974167,2408.641237974167,NoButton,Move,361.79296875,192.39453125
2408.649475812912,2408.649475812912,NoButton,Move,364.5078125,195.109375
2408.65784907341,2408.65784907341,NoButton,Move,367.87109375,197.9921875
2408.6659121513367,2408.6659121513367,NoButton,Move,374.38671875,202.73046875
2408.6741151809692,2408.6741151809692,NoButton,Move,379.46484375,207.2421875
2408.682254076004,2408.682254076004,NoButton,Move,386.2890625,213.4453125
2408.6903738975525,2408.6903738975525,NoButton,Move,394.06640625,219.92578125
2408.6984770298004,2408.6984770298004,NoButton,Move,411.19921875,233.44921875
2408.706784963608,2408.706784963608,NoButton,Move,426.4140625,245.28125
2408.7149908542633,2408.7149908542633,NoButton,Move,443.546875,258.8046875
2408.723217010498,2408.723217010498,NoButton,Move,462.14453125,272.75390625
2408.7313978672028,2408.7313978672028,NoButton,Move,483.84765625,288.5390625
2408.7394790649414,2408.7394790649414,NoButton,Move,503.375,302.48828125
2408.7476539611816,2408.7476539611816,NoButton,Move,513.23828125,310.23828125
2408.7558238506317,2408.7558238506317,NoButton,Move,531.8359375,324.1875
2408.764235019684,2408.764235019684,NoButton,Move,547.05078125,336.01953125
2408.7724401950836,2408.7724401950836,NoButton,Move,552.69140625,340.53125
2408.7812769412994,2408.7812769412994,NoButton,Move,562.5546875,347.57421875
2408.7888078689575,2408.7888078689575,NoButton,Move,565.1015625,349.2734375
2409.0327270030975,2409.0327270030975,NoButton,Move,566.27734375,349.2734375
2409.0345821380615,2409.0345821380615,NoButton,Move,573.9765625,348.0859375
2409.044366121292,2409.044366121292,NoButton,Move,584.796875,344.703125
2409.0521709918976,2409.0521709918976,NoButton,Move,596.7734375,341.8828125
2409.0597879886627,2409.0597879886627,NoButton,Move,611.2265625,338.078125
2409.067139148712,2409.067139148712,NoButton,Move,630.44140625,331.9609375
2409.0755150318146,2409.0755150318146,NoButton,Move,649.65625,325.84375
2409.0838861465454,2409.0838861465454,NoButton,Move,688.7734375,315.171875
2409.0919671058655,2409.0919671058655,NoButton,Move,708.86328125,309.9296875
2409.099993944168,2409.099993944168,NoButton,Move,750.13671875,299.00390625
2409.1082470417023,2409.1082470417023,NoButton,Move,786.24609375,289.97265625
2409.1163988113403,2409.1163988113403,NoButton,Move,799.43359375,286.30859375
2409.124531984329,2409.124531984329,NoButton,Move,826.8359375,278.1875
2409.132814884186,2409.132814884186,NoButton,Move,849.15625,271.67578125
2409.1410381793976,2409.1410381793976,NoButton,Move,855.92578125,269.98046875
2409.148952960968,2409.148952960968,NoButton,Move,870.37890625,266.17578125
2409.1572620868683,2409.1572620868683,NoButton,Move,881.19921875,263.46875
2409.16557598114,2409.16557598114,NoButton,Move,888.8984375,261.69140625
2409.1735820770264,2409.1735820770264,NoButton,Move,891.87109375,261.265625
2409.1818561553955,2409.1818561553955,NoButton,Move,896.953125,260.75390625
2409.190041780472,2409.190041780472,NoButton,Move,901.27734375,260.26953125
2409.1982350349426,2409.1982350349426,NoButton,Move,904.8984375,260.26953125
2409.2063829898834,2409.2063829898834,NoButton,Move,909.22265625,260.26953125
2409.2146492004395,2409.2146492004395,NoButton,Move,910.5859375,260.26953125
2409.2227449417114,2409.2227449417114,NoButton,Move,912.96484375,260.26953125
2409.231036901474,2409.231036901474,NoButton,Move,915.34375,260.26953125
2409.2391061782837,2409.2391061782837,NoButton,Move,918.31640625,259.41796875
2409.24742603302,2409.24742603302,NoButton,Move,920.6953125,258.62109375
2409.255686044693,2409.255686044693,NoButton,Move,923.2421875,256.91796875
2409.264281988144,2409.264281988144,NoButton,Move,928.3203125,252.40234375
2409.271982908249,2409.271982908249,NoButton,Move,932.38671875,248.83984375
2409.2801270484924,2409.2801270484924,NoButton,Move,937.46484375,243.7578125
2409.2883541584015,2409.2883541584015,NoButton,Move,943.66796875,237.55078125
2409.2980539798737,2409.2980539798737,NoButton,Move,949.87109375,230.72265625
2409.304738998413,2409.304738998413,NoButton,Move,957.0,223.58984375
2409.3129370212555,2409.3129370212555,NoButton,Move,964.4375,215.46875
2409.4966530799866,2409.4966530799866,NoButton,Move,964.4375,216.65234375
2409.501319885254,2409.501319885254,NoButton,Move,964.4375,220.2734375
2409.51171207428,2409.51171207428,NoButton,Move,964.4375,223.24609375
2409.5177710056305,2409.5177710056305,NoButton,Move,965.17578125,225.08984375
2409.527009010315,2409.527009010315,NoButton,Move,968.34375,227.3515625
2409.534096956253,2409.534096956253,NoButton,Move,973.42578125,229.3828125
2409.542478084564,2409.542478084564,NoButton,Move,982.109375,230.62109375
2409.5505690574646,2409.5505690574646,NoButton,Move,992.9296875,231.296875
2409.558776140213,2409.558776140213,NoButton,Move,1014.5703125,232.1953125
2409.56702208519,2409.56702208519,NoButton,Move,1039.484375,233.15234375
2409.575241088867,2409.575241088867,NoButton,Move,1071.6328125,233.15234375
2409.58349609375,2409.58349609375,NoButton,Move,1107.7421875,233.15234375
2409.591509103775,2409.591509103775,NoButton,Move,1141.84375,233.15234375
2409.6058609485626,2409.6058609485626,NoButton,Move,1177.953125,232.0234375
2409.6078329086304,2409.6078329086304,NoButton,Move,1193.73046875,231.234375
2409.6160068511963,2409.6160068511963,NoButton,Move,1222.1484375,230.21875
2409.6241779327393,2409.6241779327393,NoButton,Move,1245.3984375,229.28515625
2409.6324141025543,2409.6324141025543,NoButton,Move,1254.08203125,228.6640625
2409.6406569480896,2409.6406569480896,NoButton,Move,1268.53515625,227.90234375
2409.6488919258118,2409.6488919258118,NoButton,Move,1272.859375,227.90234375
2409.65709400177,2409.65709400177,NoButton,Move,1281.54296875,227.90234375
2409.665323972702,2409.665323972702,NoButton,Move,1287.44140625,227.36328125
2409.673582792282,2409.673582792282,NoButton,Move,1291.0625,227.36328125
2409.681787967682,2409.681787967682,NoButton,Move,1293.44140625,227.36328125
2409.689838886261,2409.689838886261,NoButton,Move,1294.8046875,227.36328125
2409.698056936264,2409.698056936264,NoButton,Move,1295.375,227.36328125
2409.706284046173,2409.706284046173,NoButton,Move,1295.9453125,227.36328125
2409.7144560813904,2409.7144560813904,NoButton,Move,1296.203125,227.36328125
2409.7226660251617,2409.7226660251617,NoButton,Move,1296.4609375,227.1015625
2409.7472970485687,2409.7472970485687,NoButton,Move,1296.4609375,226.859375
2409.7636590003967,2409.7636590003967,NoButton,Move,1296.71875,226.33984375
2409.772451877594,2409.772451877594,NoButton,Move,1297.00390625,225.765625
2409.7801520824432,2409.7801520824432,NoButton,Move,1297.2890625,225.19140625
2409.789454936981,2409.789454936981,NoButton,Move,1298.2265625,224.5625
2409.796854019165,2409.796854019165,NoButton,Move,1299.1640625,224.24609375
2409.8060030937195,2409.8060030937195,NoButton,Move,1300.1015625,223.9296875
2409.8138308525085,2409.8138308525085,NoButton,Move,1301.46484375,223.9296875
2409.821037054062,2409.821037054062,NoButton,Move,1302.828125,223.9296875
2409.829485177994,2409.829485177994,NoButton,Move,1304.671875,223.9296875
2409.837648868561,2409.837648868561,NoButton,Move,1306.03515625,223.9296875
2409.8457491397858,2409.8457491397858,NoButton,Move,1307.3984375,223.9296875
2409.854532957077,2409.854532957077,NoButton,Move,1308.875,225.03515625
2409.862051010132,2409.862051010132,NoButton,Move,1310.99609375,227.15625
2409.8703470230103,2409.8703470230103,NoButton,Move,1312.01953125,228.1796875
2409.8788681030273,2409.8788681030273,NoButton,Move,1314.140625,230.7265625
2409.886915922165,2409.886915922165,NoButton,Move,1314.8203125,232.08984375
2409.906242132187,2409.906242132187,NoButton,Move,1315.61328125,234.46875
2409.906336069107,2409.906336069107,NoButton,Move,1316.71875,236.3125
2409.9111800193787,2409.9111800193787,NoButton,Move,1317.45703125,238.15625
2409.9192550182343,2409.9192550182343,NoButton,Move,1318.1953125,240.0
2409.9274439811707,2409.9274439811707,NoButton,Move,1318.5625,241.84375
2409.9357109069824,2409.9357109069824,NoButton,Move,1319.2421875,243.20703125
2409.9438438415527,2409.9438438415527,NoButton,Move,1319.5546875,244.14453125
2409.952163219452,2409.952163219452,NoButton,Move,1319.89453125,245.5078125
2409.9715180397034,2409.9715180397034,NoButton,Move,1320.20703125,246.4453125
2409.971647977829,2409.971647977829,NoButton,Move,1320.51953125,247.3828125
2409.976355791092,2409.976355791092,NoButton,Move,1320.8046875,247.953125
2409.9845321178436,2409.9845321178436,NoButton,Move,1321.08984375,248.5234375
2409.9942269325256,2409.9942269325256,NoButton,Move,1321.375,249.09375
2410.000995159149,2410.000995159149,NoButton,Move,1321.375,249.6640625
2410.0093262195587,2410.0093262195587,NoButton,Move,1321.6328125,249.921875
2410.017550945282,2410.017550945282,NoButton,Move,1321.6328125,250.1796875
2410.0256090164185,2410.0256090164185,NoButton,Move,1321.6328125,250.4375
2410.0337059497833,2410.0337059497833,NoButton,Move,1321.6328125,250.6953125
2410.041867017746,2410.041867017746,NoButton,Move,1321.6328125,250.953125
2410.050053834915,2410.050053834915,NoButton,Move,1321.6328125,251.2109375
2410.0583000183105,2410.0583000183105,NoButton,Move,1321.6328125,251.46875
2410.0970799922943,2410.0970799922943,Left,Pressed,1321.6328125,251.46875
2410.0971999168396,2410.0971999168396,NoButton,Move,1321.6328125,251.5859375
2410.2347230911255,2410.2347230911255,Left,Released,1321.6328125,251.5859375
2410.827874183655,2410.827874183655,NoButton,Move,1321.16796875,251.5859375
2410.8359880447388,2410.8359880447388,NoButton,Move,1319.3203125,251.5859375
2410.844153881073,2410.844153881073,NoButton,Move,1317.47265625,251.5859375
2410.852385997772,2410.852385997772,NoButton,Move,1314.49609375,252.43359375
2410.8603739738464,2410.8603739738464,NoButton,Move,1311.51953125,253.28125
2410.8685641288757,2410.8685641288757,NoButton,Move,1303.81640625,254.46484375
2410.8769450187683,2410.8769450187683,NoButton,Move,1295.12890625,256.32421875
2410.885149002075,2410.885149002075,NoButton,Move,1285.40234375,258.265625
2410.8948061466217,2410.8948061466217,NoButton,Move,1263.7578125,261.87109375
2410.9014739990234,2410.9014739990234,NoButton,Move,1246.59765625,263.50390625
2410.9094960689545,2410.9094960689545,NoButton,Move,1224.953125,265.3046875
2410.9177329540253,2410.9177329540253,NoButton,Move,1182.46484375,268.9453125
2410.9258999824524,2410.9258999824524,NoButton,Move,1165.3046875,269.76171875
2410.9341599941254,2410.9341599941254,NoButton,Move,1105.91015625,271.17578125
2410.942528963089,2410.942528963089,NoButton,Move,1058.8828125,272.4453125
2410.9505140781403,2410.9505140781403,NoButton,Move,1004.609375,272.4453125
2410.9638080596924,2410.9638080596924,NoButton,Move,945.21484375,272.4453125
2410.967092037201,2410.967092037201,NoButton,Move,880.54296875,273.9140625
2410.9752130508423,2410.9752130508423,NoButton,Move,815.87109375,275.3828125
2410.9835600852966,2410.9835600852966,NoButton,Move,756.4765625,278.2109375
2410.991739988327,2410.991739988327,NoButton,Move,733.22265625,281.0
2410.999829053879,2410.999829053879,NoButton,Move,686.1953125,286.08203125
2411.008111000061,2411.008111000061,NoButton,Move,671.73828125,288.36328125
2411.0163588523865,2411.0163588523865,NoButton,Move,641.48046875,293.578125
2411.0243821144104,2411.0243821144104,NoButton,Move,618.2265625,299.15625
2411.0327439308167,2411.0327439308167,NoButton,Move,612.32421875,300.76171875
2411.4998350143433,2411.4998350143433,NoButton,Move,612.08984375,300.76171875
2411.507971048355,2411.507971048355,NoButton,Move,610.2421875,300.76171875
2411.516177892685,2411.516177892685,NoButton,Move,605.9140625,300.76171875
2411.524348974228,2411.524348974228,NoButton,Move,600.01171875,300.76171875
2411.5391931533813,2411.5391931533813,NoButton,Move,586.8203125,300.02734375
2411.5404710769653,2411.5404710769653,NoButton,Move,573.62890625,296.36328125
2411.5489270687103,2411.5489270687103,NoButton,Move,555.875,289.59765625
2411.5572810173035,2411.5572810173035,NoButton,Move,531.9140625,280.97265625
2411.5716638565063,2411.5716638565063,NoButton,Move,506.26171875,271.10546875
2411.5733330249786,2411.5733330249786,NoButton,Move,476.25390625,259.31640625
2411.5814411640167,2411.5814411640167,NoButton,Move,446.24609375,246.453125
2411.589714050293,2411.589714050293,NoButton,Move,418.07421875,234.9765625
2411.59795999527,2411.59795999527,NoButton,Move,405.6171875,230.578125
2411.6061058044434,2411.6061058044434,NoButton,Move,381.65625,221.953125
2411.614291906357,2411.614291906357,NoButton,Move,372.96875,219.46875
2411.622524023056,2411.622524023056,NoButton,Move,356.625,213.74609375
2411.630870103836,2411.630870103836,NoButton,Move,343.43359375,209.34765625
2411.639029979706,2411.639029979706,NoButton,Move,333.70703125,206.75390625
2411.6474850177765,2411.6474850177765,NoButton,Move,330.73046875,206.328125
2411.8769159317017,2411.8769159317017,NoButton,Move,330.73046875,206.09375
2411.8850660324097,2411.8850660324097,NoButton,Move,329.87890625,203.1171875
2411.894404888153,2411.894404888153,NoButton,Move,326.82421875,198.5390625
2411.9013051986694,2411.9013051986694,NoButton,Move,323.76953125,193.9609375
2411.909348964691,2411.909348964691,NoButton,Move,320.3828125,187.75
2411.9176440238953,2411.9176440238953,NoButton,Move,317.98046875,183.90625
2411.925488948822,2411.925488948822,NoButton,Move,314.02734375,178.26171875
2411.933976173401,2411.933976173401,NoButton,Move,310.80859375,172.89453125
2411.9420528411865,2411.9420528411865,NoButton,Move,309.10546875,170.34375
2411.9501740932465,2411.9501740932465,NoButton,Move,306.05078125,166.2734375
2411.958375930786,2411.958375930786,NoButton,Move,303.78515625,163.1015625
2411.9725840091705,2411.9725840091705,NoButton,Move,302.19921875,161.12109375
2411.9756731987,2411.9756731987,NoButton,Move,301.08984375,159.2734375
2411.983163833618,2411.983163833618,NoButton,Move,300.0625,158.24609375
2411.9919509887695,2411.9919509887695,NoButton,Move,299.43359375,157.3046875
2411.99942779541,2411.99942779541,NoButton,Move,298.859375,156.73046875
2412.0076060295105,2412.0076060295105,NoButton,Move,298.28515625,156.15625
2412.028219938278,2412.028219938278,NoButton,Move,297.7109375,155.58203125
2412.028303861618,2412.028303861618,NoButton,Move,297.39453125,154.640625
2412.031767129898,2412.031767129898,NoButton,Move,296.8203125,154.06640625
2412.0397901535034,2412.0397901535034,NoButton,Move,296.24609375,153.4921875
2412.048166036606,2412.048166036606,NoButton,Move,295.6171875,152.55078125
2412.0562329292297,2412.0562329292297,NoButton,Move,295.04296875,151.9765625
2412.065160036087,2412.065160036087,NoButton,Move,294.46875,151.40234375
2412.0731258392334,2412.0731258392334,NoButton,Move,294.1796875,150.828125
2412.082314968109,2412.082314968109,NoButton,Move,293.60546875,150.5390625
2412.089236021042,2412.089236021042,NoButton,Move,293.34375,150.27734375
2412.0973970890045,2412.0973970890045,NoButton,Move,292.76953125,149.98828125
2412.105812072754,2412.105812072754,NoButton,Move,292.76953125,149.7265625
2412.1136689186096,2412.1136689186096,NoButton,Move,292.5078125,149.46484375
2412.1221690177917,2412.1221690177917,NoButton,Move,292.24609375,149.46484375
2412.1301991939545,2412.1301991939545,NoButton,Move,291.984375,149.203125
2412.1384789943695,2412.1384789943695,NoButton,Move,291.72265625,149.203125
2412.165246963501,2412.165246963501,NoButton,Move,291.48046875,149.203125
2412.1791989803314,2412.1791989803314,NoButton,Move,291.234375,149.203125
2412.2041170597076,2412.2041170597076,NoButton,Move,290.9921875,148.9609375
2412.231188058853,2412.231188058853,NoButton,Move,290.75,148.9609375
2412.2476949691772,2412.2476949691772,NoButton,Move,290.50390625,148.9609375
2412.2529611587524,2412.2529611587524,NoButton,Move,290.2421875,148.69921875
2412.2630190849304,2412.2630190849304,NoButton,Move,289.98046875,148.69921875
2412.269253015518,2412.269253015518,NoButton,Move,289.71875,148.4375
2412.279321908951,2412.279321908951,NoButton,Move,289.14453125,148.4375
2412.285660982132,2412.285660982132,NoButton,Move,288.8828125,148.17578125
2412.2950789928436,2412.2950789928436,NoButton,Move,288.62109375,148.17578125
2412.301990032196,2412.301990032196,NoButton,Move,288.359375,147.9140625
2412.3128588199615,2412.3128588199615,NoButton,Move,288.09765625,147.9140625
2412.318335056305,2412.318335056305,NoButton,Move,287.8359375,147.65234375
2412.3296689987183,2412.3296689987183,NoButton,Move,287.57421875,147.65234375
2412.3348438739777,2412.3348438739777,NoButton,Move,287.3125,147.390625
2412.345572948456,2412.345572948456,NoButton,Move,287.05078125,147.390625
2412.3512048721313,2412.3512048721313,NoButton,Move,286.7890625,147.12890625
2412.3617329597473,2412.3617329597473,NoButton,Move,286.52734375,146.8671875
2412.367542028427,2412.367542028427,NoButton,Move,286.265625,146.8671875
2412.37859582901,2412.37859582901,NoButton,Move,286.00390625,146.60546875
2412.384124994278,2412.384124994278,NoButton,Move,285.7421875,146.34375
2412.393742799759,2412.393742799759,NoButton,Move,285.48046875,146.34375
2412.400344133377,2412.400344133377,NoButton,Move,285.48046875,146.08203125
2412.4085478782654,2412.4085478782654,NoButton,Move,285.21875,145.8203125
2412.416887998581,2412.416887998581,NoButton,Move,284.95703125,145.8203125
2412.426094055176,2412.426094055176,NoButton,Move,284.95703125,145.55859375
2412.4333069324493,2412.4333069324493,NoButton,Move,284.6953125,145.55859375
2412.4411840438843,2412.4411840438843,NoButton,Move,284.6953125,145.296875
2412.490816116333,2412.490816116333,NoButton,Move,284.6953125,145.05859375
2412.5401611328125,2412.5401611328125,NoButton,Move,284.6953125,144.8203125
2412.572918176651,2412.572918176651,NoButton,Move,284.6953125,144.58203125
2412.6381089687347,2412.6381089687347,NoButton,Move,284.6953125,144.34375
2412.7306067943573,2412.7306067943573,NoButton,Move,284.6953125,144.109375
2413.448707818985,2413.448707818985,NoButton,Move,284.6953125,143.64453125
2413.7964417934418,2413.7964417934418,Left,Pressed,284.6953125,143.64453125
2414.3297748565674,2414.3297748565674,NoButton,Move,284.6953125,143.75390625
2414.3461561203003,2414.3461561203003,NoButton,Move,284.796875,143.9609375
2414.3627700805664,2414.3627700805664,NoButton,Move,285.0,144.296875
2414.3820679187775,2414.3820679187775,NoButton,Move,285.28125,144.796875
2414.406912088394,2414.406912088394,NoButton,Move,285.671875,145.3203125
2414.412633895874,2414.412633895874,NoButton,Move,286.15625,145.94921875
2414.429400205612,2414.429400205612,NoButton,Move,286.984375,147.06640625
2414.446137905121,2414.446137905121,NoButton,Move,288.984375,149.2890625
2414.4627368450165,2414.4627368450165,NoButton,Move,293.05859375,153.3515625
2414.4809789657593,2414.4809789657593,NoButton,Move,301.60546875,161.6015625
2414.4964570999146,2414.4964570999146,NoButton,Move,315.4921875,174.89453125
2414.5129148960114,2414.5129148960114,NoButton,Move,333.97265625,192.296875
2414.529893875122,2414.529893875122,NoButton,Move,356.9140625,212.90234375
2414.5461781024933,2414.5461781024933,NoButton,Move,382.08203125,235.20703125
2414.5627529621124,2414.5627529621124,NoButton,Move,413.390625,261.9296875
2414.5794382095337,2414.5794382095337,NoButton,Move,443.5625,285.34765625
2414.5961179733276,2414.5961179733276,NoButton,Move,477.0546875,308.3203125
2414.6128249168396,2414.6128249168396,NoButton,Move,512.35546875,331.16796875
2414.6294798851013,2414.6294798851013,NoButton,Move,542.27734375,347.5703125
2414.646145105362,2414.646145105362,NoButton,Move,569.27734375,360.16015625
2414.662798166275,2414.662798166275,NoButton,Move,590.53125,368.42578125
2414.679431915283,2414.679431915283,NoButton,Move,606.1875,374.21875
2414.6961200237274,2414.6961200237274,NoButton,Move,615.546875,377.1484375
2414.712774038315,2414.712774038315,NoButton,Move,622.5078125,378.875
2414.7294631004333,2414.7294631004333,NoButton,Move,626.0234375,379.703125
2414.746120929718,2414.746120929718,NoButton,Move,627.421875,379.97265625
2414.7627170085907,2414.7627170085907,NoButton,Move,628.046875,379.97265625
2414.846274137497,2414.846274137497,NoButton,Move,628.26171875,379.7421875
2414.862836122513,2414.862836122513,NoButton,Move,626.140625,375.37109375
2414.87966299057,2414.87966299057,Left,Released,626.140625,375.37109375
2415.0376210212708,2415.0376210212708,NoButton,Move,627.8125,375.37109375
2415.045686006546,2415.045686006546,NoButton,Move,632.13671875,375.37109375
2415.0540409088135,2415.0540409088135,NoButton,Move,638.03515625,374.83203125
2415.0643661022186,2415.0643661022186,NoButton,Move,645.734375,374.83203125
2415.0702002048492,2415.0702002048492,NoButton,Move,654.41796875,373.58984375
2415.078238964081,2415.078238964081,NoButton,Move,671.57421875,371.13671875
2415.089472055435,2415.089472055435,NoButton,Move,693.16015625,368.4375
2415.0977969169617,2415.0977969169617,NoButton,Move,703.98046875,367.7578125
2415.102977991104,2415.102977991104,NoButton,Move,724.0703125,365.13671875
2415.1110038757324,2415.1110038757324,NoButton,Move,744.16015625,363.38671875
2415.1192619800568,2415.1192619800568,NoButton,Move,751.859375,363.38671875
2415.127897977829,2415.127897977829,NoButton,Move,766.3125,363.38671875
2415.1357979774475,2415.1357979774475,NoButton,Move,778.2890625,363.38671875
2415.1440188884735,2415.1440188884735,NoButton,Move,781.26171875,363.38671875
2415.152051925659,2415.152051925659,NoButton,Move,787.16015625,363.38671875
2415.161542892456,2415.161542892456,NoButton,Move,791.484375,363.38671875
2415.168526172638,2415.168526172638,NoButton,Move,793.86328125,363.38671875
2415.2026591300964,2415.2026591300964,Left,Pressed,793.86328125,363.38671875
2415.2147850990295,2415.2147850990295,NoButton,Move,794.671875,363.38671875
2415.3264861106873,2415.3264861106873,Left,Released,794.671875,363.38671875
2434.605896949768,2434.605896949768,NoButton,Move,794.671875,364.3046875
2434.6699521541595,2434.6699521541595,NoButton,Move,795.15234375,365.02734375
2434.6773908138275,2434.6773908138275,NoButton,Move,795.77734375,365.96484375
2434.6854100227356,2434.6854100227356,NoButton,Move,796.515625,367.80859375
2434.693734884262,2434.693734884262,NoButton,Move,797.140625,368.74609375
2434.7029671669006,2434.7029671669006,NoButton,Move,797.453125,369.68359375
2434.710339784622,2434.710339784622,NoButton,Move,797.73828125,370.25390625
2434.7185180187225,2434.7185180187225,NoButton,Move,797.99609375,370.51171875
2434.7266619205475,2434.7266619205475,NoButton,Move,798.25390625,370.76953125
2434.7351911067963,2434.7351911067963,NoButton,Move,798.51171875,371.02734375
2434.9317388534546,2434.9317388534546,NoButton,Move,798.51171875,372.6953125
2434.9397089481354,2434.9397089481354,NoButton,Move,798.51171875,374.5390625
2434.94806098938,2434.94806098938,NoButton,Move,798.51171875,375.90234375
2434.9563970565796,2434.9563970565796,NoButton,Move,798.51171875,376.83984375
2434.9643280506134,2434.9643280506134,NoButton,Move,798.51171875,377.41015625
2434.972734928131,2434.972734928131,NoButton,Move,798.51171875,377.66796875
2434.9810650348663,2434.9810650348663,NoButton,Move,798.51171875,377.92578125
2434.989135980606,2434.989135980606,NoButton,Move,798.51171875,378.18359375
2434.9984788894653,2434.9984788894653,NoButton,Move,798.51171875,378.44140625
2435.005511045456,2435.005511045456,NoButton,Move,798.51171875,379.8046875
2435.0138659477234,2435.0138659477234,NoButton,Move,798.8515625,381.16796875
2435.021672964096,2435.021672964096,NoButton,Move,800.4375,383.15234375
2435.0298380851746,2435.0298380851746,NoButton,Move,802.13671875,385.69921875
2435.0378980636597,2435.0378980636597,NoButton,Move,806.6484375,390.77734375
2435.0462658405304,2435.0462658405304,NoButton,Move,811.16015625,396.41796875
2435.0545749664307,2435.0545749664307,NoButton,Move,816.34375,404.84375
2435.062889099121,2435.062889099121,NoButton,Move,821.52734375,413.26953125
2435.0707290172577,2435.0707290172577,NoButton,Move,824.06640625,417.84375
2435.0794451236725,2435.0794451236725,NoButton,Move,833.05078125,432.55078125
2435.0870118141174,2435.0870118141174,NoButton,Move,834.97265625,436.875
2435.095456123352,2435.095456123352,NoButton,Move,839.3125,444.9375
2435.10320687294,2435.10320687294,NoButton,Move,846.6640625,460.4609375
2435.11164021492,2435.11164021492,NoButton,Move,851.19921875,469.53515625
2449.4461529254913,2449.4461529254913,NoButton,Move,852.12109375,466.07421875
2449.4534089565277,2449.4534089565277,NoButton,Move,857.83984375,449.73046875
2449.470808982849,2449.470808982849,NoButton,Move,865.90625,429.10546875
2449.470915079117,2449.470915079117,NoButton,Move,875.48828125,405.14453125
2449.479159116745,2449.479159116745,NoButton,Move,888.0078125,376.97265625
2449.48650097847,2449.48650097847,NoButton,Move,901.9375,346.96484375
2449.496146917343,2449.496146917343,NoButton,Move,919.9921875,315.36328125
2449.5026388168335,2449.5026388168335,NoButton,Move,938.046875,283.76171875
2449.512428998947,2449.512428998947,NoButton,Move,956.73828125,254.0703125
2449.5189929008484,2449.5189929008484,NoButton,Move,973.4296875,227.984375
2449.527783870697,2449.527783870697,NoButton,Move,989.6328125,203.67578125
2449.535677909851,2449.535677909851,NoButton,Move,997.69140625,192.68359375
2449.5442209243774,2449.5442209243774,NoButton,Move,1010.29296875,174.6796875
2449.551878929138,2449.551878929138,NoButton,Move,1022.51953125,158.08203125
2449.5606260299683,2449.5606260299683,NoButton,Move,1032.75390625,145.48046875
2449.5686349868774,2449.5686349868774,NoButton,Move,1037.265625,140.3984375
2449.5769731998444,2449.5769731998444,NoButton,Move,1051.69140625,123.26171875
2449.585247039795,2449.585247039795,NoButton,Move,1055.0546875,119.89453125
2449.593235015869,2449.593235015869,NoButton,Move,1061.53515625,112.11328125
2449.9620831012726,2449.9620831012726,NoButton,Move,1061.99609375,111.87890625
2449.9700479507446,2449.9700479507446,NoButton,Move,1062.93359375,111.25
2449.9796228408813,2449.9796228408813,NoButton,Move,1063.95703125,110.22265625
2449.9863760471344,2449.9863760471344,NoButton,Move,1065.43359375,109.11328125
2449.9963099956512,2449.9963099956512,NoButton,Move,1066.45703125,108.0859375
2450.002755880356,2450.002755880356,NoButton,Move,1067.93359375,106.9765625
2450.0122690200806,2450.0122690200806,NoButton,Move,1069.41015625,105.8671875
2450.0189728736877,2450.0189728736877,NoButton,Move,1070.88671875,104.7578125
2450.0289821624756,2450.0289821624756,NoButton,Move,1072.36328125,103.6484375
2450.0353059768677,2450.0353059768677,NoButton,Move,1073.83984375,102.5390625
2450.046220064163,2450.046220064163,NoButton,Move,1075.31640625,101.4296875
2450.0519349575043,2450.0519349575043,NoButton,Move,1076.33984375,100.40234375
2450.0629320144653,2450.0629320144653,NoButton,Move,1077.81640625,99.29296875
2450.0680000782013,2450.0680000782013,NoButton,Move,1078.83984375,98.265625
2450.0792047977448,2450.0792047977448,NoButton,Move,1080.31640625,97.15625
2450.084771156311,2450.084771156311,NoButton,Move,1081.33984375,96.12890625
2450.095617055893,2450.095617055893,NoButton,Move,1082.36328125,95.1015625
2450.100709915161,2450.100709915161,NoButton,Move,1083.46875,93.62109375
2450.1122150421143,2450.1122150421143,NoButton,Move,1084.40625,92.9921875
2450.1171441078186,2450.1171441078186,NoButton,Move,1085.51171875,91.51171875
2450.1287829875946,2450.1287829875946,NoButton,Move,1086.53515625,90.484375
2450.133786916733,2450.133786916733,NoButton,Move,1087.55859375,89.45703125
2450.1420979499817,2450.1420979499817,NoButton,Move,1088.6640625,87.9765625
2450.1497700214386,2450.1497700214386,NoButton,Move,1089.2890625,87.03515625
2450.1582720279694,2450.1582720279694,NoButton,Move,1090.3125,86.0078125
2450.166384935379,2450.166384935379,NoButton,Move,1091.3359375,84.98046875
2450.174516916275,2450.174516916275,NoButton,Move,1092.359375,83.953125
2450.1825048923492,2450.1825048923492,NoButton,Move,1093.3828125,82.92578125
2450.1907680034637,2450.1907680034637,NoButton,Move,1094.0078125,81.984375
2450.1986520290375,2450.1986520290375,NoButton,Move,1094.578125,81.41015625
2450.207067966461,2450.207067966461,NoButton,Move,1095.203125,80.46875
2450.2152569293976,2450.2152569293976,NoButton,Move,1095.7734375,79.89453125
2450.2232599258423,2450.2232599258423,NoButton,Move,1096.05859375,79.3203125
2450.231635093689,2450.231635093689,NoButton,Move,1096.62890625,78.74609375
2450.2396879196167,2450.2396879196167,NoButton,Move,1096.9140625,78.171875
2450.248118162155,2450.248118162155,NoButton,Move,1097.19921875,77.59765625
2450.256343126297,2450.256343126297,NoButton,Move,1097.19921875,77.0234375
2450.2645540237427,2450.2645540237427,NoButton,Move,1097.19921875,76.44921875
2450.2726018428802,2450.2726018428802,NoButton,Move,1097.19921875,76.1875
2450.2810571193695,2450.2810571193695,NoButton,Move,1097.19921875,75.92578125
2450.2890717983246,2450.2890717983246,NoButton,Move,1097.19921875,75.3515625
2450.2975590229034,2450.2975590229034,NoButton,Move,1097.19921875,75.08984375
2450.305260181427,2450.305260181427,NoButton,Move,1097.19921875,74.515625
2450.3139719963074,2450.3139719963074,NoButton,Move,1097.19921875,74.25390625
2450.321807861328,2450.321807861328,NoButton,Move,1097.19921875,73.6796875
2450.3302459716797,2450.3302459716797,NoButton,Move,1096.91015625,73.10546875
2450.338315010071,2450.338315010071,NoButton,Move,1096.62109375,72.53125
2450.3464567661285,2450.3464567661285,NoButton,Move,1096.62109375,71.95703125
2450.354588031769,2450.354588031769,NoButton,Move,1096.3046875,71.015625
2450.3629188537598,2450.3629188537598,NoButton,Move,1096.3046875,69.6484375
2450.3713841438293,2450.3713841438293,NoButton,Move,1096.3046875,68.70703125
2450.400465965271,2450.400465965271,NoButton,Move,1096.3046875,66.32421875
2450.413453102112,2450.413453102112,NoButton,Move,1096.3046875,63.94140625
2450.417486190796,2450.417486190796,NoButton,Move,1096.3046875,60.96484375
2450.4176461696625,2450.4176461696625,NoButton,Move,1097.15234375,57.98828125
2450.417977809906,2450.417977809906,NoButton,Move,1098.9609375,54.36328125
2450.4205219745636,2450.4205219745636,NoButton,Move,1101.22265625,51.19140625
2450.428943872452,2450.428943872452,NoButton,Move,1103.76171875,46.61328125
2450.4371140003204,2450.4371140003204,NoButton,Move,1105.5625,43.00390625
2450.445471048355,2450.445471048355,NoButton,Move,1107.96484375,39.15625
2450.453514099121,2450.453514099121,NoButton,Move,1109.7734375,35.53125
2450.4619138240814,2450.4619138240814,NoButton,Move,1112.3125,30.953125
2450.4739668369293,2450.4739668369293,NoButton,Move,1113.5859375,27.9765625
2450.4813828468323,2450.4813828468323,NoButton,Move,1114.32421875,26.12890625
2450.5054228305817,2450.5054228305817,NoButton,Move,1116.86328125,21.55078125
2450.505635023117,2450.505635023117,NoButton,Move,1117.203125,20.18359375
2450.5057229995728,2450.5057229995728,NoButton,Move,1117.59765625,17.80078125
2450.5119750499725,2450.5119750499725,NoButton,Move,1118.3359375,15.953125
2450.5184268951416,2450.5184268951416,NoButton,Move,1118.703125,14.10546875
2450.528644800186,2450.528644800186,NoButton,Move,1119.04296875,12.73828125
2450.5349550247192,2450.5349550247192,NoButton,Move,1119.04296875,11.796875
2450.545175075531,2450.545175075531,NoButton,Move,1119.04296875,10.85546875
2450.571704149246,2450.571704149246,Left,Pressed,1119.04296875,10.85546875
2450.5794069767,2450.5794069767,NoButton,Move,1119.04296875,10.5859375
2450.7182500362396,2450.7182500362396,Left,Released,1119.04296875,10.5859375
2451.0995049476624,2451.0995049476624,NoButton,Move,1118.80859375,10.5859375
2451.1077268123627,2451.1077268123627,NoButton,Move,1116.9609375,10.5859375
2451.1158349514008,2451.1158349514008,NoButton,Move,1115.11328125,10.5859375
2451.124302148819,2451.124302148819,NoButton,Move,1113.265625,10.5859375
2451.1333870887756,2451.1333870887756,NoButton,Move,1110.8828125,10.5859375
2451.1405901908875,2451.1405901908875,NoButton,Move,1108.5,10.5859375
2451.1486778259277,2451.1486778259277,NoButton,Move,1105.5234375,11.0078125
2451.1569550037384,2451.1569550037384,NoButton,Move,1102.546875,11.4296875
2451.164929151535,2451.164929151535,NoButton,Move,1098.921875,11.87890625
2451.1732580661774,2451.1732580661774,NoButton,Move,1092.1484375,13.5703125
2451.181646823883,2451.181646823883,NoButton,Move,1086.24609375,15.71484375
2451.1895439624786,2451.1895439624786,NoButton,Move,1079.47265625,17.96875
2451.1981489658356,2451.1981489658356,NoButton,Move,1069.74609375,20.55859375
2451.205887079239,2451.205887079239,NoButton,Move,1059.59765625,24.6171875
2451.2141609191895,2451.2141609191895,NoButton,Move,1048.32421875,28.84375
2451.223062992096,2451.223062992096,NoButton,Move,1035.8671875,33.23828125
2451.2310531139374,2451.2310531139374,NoButton,Move,1022.171875,39.32421875
2451.238917827606,2451.238917827606,NoButton,Move,1009.71484375,44.44921875
2451.2470099925995,2451.2470099925995,NoButton,Move,996.01953125,50.53515625
2451.2552211284637,2451.2552211284637,NoButton,Move,982.32421875,56.62109375
2451.2651619911194,2451.2651619911194,NoButton,Move,968.62890625,62.70703125
2451.2715730667114,2451.2715730667114,NoButton,Move,954.93359375,68.79296875
2451.2797000408173,2451.2797000408173,NoButton,Move,942.0,75.63671875
2451.2879390716553,2451.2879390716553,NoButton,Move,936.6328125,78.31640625
2451.298487186432,2451.298487186432,NoButton,Move,926.0625,83.94921875
2451.3042199611664,2451.3042199611664,NoButton,Move,918.6171875,88.91015625
2451.3124108314514,2451.3124108314514,NoButton,Move,912.09765625,93.6484375
2451.3206391334534,2451.3206391334534,NoButton,Move,908.53515625,97.71484375
2451.5911161899567,2451.5911161899567,NoButton,Move,908.0703125,97.71484375
2451.5996701717377,2451.5996701717377,NoButton,Move,905.51953125,96.01171875
2451.608142852783,2451.608142852783,NoButton,Move,899.875,92.05859375
2451.6166570186615,2451.6166570186615,NoButton,Move,893.6640625,88.671875
2451.624969959259,2451.624969959259,NoButton,Move,885.640625,84.3515625
2451.632651090622,2451.632651090622,NoButton,Move,876.5625,79.8125
2451.6406819820404,2451.6406819820404,NoButton,Move,867.08984375,74.3984375
2451.648555994034,2451.648555994034,NoButton,Move,854.6328125,68.53515625
2451.6571600437164,2451.6571600437164,NoButton,Move,842.17578125,62.671875
2451.665330886841,2451.665330886841,NoButton,Move,829.2421875,55.82421875
2451.6733169555664,2451.6733169555664,NoButton,Move,815.546875,49.734375
2451.681559085846,2451.681559085846,NoButton,Move,801.34375,41.84375
2451.6899478435516,2451.6899478435516,NoButton,Move,785.81640625,34.48828125
2451.698063850403,2451.698063850403,NoButton,Move,772.8828125,27.640625
2451.7057790756226,2451.7057790756226,NoButton,Move,767.515625,24.421875
2451.7141251564026,2451.7141251564026,NoButton,Move,756.9453125,18.078125
2451.722002029419,2451.722002029419,NoButton,Move,748.515625,12.890625
2451.7302689552307,2451.7302689552307,NoButton,Move,741.6875,7.3046875
2451.738228082657,2451.738228082657,NoButton,Move,736.04296875,2.7890625
2451.746591091156,2451.746591091156,NoButton,Move,734.453125,0.80078125
2451.7548880577087,2451.7548880577087,NoButton,Move,731.0859375,0.0
2451.763043165207,2451.763043165207,NoButton,Move,728.3671875,0.0
2451.771281003952,2451.771281003952,NoButton,Move,726.6640625,0.0
2451.7794277668,2451.7794277668,NoButton,Move,725.5546875,0.0
2451.7877361774445,2451.7877361774445,NoButton,Move,724.4453125,0.0
2451.7962040901184,2451.7962040901184,NoButton,Move,723.81640625,0.0
2451.804090976715,2451.804090976715,NoButton,Move,723.52734375,0.0
2451.8124408721924,2451.8124408721924,NoButton,Move,723.23828125,0.0
2451.8204510211945,2451.8204510211945,NoButton,Move,722.9765625,0.0
2451.90039396286,2451.90039396286,NoButton,Move,722.9765625,0.72265625
2451.900470018387,2451.900470018387,NoButton,Move,722.9765625,2.0859375
2451.902923107147,2451.902923107147,NoButton,Move,723.2890625,3.0234375
2451.9283740520477,2451.9283740520477,NoButton,Move,724.08203125,5.40234375
2451.9284749031067,2451.9284749031067,NoButton,Move,724.8203125,7.24609375
2451.9285230636597,2451.9285230636597,NoButton,Move,725.16015625,8.609375
2451.9401569366455,2451.9401569366455,NoButton,Move,725.8984375,10.453125
2451.944965839386,2451.944965839386,NoButton,Move,726.69140625,12.83203125
2451.951050043106,2451.951050043106,NoButton,Move,727.4296875,14.67578125
2451.961187839508,2451.961187839508,NoButton,Move,728.109375,16.0390625
2451.9673171043396,2451.9673171043396,NoButton,Move,728.84765625,17.8828125
2451.9774668216705,2451.9774668216705,NoButton,Move,729.953125,19.35546875
2451.9835839271545,2451.9835839271545,NoButton,Move,730.9765625,20.37890625
2451.9919109344482,2451.9919109344482,NoButton,Move,731.546875,20.94921875
2451.9999759197235,2451.9999759197235,NoButton,Move,732.1171875,21.51953125
2452.008441925049,2452.008441925049,NoButton,Move,732.6875,22.08984375
2452.016716003418,2452.016716003418,NoButton,Move,733.2578125,22.375
2452.0482869148254,2452.0482869148254,Left,Pressed,733.2578125,22.375
2452.048350095749,2452.048350095749,NoButton,Move,733.390625,22.640625
2452.1458461284637,2452.1458461284637,Left,Released,733.390625,22.640625
2452.369798898697,2452.369798898697,NoButton,Move,733.390625,23.1015625
2452.377848148346,2452.377848148346,NoButton,Move,733.390625,24.0390625
2452.3856461048126,2452.3856461048126,NoButton,Move,733.390625,24.9765625
2452.3940980434418,2452.3940980434418,NoButton,Move,734.015625,25.9140625
2452.4025118350983,2452.4025118350983,NoButton,Move,734.640625,26.8515625
2452.4139971733093,2452.4139971733093,NoButton,Move,735.74609375,28.328125
2452.4219510555267,2452.4219510555267,NoButton,Move,736.8515625,29.8046875
2452.4267909526825,2452.4267909526825,NoButton,Move,737.95703125,31.28125
2452.4346780776978,2452.4346780776978,NoButton,Move,739.43359375,32.38671875
2452.445219039917,2452.445219039917,NoButton,Move,740.45703125,33.41015625
2452.4507908821106,2452.4507908821106,NoButton,Move,741.48046875,34.43359375
2452.462254047394,2452.462254047394,NoButton,Move,742.05078125,35.00390625
2452.467555999756,2452.467555999756,NoButton,Move,742.98828125,35.62890625
2452.478781938553,2452.478781938553,NoButton,Move,743.55859375,36.19921875
2452.4960329532623,2452.4960329532623,Left,Pressed,743.55859375,36.19921875
2452.512495994568,2452.512495994568,NoButton,Move,743.6796875,36.3203125
2452.6376309394836,2452.6376309394836,Left,Released,743.6796875,36.3203125
2452.835662841797,2452.835662841797,NoButton,Move,743.21484375,36.78125
2452.8449108600616,2452.8449108600616,NoButton,Move,741.08984375,38.90234375
2452.8518679142,2452.8518679142,NoButton,Move,736.26171875,42.65625
2452.861155986786,2452.861155986786,NoButton,Move,726.734375,52.1796875
2452.8681831359863,2452.8681831359863,NoButton,Move,702.08203125,73.61328125
2452.8782200813293,2452.8782200813293,NoButton,Move,678.0859375,93.43359375
2452.884558200836,2452.884558200836,NoButton,Move,643.296875,122.0078125
2452.8956739902496,2452.8956739902496,NoButton,Move,599.87890625,155.92578125
2452.9011578559875,2452.9011578559875,NoButton,Move,549.90625,197.078125
2452.9115250110626,2452.9115250110626,NoButton,Move,498.46484375,238.23046875
2452.919657945633,2452.919657945633,NoButton,Move,448.4921875,279.3828125
2452.928952217102,2452.928952217102,NoButton,Move,427.76953125,297.140625
2452.934510231018,2452.934510231018,NoButton,Move,387.921875,331.671875
2452.9418938159943,2452.9418938159943,NoButton,Move,355.6171875,362.73046875
2452.9508209228516,2452.9508209228516,NoButton,Move,344.96484375,373.37890625
2452.958421945572,2452.958421945572,NoButton,Move,322.45703125,396.953125
2452.968894004822,2452.968894004822,NoButton,Move,306.1640625,416.1171875
2452.974991798401,2452.974991798401,NoButton,Move,292.63671875,433.25
2452.9853830337524,2452.9853830337524,NoButton,Move,283.6484375,447.95703125
2452.991000890732,2452.991000890732,NoButton,Move,276.3203125,459.67578125
2453.001881837845,2453.001881837845,NoButton,Move,274.79296875,464.7578125
2453.0074260234833,2453.0074260234833,NoButton,Move,271.6875,473.44140625
2453.020494222641,2453.020494222641,NoButton,Move,269.31640625,481.140625
2453.0238511562347,2453.0238511562347,NoButton,Move,269.31640625,483.51953125
2453.2168278694153,2453.2168278694153,NoButton,Move,269.31640625,484.9453125
2453.220375061035,2453.220375061035,NoButton,Move,271.125,488.11328125
2453.2383739948273,2453.2383739948273,NoButton,Move,274.33984375,493.4765625
2453.238611936569,2453.238611936569,NoButton,Move,278.484375,500.58203125
2453.246521949768,2453.246521949768,NoButton,Move,287.78125,517.484375
2453.2530970573425,2453.2530970573425,NoButton,Move,307.93359375,553.046875
2453.261318922043,2453.261318922043,NoButton,Move,326.8984375,588.609375
2453.2706520557404,2453.2706520557404,NoButton,Move,348.01171875,628.3515625
2453.2778630256653,2453.2778630256653,NoButton,Move,372.703125,671.234375
2453.2858231067657,2453.2858231067657,NoButton,Move,383.86328125,691.69140625
2453.2944049835205,2453.2944049835205,NoButton,Move,405.7109375,729.3203125
2453.30256319046,2453.30256319046,NoButton,Move,414.078125,741.4921875
2453.333503007889,2453.333503007889,NoButton,Move,430.76953125,767.57421875
2453.333647966385,2453.333647966385,NoButton,Move,445.140625,788.65625
2453.3337512016296,2453.3337512016296,NoButton,Move,449.28515625,795.171875
2453.3365609645844,2453.3365609645844,NoButton,Move,456.890625,808.1015625
2453.343586206436,2453.343586206436,NoButton,Move,459.01171875,810.6484375
2453.687283039093,2453.687283039093,NoButton,Move,459.01171875,810.18359375
2453.695477962494,2453.695477962494,NoButton,Move,457.90234375,808.70703125
2453.704013109207,2453.704013109207,NoButton,Move,456.7109375,806.32421875
2453.7123651504517,2453.7123651504517,NoButton,Move,455.51953125,803.94140625
2453.720554113388,2453.720554113388,NoButton,Move,454.328125,801.55859375
2453.729823112488,2453.729823112488,NoButton,Move,453.53125,799.17578125
2453.7369589805603,2453.7369589805603,NoButton,Move,452.25390625,796.19921875
2453.745240211487,2453.745240211487,NoButton,Move,451.40234375,793.22265625
2453.7542951107025,2453.7542951107025,NoButton,Move,450.125,790.24609375
2453.7617568969727,2453.7617568969727,NoButton,Move,449.328125,787.86328125
2453.771129846573,2453.771129846573,NoButton,Move,448.64453125,786.49609375
2453.779305934906,2453.779305934906,NoButton,Move,447.84765625,784.11328125
2453.7860770225525,2453.7860770225525,NoButton,Move,447.05078125,781.73046875
2453.8105750083923,2453.8105750083923,NoButton,Move,446.3125,779.8828125
2453.8106439113617,2453.8106439113617,NoButton,Move,445.62890625,778.515625
2453.81068611145,2453.81068611145,NoButton,Move,444.9453125,777.1484375
2453.818446159363,2453.818446159363,NoButton,Move,444.62890625,776.20703125
2453.826637029648,2453.826637029648,NoButton,Move,444.3125,775.265625
2453.834732055664,2453.834732055664,NoButton,Move,444.3125,774.32421875
2453.84291100502,2453.84291100502,NoButton,Move,443.99609375,773.3828125
2453.8511250019073,2453.8511250019073,NoButton,Move,443.70703125,772.80859375
2453.8606338500977,2453.8606338500977,NoButton,Move,443.70703125,771.8671875
2453.8685641288757,2453.8685641288757,NoButton,Move,443.41796875,771.29296875
2453.8794419765472,2453.8794419765472,NoButton,Move,443.41796875,770.3515625
2453.8852219581604,2453.8852219581604,NoButton,Move,443.41796875,769.77734375
2453.8927030563354,2453.8927030563354,NoButton,Move,443.12890625,769.203125
2453.9011340141296,2453.9011340141296,NoButton,Move,443.12890625,768.26171875
2453.9096100330353,2453.9096100330353,NoButton,Move,442.83984375,767.6875
2453.917582988739,2453.917582988739,NoButton,Move,442.83984375,767.11328125
2453.9255800247192,2453.9255800247192,NoButton,Move,442.83984375,766.5390625
2453.9336788654327,2453.9336788654327,NoButton,Move,442.55078125,765.96484375
2453.941806077957,2453.941806077957,NoButton,Move,442.55078125,765.390625
2453.949693918228,2453.949693918228,NoButton,Move,442.55078125,765.12890625
2453.958992958069,2453.958992958069,NoButton,Move,442.55078125,764.8671875
2453.9663870334625,2453.9663870334625,NoButton,Move,442.55078125,764.60546875
2453.9826900959015,2453.9826900959015,NoButton,Move,442.55078125,764.359375
2454.0074939727783,2454.0074939727783,NoButton,Move,442.55078125,764.1171875
2454.1056740283966,2454.1056740283966,NoButton,Move,442.31640625,764.1171875
2454.163589954376,2454.163589954376,NoButton,Move,442.31640625,764.3515625
2454.1800258159637,2454.1800258159637,NoButton,Move,442.31640625,764.59375
2454.195834875107,2454.195834875107,NoButton,Move,442.31640625,764.8359375
2454.220021009445,2454.220021009445,NoButton,Move,442.31640625,765.07421875
2454.2443721294403,2454.2443721294403,NoButton,Move,442.31640625,765.3125
2454.269166946411,2454.269166946411,NoButton,Move,442.31640625,765.55078125
2454.293794155121,2454.293794155121,NoButton,Move,442.31640625,765.7890625
2454.313019990921,2454.313019990921,NoButton,Move,442.55859375,766.03125
2454.3181431293488,2454.3181431293488,NoButton,Move,443.12890625,766.03125
2454.3262889385223,2454.3262889385223,NoButton,Move,443.38671875,766.2890625
2454.3349599838257,2454.3349599838257,NoButton,Move,443.95703125,766.2890625
2454.342732191086,2454.342732191086,NoButton,Move,444.21484375,766.546875
2454.352977991104,2454.352977991104,NoButton,Move,444.78515625,766.546875
2454.3630769252777,2454.3630769252777,NoButton,Move,445.04296875,766.8046875
2454.367854833603,2454.367854833603,NoButton,Move,445.30078125,766.8046875
2454.3758869171143,2454.3758869171143,NoButton,Move,445.55859375,767.0625
2454.384150981903,2454.384150981903,NoButton,Move,446.12890625,767.0625
2454.392152786255,2454.392152786255,NoButton,Move,446.38671875,767.0625
2454.4002199172974,2454.4002199172974,NoButton,Move,446.64453125,767.0625
2454.409132003784,2454.409132003784,NoButton,Move,446.90234375,767.0625
2454.4166100025177,2454.4166100025177,NoButton,Move,447.16015625,767.0625
2454.4253261089325,2454.4253261089325,NoButton,Move,447.41796875,767.0625
2454.4329369068146,2454.4329369068146,NoButton,Move,447.98828125,767.0625
2454.441637992859,2454.441637992859,NoButton,Move,448.24609375,767.0625
2454.4493350982666,2454.4493350982666,NoButton,Move,448.50390625,767.0625
2454.457528114319,2454.457528114319,NoButton,Move,449.07421875,767.0625
2454.4657638072968,2454.4657638072968,NoButton,Move,449.33203125,767.0625
2454.4738919734955,2454.4738919734955,NoButton,Move,449.95703125,766.12109375
2454.4820590019226,2454.4820590019226,NoButton,Move,450.32421875,764.2734375
2454.490233898163,2454.490233898163,NoButton,Move,451.171875,761.296875
2454.4983711242676,2454.4983711242676,NoButton,Move,452.52734375,757.671875
2454.507040977478,2454.507040977478,NoButton,Move,454.21875,750.90234375
2454.5154209136963,2454.5154209136963,NoButton,Move,455.91015625,744.12890625
2454.5239717960358,2454.5239717960358,NoButton,Move,458.27734375,736.42578125
2454.5314161777496,2454.5314161777496,NoButton,Move,459.234375,732.10546875
2454.5394701957703,2454.5394701957703,NoButton,Move,461.6015625,724.40234375
2454.547644853592,2454.547644853592,NoButton,Move,463.85546875,717.62890625
2454.5560550689697,2454.5560550689697,NoButton,Move,465.54296875,710.8671875
2454.564078092575,2454.564078092575,NoButton,Move,467.796875,704.09375
2454.5722692012787,2454.5722692012787,NoButton,Move,469.3203125,699.0078125
2454.5803411006927,2454.5803411006927,NoButton,Move,471.3515625,693.921875
2454.58859705925,2454.58859705925,NoButton,Move,473.2734375,689.59375
2454.596839904785,2454.596839904785,NoButton,Move,474.01171875,687.74609375
2454.6050078868866,2454.6050078868866,NoButton,Move,477.2265625,682.37890625
2455.505945920944,2455.505945920944,NoButton,Move,477.2265625,681.9140625
2455.513921022415,2455.513921022415,NoButton,Move,477.2265625,679.53125
2455.522020816803,2455.522020816803,NoButton,Move,477.2265625,674.4453125
2455.530426979065,2455.530426979065,NoButton,Move,477.76171875,668.54296875
2455.538743019104,2455.538743019104,NoButton,Move,480.12890625,660.83984375
2455.546679019928,2455.546679019928,NoButton,Move,482.83203125,650.015625
2455.5547380447388,2455.5547380447388,NoButton,Move,488.2421875,628.37109375
2455.5630490779877,2455.5630490779877,NoButton,Move,490.609375,620.66796875
2455.571334838867,2455.571334838867,NoButton,Move,495.33984375,604.88671875
2455.579374074936,2455.579374074936,NoButton,Move,499.140625,590.4296875
2455.5874149799347,2455.5874149799347,NoButton,Move,502.29296875,574.6484375
2455.604201078415,2455.604201078415,NoButton,Move,503.8984375,568.74609375
2455.6047098636627,2455.6047098636627,NoButton,Move,505.83984375,559.01953125
2455.612095117569,2455.612095117569,NoButton,Move,507.078125,550.33203125
2455.6199328899384,2455.6199328899384,NoButton,Move,507.640625,543.55859375
2455.6282789707184,2455.6282789707184,NoButton,Move,507.640625,541.17578125
2455.6362109184265,2455.6362109184265,NoButton,Move,507.640625,533.47265625
2455.644795894623,2455.644795894623,NoButton,Move,507.640625,532.10546875
2455.6528038978577,2455.6528038978577,NoButton,Move,507.640625,529.72265625
2455.6620161533356,2455.6620161533356,NoButton,Move,506.44921875,527.33984375
2455.668828010559,2455.668828010559,NoButton,Move,504.18359375,524.16796875
2455.677542924881,2455.677542924881,NoButton,Move,503.2421875,523.5390625
2455.6855750083923,2455.6855750083923,NoButton,Move,501.76171875,522.4296875
2455.69416308403,2455.69416308403,NoButton,Move,499.9140625,521.3203125
2455.7017691135406,2455.7017691135406,NoButton,Move,498.06640625,520.578125
2455.7135519981384,2455.7135519981384,NoButton,Move,496.21875,519.8359375
2456.0501730442047,2456.0501730442047,NoButton,Move,495.984375,518.90234375
2456.0540809631348,2456.0540809631348,NoButton,Move,495.66796875,517.9609375
2456.0635981559753,2456.0635981559753,NoButton,Move,494.55859375,516.48046875
2456.0702860355377,2456.0702860355377,NoButton,Move,493.81640625,514.6328125
2456.0804119110107,2456.0804119110107,NoButton,Move,493.1328125,513.265625
2456.093384027481,2456.093384027481,NoButton,Move,492.44921875,511.8984375
2456.0950961112976,2456.0950961112976,NoButton,Move,491.765625,510.53125
2456.1029908657074,2456.1029908657074,NoButton,Move,491.08203125,509.1640625
2456.111170053482,2456.111170053482,NoButton,Move,490.73828125,507.796875
2456.119241952896,2456.119241952896,NoButton,Move,490.0546875,506.4296875
2456.127483844757,2456.127483844757,NoButton,Move,489.73828125,505.48828125
2456.1356070041656,2456.1356070041656,NoButton,Move,489.421875,504.546875
2456.143791913986,2456.143791913986,NoButton,Move,489.10546875,503.60546875
2456.1519119739532,2456.1519119739532,NoButton,Move,488.81640625,503.03125
2456.1602330207825,2456.1602330207825,NoButton,Move,488.81640625,502.45703125
2456.1685531139374,2456.1685531139374,NoButton,Move,488.52734375,501.8828125
2456.177034139633,2456.177034139633,NoButton,Move,488.52734375,501.62109375
2456.1889159679413,2456.1889159679413,NoButton,Move,488.265625,501.359375
2456.201798915863,2456.201798915863,NoButton,Move,488.265625,501.11328125
2456.2092759609222,2456.2092759609222,NoButton,Move,488.265625,500.8515625
2456.23410987854,2456.23410987854,NoButton,Move,488.265625,500.609375
2456.258691072464,2456.258691072464,NoButton,Move,488.265625,500.3671875
2456.2672560214996,2456.2672560214996,NoButton,Move,488.00390625,500.10546875
2456.2768030166626,2456.2768030166626,NoButton,Move,488.00390625,499.84375
2456.283534049988,2456.283534049988,NoButton,Move,488.00390625,499.58203125
2456.2923011779785,2456.2923011779785,NoButton,Move,488.00390625,499.0078125
2456.300211906433,2456.300211906433,NoButton,Move,488.00390625,498.74609375
2456.3082370758057,2456.3082370758057,NoButton,Move,488.00390625,498.171875
2456.3163311481476,2456.3163311481476,NoButton,Move,488.00390625,497.91015625
2456.3258261680603,2456.3258261680603,NoButton,Move,488.00390625,497.3359375
2456.332638978958,2456.332638978958,NoButton,Move,488.00390625,497.07421875
2456.3405389785767,2456.3405389785767,NoButton,Move,488.00390625,496.5
2456.3489711284637,2456.3489711284637,NoButton,Move,488.00390625,496.23828125
2456.3570609092712,2456.3570609092712,NoButton,Move,488.00390625,495.6640625
2456.3653020858765,2456.3653020858765,NoButton,Move,488.00390625,495.40234375
2456.373817205429,2456.373817205429,NoButton,Move,488.00390625,494.828125
2456.3818221092224,2456.3818221092224,NoButton,Move,488.00390625,494.56640625
2456.389953136444,2456.389953136444,NoButton,Move,488.2890625,493.9921875
2456.398267030716,2456.398267030716,NoButton,Move,488.859375,493.703125
2456.406243085861,2456.406243085861,NoButton,Move,489.796875,493.38671875
2456.4143550395966,2456.4143550395966,NoButton,Move,491.16015625,492.703125
2456.42262506485,2456.42262506485,NoButton,Move,492.5234375,492.359375
2458.8550868034363,2458.8550868034363,NoButton,Move,492.5234375,492.58984375
2458.863233089447,2458.863233089447,NoButton,Move,491.1640625,496.2109375
2458.87136387825,2458.87136387825,NoButton,Move,488.109375,500.78515625
2458.8795158863068,2458.8795158863068,NoButton,Move,483.9609375,507.30078125
2458.8877971172333,2458.8877971172333,NoButton,Move,480.40625,514.40625
2458.895922899246,2458.895922899246,NoButton,Move,476.8515625,521.51171875
2458.9045588970184,2458.9045588970184,NoButton,Move,474.03125,527.7109375
2458.9126029014587,2458.9126029014587,NoButton,Move,471.20703125,533.91796875
2458.920608997345,2458.920608997345,NoButton,Move,468.2421875,541.6171875
2458.930748939514,2458.930748939514,NoButton,Move,462.15234375,555.30859375
2458.938271999359,2458.938271999359,NoButton,Move,456.0625,569.0
2458.9452600479126,2458.9452600479126,NoButton,Move,449.75,583.98828125
2458.953458070755,2458.953458070755,NoButton,Move,439.59765625,611.390625
2458.963156938553,2458.963156938553,NoButton,Move,435.70703125,620.46484375
2458.970535993576,2458.970535993576,NoButton,Move,429.16796875,636.8046875
2458.9781889915466,2458.9781889915466,NoButton,Move,423.4453125,653.14453125
2458.986620903015,2458.986620903015,NoButton,Move,418.1171875,666.8359375
2458.995938062668,2458.995938062668,NoButton,Move,415.96875,672.734375
2459.0024540424347,2459.0024540424347,NoButton,Move,411.73828125,684.00390625
2459.0106801986694,2459.0106801986694,NoButton,Move,410.88671875,686.9765625
2459.01903796196,2459.01903796196,NoButton,Move,407.921875,694.08203125
2459.026960849762,2459.026960849762,NoButton,Move,406.5625,697.703125
2459.060388803482,2459.060388803482,NoButton,Move,405.28515625,700.67578125
2459.060529947281,2459.060529947281,NoButton,Move,404.6015625,702.0390625
2459.0606319904327,2459.0606319904327,NoButton,Move,403.97265625,702.9765625
2459.060727119446,2459.060727119446,NoButton,Move,403.34375,703.9140625
2459.067631006241,2459.067631006241,NoButton,Move,403.08203125,704.171875
2459.0756890773773,2459.0756890773773,NoButton,Move,402.8203125,704.4296875
2459.0838248729706,2459.0838248729706,NoButton,Move,402.55859375,704.6875
2459.100340127945,2459.100340127945,NoButton,Move,402.3125,704.9296875
2459.108568906784,2459.108568906784,NoButton,Move,402.05078125,704.9296875
2459.116639137268,2459.116639137268,NoButton,Move,401.4765625,705.21484375
2459.1251039505005,2459.1251039505005,NoButton,Move,401.21484375,705.47265625
2459.1334190368652,2459.1334190368652,NoButton,Move,400.640625,705.7578125
2459.1415071487427,2459.1415071487427,NoButton,Move,400.06640625,706.04296875
2459.1495440006256,2459.1495440006256,NoButton,Move,399.125,706.35546875
2459.1588921546936,2459.1588921546936,NoButton,Move,398.55078125,706.640625
2459.1659231185913,2459.1659231185913,NoButton,Move,397.9765625,707.2109375
2459.1741840839386,2459.1741840839386,NoButton,Move,397.03515625,707.8359375
2459.182163000107,2459.182163000107,NoButton,Move,396.4609375,708.40625
2459.19042801857,2459.19042801857,NoButton,Move,395.51953125,709.03125
2459.1989121437073,2459.1989121437073,NoButton,Move,394.9453125,709.6015625
2459.2070150375366,2459.2070150375366,NoButton,Move,394.00390625,709.9140625
2459.215192079544,2459.215192079544,NoButton,Move,393.7421875,710.171875
2459.223499059677,2459.223499059677,NoButton,Move,393.16796875,710.45703125
2459.2318000793457,2459.2318000793457,NoButton,Move,392.59375,710.7421875
2459.2402210235596,2459.2402210235596,NoButton,Move,392.33203125,711.0
2459.248477935791,2459.248477935791,NoButton,Move,392.0703125,711.2578125
2459.256479024887,2459.256479024887,NoButton,Move,392.0703125,711.515625
2459.2792892456055,2459.2792892456055,Left,Pressed,392.0703125,711.515625
2459.2986471652985,2459.2986471652985,NoButton,Move,391.9453125,711.515625
2459.3977789878845,2459.3977789878845,Left,Released,391.9453125,711.515625
2460.2551879882812,2460.2551879882812,NoButton,Move,391.9453125,711.05078125
2460.2633340358734,2460.2633340358734,NoButton,Move,392.33984375,708.66796875
2460.275863170624,2460.275863170624,NoButton,Move,394.6015625,705.49609375
2460.2795839309692,2460.2795839309692,NoButton,Move,397.984375,699.28515625
2460.287941932678,2460.287941932678,NoButton,Move,402.12890625,692.17578125
2460.295953989029,2460.295953989029,NoButton,Move,407.08984375,684.73046875
2460.30428814888,2460.30428814888,NoButton,Move,412.5,675.2578125
2460.312471151352,2460.312471151352,NoButton,Move,418.5859375,665.78515625
2460.3206338882446,2460.3206338882446,NoButton,Move,424.92578125,655.21484375
2460.3286719322205,2460.3286719322205,NoButton,Move,432.25,643.4921875
2460.3371148109436,2460.3371148109436,NoButton,Move,438.84375,631.76953125
2460.345067024231,2460.345067024231,NoButton,Move,446.44921875,618.8359375
2460.3532931804657,2460.3532931804657,NoButton,Move,453.04296875,607.11328125
2460.363260984421,2460.363260984421,NoButton,Move,459.80859375,596.28125
2460.370048046112,2460.370048046112,NoButton,Move,467.1328125,584.55859375
2460.3778240680695,2460.3778240680695,NoButton,Move,474.45703125,573.56640625
2460.3860580921173,2460.3860580921173,NoButton,Move,481.78125,561.84375
2460.3944799900055,2460.3944799900055,NoButton,Move,489.10546875,550.8515625
2460.4026050567627,2460.4026050567627,NoButton,Move,496.1484375,540.984375
2460.4167160987854,2460.4167160987854,NoButton,Move,501.98046875,532.5546875
2460.4244430065155,2460.4244430065155,NoButton,Move,508.7421875,523.7578125
2460.429262161255,2460.429262161255,NoButton,Move,512.30078125,519.6875
2461.7706320285797,2461.7706320285797,NoButton,Move,512.30078125,520.1484375
2461.778690099716,2461.778690099716,NoButton,Move,514.0,522.6953125
2461.787122964859,2461.787122964859,NoButton,Move,516.8828125,526.05859375
2461.795215845108,2461.795215845108,NoButton,Move,520.24609375,528.94140625
2461.803797006607,2461.803797006607,NoButton,Move,524.3125,531.9921875
2461.8118040561676,2461.8118040561676,NoButton,Move,528.37890625,535.04296875
2461.8196790218353,2461.8196790218353,NoButton,Move,536.8046875,540.875
2461.8280119895935,2461.8280119895935,NoButton,Move,546.2734375,546.9609375
2461.836017847061,2461.836017847061,NoButton,Move,555.7421875,553.046875
2461.8444979190826,2461.8444979190826,NoButton,Move,566.30859375,559.38671875
2461.852578163147,2461.852578163147,NoButton,Move,576.875,565.01953125
2461.860882997513,2461.860882997513,NoButton,Move,581.44921875,568.0703125
2461.870717048645,2461.870717048645,NoButton,Move,589.51171875,572.41015625
2461.881191968918,2461.881191968918,NoButton,Move,597.57421875,576.12890625
2461.885375022888,2461.885375022888,NoButton,Move,600.7421875,577.9375
2461.89341711998,2461.89341711998,NoButton,Move,606.10546875,580.6171875
2461.9016530513763,2461.9016530513763,NoButton,Move,610.4296875,582.5390625
2461.91126203537,2461.91126203537,NoButton,Move,614.05078125,583.89453125
2461.918720960617,2461.918720960617,NoButton,Move,615.89453125,585.0
2461.9258160591125,2461.9258160591125,NoButton,Move,617.73828125,585.73828125
2461.9336919784546,2461.9336919784546,NoButton,Move,618.67578125,586.05078125
2461.9417989254,2461.9417989254,NoButton,Move,619.24609375,586.3359375
2461.9500300884247,2461.9500300884247,NoButton,Move,619.81640625,586.3359375
2461.958170890808,2461.958170890808,NoButton,Move,620.07421875,586.3359375
2461.9668819904327,2461.9668819904327,NoButton,Move,620.33203125,586.3359375
2461.9754707813263,2461.9754707813263,NoButton,Move,620.58984375,586.3359375
2462.0468599796295,2462.0468599796295,Left,Pressed,620.58984375,586.3359375
2462.1960241794586,2462.1960241794586,Left,Released,620.58984375,586.3359375
2462.720743894577,2462.720743894577,NoButton,Move,620.58984375,586.1015625
2462.7285220623016,2462.7285220623016,NoButton,Move,620.58984375,584.734375
2462.7367548942566,2462.7367548942566,NoButton,Move,620.58984375,581.109375
2462.744731903076,2462.744731903076,NoButton,Move,620.58984375,575.20703125
2462.753027200699,2462.753027200699,NoButton,Move,621.20703125,566.51953125
2462.761305809021,2462.761305809021,NoButton,Move,623.796875,556.79296875
2462.7700538635254,2462.7700538635254,NoButton,Move,627.45703125,543.6015625
2462.7775869369507,2462.7775869369507,NoButton,Move,635.12109375,519.640625
2462.7858629226685,2462.7858629226685,NoButton,Move,638.359375,509.9140625
2462.7938771247864,2462.7938771247864,NoButton,Move,644.89453125,493.5703125
2462.801859140396,2462.801859140396,NoButton,Move,650.80859375,475.81640625
2462.8109130859375,2462.8109130859375,NoButton,Move,657.5703125,458.0625
2462.818937063217,2462.818937063217,NoButton,Move,662.1328125,443.60546875
2462.8380630016327,2462.8380630016327,NoButton,Move,667.65234375,428.61328125
2462.838138818741,2462.838138818741,NoButton,Move,669.17578125,423.52734375
2462.845537185669,2462.845537185669,NoButton,Move,673.5703125,411.0703125
2462.850788831711,2462.850788831711,NoButton,Move,676.80859375,401.34375
2462.858945131302,2462.858945131302,NoButton,Move,679.76953125,393.640625
2462.8670699596405,2462.8670699596405,NoButton,Move,682.13671875,385.9375
2462.8794429302216,2462.8794429302216,NoButton,Move,684.28125,380.03515625
2462.8834738731384,2462.8834738731384,NoButton,Move,686.3125,374.94921875
2462.8917729854584,2462.8917729854584,NoButton,Move,687.05078125,373.1015625
2462.899948120117,2462.899948120117,NoButton,Move,688.40625,369.4765625
2462.9079220294952,2462.9079220294952,NoButton,Move,689.6796875,366.5
2462.9162418842316,2462.9162418842316,NoButton,Move,690.8671875,364.1171875
2462.9244220256805,2462.9244220256805,NoButton,Move,691.60546875,362.26953125
2462.9326128959656,2462.9326128959656,NoButton,Move,691.97265625,360.421875
2462.9408180713654,2462.9408180713654,NoButton,Move,692.3125,359.0546875
2462.9492700099945,2462.9492700099945,NoButton,Move,692.625,358.11328125
2462.957442998886,2462.957442998886,NoButton,Move,692.9375,357.171875
2462.965558052063,2462.965558052063,NoButton,Move,693.22265625,356.59765625
2462.97380399704,2462.97380399704,NoButton,Move,693.22265625,356.0234375
2462.9822449684143,2462.9822449684143,NoButton,Move,693.22265625,355.76171875
2462.990602016449,2462.990602016449,NoButton,Move,693.22265625,355.5
2463.1419661045074,2463.1419661045074,NoButton,Move,693.22265625,355.23828125
2463.142112016678,2463.142112016678,NoButton,Move,693.22265625,354.9921875
2463.1421599388123,2463.1421599388123,NoButton,Move,693.22265625,354.73046875
2463.142198085785,2463.142198085785,NoButton,Move,693.22265625,354.46875
2463.142233848572,2463.142233848572,NoButton,Move,693.22265625,354.20703125
2463.1423308849335,2463.1423308849335,NoButton,Move,693.22265625,353.9453125
2463.1423938274384,2463.1423938274384,NoButton,Move,693.22265625,353.68359375
2463.1424310207367,2463.1424310207367,NoButton,Move,693.22265625,353.421875
2463.142601966858,2463.142601966858,Left,Pressed,693.22265625,353.421875
2463.195646047592,2463.195646047592,Left,Released,693.22265625,353.421875
2465.3957300186157,2465.3957300186157,NoButton,Move,694.609375,351.5703125
2465.4007618427277,2465.4007618427277,NoButton,Move,697.1484375,346.9921875
2465.4112288951874,2465.4112288951874,NoButton,Move,701.29296875,340.47265625
2465.4171180725098,2465.4171180725098,NoButton,Move,710.27734375,325.76171875
2465.42862701416,2465.42862701416,NoButton,Move,717.1171875,312.8359375
2465.4339621067047,2465.4339621067047,NoButton,Move,726.4140625,295.9296875
2465.442097902298,2465.442097902298,NoButton,Move,735.7109375,279.0234375
2465.4497289657593,2465.4497289657593,NoButton,Move,745.62890625,259.18359375
2465.4582059383392,2465.4582059383392,NoButton,Move,751.26171875,248.61328125
2465.466012954712,2465.466012954712,NoButton,Move,760.8671875,230.265625
2465.4749100208282,2465.4749100208282,NoButton,Move,770.47265625,211.91796875
2465.4825191497803,2465.4825191497803,NoButton,Move,779.76953125,195.01171875
2465.4906928539276,2465.4906928539276,NoButton,Move,787.9375,179.484375
2465.4988560676575,2465.4988560676575,NoButton,Move,791.3203125,173.2734375
2465.5069410800934,2465.5069410800934,NoButton,Move,797.9140625,161.55078125
2465.515748977661,2465.515748977661,NoButton,Move,803.3125,152.09765625
2465.523843765259,2465.523843765259,NoButton,Move,808.49609375,143.66796875
2465.5321249961853,2465.5321249961853,NoButton,Move,812.046875,136.55859375
2465.5403730869293,2465.5403730869293,NoButton,Move,816.19140625,130.0390625
2465.54864692688,2465.54864692688,NoButton,Move,819.40625,124.671875
2465.5566840171814,2465.5566840171814,NoButton,Move,822.45703125,120.09375
2465.5649411678314,2465.5649411678314,NoButton,Move,825.5078125,116.0234375
2465.5729129314423,2465.5729129314423,NoButton,Move,828.55859375,111.953125
2465.859959125519,2465.859959125519,NoButton,Move,828.55859375,111.015625
2465.867872953415,2465.867872953415,NoButton,Move,828.55859375,108.6328125
2465.8800780773163,2465.8800780773163,NoButton,Move,828.55859375,105.0078125
2465.8843200206757,2465.8843200206757,NoButton,Move,828.55859375,99.10546875
2465.892585039139,2465.892585039139,NoButton,Move,829.0078125,95.48046875
2465.900979042053,2465.900979042053,NoButton,Move,830.359375,84.65625
2465.909282207489,2465.909282207489,NoButton,Move,831.3203125,80.328125
2465.9172308444977,2465.9172308444977,NoButton,Move,832.4453125,73.5703125
2465.9255549907684,2465.9255549907684,NoButton,Move,833.5703125,66.796875
2465.9333770275116,2465.9333770275116,NoButton,Move,834.640625,60.89453125
2465.942044019699,2465.942044019699,NoButton,Move,835.65625,55.80859375
2465.9496688842773,2465.9496688842773,NoButton,Move,836.0234375,53.9609375
2465.9589030742645,2465.9589030742645,NoButton,Move,837.37890625,50.3359375
2465.9663920402527,2465.9663920402527,NoButton,Move,838.28125,46.7109375
2465.974046945572,2465.974046945572,NoButton,Move,839.07421875,44.328125
2465.982228040695,2465.982228040695,NoButton,Move,839.8671875,41.9453125
2465.99041891098,2465.99041891098,NoButton,Move,840.60546875,40.09765625
2465.998486995697,2465.998486995697,NoButton,Move,841.28515625,38.73046875
2466.0065548419952,2466.0065548419952,NoButton,Move,841.625,37.36328125
2466.0147540569305,2466.0147540569305,NoButton,Move,842.25,36.421875
2466.0228600502014,2466.0228600502014,NoButton,Move,842.58984375,35.0546875
2466.031480073929,2466.031480073929,NoButton,Move,842.875,34.48046875
2466.0395469665527,2466.0395469665527,NoButton,Move,843.1875,33.5390625
2466.0478432178497,2466.0478432178497,NoButton,Move,843.5,32.59765625
2466.0560488700867,2466.0560488700867,NoButton,Move,843.78515625,32.0234375
2466.0641889572144,2466.0641889572144,NoButton,Move,844.0703125,31.44921875
2466.072342157364,2466.072342157364,NoButton,Move,844.0703125,30.875
2466.080505132675,2466.080505132675,NoButton,Move,844.0703125,30.30078125
2466.0887520313263,2466.0887520313263,NoButton,Move,844.0703125,30.0390625
2466.096575975418,2466.096575975418,NoButton,Move,844.0703125,29.77734375
2466.1048488616943,2466.1048488616943,NoButton,Move,844.0703125,29.515625
2466.1130928993225,2466.1130928993225,NoButton,Move,844.0703125,29.25390625
2466.129280090332,2466.129280090332,NoButton,Move,844.0703125,29.0078125
2466.154084920883,2466.154084920883,NoButton,Move,843.5703125,28.7578125
2466.1623361110687,2466.1623361110687,NoButton,Move,843.30859375,28.7578125
2466.170487165451,2466.170487165451,NoButton,Move,843.046875,28.7578125
2466.1784830093384,2466.1784830093384,NoButton,Move,842.78515625,28.7578125
2466.1870810985565,2466.1870810985565,NoButton,Move,842.2109375,28.46875
2466.1949939727783,2466.1949939727783,NoButton,Move,841.94921875,28.46875
2466.2033200263977,2466.2033200263977,NoButton,Move,841.375,28.46875
2466.211261987686,2466.211261987686,NoButton,Move,841.11328125,28.20703125
2466.219622850418,2466.219622850418,NoButton,Move,840.8515625,28.20703125
2466.2278220653534,2466.2278220653534,NoButton,Move,840.58984375,27.9453125
2466.2361102104187,2466.2361102104187,NoButton,Move,840.328125,27.9453125
2466.2451000213623,2466.2451000213623,NoButton,Move,840.06640625,27.68359375
2466.252499103546,2466.252499103546,NoButton,Move,839.8046875,27.68359375
2466.260458946228,2466.260458946228,NoButton,Move,839.54296875,27.68359375
2466.2691662311554,2466.2691662311554,NoButton,Move,839.28125,27.68359375
2466.278141975403,2466.278141975403,NoButton,Move,839.01953125,27.68359375
2466.293333053589,2466.293333053589,NoButton,Move,838.7734375,27.68359375
2466.3110008239746,2466.3110008239746,NoButton,Move,838.52734375,27.68359375
2466.3286879062653,2466.3286879062653,NoButton,Move,838.28125,27.68359375
2466.334836959839,2466.334836959839,NoButton,Move,838.01953125,27.68359375
2466.3505330085754,2466.3505330085754,NoButton,Move,837.7734375,27.68359375
2466.3588931560516,2466.3588931560516,NoButton,Move,837.51171875,27.68359375
2466.3671000003815,2466.3671000003815,NoButton,Move,837.25,27.68359375
2466.3752148151398,2466.3752148151398,NoButton,Move,836.98828125,27.68359375
2466.383472919464,2466.383472919464,NoButton,Move,836.7265625,27.68359375
2466.3917891979218,2466.3917891979218,NoButton,Move,836.46484375,27.68359375
2466.4083139896393,2466.4083139896393,NoButton,Move,836.21875,27.68359375
2466.424453020096,2466.424453020096,NoButton,Move,835.97265625,27.68359375
2466.441038131714,2466.441038131714,NoButton,Move,835.7265625,27.68359375
2466.52308678627,2466.52308678627,NoButton,Move,835.4921875,27.68359375
2466.5717549324036,2466.5717549324036,NoButton,Move,835.25390625,27.68359375
2466.605036020279,2466.605036020279,NoButton,Move,835.01171875,27.68359375
2466.612457036972,2466.612457036972,NoButton,Move,834.765625,27.68359375
2466.6376781463623,2466.6376781463623,NoButton,Move,834.5234375,27.68359375
2466.6534039974213,2466.6534039974213,NoButton,Move,834.27734375,27.68359375
2466.696056127548,2466.696056127548,NoButton,Move,834.0390625,27.68359375
2467.1778399944305,2467.1778399944305,NoButton,Move,833.57421875,27.68359375
2467.2024998664856,2467.2024998664856,NoButton,Move,833.33203125,27.68359375
2467.2193710803986,2467.2193710803986,NoButton,Move,833.0859375,27.68359375
2467.235311985016,2467.235311985016,NoButton,Move,832.83984375,27.68359375
2467.2517080307007,2467.2517080307007,NoButton,Move,832.59375,27.68359375
2467.2608420848846,2467.2608420848846,NoButton,Move,832.33203125,27.68359375
2467.27787899971,2467.27787899971,NoButton,Move,832.0859375,27.68359375
2467.346210002899,2467.346210002899,Left,Pressed,832.0859375,27.68359375
2467.4664509296417,2467.4664509296417,Left,Released,832.0859375,27.68359375
2467.7670950889587,2467.7670950889587,NoButton,Move,832.0859375,29.5546875
2467.775254011154,2467.775254011154,NoButton,Move,831.06640625,34.63671875
2467.783502817154,2467.783502817154,NoButton,Move,825.9375,47.08984375
2467.7916870117188,2467.7916870117188,NoButton,Move,819.84765625,60.78125
2467.7999539375305,2467.7999539375305,NoButton,Move,803.6484375,95.48828125
2467.808256149292,2467.808256149292,NoButton,Move,787.84765625,128.21484375
2467.816363096237,2467.816363096237,NoButton,Move,768.421875,167.05859375
2467.8245730400085,2467.8245730400085,NoButton,Move,746.328125,211.2421875
2467.8327329158783,2467.8327329158783,NoButton,Move,723.74609375,259.0546875
2467.841113805771,2467.841113805771,NoButton,Move,713.203125,282.05078125
2467.849007844925,2467.849007844925,NoButton,Move,677.7734375,356.12109375
2467.857328891754,2467.857328891754,NoButton,Move,668.75390625,375.95703125
2467.865518093109,2467.865518093109,NoButton,Move,649.78515625,411.51953125
2467.8736820220947,2467.8736820220947,NoButton,Move,633.28125,442.3203125
2467.881858110428,2467.881858110428,NoButton,Move,618.27734375,471.25390625
2467.890068054199,2467.890068054199,NoButton,Move,610.5234375,481.1171875
2467.898144006729,2467.898144006729,NoButton,Move,585.02734375,516.3203125
2467.9063770771027,2467.9063770771027,NoButton,Move,576.90625,523.7578125
2467.9147248268127,2467.9147248268127,NoButton,Move,563.37890625,537.28125
2467.922905921936,2467.922905921936,NoButton,Move,550.75390625,547.53515625
2467.9309680461884,2467.9309680461884,NoButton,Move,539.03125,554.859375
2467.9391000270844,2467.9391000270844,NoButton,Move,529.3046875,558.09765625
2467.9473528862,2467.9473528862,NoButton,Move,524.9765625,558.578125
2467.9556097984314,2467.9556097984314,NoButton,Move,517.2734375,559.16796875
2467.9637229442596,2467.9637229442596,NoButton,Move,510.5,559.16796875
2467.971966981888,2467.971966981888,NoButton,Move,501.8125,558.546875
2468.3077681064606,2468.3077681064606,NoButton,Move,501.8125,557.375
2468.3158819675446,2468.3158819675446,NoButton,Move,502.91796875,555.52734375
2468.324147939682,2468.324147939682,NoButton,Move,503.59765625,554.16015625
2468.3324370384216,2468.3324370384216,NoButton,Move,504.27734375,552.79296875
2468.340654850006,2468.340654850006,NoButton,Move,504.95703125,551.42578125
2468.3487298488617,2468.3487298488617,NoButton,Move,505.26953125,550.484375
2468.356963157654,2468.356963157654,NoButton,Move,505.83984375,549.91015625
2468.3652942180634,2468.3652942180634,NoButton,Move,506.125,549.3359375
2468.3736078739166,2468.3736078739166,NoButton,Move,506.4375,548.39453125
2468.3814690113068,2468.3814690113068,NoButton,Move,506.72265625,547.8203125
2468.3897049427032,2468.3897049427032,NoButton,Move,507.0078125,547.24609375
2468.3977649211884,2468.3977649211884,NoButton,Move,507.265625,546.984375
2468.422399044037,2468.422399044037,NoButton,Move,507.265625,547.48046875
2468.430510044098,2468.430510044098,NoButton,Move,504.859375,551.32421875
2468.438838005066,2468.438838005066,NoButton,Move,497.53125,563.04296875
2468.446904182434,2468.446904182434,NoButton,Move,488.0625,576.453125
2468.4551072120667,2468.4551072120667,NoButton,Move,477.23828125,595.38671875
2468.463301897049,2468.463301897049,NoButton,Move,463.421875,619.0625
2468.4714550971985,2468.4714550971985,NoButton,Move,449.2109375,644.43359375
2468.479542016983,2468.479542016983,NoButton,Move,433.55859375,670.515625
2468.487855911255,2468.487855911255,NoButton,Move,420.36328125,695.88671875
2468.4959909915924,2468.4959909915924,NoButton,Move,414.7265625,706.453125
2468.50426197052,2468.50426197052,NoButton,Move,405.42578125,727.83984375
2468.512547969818,2468.512547969818,NoButton,Move,401.87109375,734.9453125
2468.5208599567413,2468.5208599567413,NoButton,Move,394.515625,750.46875
2468.5485410690308,2468.5485410690308,NoButton,Move,388.87890625,761.03515625
2468.5486028194427,2468.5486028194427,NoButton,Move,384.33984375,770.109375
2468.5486431121826,2468.5486431121826,NoButton,Move,382.63671875,772.65625
2468.553363084793,2468.553363084793,NoButton,Move,380.23046875,776.5
2468.8631098270416,2468.8631098270416,Left,Pressed,380.23046875,776.5
2469.07963180542,2469.07963180542,Left,Released,380.23046875,776.5
2470.3830709457397,2470.3830709457397,NoButton,Move,380.23046875,776.265625
2470.38774394989,2470.38774394989,NoButton,Move,380.23046875,773.8828125
2470.3967821598053,2470.3967821598053,NoButton,Move,381.078125,770.90625
2470.4309079647064,2470.4309079647064,NoButton,Move,382.3515625,767.9296875
2470.430979013443,2470.430979013443,NoButton,Move,384.49609375,762.02734375
2470.4310212135315,2470.4310212135315,NoButton,Move,386.9765625,753.33984375
2470.431058883667,2470.431058883667,NoButton,Move,389.45703125,744.65234375
2470.436995983124,2470.436995983124,NoButton,Move,392.16015625,733.828125
2470.445134162903,2470.445134162903,NoButton,Move,395.08984375,720.63671875
2470.4533400535583,2470.4533400535583,NoButton,Move,398.609375,708.65625
2470.462236881256,2470.462236881256,NoButton,Move,401.65234375,694.19921875
2470.469835996628,2470.469835996628,NoButton,Move,404.58203125,681.0078125
2470.4780921936035,2470.4780921936035,NoButton,Move,408.1015625,669.02734375
2470.4872949123383,2470.4872949123383,NoButton,Move,409.625,663.94140625
2470.49453997612,2470.49453997612,NoButton,Move,413.00390625,653.1171875
2470.502645969391,2470.502645969391,NoButton,Move,416.890625,644.0390625
2470.511829137802,2470.511829137802,NoButton,Move,419.8515625,636.3359375
2472.7224378585815,2472.7224378585815,NoButton,Move,419.8515625,635.1796875
2472.7305560112,2472.7305560112,NoButton,Move,420.97265625,628.4375
2472.7384588718414,2472.7384588718414,NoButton,Move,425.5078125,619.359375
2472.7466571331024,2472.7466571331024,NoButton,Move,431.84765625,608.7890625
2472.754781961441,2472.754781961441,NoButton,Move,440.83203125,594.078125
2472.7632598876953,2472.7632598876953,NoButton,Move,453.453125,576.04296875
2472.7714099884033,2472.7714099884033,NoButton,Move,481.4140625,537.91015625
2472.7797009944916,2472.7797009944916,NoButton,Move,518.1796875,491.2421875
2472.7875440120697,2472.7875440120697,NoButton,Move,560.80078125,441.26953125
2472.7959530353546,2472.7959530353546,NoButton,Move,609.4296875,389.59765625
2472.804127931595,2472.804127931595,NoButton,Move,661.94140625,338.62890625
2472.8126039505005,2472.8126039505005,NoButton,Move,715.99609375,289.203125
2472.820734024048,2472.820734024048,NoButton,Move,765.96484375,248.046875
2472.8288300037384,2472.8288300037384,NoButton,Move,784.5625,233.1640625
2472.8370640277863,2472.8370640277863,NoButton,Move,820.59375,205.828125
2472.845374107361,2472.845374107361,NoButton,Move,832.765625,197.45703125
2472.852942943573,2472.852942943573,NoButton,Move,842.62890625,190.41015625
2472.861585855484,2472.861585855484,NoButton,Move,860.66015625,177.78515625
2472.9092259407043,2472.9092259407043,NoButton,Move,865.21875,174.7421875
2472.909358024597,2472.909358024597,NoButton,Move,873.64453125,168.90625
2472.909458875656,2472.909458875656,NoButton,Move,879.0078125,166.22265625
2473.0751860141754,2473.0751860141754,NoButton,Move,879.0078125,165.28125
2473.082670211792,2473.082670211792,NoButton,Move,879.0078125,161.65625
2473.090606212616,2473.090606212616,NoButton,Move,879.48828125,157.328125
2473.0987451076508,2473.0987451076508,NoButton,Move,881.7421875,150.5546875
2473.106805086136,2473.106805086136,NoButton,Move,884.703125,143.4453125
2473.1151390075684,2473.1151390075684,NoButton,Move,889.23828125,134.3671875
2473.123216867447,2473.123216867447,NoButton,Move,893.7734375,125.2890625
2473.1315121650696,2473.1315121650696,NoButton,Move,900.11328125,114.71875
2473.1397058963776,2473.1397058963776,NoButton,Move,906.19921875,105.24609375
2473.14781498909,2473.14781498909,NoButton,Move,912.9609375,96.44921875
2473.156121969223,2473.156121969223,NoButton,Move,916.01171875,92.37890625
2473.164227962494,2473.164227962494,NoButton,Move,922.7734375,83.58203125
2473.1723210811615,2473.1723210811615,NoButton,Move,928.35546875,76.75390625
2473.1806139945984,2473.1806139945984,NoButton,Move,933.68359375,70.828125
2473.1887109279633,2473.1887109279633,NoButton,Move,938.1953125,65.74609375
2473.196963787079,2473.196963787079,NoButton,Move,939.78125,63.7578125
2473.2052989006042,2473.2052989006042,NoButton,Move,942.6640625,60.390625
2473.213240146637,2473.213240146637,NoButton,Move,944.78515625,57.83984375
2473.2216379642487,2473.2216379642487,NoButton,Move,946.26171875,56.359375
2473.229598045349,2473.229598045349,NoButton,Move,947.3671875,54.87890625
2473.2378849983215,2473.2378849983215,NoButton,Move,947.9375,54.3046875
2473.5269050598145,2473.5269050598145,NoButton,Move,947.703125,53.8359375
2473.527050971985,2473.527050971985,NoButton,Move,946.59375,51.98828125
2473.5271508693695,2473.5271508693695,NoButton,Move,945.484375,50.140625
2473.5272579193115,2473.5272579193115,NoButton,Move,944.375,48.29296875
2473.527778148651,2473.527778148651,NoButton,Move,943.265625,46.8125
2473.5278668403625,2473.5278668403625,NoButton,Move,942.58203125,45.4453125
2473.5279099941254,2473.5279099941254,NoButton,Move,940.87890625,42.89453125
2473.527955055237,2473.527955055237,NoButton,Move,939.76953125,41.046875
2473.5279910564423,2473.5279910564423,NoButton,Move,938.66015625,39.19921875
2473.5280430316925,2473.5280430316925,NoButton,Move,937.91796875,37.3515625
2473.528083086014,2473.528083086014,NoButton,Move,937.234375,35.984375
2473.532329082489,2473.532329082489,NoButton,Move,936.890625,34.6171875
2473.5405929088593,2473.5405929088593,NoButton,Move,936.546875,33.25
2473.5489540100098,2473.5489540100098,NoButton,Move,936.23046875,32.30859375
2473.557093858719,2473.557093858719,NoButton,Move,935.9140625,31.3671875
2473.5652108192444,2473.5652108192444,NoButton,Move,935.59765625,30.42578125
2473.5735199451447,2473.5735199451447,NoButton,Move,935.30859375,29.8515625
2473.5819079875946,2473.5819079875946,NoButton,Move,935.30859375,29.27734375
2473.6124460697174,2473.6124460697174,Left,Pressed,935.30859375,29.27734375
2473.612562894821,2473.612562894821,NoButton,Move,935.30859375,29.15234375
2473.7457909584045,2473.7457909584045,Left,Released,935.30859375,29.15234375
2474.0736031532288,2474.0736031532288,NoButton,Move,934.60546875,30.78515625
2474.081540822983,2474.081540822983,NoButton,Move,928.12109375,38.5625
2474.089464187622,2474.089464187622,NoButton,Move,920.3671875,48.42578125
2474.09787607193,2474.09787607193,NoButton,Move,908.53125,63.640625
2474.1060609817505,2474.1060609817505,NoButton,Move,880.609375,96.4140625
2474.1146528720856,2474.1146528720856,NoButton,Move,856.91015625,124.625
2474.1222310066223,2474.1222310066223,NoButton,Move,828.98828125,157.3984375
2474.1304030418396,2474.1304030418396,NoButton,Move,797.92578125,190.94140625
2474.138715028763,2474.138715028763,NoButton,Move,764.13671875,228.62890625
2474.1468801498413,2474.1468801498413,NoButton,Move,730.34765625,266.31640625
2474.1551790237427,2474.1551790237427,NoButton,Move,692.35546875,305.66015625
2474.163327932358,2474.163327932358,NoButton,Move,655.71875,346.36328125
2474.171359062195,2474.171359062195,NoButton,Move,638.9765625,363.1015625
2474.1794300079346,2474.1794300079346,NoButton,Move,606.671875,395.40234375
2474.187772989273,2474.187772989273,NoButton,Move,577.03515625,423.8515625
2474.196217060089,2474.196217060089,NoButton,Move,566.3828125,434.5
2474.204206943512,2474.204206943512,NoButton,Move,546.6484375,453.2421875
2474.2123579978943,2474.2123579978943,NoButton,Move,540.72265625,458.5703125
2474.2205879688263,2474.2205879688263,NoButton,Move,527.6484375,470.82421875
2474.230856895447,2474.230856895447,NoButton,Move,524.4765625,473.0859375
2474.4665880203247,2474.4665880203247,NoButton,Move,524.4765625,475.234375
2474.4744069576263,2474.4744069576263,NoButton,Move,523.45703125,480.31640625
2474.4827229976654,2474.4827229976654,NoButton,Move,521.84765625,486.21484375
2474.492355823517,2474.492355823517,NoButton,Move,519.4765625,493.9140625
2474.499086856842,2474.499086856842,NoButton,Move,516.8828125,503.63671875
2474.5074470043182,2474.5074470043182,NoButton,Move,512.6640625,522.18359375
2474.5155370235443,2474.5155370235443,NoButton,Move,507.25,543.82421875
2474.5237851142883,2474.5237851142883,NoButton,Move,502.59765625,567.07421875
2474.5319509506226,2474.5319509506226,NoButton,Move,497.6640625,593.7109375
2474.5401952266693,2474.5401952266693,NoButton,Move,493.828125,618.625
2474.5484249591827,2474.5484249591827,NoButton,Move,490.953125,643.5390625
2474.5567519664764,2474.5567519664764,NoButton,Move,489.54296875,655.515625
2474.565018892288,2474.565018892288,NoButton,Move,487.73828125,677.15625
2474.573110103607,2474.573110103607,NoButton,Move,485.98828125,697.24609375
2474.5813550949097,2474.5813550949097,NoButton,Move,485.16796875,714.40234375
2474.5942118167877,2474.5942118167877,NoButton,Move,484.6015625,721.171875
2474.632213115692,2474.632213115692,NoButton,Move,483.8671875,734.359375
2474.6322691440582,2474.6322691440582,NoButton,Move,483.1875,745.1796875
2474.632308959961,2474.632308959961,NoButton,Move,482.5078125,756.0
2475.089320898056,2475.089320898056,NoButton,Move,482.2734375,756.0
2475.3679361343384,2475.3679361343384,NoButton,Move,482.0390625,755.765625
2475.6630868911743,2475.6630868911743,Left,Pressed,482.0390625,755.765625
2475.7808310985565,2475.7808310985565,Left,Released,482.0390625,755.765625
2480.03747010231,2480.03747010231,NoButton,Move,482.0390625,755.53515625
2480.0446939468384,2480.0446939468384,NoButton,Move,485.59765625,751.46484375
2480.0522980690002,2480.0522980690002,NoButton,Move,490.67578125,746.3828125
2480.0593008995056,2480.0593008995056,NoButton,Move,500.5390625,738.62890625
2480.0674917697906,2480.0674917697906,NoButton,Move,511.94921875,729.49609375
2480.0768411159515,2480.0768411159515,NoButton,Move,555.36328125,695.57421875
2480.087560892105,2480.087560892105,NoButton,Move,596.49609375,663.7265625
2480.0924639701843,2480.0924639701843,NoButton,Move,675.64453125,606.94140625
2480.100728034973,2480.100728034973,NoButton,Move,738.3359375,563.0546875
2480.108887195587,2480.108887195587,NoButton,Move,805.96484375,517.96484375
2480.1165080070496,2480.1165080070496,NoButton,Move,839.15625,494.25390625
2480.1259050369263,2480.1259050369263,NoButton,Move,909.265625,448.59765625
2480.1329350471497,2480.1329350471497,NoButton,Move,976.01171875,405.6875
2480.1425969600677,2480.1425969600677,NoButton,Move,1040.26953125,366.50390625
2480.1687910556793,2480.1687910556793,NoButton,Move,1098.6015625,332.09765625
2480.1688928604126,2480.1688928604126,NoButton,Move,1120.640625,319.63671875
2480.1689410209656,2480.1689410209656,NoButton,Move,1204.1328125,275.33203125
2480.22199511528,2480.22199511528,NoButton,Move,1251.9453125,254.078125
2480.2220640182495,2480.2220640182495,NoButton,Move,1265.63671875,247.98828125
2480.2221250534058,2480.2221250534058,NoButton,Move,1273.4140625,242.15234375
2480.4196479320526,2480.4196479320526,NoButton,Move,1274.58984375,242.15234375
2480.4275348186493,2480.4275348186493,NoButton,Move,1277.5625,241.7265625
2480.435765028,2480.435765028,NoButton,Move,1281.88671875,240.28125
2480.444016933441,2480.444016933441,NoButton,Move,1286.96875,238.75390625
2480.452276945114,2480.452276945114,NoButton,Move,1296.04296875,234.86328125
2480.460305929184,2480.460305929184,NoButton,Move,1308.49609375,230.46484375
2480.4687490463257,2480.4687490463257,NoButton,Move,1331.4921875,220.87890625
2480.4768619537354,2480.4768619537354,NoButton,Move,1349.2421875,213.26953125
2480.4850339889526,2480.4850339889526,NoButton,Move,1358.31640625,209.37890625
2480.4934079647064,2480.4934079647064,NoButton,Move,1375.21875,200.92578125
2480.5014181137085,2480.5014181137085,NoButton,Move,1393.5625,192.1875
2480.509826183319,2480.509826183319,NoButton,Move,1409.0859375,184.015625
2480.5177731513977,2480.5177731513977,NoButton,Move,1424.609375,175.84375
2480.525995016098,2480.525995016098,NoButton,Move,1429.97265625,172.625
2480.5343260765076,2480.5343260765076,NoButton,Move,1439.98046875,166.98828125
2480.5425930023193,2480.5425930023193,NoButton,Move,1439.98046875,162.44921875
2480.551780939102,2480.551780939102,NoButton,Move,1439.98046875,157.484375
2480.5590920448303,2480.5590920448303,NoButton,Move,1439.98046875,156.37890625
2480.566892147064,2480.566892147064,NoButton,Move,1439.98046875,153.97265625
2480.5759658813477,2480.5759658813477,NoButton,Move,1439.98046875,152.6953125
2480.583091020584,2480.583091020584,NoButton,Move,1439.98046875,151.5859375
2480.5921449661255,2480.5921449661255,NoButton,Move,1439.98046875,150.55859375
2480.5994729995728,2480.5994729995728,NoButton,Move,1439.98046875,149.984375
2480.60760307312,2480.60760307312,NoButton,Move,1439.98046875,149.72265625
2480.616173028946,2480.616173028946,NoButton,Move,1439.98046875,149.4609375
2480.6239359378815,2480.6239359378815,NoButton,Move,1439.98046875,149.19921875
2480.6320140361786,2480.6320140361786,NoButton,Move,1439.71875,149.19921875
2480.6401941776276,2480.6401941776276,NoButton,Move,1438.3515625,148.85546875
2480.6485409736633,2480.6485409736633,NoButton,Move,1436.984375,148.85546875
2480.6568048000336,2480.6568048000336,NoButton,Move,1434.6015625,148.85546875
2480.664964914322,2480.664964914322,NoButton,Move,1433.234375,148.51171875
2480.673376083374,2480.673376083374,NoButton,Move,1431.38671875,148.51171875
2480.681582212448,2480.681582212448,NoButton,Move,1430.01953125,148.51171875
2480.6897349357605,2480.6897349357605,NoButton,Move,1428.171875,148.51171875
2480.697923898697,2480.697923898697,NoButton,Move,1426.32421875,148.51171875
2480.7062599658966,2480.7062599658966,NoButton,Move,1424.4765625,148.140625
2480.714473962784,2480.714473962784,NoButton,Move,1421.5,148.140625
2480.7224650382996,2480.7224650382996,NoButton,Move,1419.1171875,147.7421875
2480.7306299209595,2480.7306299209595,NoButton,Move,1418.17578125,147.7421875
2480.738968849182,2480.738968849182,NoButton,Move,1415.79296875,147.7421875
2480.7470490932465,2480.7470490932465,NoButton,Move,1413.41015625,147.7421875
2480.75563287735,2480.75563287735,NoButton,Move,1411.02734375,147.7421875
2480.7633118629456,2480.7633118629456,NoButton,Move,1407.40234375,147.7421875
2480.7714490890503,2480.7714490890503,NoButton,Move,1404.42578125,147.7421875
2480.783950805664,2480.783950805664,NoButton,Move,1402.04296875,147.7421875
2480.7880499362946,2480.7880499362946,NoButton,Move,1399.06640625,147.7421875
2480.7959899902344,2480.7959899902344,NoButton,Move,1396.68359375,148.13671875
2480.8041610717773,2480.8041610717773,NoButton,Move,1394.8359375,148.875
2480.8121721744537,2480.8121721744537,NoButton,Move,1392.453125,150.0625
2480.8203110694885,2480.8203110694885,NoButton,Move,1390.60546875,151.16796875
2480.8285040855408,2480.8285040855408,NoButton,Move,1389.125,152.2734375
2480.8369631767273,2480.8369631767273,NoButton,Move,1387.7578125,152.953125
2480.8451249599457,2480.8451249599457,NoButton,Move,1386.390625,153.6328125
2480.8535392284393,2480.8535392284393,NoButton,Move,1385.81640625,153.91796875
2480.872323989868,2480.872323989868,NoButton,Move,1385.2421875,154.48828125
2480.8723900318146,2480.8723900318146,NoButton,Move,1384.66796875,154.7734375
2480.878494977951,2480.878494977951,NoButton,Move,1384.40625,155.03125
2480.887461900711,2480.887461900711,NoButton,Move,1384.14453125,155.2890625
2480.8953218460083,2480.8953218460083,NoButton,Move,1384.14453125,155.546875
2480.9040670394897,2480.9040670394897,NoButton,Move,1383.8828125,155.546875
2480.9118580818176,2480.9118580818176,NoButton,Move,1383.62109375,155.8046875
2480.9281611442566,2480.9281611442566,NoButton,Move,1383.375,156.046875
2480.9369950294495,2480.9369950294495,NoButton,Move,1383.11328125,156.046875
2480.9451258182526,2480.9451258182526,NoButton,Move,1382.8515625,156.3046875
2480.95206618309,2480.95206618309,NoButton,Move,1382.58984375,156.5625
2480.968668937683,2480.968668937683,NoButton,Move,1382.34375,156.8046875
2480.9781908988953,2480.9781908988953,NoButton,Move,1382.08203125,157.0625
2480.9949498176575,2480.9949498176575,NoButton,Move,1382.08203125,157.3046875
2481.001575946808,2481.001575946808,NoButton,Move,1382.08203125,157.5625
2481.0294358730316,2481.0294358730316,Left,Pressed,1382.08203125,157.5625
2481.04590010643,2481.04590010643,NoButton,Move,1382.08203125,157.6796875
2481.1463849544525,2481.1463849544525,Left,Released,1382.08203125,157.6796875
2481.7304170131683,2481.7304170131683,NoButton,Move,1381.84765625,158.37109375
2481.738116979599,2481.738116979599,NoButton,Move,1381.2734375,158.94140625
2481.746164083481,2481.746164083481,NoButton,Move,1380.24609375,159.96484375
2481.7542700767517,2481.7542700767517,NoButton,Move,1378.2578125,161.55078125
2481.762759923935,2481.762759923935,NoButton,Move,1377.31640625,162.17578125
2481.7707557678223,2481.7707557678223,NoButton,Move,1375.328125,163.76171875
2481.7790489196777,2481.7790489196777,NoButton,Move,1374.30078125,164.78515625
2481.7870831489563,2481.7870831489563,NoButton,Move,1371.75,166.90625
2481.795495033264,2481.795495033264,NoButton,Move,1369.765625,168.4921875
2481.803803920746,2481.803803920746,NoButton,Move,1367.77734375,170.078125
2481.811947107315,2481.811947107315,NoButton,Move,1365.05859375,172.79296875
2481.821021080017,2481.821021080017,NoButton,Move,1361.69140625,175.67578125
2481.828444004059,2481.828444004059,NoButton,Move,1358.32421875,179.0390625
2481.8365671634674,2481.8365671634674,NoButton,Move,1354.95703125,182.40234375
2481.844195127487,2481.844195127487,NoButton,Move,1347.82421875,189.53125
2481.8526549339294,2481.8526549339294,NoButton,Move,1345.10546875,192.24609375
2481.8606448173523,2481.8606448173523,NoButton,Move,1336.984375,200.36328125
2481.8701269626617,2481.8701269626617,NoButton,Move,1330.15625,205.9453125
2481.8785910606384,2481.8785910606384,NoButton,Move,1323.0234375,213.07421875
2481.8862941265106,2481.8862941265106,NoButton,Move,1313.86328125,220.82421875
2481.8953669071198,2481.8953669071198,NoButton,Move,1303.60546875,229.61328125
2481.903892993927,2481.903892993927,NoButton,Move,1293.34765625,238.40234375
2481.912356853485,2481.912356853485,NoButton,Move,1280.72265625,247.8671875
2481.9202518463135,2481.9202518463135,NoButton,Move,1269.30859375,256.99609375
2481.9292199611664,2481.9292199611664,NoButton,Move,1255.89453125,266.4609375
2481.938499212265,2481.938499212265,NoButton,Move,1243.26953125,275.92578125
2481.94588303566,2481.94588303566,NoButton,Move,1229.85546875,284.6015625
2481.95130610466,2481.95130610466,NoButton,Move,1217.6796875,292.96875
2481.961923122406,2481.961923122406,NoButton,Move,1205.95703125,300.29296875
2481.9698848724365,2481.9698848724365,NoButton,Move,1194.25390625,306.87109375
2481.979233980179,2481.979233980179,NoButton,Move,1189.16796875,308.90234375
2481.983633041382,2481.983633041382,NoButton,Move,1180.08984375,313.4375
2481.9924931526184,2481.9924931526184,NoButton,Move,1172.0234375,317.15625
2482.000399827957,2482.000399827957,NoButton,Move,1164.9140625,320.70703125
2482.025752067566,2482.025752067566,NoButton,Move,1158.703125,323.52734375
2482.0258231163025,2482.0258231163025,NoButton,Move,1154.375,325.44921875
2482.0258650779724,2482.0258650779724,NoButton,Move,1150.046875,327.37109375
2482.032171010971,2482.032171010971,NoButton,Move,1148.19921875,328.109375
2482.040761947632,2482.040761947632,NoButton,Move,1145.2421875,329.375
2482.048716068268,2482.048716068268,NoButton,Move,1142.265625,330.22265625
2482.062474012375,2482.062474012375,NoButton,Move,1139.8828125,331.015625
2482.064996957779,2482.064996957779,NoButton,Move,1137.5,331.41015625
2482.081228017807,2482.081228017807,NoButton,Move,1135.65234375,331.77734375
2482.0867619514465,2482.0867619514465,NoButton,Move,1133.8046875,331.77734375
2482.0896468162537,2482.0896468162537,NoButton,Move,1132.4375,331.77734375
2482.097908973694,2482.097908973694,NoButton,Move,1131.49609375,331.77734375
2482.105971097946,2482.105971097946,NoButton,Move,1130.5546875,331.77734375
2482.114289045334,2482.114289045334,NoButton,Move,1129.61328125,331.4609375
2482.1224529743195,2482.1224529743195,NoButton,Move,1128.5859375,330.43359375
2482.1306879520416,2482.1306879520416,NoButton,Move,1128.01171875,329.859375
2482.138787984848,2482.138787984848,NoButton,Move,1127.4375,329.28515625
2482.1469728946686,2482.1469728946686,NoButton,Move,1126.80859375,328.34375
2482.1551010608673,2482.1551010608673,NoButton,Move,1126.234375,327.76953125
2482.1633689403534,2482.1633689403534,NoButton,Move,1125.9453125,327.1953125
2482.1717388629913,2482.1717388629913,NoButton,Move,1125.31640625,326.25390625
2482.1796770095825,2482.1796770095825,NoButton,Move,1125.0,325.3125
2482.1878769397736,2482.1878769397736,NoButton,Move,1124.65625,323.9453125
2482.1964848041534,2482.1964848041534,NoButton,Move,1124.65625,322.578125
2482.204418182373,2482.204418182373,NoButton,Move,1124.3125,321.2109375
2482.2124350070953,2482.2124350070953,NoButton,Move,1124.3125,319.36328125
2482.220771789551,2482.220771789551,NoButton,Move,1124.3125,317.515625
2482.2291390895844,2482.2291390895844,NoButton,Move,1124.3125,315.66796875
2482.2373349666595,2482.2373349666595,NoButton,Move,1124.3125,313.8203125
2482.245546102524,2482.245546102524,NoButton,Move,1124.3125,311.97265625
2482.2536730766296,2482.2536730766296,NoButton,Move,1124.3125,310.60546875
2482.2638590335846,2482.2638590335846,NoButton,Move,1124.3125,309.6640625
2482.2702929973602,2482.2702929973602,NoButton,Move,1124.3125,308.72265625
2482.2785840034485,2482.2785840034485,NoButton,Move,1124.3125,307.78125
2482.286823987961,2482.286823987961,NoButton,Move,1124.59765625,307.20703125
2482.307900905609,2482.307900905609,NoButton,Move,1124.59765625,306.6328125
2482.308156967163,2482.308156967163,NoButton,Move,1124.85546875,306.37109375
2482.3108701705933,2482.3108701705933,NoButton,Move,1124.85546875,306.109375
2482.3188910484314,2482.3188910484314,NoButton,Move,1124.85546875,305.53515625
2482.3273119926453,2482.3273119926453,NoButton,Move,1124.85546875,305.2734375
2482.3355660438538,2482.3355660438538,NoButton,Move,1125.11328125,305.01171875
2482.343770980835,2482.343770980835,NoButton,Move,1125.11328125,304.75
2482.3519628047943,2482.3519628047943,NoButton,Move,1125.11328125,304.48828125
2482.3601648807526,2482.3601648807526,NoButton,Move,1125.11328125,304.2265625
2482.37650680542,2482.37650680542,NoButton,Move,1125.11328125,303.98046875
2482.3849329948425,2482.3849329948425,NoButton,Move,1125.37109375,303.98046875
2482.393004179001,2482.393004179001,NoButton,Move,1125.37109375,303.71875
2482.409399032593,2482.409399032593,NoButton,Move,1125.37109375,303.47265625
2482.4346640110016,2482.4346640110016,NoButton,Move,1125.37109375,303.23046875
2482.4758501052856,2482.4758501052856,NoButton,Move,1125.37109375,302.9921875
2482.712341070175,2482.712341070175,NoButton,Move,1125.37109375,303.22265625
2482.777946949005,2482.777946949005,NoButton,Move,1125.37109375,303.453125
2482.8274850845337,2482.8274850845337,NoButton,Move,1125.37109375,303.6875
2482.8684837818146,2482.8684837818146,NoButton,Move,1125.37109375,303.921875
2482.9013080596924,2482.9013080596924,NoButton,Move,1125.37109375,304.15625
2482.925926923752,2482.925926923752,NoButton,Move,1125.609375,304.15625
2482.9335501194,2482.9335501194,NoButton,Move,1125.8671875,304.4140625
2482.942197084427,2482.942197084427,NoButton,Move,1126.125,304.4140625
2482.950185060501,2482.950185060501,NoButton,Move,1126.3828125,304.4140625
2482.958638191223,2482.958638191223,NoButton,Move,1126.640625,304.4140625
2482.9685230255127,2482.9685230255127,NoButton,Move,1127.2109375,304.4140625
2482.9752719402313,2482.9752719402313,NoButton,Move,1127.46875,304.671875
2482.982533931732,2482.982533931732,NoButton,Move,1128.0390625,304.671875
2482.9908559322357,2482.9908559322357,NoButton,Move,1128.609375,304.671875
2482.999804019928,2482.999804019928,NoButton,Move,1129.1796875,304.671875
2483.0074560642242,2483.0074560642242,NoButton,Move,1129.75,304.95703125
2483.015370130539,2483.015370130539,NoButton,Move,1130.3203125,304.95703125
2483.023546934128,2483.023546934128,NoButton,Move,1131.2578125,305.26953125
2483.031872034073,2483.031872034073,NoButton,Move,1132.1953125,305.26953125
2483.042699098587,2483.042699098587,NoButton,Move,1133.1328125,305.58203125
2483.048411846161,2483.048411846161,NoButton,Move,1134.0703125,305.89453125
2483.0564720630646,2483.0564720630646,NoButton,Move,1135.0078125,306.20703125
2483.0650289058685,2483.0650289058685,NoButton,Move,1135.578125,306.4921875
2483.0731399059296,2483.0731399059296,NoButton,Move,1136.515625,306.8046875
2483.0810351371765,2483.0810351371765,NoButton,Move,1137.0859375,307.08984375
2483.090087890625,2483.090087890625,NoButton,Move,1137.65234375,307.37109375
2483.0979368686676,2483.0979368686676,NoButton,Move,1137.9375,307.94140625
2483.105854988098,2483.105854988098,NoButton,Move,1138.5078125,308.51171875
2483.113960981369,2483.113960981369,NoButton,Move,1138.79296875,309.08203125
2483.12210893631,2483.12210893631,NoButton,Move,1139.10546875,310.01953125
2483.130444049835,2483.130444049835,NoButton,Move,1139.10546875,310.58984375
2483.138550043106,2483.138550043106,NoButton,Move,1139.10546875,311.953125
2483.146238088608,2483.146238088608,NoButton,Move,1139.10546875,313.31640625
2483.1550641059875,2483.1550641059875,NoButton,Move,1137.828125,316.2890625
2483.1631989479065,2483.1631989479065,NoButton,Move,1133.7578125,319.84765625
2483.1713449954987,2483.1713449954987,NoButton,Move,1128.11328125,323.796875
2483.1792290210724,2483.1792290210724,NoButton,Move,1120.33203125,329.62890625
2483.18789601326,2483.18789601326,NoButton,Move,1109.33984375,336.953125
2483.1973628997803,2483.1973628997803,NoButton,Move,1097.1640625,345.3203125
2483.204334974289,2483.204334974289,NoButton,Move,1083.75,354.78515625
2483.212222099304,2483.212222099304,NoButton,Move,1069.0390625,364.58984375
2483.22079706192,2483.22079706192,NoButton,Move,1055.625,374.0546875
2483.2299189567566,2483.2299189567566,NoButton,Move,1040.9140625,383.859375
2483.236461162567,2483.236461162567,NoButton,Move,1025.6953125,394.84765625
2483.246073961258,2483.246073961258,NoButton,Move,1011.80078125,405.46875
2483.2526988983154,2483.2526988983154,NoButton,Move,999.17578125,415.72265625
2483.260973215103,2483.260973215103,NoButton,Move,988.91796875,424.51171875
2483.2692098617554,2483.2692098617554,NoButton,Move,984.84765625,428.0703125
2483.280579805374,2483.280579805374,NoButton,Move,976.7265625,435.5078125
2483.285845041275,2483.285845041275,NoButton,Move,974.17578125,437.62890625
2484.8136999607086,2484.8136999607086,NoButton,Move,973.7109375,437.62890625
2484.8169560432434,2484.8169560432434,NoButton,Move,970.734375,437.62890625
2484.8262939453125,2484.8262939453125,NoButton,Move,965.3671875,440.30859375
2484.8339478969574,2484.8339478969574,NoButton,Move,959.17578125,443.12109375
2484.842008829117,2484.842008829117,NoButton,Move,950.09765625,447.0078125
2484.850156068802,2484.850156068802,NoButton,Move,932.34375,454.61328125
2484.8583550453186,2484.8583550453186,NoButton,Move,924.27734375,458.33203125
2484.8664939403534,2484.8664939403534,NoButton,Move,897.94921875,469.46875
2484.874969959259,2484.874969959259,NoButton,Move,876.55859375,478.765625
2484.882782936096,2484.882782936096,NoButton,Move,855.16796875,488.0625
2484.8910670280457,2484.8910670280457,NoButton,Move,833.77734375,499.22265625
2484.8990569114685,2484.8990569114685,NoButton,Move,812.38671875,510.3828125
2484.9073889255524,2484.9073889255524,NoButton,Move,791.11328125,521.48046875
2484.9156329631805,2484.9156329631805,NoButton,Move,781.640625,527.56640625
2484.9233391284943,2484.9233391284943,NoButton,Move,762.109375,540.5859375
2484.93155002594,2484.93155002594,NoButton,Move,744.07421875,553.20703125
2484.9528489112854,2484.9528489112854,NoButton,Move,727.4765625,564.5625
2484.9529769420624,2484.9529769420624,NoButton,Move,714.8515625,574.81640625
2484.9594309329987,2484.9594309329987,NoButton,Move,709.76953125,579.328125
2484.9642729759216,2484.9642729759216,NoButton,Move,700.609375,587.78125
2484.9723830223083,2484.9723830223083,NoButton,Move,692.48828125,595.21875
2484.9804570674896,2484.9804570674896,NoButton,Move,686.90234375,602.04296875
2484.997778892517,2484.997778892517,NoButton,Move,682.94921875,607.68359375
2484.997870206833,2484.997870206833,NoButton,Move,679.5625,613.890625
2485.005208969116,2485.005208969116,NoButton,Move,677.63671875,618.21484375
2485.013277053833,2485.013277053833,NoButton,Move,676.671875,622.5390625
2486.692363023758,2486.692363023758,NoButton,Move,678.7578125,621.37890625
2486.700623989105,2486.700623989105,NoButton,Move,680.6015625,620.26953125
2486.7089760303497,2486.7089760303497,NoButton,Move,685.17578125,617.7265625
2486.717006921768,2486.717006921768,NoButton,Move,688.34375,615.4609375
2486.7251930236816,2486.7251930236816,NoButton,Move,691.51171875,613.1953125
2486.73358297348,2486.73358297348,NoButton,Move,695.578125,609.6328125
2486.742786169052,2486.742786169052,NoButton,Move,696.203125,608.69140625
2490.517298936844,2490.517298936844,NoButton,Move,696.203125,607.765625
2490.5255370140076,2490.5255370140076,NoButton,Move,692.8359375,604.87890625
2490.533506155014,2490.533506155014,NoButton,Move,686.31640625,600.13671875
2490.5421419143677,2490.5421419143677,NoButton,Move,677.88671875,594.30078125
2490.5502910614014,2490.5502910614014,NoButton,Move,646.28515625,575.11328125
2490.558393239975,2490.558393239975,NoButton,Move,615.48046875,559.7109375
2490.566069126129,2490.566069126129,NoButton,Move,570.9921875,543.1875
2490.5751230716705,2490.5751230716705,NoButton,Move,522.90625,528.890625
2490.5824410915375,2490.5824410915375,NoButton,Move,469.98828125,516.6796875
2490.5910580158234,2490.5910580158234,NoButton,Move,445.0703125,514.76171875
2490.5989928245544,2490.5989928245544,NoButton,Move,400.33984375,509.7890625
2490.6288290023804,2490.6288290023804,NoButton,Move,360.265625,508.609375
2490.6288998126984,2490.6288998126984,NoButton,Move,345.80859375,508.609375
2490.6289401054382,2490.6289401054382,NoButton,Move,319.16796875,508.609375
2490.6358139514923,2490.6358139514923,NoButton,Move,295.9140625,508.609375
2490.6395211219788,2490.6395211219788,NoButton,Move,277.31640625,511.98828125
2490.8472430706024,2490.8472430706024,NoButton,Move,277.31640625,511.28515625
2490.8523001670837,2490.8523001670837,NoButton,Move,277.31640625,508.30859375
2490.862324953079,2490.862324953079,NoButton,Move,276.86328125,504.68359375
2490.8688888549805,2490.8688888549805,NoButton,Move,275.8984375,500.35546875
2490.8781321048737,2490.8781321048737,NoButton,Move,274.12109375,492.65234375
2490.88578414917,2490.88578414917,NoButton,Move,273.15625,488.32421875
2490.894800901413,2490.894800901413,NoButton,Move,270.671875,479.63671875
2490.9034900665283,2490.9034900665283,NoButton,Move,268.30078125,471.93359375
2490.910173892975,2490.910173892975,NoButton,Move,266.04296875,465.16015625
2490.9194509983063,2490.9194509983063,NoButton,Move,263.078125,458.05078125
2490.928540945053,2490.928540945053,NoButton,Move,260.9375,452.1640625
2490.935998916626,2490.935998916626,NoButton,Move,259.34765625,450.17578125
2490.9452900886536,2490.9452900886536,NoButton,Move,257.53515625,446.55078125
2490.952903032303,2490.952903032303,NoButton,Move,255.26953125,443.37890625
2490.9615502357483,2490.9615502357483,NoButton,Move,253.56640625,440.828125
2490.9674310684204,2490.9674310684204,NoButton,Move,251.9765625,438.83984375
2490.979686975479,2490.979686975479,NoButton,Move,250.38671875,436.8515625
2490.9845440387726,2490.9845440387726,NoButton,Move,249.359375,435.82421875
2490.992150068283,2490.992150068283,NoButton,Move,248.33203125,434.796875
2491.0002279281616,2491.0002279281616,NoButton,Move,247.703125,433.85546875
2491.008674144745,2491.008674144745,NoButton,Move,247.12890625,433.28125
2491.0168211460114,2491.0168211460114,NoButton,Move,246.5546875,432.70703125
2491.025719165802,2491.025719165802,NoButton,Move,245.98046875,432.1328125
2491.0332407951355,2491.0332407951355,NoButton,Move,245.69140625,431.55859375
2491.041349887848,2491.041349887848,NoButton,Move,245.1171875,431.26953125
2491.049816131592,2491.049816131592,NoButton,Move,244.85546875,431.0078125
2491.057533979416,2491.057533979416,NoButton,Move,244.59375,430.74609375
2491.0655398368835,2491.0655398368835,NoButton,Move,244.33203125,430.484375
2491.0737318992615,2491.0737318992615,NoButton,Move,244.0703125,430.22265625
2491.0960710048676,2491.0960710048676,Left,Pressed,244.0703125,430.22265625
2491.1124300956726,2491.1124300956726,NoButton,Move,243.9453125,430.09765625
2491.2127361297607,2491.2127361297607,Left,Released,243.9453125,430.09765625
2491.8114500045776,2491.8114500045776,NoButton,Move,244.63671875,430.09765625
2491.818869113922,2491.818869113922,NoButton,Move,248.48046875,427.69140625
2491.828094959259,2491.828094959259,NoButton,Move,259.4140625,420.3984375
2491.8361201286316,2491.8361201286316,NoButton,Move,284.453125,402.66015625
2491.844153881073,2491.844153881073,NoButton,Move,311.953125,381.7578125
2491.8517050743103,2491.8517050743103,NoButton,Move,350.08203125,353.79296875
2491.861219882965,2491.861219882965,NoButton,Move,426.7578125,299.265625
2491.8680708408356,2491.8680708408356,NoButton,Move,488.734375,249.99609375
2491.8780810832977,2491.8780810832977,NoButton,Move,562.6875,196.20703125
2491.8849699497223,2491.8849699497223,NoButton,Move,641.06640625,143.3828125
2491.895912885666,2491.895912885666,NoButton,Move,717.58203125,93.4765625
2491.900913953781,2491.900913953781,NoButton,Move,755.2109375,71.625
2491.9112730026245,2491.9112730026245,NoButton,Move,824.44921875,29.7578125
2491.9177169799805,2491.9177169799805,NoButton,Move,849.8203125,16.5625
2491.9274530410767,2491.9274530410767,NoButton,Move,899.69140625,0.0
2491.933998823166,2491.933998823166,NoButton,Move,913.890625,0.0
2491.9417889118195,2491.9417889118195,NoButton,Move,922.96484375,0.0
2491.951064825058,2491.951064825058,NoButton,Move,929.171875,0.0
2491.958403110504,2491.958403110504,NoButton,Move,943.37109375,0.0
2491.9667131900787,2491.9667131900787,NoButton,Move,950.44921875,0.0
2491.9753658771515,2491.9753658771515,NoButton,Move,957.5546875,0.0
2491.9831399917603,2491.9831399917603,NoButton,Move,958.125,0.0
2491.999326944351,2491.999326944351,NoButton,Move,955.3671875,1.375
2492.155086040497,2492.155086040497,NoButton,Move,954.8984375,1.60546875
2492.1629960536957,2492.1629960536957,NoButton,Move,952.7734375,3.7265625
2492.1713919639587,2492.1713919639587,NoButton,Move,950.78515625,5.3125
2492.179361104965,2492.179361104965,NoButton,Move,948.66015625,7.43359375
2492.1926600933075,2492.1926600933075,NoButton,Move,946.53515625,9.5546875
2492.195727825165,2492.195727825165,NoButton,Move,943.984375,11.25390625
2492.2146561145782,2492.2146561145782,NoButton,Move,941.43359375,12.953125
2492.2148518562317,2492.2148518562317,NoButton,Move,936.60546875,16.70703125
2492.22172999382,2492.22172999382,NoButton,Move,932.02734375,19.7578125
2492.228595018387,2492.228595018387,NoButton,Move,927.44921875,22.296875
2492.2426171302795,2492.2426171302795,NoButton,Move,922.08203125,24.9765625
2492.246454000473,2492.246454000473,NoButton,Move,917.75390625,26.8984375
2492.253098011017,2492.253098011017,NoButton,Move,913.42578125,28.8203125
2492.2861120700836,2492.2861120700836,NoButton,Move,909.09765625,30.7421875
2492.2863161563873,2492.2863161563873,NoButton,Move,904.76953125,32.6640625
2492.2863681316376,2492.2863681316376,NoButton,Move,901.14453125,34.47265625
2492.28644990921,2492.28644990921,NoButton,Move,896.81640625,35.9140625
2492.2952420711517,2492.2952420711517,NoButton,Move,892.48828125,37.8359375
2492.3023569583893,2492.3023569583893,NoButton,Move,888.86328125,39.64453125
2492.310825109482,2492.310825109482,NoButton,Move,887.015625,40.3828125
2492.320549964905,2492.320549964905,NoButton,Move,883.84375,42.19140625
2492.3319969177246,2492.3319969177246,NoButton,Move,881.4609375,43.37890625
2492.335993051529,2492.335993051529,NoButton,Move,879.078125,44.56640625
2492.3617310523987,2492.3617310523987,NoButton,Move,877.59765625,45.671875
2492.363751888275,2492.363751888275,NoButton,Move,876.65625,45.984375
2492.365334033966,2492.365334033966,NoButton,Move,875.71484375,46.609375
2492.367578983307,2492.367578983307,NoButton,Move,875.453125,46.8671875
2492.377545118332,2492.377545118332,NoButton,Move,875.19140625,47.125
2492.3840980529785,2492.3840980529785,NoButton,Move,874.9296875,47.3828125
2492.43869805336,2492.43869805336,NoButton,Move,874.9296875,46.90234375
2492.4462180137634,2492.4462180137634,NoButton,Move,874.9296875,46.328125
2492.450289964676,2492.450289964676,NoButton,Move,874.9296875,45.75390625
2492.4586341381073,2492.4586341381073,NoButton,Move,874.640625,45.1796875
2492.4658970832825,2492.4658970832825,NoButton,Move,874.3515625,44.60546875
2492.478250026703,2492.478250026703,NoButton,Move,874.0625,44.03125
2492.482369184494,2492.482369184494,NoButton,Move,873.48828125,43.7421875
2492.4945108890533,2492.4945108890533,NoButton,Move,872.9140625,43.16796875
2492.4995908737183,2492.4995908737183,NoButton,Move,872.33984375,42.87890625
2492.5187809467316,2492.5187809467316,NoButton,Move,871.3984375,42.5625
2492.5191900730133,2492.5191900730133,NoButton,Move,870.82421875,42.2734375
2492.523712158203,2492.523712158203,NoButton,Move,870.25,42.2734375
2492.5314218997955,2492.5314218997955,NoButton,Move,869.67578125,42.2734375
2492.539710044861,2492.539710044861,NoButton,Move,869.4140625,42.2734375
2492.562350988388,2492.562350988388,Left,Pressed,869.4140625,42.2734375
2492.5790631771088,2492.5790631771088,NoButton,Move,869.14453125,42.2734375
2492.668874979019,2492.668874979019,Left,Released,869.14453125,42.2734375
2492.8676722049713,2492.8676722049713,NoButton,Move,869.60546875,42.2734375
2492.8767459392548,2492.8767459392548,NoButton,Move,870.54296875,42.2734375
2492.8837661743164,2492.8837661743164,NoButton,Move,871.48046875,42.2734375
2492.891944885254,2492.891944885254,NoButton,Move,872.41796875,42.2734375
2492.9002408981323,2492.9002408981323,NoButton,Move,873.35546875,42.2734375
2492.908800125122,2492.908800125122,NoButton,Move,875.19921875,42.2734375
2492.9170219898224,2492.9170219898224,NoButton,Move,876.5625,42.2734375
2492.925134897232,2492.925134897232,NoButton,Move,877.92578125,42.2734375
2492.9332089424133,2492.9332089424133,NoButton,Move,878.86328125,42.2734375
2492.9418110847473,2492.9418110847473,NoButton,Move,879.80078125,42.2734375
2492.9498460292816,2492.9498460292816,NoButton,Move,880.73828125,42.2734375
2492.958020925522,2492.958020925522,NoButton,Move,881.30859375,42.2734375
2492.965546131134,2492.965546131134,NoButton,Move,881.87890625,42.2734375
2492.9736268520355,2492.9736268520355,NoButton,Move,882.44921875,42.2734375
2492.9819259643555,2492.9819259643555,NoButton,Move,882.70703125,42.2734375
2492.990303993225,2492.990303993225,NoButton,Move,882.96484375,42.2734375
2492.9982631206512,2492.9982631206512,NoButton,Move,883.22265625,42.2734375
2493.0147590637207,2493.0147590637207,NoButton,Move,883.46484375,42.2734375
2493.022954940796,2493.022954940796,NoButton,Move,883.72265625,42.2734375
2493.0392961502075,2493.0392961502075,NoButton,Move,883.96484375,42.2734375
2493.047966003418,2493.047966003418,NoButton,Move,884.22265625,42.2734375
2493.064372062683,2493.064372062683,NoButton,Move,884.46484375,42.2734375
2493.0724198818207,2493.0724198818207,NoButton,Move,884.72265625,42.2734375
2493.104434967041,2493.104434967041,Left,Pressed,884.72265625,42.2734375
2493.1124980449677,2493.1124980449677,NoButton,Move,884.72265625,42.39453125
2493.1956839561462,2493.1956839561462,Left,Released,884.72265625,42.39453125
2493.703675031662,2493.703675031662,NoButton,Move,885.6484375,42.39453125
2493.7117309570312,2493.7117309570312,NoButton,Move,887.4921875,42.39453125
2493.7195320129395,2493.7195320129395,NoButton,Move,889.3359375,42.39453125
2493.7274119853973,2493.7274119853973,NoButton,Move,892.30859375,42.39453125
2493.7360479831696,2493.7360479831696,NoButton,Move,895.28125,42.39453125
2493.745449066162,2493.745449066162,NoButton,Move,898.25390625,42.39453125
2493.752114057541,2493.752114057541,NoButton,Move,901.875,42.39453125
2493.760297060013,2493.760297060013,NoButton,Move,904.84765625,42.39453125
2493.768154859543,2493.768154859543,NoButton,Move,906.69140625,42.76171875
2493.7763772010803,2493.7763772010803,NoButton,Move,909.6640625,43.18359375
2493.7845599651337,2493.7845599651337,NoButton,Move,912.04296875,43.578125
2493.798826932907,2493.798826932907,NoButton,Move,913.88671875,43.9453125
2493.801192998886,2493.801192998886,NoButton,Move,915.25,43.9453125
2493.813013076782,2493.813013076782,NoButton,Move,916.61328125,44.28515625
2493.817358970642,2493.817358970642,NoButton,Move,917.18359375,44.5703125
2493.8288300037384,2493.8288300037384,NoButton,Move,917.75390625,44.85546875
2493.833894968033,2493.833894968033,NoButton,Move,918.32421875,44.85546875
2493.8463768959045,2493.8463768959045,NoButton,Move,918.58203125,44.85546875
2493.8503501415253,2493.8503501415253,NoButton,Move,918.83984375,44.85546875
2493.8586819171906,2493.8586819171906,NoButton,Move,919.09765625,45.11328125
2493.8668360710144,2493.8668360710144,NoButton,Move,919.35546875,45.11328125
2493.883586168289,2493.883586168289,NoButton,Move,919.59765625,45.11328125
2493.8996620178223,2493.8996620178223,NoButton,Move,919.83984375,45.11328125
2493.910187959671,2493.910187959671,NoButton,Move,920.09765625,45.11328125
2493.9162418842316,2493.9162418842316,NoButton,Move,920.35546875,45.11328125
2493.924040079117,2493.924040079117,NoButton,Move,920.61328125,45.11328125
2493.932384967804,2493.932384967804,NoButton,Move,920.87109375,45.11328125
2493.9400069713593,2493.9400069713593,NoButton,Move,921.12890625,45.11328125
2493.9488530158997,2493.9488530158997,NoButton,Move,921.69921875,45.11328125
2493.9569799900055,2493.9569799900055,NoButton,Move,922.26953125,45.11328125
2493.9651939868927,2493.9651939868927,NoButton,Move,922.52734375,45.11328125
2493.9733130931854,2493.9733130931854,NoButton,Move,923.46484375,45.11328125
2493.9816148281097,2493.9816148281097,NoButton,Move,924.03515625,45.11328125
2493.989723920822,2493.989723920822,NoButton,Move,924.60546875,45.11328125
2493.9981100559235,2493.9981100559235,NoButton,Move,925.54296875,45.11328125
2494.00612783432,2494.00612783432,NoButton,Move,926.11328125,45.11328125
2494.014360189438,2494.014360189438,NoButton,Move,927.05078125,45.11328125
2494.02263879776,2494.02263879776,NoButton,Move,927.62109375,45.11328125
2494.0307137966156,2494.0307137966156,NoButton,Move,928.55859375,45.11328125
2494.038600921631,2494.038600921631,NoButton,Move,928.81640625,45.11328125
2494.0472400188446,2494.0472400188446,NoButton,Move,929.38671875,45.11328125
2494.055258989334,2494.055258989334,NoButton,Move,929.95703125,45.11328125
2494.0637209415436,2494.0637209415436,NoButton,Move,930.21484375,45.11328125
2494.071681022644,2494.071681022644,NoButton,Move,930.47265625,45.11328125
2494.0824739933014,2494.0824739933014,NoButton,Move,931.04296875,45.11328125
2494.1125950813293,2494.1125950813293,Left,Pressed,931.04296875,45.11328125
2494.1126630306244,2494.1126630306244,NoButton,Move,931.1640625,45.234375
2494.2289249897003,2494.2289249897003,Left,Released,931.1640625,45.234375
2495.3486499786377,2495.3486499786377,NoButton,Move,930.00390625,46.16015625
2495.3571021556854,2495.3571021556854,NoButton,Move,927.4609375,48.2734375
2495.3653309345245,2495.3653309345245,NoButton,Move,923.8984375,52.33984375
2495.37348985672,2495.37348985672,NoButton,Move,913.24609375,62.98828125
2495.381733894348,2495.381733894348,NoButton,Move,900.98828125,75.2421875
2495.389911174774,2495.389911174774,NoButton,Move,887.01171875,90.08984375
2495.39803814888,2495.39803814888,NoButton,Move,855.94921875,122.390625
2495.4064650535583,2495.4064650535583,NoButton,Move,832.84375,148.7890625
2495.414680957794,2495.414680957794,NoButton,Move,806.76171875,179.609375
2495.432834148407,2495.432834148407,NoButton,Move,793.65625,195.33203125
2495.4330608844757,2495.4330608844757,NoButton,Move,767.57421875,227.3359375
2495.441474199295,2495.441474199295,NoButton,Move,741.4921875,259.33984375
2495.4496037960052,2495.4496037960052,NoButton,Move,715.41015625,290.16015625
2495.454819202423,2495.454819202423,NoButton,Move,705.15234375,302.78125
2495.465888977051,2495.465888977051,NoButton,Move,685.328125,326.77734375
2495.4713060855865,2495.4713060855865,NoButton,Move,668.078125,345.94140625
2495.4826200008392,2495.4826200008392,NoButton,Move,654.1015625,360.7890625
2495.487484931946,2495.487484931946,NoButton,Move,649.5859375,365.8671875
2495.499286174774,2495.499286174774,NoButton,Move,639.6953125,376.515625
2495.503982067108,2495.503982067108,NoButton,Move,632.25390625,384.6328125
2495.51566696167,2495.51566696167,NoButton,Move,626.046875,390.8359375
2495.520383119583,2495.520383119583,NoButton,Move,624.45703125,392.8203125
2495.733416080475,2495.733416080475,NoButton,Move,624.45703125,392.5859375
2495.7415900230408,2495.7415900230408,NoButton,Move,624.45703125,390.73828125
2495.749619960785,2495.749619960785,NoButton,Move,624.45703125,388.35546875
2495.7577300071716,2495.7577300071716,NoButton,Move,624.45703125,385.97265625
2495.7660670280457,2495.7660670280457,NoButton,Move,624.45703125,382.99609375
2495.7742290496826,2495.7742290496826,NoButton,Move,624.45703125,380.01953125
2495.782361984253,2495.782361984253,NoButton,Move,624.45703125,377.04296875
2495.790632009506,2495.790632009506,NoButton,Move,624.45703125,371.95703125
2495.798841238022,2495.798841238022,NoButton,Move,623.9453125,366.87109375
2495.807118177414,2495.807118177414,NoButton,Move,623.9453125,361.78515625
2495.8154129981995,2495.8154129981995,NoButton,Move,622.92578125,356.69921875
2495.8235800266266,2495.8235800266266,NoButton,Move,621.9609375,352.37109375
2495.8316349983215,2495.8316349983215,NoButton,Move,620.99609375,348.04296875
2495.8399341106415,2495.8399341106415,NoButton,Move,620.625,346.1953125
2495.8480269908905,2495.8480269908905,NoButton,Move,619.265625,342.5703125
2495.856379032135,2495.856379032135,NoButton,Move,617.73828125,337.484375
2495.86483502388,2495.86483502388,NoButton,Move,616.88671875,334.5078125
2495.8730380535126,2495.8730380535126,NoButton,Move,616.54296875,333.140625
2495.8812839984894,2495.8812839984894,NoButton,Move,615.74609375,330.7578125
2495.8894259929657,2495.8894259929657,NoButton,Move,615.375,328.91015625
2495.8976888656616,2495.8976888656616,NoButton,Move,614.6328125,327.0625
2495.905599117279,2495.905599117279,NoButton,Move,614.2890625,325.6953125
2495.914160013199,2495.914160013199,NoButton,Move,613.9453125,324.328125
2495.9220490455627,2495.9220490455627,NoButton,Move,613.9453125,323.38671875
2495.9303109645844,2495.9303109645844,NoButton,Move,613.62890625,322.4453125
2495.9384541511536,2495.9384541511536,NoButton,Move,613.62890625,321.87109375
2495.946794986725,2495.946794986725,NoButton,Move,613.62890625,321.296875
2495.9548370838165,2495.9548370838165,NoButton,Move,613.62890625,321.03515625
2495.9632439613342,2495.9632439613342,NoButton,Move,613.62890625,320.7734375
2495.9717020988464,2495.9717020988464,NoButton,Move,613.62890625,320.51171875
2495.981454849243,2495.981454849243,NoButton,Move,613.62890625,320.25
2496.013607978821,2496.013607978821,NoButton,Move,613.62890625,320.0078125
2496.0363500118256,2496.0363500118256,NoButton,Move,613.62890625,319.76953125
2496.053437948227,2496.053437948227,NoButton,Move,613.62890625,319.5234375
2496.07008600235,2496.07008600235,NoButton,Move,613.62890625,319.27734375
2496.0799508094788,2496.0799508094788,NoButton,Move,613.33984375,318.703125
2496.086436986923,2496.086436986923,NoButton,Move,613.33984375,318.12890625
2496.095325946808,2496.095325946808,NoButton,Move,613.05078125,317.5546875
2496.1023280620575,2496.1023280620575,NoButton,Move,613.05078125,316.98046875
2496.1133151054382,2496.1133151054382,NoButton,Move,612.734375,316.0390625
2496.120012998581,2496.120012998581,NoButton,Move,612.734375,315.09765625
2496.1307849884033,2496.1307849884033,NoButton,Move,612.41796875,314.15625
2496.135172843933,2496.135172843933,NoButton,Move,612.1015625,313.21484375
2496.1437520980835,2496.1437520980835,NoButton,Move,612.1015625,311.84765625
2496.151776075363,2496.151776075363,NoButton,Move,611.78515625,310.90625
2496.1651079654694,2496.1651079654694,NoButton,Move,611.46875,309.96484375
2496.1678400039673,2496.1678400039673,NoButton,Move,611.15234375,309.0234375
2496.2116611003876,2496.2116611003876,NoButton,Move,610.8359375,308.08203125
2496.211776971817,2496.211776971817,NoButton,Move,610.51953125,307.140625
2496.2118759155273,2496.2118759155273,NoButton,Move,609.890625,306.19921875
2496.212089061737,2496.212089061737,NoButton,Move,609.57421875,305.2578125
2496.212140083313,2496.212140083313,NoButton,Move,609.28515625,304.68359375
2496.2164249420166,2496.2164249420166,NoButton,Move,608.99609375,304.109375
2496.224697113037,2496.224697113037,NoButton,Move,608.6796875,303.16796875
2496.2371020317078,2496.2371020317078,NoButton,Move,608.390625,302.59375
2496.2409069538116,2496.2409069538116,NoButton,Move,608.1015625,302.01953125
2496.2492921352386,2496.2492921352386,NoButton,Move,608.1015625,301.4453125
2496.257380962372,2496.257380962372,NoButton,Move,607.8125,300.87109375
2496.265564918518,2496.265564918518,NoButton,Move,607.55078125,300.609375
2496.2736530303955,2496.2736530303955,NoButton,Move,607.55078125,300.34765625
2496.281939983368,2496.281939983368,NoButton,Move,607.26171875,299.7734375
2496.2901430130005,2496.2901430130005,NoButton,Move,607.26171875,299.51171875
2496.306670188904,2496.306670188904,NoButton,Move,607.015625,299.265625
2496.339416027069,2496.339416027069,NoButton,Move,607.015625,299.02734375
2496.3791308403015,2496.3791308403015,Left,Pressed,607.015625,299.02734375
2496.379248857498,2496.379248857498,NoButton,Move,606.89453125,299.02734375
2496.480726003647,2496.480726003647,Left,Released,606.89453125,299.02734375
2496.6134090423584,2496.6134090423584,Left,Pressed,606.89453125,299.02734375
2496.712578058243,2496.712578058243,Left,Released,606.89453125,299.02734375
2497.0850570201874,2497.0850570201874,NoButton,Move,606.89453125,300.18359375
2497.099707841873,2497.099707841873,NoButton,Move,606.49609375,302.5625
2497.1011278629303,2497.1011278629303,NoButton,Move,605.58984375,306.18359375
2497.11075091362,2497.11075091362,NoButton,Move,603.33203125,312.953125
2497.117539167404,2497.117539167404,NoButton,Move,600.3671875,320.65234375
2497.127870082855,2497.127870082855,NoButton,Move,593.828125,336.9921875
2497.133921146393,2497.133921146393,NoButton,Move,586.7265625,351.19140625
2497.1475059986115,2497.1475059986115,NoButton,Move,577.70703125,371.02734375
2497.1502101421356,2497.1502101421356,NoButton,Move,567.1640625,394.0234375
2497.158463001251,2497.158463001251,NoButton,Move,554.640625,422.19140625
2497.166734933853,2497.166734933853,NoButton,Move,532.47265625,474.8359375
2497.175081014633,2497.175081014633,NoButton,Move,525.93359375,491.17578125
2497.1830220222473,2497.1830220222473,NoButton,Move,513.83203125,524.17578125
2497.1912920475006,2497.1912920475006,NoButton,Move,502.828125,557.17578125
2497.1993958950043,2497.1993958950043,NoButton,Move,492.39453125,586.38671875
2497.2075650691986,2497.2075650691986,NoButton,Move,484.046875,615.59765625
2497.215897798538,2497.215897798538,NoButton,Move,474.91015625,643.0
2497.2241201400757,2497.2241201400757,NoButton,Move,471.66796875,652.72265625
2497.23224902153,2497.23224902153,NoButton,Move,464.453125,673.4609375
2497.2404379844666,2497.2404379844666,NoButton,Move,462.1953125,680.23046875
2497.24862909317,2497.24862909317,NoButton,Move,455.8828125,695.21875
2497.256919145584,2497.256919145584,NoButton,Move,450.94921875,706.48828125
2497.2648940086365,2497.2648940086365,NoButton,Move,447.05859375,715.5625
2497.2732198238373,2497.2732198238373,NoButton,Move,442.91015625,722.078125
2497.2812621593475,2497.2812621593475,NoButton,Move,441.4296875,723.5546875
2497.2895810604095,2497.2895810604095,NoButton,Move,438.0625,726.91796875
2497.3366050720215,2497.3366050720215,NoButton,Move,435.51171875,729.0390625
2497.3366680145264,2497.3366680145264,NoButton,Move,432.9609375,730.73828125
2497.336706161499,2497.336706161499,NoButton,Move,431.11328125,731.4765625
2497.336741924286,2497.336741924286,NoButton,Move,429.265625,731.84375
2497.336781024933,2497.336781024933,NoButton,Move,427.41796875,732.2109375
2497.3386590480804,2497.3386590480804,NoButton,Move,424.44140625,732.6328125
2497.3467359542847,2497.3467359542847,NoButton,Move,423.5,732.6328125
2497.354973077774,2497.354973077774,NoButton,Move,421.65234375,732.6328125
2497.3631308078766,2497.3631308078766,NoButton,Move,419.8046875,732.6328125
2497.3712038993835,2497.3712038993835,NoButton,Move,417.95703125,732.6328125
2497.3793449401855,2497.3793449401855,NoButton,Move,416.109375,732.6328125
2497.3875710964203,2497.3875710964203,NoButton,Move,414.26171875,732.6328125
2497.3958988189697,2497.3958988189697,NoButton,Move,412.89453125,731.94921875
2497.404011964798,2497.404011964798,NoButton,Move,411.52734375,731.265625
2497.412178039551,2497.412178039551,NoButton,Move,410.5859375,730.94921875
2497.4203600883484,2497.4203600883484,NoButton,Move,409.64453125,730.3203125
2497.4284720420837,2497.4284720420837,NoButton,Move,409.0703125,730.03125
2497.443544149399,2497.443544149399,NoButton,Move,408.49609375,729.7421875
2497.4476549625397,2497.4476549625397,NoButton,Move,408.234375,729.48046875
2497.4531400203705,2497.4531400203705,NoButton,Move,407.97265625,729.48046875
2497.4613490104675,2497.4613490104675,NoButton,Move,407.7109375,729.21875
2497.4694640636444,2497.4694640636444,NoButton,Move,407.44921875,729.21875
2497.4866740703583,2497.4866740703583,NoButton,Move,407.203125,729.21875
2497.494083881378,2497.494083881378,NoButton,Move,406.94140625,729.21875
2497.502727985382,2497.502727985382,NoButton,Move,406.6796875,729.21875
2497.5104269981384,2497.5104269981384,NoButton,Move,406.10546875,729.50390625
2497.5186319351196,2497.5186319351196,NoButton,Move,405.421875,730.8671875
2497.5269367694855,2497.5269367694855,NoButton,Move,402.87890625,735.44140625
2497.535118818283,2497.535118818283,NoButton,Move,400.953125,739.765625
2497.543282032013,2497.543282032013,NoButton,Move,399.67578125,742.73828125
2497.5515129566193,2497.5515129566193,NoButton,Move,397.640625,747.8203125
2497.559630870819,2497.559630870819,NoButton,Move,396.53125,749.6640625
2497.5679318904877,2497.5679318904877,NoButton,Move,394.71875,753.28515625
2497.576019048691,2497.576019048691,NoButton,Move,392.90625,756.90625
2497.5842139720917,2497.5842139720917,NoButton,Move,391.31640625,758.890625
2497.5959780216217,2497.5959780216217,NoButton,Move,390.20703125,760.734375
2497.6010320186615,2497.6010320186615,NoButton,Move,389.09765625,762.2109375
2497.6091170310974,2497.6091170310974,NoButton,Move,388.4140625,763.57421875
2497.61745095253,2497.61745095253,NoButton,Move,388.125,764.14453125
2497.62548995018,2497.62548995018,NoButton,Move,387.55078125,764.4296875
2497.633749961853,2497.633749961853,NoButton,Move,387.2890625,764.6875
2497.642152070999,2497.642152070999,NoButton,Move,387.02734375,764.9453125
2497.6502459049225,2497.6502459049225,NoButton,Move,386.765625,765.203125
2497.6589250564575,2497.6589250564575,NoButton,Move,386.765625,765.4609375
2497.6667959690094,2497.6667959690094,NoButton,Move,386.50390625,765.71875
2497.6829261779785,2497.6829261779785,NoButton,Move,386.50390625,765.9609375
2497.691817045212,2497.691817045212,NoButton,Move,386.2421875,765.9609375
2497.7319779396057,2497.7319779396057,Left,Pressed,386.2421875,765.9609375
2497.846139907837,2497.846139907837,Left,Released,386.2421875,765.9609375
2499.469647884369,2499.469647884369,NoButton,Move,386.2421875,765.7265625
2499.470561027527,2499.470561027527,NoButton,Move,386.2421875,765.46484375
2499.47123503685,2499.47123503685,NoButton,Move,386.2421875,764.09765625
2499.478287935257,2499.478287935257,NoButton,Move,386.2421875,762.25
2499.485794067383,2499.485794067383,NoButton,Move,386.6640625,759.2734375
2499.497677087784,2499.497677087784,NoButton,Move,388.47265625,756.1015625
2499.5017228126526,2499.5017228126526,NoButton,Move,390.7265625,749.328125
2499.5112891197205,2499.5112891197205,NoButton,Move,394.27734375,742.21875
2499.517554998398,2499.517554998398,NoButton,Move,397.99609375,734.15234375
2499.5250539779663,2499.5250539779663,NoButton,Move,403.40625,724.6796875
2499.5357530117035,2499.5357530117035,NoButton,Move,410.73046875,712.95703125
2499.541853904724,2499.541853904724,NoButton,Move,419.09765625,700.78125
2499.5498061180115,2499.5498061180115,NoButton,Move,427.46484375,688.60546875
2499.558300971985,2499.558300971985,NoButton,Move,438.0859375,674.7109375
2499.5665850639343,2499.5665850639343,NoButton,Move,449.07421875,659.4921875
2499.5748381614685,2499.5748381614685,NoButton,Move,459.6953125,645.59765625
2499.5853040218353,2499.5853040218353,NoButton,Move,472.37109375,631.2265625
2499.590835094452,2499.590835094452,NoButton,Move,485.046875,616.85546875
2499.600792169571,2499.600792169571,NoButton,Move,496.484375,603.78125
2499.60720205307,2499.60720205307,NoButton,Move,508.73828125,590.70703125
2499.616394996643,2499.616394996643,NoButton,Move,520.5703125,579.66015625
2499.6248672008514,2499.6248672008514,NoButton,Move,530.45703125,569.0078125
2501.4420318603516,2501.4420318603516,NoButton,Move,530.921875,574.37109375
2501.671406030655,2501.671406030655,NoButton,Move,530.921875,573.19140625
2501.6796560287476,2501.6796560287476,NoButton,Move,537.68359375,564.39453125
2501.687523841858,2501.687523841858,NoButton,Move,548.33203125,553.7421875
2501.695739030838,2501.695739030838,NoButton,Move,562.69921875,541.90625
2501.7040781974792,2501.7040781974792,NoButton,Move,577.06640625,529.2265625
2501.712597131729,2501.712597131729,NoButton,Move,595.6640625,514.34375
2501.7206411361694,2501.7206411361694,NoButton,Move,617.9921875,496.07421875
2501.7291231155396,2501.7291231155396,NoButton,Move,664.65625,459.3046875
2501.7366988658905,2501.7366988658905,NoButton,Move,745.95703125,392.13671875
2501.7452359199524,2501.7452359199524,NoButton,Move,776.77734375,366.0546875
2501.753154039383,2501.753154039383,NoButton,Move,834.765625,317.46484375
2501.761752843857,2501.761752843857,NoButton,Move,892.75390625,268.875
2501.769555091858,2501.769555091858,NoButton,Move,952.30859375,221.8515625
2501.7786979675293,2501.7786979675293,NoButton,Move,981.2421875,206.84765625
2501.785987138748,2501.785987138748,NoButton,Move,1002.9453125,191.05859375
2501.79540681839,2501.79540681839,NoButton,Move,1010.72265625,184.57421875
2501.802181959152,2501.802181959152,NoButton,Move,1019.17578125,175.4140625
2501.812623977661,2501.812623977661,NoButton,Move,1037.3828125,158.1640625
2501.8184661865234,2501.8184661865234,NoButton,Move,1048.8203125,145.08984375
2501.828299999237,2501.828299999237,NoButton,Move,1050.62890625,141.46484375
2501.835062980652,2501.835062980652,NoButton,Move,1055.58984375,134.01953125
2501.8462541103363,2501.8462541103363,NoButton,Move,1058.12890625,129.44140625
2501.8514029979706,2501.8514029979706,NoButton,Move,1059.40234375,126.46484375
2501.86269903183,2501.86269903183,NoButton,Move,1059.796875,124.08203125
2501.8680489063263,2501.8680489063263,NoButton,Move,1059.796875,122.71484375
2501.8786969184875,2501.8786969184875,NoButton,Move,1059.796875,121.34765625
2501.8843910694122,2501.8843910694122,NoButton,Move,1059.796875,120.40625
2501.892436027527,2501.892436027527,NoButton,Move,1059.796875,119.83203125
2501.901146888733,2501.901146888733,NoButton,Move,1059.796875,118.46484375
2501.912497997284,2501.912497997284,NoButton,Move,1059.796875,117.5234375
2501.918133020401,2501.918133020401,NoButton,Move,1059.796875,116.58203125
2501.925472974777,2501.925472974777,NoButton,Move,1059.796875,114.734375
2501.9336819648743,2501.9336819648743,NoButton,Move,1059.796875,112.3515625
2501.942071199417,2501.942071199417,NoButton,Move,1059.796875,110.984375
2501.950094938278,2501.950094938278,NoButton,Move,1059.796875,108.0078125
2501.9583139419556,2501.9583139419556,NoButton,Move,1059.796875,105.03125
2501.9666590690613,2501.9666590690613,NoButton,Move,1059.796875,102.0546875
2501.97580909729,2501.97580909729,NoButton,Move,1059.796875,99.078125
2501.9829251766205,2501.9829251766205,NoButton,Move,1059.796875,95.453125
2501.990936756134,2501.990936756134,NoButton,Move,1059.34375,91.828125
2501.998668193817,2501.998668193817,NoButton,Move,1058.890625,88.203125
2502.006798028946,2502.006798028946,NoButton,Move,1058.890625,86.35546875
2502.0150759220123,2502.0150759220123,NoButton,Move,1058.3515625,80.453125
2502.023214817047,2502.023214817047,NoButton,Move,1057.92578125,77.4765625
2502.031412124634,2502.031412124634,NoButton,Move,1057.47265625,73.8515625
2502.039808988571,2502.039808988571,NoButton,Move,1057.47265625,70.875
2502.047949075699,2502.047949075699,NoButton,Move,1057.47265625,67.25
2502.056051015854,2502.056051015854,NoButton,Move,1057.47265625,60.4765625
2502.0644512176514,2502.0644512176514,NoButton,Move,1057.47265625,57.5
2502.072736978531,2502.072736978531,NoButton,Move,1057.47265625,52.4140625
2502.0808351039886,2502.0808351039886,NoButton,Move,1057.47265625,46.51171875
2502.089287042618,2502.089287042618,NoButton,Move,1058.59765625,39.73828125
2502.0972847938538,2502.0972847938538,NoButton,Move,1059.61328125,34.65234375
2502.1050720214844,2502.1050720214844,NoButton,Move,1060.03515625,31.67578125
2502.4581639766693,2502.4581639766693,NoButton,Move,1060.96484375,31.44140625
2502.465701818466,2502.465701818466,NoButton,Move,1063.34375,30.64453125
2502.4740920066833,2502.4740920066833,NoButton,Move,1066.51171875,28.83203125
2502.4827830791473,2502.4827830791473,NoButton,Move,1069.05859375,27.1328125
2502.4906141757965,2502.4906141757965,NoButton,Move,1072.6796875,25.3203125
2502.4988870620728,2502.4988870620728,NoButton,Move,1075.2265625,23.6171875
2502.5066080093384,2502.5066080093384,NoButton,Move,1080.58984375,20.93359375
2502.514681816101,2502.514681816101,NoButton,Move,1082.96875,19.7421875
2502.522710084915,2502.522710084915,NoButton,Move,1086.58984375,18.3828125
2502.53093791008,2502.53093791008,NoButton,Move,1089.5625,17.10546875
2502.538897037506,2502.538897037506,NoButton,Move,1091.94140625,15.9140625
2502.5475358963013,2502.5475358963013,NoButton,Move,1093.77734375,15.54296875
2502.5555770397186,2502.5555770397186,NoButton,Move,1095.140625,14.859375
2502.5639050006866,2502.5639050006866,NoButton,Move,1095.7109375,14.859375
2502.571928024292,2502.571928024292,NoButton,Move,1096.28125,14.859375
2502.5803751945496,2502.5803751945496,NoButton,Move,1096.8515625,14.859375
2502.613230228424,2502.613230228424,Left,Pressed,1096.8515625,14.859375
2502.6133980751038,2502.6133980751038,NoButton,Move,1096.97265625,14.859375
2502.727105140686,2502.727105140686,Left,Released,1096.97265625,14.859375
2502.9157190322876,2502.9157190322876,NoButton,Move,1096.5078125,15.08984375
2502.9239208698273,2502.9239208698273,NoButton,Move,1093.3359375,17.3515625
2502.9319450855255,2502.9319450855255,NoButton,Move,1086.5078125,22.93359375
2502.940267086029,2502.940267086029,NoButton,Move,1077.7109375,29.6953125
2502.9482250213623,2502.9482250213623,NoButton,Move,1065.0859375,39.16015625
2502.9566140174866,2502.9566140174866,NoButton,Move,1037.58203125,60.05859375
2502.9647719860077,2502.9647719860077,NoButton,Move,974.88671875,103.94140625
2502.972906112671,2502.972906112671,NoButton,Move,916.1953125,147.18359375
2502.9811980724335,2502.9811980724335,NoButton,Move,850.171875,195.48828125
2502.9893231391907,2502.9893231391907,NoButton,Move,775.1953125,251.71875
2502.9974789619446,2502.9974789619446,NoButton,Move,702.66796875,309.0625
2503.031014919281,2503.031014919281,NoButton,Move,629.39453125,368.69921875
2503.0310900211334,2503.0310900211334,NoButton,Move,599.7578125,397.1484375
2503.0311460494995,2503.0311460494995,NoButton,Move,539.36328125,448.00390625
2503.0311980247498,2503.0311980247498,NoButton,Move,487.66015625,495.140625
2503.0382010936737,2503.0382010936737,NoButton,Move,471.42578125,510.46875
2503.056720018387,2503.056720018387,NoButton,Move,458.359375,521.8984375
2503.0569229125977,2503.0569229125977,NoButton,Move,431.95703125,545.0
2503.0649428367615,2503.0649428367615,NoButton,Move,425.12890625,551.203125
2503.0712049007416,2503.0712049007416,NoButton,Move,410.76171875,563.875
2503.080290079117,2503.080290079117,NoButton,Move,408.04296875,566.58984375
2503.0880949497223,2503.0880949497223,NoButton,Move,396.62890625,576.4765625
2503.283998966217,2503.283998966217,NoButton,Move,396.62890625,576.2421875
2503.294126033783,2503.294126033783,NoButton,Move,396.62890625,572.6171875
2503.300367832184,2503.300367832184,NoButton,Move,397.4765625,569.640625
2503.3121931552887,2503.3121931552887,NoButton,Move,398.4375,565.3125
2503.3168818950653,2503.3168818950653,NoButton,Move,400.04296875,559.41015625
2503.335109949112,2503.335109949112,NoButton,Move,401.81640625,551.70703125
2503.3352551460266,2503.3352551460266,NoButton,Move,403.58984375,544.00390625
2503.3470969200134,2503.3470969200134,NoButton,Move,408.3203125,528.22265625
2503.3498570919037,2503.3498570919037,NoButton,Move,413.390625,509.625
2503.3576929569244,2503.3576929569244,NoButton,Move,417.44921875,499.4765625
2503.365846157074,2503.365846157074,NoButton,Move,423.5625,480.2578125
2503.374058008194,2503.374058008194,NoButton,Move,430.32421875,462.50390625
2503.38241314888,2503.38241314888,NoButton,Move,436.04296875,446.16015625
2503.3945820331573,2503.3945820331573,NoButton,Move,438.86328125,439.94921875
2503.3985710144043,2503.3985710144043,NoButton,Move,443.2578125,427.4921875
2503.4068870544434,2503.4068870544434,NoButton,Move,447.31640625,417.34375
2503.415025949478,2503.415025949478,NoButton,Move,450.41796875,408.65625
2503.42325091362,2503.42325091362,NoButton,Move,453.37890625,401.546875
2503.431238889694,2503.431238889694,NoButton,Move,455.5234375,395.64453125
2503.445441007614,2503.445441007614,NoButton,Move,457.4453125,391.31640625
2503.449245929718,2503.449245929718,NoButton,Move,459.4765625,386.23046875
2503.4560329914093,2503.4560329914093,NoButton,Move,461.39453125,381.91015625
2503.4641230106354,2503.4641230106354,NoButton,Move,463.203125,378.28515625
2503.474873781204,2503.474873781204,NoButton,Move,464.55859375,374.66015625
2503.4805369377136,2503.4805369377136,NoButton,Move,465.6640625,373.1796875
2503.488750934601,2503.488750934601,NoButton,Move,467.47265625,370.0078125
2503.4968321323395,2503.4968321323395,NoButton,Move,468.66015625,367.625
2503.50510597229,2503.50510597229,NoButton,Move,470.24609375,365.63671875
2503.513303041458,2503.513303041458,NoButton,Move,470.92578125,364.26953125
2503.521395921707,2503.521395921707,NoButton,Move,471.94921875,363.2421875
2503.52960395813,2503.52960395813,NoButton,Move,472.57421875,362.30078125
2503.537744998932,2503.537744998932,NoButton,Move,472.83203125,362.0390625
2503.5460941791534,2503.5460941791534,NoButton,Move,473.1171875,361.46484375
2503.554244995117,2503.554244995117,NoButton,Move,473.375,361.203125
2503.5623800754547,2503.5623800754547,NoButton,Move,473.6328125,361.203125
2503.570568084717,2503.570568084717,NoButton,Move,473.890625,361.203125
2503.578766107559,2503.578766107559,NoButton,Move,474.1484375,361.203125
2503.5964579582214,2503.5964579582214,NoButton,Move,474.390625,361.203125
2503.6610288619995,2503.6610288619995,NoButton,Move,474.390625,361.43359375
2503.669061899185,2503.669061899185,NoButton,Move,474.390625,362.796875
2503.677664041519,2503.677664041519,NoButton,Move,474.390625,364.16015625
2503.6858429908752,2503.6858429908752,NoButton,Move,474.01953125,366.00390625
2503.6940019130707,2503.6940019130707,NoButton,Move,473.62109375,368.3828125
2503.7033479213715,2503.7033479213715,NoButton,Move,473.16796875,372.00390625
2503.7128341197968,2503.7128341197968,NoButton,Move,472.71484375,375.625
2503.718740940094,2503.718740940094,NoButton,Move,472.71484375,379.94921875
2503.7270069122314,2503.7270069122314,NoButton,Move,472.71484375,384.2734375
2503.735263109207,2503.735263109207,NoButton,Move,472.71484375,386.1171875
2503.7434179782867,2503.7434179782867,NoButton,Move,472.71484375,389.73828125
2503.7519800662994,2503.7519800662994,NoButton,Move,472.71484375,393.359375
2503.7629430294037,2503.7629430294037,NoButton,Move,472.71484375,396.33203125
2503.769689798355,2503.769689798355,NoButton,Move,472.71484375,398.17578125
2503.778120994568,2503.778120994568,NoButton,Move,472.71484375,400.01953125
2503.7838730812073,2503.7838730812073,NoButton,Move,472.71484375,401.86328125
2503.7996711730957,2503.7996711730957,NoButton,Move,472.71484375,402.80078125
2503.80157494545,2503.80157494545,NoButton,Move,473.02734375,403.73828125
2503.8082649707794,2503.8082649707794,NoButton,Move,473.3125,404.30859375
2503.81659078598,2503.81659078598,NoButton,Move,473.5703125,404.56640625
2503.8247950077057,2503.8247950077057,NoButton,Move,473.5703125,404.82421875
2503.8331038951874,2503.8331038951874,NoButton,Move,473.828125,405.08203125
2503.8416180610657,2503.8416180610657,NoButton,Move,473.828125,405.33984375
2503.849597930908,2503.849597930908,NoButton,Move,473.828125,405.59765625
2503.8583669662476,2503.8583669662476,NoButton,Move,474.0859375,405.59765625
2503.8908071517944,2503.8908071517944,NoButton,Move,474.3203125,405.59765625
2503.915354013443,2503.915354013443,NoButton,Move,474.55859375,405.59765625
2503.9317519664764,2503.9317519664764,NoButton,Move,474.80078125,405.59765625
2503.9399008750916,2503.9399008750916,NoButton,Move,474.80078125,405.85546875
2503.98087310791,2503.98087310791,NoButton,Move,474.80078125,406.08984375
2504.024095058441,2504.024095058441,NoButton,Move,474.80078125,406.32421875
2504.0466389656067,2504.0466389656067,NoButton,Move,474.80078125,406.5625
2504.1135029792786,2504.1135029792786,NoButton,Move,474.80078125,406.79296875
2504.554253101349,2504.554253101349,NoButton,Move,474.80078125,407.0234375
2504.5784590244293,2504.5784590244293,NoButton,Move,474.80078125,407.26171875
2504.767949104309,2504.767949104309,Left,Pressed,474.80078125,407.26171875
2504.8790740966797,2504.8790740966797,Left,Released,474.80078125,407.26171875
2506.5356800556183,2506.5356800556183,NoButton,Move,474.80078125,407.4921875
2506.5449090003967,2506.5449090003967,NoButton,Move,474.80078125,409.3359375
2506.552155971527,2506.552155971527,NoButton,Move,474.80078125,411.1796875
2506.5619230270386,2506.5619230270386,NoButton,Move,476.4921875,417.94921875
2506.5690388679504,2506.5690388679504,NoButton,Move,478.015625,423.03125
2506.5785009860992,2506.5785009860992,NoButton,Move,480.9765625,430.73046875
2506.584809064865,2506.584809064865,NoButton,Move,484.078125,439.4140625
2506.5946729183197,2506.5946729183197,NoButton,Move,489.0078125,450.68359375
2506.601821899414,2506.601821899414,NoButton,Move,494.1328125,463.13671875
2506.6137778759003,2506.6137778759003,NoButton,Move,499.45703125,476.828125
2506.617432117462,2506.617432117462,NoButton,Move,506.30078125,489.7578125
2506.62788105011,2506.62788105011,NoButton,Move,512.16015625,502.2109375
2506.6371369361877,2506.6371369361877,NoButton,Move,515.375,507.57421875
2506.644028902054,2506.644028902054,NoButton,Move,521.0078125,518.140625
2506.6505749225616,2506.6505749225616,NoButton,Move,526.19140625,526.56640625
2506.6595029830933,2506.6595029830933,NoButton,Move,530.53125,534.62890625
2506.6666560173035,2506.6666560173035,NoButton,Move,534.67578125,541.14453125
2509.8038709163666,2509.8038709163666,NoButton,Move,534.67578125,540.44921875
2509.8115599155426,2509.8115599155426,NoButton,Move,537.7265625,535.87109375
2509.819678068161,2509.819678068161,NoButton,Move,545.4765625,526.00390625
2509.9425780773163,2509.9425780773163,NoButton,Move,554.60546875,514.58984375
2509.942703962326,2509.942703962326,NoButton,Move,565.2265625,500.6953125
2509.9428029060364,2509.9428029060364,NoButton,Move,579.17578125,481.1640625
2509.9428989887238,2509.9428989887238,NoButton,Move,597.44140625,458.83203125
2509.943011045456,2509.943011045456,NoButton,Move,618.33984375,431.328125
2509.943104028702,2509.943104028702,NoButton,Move,640.91015625,401.984375
2509.9431948661804,2509.9431948661804,NoButton,Move,663.48046875,372.640625
2509.9432849884033,2509.9432849884033,NoButton,Move,688.97265625,338.6484375
2509.9433748722076,2509.9433748722076,NoButton,Move,710.4140625,309.3046875
2509.943540096283,2509.943540096283,NoButton,Move,719.87890625,296.6796875
2509.943592071533,2509.943592071533,NoButton,Move,737.1328125,273.33203125
2509.9436690807343,2509.9436690807343,NoButton,Move,751.50390625,252.24609375
2509.9437189102173,2509.9437189102173,NoButton,Move,762.859375,234.7734375
2509.9437589645386,2509.9437589645386,NoButton,Move,766.07421875,229.40625
2509.943794965744,2509.943794965744,NoButton,Move,773.3984375,217.68359375
2509.9502029418945,2509.9502029418945,NoButton,Move,778.80859375,208.2109375
2509.9583480358124,2509.9583480358124,NoButton,Move,782.953125,201.1015625
2509.9666221141815,2509.9666221141815,NoButton,Move,785.6328125,195.734375
2509.9747750759125,2509.9747750759125,NoButton,Move,786.42578125,193.3515625
2509.9830729961395,2509.9830729961395,NoButton,Move,788.96484375,188.7734375
2509.991264104843,2509.991264104843,NoButton,Move,790.23828125,185.796875
2509.999561071396,2509.999561071396,NoButton,Move,791.42578125,183.4140625
2510.3289160728455,2510.3289160728455,NoButton,Move,791.42578125,183.1796875
2510.335690021515,2510.335690021515,NoButton,Move,790.9140625,178.09375
2510.345799922943,2510.345799922943,NoButton,Move,782.7421875,162.56640625
2510.352302789688,2510.352302789688,NoButton,Move,775.640625,148.36328125
2510.3622221946716,2510.3622221946716,NoButton,Move,771.1015625,139.28515625
2510.368680000305,2510.368680000305,NoButton,Move,762.11328125,123.7578125
2510.378993988037,2510.378993988037,NoButton,Move,753.1328125,108.25
2510.385495185852,2510.385495185852,NoButton,Move,743.6640625,94.8359375
2510.395632982254,2510.395632982254,NoButton,Move,735.29296875,82.66015625
2510.4014840126038,2510.4014840126038,NoButton,Move,731.73046875,78.58984375
2510.414022922516,2510.414022922516,NoButton,Move,723.9765625,69.4296875
2510.4177391529083,2510.4177391529083,NoButton,Move,717.1484375,63.22265625
2510.429806947708,2510.429806947708,NoButton,Move,710.3203125,57.63671875
2510.4341740608215,2510.4341740608215,NoButton,Move,704.953125,54.41796875
2510.8924601078033,2510.8924601078033,NoButton,Move,704.71875,54.41796875
2510.9009339809418,2510.9009339809418,NoButton,Move,702.87109375,54.41796875
2510.9086289405823,2510.9086289405823,NoButton,Move,700.48828125,54.41796875
2510.9167969226837,2510.9167969226837,NoButton,Move,697.51171875,54.41796875
2510.925045967102,2510.925045967102,NoButton,Move,693.88671875,53.96484375
2510.933452129364,2510.933452129364,NoButton,Move,689.55859375,53.96484375
2510.9417009353638,2510.9417009353638,NoButton,Move,685.93359375,53.96484375
2510.9498839378357,2510.9498839378357,NoButton,Move,681.60546875,53.48046875
2510.9582810401917,2510.9582810401917,NoButton,Move,679.7578125,53.48046875
2510.9665501117706,2510.9665501117706,NoButton,Move,676.78125,53.0546875
2510.974753141403,2510.974753141403,NoButton,Move,673.15625,52.6015625
2510.982765197754,2510.982765197754,NoButton,Move,670.7734375,52.203125
2510.99253988266,2510.99253988266,NoButton,Move,667.796875,51.77734375
2510.999035835266,2510.999035835266,NoButton,Move,665.4140625,51.77734375
2511.0087010860443,2511.0087010860443,NoButton,Move,663.57421875,51.77734375
2511.0157890319824,2511.0157890319824,NoButton,Move,659.94921875,51.77734375
2511.024087190628,2511.024087190628,NoButton,Move,656.97265625,51.77734375
2511.0321102142334,2511.0321102142334,NoButton,Move,654.58984375,51.77734375
2511.040356874466,2511.040356874466,NoButton,Move,651.61328125,51.77734375
2511.0483360290527,2511.0483360290527,NoButton,Move,648.63671875,51.77734375
2511.0565741062164,2511.0565741062164,NoButton,Move,645.01171875,52.2265625
2511.064821958542,2511.064821958542,NoButton,Move,643.64453125,52.56640625
2511.0727779865265,2511.0727779865265,NoButton,Move,641.26171875,53.359375
2511.0810029506683,2511.0810029506683,NoButton,Move,638.87890625,53.75390625
2511.089124917984,2511.089124917984,NoButton,Move,637.03125,54.12109375
2511.096824169159,2511.096824169159,NoButton,Move,635.18359375,54.48828125
2511.105421066284,2511.105421066284,NoButton,Move,633.81640625,54.48828125
2511.1138870716095,2511.1138870716095,NoButton,Move,632.875,54.48828125
2511.1220319271088,2511.1220319271088,NoButton,Move,631.93359375,54.48828125
2511.1302950382233,2511.1302950382233,NoButton,Move,631.359375,54.48828125
2511.138078927994,2511.138078927994,NoButton,Move,630.78515625,54.48828125
2511.1462478637695,2511.1462478637695,NoButton,Move,630.5234375,54.48828125
2511.1545548439026,2511.1545548439026,NoButton,Move,630.5234375,54.2265625
2511.1625940799713,2511.1625940799713,NoButton,Move,630.20703125,53.28515625
2511.1709790229797,2511.1709790229797,NoButton,Move,630.20703125,52.34375
2511.1802880764008,2511.1802880764008,NoButton,Move,630.20703125,51.40234375
2511.1873741149902,2511.1873741149902,NoButton,Move,630.20703125,50.03515625
2511.19531917572,2511.19531917572,NoButton,Move,630.20703125,48.1875
2511.2034919261932,2511.2034919261932,NoButton,Move,630.20703125,46.33984375
2511.2118470668793,2511.2118470668793,NoButton,Move,630.9453125,44.4921875
2511.2200598716736,2511.2200598716736,NoButton,Move,632.64453125,41.94140625
2511.228616952896,2511.228616952896,NoButton,Move,633.83203125,39.55859375
2511.236325979233,2511.236325979233,NoButton,Move,635.953125,37.43359375
2511.2447991371155,2511.2447991371155,NoButton,Move,637.05859375,35.953125
2511.2525329589844,2511.2525329589844,NoButton,Move,639.04296875,34.36328125
2511.2611899375916,2511.2611899375916,NoButton,Move,641.1640625,32.23828125
2511.2692170143127,2511.2692170143127,NoButton,Move,642.640625,30.7578125
2511.278412103653,2511.278412103653,NoButton,Move,644.484375,29.6484375
2511.285327911377,2511.285327911377,NoButton,Move,645.9609375,28.5390625
2511.294741153717,2511.294741153717,NoButton,Move,647.4375,27.4296875
2511.3018639087677,2511.3018639087677,NoButton,Move,648.45703125,26.40625
2511.3118300437927,2511.3118300437927,NoButton,Move,649.39453125,25.77734375
2511.3179409503937,2511.3179409503937,NoButton,Move,650.33203125,25.1484375
2511.3286550045013,2511.3286550045013,NoButton,Move,650.90234375,24.859375
2511.334856033325,2511.334856033325,NoButton,Move,651.47265625,24.28515625
2511.345216035843,2511.345216035843,NoButton,Move,652.04296875,23.99609375
2511.350967168808,2511.350967168808,NoButton,Move,652.30078125,23.99609375
2511.361696958542,2511.361696958542,NoButton,Move,652.55859375,23.99609375
2511.379510164261,2511.379510164261,Left,Pressed,652.55859375,23.99609375
2511.3956270217896,2511.3956270217896,NoButton,Move,652.6796875,23.87109375
2511.5124230384827,2511.5124230384827,Left,Released,652.6796875,23.87109375
2512.276262998581,2512.276262998581,NoButton,Move,652.91015625,23.87109375
2512.2846059799194,2512.2846059799194,NoButton,Move,653.84765625,23.87109375
2512.2927119731903,2512.2927119731903,NoButton,Move,655.2109375,23.87109375
2512.3069150447845,2512.3069150447845,NoButton,Move,657.0390625,23.87109375
2512.3096289634705,2512.3096289634705,NoButton,Move,659.41796875,23.87109375
2512.317806959152,2512.317806959152,NoButton,Move,662.390625,23.87109375
2512.3283309936523,2512.3283309936523,NoButton,Move,665.36328125,23.87109375
2512.333993911743,2512.333993911743,NoButton,Move,669.6875,23.87109375
2512.344400882721,2512.344400882721,NoButton,Move,674.01171875,23.87109375
2512.3515379428864,2512.3515379428864,NoButton,Move,678.3359375,23.87109375
2512.358398914337,2512.358398914337,NoButton,Move,682.66015625,23.38671875
2512.3666648864746,2512.3666648864746,NoButton,Move,687.7421875,22.875
2512.376037836075,2512.376037836075,NoButton,Move,692.06640625,22.390625
2512.3840539455414,2512.3840539455414,NoButton,Move,697.1484375,21.87890625
2512.391314983368,2512.391314983368,NoButton,Move,701.47265625,21.87890625
2512.3997139930725,2512.3997139930725,NoButton,Move,705.796875,21.87890625
2512.407634973526,2512.407634973526,NoButton,Move,710.12109375,21.87890625
2512.415820121765,2512.415820121765,NoButton,Move,713.7421875,21.87890625
2512.4239659309387,2512.4239659309387,NoButton,Move,718.06640625,21.87890625
2512.432179927826,2512.432179927826,NoButton,Move,723.1484375,21.87890625
2512.4404621124268,2512.4404621124268,NoButton,Move,728.23046875,21.87890625
2512.4485609531403,2512.4485609531403,NoButton,Move,732.5546875,22.359375
2512.457153081894,2512.457153081894,NoButton,Move,736.8671875,23.31640625
2512.465306997299,2512.465306997299,NoButton,Move,739.24609375,23.7109375
2512.473196029663,2512.473196029663,NoButton,Move,742.21875,24.984375
2512.481765985489,2512.481765985489,NoButton,Move,745.18359375,25.83203125
2512.4898760318756,2512.4898760318756,NoButton,Move,747.02734375,26.5703125
2512.498090982437,2512.498090982437,NoButton,Move,748.87109375,26.9375
2512.506327152252,2512.506327152252,NoButton,Move,750.234375,27.6171875
2512.5145008563995,2512.5145008563995,NoButton,Move,751.171875,27.9296875
2512.5226440429688,2512.5226440429688,NoButton,Move,752.109375,28.2421875
2512.5304520130157,2512.5304520130157,NoButton,Move,752.6796875,28.52734375
2512.538659095764,2512.538659095764,NoButton,Move,752.9375,28.52734375
2512.5599801540375,2512.5599801540375,NoButton,Move,753.1953125,28.78515625
2512.56005191803,2512.56005191803,NoButton,Move,753.453125,28.78515625
2512.5628621578217,2512.5628621578217,NoButton,Move,753.7109375,28.78515625
2512.570978164673,2512.570978164673,NoButton,Move,753.96875,28.78515625
2512.579257965088,2512.579257965088,NoButton,Move,754.2265625,28.78515625
2512.5872881412506,2512.5872881412506,NoButton,Move,754.484375,28.78515625
2512.6293828487396,2512.6293828487396,Left,Pressed,754.484375,28.78515625
2512.779508113861,2512.779508113861,Left,Released,754.484375,28.78515625
2513.11186504364,2513.11186504364,NoButton,Move,753.55078125,29.94921875
2513.120108127594,2513.120108127594,NoButton,Move,750.6640625,33.3125
2513.1286220550537,2513.1286220550537,NoButton,Move,748.12109375,37.88671875
2513.1365818977356,2513.1365818977356,NoButton,Move,742.03125,47.35546875
2513.1445939540863,2513.1445939540863,NoButton,Move,734.140625,61.5546875
2513.1588389873505,2513.1588389873505,NoButton,Move,725.40234375,79.8984375
2513.1619021892548,2513.1619021892548,NoButton,Move,708.5625,119.5859375
2513.1709167957306,2513.1709167957306,NoButton,Move,696.4609375,152.5859375
2513.1789660453796,2513.1789660453796,NoButton,Move,687.203125,190.765625
2513.1855430603027,2513.1855430603027,NoButton,Move,678.703125,233.25
2513.1937210559845,2513.1937210559845,NoButton,Move,676.953125,253.33984375
2513.20188498497,2513.20188498497,NoButton,Move,673.30859375,295.82421875
2513.211693048477,2513.211693048477,NoButton,Move,672.12109375,336.12890625
2513.218267917633,2513.218267917633,NoButton,Move,672.12109375,350.58203125
2513.2274560928345,2513.2274560928345,NoButton,Move,672.12109375,380.8359375
2513.237452983856,2513.237452983856,NoButton,Move,672.12109375,405.75
2513.2443590164185,2513.2443590164185,NoButton,Move,672.12109375,413.44921875
2513.2510390281677,2513.2510390281677,NoButton,Move,672.12109375,429.2265625
2514.9035069942474,2514.9035069942474,NoButton,Move,673.04296875,429.2265625
2514.92941904068,2514.92941904068,NoButton,Move,674.88671875,429.96484375
2514.929533958435,2514.929533958435,NoButton,Move,676.87109375,431.55078125
2514.9295649528503,2514.9295649528503,NoButton,Move,680.0390625,433.8125
2514.9296090602875,2514.9296090602875,NoButton,Move,685.9609375,439.140625
2514.929636001587,2514.929636001587,NoButton,Move,689.12890625,441.40234375
2514.929661989212,2514.929661989212,NoButton,Move,694.20703125,445.9140625
2514.9296882152557,2514.9296882152557,NoButton,Move,699.84765625,450.42578125
2514.929713010788,2514.929713010788,NoButton,Move,704.92578125,454.9375
2514.942228078842,2514.942228078842,NoButton,Move,710.00390625,460.015625
2514.9459688663483,2514.9459688663483,NoButton,Move,715.08203125,465.09375
2514.9605021476746,2514.9605021476746,NoButton,Move,718.8359375,469.91796875
2514.9645581245422,2514.9645581245422,NoButton,Move,722.78515625,475.55859375
2514.9956040382385,2514.9956040382385,NoButton,Move,726.0,480.921875
2514.9956459999084,2514.9956459999084,NoButton,Move,726.79296875,483.30078125
2514.995672941208,2514.995672941208,NoButton,Move,729.75390625,490.40625
2514.995698928833,2514.995698928833,NoButton,Move,730.234375,494.73046875
2515.1046149730682,2515.1046149730682,NoButton,Move,730.71484375,499.0546875
2515.104674100876,2515.104674100876,NoButton,Move,730.71484375,502.02734375
2515.1047129631042,2515.1047129631042,NoButton,Move,729.10546875,507.92578125
2515.1047570705414,2515.1047570705414,NoButton,Move,724.52734375,510.9765625
2515.1047928333282,2515.1047928333282,NoButton,Move,711.59375,517.8203125
2515.1048278808594,2515.1048278808594,NoButton,Move,699.61328125,520.63671875
2515.1048629283905,2515.1048629283905,NoButton,Move,681.015625,523.171875
2515.1048970222473,2515.1048970222473,NoButton,Move,659.37109375,524.0703125
2515.104931116104,2515.104931116104,NoButton,Move,634.453125,524.0703125
2515.1049659252167,2515.1049659252167,NoButton,Move,607.8125,522.09375
2515.1050000190735,2515.1050000190735,NoButton,Move,581.171875,515.18359375
2515.1050341129303,2515.1050341129303,NoButton,Move,553.765625,506.046875
2515.1050679683685,2515.1050679683685,NoButton,Move,529.09765625,494.20703125
2515.110384941101,2515.110384941101,NoButton,Move,505.41796875,480.390625
2515.117915868759,2515.117915868759,NoButton,Move,496.62109375,473.625
2515.150260925293,2515.150260925293,NoButton,Move,480.0234375,461.39453125
2515.150335073471,2515.150335073471,NoButton,Move,474.94140625,456.3125
2515.1503949165344,2515.1503949165344,NoButton,Move,464.2890625,446.421875
2515.164281845093,2515.164281845093,NoButton,Move,456.53515625,437.26171875
2515.1649339199066,2515.1649339199066,NoButton,Move,451.34765625,428.83203125
2515.1669340133667,2515.1669340133667,NoButton,Move,448.3828125,421.72265625
2515.1755080223083,2515.1755080223083,NoButton,Move,445.67578125,410.8984375
2515.183313846588,2515.183313846588,NoButton,Move,445.67578125,404.125
2515.405163049698,2515.405163049698,NoButton,Move,445.67578125,403.18359375
2515.413120985031,2515.413120985031,NoButton,Move,445.13671875,397.28125
2515.4212040901184,2515.4212040901184,NoButton,Move,442.171875,389.578125
2515.4294381141663,2515.4294381141663,NoButton,Move,434.81640625,374.05078125
2515.437497138977,2515.437497138977,NoButton,Move,425.23046875,351.05078125
2515.4482707977295,2515.4482707977295,NoButton,Move,413.05078125,324.66015625
2515.4541461467743,2515.4541461467743,NoButton,Move,400.52734375,296.48828125
2515.468931913376,2515.468931913376,NoButton,Move,386.59375,266.48046875
2515.471267223358,2515.471267223358,NoButton,Move,380.95703125,255.20703125
2515.4785528182983,2515.4785528182983,NoButton,Move,370.7265625,233.81640625
2515.4864490032196,2515.4864490032196,NoButton,Move,366.3828125,225.75
2515.498044013977,2515.498044013977,NoButton,Move,358.4921875,211.546875
2515.502940893173,2515.502940893173,NoButton,Move,356.0859375,207.69921875
2515.5110330581665,2515.5110330581665,NoButton,Move,350.671875,198.2265625
2515.692640066147,2515.692640066147,NoButton,Move,349.2421875,197.51171875
2515.699761867523,2515.699761867523,NoButton,Move,345.6796875,193.44140625
2515.707999944687,2515.707999944687,NoButton,Move,341.38671875,189.1484375
2515.716341972351,2515.716341972351,NoButton,Move,337.83203125,185.0859375
2515.724696159363,2515.724696159363,NoButton,Move,334.46484375,181.71875
2515.735990047455,2515.735990047455,NoButton,Move,330.90234375,177.6484375
2515.7404448986053,2515.7404448986053,NoButton,Move,328.63671875,174.4765625
2515.7487890720367,2515.7487890720367,NoButton,Move,326.51171875,171.92578125
2515.7569348812103,2515.7569348812103,NoButton,Move,322.55859375,166.28125
2515.775377035141,2515.775377035141,NoButton,Move,321.44921875,164.43359375
2515.7755348682404,2515.7755348682404,NoButton,Move,318.953125,159.9453125
2515.7839550971985,2515.7839550971985,NoButton,Move,317.140625,156.7734375
2515.7893500328064,2515.7893500328064,NoButton,Move,315.94921875,154.390625
2515.7975449562073,2515.7975449562073,NoButton,Move,315.578125,152.54296875
2515.805817127228,2515.805817127228,NoButton,Move,314.8359375,150.6953125
2515.8138308525085,2515.8138308525085,NoButton,Move,314.51953125,149.75390625
2515.8222019672394,2515.8222019672394,NoButton,Move,314.51953125,148.8125
2515.83043885231,2515.83043885231,NoButton,Move,314.203125,147.87109375
2515.838646173477,2515.838646173477,NoButton,Move,313.9140625,147.296875
2515.846801996231,2515.846801996231,NoButton,Move,313.65234375,147.03515625
2515.8551909923553,2515.8551909923553,NoButton,Move,313.36328125,146.4609375
2515.8633301258087,2515.8633301258087,NoButton,Move,313.1015625,146.19921875
2515.871544122696,2515.871544122696,NoButton,Move,312.83984375,145.9375
2515.8802099227905,2515.8802099227905,NoButton,Move,312.265625,145.6484375
2515.888107061386,2515.888107061386,NoButton,Move,312.00390625,145.38671875
2515.8962230682373,2515.8962230682373,NoButton,Move,311.4296875,145.09765625
2515.90442609787,2515.90442609787,NoButton,Move,310.85546875,144.80859375
2515.9126629829407,2515.9126629829407,NoButton,Move,309.9140625,144.80859375
2515.920809030533,2515.920809030533,NoButton,Move,308.97265625,144.80859375
2515.928994178772,2515.928994178772,NoButton,Move,308.03125,144.80859375
2515.9372889995575,2515.9372889995575,NoButton,Move,305.6484375,144.80859375
2515.945706129074,2515.945706129074,NoButton,Move,304.70703125,144.80859375
2515.9537601470947,2515.9537601470947,NoButton,Move,302.859375,144.80859375
2515.963310241699,2515.963310241699,NoButton,Move,300.4765625,144.80859375
2515.9704508781433,2515.9704508781433,NoButton,Move,298.62890625,144.4375
2515.9783189296722,2515.9783189296722,NoButton,Move,296.78125,144.4375
2515.9865889549255,2515.9865889549255,NoButton,Move,294.93359375,144.4375
2515.995043039322,2515.995043039322,NoButton,Move,293.0859375,144.4375
2516.0024898052216,2516.0024898052216,NoButton,Move,291.71875,144.09375
2516.01141500473,2516.01141500473,NoButton,Move,290.3515625,144.09375
2516.019606113434,2516.019606113434,NoButton,Move,288.984375,144.09375
2516.028111934662,2516.028111934662,NoButton,Move,288.04296875,143.77734375
2516.0356340408325,2516.0356340408325,NoButton,Move,286.67578125,143.77734375
2516.043904066086,2516.043904066086,NoButton,Move,286.1015625,143.77734375
2516.0524129867554,2516.0524129867554,NoButton,Move,285.16015625,143.4609375
2516.060401916504,2516.060401916504,NoButton,Move,284.5859375,143.171875
2516.06858086586,2516.06858086586,NoButton,Move,284.01171875,143.171875
2516.0961380004883,2516.0961380004883,Left,Pressed,284.01171875,143.171875
2516.114394903183,2516.114394903183,NoButton,Move,283.7421875,143.03515625
2516.1798248291016,2516.1798248291016,Left,Released,283.7421875,143.03515625
2516.3630299568176,2516.3630299568176,NoButton,Move,284.4453125,144.4453125
2516.3708941936493,2516.3708941936493,NoButton,Move,286.70703125,147.61328125
2516.378921031952,2516.378921031952,NoButton,Move,290.65625,153.25390625
2516.3870129585266,2516.3870129585266,NoButton,Move,296.48828125,161.03125
2516.3954780101776,2516.3954780101776,NoButton,Move,308.2109375,179.96484375
2516.4033999443054,2516.4033999443054,NoButton,Move,328.5234375,210.43359375
2516.4116249084473,2516.4116249084473,NoButton,Move,353.37109375,248.94921875
2516.4198200702667,2516.4198200702667,NoButton,Move,383.06640625,301.26953125
2516.428102016449,2516.428102016449,NoButton,Move,418.33984375,355.6484375
2516.4362750053406,2516.4362750053406,NoButton,Move,451.48046875,408.96484375
2516.4445791244507,2516.4445791244507,NoButton,Move,466.8125,429.0859375
2516.45276594162,2516.45276594162,NoButton,Move,495.875,472.6796875
2516.460722923279,2516.460722923279,NoButton,Move,505.6796875,487.38671875
2516.4692459106445,2516.4692459106445,NoButton,Move,512.72265625,497.25
2516.4773268699646,2516.4773268699646,NoButton,Move,527.09375,518.33203125
2516.4854431152344,2516.4854431152344,NoButton,Move,531.04296875,523.97265625
2516.690752029419,2516.690752029419,NoButton,Move,531.2734375,524.671875
2516.6987211704254,2516.6987211704254,NoButton,Move,532.296875,525.6953125
2516.7070531845093,2516.7070531845093,NoButton,Move,533.7734375,527.171875
2516.715126991272,2516.715126991272,NoButton,Move,534.796875,528.1953125
2516.723286151886,2516.723286151886,NoButton,Move,536.2734375,529.671875
2516.731523036957,2516.731523036957,NoButton,Move,537.2109375,530.296875
2516.7396960258484,2516.7396960258484,NoButton,Move,538.234375,531.3203125
2516.7481842041016,2516.7481842041016,NoButton,Move,539.7109375,532.796875
2516.756379842758,2516.756379842758,NoButton,Move,541.1875,534.2734375
2516.764526128769,2516.764526128769,NoButton,Move,542.6640625,535.37890625
2516.7729930877686,2516.7729930877686,NoButton,Move,544.140625,536.484375
2516.7810950279236,2516.7810950279236,NoButton,Move,545.1640625,537.5078125
2516.789123773575,2516.789123773575,NoButton,Move,546.1875,538.53125
2516.797427892685,2516.797427892685,NoButton,Move,547.125,539.15625
2516.805976867676,2516.805976867676,NoButton,Move,547.75,540.09375
2516.814115047455,2516.814115047455,NoButton,Move,548.6875,540.71875
2516.8223009109497,2516.8223009109497,NoButton,Move,549.0,541.65625
2516.830040216446,2516.830040216446,NoButton,Move,549.5703125,542.2265625
2516.8384339809418,2516.8384339809418,NoButton,Move,550.1953125,543.1640625
2516.8469610214233,2516.8469610214233,NoButton,Move,550.765625,543.734375
2516.8560440540314,2516.8560440540314,NoButton,Move,551.05078125,544.3046875
2516.8629620075226,2516.8629620075226,NoButton,Move,551.3359375,544.875
2516.871444940567,2516.871444940567,NoButton,Move,551.62109375,545.4453125
2516.8795709609985,2516.8795709609985,NoButton,Move,551.90625,546.015625
2516.889596939087,2516.889596939087,NoButton,Move,552.1640625,546.2734375
2516.89612698555,2516.89612698555,NoButton,Move,552.421875,546.53125
2516.9128119945526,2516.9128119945526,Left,Pressed,552.421875,546.53125
2516.934205055237,2516.934205055237,NoButton,Move,552.421875,546.796875
2517.0620980262756,2517.0620980262756,Left,Released,552.421875,546.796875
2517.3124470710754,2517.3124470710754,NoButton,Move,552.421875,547.02734375
2517.320654153824,2517.320654153824,NoButton,Move,552.421875,548.87109375
2517.3287880420685,2517.3287880420685,NoButton,Move,552.421875,550.234375
2517.33731007576,2517.33731007576,NoButton,Move,552.421875,553.203125
2517.345503091812,2517.345503091812,NoButton,Move,552.421875,556.17578125
2517.3537080287933,2517.3537080287933,NoButton,Move,552.421875,559.1484375
2517.362019777298,2517.362019777298,NoButton,Move,553.26953125,562.12109375
2517.370512008667,2517.370512008667,NoButton,Move,553.71875,565.7421875
2517.378401994705,2517.378401994705,NoButton,Move,555.07421875,569.36328125
2517.3866271972656,2517.3866271972656,NoButton,Move,555.44140625,571.20703125
2517.395020008087,2517.395020008087,NoButton,Move,556.71484375,574.1796875
2517.403190135956,2517.403190135956,NoButton,Move,557.5078125,576.55859375
2517.411406993866,2517.411406993866,NoButton,Move,558.30078125,578.9375
2517.421398162842,2517.421398162842,NoButton,Move,559.09375,581.31640625
2517.427930831909,2517.427930831909,NoButton,Move,560.19921875,583.16015625
2517.435625076294,2517.435625076294,NoButton,Move,560.87890625,584.5234375
2517.4444658756256,2517.4444658756256,NoButton,Move,561.90234375,585.546875
2517.4524030685425,2517.4524030685425,NoButton,Move,562.52734375,586.484375
2517.460632801056,2517.460632801056,NoButton,Move,563.46484375,587.109375
2517.4686851501465,2517.4686851501465,NoButton,Move,565.30859375,587.4765625
2533.162197113037,2533.162197113037,NoButton,Move,565.53515625,587.4765625
2533.1692259311676,2533.1692259311676,NoButton,Move,567.9140625,587.87109375
2533.1823110580444,2533.1823110580444,NoButton,Move,570.29296875,588.265625
2533.184489965439,2533.184489965439,NoButton,Move,572.671875,588.265625
2533.1915810108185,2533.1915810108185,NoButton,Move,575.64453125,588.265625
2533.1996490955353,2533.1996490955353,NoButton,Move,578.6171875,588.265625
2533.208421945572,2533.208421945572,NoButton,Move,584.515625,586.65625
2533.2159049510956,2533.2159049510956,NoButton,Move,587.68359375,584.390625
2533.22407412529,2533.22407412529,NoButton,Move,593.046875,581.171875
2533.232195854187,2533.232195854187,NoButton,Move,602.91015625,573.41796875
2533.2405030727386,2533.2405030727386,NoButton,Move,608.4921875,566.58984375
2533.248543024063,2533.248543024063,NoButton,Move,613.67578125,558.16015625
2533.2567031383514,2533.2567031383514,NoButton,Move,618.2109375,549.08203125
2533.264935016632,2533.264935016632,NoButton,Move,622.4375,537.80859375
2533.273516178131,2533.273516178131,NoButton,Move,625.25390625,525.828125
2533.2814650535583,2533.2814650535583,NoButton,Move,626.71875,512.63671875
2533.289656162262,2533.289656162262,NoButton,Move,627.50390625,496.85546875
2533.2978880405426,2533.2978880405426,NoButton,Move,627.50390625,468.43359375
2533.3061509132385,2533.3061509132385,NoButton,Move,627.50390625,449.8359375
2533.314300060272,2533.314300060272,NoButton,Move,626.85546875,440.109375
2533.3224079608917,2533.3224079608917,NoButton,Move,621.78125,421.51171875
2533.330642938614,2533.330642938614,NoButton,Move,615.86328125,403.7578125
2533.338851928711,2533.338851928711,NoButton,Move,609.32421875,387.4140625
2533.3469688892365,2533.3469688892365,NoButton,Move,601.71484375,374.48046875
2533.355216026306,2533.355216026306,NoButton,Move,592.58203125,363.06640625
2533.3634629249573,2533.3634629249573,NoButton,Move,583.421875,355.3125
2533.371595144272,2533.371595144272,NoButton,Move,573.2734375,350.57421875
2533.379993915558,2533.379993915558,NoButton,Move,564.5859375,349.33203125
2533.3879911899567,2533.3879911899567,NoButton,Move,553.76171875,349.33203125
2533.396236181259,2533.396236181259,NoButton,Move,536.6015625,352.59765625
2533.40452504158,2533.40452504158,NoButton,Move,524.765625,363.640625
2533.412801027298,2533.412801027298,NoButton,Move,512.9296875,378.85546875
2533.4208488464355,2533.4208488464355,NoButton,Move,500.8359375,399.3125
2533.4289858341217,2533.4289858341217,NoButton,Move,489.671875,420.69921875
2533.4375009536743,2533.4375009536743,NoButton,Move,485.44140625,431.96875
2533.4457290172577,2533.4457290172577,NoButton,Move,475.85546875,454.96484375
2533.453803062439,2533.453803062439,NoButton,Move,468.640625,475.703125
2533.4620249271393,2533.4620249271393,NoButton,Move,463.56640625,494.296875
2533.4701499938965,2533.4701499938965,NoButton,Move,458.66015625,511.453125
2533.478320837021,2533.478320837021,NoButton,Move,456.29296875,527.23046875
2533.4867038726807,2533.4867038726807,NoButton,Move,454.82421875,540.41796875
2533.4948620796204,2533.4948620796204,NoButton,Move,454.82421875,553.60546875
2533.5032770633698,2533.5032770633698,NoButton,Move,454.82421875,565.58203125
2535.4525649547577,2535.4525649547577,NoButton,Move,454.82421875,564.65625
2535.460729122162,2535.460729122162,NoButton,Move,454.82421875,555.96875
2535.468938112259,2535.468938112259,NoButton,Move,454.82421875,545.14453125
2535.4771831035614,2535.4771831035614,NoButton,Move,458.765625,529.36328125
2535.4846529960632,2535.4846529960632,NoButton,Move,463.8359375,510.765625
2535.4932169914246,2535.4932169914246,NoButton,Move,474.7578125,469.4921875
2535.5013461112976,2535.5013461112976,NoButton,Move,490.6953125,419.01953125
2535.5098400115967,2535.5098400115967,NoButton,Move,510.88671875,359.875
2535.517910003662,2535.517910003662,NoButton,Move,534.40234375,298.14453125
2535.532355070114,2535.532355070114,NoButton,Move,561.32421875,235.3203125
2535.5372920036316,2535.5372920036316,NoButton,Move,587.77734375,175.05859375
2535.542582988739,2535.542582988739,NoButton,Move,613.23046875,121.3203125
2535.551877975464,2535.551877975464,NoButton,Move,623.1484375,101.48046875
2535.559181213379,2535.559181213379,NoButton,Move,631.59765625,84.57421875
2535.5668239593506,2535.5668239593506,NoButton,Move,648.09765625,53.76953125
2535.5748901367188,2535.5748901367188,NoButton,Move,652.6328125,44.69140625
2535.583019018173,2535.583019018173,NoButton,Move,655.84765625,39.32421875
2535.591372013092,2535.591372013092,NoButton,Move,662.69140625,26.390625
2535.599382162094,2535.599382162094,NoButton,Move,667.03125,18.32421875
2535.607439994812,2535.607439994812,NoButton,Move,669.5703125,13.74609375
2535.6159749031067,2535.6159749031067,NoButton,Move,670.75390625,11.37109375
2535.6241438388824,2535.6241438388824,NoButton,Move,671.43359375,10.00390625
2535.632224082947,2535.632224082947,NoButton,Move,671.71875,9.4296875
2535.6405050754547,2535.6405050754547,NoButton,Move,671.71875,9.16796875
2535.6651799678802,2535.6651799678802,NoButton,Move,671.21875,9.16796875
2535.673320055008,2535.673320055008,NoButton,Move,670.27734375,9.16796875
2535.681582212448,2535.681582212448,NoButton,Move,669.703125,9.453125
2535.690008878708,2535.690008878708,NoButton,Move,669.12890625,9.73828125
2535.6983189582825,2535.6983189582825,NoButton,Move,668.8671875,9.99609375
2535.706536054611,2535.706536054611,NoButton,Move,668.29296875,10.28125
2535.7147619724274,2535.7147619724274,NoButton,Move,668.03125,10.28125
2535.722825050354,2535.722825050354,NoButton,Move,667.76953125,10.28125
2535.731024980545,2535.731024980545,NoButton,Move,667.5078125,10.28125
2535.7392880916595,2535.7392880916595,NoButton,Move,667.24609375,10.5390625
2535.747344970703,2535.747344970703,NoButton,Move,666.3046875,10.5390625
2535.7555429935455,2535.7555429935455,NoButton,Move,665.73046875,10.5390625
2535.7635729312897,2535.7635729312897,NoButton,Move,664.36328125,10.5390625
2535.771896123886,2535.771896123886,NoButton,Move,662.99609375,10.87890625
2535.780009031296,2535.780009031296,NoButton,Move,661.62890625,10.87890625
2535.7880840301514,2535.7880840301514,NoButton,Move,660.26171875,10.87890625
2535.796548843384,2535.796548843384,NoButton,Move,658.89453125,11.21875
2535.804533958435,2535.804533958435,NoButton,Move,657.52734375,11.21875
2535.8127670288086,2535.8127670288086,NoButton,Move,656.16015625,11.21875
2535.821265935898,2535.821265935898,NoButton,Move,655.21875,11.53125
2535.8291850090027,2535.8291850090027,NoButton,Move,654.27734375,11.53125
2535.837429046631,2535.837429046631,NoButton,Move,653.703125,11.81640625
2535.8462159633636,2535.8462159633636,NoButton,Move,653.12890625,11.81640625
2535.8708539009094,2535.8708539009094,Left,Pressed,653.12890625,11.81640625
2535.87881398201,2535.87881398201,NoButton,Move,653.00390625,11.81640625
2535.996024131775,2535.996024131775,Left,Released,653.00390625,11.81640625
2536.156920194626,2536.156920194626,NoButton,Move,653.00390625,13.46484375
2536.1650750637054,2536.1650750637054,NoButton,Move,652.26171875,15.30859375
2536.1732099056244,2536.1732099056244,NoButton,Move,651.46484375,17.6875
2536.1814799308777,2536.1814799308777,NoButton,Move,650.35546875,19.53125
2536.189623117447,2536.189623117447,NoButton,Move,649.1640625,21.91015625
2536.197683095932,2536.197683095932,NoButton,Move,648.0546875,23.75390625
2536.2059230804443,2536.2059230804443,NoButton,Move,646.9453125,25.23046875
2536.214179992676,2536.214179992676,NoButton,Move,645.8359375,26.70703125
2536.2223269939423,2536.2223269939423,NoButton,Move,643.7109375,29.25390625
2536.230581998825,2536.230581998825,NoButton,Move,640.82421875,32.6171875
2536.238769054413,2536.238769054413,NoButton,Move,638.69921875,34.73828125
2536.247186899185,2536.247186899185,NoButton,Move,637.21875,35.84375
2536.2550790309906,2536.2550790309906,NoButton,Move,635.73828125,37.3203125
2536.2633109092712,2536.2633109092712,NoButton,Move,633.1875,39.01953125
2536.2717461586,2536.2717461586,NoButton,Move,631.19921875,40.60546875
2536.279939174652,2536.279939174652,NoButton,Move,630.08984375,42.08203125
2536.288237094879,2536.288237094879,NoButton,Move,628.609375,43.1875
2536.2979531288147,2536.2979531288147,NoButton,Move,627.58203125,44.2109375
2536.305151939392,2536.305151939392,NoButton,Move,626.640625,44.8359375
2536.3129391670227,2536.3129391670227,NoButton,Move,626.06640625,45.40625
2536.3206729888916,2536.3206729888916,NoButton,Move,625.4921875,45.69140625
2536.3304629325867,2536.3304629325867,NoButton,Move,624.91796875,45.9765625
2536.3373930454254,2536.3373930454254,NoButton,Move,624.62890625,46.546875
2536.3471009731293,2536.3471009731293,NoButton,Move,624.0546875,46.83203125
2536.353487968445,2536.353487968445,NoButton,Move,624.0546875,47.08984375
2536.3633239269257,2536.3633239269257,NoButton,Move,623.79296875,47.34765625
2536.369719028473,2536.369719028473,NoButton,Move,623.79296875,47.60546875
2536.380352973938,2536.380352973938,NoButton,Move,623.53125,47.60546875
2536.38613986969,2536.38613986969,NoButton,Move,623.53125,47.86328125
2536.413624048233,2536.413624048233,Left,Pressed,623.53125,47.86328125
2536.534938812256,2536.534938812256,Left,Released,623.53125,47.86328125
2536.7460191249847,2536.7460191249847,NoButton,Move,623.9921875,47.86328125
2536.7539761066437,2536.7539761066437,NoButton,Move,625.8359375,47.12109375
2536.762176990509,2536.762176990509,NoButton,Move,627.6796875,46.01171875
2536.7703659534454,2536.7703659534454,NoButton,Move,630.2265625,44.30859375
2536.778548002243,2536.778548002243,NoButton,Move,634.0703125,41.90234375
2536.7867138385773,2536.7867138385773,NoButton,Move,636.6171875,39.77734375
2536.794995069504,2536.794995069504,NoButton,Move,640.4609375,37.37109375
2536.803158044815,2536.803158044815,NoButton,Move,644.52734375,34.31640625
2536.8114850521088,2536.8114850521088,NoButton,Move,649.1015625,31.26171875
2536.8197288513184,2536.8197288513184,NoButton,Move,653.67578125,28.20703125
2536.8278601169586,2536.8278601169586,NoButton,Move,659.0390625,25.5234375
2536.836019039154,2536.836019039154,NoButton,Move,663.61328125,22.98046875
2536.8443009853363,2536.8443009853363,NoButton,Move,668.9765625,20.296875
2536.8526549339294,2536.8526549339294,NoButton,Move,673.30078125,18.37109375
2536.861137866974,2536.861137866974,NoButton,Move,676.921875,16.55859375
2536.8688571453094,2536.8688571453094,NoButton,Move,678.765625,15.44921875
2536.877923965454,2536.877923965454,NoButton,Move,682.38671875,14.08984375
2536.885466814041,2536.885466814041,NoButton,Move,685.359375,12.8125
2536.895483016968,2536.895483016968,NoButton,Move,688.33203125,11.53515625
2536.9017748832703,2536.9017748832703,NoButton,Move,691.3046875,10.68359375
2536.911232948303,2536.911232948303,NoButton,Move,695.62890625,9.23828125
2536.9180409908295,2536.9180409908295,NoButton,Move,698.0078125,8.046875
2536.928791999817,2536.928791999817,NoButton,Move,699.37109375,8.046875
2536.934723854065,2536.934723854065,NoButton,Move,701.75,7.25
2536.9619629383087,2536.9619629383087,NoButton,Move,704.72265625,6.82421875
2536.962026119232,2536.962026119232,NoButton,Move,706.56640625,6.453125
2536.9620649814606,2536.9620649814606,NoButton,Move,708.9453125,6.453125
2536.9672141075134,2536.9672141075134,NoButton,Move,710.7890625,6.453125
2536.9770200252533,2536.9770200252533,NoButton,Move,712.15234375,6.453125
2536.9834990501404,2536.9834990501404,NoButton,Move,713.515625,6.453125
2536.9916338920593,2536.9916338920593,NoButton,Move,714.87890625,6.453125
2536.999887943268,2536.999887943268,NoButton,Move,715.81640625,6.453125
2537.0080950260162,2537.0080950260162,NoButton,Move,716.38671875,6.453125
2537.01655292511,2537.01655292511,NoButton,Move,716.64453125,6.453125
2537.0248498916626,2537.0248498916626,NoButton,Move,717.21484375,6.453125
2537.032982110977,2537.032982110977,NoButton,Move,717.47265625,6.7109375
2537.0626220703125,2537.0626220703125,Left,Pressed,717.47265625,6.7109375
2537.0627179145813,2537.0627179145813,NoButton,Move,717.59375,6.7109375
2537.1982650756836,2537.1982650756836,Left,Released,717.59375,6.7109375
2537.2948269844055,2537.2948269844055,NoButton,Move,717.82421875,6.7109375
2537.303606033325,2537.303606033325,NoButton,Move,718.39453125,6.7109375
2537.311086177826,2537.311086177826,NoButton,Move,719.7578125,7.390625
2537.319207906723,2537.319207906723,NoButton,Move,720.328125,7.67578125
2537.327427148819,2537.327427148819,NoButton,Move,721.8046875,9.15234375
2537.335541009903,2537.335541009903,NoButton,Move,722.375,9.15234375
2537.3436419963837,2537.3436419963837,NoButton,Move,723.0,10.08984375
2537.351968050003,2537.351968050003,NoButton,Move,723.9375,10.71484375
2537.360212087631,2537.360212087631,NoButton,Move,724.5078125,11.28515625
2537.3702340126038,2537.3702340126038,NoButton,Move,725.4453125,11.91015625
2537.3765120506287,2537.3765120506287,NoButton,Move,726.015625,12.48046875
2537.384793996811,2537.384793996811,NoButton,Move,726.5859375,12.765625
2537.392735004425,2537.392735004425,NoButton,Move,727.15625,13.05078125
2537.400964975357,2537.400964975357,NoButton,Move,727.4140625,13.30859375
2537.4092469215393,2537.4092469215393,NoButton,Move,727.984375,13.59375
2537.417970895767,2537.417970895767,NoButton,Move,728.5546875,13.87890625
2537.4272480010986,2537.4272480010986,NoButton,Move,728.83984375,14.44921875
2537.4340319633484,2537.4340319633484,NoButton,Move,729.125,15.01953125
2537.442249059677,2537.442249059677,NoButton,Move,730.0625,15.64453125
2537.45055603981,2537.45055603981,NoButton,Move,730.34765625,16.21484375
2537.4584441184998,2537.4584441184998,NoButton,Move,730.66015625,17.15234375
2537.4671959877014,2537.4671959877014,NoButton,Move,731.453125,19.53125
2537.474785089493,2537.474785089493,NoButton,Move,732.4140625,23.85546875
2537.4831500053406,2537.4831500053406,NoButton,Move,733.37109375,28.17578125
2537.491532087326,2537.491532087326,NoButton,Move,734.07421875,40.15234375
2537.4995679855347,2537.4995679855347,NoButton,Move,734.8046875,53.33984375
2537.5081050395966,2537.5081050395966,NoButton,Move,735.62109375,70.49609375
2537.5160808563232,2537.5160808563232,NoButton,Move,735.62109375,90.5859375
2537.5245430469513,2537.5245430469513,NoButton,Move,735.62109375,112.2265625
2537.5325589179993,2537.5325589179993,NoButton,Move,731.78515625,137.140625
2537.5427029132843,2537.5427029132843,NoButton,Move,724.1171875,161.09765625
2537.548952102661,2537.548952102661,NoButton,Move,711.9375,187.484375
2537.556958913803,2537.556958913803,NoButton,Move,696.28515625,213.56640625
2537.565018892288,2537.565018892288,NoButton,Move,678.06640625,240.35546875
2537.573357105255,2537.573357105255,NoButton,Move,654.3671875,268.56640625
2537.581356048584,2537.581356048584,NoButton,Move,629.0625,292.765625
2537.589791059494,2537.589791059494,NoButton,Move,603.33984375,313.125
2537.5979001522064,2537.5979001522064,NoButton,Move,574.734375,331.82421875
2537.608792066574,2537.608792066574,NoButton,Move,549.359375,346.03125
2537.6143901348114,2537.6143901348114,NoButton,Move,538.0859375,350.9609375
2537.622535943985,2537.622535943985,NoButton,Move,516.6953125,360.2578125
2537.6306800842285,2537.6306800842285,NoButton,Move,499.53515625,365.16015625
2537.6396219730377,2537.6396219730377,NoButton,Move,482.375,369.2421875
2538.2453100681305,2538.2453100681305,NoButton,Move,482.12890625,361.4765625
2538.253050804138,2538.253050804138,NoButton,Move,481.3671875,347.01953125
2538.2618279457092,2538.2618279457092,NoButton,Move,480.546875,329.859375
2538.2710630893707,2538.2710630893707,NoButton,Move,478.96875,314.078125
2538.277729988098,2538.277729988098,NoButton,Move,478.09375,293.984375
2538.2861700057983,2538.2861700057983,NoButton,Move,478.09375,273.890625
2538.2942621707916,2538.2942621707916,NoButton,Move,477.16015625,250.63671875
2538.3024320602417,2538.3024320602417,NoButton,Move,475.9140625,205.90625
2538.3106389045715,2538.3106389045715,NoButton,Move,475.9140625,184.26171875
2538.322669029236,2538.322669029236,NoButton,Move,474.7265625,143.953125
2538.3595950603485,2538.3595950603485,NoButton,Move,474.7265625,129.49609375
2538.3596560955048,2538.3596560955048,NoButton,Move,472.75,102.85546875
2538.3596980571747,2538.3596980571747,NoButton,Move,472.15625,95.15234375
2538.3597371578217,2538.3597371578217,NoButton,Move,471.39453125,80.6953125
2538.3598301410675,2538.3598301410675,NoButton,Move,470.48828125,77.0703125
2538.368936061859,2538.368936061859,NoButton,Move,469.30078125,69.3671875
2538.379736185074,2538.379736185074,NoButton,Move,467.7734375,64.28125
2538.3852140903473,2538.3852140903473,NoButton,Move,465.08984375,58.9140625
2538.398430109024,2538.398430109024,NoButton,Move,463.609375,57.8046875
2538.400463819504,2538.400463819504,NoButton,Move,461.2265625,57.40625
2538.409987926483,2538.409987926483,NoButton,Move,458.84375,57.40625
2538.4167869091034,2538.4167869091034,NoButton,Move,455.21875,57.40625
2538.430605173111,2538.430605173111,NoButton,Move,451.59375,57.40625
2538.4334201812744,2538.4334201812744,NoButton,Move,447.96875,57.40625
2538.4413640499115,2538.4413640499115,NoButton,Move,444.34375,57.40625
2538.4495420455933,2538.4495420455933,NoButton,Move,441.9609375,57.40625
2538.457941055298,2538.457941055298,NoButton,Move,436.05859375,58.4765625
2538.4658901691437,2538.4658901691437,NoButton,Move,432.43359375,58.92578125
2538.4747898578644,2538.4747898578644,NoButton,Move,429.45703125,59.7734375
2538.4820930957794,2538.4820930957794,NoButton,Move,425.83203125,60.67578125
2538.4904589653015,2538.4904589653015,NoButton,Move,424.46484375,61.015625
2538.4985721111298,2538.4985721111298,NoButton,Move,421.48828125,61.4375
2538.5067908763885,2538.5067908763885,NoButton,Move,419.640625,62.17578125
2538.5150101184845,2538.5150101184845,NoButton,Move,417.2578125,62.5703125
2538.523113965988,2538.523113965988,NoButton,Move,415.890625,62.91015625
2538.531319141388,2538.531319141388,NoButton,Move,414.5234375,63.25
2538.539407968521,2538.539407968521,NoButton,Move,413.15625,63.25
2538.547739982605,2538.547739982605,NoButton,Move,412.21484375,63.25
2538.5562031269073,2538.5562031269073,NoButton,Move,411.2734375,63.25
2538.5642170906067,2538.5642170906067,NoButton,Move,410.33203125,62.93359375
2538.5722918510437,2538.5722918510437,NoButton,Move,409.390625,62.3046875
2538.580482006073,2538.580482006073,NoButton,Move,408.81640625,61.73046875
2538.5886690616608,2538.5886690616608,NoButton,Move,408.2421875,61.15625
2538.59686088562,2538.59686088562,NoButton,Move,407.66796875,60.58203125
2538.6049699783325,2538.6049699783325,NoButton,Move,407.40625,60.3203125
2538.6288561820984,2538.6288561820984,Left,Pressed,407.40625,60.3203125
2538.645431995392,2538.645431995392,NoButton,Move,407.28125,60.3203125
2538.7224531173706,2538.7224531173706,Left,Released,407.28125,60.3203125
2539.7610681056976,2539.7610681056976,NoButton,Move,408.21875,65.484375
2539.767851114273,2539.767851114273,NoButton,Move,412.78125,79.9375
2539.7772059440613,2539.7772059440613,NoButton,Move,418.640625,92.390625
2539.7841579914093,2539.7841579914093,NoButton,Move,427.08984375,109.29296875
2539.793864965439,2539.793864965439,NoButton,Move,436.6953125,127.63671875
2539.800554037094,2539.800554037094,NoButton,Move,447.515625,146.5703125
2539.812767982483,2539.812767982483,NoButton,Move,459.01171875,169.56640625
2539.816999912262,2539.816999912262,NoButton,Move,484.7890625,218.41015625
2539.8272819519043,2539.8272819519043,NoButton,Move,513.0703125,270.73046875
2539.8334040641785,2539.8334040641785,NoButton,Move,543.359375,325.54296875
2539.8414380550385,2539.8414380550385,NoButton,Move,569.6796875,376.80078125
2539.84969997406,2539.84969997406,NoButton,Move,595.45703125,425.64453125
2539.8579750061035,2539.8579750061035,NoButton,Move,605.0625,443.98828125
2539.866136789322,2539.866136789322,NoButton,Move,612.4140625,459.51171875
2539.8745510578156,2539.8745510578156,NoButton,Move,626.34375,489.515625
2539.882826089859,2539.882826089859,NoButton,Move,635.92578125,513.47265625
2539.8909010887146,2539.8909010887146,NoButton,Move,638.29296875,521.171875
2539.898910045624,2539.898910045624,NoButton,Move,642.234375,536.94921875
2539.9069278240204,2539.9069278240204,NoButton,Move,644.34765625,548.92578125
2540.1292791366577,2540.1292791366577,NoButton,Move,644.34765625,548.92578125
2540.177941083908,2540.177941083908,NoButton,Move,644.34765625,549.15625
2540.1780240535736,2540.1780240535736,NoButton,Move,644.34765625,553.48046875
2540.178053855896,2540.178053855896,NoButton,Move,647.02734375,558.84375
2540.178081035614,2540.178081035614,NoButton,Move,649.84765625,565.05078125
2540.20654296875,2540.20654296875,NoButton,Move,653.3984375,572.15625
2540.217600107193,2540.217600107193,NoButton,Move,656.78125,578.36328125
2540.217736005783,2540.217736005783,NoButton,Move,660.1640625,584.5703125
2540.217782974243,2540.217782974243,NoButton,Move,663.125,591.67578125
2540.2182941436768,2540.2182941436768,NoButton,Move,669.71875,603.39453125
2540.2320630550385,2540.2320630550385,NoButton,Move,672.3984375,608.7578125
2540.235758781433,2540.235758781433,NoButton,Move,677.1328125,618.90234375
2540.2482481002808,2540.2482481002808,NoButton,Move,681.01953125,627.9765625
2540.2521390914917,2540.2521390914917,NoButton,Move,684.5703125,635.08203125
2540.259363889694,2540.259363889694,NoButton,Move,686.71484375,640.98046875
2540.267632961273,2540.267632961273,NoButton,Move,687.453125,642.82421875
2540.2755131721497,2540.2755131721497,NoButton,Move,688.89453125,647.1484375
2540.283809185028,2540.283809185028,NoButton,Move,689.2890625,649.52734375
2540.304216861725,2540.304216861725,NoButton,Move,689.65625,651.37109375
2540.3045902252197,2540.3045902252197,NoButton,Move,689.99609375,652.734375
2540.312748193741,2540.312748193741,NoButton,Move,689.99609375,652.9921875
2540.32470202446,2540.32470202446,NoButton,Move,688.84765625,652.41796875
2545.2034950256348,2545.2034950256348,NoButton,Move,688.84765625,653.33984375
2545.211524963379,2545.211524963379,NoButton,Move,688.84765625,657.6640625
2545.2196550369263,2545.2196550369263,NoButton,Move,688.84765625,660.04296875
2545.2372510433197,2545.2372510433197,NoButton,Move,688.4765625,661.88671875
2545.237447977066,2545.237447977066,NoButton,Move,688.1328125,663.25
2545.244204044342,2545.244204044342,NoButton,Move,687.7890625,664.61328125
2545.252324819565,2545.252324819565,NoButton,Move,687.5,665.18359375
2545.260815858841,2545.260815858841,NoButton,Move,686.92578125,665.46875
2545.2690041065216,2545.2690041065216,NoButton,Move,686.6640625,665.7265625
2545.276901960373,2545.276901960373,NoButton,Move,685.63671875,666.75
2545.285598039627,2545.285598039627,NoButton,Move,684.6953125,666.75
2545.2934758663177,2545.2934758663177,NoButton,Move,682.84765625,666.0078125
2545.301582098007,2545.301582098007,NoButton,Move,679.79296875,661.9375
2545.3097989559174,2545.3097989559174,NoButton,Move,675.64453125,654.828125
2545.3178708553314,2545.3178708553314,NoButton,Move,665.8359375,640.1171875
2545.3261749744415,2545.3261749744415,NoButton,Move,657.6640625,624.58984375
2545.3343789577484,2545.3343789577484,NoButton,Move,638.6953125,589.0234375
2545.3425958156586,2545.3425958156586,NoButton,Move,622.6171875,560.0859375
2545.350798845291,2545.350798845291,NoButton,Move,603.19140625,521.23828125
2545.3589341640472,2545.3589341640472,NoButton,Move,580.609375,473.421875
2545.3671050071716,2545.3671050071716,NoButton,Move,557.52734375,415.71875
2545.3757350444794,2545.3757350444794,NoButton,Move,533.1953125,348.80859375
2545.383698940277,2545.383698940277,NoButton,Move,511.90234375,281.8984375
2545.3941798210144,2545.3941798210144,NoButton,Move,492.79296875,218.69921875
2545.3999910354614,2545.3999910354614,NoButton,Move,486.08203125,193.78125
2545.4145979881287,2545.4145979881287,NoButton,Move,481.0078125,175.18359375
2545.4163999557495,2545.4163999557495,NoButton,Move,470.59375,138.16015625
2545.4248390197754,2545.4248390197754,NoButton,Move,467.48828125,129.47265625
2545.433023929596,2545.433023929596,NoButton,Move,460.72265625,111.71875
2545.6302449703217,2545.6302449703217,NoButton,Move,458.30078125,111.71875
2545.637990951538,2545.637990951538,NoButton,Move,452.3984375,110.64453125
2545.6459760665894,2545.6459760665894,NoButton,Move,445.625,108.94921875
2545.6542389392853,2545.6542389392853,NoButton,Move,438.8515625,106.69140625
2545.667578935623,2545.667578935623,NoButton,Move,425.66015625,103.7578125
2545.6717698574066,2545.6717698574066,NoButton,Move,411.203125,99.953125
2545.678979873657,2545.678979873657,NoButton,Move,396.74609375,96.90625
2545.687183856964,2545.687183856964,NoButton,Move,383.5546875,93.2421875
2545.695459127426,2545.695459127426,NoButton,Move,370.36328125,90.30859375
2545.703593015671,2545.703593015671,NoButton,Move,364.4609375,89.234375
2545.7119450569153,2545.7119450569153,NoButton,Move,354.734375,86.640625
2545.7200009822845,2545.7200009822845,NoButton,Move,346.046875,84.15625
2545.728078842163,2545.728078842163,NoButton,Move,338.34375,81.78515625
2545.736090898514,2545.736090898514,NoButton,Move,332.1328125,78.9609375
2545.7442178726196,2545.7442178726196,NoButton,Move,326.765625,76.27734375
2545.752333164215,2545.752333164215,NoButton,Move,322.6953125,73.22265625
2545.760579109192,2545.760579109192,NoButton,Move,318.625,70.16796875
2545.768765926361,2545.768765926361,NoButton,Move,317.14453125,69.05859375
2545.7775480747223,2545.7775480747223,NoButton,Move,314.42578125,66.33984375
2545.7858040332794,2545.7858040332794,NoButton,Move,311.875,64.63671875
2545.7940039634705,2545.7940039634705,NoButton,Move,309.75,62.51171875
2545.80241894722,2545.80241894722,NoButton,Move,308.26953125,61.40234375
2545.8219499588013,2545.8219499588013,NoButton,Move,306.92578125,60.39453125
2545.822075843811,2545.822075843811,NoButton,Move,305.984375,59.765625
2545.8257958889008,2545.8257958889008,NoButton,Move,305.41015625,59.4765625
2545.8343188762665,2545.8343188762665,NoButton,Move,305.1484375,59.4765625
2545.8458349704742,2545.8458349704742,NoButton,Move,304.88671875,59.4765625
2545.851109981537,2545.851109981537,NoButton,Move,304.88671875,59.734375
2545.8598668575287,2545.8598668575287,NoButton,Move,304.43359375,63.35546875
2545.867833137512,2545.867833137512,NoButton,Move,304.0078125,66.328125
2545.875685930252,2545.875685930252,NoButton,Move,302.98828125,71.41015625
2545.8850021362305,2545.8850021362305,NoButton,Move,301.4609375,76.4921875
2545.8932559490204,2545.8932559490204,NoButton,Move,299.93359375,81.57421875
2545.900538921356,2545.900538921356,NoButton,Move,297.8984375,86.65625
2545.9085540771484,2545.9085540771484,NoButton,Move,295.35546875,91.23046875
2545.916790008545,2545.916790008545,NoButton,Move,294.24609375,92.70703125
2545.9254879951477,2545.9254879951477,NoButton,Move,290.86328125,98.90625
2545.933678150177,2545.933678150177,NoButton,Move,289.3828125,100.01171875
2545.9435529708862,2545.9435529708862,NoButton,Move,286.015625,103.375
2545.9499509334564,2545.9499509334564,NoButton,Move,283.890625,105.49609375
2545.9587819576263,2545.9587819576263,NoButton,Move,281.33984375,107.1953125
2545.9662919044495,2545.9662919044495,NoButton,Move,278.7890625,108.89453125
2545.974970817566,2545.974970817566,NoButton,Move,276.40625,110.08203125
2545.98260307312,2545.98260307312,NoButton,Move,274.0234375,111.26953125
2545.9911770820618,2545.9911770820618,NoButton,Move,272.65625,111.609375
2545.998974084854,2545.998974084854,NoButton,Move,270.2734375,112.40234375
2546.009835958481,2546.009835958481,NoButton,Move,268.42578125,113.140625
2546.014850139618,2546.014850139618,NoButton,Move,266.578125,113.5078125
2546.0236020088196,2546.0236020088196,NoButton,Move,264.73046875,113.875
2546.03200006485,2546.03200006485,NoButton,Move,263.7890625,114.1875
2546.040036916733,2546.040036916733,NoButton,Move,262.84765625,114.5
2546.0481250286102,2546.0481250286102,NoButton,Move,262.2734375,114.78515625
2546.056144952774,2546.056144952774,NoButton,Move,262.01171875,114.78515625
2546.0642120838165,2546.0642120838165,NoButton,Move,261.75,114.78515625
2546.0807790756226,2546.0807790756226,NoButton,Move,261.50390625,115.02734375
2546.0969018936157,2546.0969018936157,NoButton,Move,261.2578125,115.26953125
2546.104815006256,2546.104815006256,NoButton,Move,261.2578125,115.52734375
2546.1129801273346,2546.1129801273346,NoButton,Move,260.99609375,115.78515625
2546.12210893631,2546.12210893631,NoButton,Move,260.734375,116.04296875
2546.1300570964813,2546.1300570964813,NoButton,Move,260.47265625,116.30078125
2546.1377952098846,2546.1377952098846,NoButton,Move,260.18359375,116.87109375
2546.1462330818176,2546.1462330818176,NoButton,Move,259.921875,117.12890625
2546.1541500091553,2546.1541500091553,NoButton,Move,259.66015625,117.38671875
2546.162325143814,2546.162325143814,NoButton,Move,259.66015625,117.64453125
2546.170571088791,2546.170571088791,NoButton,Move,259.3984375,117.90234375
2546.1790421009064,2546.1790421009064,NoButton,Move,259.3984375,118.16015625
2546.187161922455,2546.187161922455,NoButton,Move,259.3984375,118.41796875
2546.216714143753,2546.216714143753,Left,Pressed,259.3984375,118.41796875
2546.312672138214,2546.312672138214,Left,Released,259.3984375,118.41796875
2546.556121826172,2546.556121826172,NoButton,Move,258.93359375,118.41796875
2546.5637860298157,2546.5637860298157,NoButton,Move,258.671875,118.41796875
2546.5720279216766,2546.5720279216766,NoButton,Move,258.09765625,118.41796875
2546.5812690258026,2546.5812690258026,NoButton,Move,257.15625,118.41796875
2546.5884449481964,2546.5884449481964,NoButton,Move,256.8671875,118.98828125
2546.596657037735,2546.596657037735,NoButton,Move,255.92578125,119.30078125
2546.6050958633423,2546.6050958633423,NoButton,Move,255.3515625,119.87109375
2546.613103866577,2546.613103866577,NoButton,Move,254.41015625,120.18359375
2546.6211841106415,2546.6211841106415,NoButton,Move,253.8359375,120.46875
2546.629678964615,2546.629678964615,NoButton,Move,253.26171875,120.75390625
2546.6376860141754,2546.6376860141754,NoButton,Move,252.6875,121.0390625
2546.6629099845886,2546.6629099845886,Left,Pressed,252.6875,121.0390625
2546.678743124008,2546.678743124008,NoButton,Move,252.5625,121.16015625
2546.7460350990295,2546.7460350990295,Left,Released,252.5625,121.16015625
2547.3362398147583,2547.3362398147583,Left,Pressed,252.5625,121.16015625
2547.642539024353,2547.642539024353,Left,Released,252.5625,121.16015625
2548.48885512352,2548.48885512352,NoButton,Move,252.328125,121.16015625
2548.4967591762543,2548.4967591762543,NoButton,Move,249.3515625,121.16015625
2548.504924058914,2548.504924058914,NoButton,Move,244.265625,121.16015625
2548.5132110118866,2548.5132110118866,NoButton,Move,238.36328125,120.62109375
2548.5215260982513,2548.5215260982513,NoButton,Move,231.25390625,117.65625
2548.5295791625977,2548.5295791625977,NoButton,Move,222.17578125,113.1171875
2548.537826061249,2548.537826061249,NoButton,Move,212.703125,107.02734375
2548.546094894409,2548.546094894409,NoButton,Move,201.7109375,99.69921875
2548.554085969925,2548.554085969925,NoButton,Move,190.71875,91.63671875
2548.5684711933136,2548.5684711933136,NoButton,Move,180.8515625,83.8828125
2548.570576906204,2548.570576906204,NoButton,Move,170.59375,75.08984375
2548.578819990158,2548.578819990158,NoButton,Move,165.765625,71.33203125
2548.5873081684113,2548.5873081684113,NoButton,Move,156.96875,64.56640625
2548.5957720279694,2548.5957720279694,NoButton,Move,149.1875,58.73046875
2548.603823900223,2548.603823900223,NoButton,Move,142.66796875,53.98828125
2548.612246990204,2548.612246990204,NoButton,Move,140.8203125,52.87890625
2548.620014190674,2548.620014190674,NoButton,Move,136.2421875,49.82421875
2548.6284379959106,2548.6284379959106,NoButton,Move,133.0703125,47.55859375
2548.6364710330963,2548.6364710330963,NoButton,Move,130.6875,46.3671875
2548.644882917404,2548.644882917404,NoButton,Move,128.83984375,45.2578125
2548.653144836426,2548.653144836426,NoButton,Move,127.8984375,44.94140625
2548.6610119342804,2548.6610119342804,NoButton,Move,127.32421875,44.65234375
2548.6690380573273,2548.6690380573273,NoButton,Move,127.0625,44.390625
2548.67747092247,2548.67747092247,NoButton,Move,126.80078125,44.390625
2548.685455799103,2548.685455799103,NoButton,Move,126.5390625,44.390625
2548.701877117157,2548.701877117157,NoButton,Move,126.29296875,44.390625
2548.7103629112244,2548.7103629112244,NoButton,Move,125.71875,44.9609375
2548.7183701992035,2548.7183701992035,NoButton,Move,125.03515625,46.32421875
2548.7266190052032,2548.7266190052032,NoButton,Move,123.92578125,47.80078125
2548.734744787216,2548.734744787216,NoButton,Move,122.3359375,49.78515625
2548.7430369853973,2548.7430369853973,NoButton,Move,120.34765625,51.37109375
2548.751046895981,2548.751046895981,NoButton,Move,118.22265625,53.4921875
2548.759325027466,2548.759325027466,NoButton,Move,115.671875,55.19140625
2548.7739951610565,2548.7739951610565,NoButton,Move,112.6953125,56.46484375
2548.775452852249,2548.775452852249,NoButton,Move,110.3125,57.65234375
2548.7835080623627,2548.7835080623627,NoButton,Move,107.3359375,58.92578125
2548.791567802429,2548.791567802429,NoButton,Move,104.359375,60.19921875
2548.8004269599915,2548.8004269599915,NoButton,Move,100.734375,61.1015625
2548.8083720207214,2548.8083720207214,NoButton,Move,96.40625,62.54296875
2548.8164858818054,2548.8164858818054,NoButton,Move,92.078125,63.984375
2548.824562072754,2548.824562072754,NoButton,Move,86.17578125,65.0546875
2548.83274102211,2548.83274102211,NoButton,Move,81.08984375,65.5625
2548.8409209251404,2548.8409209251404,NoButton,Move,75.1875,66.09765625
2548.8493797779083,2548.8493797779083,NoButton,Move,69.28515625,66.6328125
2548.857554912567,2548.857554912567,NoButton,Move,64.19921875,66.6328125
2548.8658759593964,2548.8658759593964,NoButton,Move,58.296875,66.6328125
2548.8738989830017,2548.8738989830017,NoButton,Move,53.2109375,66.6328125
2548.882117986679,2548.882117986679,NoButton,Move,48.125,66.6328125
2548.8903748989105,2548.8903748989105,NoButton,Move,46.27734375,66.6328125
2548.898549079895,2548.898549079895,NoButton,Move,41.94921875,65.66796875
2548.906930923462,2548.906930923462,NoButton,Move,38.97265625,64.81640625
2548.915554046631,2548.915554046631,NoButton,Move,35.99609375,63.5390625
2548.923569917679,2548.923569917679,NoButton,Move,33.61328125,62.7421875
2548.9315960407257,2548.9315960407257,NoButton,Move,31.23046875,61.9453125
2548.939604997635,2548.939604997635,NoButton,Move,29.75,60.8359375
2548.947923898697,2548.947923898697,NoButton,Move,28.26953125,59.7265625
2548.9560589790344,2548.9560589790344,NoButton,Move,26.90234375,59.04296875
2548.964367866516,2548.964367866516,NoButton,Move,25.875,58.015625
2548.9724309444427,2548.9724309444427,NoButton,Move,25.30078125,57.44140625
2548.9970288276672,2548.9970288276672,Left,Pressed,25.30078125,57.44140625
2549.013251066208,2549.013251066208,NoButton,Move,25.03125,57.171875
2549.0967910289764,2549.0967910289764,Left,Released,25.03125,57.171875
2549.698289871216,2549.698289871216,NoButton,Move,26.1875,57.171875
2549.7016940116882,2549.7016940116882,NoButton,Move,28.03125,57.171875
2549.710366010666,2549.710366010666,NoButton,Move,30.41015625,58.359375
2549.718382835388,2549.718382835388,NoButton,Move,32.7890625,59.546875
2549.726727962494,2549.726727962494,NoButton,Move,36.41015625,61.35546875
2549.7348458766937,2549.7348458766937,NoButton,Move,40.734375,63.27734375
2549.7434771060944,2549.7434771060944,NoButton,Move,45.30859375,65.81640625
2549.7510509490967,2549.7510509490967,NoButton,Move,50.671875,69.03125
2549.759502887726,2549.759502887726,NoButton,Move,60.140625,75.1171875
2549.7672839164734,2549.7672839164734,NoButton,Move,67.24609375,79.26171875
2549.7755630016327,2549.7755630016327,NoButton,Move,75.671875,84.4453125
2549.7844738960266,2549.7844738960266,NoButton,Move,84.40234375,91.16015625
2549.7918820381165,2549.7918820381165,NoButton,Move,94.265625,98.203125
2549.805657863617,2549.805657863617,NoButton,Move,103.421875,105.953125
2549.808094024658,2549.808094024658,NoButton,Move,113.28515625,112.99609375
2549.8164088726044,2549.8164088726044,NoButton,Move,125.90625,122.4609375
2549.824779033661,2549.824779033661,NoButton,Move,136.89453125,130.51953125
2549.832981109619,2549.832981109619,NoButton,Move,149.06640625,138.88671875
2549.840835094452,2549.840835094452,NoButton,Move,161.6875,148.3515625
2549.8490839004517,2549.8490839004517,NoButton,Move,173.859375,156.71875
2549.8573791980743,2549.8573791980743,NoButton,Move,187.26953125,166.18359375
2549.8656780719757,2549.8656780719757,NoButton,Move,201.9765625,175.16796875
2549.873641014099,2549.873641014099,NoButton,Move,215.38671875,183.84375
2549.8819839954376,2549.8819839954376,NoButton,Move,230.09375,192.828125
2549.8899369239807,2549.8899369239807,NoButton,Move,256.17578125,208.4765625
2549.8983108997345,2549.8983108997345,NoButton,Move,264.6015625,213.66015625
2549.906368970871,2549.906368970871,NoButton,Move,280.125,222.64453125
2549.914691209793,2549.914691209793,NoButton,Move,297.02734375,231.94140625
2549.9228069782257,2549.9228069782257,NoButton,Move,313.9296875,240.390625
2549.931054830551,2549.931054830551,NoButton,Move,329.453125,248.55859375
2549.939244031906,2549.939244031906,NoButton,Move,343.14453125,254.64453125
2549.9478430747986,2549.9478430747986,NoButton,Move,349.04296875,256.25
2550.8740940093994,2550.8740940093994,NoButton,Move,349.04296875,256.48046875
2550.8819148540497,2550.8819148540497,NoButton,Move,350.8515625,260.1015625
2550.89013004303,2550.89013004303,NoButton,Move,353.25390625,263.9453125
2550.8983471393585,2550.8983471393585,NoButton,Move,357.0078125,268.76953125
2550.906542778015,2550.906542778015,NoButton,Move,361.51953125,273.84765625
2550.941689968109,2550.941689968109,NoButton,Move,366.03125,279.48828125
2550.9418289661407,2550.9418289661407,NoButton,Move,370.54296875,285.12890625
2550.94193315506,2550.94193315506,NoButton,Move,380.0078125,297.75
2550.9419951438904,2550.9419951438904,NoButton,Move,390.26171875,310.37109375
2550.9468080997467,2550.9468080997467,NoButton,Move,407.515625,333.71484375
2550.955088853836,2550.955088853836,NoButton,Move,420.6171875,349.4375
2550.9645488262177,2550.9645488262177,NoButton,Move,426.44921875,357.21484375
2550.97136592865,2550.97136592865,NoButton,Move,438.28125,372.4296875
2550.98592376709,2550.98592376709,NoButton,Move,450.11328125,387.64453125
2550.988302230835,2550.988302230835,NoButton,Move,461.9453125,402.859375
2550.996018886566,2550.996018886566,NoButton,Move,472.19921875,415.48046875
2551.0041749477386,2551.0041749477386,NoButton,Move,482.453125,428.1015625
2551.025101184845,2551.025101184845,NoButton,Move,491.58203125,439.51171875
2551.0252549648285,2551.0252549648285,NoButton,Move,495.3359375,444.3359375
2551.028665781021,2551.028665781021,NoButton,Move,502.37890625,454.19921875
2551.036814212799,2551.036814212799,NoButton,Move,508.2109375,461.9765625
2551.045042991638,2551.045042991638,NoButton,Move,512.94921875,468.4921875
2551.0532989501953,2551.0532989501953,NoButton,Move,516.8984375,474.1328125
2551.0614240169525,2551.0614240169525,NoButton,Move,518.484375,476.1171875
2551.0700390338898,2551.0700390338898,NoButton,Move,520.24609375,479.203125
2551.0777039527893,2551.0777039527893,NoButton,Move,521.9453125,481.75
2551.086004972458,2551.086004972458,NoButton,Move,523.05078125,483.2265625
2551.0942940711975,2551.0942940711975,NoButton,Move,523.67578125,484.1640625
2551.1026849746704,2551.1026849746704,NoButton,Move,523.9609375,484.734375
2551.1256918907166,2551.1256918907166,NoButton,Move,524.21875,484.9921875
2553.7385318279266,2553.7385318279266,NoButton,Move,524.91015625,484.9921875
2553.74667596817,2553.74667596817,NoButton,Move,525.84765625,485.3046875
2553.7552819252014,2553.7552819252014,NoButton,Move,526.78515625,485.9296875
2553.768574953079,2553.768574953079,NoButton,Move,527.80859375,486.953125
2553.7718908786774,2553.7718908786774,NoButton,Move,529.171875,487.6328125
2553.780037879944,2553.780037879944,NoButton,Move,531.71875,489.33203125
2553.788099050522,2553.788099050522,NoButton,Move,534.265625,491.03125
2553.7962369918823,2553.7962369918823,NoButton,Move,537.43359375,493.29296875
2553.8042571544647,2553.8042571544647,NoButton,Move,540.6015625,495.5546875
2553.8129799365997,2553.8129799365997,NoButton,Move,544.4453125,497.95703125
2553.8206889629364,2553.8206889629364,NoButton,Move,548.2890625,500.359375
2553.828824043274,2553.828824043274,NoButton,Move,552.1328125,502.76171875
2553.8369789123535,2553.8369789123535,NoButton,Move,556.70703125,505.8125
2553.8454599380493,2553.8454599380493,NoButton,Move,561.28125,508.3515625
2553.8536710739136,2553.8536710739136,NoButton,Move,565.85546875,511.40234375
2553.861671924591,2553.861671924591,NoButton,Move,572.0625,514.78515625
2553.8699128627777,2553.8699128627777,NoButton,Move,582.19140625,519.51171875
2553.8782329559326,2553.8782329559326,NoButton,Move,589.296875,522.47265625
2553.8861010074615,2553.8861010074615,NoButton,Move,599.01953125,525.0625
2553.894380092621,2553.894380092621,NoButton,Move,610.99609375,527.87890625
2553.902523994446,2553.902523994446,NoButton,Move,624.18359375,530.07421875
2553.910731077194,2553.910731077194,NoButton,Move,639.9609375,532.4375
2553.9191060066223,2553.9191060066223,NoButton,Move,668.37890625,535.48046875
2553.9273290634155,2553.9273290634155,NoButton,Move,678.1015625,536.7734375
2553.9357759952545,2553.9357759952545,NoButton,Move,698.19140625,538.51953125
2553.943839073181,2553.943839073181,NoButton,Move,716.78515625,541.0546875
2553.951936006546,2553.951936006546,NoButton,Move,733.94140625,543.50390625
2553.9601299762726,2553.9601299762726,NoButton,Move,749.71875,546.65625
2553.9683380126953,2553.9683380126953,NoButton,Move,755.6171875,548.26171875
2553.97709107399,2553.97709107399,NoButton,Move,766.4375,550.96484375
2553.9852628707886,2553.9852628707886,NoButton,Move,769.41015625,551.8125
2554.1656670570374,2554.1656670570374,NoButton,Move,769.875,551.8125
2554.1745522022247,2554.1745522022247,NoButton,Move,772.84765625,550.9609375
2554.1820328235626,2554.1820328235626,NoButton,Move,776.46875,549.1484375
2554.19012093544,2554.19012093544,NoButton,Move,783.57421875,546.18359375
2554.199860095978,2554.199860095978,NoButton,Move,791.63671875,542.4609375
2554.208081960678,2554.208081960678,NoButton,Move,801.78125,537.72265625
2554.2145030498505,2554.2145030498505,NoButton,Move,813.05078125,532.7890625
2554.222050189972,2554.222050189972,NoButton,Move,824.3203125,527.85546875
2554.2301619052887,2554.2301619052887,NoButton,Move,835.58984375,523.625
2554.2382888793945,2554.2382888793945,NoButton,Move,846.859375,519.39453125
2554.246596813202,2554.246596813202,NoButton,Move,851.94140625,517.359375
2554.2547521591187,2554.2547521591187,NoButton,Move,860.625,514.875
2554.266538143158,2554.266538143158,NoButton,Move,867.39453125,513.1796875
2554.270852804184,2554.270852804184,NoButton,Move,870.3671875,512.328125
2554.279093980789,2554.279093980789,NoButton,Move,875.44921875,511.30859375
2554.287448167801,2554.287448167801,NoButton,Move,878.421875,510.45703125
2554.295571088791,2554.295571088791,NoButton,Move,880.80078125,510.05859375
2554.3038189411163,2554.3038189411163,NoButton,Move,882.1640625,510.05859375
2554.3126559257507,2554.3126559257507,NoButton,Move,883.52734375,509.71484375
2554.320431947708,2554.320431947708,NoButton,Move,884.09765625,509.71484375
2554.328643798828,2554.328643798828,NoButton,Move,884.35546875,509.453125
2554.3367948532104,2554.3367948532104,NoButton,Move,884.61328125,509.453125
2554.345195055008,2554.345195055008,NoButton,Move,884.87109375,509.453125
2554.3530349731445,2554.3530349731445,NoButton,Move,884.87109375,509.19140625
2554.369260072708,2554.369260072708,NoButton,Move,884.87109375,508.9453125
2554.377671957016,2554.377671957016,NoButton,Move,885.15625,508.37109375
2554.3859100341797,2554.3859100341797,NoButton,Move,885.15625,508.109375
2554.394026041031,2554.394026041031,NoButton,Move,885.4140625,507.84765625
2554.4021809101105,2554.4021809101105,NoButton,Move,885.69921875,507.2734375
2554.41047000885,2554.41047000885,NoButton,Move,885.69921875,507.01171875
2554.4190740585327,2554.4190740585327,NoButton,Move,885.95703125,507.01171875
2554.4272739887238,2554.4272739887238,NoButton,Move,886.21484375,506.75
2554.443446159363,2554.443446159363,NoButton,Move,886.21484375,506.50390625
2554.451793909073,2554.451793909073,NoButton,Move,886.47265625,506.50390625
2554.459506034851,2554.459506034851,NoButton,Move,886.47265625,506.2421875
2554.4997539520264,2554.4997539520264,Left,Pressed,886.47265625,506.2421875
2554.582690000534,2554.582690000534,NoButton,Move,886.234375,506.2421875
2554.599186897278,2554.599186897278,NoButton,Move,878.5546875,506.2421875
2554.6158368587494,2554.6158368587494,NoButton,Move,852.83984375,506.2421875
2554.63520693779,2554.63520693779,NoButton,Move,793.546875,506.2421875
2554.649342060089,2554.649342060089,NoButton,Move,718.29296875,506.2421875
2554.6714141368866,2554.6714141368866,NoButton,Move,639.47265625,506.2421875
2554.682801961899,2554.682801961899,NoButton,Move,563.328125,506.2421875
2554.699697971344,2554.699697971344,NoButton,Move,522.37109375,506.2421875
2554.716567993164,2554.716567993164,NoButton,Move,499.46875,506.2421875
2554.7328679561615,2554.7328679561615,NoButton,Move,480.234375,506.2421875
2554.7493340969086,2554.7493340969086,NoButton,Move,471.2421875,506.2421875
2554.7659788131714,2554.7659788131714,NoButton,Move,466.8046875,506.2421875
2554.7826471328735,2554.7826471328735,NoButton,Move,465.3203125,506.2421875
2554.832680940628,2554.832680940628,NoButton,Move,464.921875,506.2421875
2555.1421267986298,2555.1421267986298,Left,Released,464.921875,506.2421875
2555.6148149967194,2555.6148149967194,NoButton,Move,466.78125,506.2421875
2555.6227447986603,2555.6227447986603,NoButton,Move,472.6796875,506.2421875
2555.6343619823456,2555.6343619823456,NoButton,Move,478.5625,506.2421875
2555.640035867691,2555.640035867691,NoButton,Move,485.33203125,506.2421875
2555.6614332199097,2555.6614332199097,NoButton,Move,494.015625,506.2421875
2555.6615040302277,2555.6615040302277,NoButton,Move,502.69921875,506.2421875
2555.664167881012,2555.664167881012,NoButton,Move,512.421875,506.2421875
2555.672152042389,2555.672152042389,NoButton,Move,542.67578125,506.2421875
2555.6803829669952,2555.6803829669952,NoButton,Move,565.92578125,506.2421875
2555.688624858856,2555.688624858856,NoButton,Move,577.90234375,506.2421875
2555.6967408657074,2555.6967408657074,NoButton,Move,616.08203125,505.08203125
2555.7048819065094,2555.7048819065094,NoButton,Move,626.90234375,505.08203125
2555.713730096817,2555.713730096817,NoButton,Move,648.54296875,504.1796875
2555.7213180065155,2555.7213180065155,NoButton,Move,667.13671875,503.33203125
2555.7294850349426,2555.7294850349426,NoButton,Move,684.29296875,501.6953125
2555.7376639842987,2555.7376639842987,NoButton,Move,700.0703125,500.90625
2555.745831012726,2555.745831012726,NoButton,Move,713.2578125,499.4375
2555.7541210651398,2555.7541210651398,NoButton,Move,719.15625,498.8984375
2555.7626140117645,2555.7626140117645,NoButton,Move,728.87890625,497.6015625
2555.7707710266113,2555.7707710266113,NoButton,Move,737.5625,496.359375
2555.7793669700623,2555.7793669700623,NoButton,Move,745.26171875,495.171875
2555.787549972534,2555.787549972534,NoButton,Move,751.140625,494.63671875
2555.795967102051,2555.795967102051,NoButton,Move,753.51953125,494.23828125
2555.8034670352936,2555.8034670352936,NoButton,Move,757.140625,493.33203125
2555.811414003372,2555.811414003372,NoButton,Move,760.76171875,492.87890625
2555.8197000026703,2555.8197000026703,NoButton,Move,763.140625,492.87890625
2555.8279061317444,2555.8279061317444,NoButton,Move,764.984375,492.5078125
2555.836086034775,2555.836086034775,NoButton,Move,766.828125,492.5078125
2555.8442051410675,2555.8442051410675,NoButton,Move,768.19140625,492.5078125
2555.8523440361023,2555.8523440361023,NoButton,Move,768.76171875,492.5078125
2555.860563993454,2555.860563993454,NoButton,Move,769.69921875,492.5078125
2555.8687858581543,2555.8687858581543,NoButton,Move,770.26953125,492.5078125
2555.8770179748535,2555.8770179748535,NoButton,Move,771.20703125,492.19140625
2555.8851878643036,2555.8851878643036,NoButton,Move,772.14453125,491.875
2555.893341064453,2555.893341064453,NoButton,Move,774.5234375,491.4765625
2555.9014930725098,2555.9014930725098,NoButton,Move,776.3671875,491.10546875
2555.9097859859467,2555.9097859859467,NoButton,Move,778.74609375,490.30859375
2555.9182999134064,2555.9182999134064,NoButton,Move,782.3671875,489.85546875
2555.926493883133,2555.926493883133,NoButton,Move,786.69140625,489.85546875
2555.9348340034485,2555.9348340034485,NoButton,Move,792.58984375,489.85546875
2555.9428448677063,2555.9428448677063,NoButton,Move,797.671875,489.85546875
2555.9511239528656,2555.9511239528656,NoButton,Move,802.75390625,489.85546875
2555.9592089653015,2555.9592089653015,NoButton,Move,808.65234375,489.85546875
2555.967518091202,2555.967518091202,NoButton,Move,812.9765625,489.85546875
2555.975468158722,2555.975468158722,NoButton,Move,818.05859375,489.85546875
2555.9837839603424,2555.9837839603424,NoButton,Move,822.3828125,489.85546875
2555.993716955185,2555.993716955185,NoButton,Move,826.00390625,489.85546875
2556.000180006027,2556.000180006027,NoButton,Move,829.625,489.85546875
2556.0083668231964,2556.0083668231964,NoButton,Move,831.46875,490.22265625
2556.0167088508606,2556.0167088508606,NoButton,Move,834.44140625,490.64453125
2556.0248608589172,2556.0248608589172,NoButton,Move,836.28515625,491.01171875
2556.0330109596252,2556.0330109596252,NoButton,Move,838.6640625,491.40625
2556.0414369106293,2556.0414369106293,NoButton,Move,840.02734375,491.74609375
2556.0494689941406,2556.0494689941406,NoButton,Move,840.96484375,492.05859375
2556.0576980113983,2556.0576980113983,NoButton,Move,841.53515625,492.34375
2556.0657880306244,2556.0657880306244,NoButton,Move,842.10546875,492.62890625
2556.08398604393,2556.08398604393,Left,Pressed,842.10546875,492.62890625
2556.100033044815,2556.100033044815,NoButton,Move,842.2265625,492.75
2556.2172150611877,2556.2172150611877,Left,Released,842.2265625,492.75
2556.385262966156,2556.385262966156,NoButton,Move,842.2265625,492.98046875
2556.40944480896,2556.40944480896,NoButton,Move,842.46484375,493.21875
2556.4177029132843,2556.4177029132843,NoButton,Move,843.03515625,493.50390625
2556.426288843155,2556.426288843155,NoButton,Move,843.29296875,493.76171875
2556.4344158172607,2556.4344158172607,NoButton,Move,843.55078125,494.01953125
2556.442596912384,2556.442596912384,NoButton,Move,843.80859375,494.27734375
2556.4508731365204,2556.4508731365204,NoButton,Move,844.74609375,494.58984375
2556.459170103073,2556.459170103073,NoButton,Move,845.03125,495.16015625
2556.474930047989,2556.474930047989,NoButton,Move,845.96875,495.47265625
2556.4762670993805,2556.4762670993805,NoButton,Move,846.5390625,495.7578125
2556.483370065689,2556.483370065689,NoButton,Move,847.109375,496.04296875
2556.4916410446167,2556.4916410446167,NoButton,Move,847.6796875,496.328125
2556.4996979236603,2556.4996979236603,NoButton,Move,848.25,496.61328125
2556.507879972458,2556.507879972458,NoButton,Move,848.8203125,496.8984375
2556.5161538124084,2556.5161538124084,NoButton,Move,849.078125,497.15625
2556.52415394783,2556.52415394783,NoButton,Move,849.3359375,497.15625
2556.532315969467,2556.532315969467,NoButton,Move,849.59375,497.15625
2556.540527820587,2556.540527820587,NoButton,Move,849.8515625,497.4140625
2556.548761844635,2556.548761844635,NoButton,Move,850.109375,497.4140625
2556.5569689273834,2556.5569689273834,NoButton,Move,850.6796875,497.4140625
2556.565139055252,2556.565139055252,NoButton,Move,851.25,497.4140625
2556.573333978653,2556.573333978653,NoButton,Move,851.5078125,497.4140625
2558.704652070999,2558.704652070999,NoButton,Move,851.5078125,498.3359375
2558.7047209739685,2558.7047209739685,NoButton,Move,851.5078125,503.41796875
2558.7047729492188,2558.7047729492188,NoButton,Move,851.5078125,509.31640625
2558.7048110961914,2558.7048110961914,NoButton,Move,851.5078125,516.0859375
2558.7351438999176,2558.7351438999176,NoButton,Move,852.09765625,523.78515625
2558.735216856003,2558.735216856003,NoButton,Move,853.87109375,531.484375
2558.7352588176727,2558.7352588176727,NoButton,Move,855.73046875,540.16796875
2558.736708879471,2558.736708879471,NoButton,Move,858.1796875,557.32421875
2558.7440168857574,2558.7440168857574,NoButton,Move,862.26171875,574.48046875
2558.752213001251,2558.752213001251,NoButton,Move,865.640625,593.07421875
2558.760458946228,2558.760458946228,NoButton,Move,868.90625,610.23046875
2558.7685730457306,2558.7685730457306,NoButton,Move,871.35546875,627.38671875
2558.7768969535828,2558.7768969535828,NoButton,Move,873.890625,645.98046875
2558.785017967224,2558.785017967224,NoButton,Move,875.578125,664.57421875
2558.793221950531,2558.793221950531,NoButton,Move,876.39453125,681.73046875
2558.8014669418335,2558.8014669418335,NoButton,Move,877.23828125,700.32421875
2558.8100340366364,2558.8100340366364,NoButton,Move,878.08203125,718.91796875
2558.8179321289062,2558.8179321289062,NoButton,Move,878.08203125,736.07421875
2558.8260979652405,2558.8260979652405,NoButton,Move,878.08203125,751.8515625
2561.276519060135,2561.276519060135,NoButton,Move,878.08203125,751.6171875
2561.293084859848,2561.293084859848,NoButton,Move,878.08203125,751.37109375
2561.314644098282,2561.314644098282,NoButton,Move,878.08203125,750.796875
2561.314866065979,2561.314866065979,NoButton,Move,878.08203125,750.53515625
2561.3188621997833,2561.3188621997833,NoButton,Move,878.08203125,750.2734375
2561.3252391815186,2561.3252391815186,NoButton,Move,878.08203125,749.69921875
2561.333638906479,2561.333638906479,NoButton,Move,878.08203125,749.125
2561.341994047165,2561.341994047165,NoButton,Move,878.08203125,748.55078125
2561.3500759601593,2561.3500759601593,NoButton,Move,878.08203125,747.9765625
2561.3580269813538,2561.3580269813538,NoButton,Move,878.08203125,746.12890625
2561.366137981415,2561.366137981415,NoButton,Move,878.08203125,744.28125
2561.374386072159,2561.374386072159,NoButton,Move,878.08203125,741.3046875
2561.3828909397125,2561.3828909397125,NoButton,Move,878.08203125,735.40234375
2561.3914980888367,2561.3914980888367,NoButton,Move,880.1953125,723.421875
2562.611795902252,2562.611795902252,NoButton,Move,880.1953125,722.26171875
2562.619612932205,2562.619612932205,NoButton,Move,880.1953125,717.17578125
2562.627918958664,2562.627918958664,NoButton,Move,882.8984375,706.3515625
2569.1553950309753,2569.1553950309753,NoButton,Move,882.8984375,705.890625
2582.201243877411,2582.201243877411,NoButton,Move,883.8203125,705.890625
2582.209491968155,2582.209491968155,NoButton,Move,885.1796875,705.890625
2582.217899084091,2582.217899084091,NoButton,Move,887.0234375,705.890625
2582.225650072098,2582.225650072098,NoButton,Move,889.40234375,705.890625
2582.2337391376495,2582.2337391376495,NoButton,Move,891.24609375,705.890625
2582.24227309227,2582.24227309227,NoButton,Move,894.8671875,705.890625
2582.2555890083313,2582.2555890083313,NoButton,Move,899.19140625,705.890625
2582.2648689746857,2582.2648689746857,NoButton,Move,903.515625,705.890625
2582.2669241428375,2582.2669241428375,NoButton,Move,907.83984375,705.890625
2582.2751088142395,2582.2751088142395,NoButton,Move,912.921875,705.37890625
2582.2839648723602,2582.2839648723602,NoButton,Move,917.2421875,705.37890625
2582.2911870479584,2582.2911870479584,NoButton,Move,919.62109375,705.37890625
2582.2999079227448,2582.2999079227448,NoButton,Move,923.9453125,705.37890625
2582.311889886856,2582.311889886856,NoButton,Move,926.91796875,705.37890625
2582.3158659934998,2582.3158659934998,NoButton,Move,929.890625,705.37890625
2582.323858976364,2582.323858976364,NoButton,Move,932.26953125,705.37890625
2586.1071350574493,2586.1071350574493,NoButton,Move,932.26953125,704.68359375
2586.11524105072,2586.11524105072,NoButton,Move,932.26953125,700.35546875
2586.1234471797943,2586.1234471797943,NoButton,Move,932.26953125,693.58203125
2586.1316199302673,2586.1316199302673,NoButton,Move,932.26953125,682.7578125
2586.139865875244,2586.139865875244,NoButton,Move,930.01171875,646.64453125
2586.1479601860046,2586.1479601860046,NoButton,Move,925.26953125,606.3359375
2586.156168937683,2586.156168937683,NoButton,Move,913.5859375,517.8984375
2586.164440870285,2586.164440870285,NoButton,Move,902.4609375,440.0234375
2586.172662973404,2586.172662973404,NoButton,Move,889.2578125,354.2265625
2586.1808290481567,2586.1808290481567,NoButton,Move,875.76171875,263.1484375
2586.188987970352,2586.188987970352,NoButton,Move,868.4765625,220.66015625
2586.197236061096,2586.197236061096,NoButton,Move,852.37109375,141.75390625
2586.2054119110107,2586.2054119110107,NoButton,Move,844.0234375,112.5390625
2586.213670015335,2586.213670015335,NoButton,Move,827.73828125,59.62109375
2586.221920967102,2586.221920967102,NoButton,Move,820.63671875,45.41796875
2586.23024892807,2586.23024892807,NoButton,Move,805.6328125,16.48046875
2586.2388138771057,2586.2388138771057,NoButton,Move,792.10546875,0.0
2586.2464032173157,2586.2464032173157,NoButton,Move,778.2109375,0.0
2586.254570007324,2586.254570007324,NoButton,Move,765.75390625,0.0
2586.452728033066,2586.452728033066,NoButton,Move,764.8125,0.0
2586.4591398239136,2586.4591398239136,NoButton,Move,761.8359375,0.0
2586.467425107956,2586.467425107956,NoButton,Move,757.98828125,2.40234375
2586.4756009578705,2586.4756009578705,NoButton,Move,754.81640625,4.6640625
2586.4840688705444,2586.4840688705444,NoButton,Move,750.74609375,8.22265625
2586.492069005966,2586.492069005966,NoButton,Move,746.67578125,11.2734375
2586.500611782074,2586.500611782074,NoButton,Move,742.09765625,14.32421875
2586.5086011886597,2586.5086011886597,NoButton,Move,732.23046875,21.3671875
2586.51651096344,2586.51651096344,NoButton,Move,721.66015625,27.70703125
2586.5250828266144,2586.5250828266144,NoButton,Move,710.0078125,34.2578125
2586.532975912094,2586.532975912094,NoButton,Move,699.4375,40.59765625
2586.5416131019592,2586.5416131019592,NoButton,Move,688.1640625,46.23046875
2586.549444913864,2586.549444913864,NoButton,Move,676.890625,51.16015625
2586.557780981064,2586.557780981064,NoButton,Move,671.5234375,53.83984375
2586.5658218860626,2586.5658218860626,NoButton,Move,662.4453125,57.7265625
2586.5740580558777,2586.5740580558777,NoButton,Move,654.37890625,61.4453125
2586.582230091095,2586.582230091095,NoButton,Move,647.26953125,65.58984375
2586.590453147888,2586.590453147888,NoButton,Move,641.625,69.5390625
2586.5985741615295,2586.5985741615295,NoButton,Move,636.796875,73.29296875
2586.6067237854004,2586.6067237854004,NoButton,Move,633.234375,77.359375
2586.6149339675903,2586.6149339675903,NoButton,Move,629.671875,81.42578125
2586.6232221126556,2586.6232221126556,NoButton,Move,628.9296875,83.26953125
2586.631336927414,2586.631336927414,NoButton,Move,627.1171875,86.4375
2588.031044960022,2588.031044960022,NoButton,Move,627.1171875,87.359375
2588.0311970710754,2588.0311970710754,NoButton,Move,627.1171875,89.203125
2588.031790971756,2588.031790971756,NoButton,Move,627.1171875,91.046875
2588.040179014206,2588.040179014206,NoButton,Move,627.1171875,92.88671875
2588.0482161045074,2588.0482161045074,NoButton,Move,627.1171875,94.25
2588.0564198493958,2588.0564198493958,NoButton,Move,627.1171875,96.09375
2588.0649769306183,2588.0649769306183,NoButton,Move,626.43359375,97.45703125
2588.073038816452,2588.073038816452,NoButton,Move,625.2421875,99.8359375
2588.0812170505524,2588.0812170505524,NoButton,Move,623.1171875,102.3828125
2588.0896010398865,2588.0896010398865,NoButton,Move,620.9921875,104.9296875
2588.098428964615,2588.098428964615,NoButton,Move,617.8203125,107.19140625
2588.1094238758087,2588.1094238758087,NoButton,Move,614.6484375,109.0
2588.1141378879547,2588.1141378879547,NoButton,Move,610.3203125,110.921875
2588.14879488945,2588.14879488945,NoButton,Move,601.6328125,112.78125
2588.1489560604095,2588.1489560604095,NoButton,Move,593.9296875,113.96484375
2588.149064064026,2588.149064064026,NoButton,Move,584.203125,114.609375
2588.149162054062,2588.149162054062,NoButton,Move,573.37890625,114.609375
2588.154862165451,2588.154862165451,NoButton,Move,560.1875,114.609375
2588.162862062454,2588.162862062454,NoButton,Move,536.93359375,114.609375
2588.1709530353546,2588.1709530353546,NoButton,Move,527.20703125,113.3125
2588.1790900230408,2588.1790900230408,NoButton,Move,511.42578125,110.9453125
2588.1880378723145,2588.1880378723145,NoButton,Move,496.37109375,107.1796875
2588.1956329345703,2588.1956329345703,NoButton,Move,480.58984375,102.4453125
2588.203912973404,2588.203912973404,NoButton,Move,466.1328125,97.87890625
2588.2121229171753,2588.2121229171753,NoButton,Move,451.67578125,93.3125
2588.220274925232,2588.220274925232,NoButton,Move,439.21875,88.18359375
2588.2373180389404,2588.2373180389404,NoButton,Move,427.9453125,83.25
2588.237452030182,2588.237452030182,NoButton,Move,423.3671875,80.70703125
2588.244572877884,2588.244572877884,NoButton,Move,413.89453125,75.29296875
2588.25421500206,2588.25421500206,NoButton,Move,405.46484375,70.10546875
2588.261155128479,2588.261155128479,NoButton,Move,398.9453125,65.95703125
2588.269233942032,2588.269233942032,NoButton,Move,396.39453125,64.25390625
2588.2834219932556,2588.2834219932556,NoButton,Move,391.81640625,61.19921875
2588.287362098694,2588.287362098694,NoButton,Move,388.64453125,58.93359375
2588.293881177902,2588.293881177902,NoButton,Move,386.26171875,57.7421875
2588.3033339977264,2588.3033339977264,NoButton,Move,384.4140625,56.6328125
2588.310171842575,2588.310171842575,NoButton,Move,383.046875,55.94921875
2588.3195650577545,2588.3195650577545,NoButton,Move,382.10546875,55.3203125
2588.3264780044556,2588.3264780044556,NoButton,Move,381.1640625,55.00390625
2588.33650803566,2588.33650803566,NoButton,Move,380.58984375,54.71484375
2588.3429479599,2588.3429479599,NoButton,Move,380.015625,54.71484375
2588.352849960327,2588.352849960327,NoButton,Move,379.44921875,54.4296875
2588.359533071518,2588.359533071518,NoButton,Move,378.5078125,54.4296875
2588.371276140213,2588.371276140213,NoButton,Move,377.56640625,54.4296875
2588.386228084564,2588.386228084564,NoButton,Move,376.625,54.4296875
2588.3863780498505,2588.3863780498505,NoButton,Move,375.2578125,54.4296875
2588.3921480178833,2588.3921480178833,NoButton,Move,373.890625,54.4296875
2588.4005069732666,2588.4005069732666,NoButton,Move,372.04296875,54.4296875
2588.4085400104523,2588.4085400104523,NoButton,Move,370.67578125,54.4296875
2588.416720867157,2588.416720867157,NoButton,Move,368.828125,54.4296875
2588.4250481128693,2588.4250481128693,NoButton,Move,366.98046875,54.4296875
2588.433182954788,2588.433182954788,NoButton,Move,365.61328125,54.4296875
2588.4412219524384,2588.4412219524384,NoButton,Move,363.765625,54.4296875
2588.449310064316,2588.449310064316,NoButton,Move,361.91796875,54.4296875
2588.460760831833,2588.460760831833,NoButton,Move,360.0703125,54.4296875
2588.4659662246704,2588.4659662246704,NoButton,Move,357.6875,54.4296875
2588.4740171432495,2588.4740171432495,NoButton,Move,354.7109375,54.4296875
2588.4820528030396,2588.4820528030396,NoButton,Move,352.328125,54.4296875
2588.490466117859,2588.490466117859,NoButton,Move,349.9453125,54.4296875
2588.49866604805,2588.49866604805,NoButton,Move,346.3203125,53.9765625
2588.5069670677185,2588.5069670677185,NoButton,Move,343.34375,53.9765625
2588.5151329040527,2588.5151329040527,NoButton,Move,339.71875,53.0703125
2588.5233538150787,2588.5233538150787,NoButton,Move,337.87109375,53.0703125
2588.531502008438,2588.531502008438,NoButton,Move,334.89453125,52.64453125
2588.539973974228,2588.539973974228,NoButton,Move,331.91796875,52.21875
2588.547930955887,2588.547930955887,NoButton,Move,328.94140625,51.79296875
2588.5743629932404,2588.5743629932404,NoButton,Move,325.96484375,51.3671875
2588.5744919776917,2588.5744919776917,NoButton,Move,322.98828125,51.3671875
2588.5745899677277,2588.5745899677277,NoButton,Move,320.60546875,50.96875
2588.58056306839,2588.58056306839,NoButton,Move,318.22265625,50.96875
2588.5887949466705,2588.5887949466705,NoButton,Move,314.59765625,50.515625
2588.596829891205,2588.596829891205,NoButton,Move,313.23046875,50.171875
2588.6052539348602,2588.6052539348602,NoButton,Move,310.84765625,50.171875
2588.6135749816895,2588.6135749816895,NoButton,Move,308.46484375,49.7734375
2588.621508836746,2588.621508836746,NoButton,Move,306.08203125,49.375
2588.6296210289,2588.6296210289,NoButton,Move,304.234375,49.375
2588.644156932831,2588.644156932831,NoButton,Move,301.8515625,48.9765625
2588.6472928524017,2588.6472928524017,NoButton,Move,300.484375,48.6328125
2588.6543350219727,2588.6543350219727,NoButton,Move,299.1171875,48.2890625
2588.6623299121857,2588.6623299121857,NoButton,Move,297.75,47.9453125
2588.670492887497,2588.670492887497,NoButton,Move,296.80859375,47.9453125
2588.678656101227,2588.678656101227,NoButton,Move,295.8671875,47.62890625
2588.6883919239044,2588.6883919239044,NoButton,Move,295.29296875,47.33984375
2588.694948911667,2588.694948911667,NoButton,Move,295.03125,47.33984375
2588.703360080719,2588.703360080719,NoButton,Move,294.76953125,47.078125
2588.711287021637,2588.711287021637,NoButton,Move,294.5078125,47.078125
2588.719651222229,2588.719651222229,NoButton,Move,294.24609375,47.078125
2588.7279150485992,2588.7279150485992,NoButton,Move,293.984375,46.81640625
2588.77143406868,2588.77143406868,Left,Pressed,293.984375,46.81640625
2588.8571259975433,2588.8571259975433,Left,Released,293.984375,46.81640625
2589.096426963806,2589.096426963806,NoButton,Move,294.21484375,47.51171875
2589.1047539711,2589.1047539711,NoButton,Move,300.41796875,53.71484375
2589.1128590106964,2589.1128590106964,NoButton,Move,307.7421875,64.703125
2589.1210310459137,2589.1210310459137,NoButton,Move,315.34765625,77.6328125
2589.1306738853455,2589.1306738853455,NoButton,Move,324.08203125,95.9765625
2589.1376478672028,2589.1376478672028,NoButton,Move,335.578125,118.97265625
2589.149775981903,2589.149775981903,NoButton,Move,360.97265625,172.58203125
2589.154240131378,2589.154240131378,NoButton,Move,391.859375,238.9921875
2589.1716639995575,2589.1716639995575,NoButton,Move,425.671875,313.0625
2589.1717829704285,2589.1717829704285,NoButton,Move,464.4609375,395.703125
2589.178318977356,2589.178318977356,NoButton,Move,500.7578125,474.8984375
2589.1877241134644,2589.1877241134644,NoButton,Move,517.3515625,512.83203125
2589.194771051407,2589.194771051407,NoButton,Move,551.0390625,586.62109375
2589.2036349773407,2589.2036349773407,NoButton,Move,580.3828125,653.03125
2589.2113180160522,2589.2113180160522,NoButton,Move,589.6796875,674.41796875
2589.224399805069,2589.224399805069,NoButton,Move,596.6640625,693.6328125
2589.2311339378357,2589.2311339378357,NoButton,Move,610.203125,727.48828125
2589.236666917801,2589.236666917801,NoButton,Move,613.44140625,737.2109375
2589.2447419166565,2589.2447419166565,NoButton,Move,620.42578125,756.42578125
2589.4890701770782,2589.4890701770782,NoButton,Move,620.42578125,756.65625
2589.489154100418,2589.489154100418,NoButton,Move,619.796875,757.59375
2589.489538192749,2589.489538192749,NoButton,Move,619.22265625,758.1640625
2589.4896190166473,2589.4896190166473,NoButton,Move,618.28125,758.7890625
2589.4906618595123,2589.4906618595123,NoButton,Move,616.9140625,759.12890625
2589.4907579421997,2589.4907579421997,NoButton,Move,615.97265625,759.44140625
2589.4907999038696,2589.4907999038696,NoButton,Move,614.125,760.1796875
2589.4908390045166,2589.4908390045166,NoButton,Move,612.27734375,760.91796875
2589.490875005722,2589.490875005722,NoButton,Move,610.91015625,761.59765625
2589.498461961746,2589.498461961746,NoButton,Move,607.73828125,763.40625
2589.512676000595,2589.512676000595,NoButton,Move,605.75,764.9921875
2589.5259189605713,2589.5259189605713,NoButton,Move,604.26953125,766.46875
2589.5260469913483,2589.5260469913483,NoButton,Move,602.6796875,768.453125
2589.5329039096832,2589.5329039096832,NoButton,Move,602.05078125,769.390625
2589.539113998413,2589.539113998413,NoButton,Move,600.4609375,771.375
2589.547078847885,2589.547078847885,NoButton,Move,598.87109375,773.359375
2589.5557839870453,2589.5557839870453,NoButton,Move,597.76171875,774.8359375
2589.5632889270782,2589.5632889270782,NoButton,Move,596.28125,776.3125
2589.5911428928375,2589.5911428928375,NoButton,Move,595.171875,777.7890625
2589.5912539958954,2589.5912539958954,NoButton,Move,594.0625,779.265625
2589.5915620326996,2589.5915620326996,NoButton,Move,592.58203125,780.7421875
2589.607899904251,2589.607899904251,NoButton,Move,591.47265625,782.21875
2589.6081159114838,2589.6081159114838,NoButton,Move,590.4453125,783.2421875
2589.612398147583,2589.612398147583,NoButton,Move,589.76171875,784.60546875
2589.621336221695,2589.621336221695,NoButton,Move,589.078125,785.96875
2611.551244020462,2611.551244020462,NoButton,Move,589.078125,772.56640625
2611.551323890686,2611.551323890686,NoButton,Move,589.078125,750.921875
2611.551517009735,2611.551517009735,NoButton,Move,589.078125,732.32421875
2611.551604986191,2611.551604986191,NoButton,Move,588.2890625,716.54296875
2611.5516500473022,2611.5516500473022,NoButton,Move,588.2890625,700.76171875
2611.5517058372498,2611.5517058372498,NoButton,Move,587.46875,683.6015625
2611.5517439842224,2611.5517439842224,NoButton,Move,587.46875,666.44140625
2611.5517840385437,2611.5517840385437,NoButton,Move,587.46875,628.2578125
2611.5518181324005,2611.5518181324005,NoButton,Move,587.46875,583.52734375
2611.553892850876,2611.553892850876,NoButton,Move,587.46875,531.7265625
2611.5543189048767,2611.5543189048767,NoButton,Move,587.46875,472.33203125
2611.5544378757477,2611.5544378757477,NoButton,Move,587.46875,405.01953125
2611.5615670681,2611.5615670681,NoButton,Move,587.46875,335.06640625
2611.5709619522095,2611.5709619522095,NoButton,Move,587.46875,262.47265625
2611.5930500030518,2611.5930500030518,NoButton,Move,587.46875,234.05078125
2611.5935389995575,2611.5935389995575,NoButton,Move,588.8515625,177.24609375
2611.5943920612335,2611.5943920612335,NoButton,Move,588.8515625,158.6484375
2611.6072158813477,2611.6072158813477,NoButton,Move,588.8515625,144.19140625
2611.610645055771,2611.610645055771,NoButton,Move,589.49609375,134.46484375
2611.619703054428,2611.619703054428,NoButton,Move,590.33984375,115.8671875
2611.627166032791,2611.627166032791,NoButton,Move,590.33984375,103.88671875
2611.636221885681,2611.636221885681,NoButton,Move,590.9296875,96.19140625
2611.643676996231,2611.643676996231,NoButton,Move,592.11328125,88.48828125
2611.656410932541,2611.656410932541,NoButton,Move,593.05078125,88.171875
2611.664370059967,2611.664370059967,NoButton,Move,594.07421875,87.14453125
2611.6709818840027,2611.6709818840027,NoButton,Move,595.01171875,86.828125
2611.6779799461365,2611.6779799461365,NoButton,Move,596.375,86.828125
2611.685530900955,2611.685530900955,NoButton,Move,597.73828125,86.828125
2611.6925399303436,2611.6925399303436,NoButton,Move,598.67578125,86.828125
2611.7006289958954,2611.7006289958954,NoButton,Move,599.61328125,86.828125
2611.7088861465454,2611.7088861465454,NoButton,Move,600.18359375,86.828125
2611.7168991565704,2611.7168991565704,NoButton,Move,600.44140625,86.828125
2611.7252428531647,2611.7252428531647,NoButton,Move,600.7265625,86.25390625
2611.7335691452026,2611.7335691452026,NoButton,Move,600.7265625,85.3125
2611.7417438030243,2611.7417438030243,NoButton,Move,600.7265625,83.46484375
2611.7497549057007,2611.7497549057007,NoButton,Move,600.7265625,81.08203125
2611.7580239772797,2611.7580239772797,NoButton,Move,597.171875,73.97265625
2611.7660801410675,2611.7660801410675,NoButton,Move,593.78515625,67.76171875
2611.7744221687317,2611.7744221687317,NoButton,Move,588.8203125,60.31640625
2611.782483100891,2611.782483100891,NoButton,Move,583.85546875,52.87109375
2611.7907230854034,2611.7907230854034,NoButton,Move,578.01953125,44.44140625
2611.798915863037,2611.798915863037,NoButton,Move,574.65234375,41.07421875
2611.807270050049,2611.807270050049,NoButton,Move,569.3203125,35.1484375
2611.8154067993164,2611.8154067993164,NoButton,Move,563.11328125,28.94140625
2611.8236401081085,2611.8236401081085,NoButton,Move,558.28515625,25.18359375
2611.831992149353,2611.831992149353,NoButton,Move,554.21484375,22.12890625
2611.840306997299,2611.840306997299,NoButton,Move,550.58984375,20.31640625
2611.848440170288,2611.848440170288,NoButton,Move,548.7421875,19.9453125
2611.8566448688507,2611.8566448688507,NoButton,Move,545.765625,19.51953125
2611.8648488521576,2611.8648488521576,NoButton,Move,543.3828125,19.51953125
2611.8732130527496,2611.8732130527496,NoButton,Move,542.015625,19.51953125
2611.881271123886,2611.881271123886,NoButton,Move,540.6484375,19.51953125
2611.8893949985504,2611.8893949985504,NoButton,Move,540.07421875,19.51953125
2611.8972640037537,2611.8972640037537,NoButton,Move,539.5,19.51953125
2611.9059448242188,2611.9059448242188,NoButton,Move,539.23828125,19.51953125
2611.930459022522,2611.930459022522,NoButton,Move,539.23828125,19.7578125
2611.9464881420135,2611.9464881420135,NoButton,Move,539.23828125,20.0
2611.955095052719,2611.955095052719,NoButton,Move,540.59765625,20.0
2611.9631900787354,2611.9631900787354,NoButton,Move,541.53515625,20.3125
2611.9717869758606,2611.9717869758606,NoButton,Move,542.8984375,20.65234375
2611.979306936264,2611.979306936264,NoButton,Move,544.26171875,20.9921875
2611.9880771636963,2611.9880771636963,NoButton,Move,545.625,20.9921875
2611.995735168457,2611.995735168457,NoButton,Move,546.98828125,21.33203125
2612.0045561790466,2612.0045561790466,NoButton,Move,547.92578125,21.64453125
2612.0220980644226,2612.0220980644226,Left,Pressed,547.92578125,21.64453125
2612.0386040210724,2612.0386040210724,NoButton,Move,548.19140625,21.77734375
2612.1556401252747,2612.1556401252747,Left,Released,548.19140625,21.77734375
2612.613443136215,2612.613443136215,NoButton,Move,547.49609375,21.77734375
2612.6247429847717,2612.6247429847717,NoButton,Move,545.11328125,22.5703125
2612.6266288757324,2612.6266288757324,NoButton,Move,540.53515625,25.62109375
2612.6405799388885,2612.6405799388885,NoButton,Move,537.5703125,26.88671875
2612.6485798358917,2612.6485798358917,NoButton,Move,527.421875,30.9453125
2612.6565310955048,2612.6565310955048,NoButton,Move,519.71875,33.90625
2612.659712076187,2612.659712076187,NoButton,Move,511.03125,36.38671875
2612.673882961273,2612.673882961273,NoButton,Move,500.20703125,39.08984375
2612.682186126709,2612.682186126709,NoButton,Move,488.2265625,41.90625
2612.687543153763,2612.687543153763,NoButton,Move,475.03515625,45.56640625
2612.699811220169,2612.699811220169,NoButton,Move,461.84375,47.76171875
2612.7003531455994,2612.7003531455994,NoButton,Move,447.38671875,50.8046875
2612.7091920375824,2612.7091920375824,NoButton,Move,435.40625,53.62109375
2612.7209208011627,2612.7209208011627,NoButton,Move,423.42578125,56.4375
2612.7262699604034,2612.7262699604034,NoButton,Move,411.4453125,58.55078125
2612.7382040023804,2612.7382040023804,NoButton,Move,400.62109375,59.90234375
2612.747278213501,2612.747278213501,NoButton,Move,395.53515625,60.41015625
2612.7546241283417,2612.7546241283417,NoButton,Move,385.80859375,61.0546875
2612.759239912033,2612.759239912033,NoButton,Move,378.10546875,61.0546875
2612.770510196686,2612.770510196686,NoButton,Move,370.40234375,61.0546875
2612.775295972824,2612.775295972824,NoButton,Move,364.5,61.0546875
2612.7844412326813,2612.7844412326813,NoButton,Move,358.59765625,61.0546875
2612.7902228832245,2612.7902228832245,NoButton,Move,353.51171875,61.0546875
2612.7984199523926,2612.7984199523926,NoButton,Move,349.88671875,61.0546875
2612.8081171512604,2612.8081171512604,NoButton,Move,345.55859375,60.5703125
2612.8148748874664,2612.8148748874664,NoButton,Move,344.19140625,60.5703125
2612.82310295105,2612.82310295105,NoButton,Move,339.10546875,59.55078125
2612.831186056137,2612.831186056137,NoButton,Move,338.1640625,59.55078125
2612.839637041092,2612.839637041092,NoButton,Move,335.78125,59.15234375
2612.847907066345,2612.847907066345,NoButton,Move,333.93359375,59.15234375
2612.8561239242554,2612.8561239242554,NoButton,Move,332.56640625,58.80859375
2612.8646500110626,2612.8646500110626,NoButton,Move,331.625,58.80859375
2612.8729848861694,2612.8729848861694,NoButton,Move,330.68359375,58.4921875
2612.880681037903,2612.880681037903,NoButton,Move,330.109375,58.203125
2612.8888001441956,2612.8888001441956,NoButton,Move,329.53515625,57.62890625
2612.896823167801,2612.896823167801,NoButton,Move,329.2734375,57.3671875
2612.90513586998,2612.90513586998,NoButton,Move,328.69921875,56.79296875
2612.913384914398,2612.913384914398,NoButton,Move,328.41015625,56.21875
2612.9218068122864,2612.9218068122864,NoButton,Move,328.09375,55.27734375
2612.9299330711365,2612.9299330711365,NoButton,Move,327.46484375,54.3359375
2612.9389820098877,2612.9389820098877,NoButton,Move,327.1484375,53.39453125
2612.9463460445404,2612.9463460445404,NoButton,Move,326.46484375,52.02734375
2612.9562480449677,2612.9562480449677,NoButton,Move,325.8359375,51.0859375
2612.962392807007,2612.962392807007,NoButton,Move,325.15234375,49.71875
2612.9732480049133,2612.9732480049133,NoButton,Move,324.80859375,48.3515625
2612.978950023651,2612.978950023651,NoButton,Move,324.46484375,46.984375
2612.989851951599,2612.989851951599,NoButton,Move,323.72265625,45.13671875
2612.9952731132507,2612.9952731132507,NoButton,Move,323.72265625,43.76953125
2613.0059740543365,2613.0059740543365,NoButton,Move,323.37890625,42.40234375
2613.0114278793335,2613.0114278793335,NoButton,Move,323.0625,41.4609375
2613.025783061981,2613.025783061981,NoButton,Move,323.0625,40.09375
2613.028267145157,2613.028267145157,NoButton,Move,322.74609375,39.15234375
2613.0381379127502,2613.0381379127502,NoButton,Move,322.4296875,38.2109375
2613.044270992279,2613.044270992279,NoButton,Move,322.140625,37.63671875
2613.0549659729004,2613.0549659729004,NoButton,Move,321.8515625,37.0625
2613.06068110466,2613.06068110466,NoButton,Move,321.5625,36.48828125
2613.0905969142914,2613.0905969142914,Left,Pressed,321.5625,36.48828125
2613.105306863785,2613.105306863785,NoButton,Move,321.29296875,36.3515625
2613.2396988868713,2613.2396988868713,Left,Released,321.29296875,36.3515625
2613.5687820911407,2613.5687820911407,NoButton,Move,321.29296875,36.8125
2613.577029943466,2613.577029943466,NoButton,Move,321.6875,39.19140625
2613.5847821235657,2613.5847821235657,NoButton,Move,325.63671875,44.83203125
2613.5962340831757,2613.5962340831757,NoButton,Move,330.96484375,50.75390625
2613.604954957962,2613.604954957962,NoButton,Move,338.40234375,58.87109375
2613.609482049942,2613.609482049942,NoButton,Move,353.73046875,74.19921875
2613.61776304245,2613.61776304245,NoButton,Move,368.09765625,86.875
2613.625617980957,2613.625617980957,NoButton,Move,387.26171875,103.1640625
2613.6348519325256,2613.6348519325256,NoButton,Move,408.57421875,122.4453125
2613.642228126526,2613.642228126526,NoButton,Move,455.23828125,160.625
2613.6501240730286,2613.6501240730286,NoButton,Move,488.01171875,188.54296875
2613.658121109009,2613.658121109009,NoButton,Move,524.8671875,219.046875
2613.666496038437,2613.666496038437,NoButton,Move,562.5546875,252.83203125
2613.6747369766235,2613.6747369766235,NoButton,Move,581.71875,269.12109375
2613.6829829216003,2613.6829829216003,NoButton,Move,647.49609375,333.2109375
2613.6911749839783,2613.6911749839783,NoButton,Move,684.8984375,376.15625
2667.1078040599823,2667.1078040599823,NoButton,Move,686.28125,380.07421875
2667.119248867035,2667.119248867035,NoButton,Move,691.01953125,386.58984375
2667.1233990192413,2667.1233990192413,NoButton,Move,697.5,394.3671875
2667.13174700737,2667.13174700737,NoButton,Move,705.25,404.23046875
2667.139571905136,2667.139571905136,NoButton,Move,713.0,414.09375
2667.1478400230408,2667.1478400230408,NoButton,Move,721.7890625,424.34765625
2667.156195163727,2667.156195163727,NoButton,Move,732.04296875,436.96875
2667.1642911434174,2667.1642911434174,NoButton,Move,742.296875,449.58984375
2667.1725509166718,2667.1725509166718,NoButton,Move,762.1171875,473.5859375
2667.1806740760803,2667.1806740760803,NoButton,Move,784.6875,501.796875
2667.1891651153564,2667.1891651153564,NoButton,Move,806.6875,528.1953125
2667.5902321338654,2667.5902321338654,NoButton,Move,806.6875,527.73046875
2667.5981929302216,2667.5981929302216,NoButton,Move,806.6875,526.36328125
2667.606379032135,2667.606379032135,NoButton,Move,806.6875,525.421875
2667.6147100925446,2667.6147100925446,NoButton,Move,806.3984375,524.84765625
2670.3344440460205,2670.3344440460205,NoButton,Move,806.3984375,523.921875
2670.342712163925,2670.342712163925,NoButton,Move,806.3984375,520.296875
2670.350280046463,2670.350280046463,NoButton,Move,806.3984375,514.39453125
2670.3584032058716,2670.3584032058716,NoButton,Move,804.02734375,506.69140625
2670.366413116455,2670.366413116455,NoButton,Move,800.13671875,497.61328125
2670.3747069835663,2670.3747069835663,NoButton,Move,789.59375,474.61328125
2670.383108854294,2670.383108854294,NoButton,Move,774.58984375,445.67578125
2670.3912961483,2670.3912961483,NoButton,Move,733.26953125,378.92578125
2670.3995230197906,2670.3995230197906,NoButton,Move,696.5234375,324.54296875
2670.4076948165894,2670.4076948165894,NoButton,Move,651.0703125,263.4140625
2670.4172308444977,2670.4172308444977,NoButton,Move,598.89453125,198.19140625
2670.4241139888763,2670.4241139888763,NoButton,Move,572.28125,170.421875
2670.4326469898224,2670.4326469898224,NoButton,Move,515.85546875,120.265625
2670.4403619766235,2670.4403619766235,NoButton,Move,464.4140625,79.109375
2670.448410987854,2670.448410987854,NoButton,Move,413.50390625,47.99609375
2670.456685066223,2670.456685066223,NoButton,Move,394.28515625,40.1328125
2670.465008020401,2670.465008020401,NoButton,Move,356.34765625,24.71875
2670.472995042801,2670.472995042801,NoButton,Move,343.15625,21.78515625
2670.481166124344,2670.481166124344,NoButton,Move,318.23828125,16.9921875
2670.4894320964813,2670.4894320964813,NoButton,Move,311.46484375,16.9921875
2670.4978079795837,2670.4978079795837,NoButton,Move,298.2734375,16.9921875
2670.506091117859,2670.506091117859,NoButton,Move,289.5859375,16.9921875
2670.5140800476074,2670.5140800476074,NoButton,Move,285.2578125,16.9921875
2670.522469997406,2670.522469997406,NoButton,Move,283.26953125,18.578125
2670.69474196434,2670.69474196434,NoButton,Move,284.21484375,17.62890625
2670.7027900218964,2670.7027900218964,NoButton,Move,286.19921875,16.0390625
2670.710921049118,2670.710921049118,NoButton,Move,288.74609375,14.3359375
2670.7188839912415,2670.7188839912415,NoButton,Move,291.9140625,12.5234375
2670.7270560264587,2670.7270560264587,NoButton,Move,298.68359375,10.265625
2670.7355349063873,2670.7355349063873,NoButton,Move,301.65625,9.83984375
2670.7435541152954,2670.7435541152954,NoButton,Move,308.42578125,9.2734375
2670.751538038254,2670.751538038254,NoButton,Move,318.1484375,8.625
2670.7598350048065,2670.7598350048065,NoButton,Move,326.83203125,8.625
2670.7680819034576,2670.7680819034576,NoButton,Move,334.53125,8.625
2670.775899887085,2670.775899887085,NoButton,Move,343.21484375,8.625
2670.784707069397,2670.784707069397,NoButton,Move,347.5390625,10.06640625
2670.793468952179,2670.793468952179,NoButton,Move,354.30859375,12.3203125
2670.8018069267273,2670.8018069267273,NoButton,Move,361.078125,14.57421875
2670.8089859485626,2670.8089859485626,NoButton,Move,366.44140625,17.25390625
2670.816904067993,2670.816904067993,NoButton,Move,368.8203125,18.44140625
2670.8255228996277,2670.8255228996277,NoButton,Move,372.44140625,20.25
2670.8383820056915,2670.8383820056915,NoButton,Move,375.609375,22.05859375
2670.841723918915,2670.841723918915,NoButton,Move,377.453125,23.1640625
2670.8500759601593,2670.8500759601593,NoButton,Move,378.4765625,24.1875
2670.8583669662476,2670.8583669662476,NoButton,Move,379.4140625,24.8125
2670.866263151169,2670.866263151169,NoButton,Move,379.984375,25.3828125
2670.874811887741,2670.874811887741,NoButton,Move,380.2421875,25.640625
2670.8823120594025,2670.8823120594025,NoButton,Move,380.5,25.8984375
2670.8907101154327,2670.8907101154327,NoButton,Move,380.5,26.15625
2670.9070270061493,2670.9070270061493,NoButton,Move,380.5,26.3984375
2670.931699991226,2670.931699991226,NoButton,Move,380.2578125,26.3984375
2670.940083026886,2670.940083026886,NoButton,Move,379.68359375,26.3984375
2670.948140144348,2670.948140144348,NoButton,Move,379.109375,26.68359375
2670.9564249515533,2670.9564249515533,NoButton,Move,378.53515625,26.68359375
2670.964574098587,2670.964574098587,NoButton,Move,377.9609375,26.68359375
2670.9731409549713,2670.9731409549713,NoButton,Move,377.38671875,26.68359375
2670.981101036072,2670.981101036072,NoButton,Move,376.8125,26.68359375
2670.9896569252014,2670.9896569252014,NoButton,Move,376.55078125,26.68359375
2670.9971709251404,2670.9971709251404,NoButton,Move,376.2890625,26.68359375
2671.005632162094,2671.005632162094,NoButton,Move,376.02734375,26.68359375
2671.013680934906,2671.013680934906,NoButton,Move,376.02734375,26.94140625
2671.0392730236053,2671.0392730236053,Left,Pressed,376.02734375,26.94140625
2671.056221961975,2671.056221961975,NoButton,Move,375.90234375,26.94140625
2671.1224257946014,2671.1224257946014,Left,Released,375.90234375,26.94140625
2671.7434499263763,2671.7434499263763,NoButton,Move,375.90234375,28.09765625
2671.7518520355225,2671.7518520355225,NoButton,Move,376.86328125,32.421875
2671.7597460746765,2671.7597460746765,NoButton,Move,380.2421875,43.2421875
2671.768028974533,2671.768028974533,NoButton,Move,384.8046875,57.6953125
2671.7759280204773,2671.7759280204773,NoButton,Move,397.21484375,92.67578125
2671.7837829589844,2671.7837829589844,NoButton,Move,409.94140625,129.6953125
2671.792443037033,2671.792443037033,NoButton,Move,427.20703125,178.8359375
2671.800999879837,2671.800999879837,NoButton,Move,467.51171875,273.46484375
2671.8082139492035,2671.8082139492035,NoButton,Move,502.9375,347.53515625
2671.8161358833313,2671.8161358833313,NoButton,Move,521.90234375,383.09765625
2671.824371099472,2671.824371099472,NoButton,Move,561.6328125,451.43359375
2671.8332920074463,2671.8332920074463,NoButton,Move,600.2421875,513.2109375
2671.840823173523,2671.840823173523,NoButton,Move,639.12890625,568.55078125
2676.001377105713,2676.001377105713,NoButton,Move,639.12890625,567.39453125
2676.009349822998,2676.009349822998,NoButton,Move,639.12890625,562.30859375
2676.017847061157,2676.017847061157,NoButton,Move,639.12890625,555.53515625
2676.0262899398804,2676.0262899398804,NoButton,Move,639.12890625,541.078125
2676.0339069366455,2676.0339069366455,NoButton,Move,639.12890625,506.97265625
2676.0420110225677,2676.0420110225677,NoButton,Move,639.12890625,472.8671875
2676.050059080124,2676.050059080124,NoButton,Move,639.12890625,430.37890625
2676.0582118034363,2676.0582118034363,NoButton,Move,639.12890625,378.578125
2676.0662899017334,2676.0662899017334,NoButton,Move,639.12890625,324.3046875
2676.074427843094,2676.074427843094,NoButton,Move,639.12890625,270.03125
2676.082734107971,2676.082734107971,NoButton,Move,639.12890625,246.77734375
2676.0914690494537,2676.0914690494537,NoButton,Move,639.12890625,228.1796875
2676.099391937256,2676.099391937256,NoButton,Move,639.12890625,192.06640625
2676.107386827469,2676.107386827469,NoButton,Move,639.12890625,181.2421875
2676.115424156189,2676.115424156189,NoButton,Move,639.12890625,173.5390625
2676.123833179474,2676.123833179474,NoButton,Move,639.12890625,157.7578125
2676.1320140361786,2676.1320140361786,NoButton,Move,639.12890625,146.93359375
2676.1399240493774,2676.1399240493774,NoButton,Move,639.12890625,140.16015625
2676.148241996765,2676.148241996765,NoButton,Move,639.12890625,135.07421875
2676.1563777923584,2676.1563777923584,NoButton,Move,639.12890625,132.09765625
2676.164602994919,2676.164602994919,NoButton,Move,639.12890625,130.25
2676.1728389263153,2676.1728389263153,NoButton,Move,639.5234375,127.8671875
2676.181091785431,2676.181091785431,NoButton,Move,640.31640625,125.484375
2676.1904850006104,2676.1904850006104,NoButton,Move,640.68359375,123.640625
2676.197592020035,2676.197592020035,NoButton,Move,641.4765625,121.2578125
2676.2058279514313,2676.2058279514313,NoButton,Move,642.26953125,118.875
2676.2144889831543,2676.2144889831543,NoButton,Move,643.54296875,115.8984375
2676.2225909233093,2676.2225909233093,NoButton,Move,644.4453125,112.2734375
2676.2305290699005,2676.2305290699005,NoButton,Move,645.29296875,109.296875
2676.2388610839844,2676.2388610839844,NoButton,Move,646.1953125,105.671875
2676.2469058036804,2676.2469058036804,NoButton,Move,646.5625,103.82421875
2676.255180120468,2676.255180120468,NoButton,Move,646.95703125,101.44140625
2676.263359069824,2676.263359069824,NoButton,Move,647.37890625,98.46484375
2676.271337032318,2676.271337032318,NoButton,Move,647.7734375,96.08203125
2676.2795810699463,2676.2795810699463,NoButton,Move,648.140625,94.234375
2676.287840127945,2676.287840127945,NoButton,Move,648.140625,91.8515625
2676.295788049698,2676.295788049698,NoButton,Move,648.140625,90.484375
2676.304193019867,2676.304193019867,NoButton,Move,648.140625,88.63671875
2676.3121860027313,2676.3121860027313,NoButton,Move,648.140625,87.26953125
2676.3211419582367,2676.3211419582367,NoButton,Move,648.140625,86.328125
2676.3286480903625,2676.3286480903625,NoButton,Move,647.82421875,85.38671875
2676.338672876358,2676.338672876358,NoButton,Move,646.8828125,84.7578125
2676.3447771072388,2676.3447771072388,NoButton,Move,645.40234375,83.6484375
2676.3557000160217,2676.3557000160217,NoButton,Move,643.5546875,82.90625
2676.3612518310547,2676.3612518310547,NoButton,Move,641.171875,82.5078125
2676.3732380867004,2676.3732380867004,NoButton,Move,638.1953125,82.08203125
2676.3777549266815,2676.3777549266815,NoButton,Move,634.5703125,82.08203125
2676.389652967453,2676.389652967453,NoButton,Move,626.8671875,82.08203125
2676.3943729400635,2676.3943729400635,NoButton,Move,620.09375,82.08203125
2676.4062180519104,2676.4062180519104,NoButton,Move,611.40625,82.08203125
2676.4104890823364,2676.4104890823364,NoButton,Move,601.6796875,82.08203125
2676.4219269752502,2676.4219269752502,NoButton,Move,589.69921875,82.08203125
2676.4267950057983,2676.4267950057983,NoButton,Move,575.2421875,81.3203125
2676.434944152832,2676.434944152832,NoButton,Move,559.4609375,80.53125
2676.4434671401978,2676.4434671401978,NoButton,Move,545.05078125,79.76953125
2676.4558210372925,2676.4558210372925,NoButton,Move,529.26953125,77.40234375
2676.4598438739777,2676.4598438739777,NoButton,Move,513.48828125,75.03515625
2676.4684360027313,2676.4684360027313,NoButton,Move,500.296875,72.8359375
2676.4762618541718,2676.4762618541718,NoButton,Move,494.39453125,71.2265625
2676.485011100769,2676.485011100769,NoButton,Move,482.4140625,68.40625
2676.492597103119,2676.492597103119,NoButton,Move,472.6875,65.8125
2676.501387119293,2676.501387119293,NoButton,Move,464.0,63.328125
2676.509230852127,2676.509230852127,NoButton,Move,456.296875,60.95703125
2676.5169291496277,2676.5169291496277,NoButton,Move,451.2109375,58.921875
2676.525088071823,2676.525088071823,NoButton,Move,445.84375,56.23828125
2676.5332770347595,2676.5332770347595,NoButton,Move,444.36328125,55.12890625
2676.541347026825,2676.541347026825,NoButton,Move,441.19140625,52.86328125
2676.5498700141907,2676.5498700141907,NoButton,Move,437.125,49.3046875
2676.5580999851227,2676.5580999851227,NoButton,Move,435.93359375,46.921875
2676.566344022751,2676.566344022751,NoButton,Move,435.13671875,44.5390625
2676.5744321346283,2676.5744321346283,NoButton,Move,435.13671875,41.5625
2676.5827519893646,2676.5827519893646,NoButton,Move,435.13671875,37.9375
2676.5909090042114,2676.5909090042114,NoButton,Move,435.13671875,34.9609375
2676.5988399982452,2676.5988399982452,NoButton,Move,435.13671875,33.59375
2676.607033967972,2676.607033967972,NoButton,Move,435.53125,31.2109375
2676.615075111389,2676.615075111389,NoButton,Move,436.26953125,29.36328125
2676.6235349178314,2676.6235349178314,NoButton,Move,437.375,27.515625
2676.631642818451,2676.631642818451,NoButton,Move,438.0546875,26.1484375
2676.639892101288,2676.639892101288,NoButton,Move,439.078125,25.12109375
2676.6481759548187,2676.6481759548187,NoButton,Move,439.6484375,24.546875
2676.656198978424,2676.656198978424,NoButton,Move,440.671875,23.51953125
2676.6645300388336,2676.6645300388336,NoButton,Move,441.609375,23.203125
2676.6726977825165,2676.6726977825165,NoButton,Move,442.97265625,22.859375
2676.6807210445404,2676.6807210445404,NoButton,Move,445.3515625,22.0625
2676.688985824585,2676.688985824585,NoButton,Move,447.1953125,21.69140625
2676.697093963623,2676.697093963623,NoButton,Move,450.16796875,21.265625
2676.7059988975525,2676.7059988975525,NoButton,Move,453.7890625,20.8125
2676.713515996933,2676.713515996933,NoButton,Move,456.76171875,20.8125
2676.7225449085236,2676.7225449085236,NoButton,Move,458.60546875,20.8125
2676.7298681735992,2676.7298681735992,NoButton,Move,461.578125,20.8125
2676.7385420799255,2676.7385420799255,NoButton,Move,463.95703125,20.8125
2676.7466990947723,2676.7466990947723,NoButton,Move,465.80078125,20.8125
2676.7555651664734,2676.7555651664734,NoButton,Move,467.64453125,20.8125
2676.7625091075897,2676.7625091075897,NoButton,Move,468.58203125,20.8125
2676.7888610363007,2676.7888610363007,Left,Pressed,468.58203125,20.8125
2676.807271003723,2676.807271003723,NoButton,Move,468.84765625,20.8125
2676.8887569904327,2676.8887569904327,Left,Released,468.84765625,20.8125
2678.122920036316,2678.122920036316,NoButton,Move,469.078125,20.8125
2678.1300859451294,2678.1300859451294,NoButton,Move,469.3359375,20.8125
2678.1382570266724,2678.1382570266724,NoButton,Move,469.90625,20.8125
2678.1465101242065,2678.1465101242065,NoButton,Move,470.4765625,20.8125
2678.154904127121,2678.154904127121,NoButton,Move,471.046875,21.09765625
2678.163061141968,2678.163061141968,NoButton,Move,471.6171875,21.09765625
2678.1711299419403,2678.1711299419403,NoButton,Move,472.98046875,21.09765625
2678.1792509555817,2678.1792509555817,NoButton,Move,474.34375,21.09765625
2678.190372943878,2678.190372943878,NoButton,Move,475.69921875,21.09765625
2678.196086168289,2678.196086168289,NoButton,Move,478.078125,21.09765625
2678.204220056534,2678.204220056534,NoButton,Move,480.45703125,21.09765625
2678.212408065796,2678.212408065796,NoButton,Move,481.8203125,21.09765625
2678.220829963684,2678.220829963684,NoButton,Move,485.44140625,21.09765625
2678.228733062744,2678.228733062744,NoButton,Move,487.28515625,21.09765625
2678.2368841171265,2678.2368841171265,NoButton,Move,489.6640625,21.09765625
2678.24515581131,2678.24515581131,NoButton,Move,492.04296875,21.09765625
2678.2533090114594,2678.2533090114594,NoButton,Move,493.88671875,21.09765625
2678.261379957199,2678.261379957199,NoButton,Move,496.265625,21.09765625
2678.2693650722504,2678.2693650722504,NoButton,Move,498.109375,21.09765625
2678.2779557704926,2678.2779557704926,NoButton,Move,499.953125,21.09765625
2678.2902410030365,2678.2902410030365,NoButton,Move,501.796875,21.09765625
2678.29421710968,2678.29421710968,NoButton,Move,503.640625,21.46484375
2678.302762031555,2678.302762031555,NoButton,Move,505.00390625,21.46484375
2678.311740875244,2678.311740875244,NoButton,Move,506.3671875,21.46484375
2678.3200578689575,2678.3200578689575,NoButton,Move,507.73046875,21.46484375
2678.326903104782,2678.326903104782,NoButton,Move,509.09375,21.46484375
2678.335152864456,2678.335152864456,NoButton,Move,510.45703125,21.8046875
2678.343272924423,2678.343272924423,NoButton,Move,511.8203125,21.8046875
2678.351620912552,2678.351620912552,NoButton,Move,512.7578125,22.1171875
2678.3598370552063,2678.3598370552063,NoButton,Move,513.6953125,22.4296875
2678.3680782318115,2678.3680782318115,NoButton,Move,514.265625,22.4296875
2678.376365184784,2678.376365184784,NoButton,Move,514.8359375,22.71484375
2678.384178876877,2678.384178876877,NoButton,Move,515.09375,22.71484375
2678.392983198166,2678.392983198166,NoButton,Move,515.3515625,22.71484375
2678.400579214096,2678.400579214096,NoButton,Move,515.609375,22.97265625
2678.4088039398193,2678.4088039398193,NoButton,Move,515.8671875,22.97265625
2678.4252400398254,2678.4252400398254,NoButton,Move,516.109375,22.97265625
2678.441568136215,2678.441568136215,NoButton,Move,516.109375,23.21484375
2678.5161049365997,2678.5161049365997,NoButton,Move,516.109375,23.4453125
2678.549215078354,2678.549215078354,NoButton,Move,516.109375,23.6796875
2678.556611776352,2678.556611776352,NoButton,Move,515.53515625,23.6796875
2678.5649049282074,2678.5649049282074,NoButton,Move,514.9609375,23.6796875
2678.573112010956,2678.573112010956,NoButton,Move,514.38671875,23.96484375
2678.580960035324,2678.580960035324,NoButton,Move,513.8125,23.96484375
2678.588874101639,2678.588874101639,NoButton,Move,512.87109375,24.27734375
2678.5967829227448,2678.5967829227448,NoButton,Move,512.296875,24.27734375
2678.6050140857697,2678.6050140857697,NoButton,Move,511.35546875,24.58984375
2678.6131780147552,2678.6131780147552,NoButton,Move,510.78125,24.58984375
2678.6214821338654,2678.6214821338654,NoButton,Move,510.20703125,24.58984375
2678.629450082779,2678.629450082779,NoButton,Move,509.6328125,24.58984375
2678.6379959583282,2678.6379959583282,NoButton,Move,509.37109375,24.58984375
2678.646183013916,2678.646183013916,NoButton,Move,509.109375,24.58984375
2678.6544268131256,2678.6544268131256,NoButton,Move,508.84765625,24.58984375
2678.671138048172,2678.671138048172,NoButton,Move,508.6015625,24.58984375
2678.7044291496277,2678.7044291496277,NoButton,Move,508.36328125,24.58984375
2678.7283232212067,2678.7283232212067,NoButton,Move,508.12109375,24.58984375
2678.772444009781,2678.772444009781,Left,Pressed,508.12109375,24.58984375
2678.872383117676,2678.872383117676,Left,Released,508.12109375,24.58984375
2679.2035059928894,2679.2035059928894,NoButton,Move,509.28515625,25.28515625
2679.210806131363,2679.210806131363,NoButton,Move,511.26953125,26.87109375
2679.2203290462494,2679.2203290462494,NoButton,Move,514.4375,28.6796875
2679.2274429798126,2679.2274429798126,NoButton,Move,517.60546875,30.48828125
2679.2371430397034,2679.2371430397034,NoButton,Move,521.2265625,32.296875
2679.2436249256134,2679.2436249256134,NoButton,Move,524.84765625,33.65234375
2679.2541048526764,2679.2541048526764,NoButton,Move,529.171875,35.09375
2679.262883901596,2679.262883901596,NoButton,Move,534.25390625,35.6015625
2679.272416114807,2679.272416114807,NoButton,Move,539.3359375,36.6171875
2679.2798290252686,2679.2798290252686,NoButton,Move,544.41796875,37.125
2679.2854640483856,2679.2854640483856,NoButton,Move,550.31640625,37.66015625
2679.2928369045258,2679.2928369045258,NoButton,Move,555.3984375,37.66015625
2679.301091194153,2679.301091194153,NoButton,Move,561.296875,37.66015625
2679.3088450431824,2679.3088450431824,NoButton,Move,566.37890625,37.66015625
2679.3171660900116,2679.3171660900116,NoButton,Move,571.4609375,37.66015625
2679.325222015381,2679.325222015381,NoButton,Move,576.54296875,37.66015625
2679.333390235901,2679.333390235901,NoButton,Move,580.8671875,37.66015625
2679.341502904892,2679.341502904892,NoButton,Move,585.19140625,37.17578125
2679.3511669635773,2679.3511669635773,NoButton,Move,587.5703125,36.77734375
2679.358179092407,2679.358179092407,NoButton,Move,591.19140625,36.77734375
2679.3680350780487,2679.3680350780487,NoButton,Move,596.2734375,36.265625
2679.374284029007,2679.374284029007,NoButton,Move,599.24609375,35.83984375
2679.38258600235,2679.38258600235,NoButton,Move,601.08984375,35.83984375
2679.391280889511,2679.391280889511,NoButton,Move,603.46875,35.83984375
2679.3991219997406,2679.3991219997406,NoButton,Move,605.84765625,35.83984375
2679.4071829319,2679.4071829319,NoButton,Move,608.2265625,35.83984375
2679.4171290397644,2679.4171290397644,NoButton,Move,610.0703125,35.83984375
2679.4237780570984,2679.4237780570984,NoButton,Move,611.43359375,35.49609375
2679.4320950508118,2679.4320950508118,NoButton,Move,612.00390625,35.49609375
2679.4404180049896,2679.4404180049896,NoButton,Move,612.94140625,35.49609375
2679.448436021805,2679.448436021805,NoButton,Move,613.19921875,35.49609375
2679.4565930366516,2679.4565930366516,NoButton,Move,613.45703125,35.234375
2679.464847803116,2679.464847803116,NoButton,Move,613.45703125,34.66015625
2679.4732069969177,2679.4732069969177,NoButton,Move,613.45703125,34.0859375
2679.4812738895416,2679.4812738895416,NoButton,Move,612.08984375,33.40234375
2679.489672899246,2679.489672899246,NoButton,Move,610.2421875,32.29296875
2679.4978199005127,2679.4978199005127,NoButton,Move,607.859375,31.49609375
2679.5060019493103,2679.5060019493103,NoButton,Move,605.4765625,31.09765625
2679.5144550800323,2679.5144550800323,NoButton,Move,601.85546875,30.19140625
2679.5230112075806,2679.5230112075806,NoButton,Move,598.23046875,29.73828125
2679.5309698581696,2679.5309698581696,NoButton,Move,593.91015625,29.2578125
2679.542009115219,2679.542009115219,NoButton,Move,589.58203125,29.2578125
2679.5469720363617,2679.5469720363617,NoButton,Move,584.49609375,29.2578125
2679.55615401268,2679.55615401268,NoButton,Move,579.41015625,29.2578125
2679.5632090568542,2679.5632090568542,NoButton,Move,574.32421875,29.2578125
2679.5730381011963,2679.5730381011963,NoButton,Move,571.94140625,29.2578125
2679.579605102539,2679.579605102539,NoButton,Move,568.31640625,29.2578125
2679.589923143387,2679.589923143387,NoButton,Move,564.69140625,29.2578125
2679.59601688385,2679.59601688385,NoButton,Move,561.71484375,29.2578125
2679.6043038368225,2679.6043038368225,NoButton,Move,559.33203125,29.2578125
2679.612333059311,2679.612333059311,NoButton,Move,557.484375,29.2578125
2679.621691942215,2679.621691942215,NoButton,Move,556.54296875,29.2578125
2679.6287219524384,2679.6287219524384,NoButton,Move,555.6015625,29.2578125
2679.639757156372,2679.639757156372,NoButton,Move,555.02734375,29.2578125
2679.6452000141144,2679.6452000141144,NoButton,Move,554.765625,29.2578125
2679.6569600105286,2679.6569600105286,NoButton,Move,554.50390625,29.2578125
2679.6735491752625,2679.6735491752625,Left,Pressed,554.50390625,29.2578125
2679.776009082794,2679.776009082794,Left,Released,554.50390625,29.2578125
2680.2193310260773,2680.2193310260773,NoButton,Move,554.50390625,30.18359375
2680.2266640663147,2680.2266640663147,NoButton,Move,554.50390625,32.5625
2680.235575199127,2680.235575199127,NoButton,Move,555.09375,40.26171875
2680.2430391311646,2680.2430391311646,NoButton,Move,556.609375,54.671875
2680.252104997635,2680.252104997635,NoButton,Move,558.18359375,70.44921875
2680.259541988373,2680.259541988373,NoButton,Move,560.49609375,108.62890625
2680.267958164215,2680.267958164215,NoButton,Move,562.86328125,148.93359375
2680.275516986847,2680.275516986847,NoButton,Move,567.921875,240.0078125
2680.28390789032,2680.28390789032,NoButton,Move,574.359375,320.51953125
2680.292552947998,2680.292552947998,NoButton,Move,586.1640625,411.59375
2680.3258109092712,2680.3258109092712,NoButton,Move,601.79296875,510.58984375
2680.326421022415,2680.326421022415,NoButton,Move,624.57421875,610.4765625
2680.3264639377594,2680.3264639377594,NoButton,Move,638.5546875,656.23046875
2680.326500892639,2680.326500892639,NoButton,Move,664.9453125,738.70703125
2680.3399288654327,2680.3399288654327,NoButton,Move,676.73046875,768.7109375
2680.3494658470154,2680.3494658470154,NoButton,Move,684.84375,789.44921875
2680.349526166916,2680.349526166916,NoButton,Move,701.36328125,833.93359375
2680.3585591316223,2680.3585591316223,NoButton,Move,706.29296875,845.203125
2680.3657999038696,2680.3657999038696,NoButton,Move,713.95703125,869.16015625
2680.3744010925293,2680.3744010925293,NoButton,Move,718.6875,884.9375
2680.387094974518,2680.387094974518,NoButton,Move,721.0546875,892.63671875
2680.562147140503,2680.562147140503,NoButton,Move,721.0546875,891.44921875
2680.5703370571136,2680.5703370571136,NoButton,Move,721.0546875,884.67578125
2680.5783970355988,2680.5783970355988,NoButton,Move,721.0546875,874.94921875
2680.5867290496826,2680.5867290496826,NoButton,Move,721.0546875,861.7578125
2680.595022201538,2680.595022201538,NoButton,Move,719.80859375,817.02734375
2680.604421854019,2680.604421854019,NoButton,Move,717.3203125,772.296875
2680.6113538742065,2680.6113538742065,NoButton,Move,715.59765625,675.9375
2680.621101140976,2680.621101140976,NoButton,Move,715.59765625,595.421875
2680.6278779506683,2680.6278779506683,NoButton,Move,715.59765625,501.703125
2680.6378650665283,2680.6378650665283,NoButton,Move,715.59765625,410.625
2680.644306898117,2680.644306898117,NoButton,Move,719.23828125,368.13671875
2680.6551229953766,2680.6551229953766,NoButton,Move,727.390625,284.98046875
2680.660742998123,2680.660742998123,NoButton,Move,730.51953125,254.72265625
2680.671693086624,2680.671693086624,NoButton,Move,737.73046875,192.6953125
2680.677036046982,2680.677036046982,NoButton,Move,740.265625,174.09765625
2680.687891960144,2680.687891960144,NoButton,Move,740.99609375,160.90625
2680.693550825119,2680.693550825119,NoButton,Move,743.0234375,132.484375
2680.701889038086,2680.701889038086,NoButton,Move,743.89453125,112.390625
2680.71000289917,2680.71000289917,NoButton,Move,743.89453125,108.765625
2680.7182500362396,2680.7182500362396,NoButton,Move,743.89453125,99.0390625
2680.726026058197,2680.726026058197,NoButton,Move,743.89453125,93.13671875
2680.734657049179,2680.734657049179,NoButton,Move,742.3671875,88.0546875
2680.742578983307,2680.742578983307,NoButton,Move,739.81640625,86.3515625
2680.751053094864,2680.751053094864,NoButton,Move,736.83984375,85.92578125
2680.7587468624115,2680.7587468624115,NoButton,Move,732.51171875,85.92578125
2680.767126083374,2680.767126083374,NoButton,Move,728.18359375,85.92578125
2680.7753200531006,2680.7753200531006,NoButton,Move,723.09765625,85.92578125
2680.7835099697113,2680.7835099697113,NoButton,Move,717.1953125,86.99609375
2680.7917709350586,2680.7917709350586,NoButton,Move,711.29296875,89.140625
2680.7999308109283,2680.7999308109283,NoButton,Move,705.08203125,91.9609375
2680.8083021640778,2680.8083021640778,NoButton,Move,698.3203125,94.2109375
2680.816517829895,2680.816517829895,NoButton,Move,693.234375,95.734375
2680.824733018875,2680.824733018875,NoButton,Move,690.8515625,96.52734375
2680.8328819274902,2680.8328819274902,NoButton,Move,686.5234375,97.96875
2680.8414158821106,2680.8414158821106,NoButton,Move,682.8984375,98.87109375
2680.8497240543365,2680.8497240543365,NoButton,Move,679.921875,99.71875
2680.857759952545,2680.857759952545,NoButton,Move,676.9453125,100.56640625
2680.866073846817,2680.866073846817,NoButton,Move,675.09765625,100.93359375
2680.8743481636047,2680.8743481636047,NoButton,Move,673.73046875,101.2734375
2680.882493019104,2680.882493019104,NoButton,Move,672.7890625,101.5859375
2680.890555858612,2680.890555858612,NoButton,Move,671.84765625,101.5859375
2680.8987851142883,2680.8987851142883,NoButton,Move,671.2734375,101.5859375
2680.906896829605,2680.906896829605,NoButton,Move,670.69921875,101.5859375
2680.9155859947205,2680.9155859947205,NoButton,Move,670.125,101.5859375
2680.9234590530396,2680.9234590530396,NoButton,Move,669.55078125,101.5859375
2680.9315490722656,2680.9315490722656,NoButton,Move,668.9765625,101.01171875
2680.941339969635,2680.941339969635,NoButton,Move,668.1796875,98.62890625
2680.9477519989014,2680.9477519989014,NoButton,Move,667.75390625,95.65234375
2680.955920934677,2680.955920934677,NoButton,Move,667.75390625,92.02734375
2680.964987039566,2680.964987039566,NoButton,Move,667.2421875,86.94140625
2680.9725580215454,2680.9725580215454,NoButton,Move,667.2421875,80.171875
2680.9812350273132,2680.9812350273132,NoButton,Move,667.2421875,69.34765625
2680.988986968994,2680.988986968994,NoButton,Move,667.2421875,65.01953125
2680.9999799728394,2680.9999799728394,NoButton,Move,666.6484375,57.31640625
2681.005028963089,2681.005028963089,NoButton,Move,666.08203125,50.54296875
2681.013242006302,2681.013242006302,NoButton,Move,665.0078125,44.640625
2681.0226790905,2681.0226790905,NoButton,Move,663.9921875,39.57421875
2681.0292060375214,2681.0292060375214,NoButton,Move,663.25,37.7265625
2681.0403349399567,2681.0403349399567,NoButton,Move,661.1015625,31.82421875
2681.0460171699524,2681.0460171699524,NoButton,Move,660.07421875,30.796875
2681.055014848709,2681.055014848709,NoButton,Move,658.796875,27.8203125
2681.0632688999176,2681.0632688999176,NoButton,Move,657.20703125,25.83203125
2681.072911977768,2681.072911977768,NoButton,Move,655.7265625,24.3515625
2681.078488111496,2681.078488111496,NoButton,Move,654.24609375,22.87109375
2681.093154191971,2681.093154191971,NoButton,Move,653.21875,21.84375
2681.0950989723206,2681.0950989723206,NoButton,Move,651.73828125,20.734375
2681.103854894638,2681.103854894638,NoButton,Move,650.37109375,20.05078125
2681.111232995987,2681.111232995987,NoButton,Move,649.00390625,19.3671875
2681.1222290992737,2681.1222290992737,NoButton,Move,647.63671875,18.68359375
2681.12743806839,2681.12743806839,NoButton,Move,646.6953125,18.0546875
2681.140107154846,2681.140107154846,NoButton,Move,645.75390625,17.73828125
2681.144023180008,2681.144023180008,NoButton,Move,644.8125,17.109375
2681.1551370620728,2681.1551370620728,NoButton,Move,644.23828125,16.8203125
2681.1602880954742,2681.1602880954742,NoButton,Move,643.6640625,16.53125
2681.172389984131,2681.172389984131,NoButton,Move,643.08984375,16.2421875
2681.1768629550934,2681.1768629550934,NoButton,Move,642.828125,15.98046875
2681.1852009296417,2681.1852009296417,NoButton,Move,642.25390625,15.98046875
2681.1933629512787,2681.1933629512787,NoButton,Move,642.25390625,15.71875
2681.2016298770905,2681.2016298770905,NoButton,Move,641.9921875,15.71875
2681.2103691101074,2681.2103691101074,NoButton,Move,641.73046875,15.45703125
2681.218684911728,2681.218684911728,NoButton,Move,641.46875,15.45703125
2681.2344250679016,2681.2344250679016,NoButton,Move,641.22265625,15.45703125
2681.2725019454956,2681.2725019454956,Left,Pressed,641.22265625,15.45703125
2681.438577890396,2681.438577890396,Left,Released,641.22265625,15.45703125
2681.93044090271,2681.93044090271,NoButton,Move,641.22265625,15.91796875
2681.9384260177612,2681.9384260177612,NoButton,Move,640.5390625,17.28125
2681.946578025818,2681.946578025818,NoButton,Move,639.91015625,18.21875
2681.954927921295,2681.954927921295,NoButton,Move,639.2265625,19.58203125
2681.963000059128,2681.963000059128,NoButton,Move,638.1171875,21.05859375
2681.9709780216217,2681.9709780216217,NoButton,Move,637.43359375,22.421875
2681.979193210602,2681.979193210602,NoButton,Move,636.8046875,23.359375
2681.987414121628,2681.987414121628,NoButton,Move,636.12109375,24.72265625
2681.9955620765686,2681.9955620765686,NoButton,Move,635.8046875,25.66015625
2682.0042700767517,2682.0042700767517,NoButton,Move,635.12109375,27.0234375
2682.0122339725494,2682.0122339725494,NoButton,Move,634.72265625,29.40234375
2682.0227999687195,2682.0227999687195,NoButton,Move,634.296875,32.375
2682.0281159877777,2682.0281159877777,NoButton,Move,633.7578125,38.2734375
2682.036684036255,2682.036684036255,NoButton,Move,633.7578125,46.95703125
2682.0445477962494,2682.0445477962494,NoButton,Move,633.7578125,64.11328125
2682.0558211803436,2682.0558211803436,NoButton,Move,633.7578125,82.70703125
2682.061115026474,2682.061115026474,NoButton,Move,633.7578125,107.62109375
2682.0727739334106,2682.0727739334106,NoButton,Move,635.84375,137.875
2682.077446937561,2682.077446937561,NoButton,Move,639.2265625,173.984375
2682.0885009765625,2682.0885009765625,NoButton,Move,643.8515625,212.1640625
2682.094258069992,2682.094258069992,NoButton,Move,649.4921875,248.2734375
2682.1021790504456,2682.1021790504456,NoButton,Move,654.84765625,280.421875
2682.1099348068237,2682.1099348068237,NoButton,Move,657.890625,294.875
2682.1207399368286,2682.1207399368286,NoButton,Move,662.6796875,319.7890625
2682.126232147217,2682.126232147217,NoButton,Move,665.16015625,328.47265625
2682.1347332000732,2682.1347332000732,NoButton,Move,669.23828125,345.60546875
2682.1429240703583,2682.1429240703583,NoButton,Move,673.6328125,358.79296875
2682.1511449813843,2682.1511449813843,NoButton,Move,676.11328125,367.4765625
2682.159497022629,2682.159497022629,NoButton,Move,676.9609375,370.44921875
2682.167177915573,2682.167177915573,NoButton,Move,677.921875,374.7734375
2682.4390840530396,2682.4390840530396,Left,Pressed,677.921875,374.7734375
2682.50528383255,2682.50528383255,Left,Released,677.921875,374.7734375
2683.887531042099,2683.887531042099,NoButton,Move,678.15234375,374.5390625
2683.8956711292267,2683.8956711292267,NoButton,Move,685.2578125,370.390625
2683.903907775879,2683.903907775879,NoButton,Move,693.68359375,365.203125
2683.9125361442566,2683.9125361442566,NoButton,Move,705.40234375,358.60546875
2683.9198880195618,2683.9198880195618,NoButton,Move,722.3046875,350.15234375
2683.9286699295044,2683.9286699295044,NoButton,Move,757.8671875,331.18359375
2683.9365220069885,2683.9365220069885,NoButton,Move,805.6796875,308.6015625
2683.944586992264,2683.944586992264,NoButton,Move,863.37890625,284.078125
2683.9527640342712,2683.9527640342712,NoButton,Move,927.6953125,260.14453125
2683.960741996765,2683.960741996765,NoButton,Move,997.1953125,238.51953125
2683.9686210155487,2683.9686210155487,NoButton,Move,1070.859375,221.27734375
2683.9769279956818,2683.9769279956818,NoButton,Move,1141.90234375,205.83203125
2683.9850561618805,2683.9850561618805,NoButton,Move,1206.5703125,197.01171875
2683.9933540821075,2683.9933540821075,NoButton,Move,1233.20703125,195.03515625
2684.0016808509827,2684.0016808509827,NoButton,Move,1282.58984375,191.1328125
2684.0098650455475,2684.0098650455475,NoButton,Move,1298.3671875,191.1328125
2684.0184378623962,2684.0184378623962,NoButton,Move,1330.515625,191.1328125
2684.305326938629,2684.305326938629,NoButton,Move,1330.7578125,193.8203125
2684.3054599761963,2684.3054599761963,NoButton,Move,1334.90234375,200.92578125
2684.3055608272552,2684.3055608272552,NoButton,Move,1340.484375,207.75
2684.305655002594,2684.305655002594,NoButton,Move,1346.6875,213.953125
2684.305797815323,2684.305797815323,NoButton,Move,1352.015625,219.875
2684.3058471679688,2684.3058471679688,NoButton,Move,1357.09375,224.953125
2684.3058938980103,2684.3058938980103,NoButton,Move,1361.60546875,230.03125
2684.305941104889,2684.305941104889,NoButton,Move,1370.76171875,238.484375
2684.3059871196747,2684.3059871196747,NoButton,Move,1374.3203125,242.55078125
2684.306035041809,2684.306035041809,NoButton,Move,1382.4375,249.98828125
2684.3060760498047,2684.3060760498047,NoButton,Move,1388.640625,256.8125
2684.3061158657074,2684.3061158657074,NoButton,Move,1393.96875,262.734375
2684.306149959564,2684.306149959564,NoButton,Move,1396.08984375,265.28125
2684.306184053421,2684.306184053421,NoButton,Move,1398.97265625,268.64453125
2684.313122034073,2684.313122034073,NoButton,Move,1401.85546875,272.0078125
2684.33709192276,2684.33709192276,NoButton,Move,1403.44140625,273.9921875
2684.3371970653534,2684.3371970653534,NoButton,Move,1404.546875,275.46875
2684.33726811409,2684.33726811409,NoButton,Move,1405.171875,276.40625
2684.3453209400177,2684.3453209400177,NoButton,Move,1405.45703125,276.9765625
2684.353651046753,2684.353651046753,NoButton,Move,1405.71484375,277.234375
2684.3649020195007,2684.3649020195007,NoButton,Move,1405.97265625,277.4921875
2684.371890068054,2684.371890068054,NoButton,Move,1405.97265625,277.75
2684.3780858516693,2684.3780858516693,NoButton,Move,1406.23046875,278.0078125
2684.4052670001984,2684.4052670001984,Left,Pressed,1406.23046875,278.0078125
2684.5887520313263,2684.5887520313263,Left,Released,1406.23046875,278.0078125
2684.705397129059,2684.705397129059,Left,Pressed,1406.23046875,278.0078125
2685.5389251708984,2685.5389251708984,NoButton,Move,1406.11328125,278.0078125
2685.555404186249,2685.555404186249,NoButton,Move,1405.890625,278.0078125
2685.571916103363,2685.571916103363,NoButton,Move,1405.26953125,278.25
2685.6022851467133,2685.6022851467133,NoButton,Move,1403.5,278.96875
2685.6063899993896,2685.6063899993896,NoButton,Move,1399.890625,280.59765625
2685.6220560073853,2685.6220560073853,NoButton,Move,1394.2734375,283.08203125
2685.641986131668,2685.641986131668,NoButton,Move,1384.60546875,286.703125
2685.6556968688965,2685.6556968688965,NoButton,Move,1369.09375,291.2109375
2685.6719801425934,2685.6719801425934,NoButton,Move,1348.45703125,295.1875
2685.688907146454,2685.688907146454,NoButton,Move,1321.65625,298.890625
2685.705141067505,2685.705141067505,NoButton,Move,1291.71484375,302.00390625
2685.7231299877167,2685.7231299877167,NoButton,Move,1262.3984375,304.32421875
2685.7386062145233,2685.7386062145233,NoButton,Move,1238.73046875,306.109375
2685.755385875702,2685.755385875702,NoButton,Move,1218.48828125,307.40234375
2685.776423931122,2685.776423931122,NoButton,Move,1198.58984375,308.3515625
2685.788496017456,2685.788496017456,NoButton,Move,1183.8984375,308.63671875
2685.809930086136,2685.809930086136,NoButton,Move,1174.33203125,308.63671875
2685.8221011161804,2685.8221011161804,NoButton,Move,1167.5703125,308.63671875
2685.8395760059357,2685.8395760059357,NoButton,Move,1162.296875,308.63671875
2685.8554701805115,2685.8554701805115,NoButton,Move,1158.3515625,308.63671875
2685.871801137924,2685.871801137924,NoButton,Move,1154.921875,308.63671875
2685.8885378837585,2685.8885378837585,NoButton,Move,1152.27734375,308.63671875
2685.9052419662476,2685.9052419662476,NoButton,Move,1150.37109375,308.63671875
2685.9219148159027,2685.9219148159027,NoButton,Move,1149.140625,308.63671875
2685.938824892044,2685.938824892044,NoButton,Move,1148.5234375,308.63671875
2687.289209842682,2687.289209842682,Left,Released,1148.5234375,308.63671875
2688.3595180511475,2688.3595180511475,NoButton,Move,1148.75390625,308.63671875
2688.367087841034,2688.367087841034,NoButton,Move,1149.32421875,308.34765625
2688.3758080005646,2688.3758080005646,NoButton,Move,1150.6875,307.6640625
2688.3835909366608,2688.3835909366608,NoButton,Move,1152.671875,306.07421875
2688.3919129371643,2688.3919129371643,NoButton,Move,1154.79296875,303.94921875
2688.4002981185913,2688.4002981185913,NoButton,Move,1159.87109375,299.43359375
2688.408451795578,2688.408451795578,NoButton,Move,1165.79296875,294.1015625
2688.416380882263,2688.416380882263,NoButton,Move,1172.921875,286.96875
2688.4245879650116,2688.4245879650116,NoButton,Move,1182.078125,278.51171875
2688.4328820705414,2688.4328820705414,NoButton,Move,1192.7265625,268.62109375
2688.441118955612,2688.441118955612,NoButton,Move,1214.0390625,249.3359375
2688.449381828308,2688.449381828308,NoButton,Move,1229.76171875,236.23046875
2688.4574530124664,2688.4574530124664,NoButton,Move,1238.5546875,229.46484375
2688.4658949375153,2688.4658949375153,NoButton,Move,1253.76953125,218.47265625
2688.4737610816956,2688.4737610816956,NoButton,Move,1270.36328125,207.11328125
2688.48211312294,2688.48211312294,NoButton,Move,1285.88671875,198.125
2688.4902431964874,2688.4902431964874,NoButton,Move,1301.41015625,189.953125
2688.498466014862,2688.498466014862,NoButton,Move,1313.86328125,184.08984375
2688.5063071250916,2688.5063071250916,NoButton,Move,1320.0703125,181.265625
2688.5148260593414,2688.5148260593414,NoButton,Move,1331.33984375,177.03515625
2688.522966146469,2688.522966146469,NoButton,Move,1342.609375,172.8046875
2688.531285047531,2688.531285047531,NoButton,Move,1351.29296875,170.3203125
2688.539300918579,2688.539300918579,NoButton,Move,1358.9921875,167.94921875
2688.547767162323,2688.547767162323,NoButton,Move,1361.96484375,167.5234375
2688.556172132492,2688.556172132492,NoButton,Move,1367.046875,166.50390625
2688.5644409656525,2688.5644409656525,NoButton,Move,1370.66796875,165.59765625
2688.572122812271,2688.572122812271,NoButton,Move,1373.640625,164.74609375
2688.5818219184875,2688.5818219184875,NoButton,Move,1376.01953125,164.74609375
2688.5893042087555,2688.5893042087555,NoButton,Move,1377.3828125,164.40234375
2688.596564054489,2688.596564054489,NoButton,Move,1378.3203125,164.0859375
2688.60453414917,2688.60453414917,NoButton,Move,1378.890625,164.0859375
2688.617821931839,2688.617821931839,NoButton,Move,1379.4609375,164.0859375
2688.6211211681366,2688.6211211681366,NoButton,Move,1379.71875,164.0859375
2688.6295828819275,2688.6295828819275,NoButton,Move,1379.9765625,164.0859375
2688.711366891861,2688.711366891861,NoButton,Move,1379.9765625,163.8515625
2688.719395160675,2688.719395160675,NoButton,Move,1379.03515625,163.22265625
2688.7273650169373,2688.7273650169373,NoButton,Move,1377.1875,162.11328125
2688.735544204712,2688.735544204712,NoButton,Move,1374.8046875,160.921875
2688.743623971939,2688.743623971939,NoButton,Move,1371.828125,159.64453125
2688.751566886902,2688.751566886902,NoButton,Move,1368.8515625,158.3671875
2688.759630203247,2688.759630203247,NoButton,Move,1365.875,157.08984375
2688.7679018974304,2688.7679018974304,NoButton,Move,1364.02734375,156.34765625
2688.775899887085,2688.775899887085,NoButton,Move,1361.05078125,155.0703125
2688.7841291427612,2688.7841291427612,NoButton,Move,1358.07421875,153.79296875
2688.7922220230103,2688.7922220230103,NoButton,Move,1355.69140625,152.99609375
2688.8010370731354,2688.8010370731354,NoButton,Move,1353.30859375,152.19921875
2688.808872938156,2688.808872938156,NoButton,Move,1350.92578125,151.40234375
2688.8172941207886,2688.8172941207886,NoButton,Move,1349.078125,150.66015625
2688.8318469524384,2688.8318469524384,NoButton,Move,1347.7109375,150.31640625
2688.83317899704,2688.83317899704,NoButton,Move,1345.86328125,149.9453125
2688.8414299488068,2688.8414299488068,NoButton,Move,1344.49609375,149.6015625
2688.8496770858765,2688.8496770858765,NoButton,Move,1343.12890625,149.2578125
2688.8578310012817,2688.8578310012817,NoButton,Move,1342.1875,149.2578125
2688.8659710884094,2688.8659710884094,NoButton,Move,1341.24609375,148.94140625
2688.874307155609,2688.874307155609,NoButton,Move,1340.671875,148.94140625
2688.8826649188995,2688.8826649188995,NoButton,Move,1339.73046875,148.94140625
2688.891159057617,2688.891159057617,NoButton,Move,1339.46875,148.94140625
2688.8991899490356,2688.8991899490356,NoButton,Move,1338.89453125,148.94140625
2688.9418790340424,2688.9418790340424,Left,Pressed,1338.89453125,148.94140625
2688.942083120346,2688.942083120346,NoButton,Move,1338.76953125,148.94140625
2689.038545846939,2689.038545846939,Left,Released,1338.76953125,148.94140625
2689.2594890594482,2689.2594890594482,NoButton,Move,1338.76953125,149.171875
2689.2683489322662,2689.2683489322662,NoButton,Move,1338.76953125,149.7421875
2689.2759811878204,2689.2759811878204,NoButton,Move,1338.42578125,151.10546875
2689.284553050995,2689.284553050995,NoButton,Move,1337.31640625,152.58203125
2689.2919380664825,2689.2919380664825,NoButton,Move,1335.328125,154.16796875
2689.3001520633698,2689.3001520633698,NoButton,Move,1333.48046875,155.2734375
2689.3083159923553,2689.3083159923553,NoButton,Move,1329.15234375,157.1953125
2689.3185851573944,2689.3185851573944,NoButton,Move,1314.16015625,162.71484375
2689.3481030464172,2689.3481030464172,NoButton,Move,1298.37890625,165.8671875
2689.348181962967,2689.348181962967,NoButton,Move,1275.125,170.515625
2689.348226070404,2689.348226070404,NoButton,Move,1223.32421875,177.15625
2689.34903717041,2689.34903717041,NoButton,Move,1178.59375,180.8828125
2689.373081922531,2689.373081922531,NoButton,Move,1121.7890625,183.65234375
2689.373144865036,2689.373144865036,NoButton,Move,1017.50390625,188.953125
2689.48246884346,2689.48246884346,NoButton,Move,936.98828125,190.5625
2689.4825348854065,2689.4825348854065,NoButton,Move,853.83203125,192.19140625
2689.482602119446,2689.482602119446,NoButton,Move,768.03515625,192.19140625
2689.4826810359955,2689.4826810359955,NoButton,Move,729.8515625,192.19140625
2689.482724905014,2689.482724905014,NoButton,Move,654.6171875,192.19140625
2689.4827609062195,2689.4827609062195,NoButton,Move,629.69921875,192.19140625
2689.482798099518,2689.482798099518,NoButton,Move,580.3125,190.890625
2689.4828329086304,2689.4828329086304,NoButton,Move,565.85546875,188.60546875
2689.4828691482544,2689.4828691482544,NoButton,Move,555.03125,187.25
2689.4829030036926,2689.4829030036926,NoButton,Move,547.328125,185.47265625
2689.627683162689,2689.627683162689,NoButton,Move,545.8984375,185.47265625
2689.635662794113,2689.635662794113,NoButton,Move,539.99609375,184.3984375
2689.643725156784,2689.643725156784,NoButton,Move,531.9296875,180.67578125
2689.651959180832,2689.651959180832,NoButton,Move,520.65625,175.7421875
2689.6602170467377,2689.6602170467377,NoButton,Move,509.3828125,170.10546875
2689.6684999465942,2689.6684999465942,NoButton,Move,498.8125,163.76171875
2689.6765818595886,2689.6765818595886,NoButton,Move,485.3984375,155.08203125
2689.6848940849304,2689.6848940849304,NoButton,Move,471.984375,145.61328125
2689.6937069892883,2689.6937069892883,NoButton,Move,445.8984375,128.91796875
2689.701781988144,2689.701781988144,NoButton,Move,421.5390625,112.67578125
2689.710075855255,2689.710075855255,NoButton,Move,410.546875,105.34765625
2689.718104839325,2689.718104839325,NoButton,Move,391.015625,92.32421875
2689.726189136505,2689.726189136505,NoButton,Move,384.49609375,87.58203125
2689.734302043915,2689.734302043915,NoButton,Move,371.08203125,78.90234375
2689.743083000183,2689.743083000183,NoButton,Move,367.91796875,76.640625
2689.7505679130554,2689.7505679130554,NoButton,Move,361.3984375,71.8984375
2689.7590370178223,2689.7590370178223,NoButton,Move,356.8203125,68.84375
2689.767182826996,2689.767182826996,NoButton,Move,354.26953125,66.71875
2689.7751591205597,2689.7751591205597,NoButton,Move,352.421875,65.609375
2689.7837948799133,2689.7837948799133,NoButton,Move,351.84765625,65.03515625
2689.79186296463,2689.79186296463,NoButton,Move,351.2734375,64.4609375
2689.8000531196594,2689.8000531196594,NoButton,Move,351.01171875,64.19921875
2689.8083641529083,2689.8083641529083,NoButton,Move,351.01171875,63.9375
2689.816395044327,2689.816395044327,NoButton,Move,351.01171875,63.67578125
2689.8246750831604,2689.8246750831604,NoButton,Move,351.01171875,63.4140625
2689.8327629566193,2689.8327629566193,NoButton,Move,351.01171875,63.15234375
2689.8409130573273,2689.8409130573273,NoButton,Move,351.01171875,62.890625
2689.849134206772,2689.849134206772,NoButton,Move,351.01171875,62.31640625
2689.8572731018066,2689.8572731018066,NoButton,Move,351.01171875,62.0546875
2689.8689317703247,2689.8689317703247,NoButton,Move,351.296875,61.48046875
2689.873106956482,2689.873106956482,NoButton,Move,351.8671875,60.90625
2689.881334066391,2689.881334066391,NoButton,Move,352.4375,60.33203125
2689.889675140381,2689.889675140381,NoButton,Move,352.6953125,60.0703125
2689.8979001045227,2689.8979001045227,NoButton,Move,352.98046875,59.49609375
2689.9168078899384,2689.9168078899384,NoButton,Move,353.265625,58.921875
2689.916862010956,2689.916862010956,NoButton,Move,353.265625,58.34765625
2689.9286658763885,2689.9286658763885,NoButton,Move,353.265625,57.7734375
2689.930328130722,2689.930328130722,NoButton,Move,353.265625,56.83203125
2689.9439601898193,2689.9439601898193,NoButton,Move,353.265625,56.2578125
2689.947463989258,2689.947463989258,NoButton,Move,351.27734375,54.66796875
2689.9567680358887,2689.9567680358887,NoButton,Move,349.91015625,53.984375
2689.9832730293274,2689.9832730293274,NoButton,Move,348.0625,52.875
2689.983333826065,2689.983333826065,NoButton,Move,346.07421875,51.28515625
2689.9833800792694,2689.9833800792694,NoButton,Move,344.0859375,49.6953125
2690.0092091560364,2690.0092091560364,NoButton,Move,341.3671875,46.9765625
2690.009274959564,2690.009274959564,NoButton,Move,339.77734375,44.98828125
2690.0093150138855,2690.0093150138855,NoButton,Move,337.51171875,41.81640625
2690.015391111374,2690.015391111374,NoButton,Move,336.234375,38.83984375
2690.0407650470734,2690.0407650470734,NoButton,Move,334.95703125,35.86328125
2690.04083108902,2690.04083108902,NoButton,Move,334.95703125,34.49609375
2690.0408720970154,2690.0408720970154,NoButton,Move,333.9375,29.41015625
2690.0665299892426,2690.0665299892426,NoButton,Move,333.9375,28.04296875
2690.0665848255157,2690.0665848255157,NoButton,Move,333.9375,25.66015625
2690.0666239261627,2690.0666239261627,NoButton,Move,333.9375,23.8125
2690.07053899765,2690.07053899765,NoButton,Move,333.9375,21.96484375
2690.0978219509125,2690.0978219509125,NoButton,Move,333.9375,20.59765625
2690.097946882248,2690.097946882248,NoButton,Move,333.9375,19.65625
2690.098047018051,2690.098047018051,NoButton,Move,334.1953125,19.39453125
2690.1226398944855,2690.1226398944855,NoButton,Move,334.48046875,18.8203125
2690.1230149269104,2690.1230149269104,Left,Pressed,334.48046875,18.8203125
2690.1439089775085,2690.1439089775085,NoButton,Move,334.6015625,18.6953125
2690.2387211322784,2690.2387211322784,Left,Released,334.6015625,18.6953125
2690.520565032959,2690.520565032959,NoButton,Move,334.83203125,19.15625
2690.5289149284363,2690.5289149284363,NoButton,Move,340.75390625,24.484375
2690.53706407547,2690.53706407547,NoButton,Move,347.8828125,31.61328125
2690.5447220802307,2690.5447220802307,NoButton,Move,355.6328125,40.76953125
2690.5537102222443,2690.5537102222443,NoButton,Move,376.49609375,62.67578125
2690.561731815338,2690.561731815338,NoButton,Move,405.62890625,94.234375
2690.573634147644,2690.573634147644,NoButton,Move,441.48828125,132.75
2690.578061103821,2690.578061103821,NoButton,Move,512.1875,210.515625
2690.5970277786255,2690.5970277786255,NoButton,Move,569.93359375,274.859375
2690.5971269607544,2690.5971269607544,NoButton,Move,633.59765625,348.84765625
2690.6028838157654,2690.6028838157654,NoButton,Move,701.94140625,424.19921875
2690.6106140613556,2690.6106140613556,NoButton,Move,770.28515625,499.55078125
2690.6211619377136,2690.6211619377136,NoButton,Move,837.390625,570.09765625
2690.626791000366,2690.626791000366,NoButton,Move,864.0,599.01953125
2690.6371870040894,2690.6371870040894,NoButton,Move,886.50390625,622.59375
2690.64311003685,2690.64311003685,NoButton,Move,933.53515625,668.15234375
2690.65128493309,2690.65128493309,NoButton,Move,947.9609375,684.3828125
2690.659483909607,2690.659483909607,NoButton,Move,974.5703125,713.3046875
2690.9390227794647,2690.9390227794647,NoButton,Move,974.80078125,713.3046875
2690.9468338489532,2690.9468338489532,NoButton,Move,976.64453125,712.5625
2690.9551470279694,2690.9551470279694,NoButton,Move,978.48828125,711.8203125
2690.9647088050842,2690.9647088050842,NoButton,Move,980.8671875,711.0234375
2690.971309185028,2690.971309185028,NoButton,Move,983.83984375,710.171875
2690.9794969558716,2690.9794969558716,NoButton,Move,986.8125,709.74609375
2690.9879858493805,2690.9879858493805,NoButton,Move,988.65625,709.375
2690.9956958293915,2690.9956958293915,NoButton,Move,991.62890625,708.94921875
2691.003942012787,2691.003942012787,NoButton,Move,994.6015625,708.5234375
2691.0124039649963,2691.0124039649963,NoButton,Move,996.98046875,708.125
2691.020579814911,2691.020579814911,NoButton,Move,998.82421875,707.75390625
2691.0289239883423,2691.0289239883423,NoButton,Move,1000.66796875,707.75390625
2691.037062883377,2691.037062883377,NoButton,Move,1002.51171875,707.3828125
2691.045387029648,2691.045387029648,NoButton,Move,1003.875,707.3828125
2691.0533740520477,2691.0533740520477,NoButton,Move,1005.23828125,707.0390625
2691.0610251426697,2691.0610251426697,NoButton,Move,1006.17578125,706.72265625
2691.069566965103,2691.069566965103,NoButton,Move,1007.11328125,706.72265625
2691.077533006668,2691.077533006668,NoButton,Move,1008.05078125,706.72265625
2691.087476015091,2691.087476015091,NoButton,Move,1008.62109375,706.72265625
2691.097293138504,2691.097293138504,NoButton,Move,1009.19140625,706.72265625
2691.122745037079,2691.122745037079,Left,Pressed,1009.19140625,706.72265625
2691.138883113861,2691.138883113861,NoButton,Move,1009.45703125,706.72265625
2691.205821990967,2691.205821990967,Left,Released,1009.45703125,706.72265625
2691.4399540424347,2691.4399540424347,NoButton,Move,1008.7578125,706.72265625
2691.4456179142,2691.4456179142,NoButton,Move,1005.1328125,706.26953125
2691.457027196884,2691.457027196884,NoButton,Move,998.0234375,702.71484375
2691.4621047973633,2691.4621047973633,NoButton,Move,981.6796875,695.359375
2691.473906993866,2691.473906993866,NoButton,Move,951.9765625,676.65625
2691.4785311222076,2691.4785311222076,NoButton,Move,920.73828125,653.515625
2691.490573167801,2691.490573167801,NoButton,Move,853.08984375,599.06640625
2691.4949140548706,2691.4949140548706,NoButton,Move,798.23046875,547.34375
2691.508802175522,2691.508802175522,NoButton,Move,735.82421875,479.87890625
2691.517881155014,2691.517881155014,NoButton,Move,673.87890625,405.88671875
2691.5199060440063,2691.5199060440063,NoButton,Move,611.3515625,327.7265625
2691.54389500618,2691.54389500618,NoButton,Move,584.66015625,288.32421875
2691.5439591407776,2691.5439591407776,NoButton,Move,533.51171875,219.02734375
2691.5439989566803,2691.5439989566803,NoButton,Move,489.625,157.8984375
2691.5545711517334,2691.5545711517334,NoButton,Move,475.671875,139.296875
2691.5791671276093,2691.5791671276093,NoButton,Move,464.625,127.4609375
2691.57923412323,2691.57923412323,NoButton,Move,456.50390625,120.01953125
2691.740375995636,2691.740375995636,NoButton,Move,456.26953125,120.01953125
2691.7483060359955,2691.7483060359955,NoButton,Move,451.94140625,119.53515625
2691.7566270828247,2691.7566270828247,NoButton,Move,447.36328125,116.9921875
2691.8122901916504,2691.8122901916504,NoButton,Move,441.15234375,113.60546875
2691.812343120575,2691.812343120575,NoButton,Move,435.5078125,109.65234375
2691.812379837036,2691.812379837036,NoButton,Move,429.86328125,105.13671875
2691.81241607666,2691.81241607666,NoButton,Move,423.03515625,98.9296875
2691.812450170517,2691.812450170517,NoButton,Move,411.62109375,89.0390625
2691.8124849796295,2691.8124849796295,NoButton,Move,400.20703125,79.1484375
2691.8208520412445,2691.8208520412445,NoButton,Move,395.125,74.06640625
2691.8219368457794,2691.8219368457794,NoButton,Move,385.96484375,65.609375
2691.8303492069244,2691.8303492069244,NoButton,Move,377.84375,58.16796875
2691.838530063629,2691.838530063629,NoButton,Move,375.29296875,56.04296875
2691.8465869426727,2691.8465869426727,NoButton,Move,371.22265625,52.48046875
2691.8549230098724,2691.8549230098724,NoButton,Move,367.859375,49.59765625
2691.8630640506744,2691.8630640506744,NoButton,Move,365.30859375,47.47265625
2691.8713800907135,2691.8713800907135,NoButton,Move,363.3203125,45.8828125
2691.8795268535614,2691.8795268535614,NoButton,Move,362.37890625,45.25390625
2691.8878180980682,2691.8878180980682,NoButton,Move,361.8046875,44.6796875
2691.895884990692,2691.895884990692,NoButton,Move,361.23046875,44.390625
2691.9045119285583,2691.9045119285583,NoButton,Move,360.96875,44.390625
2691.912120103836,2691.912120103836,NoButton,Move,360.70703125,44.12890625
2691.928547143936,2691.928547143936,NoButton,Move,360.4609375,43.8828125
2691.9381141662598,2691.9381141662598,NoButton,Move,360.4609375,43.62109375
2691.945023059845,2691.945023059845,NoButton,Move,360.171875,43.046875
2691.9547238349915,2691.9547238349915,NoButton,Move,359.8828125,42.47265625
2691.9614260196686,2691.9614260196686,NoButton,Move,359.51171875,40.625
2691.9720079898834,2691.9720079898834,NoButton,Move,358.828125,39.2578125
2691.9777159690857,2691.9777159690857,NoButton,Move,357.71875,37.41015625
2691.988671064377,2691.988671064377,NoButton,Move,356.609375,35.9296875
2691.9942741394043,2691.9942741394043,NoButton,Move,354.484375,33.37890625
2692.005571126938,2692.005571126938,NoButton,Move,353.45703125,32.3515625
2692.0104410648346,2692.0104410648346,NoButton,Move,351.9765625,30.87109375
2692.021999835968,2692.021999835968,NoButton,Move,349.98828125,29.28125
2692.0269589424133,2692.0269589424133,NoButton,Move,348.62109375,28.59765625
2692.036579847336,2692.036579847336,NoButton,Move,347.140625,27.48828125
2692.055139064789,2692.055139064789,Left,Pressed,347.140625,27.48828125
2692.072179079056,2692.072179079056,NoButton,Move,346.70703125,27.34375
2692.153501033783,2692.153501033783,Left,Released,346.70703125,27.34375
2692.3056490421295,2692.3056490421295,NoButton,Move,346.9375,27.34375
2692.313630104065,2692.313630104065,NoButton,Move,348.30078125,27.68359375
2692.321902990341,2692.321902990341,NoButton,Move,352.625,29.125
2692.3300302028656,2692.3300302028656,NoButton,Move,356.94921875,30.56640625
2692.338459968567,2692.338459968567,NoButton,Move,367.76953125,33.9453125
2692.3462619781494,2692.3462619781494,NoButton,Move,383.546875,38.67578125
2692.3544430732727,2692.3544430732727,NoButton,Move,405.1875,44.0859375
2692.3626968860626,2692.3626968860626,NoButton,Move,450.94140625,55.5234375
2692.371001958847,2692.371001958847,NoButton,Move,492.21484375,66.4453125
2692.379022836685,2692.379022836685,NoButton,Move,537.96875,77.8828125
2692.3876259326935,2692.3876259326935,NoButton,Move,588.4375,91.1640625
2692.397292137146,2692.397292137146,NoButton,Move,651.6328125,105.859375
2692.4039208889008,2692.4039208889008,NoButton,Move,711.0234375,118.5859375
2692.413535118103,2692.413535118103,NoButton,Move,776.8359375,135.0390625
2692.42022895813,2692.42022895813,NoButton,Move,842.6484375,149.99609375
2692.4292302131653,2692.4292302131653,NoButton,Move,903.23046875,165.86328125
2692.4373240470886,2692.4373240470886,NoButton,Move,961.20703125,181.41796875
2692.44473195076,2692.44473195076,NoButton,Move,981.9453125,187.7265625
2692.453348875046,2692.453348875046,NoButton,Move,999.1015625,191.80859375
2692.4611489772797,2692.4611489772797,NoButton,Move,1012.2890625,195.46875
2692.470325946808,2692.470325946808,NoButton,Move,1037.203125,201.21484375
2692.478054046631,2692.478054046631,NoButton,Move,1054.359375,203.6640625
2692.6825489997864,2692.6825489997864,NoButton,Move,1054.58984375,203.1953125
2692.708827972412,2692.708827972412,NoButton,Move,1057.13671875,201.0703125
2692.714354991913,2692.714354991913,NoButton,Move,1060.3046875,198.8046875
2692.7145919799805,2692.7145919799805,NoButton,Move,1065.9453125,194.2890625
2692.7153420448303,2692.7153420448303,NoButton,Move,1072.45703125,189.55078125
2692.724258184433,2692.724258184433,NoButton,Move,1079.8984375,184.5859375
2692.7314960956573,2692.7314960956573,NoButton,Move,1087.67578125,178.75
2692.7398521900177,2692.7398521900177,NoButton,Move,1096.1015625,172.9140625
2692.7498791217804,2692.7498791217804,NoButton,Move,1105.5703125,167.5
2692.756479024887,2692.756479024887,NoButton,Move,1109.4140625,165.09375
2692.7709090709686,2692.7709090709686,NoButton,Move,1117.4765625,160.75
2692.7729840278625,2692.7729840278625,NoButton,Move,1125.5390625,156.40625
2692.785073041916,2692.785073041916,NoButton,Move,1132.64453125,153.44140625
2692.7901649475098,2692.7901649475098,NoButton,Move,1138.0078125,150.7578125
2692.796974182129,2692.796974182129,NoButton,Move,1140.38671875,149.9609375
2692.805167913437,2692.805167913437,NoButton,Move,1144.0078125,148.6015625
2692.8133840560913,2692.8133840560913,NoButton,Move,1146.98046875,147.75
2692.8262119293213,2692.8262119293213,NoButton,Move,1149.359375,146.953125
2692.8590099811554,2692.8590099811554,NoButton,Move,1151.203125,146.58203125
2692.8590998649597,2692.8590998649597,NoButton,Move,1152.140625,146.265625
2692.8591570854187,2692.8591570854187,NoButton,Move,1152.7109375,145.9765625
2692.859207868576,2692.859207868576,NoButton,Move,1153.28125,145.9765625
2692.862160921097,2692.862160921097,NoButton,Move,1153.5390625,145.71484375
2692.871145963669,2692.871145963669,NoButton,Move,1153.796875,145.71484375
2692.8828179836273,2692.8828179836273,NoButton,Move,1154.0546875,145.453125
2692.9070909023285,2692.9070909023285,NoButton,Move,1154.0546875,145.2109375
2692.936671972275,2692.936671972275,NoButton,Move,1154.0546875,144.97265625
2692.9532990455627,2692.9532990455627,NoButton,Move,1154.0546875,144.453125
2692.9604070186615,2692.9604070186615,NoButton,Move,1154.3671875,143.51171875
2692.970257997513,2692.970257997513,NoButton,Move,1154.6796875,142.5703125
2692.9767801761627,2692.9767801761627,NoButton,Move,1155.359375,141.203125
2692.9867231845856,2692.9867231845856,NoButton,Move,1155.69921875,139.8359375
2692.9931111335754,2692.9931111335754,NoButton,Move,1156.4375,137.98828125
2693.0014560222626,2693.0014560222626,NoButton,Move,1157.17578125,136.140625
2693.0095789432526,2693.0095789432526,NoButton,Move,1157.96875,133.7578125
2693.01798415184,2693.01798415184,NoButton,Move,1158.70703125,131.91015625
2693.0259931087494,2693.0259931087494,NoButton,Move,1159.1015625,129.52734375
2693.0340418815613,2693.0340418815613,NoButton,Move,1159.44140625,128.16015625
2693.042440891266,2693.042440891266,NoButton,Move,1159.78125,126.79296875
2693.050635099411,2693.050635099411,NoButton,Move,1160.09375,125.8515625
2693.255475997925,2693.255475997925,Left,Pressed,1160.09375,125.8515625
2693.340306043625,2693.340306043625,NoButton,Move,1159.984375,125.8515625
2693.35644698143,2693.35644698143,NoButton,Move,1157.85546875,127.94140625
2693.3719260692596,2693.3719260692596,NoButton,Move,1149.13671875,138.70703125
2693.390697956085,2693.390697956085,NoButton,Move,1124.890625,174.12890625
2693.416158914566,2693.416158914566,NoButton,Move,1086.859375,239.55078125
2693.421770095825,2693.421770095825,NoButton,Move,1042.41015625,332.8125
2693.438485145569,2693.438485145569,NoButton,Move,995.8671875,447.20703125
2693.46564412117,2693.46564412117,NoButton,Move,955.890625,556.625
2693.473039865494,2693.473039865494,NoButton,Move,926.66796875,642.9375
2693.4885289669037,2693.4885289669037,NoButton,Move,907.6484375,702.36328125
2693.5052161216736,2693.5052161216736,NoButton,Move,895.89453125,738.64453125
2693.5223219394684,2693.5223219394684,NoButton,Move,888.453125,759.76171875
2693.538501024246,2693.538501024246,NoButton,Move,883.63671875,772.0703125
2693.5551931858063,2693.5551931858063,NoButton,Move,880.875,778.5703125
2693.5722708702087,2693.5722708702087,NoButton,Move,879.765625,780.8046875
2693.5885891914368,2693.5885891914368,NoButton,Move,879.43359375,781.46484375
2693.605236053467,2693.605236053467,NoButton,Move,879.3125,781.640625
2693.6387169361115,2693.6387169361115,NoButton,Move,879.12109375,781.640625
2693.655179977417,2693.655179977417,NoButton,Move,878.69921875,781.640625
2693.671821117401,2693.671821117401,NoButton,Move,877.10546875,781.32421875
2693.6884610652924,2693.6884610652924,NoButton,Move,873.4765625,780.41015625
2693.7052941322327,2693.7052941322327,NoButton,Move,869.21875,779.25390625
2693.721878051758,2693.721878051758,NoButton,Move,865.12109375,778.28515625
2693.7384819984436,2693.7384819984436,NoButton,Move,861.76171875,777.54296875
2693.7555541992188,2693.7555541992188,NoButton,Move,859.8046875,777.046875
2693.7717950344086,2693.7717950344086,NoButton,Move,858.765625,776.875
2693.8052208423615,2693.8052208423615,NoButton,Move,858.32421875,776.765625
2693.821939945221,2693.821939945221,NoButton,Move,858.0625,776.51171875
2693.839150905609,2693.839150905609,NoButton,Move,857.49609375,776.16015625
2693.8562610149384,2693.8562610149384,NoButton,Move,856.0546875,775.3203125
2693.8722910881042,2693.8722910881042,NoButton,Move,853.8671875,774.00390625
2693.8889729976654,2693.8889729976654,NoButton,Move,851.3125,772.6875
2693.9053251743317,2693.9053251743317,NoButton,Move,849.3203125,771.7890625
2693.9219179153442,2693.9219179153442,NoButton,Move,848.57421875,771.40625
2693.922047138214,2693.922047138214,Left,Released,848.57421875,771.40625
