7904.687477111816,7904.687477111816,NoButton,Move,93.796875,779.3984375
7904.693370819092,7904.693370819092,NoButton,Move,98.7265625,790.66796875
7904.710350990295,7904.710350990295,NoButton,Move,106.4765625,800.53125
7904.710489988327,7904.710489988327,NoButton,Move,117.125,810.41796875
7904.719460964203,7904.719460964203,NoButton,Move,128.53515625,820.3046875
7904.726006031036,7904.726006031036,NoButton,Move,143.2421875,830.109375
7904.736109018326,7904.736109018326,NoButton,Move,161.5859375,839.71484375
7904.744681119919,7904.744681119919,NoButton,Move,198.33203125,858.6796875
7904.750365018845,7904.750365018845,NoButton,Move,242.81640625,876.47265625
7904.760505199432,7904.760505199432,NoButton,Move,291.95703125,893.73828125
7904.768066167831,7904.768066167831,NoButton,Move,347.37109375,899.98046875
7904.777526140213,7904.777526140213,NoButton,Move,406.76171875,899.98046875
7904.7833569049835,7904.7833569049835,NoButton,Move,471.4296875,899.98046875
7904.794278860092,7904.794278860092,NoButton,Move,536.09765625,899.98046875
7904.799418926239,7904.799418926239,NoButton,Move,598.125,899.98046875
7904.810906887054,7904.810906887054,NoButton,Move,662.79296875,899.98046875
7904.815896987915,7904.815896987915,NoButton,Move,722.18359375,899.98046875
7904.827985048294,7904.827985048294,NoButton,Move,781.57421875,899.98046875
7904.832227230072,7904.832227230072,NoButton,Move,804.82421875,899.98046875
7904.844424009323,7904.844424009323,NoButton,Move,851.84765625,899.98046875
7904.848961114883,7904.848961114883,NoButton,Move,892.09375,899.98046875
7904.861257076263,7904.861257076263,NoButton,Move,906.546875,899.98046875
7905.021796941757,7905.021796941757,NoButton,Move,900.5,899.98046875
7905.029901027679,7905.029901027679,NoButton,Move,894.59765625,899.98046875
7905.038131952286,7905.038131952286,NoButton,Move,889.51171875,899.98046875
7905.046080112457,7905.046080112457,NoButton,Move,885.18359375,899.98046875
7905.055109024048,7905.055109024048,NoButton,Move,880.09765625,899.98046875
7905.062618017197,7905.062618017197,NoButton,Move,875.76953125,899.98046875
7905.070857048035,7905.070857048035,NoButton,Move,871.44140625,899.98046875
7905.078633069992,7905.078633069992,NoButton,Move,867.11328125,899.98046875
7905.087681055069,7905.087681055069,NoButton,Move,862.02734375,899.46875
7905.096284866333,7905.096284866333,NoButton,Move,851.203125,896.0859375
7905.103527069092,7905.103527069092,NoButton,Move,840.37890625,892.703125
7905.112686157227,7905.112686157227,NoButton,Move,829.10546875,887.76953125
7905.120223045349,7905.120223045349,NoButton,Move,816.6484375,881.90625
7905.127583026886,7905.127583026886,NoButton,Move,804.92578125,874.578125
7905.138178110123,7905.138178110123,NoButton,Move,793.93359375,867.25
7905.144238233566,7905.144238233566,NoButton,Move,789.86328125,864.1953125
7905.153699874878,7905.153699874878,NoButton,Move,786.49609375,861.30859375
7905.160392045975,7905.160392045975,NoButton,Move,781.4140625,856.79296875
7905.171210050583,7905.171210050583,NoButton,Move,777.8515625,852.72265625
7905.177050828934,7905.177050828934,NoButton,Move,774.796875,848.14453125
7905.186947107315,7905.186947107315,NoButton,Move,774.796875,844.51953125
7905.193222999573,7905.193222999573,NoButton,Move,776.49609375,841.96875
7905.203419923782,7905.203419923782,NoButton,Move,787.765625,837.73828125
7905.210214853287,7905.210214853287,NoButton,Move,802.21875,834.69140625
7905.221146821976,7905.221146821976,NoButton,Move,822.30859375,832.0703125
7905.226415872574,7905.226415872574,NoButton,Move,848.9453125,829.109375
7905.237403869629,7905.237403869629,NoButton,Move,905.74609375,826.3359375
7905.242725849152,7905.242725849152,NoButton,Move,925.8359375,826.3359375
7905.251479148865,7905.251479148865,NoButton,Move,995.78515625,826.3359375
7905.258974075317,7905.258974075317,NoButton,Move,1017.33203125,827.23046875
7905.267845869064,7905.267845869064,NoButton,Move,1095.203125,839.94140625
7905.275235891342,7905.275235891342,NoButton,Move,1115.29296875,845.1796875
7905.28644990921,7905.28644990921,NoButton,Move,1158.40234375,856.26171875
7905.291769981384,7905.291769981384,NoButton,Move,1195.421875,866.671875
7905.299813985825,7905.299813985825,NoButton,Move,1228.421875,877.671875
7905.308281183243,7905.308281183243,NoButton,Move,1240.875,882.06640625
7905.316128015518,7905.316128015518,NoButton,Move,1263.1953125,890.43359375
7905.521478891373,7905.521478891373,NoButton,Move,1263.66015625,890.43359375
7905.52911901474,7905.52911901474,NoButton,Move,1266.0390625,889.2421875
7905.538033008575,7905.538033008575,NoButton,Move,1268.5859375,887.1171875
7905.545677185059,7905.545677185059,NoButton,Move,1271.1328125,884.9921875
7905.554425239563,7905.554425239563,NoButton,Move,1273.25390625,882.8671875
7905.562262058258,7905.562262058258,NoButton,Move,1276.13671875,879.5
7905.570158004761,7905.570158004761,NoButton,Move,1278.8515625,876.78125
7905.578025102615,7905.578025102615,NoButton,Move,1283.36328125,871.13671875
7905.58761715889,7905.58761715889,NoButton,Move,1287.3125,865.4921875
7905.594640016556,7905.594640016556,NoButton,Move,1291.82421875,859.8515625
7905.604760169983,7905.604760169983,NoButton,Move,1295.578125,855.0234375
7905.611999988556,7905.611999988556,NoButton,Move,1298.62890625,850.4453125
7905.620092868805,7905.620092868805,NoButton,Move,1300.21484375,848.45703125
7905.627424001694,7905.627424001694,NoButton,Move,1302.6171875,844.609375
7905.637539148331,7905.637539148331,NoButton,Move,1304.42578125,841.4375
7905.643928766251,7905.643928766251,NoButton,Move,1306.125,838.88671875
7905.653568983078,7905.653568983078,NoButton,Move,1307.23046875,837.0390625
7905.660906076431,7905.660906076431,NoButton,Move,1307.96875,835.19140625
7905.684923887253,7905.684923887253,NoButton,Move,1308.30859375,833.82421875
7905.685038089752,7905.685038089752,NoButton,Move,1308.62109375,832.8828125
7905.685842037201,7905.685842037201,NoButton,Move,1308.93359375,831.94140625
7905.692970991135,7905.692970991135,NoButton,Move,1308.93359375,831.3671875
7905.70246887207,7905.70246887207,NoButton,Move,1308.93359375,830.79296875
7905.708847999573,7905.708847999573,NoButton,Move,1308.93359375,830.21875
7905.717333078384,7905.717333078384,NoButton,Move,1308.93359375,829.95703125
7905.725513935089,7905.725513935089,NoButton,Move,1308.93359375,829.6953125
7905.741930961609,7905.741930961609,NoButton,Move,1308.93359375,829.44921875
7905.774863958359,7905.774863958359,NoButton,Move,1308.93359375,829.2109375
7905.822026014328,7905.822026014328,Left,Pressed,1308.93359375,829.2109375
7905.905347824097,7905.905347824097,Left,Released,1308.93359375,829.2109375
7906.120387792587,7906.120387792587,NoButton,Move,1308.93359375,828.9765625
7906.12701010704,7906.12701010704,NoButton,Move,1307.63671875,819.25
7906.136226177216,7906.136226177216,NoButton,Move,1303.69140625,803.46875
7906.142993927002,7906.142993927002,NoButton,Move,1298.27734375,781.82421875
7906.154540061951,7906.154540061951,NoButton,Move,1289.5,748.921875
7906.159817934036,7906.159817934036,NoButton,Move,1270.42578125,672.63671875
7906.1697318553925,7906.1697318553925,NoButton,Move,1238.60546875,517.5234375
7906.176192045212,7906.176192045212,NoButton,Move,1219.6640625,386.83203125
7906.188095092773,7906.188095092773,NoButton,Move,1204.10546875,242.93359375
7906.19367814064,7906.19367814064,NoButton,Move,1198.2421875,96.39453125
7906.22989487648,7906.22989487648,NoButton,Move,1198.2421875,23.80078125
7906.229974031448,7906.229974031448,NoButton,Move,1198.2421875,0.0
7906.230286121368,7906.230286121368,NoButton,Move,1200.78125,0.0
7906.230530023575,7906.230530023575,NoButton,Move,1212.4609375,0.0
7907.3239958286285,7907.3239958286285,NoButton,Move,1212.22265625,4.453125
7907.332803010941,7907.332803010941,NoButton,Move,1209.73828125,13.13671875
7907.339592933655,7907.339592933655,NoButton,Move,1206.69140625,27.58984375
7907.34782910347,7907.34782910347,NoButton,Move,1202.46484375,46.18359375
7907.358157157898,7907.358157157898,NoButton,Move,1198.62890625,71.09765625
7907.364062070847,7907.364062070847,NoButton,Move,1194.56640625,99.515625
7907.385230064392,7907.385230064392,NoButton,Move,1190.27734375,131.6640625
7907.385402917862,7907.385402917862,NoButton,Move,1183.0625,193.69140625
7907.389134883881,7907.389134883881,NoButton,Move,1178.65234375,258.359375
7907.402446985245,7907.402446985245,NoButton,Move,1175.765625,320.38671875
7907.404513120651,7907.404513120651,NoButton,Move,1175.765625,347.0234375
7907.412869930267,7907.412869930267,NoButton,Move,1175.765625,398.8203125
7907.423191070557,7907.423191070557,NoButton,Move,1175.765625,445.84375
7907.429182052612,7907.429182052612,NoButton,Move,1175.765625,461.62109375
7907.437294006348,7907.437294006348,NoButton,Move,1177.90625,493.76953125
7907.445503950119,7907.445503950119,NoButton,Move,1181.8515625,520.40625
7907.453656196594,7907.453656196594,NoButton,Move,1183.625,528.10546875
7907.462002038956,7907.462002038956,NoButton,Move,1186.890625,545.26171875
7907.470358133316,7907.470358133316,NoButton,Move,1189.70703125,557.23828125
7910.007620811462,7910.007620811462,NoButton,Move,1190.16796875,559.31640625
7910.0159549713135,7910.0159549713135,NoButton,Move,1194.3125,565.83203125
7910.02422785759,7910.02422785759,NoButton,Move,1200.14453125,574.2578125
7910.032405138016,7910.032405138016,NoButton,Move,1206.90625,583.05078125
7910.040169000626,7910.040169000626,NoButton,Move,1214.65625,592.9140625
7910.0481741428375,7910.0481741428375,NoButton,Move,1222.40625,602.77734375
7910.056092977524,7910.056092977524,NoButton,Move,1230.15625,611.93359375
7910.064296007156,7910.064296007156,NoButton,Move,1237.90625,621.08984375
7910.072419881821,7910.072419881821,NoButton,Move,1244.38671875,628.8671875
7910.080691099167,7910.080691099167,NoButton,Move,1257.48828125,644.58984375
7910.088721036911,7910.088721036911,NoButton,Move,1263.41015625,649.91796875
7910.096929073334,7910.096929073334,NoButton,Move,1274.05859375,660.56640625
7910.10548210144,7910.10548210144,NoButton,Move,1283.171875,668.98046875
7910.113751173019,7910.113751173019,NoButton,Move,1291.2890625,676.41796875
7910.122941970825,7910.122941970825,NoButton,Move,1298.11328125,682.0
7910.130734920502,7910.130734920502,NoButton,Move,1303.75390625,685.94921875
7910.1382830142975,7910.1382830142975,NoButton,Move,1308.578125,689.703125
7910.146883010864,7910.146883010864,NoButton,Move,1313.125,692.2265625
7910.154960870743,7910.154960870743,NoButton,Move,1316.29296875,694.03515625
7910.163077831268,7910.163077831268,NoButton,Move,1317.65625,694.71484375
7910.171154975891,7910.171154975891,NoButton,Move,1320.03515625,695.90234375
7910.179306030273,7910.179306030273,NoButton,Move,1321.3984375,696.58203125
7910.187378883362,7910.187378883362,NoButton,Move,1322.3359375,696.89453125
7910.19553899765,7910.19553899765,NoButton,Move,1322.90625,697.46484375
7910.209259033203,7910.209259033203,NoButton,Move,1323.1640625,697.72265625
7910.222012042999,7910.222012042999,NoButton,Move,1323.421875,697.98046875
7910.237648010254,7910.237648010254,NoButton,Move,1322.64453125,697.98046875
7910.245036125183,7910.245036125183,NoButton,Move,1320.796875,697.98046875
7910.253129005432,7910.253129005432,NoButton,Move,1319.4296875,697.98046875
7910.260603904724,7910.260603904724,NoButton,Move,1317.58203125,697.98046875
7910.27073097229,7910.27073097229,NoButton,Move,1315.734375,697.98046875
7910.277100086212,7910.277100086212,NoButton,Move,1314.3671875,697.63671875
7910.286556959152,7910.286556959152,NoButton,Move,1313.0,697.29296875
7910.293695926666,7910.293695926666,NoButton,Move,1311.6328125,697.29296875
7910.303349018097,7910.303349018097,NoButton,Move,1310.69140625,696.9765625
7910.310163974762,7910.310163974762,NoButton,Move,1310.1171875,696.9765625
7910.320698976517,7910.320698976517,NoButton,Move,1309.54296875,696.9765625
7910.326483011246,7910.326483011246,NoButton,Move,1308.96875,696.9765625
7910.335904121399,7910.335904121399,NoButton,Move,1308.39453125,696.9765625
7910.342823982239,7910.342823982239,NoButton,Move,1307.8203125,696.9765625
7910.353908061981,7910.353908061981,NoButton,Move,1307.24609375,696.9765625
7910.359493970871,7910.359493970871,NoButton,Move,1306.671875,696.9765625
7910.369496822357,7910.369496822357,NoButton,Move,1306.09765625,696.9765625
7910.3759779930115,7910.3759779930115,NoButton,Move,1305.8359375,696.9765625
7910.38512802124,7910.38512802124,NoButton,Move,1305.26171875,696.9765625
7910.400712013245,7910.400712013245,NoButton,Move,1305.015625,696.9765625
7910.416761875153,7910.416761875153,NoButton,Move,1304.76953125,696.9765625
7910.424771785736,7910.424771785736,NoButton,Move,1304.76953125,697.546875
7910.433033943176,7910.433033943176,NoButton,Move,1304.76953125,698.1171875
7910.441184997559,7910.441184997559,NoButton,Move,1304.76953125,699.0546875
7910.449332952499,7910.449332952499,NoButton,Move,1304.76953125,699.9921875
7910.45730805397,7910.45730805397,NoButton,Move,1304.76953125,701.8359375
7910.465766906738,7910.465766906738,NoButton,Move,1304.76953125,702.7734375
7910.474030971527,7910.474030971527,NoButton,Move,1304.76953125,704.6171875
7910.4822909832,7910.4822909832,NoButton,Move,1304.76953125,705.98046875
7910.490283966064,7910.490283966064,NoButton,Move,1304.76953125,707.82421875
7910.49883389473,7910.49883389473,NoButton,Move,1305.875,709.66796875
7910.506876945496,7910.506876945496,NoButton,Move,1306.5546875,711.03125
7910.515311002731,7910.515311002731,NoButton,Move,1307.66015625,712.5078125
7910.523096084595,7910.523096084595,NoButton,Move,1308.28515625,713.4453125
7910.531317949295,7910.531317949295,NoButton,Move,1308.91015625,714.3828125
7910.539481878281,7910.539481878281,NoButton,Move,1309.48046875,714.953125
7910.547788143158,7910.547788143158,NoButton,Move,1310.05078125,715.5234375
7910.556109189987,7910.556109189987,NoButton,Move,1310.30859375,715.78125
7910.56423997879,7910.56423997879,NoButton,Move,1310.87890625,716.06640625
7910.57234787941,7910.57234787941,NoButton,Move,1311.13671875,716.32421875
7910.580356836319,7910.580356836319,NoButton,Move,1311.39453125,716.32421875
7910.599122047424,7910.599122047424,NoButton,Move,1311.63671875,716.32421875
7910.639683008194,7910.639683008194,Left,Pressed,1311.63671875,716.32421875
7910.754663944244,7910.754663944244,Left,Released,1311.63671875,716.32421875
7913.467491149902,7913.467491149902,NoButton,Move,1311.63671875,717.015625
7913.467605113983,7913.467605113983,NoButton,Move,1311.63671875,721.33984375
7913.467735052109,7913.467735052109,NoButton,Move,1311.63671875,727.23828125
7913.481205940247,7913.481205940247,NoButton,Move,1311.63671875,731.5625
7913.492961168289,7913.492961168289,NoButton,Move,1311.15234375,735.88671875
7913.4931099414825,7913.4931099414825,NoButton,Move,1310.69921875,739.5078125
7913.4961659908295,7913.4961659908295,NoButton,Move,1309.79296875,743.12890625
7913.506632089615,7913.506632089615,NoButton,Move,1308.08984375,745.67578125
7913.51882815361,7913.51882815361,NoButton,Move,1304.70703125,751.87109375
7913.5204429626465,7913.5204429626465,NoButton,Move,1300.19140625,757.51171875
7913.533056974411,7913.533056974411,NoButton,Move,1293.36328125,763.09375
7913.536859989166,7913.536859989166,NoButton,Move,1278.65234375,772.8984375
7913.545015096664,7913.545015096664,NoButton,Move,1263.66015625,779.20703125
7913.553864002228,7913.553864002228,NoButton,Move,1243.56640625,783.57421875
7913.564146995544,7913.564146995544,NoButton,Move,1220.3125,787.29296875
7913.570122003555,7913.570122003555,NoButton,Move,1191.890625,788.3046875
7913.577961921692,7913.577961921692,NoButton,Move,1135.0859375,788.3046875
7913.5871958732605,7913.5871958732605,NoButton,Move,1116.48828125,788.3046875
7913.594696044922,7913.594696044922,NoButton,Move,1080.375,783.7890625
7913.624398946762,7913.624398946762,NoButton,Move,1044.26171875,775.88671875
7913.624475955963,7913.624475955963,NoButton,Move,1010.15625,768.18359375
7913.62454199791,7913.62454199791,NoButton,Move,977.15234375,757.1796875
7913.6275470256805,7913.6275470256805,NoButton,Move,949.74609375,747.02734375
7913.638350009918,7913.638350009918,NoButton,Move,937.2890625,741.1640625
7913.64342880249,7913.64342880249,NoButton,Move,915.8984375,730.0
7913.670127868652,7913.670127868652,NoButton,Move,897.55078125,721.26171875
7913.67019701004,7913.67019701004,NoButton,Move,891.33984375,717.875
7913.670241117477,7913.670241117477,NoButton,Move,878.40625,711.02734375
7913.681723833084,7913.681723833084,NoButton,Move,875.234375,709.21484375
7913.687739849091,7913.687739849091,NoButton,Move,868.125,705.66015625
7913.714739084244,7913.714739084244,NoButton,Move,864.27734375,703.25390625
7914.233451128006,7914.233451128006,NoButton,Move,864.04296875,703.25390625
7914.266172885895,7914.266172885895,NoButton,Move,863.8046875,703.25390625
7914.290827989578,7914.290827989578,NoButton,Move,863.5625,703.01171875
7914.299246072769,7914.299246072769,NoButton,Move,863.2734375,702.4375
7914.3101189136505,7914.3101189136505,NoButton,Move,863.2734375,701.86328125
7914.32396197319,7914.32396197319,NoButton,Move,862.984375,701.2890625
7914.324188947678,7914.324188947678,NoButton,Move,862.66796875,700.34765625
7914.331655025482,7914.331655025482,NoButton,Move,862.32421875,698.98046875
7914.339734077454,7914.339734077454,NoButton,Move,861.640625,697.61328125
7914.34783911705,7914.34783911705,NoButton,Move,860.84375,695.23046875
7914.357080221176,7914.357080221176,NoButton,Move,859.734375,693.3828125
7914.36457490921,7914.36457490921,NoButton,Move,858.8828125,690.40625
7914.372477054596,7914.372477054596,NoButton,Move,857.9765625,686.78125
7914.380921840668,7914.380921840668,NoButton,Move,856.05078125,682.453125
7914.38880109787,7914.38880109787,NoButton,Move,854.44140625,676.55078125
7914.397370815277,7914.397370815277,NoButton,Move,852.83203125,670.6484375
7914.405096054077,7914.405096054077,NoButton,Move,851.13671875,663.875
7914.417372941971,7914.417372941971,NoButton,Move,847.61328125,651.89453125
7914.421287059784,7914.421287059784,NoButton,Move,846.70703125,648.26953125
7914.429555892944,7914.429555892944,NoButton,Move,844.9296875,640.56640625
7914.437834978104,7914.437834978104,NoButton,Move,843.15234375,632.86328125
7914.447568893433,7914.447568893433,NoButton,Move,841.45703125,626.08984375
7914.454293012619,7914.454293012619,NoButton,Move,840.328125,619.31640625
7914.462412118912,7914.462412118912,NoButton,Move,839.90234375,616.33984375
7914.470800876617,7914.470800876617,NoButton,Move,838.66015625,607.65234375
7914.480276107788,7914.480276107788,NoButton,Move,837.6953125,603.32421875
7918.55490899086,7918.55490899086,Left,Pressed,837.6953125,603.32421875
7918.671831130981,7918.671831130981,Left,Released,837.6953125,603.32421875
7922.296931028366,7922.296931028366,NoButton,Move,837.6953125,604.24609375
7922.303838014603,7922.303838014603,NoButton,Move,837.6953125,606.08984375
7922.312260866165,7922.312260866165,NoButton,Move,837.6953125,607.93359375
7922.320105075836,7922.320105075836,NoButton,Move,837.6953125,610.3125
7922.328973054886,7922.328973054886,NoButton,Move,838.43359375,612.15625
7922.336886167526,7922.336886167526,NoButton,Move,838.80078125,614.0
7922.344959020615,7922.344959020615,NoButton,Move,839.48046875,615.36328125
7922.355022907257,7922.355022907257,NoButton,Move,839.84765625,617.20703125
7922.361202001572,7922.361202001572,NoButton,Move,840.52734375,618.5703125
7922.369611024857,7922.369611024857,NoButton,Move,841.71484375,620.94921875
7922.377838850021,7922.377838850021,NoButton,Move,842.90234375,623.328125
7922.388873100281,7922.388873100281,NoButton,Move,843.58203125,624.69140625
7922.393828868866,7922.393828868866,NoButton,Move,845.05859375,626.16796875
7922.4045350551605,7922.4045350551605,NoButton,Move,846.1640625,627.64453125
7922.410133123398,7922.410133123398,NoButton,Move,847.1015625,628.26953125
7922.420355796814,7922.420355796814,NoButton,Move,848.46484375,628.609375
7922.426701068878,7922.426701068878,NoButton,Move,849.828125,628.94921875
7922.437029838562,7922.437029838562,NoButton,Move,850.765625,628.94921875
7922.443224906921,7922.443224906921,NoButton,Move,853.14453125,628.94921875
7922.455423116684,7922.455423116684,NoButton,Move,854.98828125,628.20703125
7922.459629058838,7922.459629058838,NoButton,Move,857.109375,626.08203125
7922.4682700634,7922.4682700634,NoButton,Move,859.23046875,623.53125
7922.476226091385,7922.476226091385,NoButton,Move,861.4921875,620.359375
7922.484272956848,7922.484272956848,NoButton,Move,864.54296875,615.78125
7922.49214220047,7922.49214220047,NoButton,Move,868.4296875,606.703125
7922.500500917435,7922.500500917435,NoButton,Move,869.87109375,602.375
7922.508927106857,7922.508927106857,NoButton,Move,874.265625,589.91796875
7922.517609119415,7922.517609119415,NoButton,Move,876.96875,579.09375
7922.525027990341,7922.525027990341,NoButton,Move,878.375,567.11328125
7922.5331020355225,7922.5331020355225,NoButton,Move,880.65625,552.65625
7922.541166782379,7922.541166782379,NoButton,Move,882.17578125,538.19921875
7922.549528837204,7922.549528837204,NoButton,Move,882.93359375,523.7421875
7922.557533979416,7922.557533979416,NoButton,Move,883.6640625,510.55078125
7922.565769910812,7922.565769910812,NoButton,Move,884.19921875,504.6484375
7922.574193954468,7922.574193954468,NoButton,Move,884.875,493.82421875
7922.582150936127,7922.582150936127,NoButton,Move,885.32421875,490.19921875
7922.590354919434,7922.590354919434,NoButton,Move,885.32421875,477.0078125
7922.598845005035,7922.598845005035,NoButton,Move,885.32421875,474.625
7923.721009969711,7923.721009969711,NoButton,Move,885.32421875,475.31640625
7923.729574918747,7923.729574918747,NoButton,Move,885.32421875,476.6796875
7923.737329959869,7923.737329959869,NoButton,Move,884.6953125,477.6171875
7923.745542049408,7923.745542049408,NoButton,Move,884.01171875,478.98046875
7923.754301071167,7923.754301071167,NoButton,Move,882.32421875,481.50390625
7923.762116909027,7923.762116909027,NoButton,Move,880.51171875,484.671875
7923.7700271606445,7923.7700271606445,NoButton,Move,878.24609375,487.83984375
7923.778074979782,7923.778074979782,NoButton,Move,875.83984375,491.68359375
7923.786824941635,7923.786824941635,NoButton,Move,872.9765625,495.0234375
7923.794659852982,7923.794659852982,NoButton,Move,869.4140625,499.08984375
7923.803359031677,7923.803359031677,NoButton,Move,865.8515625,503.15625
7923.810834884644,7923.810834884644,NoButton,Move,862.2890625,507.22265625
7923.82017993927,7923.82017993927,NoButton,Move,857.99609375,511.51171875
7923.827566146851,7923.827566146851,NoButton,Move,854.62890625,514.875
7923.837027788162,7923.837027788162,NoButton,Move,853.1484375,516.3515625
7923.843862056732,7923.843862056732,NoButton,Move,850.59765625,518.47265625
7923.853055000305,7923.853055000305,NoButton,Move,848.47265625,520.59375
7923.857331991196,7923.857331991196,NoButton,Move,848.47265625,520.59375
7923.926231145859,7923.926231145859,NoButton,Move,846.9921875,521.69921875
7923.926373958588,7923.926373958588,NoButton,Move,845.51171875,522.8046875
7923.926516056061,7923.926516056061,NoButton,Move,844.9375,523.375
7923.9266130924225,7923.9266130924225,NoButton,Move,844.36328125,523.9453125
7923.926656961441,7923.926656961441,NoButton,Move,844.1015625,524.203125
7923.926706075668,7923.926706075668,NoButton,Move,843.83984375,524.4609375
7924.071321964264,7924.071321964264,Left,Pressed,843.83984375,524.4609375
7924.187870025635,7924.187870025635,Left,Released,843.83984375,524.4609375
7928.753005027771,7928.753005027771,NoButton,Move,843.83984375,524.23046875
7928.761249065399,7928.761249065399,NoButton,Move,843.83984375,523.96875
7928.787384033203,7928.787384033203,NoButton,Move,843.83984375,523.02734375
7928.7874591350555,7928.7874591350555,NoButton,Move,843.83984375,521.7109375
7928.787555217743,7928.787555217743,NoButton,Move,844.578125,519.86328125
7928.793212890625,7928.793212890625,NoButton,Move,845.765625,517.48046875
7928.801254034042,7928.801254034042,NoButton,Move,847.0390625,514.50390625
7928.809562921524,7928.809562921524,NoButton,Move,849.44140625,510.65625
7928.819411993027,7928.819411993027,NoButton,Move,851.36328125,506.328125
7928.826386928558,7928.826386928558,NoButton,Move,854.04296875,500.9609375
7928.83572101593,7928.83572101593,NoButton,Move,859.453125,491.48828125
7928.842871189117,7928.842871189117,NoButton,Move,863.00390625,484.37890625
7928.853734970093,7928.853734970093,NoButton,Move,864.44140625,480.0546875
7928.859292984009,7928.859292984009,NoButton,Move,870.52734375,466.359375
7928.868007898331,7928.868007898331,NoButton,Move,871.96875,462.03125
7928.875790119171,7928.875790119171,NoButton,Move,874.9296875,454.328125
7928.884426116943,7928.884426116943,NoButton,Move,877.890625,446.625
7928.8917870521545,7928.8917870521545,NoButton,Move,880.8515625,438.921875
7928.901705980301,7928.901705980301,NoButton,Move,883.10546875,432.1484375
7928.90833902359,7928.90833902359,NoButton,Move,884.796875,425.375
7928.917439937592,7928.917439937592,NoButton,Move,886.91796875,419.5390625
7928.924592018127,7928.924592018127,NoButton,Move,888.44140625,414.453125
7928.932922840118,7928.932922840118,NoButton,Move,890.046875,408.55078125
7928.940900802612,7928.940900802612,NoButton,Move,891.5703125,403.46484375
7928.949219226837,7928.949219226837,NoButton,Move,893.01171875,399.13671875
7928.95697593689,7928.95697593689,NoButton,Move,894.02734375,394.05078125
7928.966078996658,7928.966078996658,NoButton,Move,894.76171875,392.2109375
7928.973829984665,7928.973829984665,NoButton,Move,896.453125,385.4375
7929.145967006683,7929.145967006683,NoButton,Move,896.2109375,387.11328125
7929.154153108597,7929.154153108597,NoButton,Move,895.7265625,391.4375
7929.16202712059,7929.16202712059,NoButton,Move,894.76171875,395.76171875
7929.170592069626,7929.170592069626,NoButton,Move,893.234375,400.84375
7929.178017139435,7929.178017139435,NoButton,Move,892.10546875,407.61328125
7929.186367034912,7929.186367034912,NoButton,Move,889.171875,420.80078125
7929.19473695755,7929.19473695755,NoButton,Move,886.015625,436.578125
7929.203000068665,7929.203000068665,NoButton,Move,881.671875,456.54296875
7929.211258888245,7929.211258888245,NoButton,Move,877.16015625,478.18359375
7929.2203941345215,7929.2203941345215,NoButton,Move,871.578125,501.43359375
7929.227639198303,7929.227639198303,NoButton,Move,863.45703125,528.8359375
7929.236788034439,7929.236788034439,NoButton,Move,854.6015625,554.4140625
7929.352727174759,7929.352727174759,NoButton,Move,845.015625,578.37109375
7929.352852106094,7929.352852106094,NoButton,Move,833.17578125,603.03515625
7929.352953195572,7929.352953195572,NoButton,Move,819.7578125,625.07421875
7929.353085041046,7929.353085041046,NoButton,Move,803.96875,646.77734375
7929.353221893311,7929.353221893311,NoButton,Move,786.20703125,667.49609375
7929.353317022324,7929.353317022324,NoButton,Move,767.4609375,687.2265625
7929.35342001915,7929.35342001915,NoButton,Move,748.29296875,704.47265625
7929.353561878204,7929.353561878204,NoButton,Move,739.1328125,712.22265625
7929.353630065918,7929.353630065918,NoButton,Move,723.40625,725.32421875
7929.353678226471,7929.353678226471,NoButton,Move,708.1875,736.3125
7929.353718042374,7929.353718042374,NoButton,Move,693.4765625,745.296875
7929.353755950928,7929.353755950928,NoButton,Move,688.390625,747.328125
7929.353793144226,7929.353793144226,NoButton,Move,677.1171875,752.9609375
7929.35383105278,7929.35383105278,NoButton,Move,668.0390625,756.84765625
7929.358029127121,7929.358029127121,NoButton,Move,660.9296875,759.80859375
7929.366254806519,7929.366254806519,NoButton,Move,655.02734375,760.87890625
7929.571470975876,7929.571470975876,NoButton,Move,655.02734375,761.109375
7929.579843997955,7929.579843997955,NoButton,Move,655.02734375,765.43359375
7929.588016033173,7929.588016033173,NoButton,Move,655.02734375,769.7578125
7929.595894098282,7929.595894098282,NoButton,Move,655.02734375,775.65625
7929.604677915573,7929.604677915573,NoButton,Move,655.02734375,781.5546875
7929.612173080444,7929.612173080444,NoButton,Move,655.02734375,788.32421875
7929.621248960495,7929.621248960495,NoButton,Move,655.02734375,794.1875
7929.629014968872,7929.629014968872,NoButton,Move,655.02734375,800.0859375
7929.637646913528,7929.637646913528,NoButton,Move,655.02734375,805.984375
7929.645056009293,7929.645056009293,NoButton,Move,654.37890625,815.70703125
7929.6535820961,7929.6535820961,NoButton,Move,653.73046875,825.4296875
7929.661500930786,7929.661500930786,NoButton,Move,652.54296875,833.12890625
7929.672237157822,7929.672237157822,NoButton,Move,651.4140625,839.8984375
7929.677795886993,7929.677795886993,NoButton,Move,651.015625,842.27734375
7929.6886830329895,7929.6886830329895,NoButton,Move,649.99609375,847.359375
7929.694370031357,7929.694370031357,NoButton,Move,649.5703125,850.328125
7929.705051898956,7929.705051898956,NoButton,Move,649.171875,852.70703125
7929.710764169693,7929.710764169693,NoButton,Move,648.80078125,854.55078125
7929.719108819962,7929.719108819962,NoButton,Move,648.80078125,855.48828125
7929.7269151210785,7929.7269151210785,NoButton,Move,648.484375,856.42578125
7929.737309932709,7929.737309932709,NoButton,Move,648.484375,856.68359375
7929.743685007095,7929.743685007095,NoButton,Move,648.484375,856.94140625
7929.752507925034,7929.752507925034,NoButton,Move,648.484375,857.19921875
7929.785335063934,7929.785335063934,NoButton,Move,648.71875,857.19921875
7929.792950153351,7929.792950153351,NoButton,Move,649.2890625,857.19921875
7929.801963090897,7929.801963090897,NoButton,Move,649.859375,857.19921875
7929.80927324295,7929.80927324295,NoButton,Move,650.796875,857.19921875
7929.817724943161,7929.817724943161,NoButton,Move,651.734375,857.19921875
7929.825803995132,7929.825803995132,NoButton,Move,652.671875,856.5703125
7929.834197044373,7929.834197044373,NoButton,Move,654.1484375,855.4609375
7929.84205698967,7929.84205698967,NoButton,Move,655.25390625,853.61328125
7929.850253105164,7929.850253105164,NoButton,Move,656.359375,851.765625
7929.858070135117,7929.858070135117,NoButton,Move,658.16796875,848.140625
7929.8709461688995,7929.8709461688995,NoButton,Move,659.96484375,844.5390625
7929.874661922455,7929.874661922455,NoButton,Move,661.88671875,840.2109375
7929.883152961731,7929.883152961731,NoButton,Move,663.91796875,835.125
7929.891201019287,7929.891201019287,NoButton,Move,665.94921875,830.0390625
7929.899136066437,7929.899136066437,NoButton,Move,667.47265625,824.953125
7929.907630205154,7929.907630205154,NoButton,Move,668.99609375,819.8671875
7929.915942907333,7929.915942907333,NoButton,Move,670.51953125,814.78125
7929.927156925201,7929.927156925201,NoButton,Move,671.48046875,810.453125
7929.9320731163025,7929.9320731163025,NoButton,Move,671.84765625,808.60546875
7929.940285921097,7929.940285921097,NoButton,Move,672.6953125,805.62890625
7929.948287963867,7929.948287963867,NoButton,Move,673.1171875,802.65234375
7929.956547021866,7929.956547021866,NoButton,Move,673.484375,800.8046875
7929.965012073517,7929.965012073517,NoButton,Move,673.8515625,798.95703125
7929.973294019699,7929.973294019699,NoButton,Move,673.8515625,797.58984375
7929.9811680316925,7929.9811680316925,NoButton,Move,673.8515625,796.6484375
7929.989949941635,7929.989949941635,NoButton,Move,673.8515625,795.70703125
7929.998054027557,7929.998054027557,NoButton,Move,673.8515625,795.1328125
7930.005748033524,7930.005748033524,NoButton,Move,673.8515625,794.55859375
7930.014091014862,7930.014091014862,NoButton,Move,673.8515625,794.296875
7930.0223870277405,7930.0223870277405,NoButton,Move,673.8515625,793.72265625
7930.030642032623,7930.030642032623,NoButton,Move,673.8515625,793.4609375
7930.0390610694885,7930.0390610694885,NoButton,Move,673.8515625,792.88671875
7930.046962976456,7930.046962976456,NoButton,Move,673.58984375,792.625
7930.055243968964,7930.055243968964,NoButton,Move,673.30078125,792.05078125
7930.063358068466,7930.063358068466,NoButton,Move,673.30078125,791.109375
7930.071221113205,7930.071221113205,NoButton,Move,673.30078125,790.16796875
7930.079523086548,7930.079523086548,NoButton,Move,672.984375,789.2265625
7930.088184118271,7930.088184118271,NoButton,Move,672.984375,787.86328125
7930.095717906952,7930.095717906952,NoButton,Move,672.984375,786.49609375
7930.104098081589,7930.104098081589,NoButton,Move,672.984375,785.12890625
7930.11282992363,7930.11282992363,NoButton,Move,672.984375,783.76171875
7930.121247053146,7930.121247053146,NoButton,Move,672.984375,783.1875
7930.1289348602295,7930.1289348602295,NoButton,Move,672.984375,782.24609375
7930.138864994049,7930.138864994049,NoButton,Move,672.984375,781.671875
7930.144920825958,7930.144920825958,NoButton,Move,672.984375,781.41015625
7930.155894994736,7930.155894994736,NoButton,Move,672.984375,781.1484375
7930.1613829135895,7930.1613829135895,NoButton,Move,672.984375,780.88671875
7930.383457183838,7930.383457183838,NoButton,Move,672.984375,780.41796875
7930.391165018082,7930.391165018082,NoButton,Move,672.984375,780.15625
7930.3997349739075,7930.3997349739075,NoButton,Move,672.984375,779.89453125
7930.415368080139,7930.415368080139,NoButton,Move,672.984375,779.6484375
7930.432228803635,7930.432228803635,NoButton,Move,672.984375,779.40234375
7930.84993314743,7930.84993314743,NoButton,Move,673.21484375,779.40234375
7930.857740163803,7930.857740163803,NoButton,Move,673.47265625,779.40234375
7930.8658628463745,7930.8658628463745,NoButton,Move,674.04296875,779.40234375
7930.875050067902,7930.875050067902,NoButton,Move,674.98046875,779.40234375
7930.88506603241,7930.88506603241,NoButton,Move,676.34375,779.40234375
7930.890294075012,7930.890294075012,NoButton,Move,677.28125,779.40234375
7930.898200035095,7930.898200035095,NoButton,Move,678.64453125,779.40234375
7930.906294107437,7930.906294107437,NoButton,Move,680.0078125,779.40234375
7930.914547920227,7930.914547920227,NoButton,Move,681.37109375,779.40234375
7930.9227340221405,7930.9227340221405,NoButton,Move,682.30859375,779.40234375
7930.930918931961,7930.930918931961,NoButton,Move,683.671875,779.40234375
7930.939105987549,7930.939105987549,NoButton,Move,685.03515625,779.40234375
7930.9475021362305,7930.9475021362305,NoButton,Move,686.3984375,779.40234375
7930.955666065216,7930.955666065216,NoButton,Move,687.3359375,779.40234375
7930.963953971863,7930.963953971863,NoButton,Move,688.2734375,779.40234375
7930.972029924393,7930.972029924393,NoButton,Move,689.2109375,779.40234375
7930.979861974716,7930.979861974716,NoButton,Move,690.1484375,779.40234375
7930.989912033081,7930.989912033081,NoButton,Move,690.71875,779.40234375
7930.996298074722,7930.996298074722,NoButton,Move,691.2890625,779.40234375
7931.0048570632935,7931.0048570632935,NoButton,Move,691.859375,779.40234375
7931.012943983078,7931.012943983078,NoButton,Move,692.1171875,779.66015625
7931.024679899216,7931.024679899216,NoButton,Move,692.6875,779.66015625
7931.029484033585,7931.029484033585,NoButton,Move,692.9453125,779.66015625
7931.037592172623,7931.037592172623,NoButton,Move,693.203125,779.91796875
7931.045726060867,7931.045726060867,NoButton,Move,693.4609375,779.91796875
7931.0550038814545,7931.0550038814545,NoButton,Move,693.71875,779.91796875
7931.062134981155,7931.062134981155,NoButton,Move,693.9765625,779.91796875
7931.078631877899,7931.078631877899,NoButton,Move,694.21875,780.16015625
7931.725609064102,7931.725609064102,NoButton,Move,694.6796875,780.16015625
7931.735090017319,7931.735090017319,NoButton,Move,695.25,780.16015625
7931.741888999939,7931.741888999939,NoButton,Move,696.1875,780.16015625
7931.750892162323,7931.750892162323,NoButton,Move,696.7578125,780.16015625
7931.7583639621735,7931.7583639621735,NoButton,Move,697.6953125,780.16015625
7931.766882181168,7931.766882181168,NoButton,Move,698.265625,780.16015625
7931.775419950485,7931.775419950485,NoButton,Move,698.8359375,780.16015625
7931.783123016357,7931.783123016357,NoButton,Move,699.40625,780.16015625
7931.791139125824,7931.791139125824,NoButton,Move,699.9765625,780.4453125
7931.799280881882,7931.799280881882,NoButton,Move,700.234375,780.4453125
7931.80738401413,7931.80738401413,NoButton,Move,700.8046875,780.4453125
7931.815807104111,7931.815807104111,NoButton,Move,701.0625,780.4453125
7931.823864221573,7931.823864221573,NoButton,Move,701.3203125,780.703125
7931.8322660923,7931.8322660923,NoButton,Move,701.890625,780.703125
7931.840202093124,7931.840202093124,NoButton,Move,702.1484375,780.703125
7931.848617076874,7931.848617076874,NoButton,Move,702.40625,780.703125
7931.857059001923,7931.857059001923,NoButton,Move,702.9765625,780.98828125
7931.86511015892,7931.86511015892,NoButton,Move,703.234375,780.98828125
7931.873358011246,7931.873358011246,NoButton,Move,703.4921875,780.98828125
7931.88161110878,7931.88161110878,NoButton,Move,704.0625,780.98828125
7931.889829874039,7931.889829874039,NoButton,Move,704.3203125,781.24609375
7931.897933006287,7931.897933006287,NoButton,Move,704.578125,781.24609375
7931.90594792366,7931.90594792366,NoButton,Move,704.8359375,781.24609375
7931.913977146149,7931.913977146149,NoButton,Move,705.09375,781.24609375
7931.922216892242,7931.922216892242,NoButton,Move,705.3515625,781.50390625
7931.930595159531,7931.930595159531,NoButton,Move,705.609375,781.50390625
7931.939336061478,7931.939336061478,NoButton,Move,705.8671875,781.50390625
7931.946703910828,7931.946703910828,NoButton,Move,706.125,781.50390625
7931.955060958862,7931.955060958862,NoButton,Move,706.3828125,781.50390625
7931.963490009308,7931.963490009308,NoButton,Move,706.640625,781.76171875
7931.97921204567,7931.97921204567,NoButton,Move,706.8828125,781.76171875
7932.02916097641,7932.02916097641,NoButton,Move,707.1171875,781.76171875
7932.644150972366,7932.644150972366,NoButton,Move,707.1171875,781.296875
7932.654457807541,7932.654457807541,NoButton,Move,706.74609375,779.44921875
7932.661098003387,7932.661098003387,NoButton,Move,706.34765625,777.06640625
7932.668109178543,7932.668109178543,NoButton,Move,705.49609375,774.08984375
7932.676290035248,7932.676290035248,NoButton,Move,704.58984375,770.46484375
7932.684974908829,7932.684974908829,NoButton,Move,703.5703125,765.37890625
7932.692566156387,7932.692566156387,NoButton,Move,701.0859375,756.69140625
7932.700740814209,7932.700740814209,NoButton,Move,699.8984375,748.98828125
7932.711240053177,7932.711240053177,NoButton,Move,697.953125,739.26171875
7932.71829199791,7932.71829199791,NoButton,Move,696.55859375,727.41015625
7932.72468996048,7932.72468996048,NoButton,Move,695.1484375,715.4296875
7932.732910871506,7932.732910871506,NoButton,Move,694.4140625,702.23828125
7932.741168022156,7932.741168022156,NoButton,Move,692.9453125,689.046875
7932.74942111969,7932.74942111969,NoButton,Move,692.37890625,682.2734375
7932.7575759887695,7932.7575759887695,NoButton,Move,691.69921875,671.44921875
7932.765697002411,7932.765697002411,NoButton,Move,690.734375,667.12109375
7932.7740359306335,7932.7740359306335,NoButton,Move,690.16796875,660.34765625
7932.782201051712,7932.782201051712,NoButton,Move,689.1484375,655.26171875
7932.790539979935,7932.790539979935,NoButton,Move,688.6953125,651.63671875
7932.798814058304,7932.798814058304,NoButton,Move,687.8984375,649.25390625
7932.806786060333,7932.806786060333,NoButton,Move,687.5546875,647.88671875
7932.8148810863495,7932.8148810863495,NoButton,Move,687.5546875,647.3125
7932.8230221271515,7932.8230221271515,NoButton,Move,687.265625,646.73828125
7932.855530023575,7932.855530023575,Left,Pressed,687.265625,646.73828125
7932.954914093018,7932.954914093018,Left,Released,687.265625,646.73828125
7933.200384140015,7933.200384140015,NoButton,Move,688.90625,646.97265625
7933.207947015762,7933.207947015762,NoButton,Move,694.8046875,649.1171875
7933.216277122498,7933.216277122498,NoButton,Move,702.4765625,652.06640625
7933.224310159683,7933.224310159683,NoButton,Move,723.21484375,658.375
7933.232448101044,7933.232448101044,NoButton,Move,742.4296875,664.48828125
7933.240960121155,7933.240960121155,NoButton,Move,768.078125,673.3671875
7933.249315023422,7933.249315023422,NoButton,Move,818.546875,689.3046875
7933.2570559978485,7933.2570559978485,NoButton,Move,837.76171875,696.2890625
7933.26523399353,7933.26523399353,NoButton,Move,902.078125,720.21875
7933.273563861847,7933.273563861847,NoButton,Move,946.5625,736.73828125
7933.281640052795,7933.281640052795,NoButton,Move,967.30078125,744.8515625
7933.289924860001,7933.289924860001,NoButton,Move,1009.54296875,759.7578125
7933.298298835754,7933.298298835754,NoButton,Move,1049.6015625,774.32421875
7933.306345939636,7933.306345939636,NoButton,Move,1086.62109375,787.05078125
7933.314682006836,7933.314682006836,NoButton,Move,1100.3125,792.375
7933.322963953018,7933.322963953018,NoButton,Move,1127.71484375,802.5234375
7933.330996990204,7933.330996990204,NoButton,Move,1152.37890625,813.375
7933.339230060577,7933.339230060577,NoButton,Move,1160.078125,816.3359375
7933.347270965576,7933.347270965576,NoButton,Move,1175.6015625,823.6875
7933.355626106262,7933.355626106262,NoButton,Move,1186.87109375,829.3203125
7933.605154037476,7933.605154037476,NoButton,Move,1187.8046875,829.3203125
7933.61004114151,7933.61004114151,NoButton,Move,1189.16796875,829.66015625
7933.621850013733,7933.621850013733,NoButton,Move,1190.53125,830.0
7933.629207134247,7933.629207134247,NoButton,Move,1191.89453125,830.33984375
7933.634292125702,7933.634292125702,NoButton,Move,1194.2734375,830.33984375
7933.642732143402,7933.642732143402,NoButton,Move,1197.24609375,830.76171875
7933.650926113129,7933.650926113129,NoButton,Move,1200.8671875,830.76171875
7933.658864021301,7933.658864021301,NoButton,Move,1205.19140625,830.76171875
7933.668684005737,7933.668684005737,NoButton,Move,1210.2734375,830.76171875
7933.675130844116,7933.675130844116,NoButton,Move,1216.171875,830.76171875
7933.683961868286,7933.683961868286,NoButton,Move,1226.9921875,830.76171875
7933.692057847977,7933.692057847977,NoButton,Move,1234.69140625,830.76171875
7933.699803829193,7933.699803829193,NoButton,Move,1244.4140625,831.40625
7933.708022117615,7933.708022117615,NoButton,Move,1254.13671875,832.05078125
7933.715973854065,7933.715973854065,NoButton,Move,1259.21875,832.55859375
7933.724016904831,7933.724016904831,NoButton,Move,1268.94140625,833.203125
7933.732084989548,7933.732084989548,NoButton,Move,1284.71875,833.98828125
7933.740323066711,7933.740323066711,NoButton,Move,1294.44140625,834.6328125
7933.748420000076,7933.748420000076,NoButton,Move,1298.765625,835.11328125
7933.756685018539,7933.756685018539,NoButton,Move,1307.44921875,835.73046875
7933.764796972275,7933.764796972275,NoButton,Move,1315.1484375,836.9140625
7933.773055076599,7933.773055076599,NoButton,Move,1321.91796875,838.0390625
7933.781188964844,7933.781188964844,NoButton,Move,1328.6875,839.1640625
7933.789494037628,7933.789494037628,NoButton,Move,1335.45703125,840.2890625
7933.798005104065,7933.798005104065,NoButton,Move,1340.5390625,841.3046875
7933.806548118591,7933.806548118591,NoButton,Move,1345.62109375,842.3203125
7933.8143010139465,7933.8143010139465,NoButton,Move,1348.0,843.11328125
7933.822402000427,7933.822402000427,NoButton,Move,1351.62109375,844.015625
7933.830643892288,7933.830643892288,NoButton,Move,1354.59375,844.86328125
7933.838830947876,7933.838830947876,NoButton,Move,1356.97265625,845.65625
7933.8471801280975,7933.8471801280975,NoButton,Move,1358.81640625,846.39453125
7933.855796098709,7933.855796098709,NoButton,Move,1360.1796875,847.07421875
7933.86346912384,7933.86346912384,NoButton,Move,1361.54296875,847.4140625
7933.87175822258,7933.87175822258,NoButton,Move,1362.11328125,847.69921875
7933.879687070847,7933.879687070847,NoButton,Move,1362.68359375,847.984375
7933.888201951981,7933.888201951981,NoButton,Move,1362.94140625,848.2421875
7933.897812128067,7933.897812128067,NoButton,Move,1363.51171875,848.2421875
7933.904982089996,7933.904982089996,NoButton,Move,1363.76953125,848.2421875
7933.914422988892,7933.914422988892,NoButton,Move,1364.02734375,848.2421875
7933.920872926712,7933.920872926712,NoButton,Move,1364.28515625,848.2421875
7933.929057121277,7933.929057121277,NoButton,Move,1364.54296875,848.2421875
7933.937477827072,7933.937477827072,NoButton,Move,1364.80078125,848.2421875
7933.947562932968,7933.947562932968,NoButton,Move,1365.05859375,848.2421875
7933.961847066879,7933.961847066879,NoButton,Move,1365.30078125,848.2421875
7933.970911979675,7933.970911979675,NoButton,Move,1365.5859375,847.66796875
7933.978601932526,7933.978601932526,NoButton,Move,1365.87109375,847.09375
7933.9890167713165,7933.9890167713165,NoButton,Move,1366.89453125,846.06640625
7933.994513034821,7933.994513034821,NoButton,Move,1367.83203125,845.4375
7934.004302978516,7934.004302978516,NoButton,Move,1368.76953125,844.80859375
7934.012145042419,7934.012145042419,NoButton,Move,1370.1328125,844.125
7934.021867990494,7934.021867990494,NoButton,Move,1371.0703125,843.80859375
7934.0272760391235,7934.0272760391235,NoButton,Move,1372.43359375,843.46484375
7934.038222074509,7934.038222074509,NoButton,Move,1373.796875,843.12109375
7934.043663978577,7934.043663978577,NoButton,Move,1374.734375,843.12109375
7934.055874109268,7934.055874109268,NoButton,Move,1375.3046875,843.12109375
7934.059964895248,7934.059964895248,NoButton,Move,1375.875,843.12109375
7934.071180105209,7934.071180105209,NoButton,Move,1376.4453125,843.12109375
7934.076592922211,7934.076592922211,NoButton,Move,1376.703125,843.12109375
7934.087795972824,7934.087795972824,NoButton,Move,1376.9609375,843.12109375
7934.1052069664,7934.1052069664,Left,Pressed,1376.9609375,843.12109375
7934.20517706871,7934.20517706871,Left,Released,1376.9609375,843.12109375
7934.542578935623,7934.542578935623,NoButton,Move,1376.03125,843.12109375
7934.550708055496,7934.550708055496,NoButton,Move,1371.703125,841.67578125
7934.558926105499,7934.558926105499,NoButton,Move,1366.3359375,838.45703125
7934.567306995392,7934.567306995392,NoButton,Move,1354.16015625,830.0859375
7934.575409889221,7934.575409889221,NoButton,Move,1330.8125,812.828125
7934.583545923233,7934.583545923233,NoButton,Move,1306.81640625,793.00390625
7934.591961860657,7934.591961860657,NoButton,Move,1272.19140625,764.5625
7934.60000705719,7934.60000705719,NoButton,Move,1227.4140625,731.99609375
7934.608119010925,7934.608119010925,NoButton,Move,1174.0390625,698.81640625
7934.616349935532,7934.616349935532,NoButton,Move,1114.20703125,667.40234375
7934.62469291687,7934.62469291687,NoButton,Move,1049.88671875,643.46875
7934.632776021957,7934.632776021957,NoButton,Move,989.30078125,626.15625
7934.641083955765,7934.641083955765,NoButton,Move,964.3828125,623.28125
7934.64910697937,7934.64910697937,NoButton,Move,917.35546875,615.65234375
7934.65794801712,7934.65794801712,NoButton,Move,901.57421875,615.65234375
7934.665380001068,7934.665380001068,NoButton,Move,869.421875,615.65234375
7934.912249803543,7934.912249803543,NoButton,Move,870.359375,614.9453125
7934.923789024353,7934.923789024353,NoButton,Move,871.8359375,613.46484375
7934.938339948654,7934.938339948654,NoButton,Move,873.95703125,610.9140625
7934.939518928528,7934.939518928528,NoButton,Move,876.359375,607.06640625
7934.944329023361,7934.944329023361,NoButton,Move,878.8984375,602.48828125
7934.953469991684,7934.953469991684,NoButton,Move,883.6328125,592.33984375
7934.960457086563,7934.960457086563,NoButton,Move,891.74609375,571.59765625
7934.969984054565,7934.969984054565,NoButton,Move,896.6484375,554.4375
7934.977097988129,7934.977097988129,NoButton,Move,901.4375,529.51953125
7934.98686003685,7934.98686003685,NoButton,Move,906.65234375,499.26171875
7934.993520021439,7934.993520021439,NoButton,Move,913.72265625,439.8671875
7935.003751039505,7935.003751039505,NoButton,Move,915.41015625,421.26953125
7935.009918928146,7935.009918928146,NoButton,Move,920.03515625,383.0859375
7935.019977092743,7935.019977092743,NoButton,Move,923.41796875,346.97265625
7935.026495933533,7935.026495933533,NoButton,Move,925.61328125,333.78125
7935.0369420051575,7935.0369420051575,NoButton,Move,929.55859375,307.140625
7935.042985916138,7935.042985916138,NoButton,Move,931.33203125,299.4375
7935.05150103569,7935.05150103569,NoButton,Move,934.59765625,282.27734375
7939.922919034958,7939.922919034958,NoButton,Move,928.3359375,278.796875
7939.930145025253,7939.930145025253,NoButton,Move,893.95703125,256.2734375
7939.938337087631,7939.938337087631,NoButton,Move,855.4375,231.421875
7939.9470291137695,7939.9470291137695,NoButton,Move,836.5,219.6953125
7939.955384016037,7939.955384016037,NoButton,Move,796.05859375,195.68359375
7939.963408946991,7939.963408946991,NoButton,Move,758.42578125,175.04296875
7939.9722599983215,7939.9722599983215,NoButton,Move,723.71484375,157.6875
7939.980927944183,7939.980927944183,NoButton,Move,690.984375,141.88671875
7939.9889550209045,7939.9889550209045,NoButton,Move,660.9765625,129.0234375
7939.99617099762,7939.99617099762,NoButton,Move,650.828125,124.9609375
7940.00513792038,7940.00513792038,NoButton,Move,630.0859375,117.74609375
7940.0126321315765,7940.0126321315765,NoButton,Move,622.3828125,115.375
7940.0215611457825,7940.0215611457825,NoButton,Move,607.92578125,110.80859375
7940.028367996216,7940.028367996216,NoButton,Move,597.1015625,108.1015625
7940.036985874176,7940.036985874176,NoButton,Move,593.484375,107.1953125
7940.044778108597,7940.044778108597,NoButton,Move,586.7109375,106.06640625
7940.053186178207,7940.053186178207,NoButton,Move,581.625,105.046875
7940.062390089035,7940.062390089035,NoButton,Move,578.0,104.59375
7940.071218013763,7940.071218013763,NoButton,Move,575.02734375,104.59375
7940.078888893127,7940.078888893127,NoButton,Move,572.64453125,104.1953125
7940.086168766022,7940.086168766022,NoButton,Move,571.27734375,104.1953125
7940.095945119858,7940.095945119858,NoButton,Move,569.91015625,103.8515625
7940.102189064026,7940.102189064026,NoButton,Move,568.54296875,103.8515625
7940.110723018646,7940.110723018646,NoButton,Move,567.17578125,103.5078125
7940.118905067444,7940.118905067444,NoButton,Move,566.234375,103.5078125
7940.126999139786,7940.126999139786,NoButton,Move,565.29296875,103.5078125
7940.135436058044,7940.135436058044,NoButton,Move,564.3515625,103.5078125
7940.144695997238,7940.144695997238,NoButton,Move,563.77734375,103.5078125
7940.15642285347,7940.15642285347,NoButton,Move,563.203125,103.5078125
7940.159619808197,7940.159619808197,NoButton,Move,562.62890625,103.5078125
7940.168220996857,7940.168220996857,NoButton,Move,562.0546875,103.79296875
7940.175894021988,7940.175894021988,NoButton,Move,561.7109375,105.15625
7940.184905052185,7940.184905052185,NoButton,Move,561.3671875,106.51953125
7940.19242811203,7940.19242811203,NoButton,Move,560.625,108.36328125
7940.201232910156,7940.201232910156,NoButton,Move,560.25390625,110.20703125
7940.20888710022,7940.20888710022,NoButton,Move,559.8828125,112.05078125
7940.218149900436,7940.218149900436,NoButton,Move,559.51171875,113.89453125
7940.224911928177,7940.224911928177,NoButton,Move,558.76953125,115.73828125
7940.2330849170685,7940.2330849170685,NoButton,Move,558.3984375,117.58203125
7940.241585016251,7940.241585016251,NoButton,Move,558.0546875,118.9453125
7940.253239154816,7940.253239154816,NoButton,Move,558.0546875,120.30859375
7940.259191989899,7940.259191989899,NoButton,Move,557.7109375,121.671875
7940.266118049622,7940.266118049622,NoButton,Move,557.7109375,122.609375
7940.274398088455,7940.274398088455,NoButton,Move,557.7109375,123.1796875
7940.282565832138,7940.282565832138,NoButton,Move,557.7109375,124.1171875
7940.290198087692,7940.290198087692,NoButton,Move,557.7109375,124.6875
7940.298640012741,7940.298640012741,NoButton,Move,557.7109375,125.625
7940.306622028351,7940.306622028351,NoButton,Move,557.7109375,126.5625
7940.314884901047,7940.314884901047,NoButton,Move,557.7109375,127.5
7940.323904037476,7940.323904037476,NoButton,Move,557.7109375,128.4375
7940.331750869751,7940.331750869751,NoButton,Move,557.7109375,129.0078125
7940.339530944824,7940.339530944824,NoButton,Move,557.7109375,129.9453125
7940.34769487381,7940.34769487381,NoButton,Move,557.7109375,130.8828125
7940.3558740615845,7940.3558740615845,NoButton,Move,557.7109375,131.453125
7940.364206790924,7940.364206790924,NoButton,Move,557.7109375,132.0234375
7940.372600078583,7940.372600078583,NoButton,Move,557.7109375,132.28125
7940.380831956863,7940.380831956863,NoButton,Move,557.7109375,132.8515625
7940.389086008072,7940.389086008072,NoButton,Move,557.7109375,133.109375
7940.397068023682,7940.397068023682,NoButton,Move,557.7109375,133.3671875
7940.404825925827,7940.404825925827,NoButton,Move,557.7109375,133.625
7940.421454191208,7940.421454191208,NoButton,Move,557.7109375,133.8671875
7940.4300220012665,7940.4300220012665,NoButton,Move,557.96875,133.8671875
7940.437664031982,7940.437664031982,NoButton,Move,557.96875,134.125
7940.454782962799,7940.454782962799,Left,Pressed,557.96875,134.125
7940.472451925278,7940.472451925278,NoButton,Move,558.08984375,134.125
7940.571681976318,7940.571681976318,Left,Released,558.08984375,134.125
7941.087648153305,7941.087648153305,NoButton,Move,558.08984375,134.5859375
7941.093561887741,7941.093561887741,NoButton,Move,558.08984375,138.18359375
7941.104591846466,7941.104591846466,NoButton,Move,556.0546875,143.265625
7941.109375953674,7941.109375953674,NoButton,Move,554.4453125,149.1640625
7941.117779970169,7941.117779970169,NoButton,Move,551.48046875,156.26953125
7941.125990867615,7941.125990867615,NoButton,Move,549.22265625,163.0390625
7941.134261131287,7941.134261131287,NoButton,Move,546.2578125,170.73828125
7941.142188072205,7941.142188072205,NoButton,Move,540.33984375,188.48828125
7941.150892019272,7941.150892019272,NoButton,Move,533.57421875,206.23828125
7941.158515930176,7941.158515930176,NoButton,Move,525.203125,228.55859375
7941.171315908432,7941.171315908432,NoButton,Move,515.3359375,254.20703125
7941.201401948929,7941.201401948929,NoButton,Move,505.46875,279.85546875
7941.201632022858,7941.201632022858,NoButton,Move,495.31640625,307.2578125
7941.201703071594,7941.201703071594,NoButton,Move,483.83984375,335.42578125
7941.201750040054,7941.201750040054,NoButton,Move,478.90625,346.6953125
7941.207109928131,7941.207109928131,NoButton,Move,469.3203125,370.65234375
7941.21564078331,7941.21564078331,NoButton,Move,461.203125,391.390625
7941.230144023895,7941.230144023895,NoButton,Move,453.59375,409.140625
7941.232664108276,7941.232664108276,NoButton,Move,450.76953125,415.34765625
7941.240323066711,7941.240323066711,NoButton,Move,444.90625,427.80078125
7941.24853515625,7941.24853515625,NoButton,Move,440.3671875,436.875
7941.256683111191,7941.256683111191,NoButton,Move,436.21875,443.98046875
7941.266568899155,7941.266568899155,NoButton,Move,435.109375,445.82421875
7941.275547027588,7941.275547027588,NoButton,Move,432.0546875,449.890625
7941.287515878677,7941.287515878677,NoButton,Move,429.9296875,452.4375
7941.289434909821,7941.289434909821,NoButton,Move,427.94140625,454.0234375
7941.297513008118,7941.297513008118,NoButton,Move,426.4609375,455.5
7941.30613899231,7941.30613899231,NoButton,Move,424.98046875,456.60546875
7941.313971996307,7941.313971996307,NoButton,Move,423.61328125,457.28515625
7941.322499036789,7941.322499036789,NoButton,Move,422.1328125,458.390625
7941.332690954208,7941.332690954208,NoButton,Move,421.10546875,459.4140625
7941.338672876358,7941.338672876358,NoButton,Move,418.98046875,461.53515625
7941.3474271297455,7941.3474271297455,NoButton,Move,417.87109375,463.37890625
7941.354734182358,7941.354734182358,NoButton,Move,416.16796875,465.92578125
7941.36452794075,7941.36452794075,NoButton,Move,414.9765625,468.3046875
7941.371288776398,7941.371288776398,NoButton,Move,413.2734375,470.8515625
7941.379531145096,7941.379531145096,NoButton,Move,411.5703125,473.3984375
7941.387480020523,7941.387480020523,NoButton,Move,410.4609375,474.875
7941.395725011826,7941.395725011826,NoButton,Move,408.7578125,477.421875
7941.405997037888,7941.405997037888,NoButton,Move,406.4921875,480.58984375
7941.412561893463,7941.412561893463,NoButton,Move,404.3671875,483.13671875
7941.420559883118,7941.420559883118,NoButton,Move,402.6640625,485.68359375
7941.4295790195465,7941.4295790195465,NoButton,Move,400.8515625,488.8515625
7941.439563989639,7941.439563989639,NoButton,Move,399.0390625,492.47265625
7941.445006132126,7941.445006132126,NoButton,Move,397.11328125,496.796875
7941.454966068268,7941.454966068268,NoButton,Move,395.5859375,501.87890625
7941.461488008499,7941.461488008499,NoButton,Move,393.4375,507.77734375
7941.469637870789,7941.469637870789,NoButton,Move,390.84375,517.5
7941.477620124817,7941.477620124817,NoButton,Move,389.9375,521.12109375
7941.487046003342,7941.487046003342,NoButton,Move,388.16015625,528.8203125
7941.493994951248,7941.493994951248,NoButton,Move,386.46484375,535.58984375
7941.509736061096,7941.509736061096,NoButton,Move,385.3359375,542.359375
7941.5121240615845,7941.5121240615845,NoButton,Move,384.26171875,548.2578125
7941.518656015396,7941.518656015396,NoButton,Move,383.1328125,555.02734375
7941.526849031448,7941.526849031448,NoButton,Move,382.453125,565.84765625
7941.5359880924225,7941.5359880924225,NoButton,Move,381.8046875,575.5703125
7941.543192863464,7941.543192863464,NoButton,Move,381.8046875,585.29296875
7941.553333997726,7941.553333997726,NoButton,Move,381.8046875,597.26953125
7941.559694051743,7941.559694051743,NoButton,Move,381.8046875,611.72265625
7941.569406032562,7941.569406032562,NoButton,Move,383.77734375,638.359375
7941.576452970505,7941.576452970505,NoButton,Move,387.3828125,660.0
7941.584226131439,7941.584226131439,NoButton,Move,389.32421875,669.72265625
7941.592221021652,7941.592221021652,NoButton,Move,391.09765625,677.421875
7941.600633144379,7941.600633144379,NoButton,Move,392.703125,683.3203125
7941.608646869659,7941.608646869659,NoButton,Move,395.29296875,693.04296875
7941.616870880127,7941.616870880127,NoButton,Move,397.546875,699.8125
7941.625051021576,7941.625051021576,NoButton,Move,399.578125,704.89453125
7941.63312792778,7941.63312792778,NoButton,Move,400.93359375,708.515625
7941.641341924667,7941.641341924667,NoButton,Move,402.0390625,710.359375
7941.838582992554,7941.838582992554,NoButton,Move,402.0390625,712.02734375
7941.8462018966675,7941.8462018966675,NoButton,Move,402.0390625,715.0
7941.854676961899,7941.854676961899,NoButton,Move,401.5859375,718.62109375
7941.862659931183,7941.862659931183,NoButton,Move,401.1015625,722.9453125
7941.87179017067,7941.87179017067,NoButton,Move,400.203125,726.53515625
7941.87925696373,7941.87925696373,NoButton,Move,399.296875,730.15625
7941.88750910759,7941.88750910759,NoButton,Move,397.6875,736.0546875
7941.89576292038,7941.89576292038,NoButton,Move,396.078125,741.953125
7941.903846979141,7941.903846979141,NoButton,Move,394.04296875,747.03515625
7941.911978006363,7941.911978006363,NoButton,Move,392.59765625,751.359375
7941.920737028122,7941.920737028122,NoButton,Move,391.85546875,753.203125
7941.928697109222,7941.928697109222,NoButton,Move,390.578125,756.17578125
7941.937535047531,7941.937535047531,NoButton,Move,389.78125,758.5546875
7941.9449899196625,7941.9449899196625,NoButton,Move,389.0390625,760.3984375
7941.961336135864,7941.961336135864,NoButton,Move,388.6953125,761.76171875
7941.961436986923,7941.961436986923,NoButton,Move,388.37890625,762.69921875
7941.969219923019,7941.969219923019,NoButton,Move,388.08984375,763.26953125
7941.977006912231,7941.977006912231,NoButton,Move,388.08984375,763.52734375
7941.985891819,7941.985891819,NoButton,Move,387.828125,763.78515625
7942.004846096039,7942.004846096039,Left,Pressed,387.828125,763.78515625
7942.021390199661,7942.021390199661,NoButton,Move,387.828125,763.90625
7942.121934175491,7942.121934175491,Left,Released,387.828125,763.90625
7943.23868393898,7943.23868393898,NoButton,Move,387.828125,762.98046875
7943.24681186676,7943.24681186676,NoButton,Move,388.67578125,760.00390625
7943.2575471401215,7943.2575471401215,NoButton,Move,390.9375,756.83203125
7943.263282060623,7943.263282060623,NoButton,Move,392.74609375,753.20703125
7943.273288965225,7943.273288965225,NoButton,Move,395.42578125,747.83984375
7943.285556077957,7943.285556077957,NoButton,Move,398.10546875,742.47265625
7943.289845943451,7943.289845943451,NoButton,Move,405.08984375,723.25390625
7943.298031806946,7943.298031806946,NoButton,Move,410.59765625,708.296875
7943.307615041733,7943.307615041733,NoButton,Move,415.66796875,689.69921875
7943.312438011169,7943.312438011169,NoButton,Move,421.078125,668.0546875
7943.321168899536,7943.321168899536,NoButton,Move,426.65625,644.80078125
7943.335726976395,7943.335726976395,NoButton,Move,432.234375,621.546875
7943.338657140732,7943.338657140732,NoButton,Move,434.82421875,611.8203125
7943.345098972321,7943.345098972321,NoButton,Move,436.59765625,604.1171875
7948.472126960754,7948.472126960754,NoButton,Move,437.51953125,604.1171875
7948.480148077011,7948.480148077011,NoButton,Move,441.84375,602.671875
7948.488244056702,7948.488244056702,NoButton,Move,446.92578125,600.63671875
7948.496524095535,7948.496524095535,NoButton,Move,452.82421875,598.48828125
7948.50471496582,7948.50471496582,NoButton,Move,460.5234375,595.5234375
7948.513123989105,7948.513123989105,NoButton,Move,467.62890625,592.55859375
7948.521232843399,7948.521232843399,NoButton,Move,474.3984375,590.30078125
7948.5296189785,7948.5296189785,NoButton,Move,500.046875,582.40625
7948.537837028503,7948.537837028503,NoButton,Move,508.73046875,579.921875
7948.545914888382,7948.545914888382,NoButton,Move,524.5078125,576.765625
7948.554085016251,7948.554085016251,NoButton,Move,541.6640625,573.49609375
7948.562252044678,7948.562252044678,NoButton,Move,557.44140625,571.12890625
7948.570545911789,7948.570545911789,NoButton,Move,573.1640625,568.76953125
7948.5782380104065,7948.5782380104065,NoButton,Move,579.0625,568.23046875
7948.5864861011505,7948.5864861011505,NoButton,Move,589.8828125,566.875
7948.594544887543,7948.594544887543,NoButton,Move,598.56640625,566.25390625
7948.602796077728,7948.602796077728,NoButton,Move,601.5390625,566.25390625
7948.611425161362,7948.611425161362,NoButton,Move,607.4375,565.71484375
7948.619264125824,7948.619264125824,NoButton,Move,611.76171875,565.23046875
7948.627771854401,7948.627771854401,NoButton,Move,615.3828125,564.77734375
7948.650082111359,7948.650082111359,NoButton,Move,617.2265625,564.40625
7948.650161027908,7948.650161027908,NoButton,Move,619.0703125,564.40625
7948.651992082596,7948.651992082596,NoButton,Move,620.0078125,564.40625
7948.660062074661,7948.660062074661,NoButton,Move,620.578125,564.1171875
7948.668349981308,7948.668349981308,NoButton,Move,620.8359375,564.1171875
7948.676555156708,7948.676555156708,NoButton,Move,621.09375,563.85546875
7948.690141916275,7948.690141916275,NoButton,Move,621.3515625,563.85546875
7948.703819036484,7948.703819036484,NoButton,Move,621.3515625,563.609375
7948.711240053177,7948.711240053177,NoButton,Move,621.3515625,563.34765625
7948.7260501384735,7948.7260501384735,NoButton,Move,621.3515625,563.1015625
7948.742204904556,7948.742204904556,NoButton,Move,621.3515625,562.85546875
7948.766286849976,7948.766286849976,NoButton,Move,621.3515625,562.61328125
7948.815811157227,7948.815811157227,NoButton,Move,621.3515625,562.375
7948.849138975143,7948.849138975143,NoButton,Move,621.3515625,562.13671875
7948.857190847397,7948.857190847397,NoButton,Move,621.3515625,561.875
7948.865265846252,7948.865265846252,NoButton,Move,621.3515625,561.61328125
7948.873520851135,7948.873520851135,NoButton,Move,621.3515625,561.0390625
7948.8822889328,7948.8822889328,NoButton,Move,621.3515625,560.46484375
7948.890038013458,7948.890038013458,NoButton,Move,621.3515625,559.890625
7948.8978090286255,7948.8978090286255,NoButton,Move,621.3515625,559.31640625
7948.906242132187,7948.906242132187,NoButton,Move,621.3515625,558.7421875
7948.914373874664,7948.914373874664,NoButton,Move,621.3515625,558.48046875
7948.922684907913,7948.922684907913,NoButton,Move,621.3515625,557.90625
7948.930775165558,7948.930775165558,NoButton,Move,621.3515625,557.33203125
7948.939650058746,7948.939650058746,NoButton,Move,621.3515625,557.0703125
7948.947114944458,7948.947114944458,NoButton,Move,621.3515625,556.80859375
7948.963600873947,7948.963600873947,NoButton,Move,621.3515625,556.5625
7948.9968729019165,7948.9968729019165,NoButton,Move,621.3515625,556.32421875
7949.004654169083,7949.004654169083,NoButton,Move,621.08984375,556.32421875
7949.895929813385,7949.895929813385,NoButton,Move,620.85546875,556.32421875
7949.896057128906,7949.896057128906,NoButton,Move,620.609375,556.32421875
7949.8961589336395,7949.8961589336395,NoButton,Move,620.34765625,556.32421875
7949.896255016327,7949.896255016327,NoButton,Move,620.0859375,556.32421875
7949.896292924881,7949.896292924881,NoButton,Move,619.51171875,556.32421875
7949.896480083466,7949.896480083466,NoButton,Move,619.25,556.32421875
7949.904579162598,7949.904579162598,NoButton,Move,618.67578125,556.609375
7949.912756919861,7949.912756919861,NoButton,Move,618.4140625,556.8671875
7949.9210340976715,7949.9210340976715,NoButton,Move,617.83984375,557.4375
7949.929134845734,7949.929134845734,NoButton,Move,617.265625,557.72265625
7949.937251806259,7949.937251806259,NoButton,Move,616.69140625,558.29296875
7949.945461034775,7949.945461034775,NoButton,Move,616.1171875,558.86328125
7949.953726053238,7949.953726053238,NoButton,Move,615.54296875,559.43359375
7949.9619081020355,7949.9619081020355,NoButton,Move,614.96875,560.00390625
7949.970087051392,7949.970087051392,NoButton,Move,614.02734375,560.62890625
7949.978302001953,7949.978302001953,NoButton,Move,613.453125,560.9140625
7949.98729300499,7949.98729300499,NoButton,Move,612.87890625,561.484375
7949.99551320076,7949.99551320076,NoButton,Move,611.9375,562.109375
7950.003113031387,7950.003113031387,NoButton,Move,611.36328125,562.6796875
7950.011173009872,7950.011173009872,NoButton,Move,610.421875,562.9921875
7950.019404172897,7950.019404172897,NoButton,Move,609.84765625,563.5625
7950.0273978710175,7950.0273978710175,NoButton,Move,608.90625,564.1875
7950.03568315506,7950.03568315506,NoButton,Move,608.33203125,564.47265625
7950.04382109642,7950.04382109642,NoButton,Move,607.7578125,564.7578125
7950.052104949951,7950.052104949951,NoButton,Move,606.81640625,565.0703125
7950.060163021088,7950.060163021088,NoButton,Move,606.2421875,565.35546875
7950.068387031555,7950.068387031555,NoButton,Move,605.66796875,565.640625
7950.076539039612,7950.076539039612,NoButton,Move,605.09375,565.92578125
7950.084702968597,7950.084702968597,NoButton,Move,604.51953125,566.2109375
7950.0930371284485,7950.0930371284485,NoButton,Move,603.9453125,566.49609375
7950.1012580394745,7950.1012580394745,NoButton,Move,603.37109375,566.78125
7950.109410047531,7950.109410047531,NoButton,Move,602.796875,567.06640625
7950.117493152618,7950.117493152618,NoButton,Move,602.22265625,567.06640625
7950.126110076904,7950.126110076904,NoButton,Move,601.9609375,567.06640625
7950.134565830231,7950.134565830231,NoButton,Move,601.69921875,567.32421875
7950.142115116119,7950.142115116119,NoButton,Move,601.125,567.32421875
7950.150774002075,7950.150774002075,NoButton,Move,600.86328125,567.58203125
7950.1586809158325,7950.1586809158325,NoButton,Move,600.6015625,567.58203125
7950.167315006256,7950.167315006256,NoButton,Move,600.33984375,567.58203125
7950.1845190525055,7950.1845190525055,NoButton,Move,600.09375,567.58203125
7950.192105054855,7950.192105054855,NoButton,Move,599.83203125,567.83984375
7950.208179950714,7950.208179950714,NoButton,Move,599.5859375,567.83984375
7950.740771055222,7950.740771055222,NoButton,Move,599.5859375,568.0703125
7950.748611211777,7950.748611211777,NoButton,Move,599.5859375,568.328125
7950.756771802902,7950.756771802902,NoButton,Move,599.84375,568.328125
7950.773037195206,7950.773037195206,NoButton,Move,599.84375,568.5703125
7950.781144142151,7950.781144142151,NoButton,Move,600.1015625,568.5703125
7950.8143718242645,7950.8143718242645,NoButton,Move,600.3359375,568.5703125
7950.832067966461,7950.832067966461,NoButton,Move,600.3359375,568.8125
7951.166702985764,7951.166702985764,NoButton,Move,600.3359375,568.578125
7951.191112995148,7951.191112995148,NoButton,Move,600.3359375,568.3359375
7951.199299812317,7951.199299812317,NoButton,Move,600.3359375,568.07421875
7951.207412958145,7951.207412958145,NoButton,Move,600.3359375,567.8125
7951.215819120407,7951.215819120407,NoButton,Move,600.3359375,567.55078125
7951.223832845688,7951.223832845688,NoButton,Move,600.59375,567.55078125
7951.231817007065,7951.231817007065,NoButton,Move,600.59375,567.2890625
7951.248141050339,7951.248141050339,NoButton,Move,600.59375,567.04296875
7951.2562251091,7951.2562251091,NoButton,Move,600.8515625,567.04296875
7951.264794826508,7951.264794826508,NoButton,Move,600.8515625,566.78125
7952.526654005051,7952.526654005051,NoButton,Move,600.6171875,566.78125
7952.534868955612,7952.534868955612,NoButton,Move,600.35546875,566.78125
7952.5425980091095,7952.5425980091095,NoButton,Move,600.09375,566.78125
7952.550348997116,7952.550348997116,NoButton,Move,599.83203125,566.51953125
7952.558326005936,7952.558326005936,NoButton,Move,599.5703125,566.51953125
7952.574739933014,7952.574739933014,NoButton,Move,599.32421875,566.51953125
7952.599410057068,7952.599410057068,NoButton,Move,599.08203125,566.51953125
7952.673126935959,7952.673126935959,Left,Pressed,599.08203125,566.51953125
7955.088062047958,7955.088062047958,Left,Released,599.08203125,566.51953125
7955.31108212471,7955.31108212471,NoButton,Move,599.08203125,565.59375
7955.319256782532,7955.319256782532,NoButton,Move,599.7265625,555.8671875
7955.328961133957,7955.328961133957,NoButton,Move,605.4453125,539.5234375
7955.3354461193085,7955.3354461193085,NoButton,Move,612.20703125,521.76953125
7955.343374967575,7955.343374967575,NoButton,Move,624.04296875,497.1015625
7955.352699041367,7955.352699041367,NoButton,Move,639.69140625,471.015625
7955.359938144684,7955.359938144684,NoButton,Move,674.6640625,410.1875
7955.36859703064,7955.36859703064,NoButton,Move,717.5703125,343.4375
7955.376044988632,7955.376044988632,NoButton,Move,766.484375,274.95703125
7955.385360002518,7955.385360002518,NoButton,Move,789.62109375,243.71875
7955.392331123352,7955.392331123352,NoButton,Move,838.828125,181.80859375
7955.400327920914,7955.400327920914,NoButton,Move,888.25,127.75
7955.408221006393,7955.408221006393,NoButton,Move,935.28125,82.1875
7955.416270971298,7955.416270971298,NoButton,Move,953.87890625,67.3046875
7955.424611091614,7955.424611091614,NoButton,Move,988.6640625,37.484375
7955.4328010082245,7955.4328010082245,NoButton,Move,1020.66796875,12.58984375
7955.44104886055,7955.44104886055,NoButton,Move,1032.38671875,5.26171875
7955.449334144592,7955.449334144592,NoButton,Move,1055.078125,0.0
7955.46320104599,7955.46320104599,NoButton,Move,1063.140625,0.0
7955.465553045273,7955.465553045273,NoButton,Move,1077.33984375,0.0
7955.4738738536835,7955.4738738536835,NoButton,Move,1089.79296875,0.0
7955.481919050217,7955.481919050217,NoButton,Move,1098.8671875,0.0
7955.490182876587,7955.490182876587,NoButton,Move,1101.83984375,0.0
7955.498262166977,7955.498262166977,NoButton,Move,1106.921875,0.0
7955.50679898262,7955.50679898262,NoButton,Move,1111.24609375,0.0
7955.514972925186,7955.514972925186,NoButton,Move,1114.21875,0.0
7955.523087978363,7955.523087978363,NoButton,Move,1116.0625,0.0
7955.531361103058,7955.531361103058,NoButton,Move,1117.42578125,0.0
7955.539480209351,7955.539480209351,NoButton,Move,1118.36328125,0.0
7955.547718048096,7955.547718048096,NoButton,Move,1119.30078125,0.0
7955.555999040604,7955.555999040604,NoButton,Move,1119.92578125,0.9375
7955.564241886139,7955.564241886139,NoButton,Move,1120.94921875,1.9609375
7955.572525024414,7955.572525024414,NoButton,Move,1121.62890625,3.32421875
7955.580575942993,7955.580575942993,NoButton,Move,1122.30859375,4.6875
7955.588670969009,7955.588670969009,NoButton,Move,1122.98828125,6.05078125
7955.59703707695,7955.59703707695,NoButton,Move,1123.61328125,6.98828125
7955.605105876923,7955.605105876923,NoButton,Move,1124.23828125,7.92578125
7955.613476991653,7955.613476991653,NoButton,Move,1124.55078125,8.86328125
7955.621791124344,7955.621791124344,NoButton,Move,1124.86328125,9.80078125
7955.629849910736,7955.629849910736,NoButton,Move,1125.17578125,10.73828125
7955.637667894363,7955.637667894363,NoButton,Move,1125.48828125,11.67578125
7955.645848989487,7955.645848989487,NoButton,Move,1125.48828125,13.0390625
7955.6544551849365,7955.6544551849365,NoButton,Move,1125.48828125,14.8828125
7955.662393093109,7955.662393093109,NoButton,Move,1125.14453125,16.24609375
7955.6724281311035,7955.6724281311035,NoButton,Move,1123.44140625,18.79296875
7955.67897605896,7955.67897605896,NoButton,Move,1121.31640625,20.9140625
7955.688985824585,7955.688985824585,NoButton,Move,1119.19140625,23.4609375
7955.694986104965,7955.694986104965,NoButton,Move,1116.47265625,26.17578125
7955.704643011093,7955.704643011093,NoButton,Move,1113.10546875,29.05859375
7955.711431980133,7955.711431980133,NoButton,Move,1109.73828125,31.94140625
7955.7214448452,7955.7214448452,NoButton,Move,1106.37109375,34.82421875
7955.729397058487,7955.729397058487,NoButton,Move,1102.5234375,37.2265625
7955.7378849983215,7955.7378849983215,NoButton,Move,1098.67578125,39.62890625
7955.744636058807,7955.744636058807,NoButton,Move,1090.609375,43.34765625
7955.755001068115,7955.755001068115,NoButton,Move,1084.70703125,45.4921875
7955.760380029678,7955.760380029678,NoButton,Move,1081.08203125,46.39453125
7955.771226882935,7955.771226882935,NoButton,Move,1074.30859375,48.6484375
7955.77708697319,7955.77708697319,NoButton,Move,1067.53515625,49.7734375
7955.788444042206,7955.788444042206,NoButton,Move,1061.6328125,50.84375
7955.793651103973,7955.793651103973,NoButton,Move,1054.859375,51.40625
7955.805699825287,7955.805699825287,NoButton,Move,1048.95703125,51.94140625
7955.810204982758,7955.810204982758,NoButton,Move,1043.0546875,52.4765625
7955.821748018265,7955.821748018265,NoButton,Move,1037.96875,52.4765625
7955.826177120209,7955.826177120209,NoButton,Move,1032.8828125,52.4765625
7955.834903001785,7955.834903001785,NoButton,Move,1029.26171875,52.4765625
7955.842647075653,7955.842647075653,NoButton,Move,1025.63671875,52.0234375
7955.851238965988,7955.851238965988,NoButton,Move,1023.79296875,51.28515625
7955.859169006348,7955.859169006348,NoButton,Move,1020.81640625,50.0078125
7955.867716789246,7955.867716789246,NoButton,Move,1018.43359375,48.81640625
7955.875699996948,7955.875699996948,NoButton,Move,1016.5859375,47.70703125
7955.8842141628265,7955.8842141628265,NoButton,Move,1014.59765625,46.1171875
7955.892123937607,7955.892123937607,NoButton,Move,1013.5703125,45.08984375
7955.900444030762,7955.900444030762,NoButton,Move,1012.08984375,43.609375
7955.908708810806,7955.908708810806,NoButton,Move,1011.4609375,42.66796875
7955.917019844055,7955.917019844055,NoButton,Move,1010.88671875,42.09375
7955.925272941589,7955.925272941589,NoButton,Move,1010.5703125,41.15234375
7955.933214902878,7955.933214902878,NoButton,Move,1010.28125,40.578125
7955.941346168518,7955.941346168518,NoButton,Move,1010.01953125,40.31640625
7955.949307918549,7955.949307918549,NoButton,Move,1010.01953125,39.7421875
7955.957621097565,7955.957621097565,NoButton,Move,1010.01953125,39.48046875
7955.965659856796,7955.965659856796,NoButton,Move,1010.01953125,39.21875
7955.973996162415,7955.973996162415,NoButton,Move,1010.01953125,38.95703125
7955.982367038727,7955.982367038727,NoButton,Move,1010.01953125,38.3828125
7955.990397930145,7955.990397930145,NoButton,Move,1010.01953125,37.80859375
7955.998321056366,7955.998321056366,NoButton,Move,1010.01953125,37.546875
7956.006702184677,7956.006702184677,NoButton,Move,1010.01953125,36.97265625
7956.016979932785,7956.016979932785,NoButton,Move,1010.01953125,36.3984375
7956.023106098175,7956.023106098175,NoButton,Move,1010.01953125,35.45703125
7956.031235218048,7956.031235218048,NoButton,Move,1010.3046875,34.8828125
7956.039494037628,7956.039494037628,NoButton,Move,1010.58984375,34.30859375
7956.047618150711,7956.047618150711,NoButton,Move,1010.875,33.734375
7956.0556309223175,7956.0556309223175,NoButton,Move,1011.16015625,33.16015625
7956.063716888428,7956.063716888428,NoButton,Move,1011.4453125,32.5859375
7956.072232961655,7956.072232961655,NoButton,Move,1011.703125,32.32421875
7956.080075979233,7956.080075979233,NoButton,Move,1011.98828125,31.75
7956.088801145554,7956.088801145554,NoButton,Move,1011.98828125,31.48828125
7956.096393108368,7956.096393108368,NoButton,Move,1012.24609375,31.2265625
7956.112936973572,7956.112936973572,NoButton,Move,1012.24609375,30.98046875
7956.1214690208435,7956.1214690208435,NoButton,Move,1012.50390625,30.98046875
7956.138820886612,7956.138820886612,NoButton,Move,1012.50390625,30.734375
7956.38897895813,7956.38897895813,Left,Pressed,1012.50390625,30.734375
7956.538561105728,7956.538561105728,Left,Released,1012.50390625,30.734375
7956.85847401619,7956.85847401619,NoButton,Move,1012.50390625,30.96484375
7956.866548061371,7956.866548061371,NoButton,Move,1012.50390625,33.34375
7956.874818086624,7956.874818086624,NoButton,Move,1012.50390625,35.1875
7956.882838964462,7956.882838964462,NoButton,Move,1012.50390625,37.56640625
7956.892374038696,7956.892374038696,NoButton,Move,1012.50390625,41.1875
7956.89924788475,7956.89924788475,NoButton,Move,1012.05078125,44.80859375
7956.907356023788,7956.907356023788,NoButton,Move,1011.56640625,49.1328125
7956.91574883461,7956.91574883461,NoButton,Move,1010.546875,54.21484375
7956.924115896225,7956.924115896225,NoButton,Move,1010.0078125,60.11328125
7956.932018041611,7956.932018041611,NoButton,Move,1009.49609375,65.1953125
7956.94026184082,7956.94026184082,NoButton,Move,1008.421875,71.09375
7956.948544025421,7956.948544025421,NoButton,Move,1007.91015625,76.17578125
7956.956537246704,7956.956537246704,NoButton,Move,1007.3984375,81.2578125
7956.965008020401,7956.965008020401,NoButton,Move,1006.9140625,85.58203125
7956.973101139069,7956.973101139069,NoButton,Move,1006.4296875,89.90625
7956.981123209,7956.981123209,NoButton,Move,1005.9453125,94.23046875
7956.989202976227,7956.989202976227,NoButton,Move,1005.9453125,99.3125
7956.997288942337,7956.997288942337,NoButton,Move,1005.9453125,104.39453125
7957.005877017975,7957.005877017975,NoButton,Move,1005.9453125,110.29296875
7957.01388502121,7957.01388502121,NoButton,Move,1005.9453125,121.11328125
7957.022078990936,7957.022078990936,NoButton,Move,1005.9453125,128.8125
7957.029965162277,7957.029965162277,NoButton,Move,1005.9453125,139.6328125
7957.038640022278,7957.038640022278,NoButton,Move,1005.9453125,151.609375
7957.046710014343,7957.046710014343,NoButton,Move,1005.9453125,166.046875
7957.055210113525,7957.055210113525,NoButton,Move,1010.00390625,194.46484375
7957.0625422000885,7957.0625422000885,NoButton,Move,1013.609375,216.10546875
7957.071965932846,7957.071965932846,NoButton,Move,1018.3984375,241.01953125
7957.079077959061,7957.079077959061,NoButton,Move,1028.79296875,290.40234375
7957.088760137558,7957.088760137558,NoButton,Move,1038.046875,328.58203125
7957.095520019531,7957.095520019531,NoButton,Move,1049.2265625,372.06640625
7957.105427980423,7957.105427980423,NoButton,Move,1061.93359375,417.8203125
7957.111779212952,7957.111779212952,NoButton,Move,1076.2265625,465.90234375
7957.122350931168,7957.122350931168,NoButton,Move,1081.46484375,485.9921875
7957.128240823746,7957.128240823746,NoButton,Move,1092.1328125,525.109375
7957.137640953064,7957.137640953064,NoButton,Move,1095.0625,538.296875
7957.144268035889,7957.144268035889,NoButton,Move,1103.1796875,565.69921875
7957.153442144394,7957.153442144394,NoButton,Move,1109.6875,588.94921875
7957.1608781814575,7957.1608781814575,NoButton,Move,1115.80078125,608.1640625
7957.170143127441,7957.170143127441,NoButton,Move,1118.76171875,615.26953125
7957.177304983139,7957.177304983139,NoButton,Move,1123.15625,627.72265625
7957.187741994858,7957.187741994858,NoButton,Move,1130.35546875,648.42578125
7957.579231023788,7957.579231023788,NoButton,Move,1130.35546875,649.828125
7957.587354898453,7957.587354898453,NoButton,Move,1130.75,652.20703125
7957.595248937607,7957.595248937607,NoButton,Move,1131.59765625,655.1796875
7957.603414058685,7957.603414058685,NoButton,Move,1132.87109375,658.15234375
7957.611523866653,7957.611523866653,NoButton,Move,1134.90234375,663.234375
7957.619903087616,7957.619903087616,NoButton,Move,1138.140625,672.95703125
7957.6276679039,7957.6276679039,NoButton,Move,1141.1015625,680.65625
7957.636165857315,7957.636165857315,NoButton,Move,1144.203125,689.33984375
7957.644131183624,7957.644131183624,NoButton,Move,1148.08984375,698.4140625
7957.652863025665,7957.652863025665,NoButton,Move,1152.31640625,709.68359375
7957.660617113113,7957.660617113113,NoButton,Move,1157.44140625,722.13671875
7957.66886305809,7957.66886305809,NoButton,Move,1163.52734375,735.828125
7957.677150011063,7957.677150011063,NoButton,Move,1169.61328125,749.51953125
7957.685506105423,7957.685506105423,NoButton,Move,1175.69921875,763.2109375
7957.693557024002,7957.693557024002,NoButton,Move,1178.37890625,768.57421875
7957.702361822128,7957.702361822128,NoButton,Move,1183.30859375,779.84375
7957.709952116013,7957.709952116013,NoButton,Move,1187.1953125,788.91796875
7957.719012975693,7957.719012975693,NoButton,Move,1190.15625,796.6171875
7957.726433992386,7957.726433992386,NoButton,Move,1191.34375,798.99609375
7957.734531879425,7957.734531879425,NoButton,Move,1192.8671875,804.078125
7957.742623090744,7957.742623090744,NoButton,Move,1194.140625,807.05078125
7957.751053094864,7957.751053094864,NoButton,Move,1194.93359375,809.4296875
7957.758956193924,7957.758956193924,NoButton,Move,1195.671875,811.2734375
7957.767400026321,7957.767400026321,NoButton,Move,1195.984375,812.2109375
7957.775385856628,7957.775385856628,NoButton,Move,1196.26953125,812.78125
7957.78378200531,7957.78378200531,NoButton,Move,1196.26953125,813.3515625
7957.792284011841,7957.792284011841,NoButton,Move,1196.26953125,813.609375
7957.801724910736,7957.801724910736,NoButton,Move,1196.26953125,813.8671875
7957.866115808487,7957.866115808487,NoButton,Move,1196.26953125,814.09765625
7957.874017000198,7957.874017000198,NoButton,Move,1196.0078125,814.35546875
7957.882079124451,7957.882079124451,NoButton,Move,1195.43359375,814.92578125
7957.890301942825,7957.890301942825,NoButton,Move,1194.40625,815.94921875
7957.8983409404755,7957.8983409404755,NoButton,Move,1192.92578125,817.42578125
7957.9064881801605,7957.9064881801605,NoButton,Move,1190.9375,819.01171875
7957.914973974228,7957.914973974228,NoButton,Move,1188.21875,821.7265625
7957.9230699539185,7957.9230699539185,NoButton,Move,1185.046875,823.98828125
7957.931342840195,7957.931342840195,NoButton,Move,1181.6796875,826.87109375
7957.939465999603,7957.939465999603,NoButton,Move,1177.1015625,829.921875
7957.947704076767,7957.947704076767,NoButton,Move,1173.03125,832.97265625
7957.9557938575745,7957.9557938575745,NoButton,Move,1168.703125,834.89453125
7957.963711977005,7957.963711977005,NoButton,Move,1163.3359375,837.57421875
7957.972001075745,7957.972001075745,NoButton,Move,1159.0078125,838.53515625
7957.980330944061,7957.980330944061,NoButton,Move,1154.6796875,839.49609375
7957.988286018372,7957.988286018372,NoButton,Move,1150.3515625,839.9765625
7957.996549844742,7957.996549844742,NoButton,Move,1146.02734375,840.453125
7958.005008935928,7958.005008935928,NoButton,Move,1142.40234375,840.453125
7958.012836933136,7958.012836933136,NoButton,Move,1137.31640625,840.453125
7958.021140098572,7958.021140098572,NoButton,Move,1132.98828125,838.52734375
7958.030906915665,7958.030906915665,NoButton,Move,1127.90234375,836.4921875
7958.037468910217,7958.037468910217,NoButton,Move,1122.53515625,833.2734375
7958.0456829071045,7958.0456829071045,NoButton,Move,1117.16796875,830.0546875
7958.055326938629,7958.055326938629,NoButton,Move,1110.95703125,826.66796875
7958.06339097023,7958.06339097023,NoButton,Move,1104.74609375,823.28125
7958.071512937546,7958.071512937546,NoButton,Move,1100.16796875,820.2265625
7958.078622102737,7958.078622102737,NoButton,Move,1094.80078125,817.0078125
7958.08793592453,7958.08793592453,NoButton,Move,1092.953125,815.8984375
7958.0949058532715,7958.0949058532715,NoButton,Move,1089.328125,814.0859375
7958.104602813721,7958.104602813721,NoButton,Move,1086.15625,812.2734375
7958.11182808876,7958.11182808876,NoButton,Move,1083.7734375,811.08203125
7958.121330022812,7958.121330022812,NoButton,Move,1081.390625,810.68359375
7958.129219055176,7958.129219055176,NoButton,Move,1079.54296875,809.94140625
7958.138442993164,7958.138442993164,NoButton,Move,1077.6953125,809.94140625
7958.144107103348,7958.144107103348,NoButton,Move,1075.84765625,809.94140625
7958.1548590660095,7958.1548590660095,NoButton,Move,1074.0,809.94140625
7958.160562992096,7958.160562992096,NoButton,Move,1072.15234375,809.94140625
7958.171804904938,7958.171804904938,NoButton,Move,1070.3046875,809.94140625
7958.1770350933075,7958.1770350933075,NoButton,Move,1068.45703125,809.94140625
7958.188629150391,7958.188629150391,NoButton,Move,1066.609375,810.6796875
7958.193691968918,7958.193691968918,NoButton,Move,1063.6328125,811.953125
7958.205332994461,7958.205332994461,NoButton,Move,1061.64453125,813.5390625
7958.209499835968,7958.209499835968,NoButton,Move,1060.6171875,814.5625
7958.217905044556,7958.217905044556,NoButton,Move,1057.4453125,816.82421875
7958.225685119629,7958.225685119629,NoButton,Move,1056.41796875,817.84765625
7958.234462022781,7958.234462022781,NoButton,Move,1053.69921875,820.5625
7958.24228310585,7958.24228310585,NoButton,Move,1053.015625,821.92578125
7958.250687122345,7958.250687122345,NoButton,Move,1051.53515625,823.40234375
7958.258474111557,7958.258474111557,NoButton,Move,1050.0546875,824.87890625
7958.267054796219,7958.267054796219,NoButton,Move,1048.57421875,826.35546875
7958.275329113007,7958.275329113007,NoButton,Move,1047.09375,827.83203125
7958.283436059952,7958.283436059952,NoButton,Move,1046.06640625,828.85546875
7958.291162014008,7958.291162014008,NoButton,Move,1045.4375,829.79296875
7958.29935002327,7958.29935002327,NoButton,Move,1044.41015625,830.81640625
7958.310660839081,7958.310660839081,NoButton,Move,1044.12109375,831.38671875
7958.315551996231,7958.315551996231,NoButton,Move,1043.546875,831.95703125
7958.323819160461,7958.323819160461,NoButton,Move,1042.91796875,832.89453125
7958.33190703392,7958.33190703392,NoButton,Move,1042.62890625,833.46484375
7958.3401300907135,7958.3401300907135,NoButton,Move,1042.33984375,834.03515625
7958.348294973373,7958.348294973373,NoButton,Move,1041.7109375,834.97265625
7958.356734037399,7958.356734037399,NoButton,Move,1041.421875,835.54296875
7958.364989995956,7958.364989995956,NoButton,Move,1041.1328125,836.11328125
7958.373095989227,7958.373095989227,NoButton,Move,1040.50390625,837.05078125
7958.381310939789,7958.381310939789,NoButton,Move,1039.9296875,837.62109375
7958.389600992203,7958.389600992203,NoButton,Move,1039.35546875,838.19140625
7958.398104906082,7958.398104906082,NoButton,Move,1039.06640625,838.76171875
7958.40629696846,7958.40629696846,NoButton,Move,1038.4921875,839.33203125
7958.414630889893,7958.414630889893,NoButton,Move,1038.203125,839.90234375
7958.424366950989,7958.424366950989,NoButton,Move,1037.62890625,840.1875
7958.431629180908,7958.431629180908,NoButton,Move,1037.3671875,840.4453125
7958.438600063324,7958.438600063324,NoButton,Move,1037.3671875,840.703125
7958.446419000626,7958.446419000626,NoButton,Move,1037.10546875,840.9609375
7958.454517126083,7958.454517126083,NoButton,Move,1037.10546875,841.21875
7958.471546888351,7958.471546888351,NoButton,Move,1036.859375,841.21875
7958.588476896286,7958.588476896286,Left,Pressed,1036.859375,841.21875
7958.721961975098,7958.721961975098,Left,Released,1036.859375,841.21875
7959.544059038162,7959.544059038162,NoButton,Move,1037.55078125,841.21875
7959.5550401210785,7959.5550401210785,NoButton,Move,1038.9140625,841.8984375
7959.560622930527,7959.560622930527,NoButton,Move,1039.8515625,842.5234375
7959.570118904114,7959.570118904114,NoButton,Move,1040.7890625,843.1484375
7959.582644939423,7959.582644939423,NoButton,Move,1041.7265625,843.4609375
7959.58939909935,7959.58939909935,NoButton,Move,1042.6640625,844.0859375
7959.598696947098,7959.598696947098,NoButton,Move,1044.02734375,844.765625
7959.603043079376,7959.603043079376,NoButton,Move,1044.96484375,845.078125
7959.611686944962,7959.611686944962,NoButton,Move,1045.90234375,845.390625
7959.618094921112,7959.618094921112,NoButton,Move,1046.47265625,845.67578125
7959.62602186203,7959.62602186203,NoButton,Move,1047.04296875,845.9609375
7959.634495973587,7959.634495973587,NoButton,Move,1047.30078125,846.21875
7959.642917871475,7959.642917871475,NoButton,Move,1047.55859375,846.21875
7959.651062965393,7959.651062965393,NoButton,Move,1047.81640625,846.21875
7959.658914089203,7959.658914089203,NoButton,Move,1048.07421875,846.21875
7959.724926948547,7959.724926948547,NoButton,Move,1047.83984375,846.21875
7959.732963085175,7959.732963085175,NoButton,Move,1046.359375,845.109375
7959.741270065308,7959.741270065308,NoButton,Move,1042.9921875,842.22265625
7959.749223947525,7959.749223947525,NoButton,Move,1038.921875,839.16796875
7959.757649898529,7959.757649898529,NoButton,Move,1032.40234375,834.42578125
7959.765650987625,7959.765650987625,NoButton,Move,1017.18359375,822.58984375
7959.773553848267,7959.773553848267,NoButton,Move,1001.45703125,809.484375
7959.788427114487,7959.788427114487,NoButton,Move,983.78515625,793.671875
7959.790382862091,7959.790382862091,NoButton,Move,962.91796875,771.76171875
7959.798079967499,7959.798079967499,NoButton,Move,939.8125,745.359375
7959.823022842407,7959.823022842407,NoButton,Move,914.984375,718.2734375
7959.8233160972595,7959.8233160972595,NoButton,Move,892.41015625,688.9296875
7959.823385953903,7959.823385953903,NoButton,Move,870.96484375,659.5859375
7959.830649852753,7959.830649852753,NoButton,Move,851.16015625,630.98046875
7959.840289115906,7959.840289115906,NoButton,Move,835.5078125,604.89453125
7959.84766292572,7959.84766292572,NoButton,Move,829.87109375,593.62109375
7959.856081008911,7959.856081008911,NoButton,Move,818.70703125,573.16015625
7959.863754987717,7959.863754987717,NoButton,Move,809.96875,554.8125
7960.955468177795,7960.955468177795,NoButton,Move,809.96875,555.734375
7960.960739135742,7960.960739135742,NoButton,Move,809.96875,557.578125
7960.969192028046,7960.969192028046,NoButton,Move,810.3359375,559.421875
7960.977486848831,7960.977486848831,NoButton,Move,810.67578125,560.78515625
7960.987416028976,7960.987416028976,NoButton,Move,811.015625,562.1484375
7960.9937200546265,7960.9937200546265,NoButton,Move,811.86328125,565.12109375
7961.002425193787,7961.002425193787,NoButton,Move,812.765625,568.7421875
7961.010411024094,7961.010411024094,NoButton,Move,813.24609375,573.06640625
7961.020640134811,7961.020640134811,NoButton,Move,814.5390625,582.7890625
7961.026552200317,7961.026552200317,NoButton,Move,815.296875,597.2421875
7961.034499168396,7961.034499168396,NoButton,Move,816.08203125,613.01953125
7961.0431361198425,7961.0431361198425,NoButton,Move,817.234375,651.0703125
7961.051388978958,7961.051388978958,NoButton,Move,818.05078125,668.2265625
7961.059373140335,7961.059373140335,NoButton,Move,819.4921875,730.25390625
7961.067892074585,7961.067892074585,NoButton,Move,820.421875,753.50390625
7961.075725078583,7961.075725078583,NoButton,Move,821.98828125,828.734375
7961.08486700058,7961.08486700058,NoButton,Move,822.88671875,850.375
7961.092283964157,7961.092283964157,NoButton,Move,825.3125,892.859375
7961.101497888565,7961.101497888565,NoButton,Move,826.46875,899.98046875
7961.108422994614,7961.108422994614,NoButton,Move,827.25390625,899.98046875
7961.1168529987335,7961.1168529987335,NoButton,Move,829.96484375,899.98046875
7961.125608921051,7961.125608921051,NoButton,Move,831.03515625,899.98046875
7961.133475780487,7961.133475780487,NoButton,Move,831.03515625,899.98046875
7961.14165687561,7961.14165687561,NoButton,Move,831.03515625,899.98046875
7961.149760961533,7961.149760961533,NoButton,Move,831.03515625,899.98046875
7961.1580419540405,7961.1580419540405,NoButton,Move,831.03515625,899.98046875
7961.165606021881,7961.165606021881,NoButton,Move,831.03515625,899.98046875
7961.174713134766,7961.174713134766,NoButton,Move,831.62109375,899.98046875
7961.46896481514,7961.46896481514,NoButton,Move,831.62109375,899.04296875
7961.4780921936035,7961.4780921936035,NoButton,Move,831.62109375,897.1953125
7961.486810922623,7961.486810922623,NoButton,Move,832.30078125,895.828125
7961.493448972702,7961.493448972702,NoButton,Move,832.640625,894.4609375
7961.502015113831,7961.502015113831,NoButton,Move,833.03515625,892.078125
7961.50976395607,7961.50976395607,NoButton,Move,833.40234375,890.23046875
7961.517848968506,7961.517848968506,NoButton,Move,833.8828125,885.90234375
7961.526242017746,7961.526242017746,NoButton,Move,835.0078125,879.140625
7961.53461098671,7961.53461098671,NoButton,Move,835.5703125,872.3671875
7961.54257106781,7961.54257106781,NoButton,Move,835.5703125,864.6640625
7961.55243396759,7961.55243396759,NoButton,Move,835.5703125,854.9375
7961.558755159378,7961.558755159378,NoButton,Move,835.5703125,842.95703125
7961.567039966583,7961.567039966583,NoButton,Move,835.5703125,819.703125
7961.5756850242615,7961.5756850242615,NoButton,Move,833.87890625,801.10546875
7961.5837659835815,7961.5837659835815,NoButton,Move,833.00390625,781.01171875
7961.591795921326,7961.591795921326,NoButton,Move,831.140625,757.7578125
7961.599789142609,7961.599789142609,NoButton,Move,829.1640625,731.1171875
7961.6077671051025,7961.6077671051025,NoButton,Move,828.1484375,702.6953125
7961.616035223007,7961.616035223007,NoButton,Move,828.1484375,674.2734375
7961.623924970627,7961.623924970627,NoButton,Move,828.1484375,645.8515625
7961.632755041122,7961.632755041122,NoButton,Move,828.1484375,632.81640625
7961.640889167786,7961.640889167786,NoButton,Move,828.1484375,609.5625
7961.648861885071,7961.648861885071,NoButton,Move,828.1484375,587.91796875
7961.657296895981,7961.657296895981,NoButton,Move,829.78125,570.7578125
7961.665539979935,7961.665539979935,NoButton,Move,830.90625,563.984375
7961.6739139556885,7961.6739139556885,NoButton,Move,833.01953125,552.00390625
7961.681493997574,7961.681493997574,NoButton,Move,834.87890625,543.31640625
7962.001121044159,7962.001121044159,NoButton,Move,834.87890625,542.3828125
7962.009532928467,7962.009532928467,NoButton,Move,838.26171875,536.171875
7962.017962932587,7962.017962932587,NoButton,Move,843.671875,526.69921875
7962.026054859161,7962.026054859161,NoButton,Move,857.0078125,504.78515625
7962.063632011414,7962.063632011414,NoButton,Move,875.22265625,477.9921875
7962.06379199028,7962.06379199028,NoButton,Move,900.0703125,440.71484375
7962.06435585022,7962.06435585022,NoButton,Move,931.93359375,393.609375
7962.064611911774,7962.064611911774,NoButton,Move,967.20703125,339.2265625
7962.066596984863,7962.066596984863,NoButton,Move,1002.48046875,283.375
7962.075654029846,7962.075654029846,NoButton,Move,1044.1796875,223.13671875
7962.083047866821,7962.083047866821,NoButton,Move,1083.06640625,167.79296875
7962.091130018234,7962.091130018234,NoButton,Move,1123.44921875,112.44921875
7962.0994918346405,7962.0994918346405,NoButton,Move,1161.62890625,65.78125
7962.107310056686,7962.107310056686,NoButton,Move,1176.95703125,49.546875
7962.116793870926,7962.116793870926,NoButton,Move,1204.8671875,16.77734375
7962.123930931091,7962.123930931091,NoButton,Move,1214.75390625,6.125
7962.132001161575,7962.132001161575,NoButton,Move,1222.19140625,0.0
7962.140326976776,7962.140326976776,NoButton,Move,1236.6171875,0.0
7962.148370027542,7962.148370027542,NoButton,Move,1240.17578125,0.0
7962.156765937805,7962.156765937805,NoButton,Move,1248.29296875,0.0
7962.164707183838,7962.164707183838,NoButton,Move,1252.8046875,0.0
7962.172908067703,7962.172908067703,NoButton,Move,1256.16796875,0.0
7962.181472063065,7962.181472063065,NoButton,Move,1257.75390625,0.0
7962.189433813095,7962.189433813095,NoButton,Move,1258.77734375,0.0
7962.197400093079,7962.197400093079,NoButton,Move,1259.0625,0.0
7962.2062129974365,7962.2062129974365,NoButton,Move,1259.3203125,0.0
7962.214366912842,7962.214366912842,NoButton,Move,1259.578125,0.0
7962.22234082222,7962.22234082222,NoButton,Move,1259.8359375,0.0
7962.313432216644,7962.313432216644,NoButton,Move,1259.6015625,0.0
7962.330105066299,7962.330105066299,NoButton,Move,1259.33984375,0.0
7962.33064699173,7962.33064699173,NoButton,Move,1259.078125,0.0
7962.338237047195,7962.338237047195,NoButton,Move,1258.39453125,1.36328125
7962.347043991089,7962.347043991089,NoButton,Move,1257.28515625,2.83984375
7962.354171037674,7962.354171037674,NoButton,Move,1256.17578125,4.68359375
7962.361267089844,7962.361267089844,NoButton,Move,1254.5859375,6.66796875
7962.370141983032,7962.370141983032,NoButton,Move,1251.69921875,10.03125
7962.377869129181,7962.377869129181,NoButton,Move,1248.8125,13.39453125
7962.386559009552,7962.386559009552,NoButton,Move,1242.88671875,18.72265625
7962.3946261405945,7962.3946261405945,NoButton,Move,1237.2421875,23.234375
7962.4039669036865,7962.4039669036865,NoButton,Move,1230.72265625,27.97265625
7962.414914131165,7962.414914131165,NoButton,Move,1222.29296875,33.8046875
7962.420101881027,7962.420101881027,NoButton,Move,1213.86328125,38.98828125
7962.426603078842,7962.426603078842,NoButton,Move,1205.43359375,44.171875
7962.437340974808,7962.437340974808,NoButton,Move,1197.00390625,50.00390625
7962.442749977112,7962.442749977112,NoButton,Move,1187.53125,56.08984375
7962.453258037567,7962.453258037567,NoButton,Move,1176.9609375,62.4296875
7962.459254980087,7962.459254980087,NoButton,Move,1167.48828125,67.83984375
7962.467626094818,7962.467626094818,NoButton,Move,1158.015625,73.92578125
7962.475867986679,7962.475867986679,NoButton,Move,1153.45703125,76.45703125
7962.483928203583,7962.483928203583,NoButton,Move,1145.02734375,81.640625
7962.492220878601,7962.492220878601,NoButton,Move,1136.9609375,85.98046875
7962.500378847122,7962.500378847122,NoButton,Move,1128.89453125,89.69921875
7962.509305238724,7962.509305238724,NoButton,Move,1121.78515625,92.66015625
7962.516714096069,7962.516714096069,NoButton,Move,1116.69921875,94.69140625
7962.524879932404,7962.524879932404,NoButton,Move,1114.31640625,95.0859375
7962.53316783905,7962.53316783905,NoButton,Move,1107.54296875,97.33984375
7962.5413608551025,7962.5413608551025,NoButton,Move,1105.6953125,97.70703125
7962.549499034882,7962.549499034882,NoButton,Move,1102.71875,97.70703125
7962.557646989822,7962.557646989822,NoButton,Move,1100.3359375,97.70703125
7962.565820932388,7962.565820932388,NoButton,Move,1098.48828125,97.70703125
7962.573998212814,7962.573998212814,NoButton,Move,1097.12109375,97.70703125
7962.582193851471,7962.582193851471,NoButton,Move,1096.1796875,97.70703125
7962.590898990631,7962.590898990631,NoButton,Move,1095.60546875,97.70703125
7962.598585128784,7962.598585128784,NoButton,Move,1095.03125,97.70703125
7962.606801986694,7962.606801986694,NoButton,Move,1094.76953125,97.70703125
7962.614919900894,7962.614919900894,NoButton,Move,1094.76953125,97.4453125
7962.623239994049,7962.623239994049,NoButton,Move,1094.5078125,97.18359375
7962.639662981033,7962.639662981033,NoButton,Move,1094.5078125,96.9375
7962.647631883621,7962.647631883621,NoButton,Move,1094.5078125,96.67578125
7962.65598487854,7962.65598487854,NoButton,Move,1094.5078125,96.4140625
7962.664208889008,7962.664208889008,NoButton,Move,1094.5078125,95.83984375
7962.672529935837,7962.672529935837,NoButton,Move,1094.5078125,94.8984375
7962.680583953857,7962.680583953857,NoButton,Move,1094.5078125,93.53125
7962.688775062561,7962.688775062561,NoButton,Move,1094.5078125,91.68359375
7962.696982145309,7962.696982145309,NoButton,Move,1094.5078125,89.30078125
7962.705229043961,7962.705229043961,NoButton,Move,1094.5078125,86.32421875
7962.71357011795,7962.71357011795,NoButton,Move,1094.5078125,84.4765625
7962.721771001816,7962.721771001816,NoButton,Move,1094.90234375,82.09375
7962.729908943176,7962.729908943176,NoButton,Move,1095.296875,79.7109375
7962.737969875336,7962.737969875336,NoButton,Move,1096.08984375,77.328125
7962.746431112289,7962.746431112289,NoButton,Move,1096.8828125,74.9453125
7962.754534006119,7962.754534006119,NoButton,Move,1097.62109375,73.09765625
7962.7626938819885,7962.7626938819885,NoButton,Move,1098.359375,71.25
7962.771654844284,7962.771654844284,NoButton,Move,1099.09765625,69.40234375
7962.779102087021,7962.779102087021,NoButton,Move,1099.77734375,68.03515625
7962.787472009659,7962.787472009659,NoButton,Move,1100.1171875,66.66796875
7962.795462846756,7962.795462846756,NoButton,Move,1100.85546875,64.8203125
7962.803894042969,7962.803894042969,NoButton,Move,1101.1953125,63.453125
7962.811746120453,7962.811746120453,NoButton,Move,1101.875,62.0859375
7962.821521997452,7962.821521997452,NoButton,Move,1102.1875,61.14453125
7962.8280420303345,7962.8280420303345,NoButton,Move,1102.52734375,59.77734375
7962.838376045227,7962.838376045227,NoButton,Move,1102.83984375,58.8359375
7962.844702959061,7962.844702959061,NoButton,Move,1103.15234375,57.89453125
7962.855940818787,7962.855940818787,NoButton,Move,1103.4375,57.3203125
7962.861012935638,7962.861012935638,NoButton,Move,1103.72265625,56.74609375
7962.871534109116,7962.871534109116,NoButton,Move,1104.0078125,56.171875
7962.877424955368,7962.877424955368,NoButton,Move,1104.0078125,55.91015625
7962.887965917587,7962.887965917587,NoButton,Move,1104.0078125,55.6484375
7962.905330896378,7962.905330896378,Left,Pressed,1104.0078125,55.6484375
7962.922121047974,7962.922121047974,NoButton,Move,1104.0078125,55.5234375
7963.021971940994,7963.021971940994,Left,Released,1104.0078125,55.5234375
7966.313894033432,7966.313894033432,NoButton,Move,1104.0078125,56.21484375
7966.321811914444,7966.321811914444,NoButton,Move,1104.0078125,59.1875
7966.329539060593,7966.329539060593,NoButton,Move,1104.0078125,62.80859375
7966.337991952896,7966.337991952896,NoButton,Move,1104.0078125,66.4296875
7966.345768928528,7966.345768928528,NoButton,Move,1104.0078125,70.75390625
7966.371680021286,7966.371680021286,NoButton,Move,1104.0078125,74.375
7966.371770858765,7966.371770858765,NoButton,Move,1104.0078125,77.34765625
7966.371856927872,7966.371856927872,NoButton,Move,1104.0078125,80.96875
7966.378467798233,7966.378467798233,NoButton,Move,1104.0078125,85.29296875
7966.387024879456,7966.387024879456,NoButton,Move,1104.0078125,93.9765625
7966.394844055176,7966.394844055176,NoButton,Move,1101.5234375,102.66015625
7966.404209852219,7966.404209852219,NoButton,Move,1097.4609375,112.8046875
7966.4113509655,7966.4113509655,NoButton,Move,1087.5390625,132.640625
7966.421175003052,7966.421175003052,NoButton,Move,1077.73046875,147.34765625
7966.427566051483,7966.427566051483,NoButton,Move,1060.98828125,164.0859375
7966.441899061203,7966.441899061203,NoButton,Move,1027.3984375,197.671875
7966.4544069767,7966.4544069767,NoButton,Move,995.390625,222.5625
7966.454546928406,7966.454546928406,NoButton,Move,960.18359375,248.0546875
7966.460248947144,7966.460248947144,NoButton,Move,916.765625,280.6171875
7966.473022937775,7966.473022937775,NoButton,Move,869.66015625,312.48046875
7966.48014497757,7966.48014497757,NoButton,Move,818.75,345.00390625
7966.4869430065155,7966.4869430065155,NoButton,Move,770.66796875,380.35546875
7966.492688894272,7966.492688894272,NoButton,Move,725.890625,412.91796875
7966.501294136047,7966.501294136047,NoButton,Move,681.11328125,445.48046875
7966.509170055389,7966.509170055389,NoButton,Move,663.078125,458.1015625
7966.517242908478,7966.517242908478,NoButton,Move,627.87109375,482.37890625
7966.5254600048065,7966.5254600048065,NoButton,Move,613.16015625,491.36328125
7966.533892869949,7966.533892869949,NoButton,Move,587.07421875,507.01171875
7966.542470932007,7966.542470932007,NoButton,Move,579.0078125,510.73046875
7966.5503759384155,7966.5503759384155,NoButton,Move,562.1015625,519.1796875
7966.561428070068,7966.561428070068,NoButton,Move,549.64453125,524.3046875
7966.763133049011,7966.763133049011,NoButton,Move,549.64453125,525.484375
7966.771426200867,7966.771426200867,NoButton,Move,549.64453125,527.86328125
7966.779381036758,7966.779381036758,NoButton,Move,550.06640625,530.8359375
7966.7875690460205,7966.7875690460205,NoButton,Move,550.48828125,533.80859375
7966.795617103577,7966.795617103577,NoButton,Move,550.91015625,536.78125
7966.804105997086,7966.804105997086,NoButton,Move,551.33203125,539.75390625
7966.812351942062,7966.812351942062,NoButton,Move,551.75390625,542.7265625
7966.820594072342,7966.820594072342,NoButton,Move,552.26171875,547.80859375
7966.82865691185,7966.82865691185,NoButton,Move,552.796875,553.70703125
7966.837074995041,7966.837074995041,NoButton,Move,552.796875,558.7890625
7966.844879865646,7966.844879865646,NoButton,Move,552.796875,563.87109375
7966.853561162949,7966.853561162949,NoButton,Move,552.796875,568.94140625
7966.8621571063995,7966.8621571063995,NoButton,Move,552.796875,573.265625
7966.869953155518,7966.869953155518,NoButton,Move,552.453125,574.62890625
7966.877622127533,7966.877622127533,NoButton,Move,551.546875,578.25
7966.887737989426,7966.887737989426,NoButton,Move,550.359375,580.6171875
7966.894201040268,7966.894201040268,NoButton,Move,549.25,582.4609375
7966.902990102768,7966.902990102768,NoButton,Move,548.56640625,583.82421875
7966.911147117615,7966.911147117615,NoButton,Move,547.45703125,585.30078125
7966.919548034668,7966.919548034668,NoButton,Move,546.828125,586.23828125
7966.927607059479,7966.927607059479,NoButton,Move,546.25390625,586.5234375
7966.935765028,7966.935765028,NoButton,Move,545.9921875,586.78125
7966.943704128265,7966.943704128265,NoButton,Move,545.41796875,587.06640625
7966.953524112701,7966.953524112701,NoButton,Move,545.41796875,587.32421875
7966.960134983063,7966.960134983063,NoButton,Move,545.15625,587.58203125
7966.98499417305,7966.98499417305,NoButton,Move,544.9140625,587.58203125
7967.001443147659,7967.001443147659,NoButton,Move,544.66796875,587.58203125
7967.009217977524,7967.009217977524,NoButton,Move,544.66796875,587.0078125
7967.017947912216,7967.017947912216,NoButton,Move,544.37890625,586.43359375
7967.025839805603,7967.025839805603,NoButton,Move,544.08984375,585.859375
7967.033816099167,7967.033816099167,NoButton,Move,544.08984375,585.28515625
7967.042199134827,7967.042199134827,NoButton,Move,543.80078125,584.7109375
7967.050178050995,7967.050178050995,NoButton,Move,543.80078125,584.44921875
7967.058082103729,7967.058082103729,NoButton,Move,543.51171875,583.875
7967.074824094772,7967.074824094772,NoButton,Move,543.51171875,583.62890625
7967.082987070084,7967.082987070084,NoButton,Move,543.51171875,583.3671875
7967.116157054901,7967.116157054901,NoButton,Move,543.51171875,583.12890625
7967.173772096634,7967.173772096634,NoButton,Move,543.51171875,582.890625
7967.189837217331,7967.189837217331,NoButton,Move,543.51171875,582.64453125
7967.206030130386,7967.206030130386,NoButton,Move,543.51171875,582.3984375
7967.230466127396,7967.230466127396,NoButton,Move,543.51171875,582.15625
7967.247009038925,7967.247009038925,NoButton,Move,543.51171875,581.91015625
7967.26344203949,7967.26344203949,NoButton,Move,543.51171875,581.6640625
7967.279649019241,7967.279649019241,NoButton,Move,543.51171875,581.41796875
7967.312519073486,7967.312519073486,NoButton,Move,543.51171875,581.1796875
7967.320505142212,7967.320505142212,NoButton,Move,543.51171875,580.60546875
7967.328513145447,7967.328513145447,NoButton,Move,543.51171875,580.03125
7967.337074995041,7967.337074995041,NoButton,Move,543.51171875,579.45703125
7967.344813108444,7967.344813108444,NoButton,Move,542.40234375,577.9765625
7967.35368514061,7967.35368514061,NoButton,Move,541.71875,576.609375
7967.652468919754,7967.652468919754,NoButton,Move,541.94921875,575.91015625
7967.65257191658,7967.65257191658,NoButton,Move,544.2109375,572.73828125
7967.65601682663,7967.65601682663,NoButton,Move,547.76953125,568.66796875
7967.664388895035,7967.664388895035,NoButton,Move,554.53125,559.87109375
7967.675722122192,7967.675722122192,NoButton,Move,564.78515625,547.24609375
7967.680730819702,7967.680730819702,NoButton,Move,578.734375,528.64453125
7967.688748121262,7967.688748121262,NoButton,Move,607.32421875,488.35546875
7967.696877002716,7967.696877002716,NoButton,Move,631.03125,455.16015625
7967.7049379348755,7967.7049379348755,NoButton,Move,657.12109375,417.8828125
7967.713404893875,7967.713404893875,NoButton,Move,688.31640625,373.1171875
7967.72145318985,7967.72145318985,NoButton,Move,720.87890625,328.33984375
7967.729737043381,7967.729737043381,NoButton,Move,753.44140625,284.921875
7967.737757921219,7967.737757921219,NoButton,Move,768.3203125,266.3203125
7967.745943069458,7967.745943069458,NoButton,Move,796.28125,228.1875
7967.754059076309,7967.754059076309,NoButton,Move,819.41796875,196.94921875
7967.762387037277,7967.762387037277,NoButton,Move,828.8828125,184.32421875
7967.770798921585,7967.770798921585,NoButton,Move,846.6171875,159.28125
7968.196837902069,7968.196837902069,NoButton,Move,847.546875,158.34765625
7968.204470157623,7968.204470157623,NoButton,Move,850.71484375,156.08203125
7968.212951183319,7968.212951183319,NoButton,Move,855.7578125,151.59375
7968.221291065216,7968.221291065216,NoButton,Move,862.58203125,145.38671875
7968.229187011719,7968.229187011719,NoButton,Move,876.94921875,132.70703125
7968.238075971603,7968.238075971603,NoButton,Move,891.2421875,120.93359375
7968.2462038993835,7968.2462038993835,NoButton,Move,906.45703125,109.09765625
7968.256384134293,7968.256384134293,NoButton,Move,924.48828125,96.47265625
7968.261689186096,7968.261689186096,NoButton,Move,944.015625,83.44921875
7968.270448923111,7968.270448923111,NoButton,Move,965.09765625,70.03125
7968.278142929077,7968.278142929077,NoButton,Move,987.13671875,56.61328125
7968.288069009781,7968.288069009781,NoButton,Move,1007.50390625,44.57421875
7968.294792890549,7968.294792890549,NoButton,Move,1027.9609375,32.48046875
7968.3043048381805,7968.3043048381805,NoButton,Move,1038.10546875,28.41796875
7968.311033248901,7968.311033248901,NoButton,Move,1056.44921875,19.6796875
7968.321386098862,7968.321386098862,NoButton,Move,1071.97265625,12.32421875
7968.327611923218,7968.327611923218,NoButton,Move,1086.42578125,7.7578125
7968.338376998901,7968.338376998901,NoButton,Move,1092.32421875,5.609375
7968.344344139099,7968.344344139099,NoButton,Move,1102.046875,3.015625
7968.355268001556,7968.355268001556,NoButton,Move,1110.73046875,0.53125
7968.36075592041,7968.36075592041,NoButton,Move,1113.703125,0.10546875
7968.371289968491,7968.371289968491,NoButton,Move,1118.78515625,0.0
7968.3769109249115,7968.3769109249115,NoButton,Move,1123.109375,0.0
7968.389349937439,7968.389349937439,NoButton,Move,1126.73046875,0.0
7968.393653154373,7968.393653154373,NoButton,Move,1129.703125,0.0
7968.40628194809,7968.40628194809,NoButton,Move,1131.546875,0.0
7968.409721136093,7968.409721136093,NoButton,Move,1133.390625,0.0
7968.418402194977,7968.418402194977,NoButton,Move,1134.75390625,0.0
7968.4262862205505,7968.4262862205505,NoButton,Move,1135.32421875,0.0
7968.434667110443,7968.434667110443,NoButton,Move,1135.89453125,0.0
7968.442499160767,7968.442499160767,NoButton,Move,1136.15234375,0.0
7968.450525999069,7968.450525999069,NoButton,Move,1136.41015625,0.0
7968.467404127121,7968.467404127121,NoButton,Move,1136.41015625,0.2421875
7968.475254058838,7968.475254058838,NoButton,Move,1136.41015625,0.5
7968.483556985855,7968.483556985855,NoButton,Move,1135.46875,0.8125
7968.4914791584015,7968.4914791584015,NoButton,Move,1134.1015625,1.4921875
7968.499507904053,7968.499507904053,NoButton,Move,1132.25390625,2.23046875
7968.507550954819,7968.507550954819,NoButton,Move,1128.62890625,3.5859375
7968.51592707634,7968.51592707634,NoButton,Move,1122.41796875,6.40625
7968.524132966995,7968.524132966995,NoButton,Move,1115.30859375,9.3671875
7968.532431840897,7968.532431840897,NoButton,Move,1107.60546875,12.328125
7968.5406222343445,7968.5406222343445,NoButton,Move,1099.5390625,16.66796875
7968.548857927322,7968.548857927322,NoButton,Move,1089.390625,20.7265625
7968.557102203369,7968.557102203369,NoButton,Move,1079.25,25.45703125
7968.565207004547,7968.565207004547,NoButton,Move,1069.1015625,29.515625
7968.573800086975,7968.573800086975,NoButton,Move,1064.7734375,31.4375
7968.581682920456,7968.581682920456,NoButton,Move,1056.0859375,34.5390625
7968.589843034744,7968.589843034744,NoButton,Move,1048.3828125,36.90625
7968.597967863083,7968.597967863083,NoButton,Move,1042.48046875,39.05078125
7968.60672211647,7968.60672211647,NoButton,Move,1036.59375,40.1171875
7968.615306138992,7968.615306138992,NoButton,Move,1031.5078125,41.1328125
7968.622907876968,7968.622907876968,NoButton,Move,1029.66015625,41.5
7968.6310222148895,7968.6310222148895,NoButton,Move,1023.7578125,42.03515625
7968.639175891876,7968.639175891876,NoButton,Move,1021.91015625,42.03515625
7968.647197008133,7968.647197008133,NoButton,Move,1019.52734375,42.03515625
7968.655795097351,7968.655795097351,NoButton,Move,1017.14453125,42.03515625
7968.6635410785675,7968.6635410785675,NoButton,Move,1014.76171875,42.03515625
7968.672019004822,7968.672019004822,NoButton,Move,1012.9140625,41.29296875
7968.680076122284,7968.680076122284,NoButton,Move,1011.43359375,40.18359375
7968.688133955002,7968.688133955002,NoButton,Move,1010.4921875,39.5546875
7968.696226119995,7968.696226119995,NoButton,Move,1009.55078125,38.92578125
7968.704282999039,7968.704282999039,NoButton,Move,1008.9765625,38.3515625
7968.712427139282,7968.712427139282,NoButton,Move,1008.40234375,37.77734375
7968.720638036728,7968.720638036728,NoButton,Move,1008.140625,37.515625
7968.738510847092,7968.738510847092,Left,Pressed,1008.140625,37.515625
7968.755176067352,7968.755176067352,NoButton,Move,1008.140625,37.390625
7968.838376045227,7968.838376045227,Left,Released,1008.140625,37.390625
7969.081091880798,7969.081091880798,NoButton,Move,1008.140625,39.7578125
7969.089719057083,7969.089719057083,NoButton,Move,1008.140625,45.65625
7969.097380876541,7969.097380876541,NoButton,Move,1008.140625,54.33984375
7969.106180906296,7969.106180906296,NoButton,Move,1008.140625,65.1328125
7969.113779067993,7969.113779067993,NoButton,Move,1008.140625,79.5859375
7969.122164964676,7969.122164964676,NoButton,Move,1008.140625,113.6875
7969.130325078964,7969.130325078964,NoButton,Move,1011.953125,160.7109375
7969.138210058212,7969.138210058212,NoButton,Move,1016.10546875,217.51171875
7969.147526979446,7969.147526979446,NoButton,Move,1020.5859375,284.76953125
7969.154532909393,7969.154532909393,NoButton,Move,1028.1875,354.71875
7969.16298699379,7969.16298699379,NoButton,Move,1037.453125,427.30859375
7969.1710729599,7969.1710729599,NoButton,Move,1046.42578125,494.6171875
7969.180900812149,7969.180900812149,NoButton,Move,1050.37109375,521.25390625
7969.188195228577,7969.188195228577,NoButton,Move,1058.16796875,570.63671875
7969.195840120316,7969.195840120316,NoButton,Move,1060.53125,586.4140625
7969.204303979874,7969.204303979874,NoButton,Move,1066.03125,620.515625
7969.212026834488,7969.212026834488,NoButton,Move,1067.32421875,630.23828125
7969.221378087997,7969.221378087997,NoButton,Move,1070.02734375,651.87890625
7969.22927904129,7969.22927904129,NoButton,Move,1071.546875,666.33203125
7969.237143993378,7969.237143993378,NoButton,Move,1072.22265625,677.15234375
7969.245468854904,7969.245468854904,NoButton,Move,1072.6171875,679.53125
7969.507248878479,7969.507248878479,NoButton,Move,1072.8515625,680.9453125
7969.5150690078735,7969.5150690078735,NoButton,Move,1077.36328125,686.0234375
7969.523190021515,7969.523190021515,NoButton,Move,1082.9453125,692.84765625
7969.5317029953,7969.5317029953,NoButton,Move,1089.70703125,701.640625
7969.539766073227,7969.539766073227,NoButton,Move,1097.45703125,710.796875
7969.548197984695,7969.548197984695,NoButton,Move,1105.20703125,719.953125
7969.556366920471,7969.556366920471,NoButton,Move,1121.9765625,740.671875
7969.564914941788,7969.564914941788,NoButton,Move,1140.71875,760.40234375
7969.573020935059,7969.573020935059,NoButton,Move,1160.0,781.71484375
7969.580616950989,7969.580616950989,NoButton,Move,1169.15625,790.16796875
7969.595817089081,7969.595817089081,NoButton,Move,1186.82421875,805.9765625
7969.598088979721,7969.598088979721,NoButton,Move,1203.0546875,821.3046875
7969.6053919792175,7969.6053919792175,NoButton,Move,1217.421875,833.13671875
7969.616034030914,7969.616034030914,NoButton,Move,1223.0625,837.6484375
7969.6213319301605,7969.6213319301605,NoButton,Move,1232.92578125,845.3984375
7969.629315137863,7969.629315137863,NoButton,Move,1241.3515625,851.23046875
7969.637574911118,7969.637574911118,NoButton,Move,1243.8984375,852.9296875
7969.645927906036,7969.645927906036,NoButton,Move,1249.26171875,855.609375
7969.654273986816,7969.654273986816,NoButton,Move,1252.234375,856.8828125
7969.965789079666,7969.965789079666,NoButton,Move,1253.640625,856.8828125
7969.973984003067,7969.973984003067,NoButton,Move,1257.26171875,856.8828125
7969.982028007507,7969.982028007507,NoButton,Move,1261.5859375,856.8828125
7969.9904000759125,7969.9904000759125,NoButton,Move,1265.91015625,857.36328125
7969.998027086258,7969.998027086258,NoButton,Move,1270.9921875,858.88671875
7970.006483078003,7970.006483078003,NoButton,Move,1276.87109375,860.48828125
7970.014716863632,7970.014716863632,NoButton,Move,1287.69140625,863.19140625
7970.022981882095,7970.022981882095,NoButton,Move,1298.9609375,867.41796875
7970.031209945679,7970.031209945679,NoButton,Move,1311.4140625,871.8125
7970.039312839508,7970.039312839508,NoButton,Move,1322.68359375,876.7421875
7970.047642946243,7970.047642946243,NoButton,Move,1335.13671875,881.8671875
7970.055750846863,7970.055750846863,NoButton,Move,1339.7109375,884.40625
7970.063929796219,7970.063929796219,NoButton,Move,1349.85546875,889.140625
7970.071934938431,7970.071934938431,NoButton,Move,1357.91796875,893.48046875
7970.080184221268,7970.080184221268,NoButton,Move,1364.43359375,897.625
7970.089251995087,7970.089251995087,NoButton,Move,1366.8125,898.8125
7970.096355199814,7970.096355199814,NoButton,Move,1371.38671875,899.98046875
7970.104654073715,7970.104654073715,NoButton,Move,1374.74609375,899.98046875
7970.112742900848,7970.112742900848,NoButton,Move,1377.9140625,899.98046875
7970.121604919434,7970.121604919434,NoButton,Move,1380.03515625,899.98046875
7970.129540920258,7970.129540920258,NoButton,Move,1381.62109375,899.98046875
7970.137411117554,7970.137411117554,NoButton,Move,1382.64453125,899.98046875
7970.14545416832,7970.14545416832,NoButton,Move,1383.32421875,899.98046875
7970.153977155685,7970.153977155685,NoButton,Move,1383.94921875,899.98046875
7970.161785125732,7970.161785125732,NoButton,Move,1384.234375,899.98046875
7970.170547008514,7970.170547008514,NoButton,Move,1384.234375,899.98046875
7970.177862882614,7970.177862882614,NoButton,Move,1384.234375,899.98046875
7970.195385217667,7970.195385217667,NoButton,Move,1383.0859375,899.98046875
7970.204022169113,7970.204022169113,NoButton,Move,1380.8359375,896.83203125
7970.210849046707,7970.210849046707,NoButton,Move,1379.1328125,894.28125
7970.220087051392,7970.220087051392,NoButton,Move,1376.44921875,888.9140625
7970.227653980255,7970.227653980255,NoButton,Move,1372.7265625,880.84765625
7970.236461162567,7970.236461162567,NoButton,Move,1371.765625,876.52734375
7970.244036912918,7970.244036912918,NoButton,Move,1368.2421875,864.546875
7970.252532958984,7970.252532958984,NoButton,Move,1366.296875,854.8203125
7970.260432004929,7970.260432004929,NoButton,Move,1365.6171875,843.99609375
7970.270779848099,7970.270779848099,NoButton,Move,1364.71484375,822.3515625
7970.276536226273,7970.276536226273,NoButton,Move,1364.71484375,813.6640625
7970.28489613533,7970.28489613533,NoButton,Move,1364.71484375,796.50390625
7970.2929520606995,7970.2929520606995,NoButton,Move,1364.71484375,779.34375
7970.301414012909,7970.301414012909,NoButton,Move,1364.71484375,762.18359375
7970.309497117996,7970.309497117996,NoButton,Move,1365.27734375,755.41015625
7970.318207025528,7970.318207025528,NoButton,Move,1367.47265625,742.21875
7970.326201200485,7970.326201200485,NoButton,Move,1370.83984375,731.44140625
7970.334681987762,7970.334681987762,NoButton,Move,1373.80078125,723.73828125
7970.342200040817,7970.342200040817,NoButton,Move,1377.9453125,716.62890625
7970.350599050522,7970.350599050522,NoButton,Move,1381.16015625,711.26171875
7970.35861992836,7970.35861992836,NoButton,Move,1385.2265625,707.69921875
7970.366446018219,7970.366446018219,NoButton,Move,1386.703125,706.58984375
7970.374478816986,7970.374478816986,NoButton,Move,1389.87109375,704.32421875
7970.382972955704,7970.382972955704,NoButton,Move,1392.40234375,702.6328125
7970.391116142273,7970.391116142273,NoButton,Move,1393.87890625,701.5234375
7970.3995089530945,7970.3995089530945,NoButton,Move,1395.2421875,700.83984375
7970.41086101532,7970.41086101532,NoButton,Move,1396.1796875,700.2109375
7970.415535926819,7970.415535926819,NoButton,Move,1397.1171875,699.89453125
7970.423732995987,7970.423732995987,NoButton,Move,1397.6875,699.89453125
7970.432137966156,7970.432137966156,NoButton,Move,1397.9453125,699.6328125
7970.440229892731,7970.440229892731,NoButton,Move,1398.203125,699.6328125
7970.448291063309,7970.448291063309,NoButton,Move,1398.7734375,699.6328125
7970.456664085388,7970.456664085388,NoButton,Move,1399.03125,699.37109375
7970.464849948883,7970.464849948883,NoButton,Move,1399.6015625,699.37109375
7970.473108053207,7970.473108053207,NoButton,Move,1400.5390625,699.37109375
7970.48132610321,7970.48132610321,NoButton,Move,1401.109375,699.37109375
7970.489475011826,7970.489475011826,NoButton,Move,1402.046875,699.37109375
7970.497853040695,7970.497853040695,NoButton,Move,1403.41015625,699.37109375
7970.506019830704,7970.506019830704,NoButton,Move,1404.34765625,699.37109375
7970.5146062374115,7970.5146062374115,NoButton,Move,1405.28515625,699.37109375
7970.64585185051,7970.64585185051,NoButton,Move,1406.22265625,699.37109375
7970.645976066589,7970.645976066589,NoButton,Move,1407.16015625,699.37109375
7970.646076917648,7970.646076917648,NoButton,Move,1408.5234375,699.37109375
7970.646173000336,7970.646173000336,NoButton,Move,1409.88671875,699.02734375
7970.64626789093,7970.64626789093,NoButton,Move,1411.36328125,697.91796875
7970.64636015892,7970.64636015892,NoButton,Move,1412.7265625,697.234375
7970.646450996399,7970.646450996399,NoButton,Move,1414.08984375,696.55078125
7970.6465401649475,7970.6465401649475,NoButton,Move,1415.453125,696.20703125
7970.646630048752,7970.646630048752,NoButton,Move,1416.81640625,695.5234375
7970.646733045578,7970.646733045578,NoButton,Move,1417.38671875,695.234375
7970.646822929382,7970.646822929382,NoButton,Move,1418.32421875,695.234375
7970.646961927414,7970.646961927414,NoButton,Move,1418.58203125,695.234375
7970.647006034851,7970.647006034851,NoButton,Move,1418.83984375,695.234375
7970.647057056427,7970.647057056427,NoButton,Move,1417.765625,695.76953125
7970.6527581214905,7970.6527581214905,NoButton,Move,1415.21484375,697.890625
7970.661044120789,7970.661044120789,NoButton,Move,1412.04296875,700.15234375
7970.668989896774,7970.668989896774,NoButton,Move,1407.97265625,703.203125
7970.677206993103,7970.677206993103,NoButton,Move,1403.39453125,706.25390625
7970.68562579155,7970.68562579155,NoButton,Move,1398.02734375,709.46875
7970.693870067596,7970.693870067596,NoButton,Move,1392.66015625,712.1484375
7970.701988935471,7970.701988935471,NoButton,Move,1388.08203125,714.6875
7970.710051774979,7970.710051774979,NoButton,Move,1382.71484375,717.3671875
7970.719949007034,7970.719949007034,NoButton,Move,1380.33203125,718.16015625
7970.726505994797,7970.726505994797,NoButton,Move,1377.35546875,719.43359375
7970.735991001129,7970.735991001129,NoButton,Move,1374.37890625,720.70703125
7970.742985010147,7970.742985010147,NoButton,Move,1371.99609375,721.1015625
7970.751269817352,7970.751269817352,NoButton,Move,1370.62890625,721.78125
7970.759298086166,7970.759298086166,NoButton,Move,1369.6875,722.09375
7970.76834487915,7970.76834487915,NoButton,Move,1368.74609375,722.40625
7970.775752067566,7970.775752067566,NoButton,Move,1368.484375,722.6640625
7970.784073114395,7970.784073114395,NoButton,Move,1367.91015625,722.94921875
7970.792201042175,7970.792201042175,NoButton,Move,1367.6484375,722.94921875
7970.800193071365,7970.800193071365,NoButton,Move,1367.38671875,722.94921875
7970.808381080627,7970.808381080627,NoButton,Move,1367.125,723.20703125
7970.816645860672,7970.816645860672,NoButton,Move,1366.55078125,723.4921875
7970.824871063232,7970.824871063232,NoButton,Move,1366.2890625,723.75
7970.833054065704,7970.833054065704,NoButton,Move,1365.71484375,724.03515625
7970.841167926788,7970.841167926788,NoButton,Move,1365.140625,724.3203125
7970.849608898163,7970.849608898163,NoButton,Move,1364.56640625,724.60546875
7970.857578992844,7970.857578992844,NoButton,Move,1363.9921875,724.890625
7970.865924835205,7970.865924835205,NoButton,Move,1363.73046875,725.1484375
7970.888535022736,7970.888535022736,Left,Pressed,1363.73046875,725.1484375
7970.905166149139,7970.905166149139,NoButton,Move,1363.60546875,725.26953125
7970.972011089325,7970.972011089325,Left,Released,1363.60546875,725.26953125
7973.152209997177,7973.152209997177,NoButton,Move,1363.60546875,725.5
7973.159369945526,7973.159369945526,NoButton,Move,1363.60546875,725.7578125
7973.1682188510895,7973.1682188510895,NoButton,Move,1363.60546875,726.015625
7973.175817012787,7973.175817012787,NoButton,Move,1363.60546875,726.2734375
7973.191971063614,7973.191971063614,NoButton,Move,1363.60546875,726.515625
7973.202710151672,7973.202710151672,NoButton,Move,1363.60546875,726.7734375
7973.208515167236,7973.208515167236,NoButton,Move,1363.60546875,727.03125
7973.216407060623,7973.216407060623,NoButton,Move,1363.60546875,727.2890625
7973.224720954895,7973.224720954895,NoButton,Move,1363.60546875,727.546875
7973.233152151108,7973.233152151108,NoButton,Move,1363.60546875,727.8046875
7973.24095582962,7973.24095582962,NoButton,Move,1363.60546875,728.0625
7973.2495930194855,7973.2495930194855,NoButton,Move,1363.60546875,728.3203125
7973.2574100494385,7973.2574100494385,NoButton,Move,1363.60546875,728.890625
7973.265872955322,7973.265872955322,NoButton,Move,1363.60546875,729.4609375
7973.274865865707,7973.274865865707,NoButton,Move,1363.60546875,730.03125
7973.282536029816,7973.282536029816,NoButton,Move,1363.60546875,730.6015625
7973.29060792923,7973.29060792923,NoButton,Move,1363.60546875,731.5390625
7973.298399925232,7973.298399925232,NoButton,Move,1363.60546875,732.109375
7973.307056903839,7973.307056903839,NoButton,Move,1363.60546875,732.6796875
7973.314835071564,7973.314835071564,NoButton,Move,1363.60546875,733.6171875
7973.323292970657,7973.323292970657,NoButton,Move,1363.60546875,734.5546875
7973.331243991852,7973.331243991852,NoButton,Move,1363.60546875,735.125
7973.34247303009,7973.34247303009,NoButton,Move,1363.60546875,736.0625
7973.360042095184,7973.360042095184,NoButton,Move,1363.60546875,737.42578125
7973.360201120377,7973.360201120377,NoButton,Move,1363.60546875,738.36328125
7973.36393404007,7973.36393404007,NoButton,Move,1363.60546875,739.7265625
7973.372135877609,7973.372135877609,NoButton,Move,1363.60546875,741.08984375
7973.3802881240845,7973.3802881240845,NoButton,Move,1363.60546875,742.93359375
7973.388510942459,7973.388510942459,NoButton,Move,1363.60546875,745.3125
7973.396692991257,7973.396692991257,NoButton,Move,1364.0,747.69140625
7973.40482211113,7973.40482211113,NoButton,Move,1364.39453125,750.06640625
7973.413030862808,7973.413030862808,NoButton,Move,1364.81640625,753.0390625
7973.421413898468,7973.421413898468,NoButton,Move,1365.265625,756.66015625
7973.4295880794525,7973.4295880794525,NoButton,Move,1365.71484375,760.28125
7973.437709093094,7973.437709093094,NoButton,Move,1366.67578125,764.60546875
7973.445758104324,7973.445758104324,NoButton,Move,1367.15625,768.9296875
7973.454435110092,7973.454435110092,NoButton,Move,1368.16796875,773.99609375
7973.462168931961,7973.462168931961,NoButton,Move,1369.12890625,778.3203125
7973.47088599205,7973.47088599205,NoButton,Move,1370.14453125,783.40234375
7973.478577852249,7973.478577852249,NoButton,Move,1371.16015625,788.484375
7973.4868450164795,7973.4868450164795,NoButton,Move,1372.12109375,792.80859375
7973.494735956192,7973.494735956192,NoButton,Move,1373.13671875,797.890625
7973.504140138626,7973.504140138626,NoButton,Move,1374.09375,802.19921875
7973.511990070343,7973.511990070343,NoButton,Move,1375.0546875,806.5234375
7973.5205500125885,7973.5205500125885,NoButton,Move,1375.50390625,810.14453125
7973.527748823166,7973.527748823166,NoButton,Move,1376.40625,813.765625
7973.536040067673,7973.536040067673,NoButton,Move,1376.7734375,815.609375
7973.544012069702,7973.544012069702,NoButton,Move,1377.1953125,818.58203125
7973.554346084595,7973.554346084595,NoButton,Move,1377.6171875,821.54296875
7973.560669898987,7973.560669898987,NoButton,Move,1378.01171875,823.921875
7973.58260679245,7973.58260679245,NoButton,Move,1378.40625,826.30078125
7973.58701300621,7973.58701300621,NoButton,Move,1378.828125,829.2734375
7973.587412118912,7973.587412118912,NoButton,Move,1379.22265625,831.65234375
7973.593373060226,7973.593373060226,NoButton,Move,1379.58984375,833.49609375
7973.603285074234,7973.603285074234,NoButton,Move,1379.984375,835.875
7973.60941696167,7973.60941696167,NoButton,Move,1379.984375,837.71875
7973.617705106735,7973.617705106735,NoButton,Move,1380.3515625,839.5625
7973.626085996628,7973.626085996628,NoButton,Move,1380.71875,841.40625
7973.633994102478,7973.633994102478,NoButton,Move,1380.71875,843.25
7973.642524957657,7973.642524957657,NoButton,Move,1380.71875,845.09375
7973.650591135025,7973.650591135025,NoButton,Move,1381.0859375,846.9375
7973.658757925034,7973.658757925034,NoButton,Move,1381.0859375,848.30078125
7973.6667330265045,7973.6667330265045,NoButton,Move,1381.0859375,850.14453125
7973.675078868866,7973.675078868866,NoButton,Move,1381.42578125,851.5078125
7973.6833028793335,7973.6833028793335,NoButton,Move,1381.42578125,852.87109375
7973.691620826721,7973.691620826721,NoButton,Move,1381.42578125,853.80859375
7973.699656009674,7973.699656009674,NoButton,Move,1381.73828125,854.74609375
7973.7080771923065,7973.7080771923065,NoButton,Move,1381.73828125,855.31640625
7973.71625494957,7973.71625494957,NoButton,Move,1381.73828125,855.57421875
7973.724291086197,7973.724291086197,NoButton,Move,1381.99609375,855.83203125
7973.732316017151,7973.732316017151,NoButton,Move,1381.99609375,856.08984375
7973.740394115448,7973.740394115448,NoButton,Move,1381.99609375,856.34765625
7973.748826980591,7973.748826980591,NoButton,Move,1381.99609375,856.60546875
7973.781561136246,7973.781561136246,NoButton,Move,1382.23046875,856.60546875
7973.822052001953,7973.822052001953,Left,Pressed,1382.23046875,856.60546875
7973.92168712616,7973.92168712616,Left,Released,1382.23046875,856.60546875
7974.19924902916,7974.19924902916,NoButton,Move,1381.52734375,854.96484375
7974.20702791214,7974.20702791214,NoButton,Move,1379.71484375,851.33984375
7974.21578502655,7974.21578502655,NoButton,Move,1377.3203125,847.5078125
7974.224440097809,7974.224440097809,NoButton,Move,1371.68359375,836.9375
7974.231713056564,7974.231713056564,NoButton,Move,1365.59375,823.2421875
7974.239807128906,7974.239807128906,NoButton,Move,1358.60546875,804.0234375
7974.248164892197,7974.248164892197,NoButton,Move,1351.1640625,781.69921875
7974.256142854691,7974.256142854691,NoButton,Move,1342.58984375,750.6171875
7974.264505147934,7974.264505147934,NoButton,Move,1333.7890625,717.61328125
7974.272971153259,7974.272971153259,NoButton,Move,1324.7578125,682.62890625
7974.281028985977,7974.281028985977,NoButton,Move,1317.984375,646.515625
7974.289052963257,7974.289052963257,NoButton,Move,1311.55078125,614.36328125
7974.297343015671,7974.297343015671,NoButton,Move,1310.02734375,599.90625
7974.305320978165,7974.305320978165,NoButton,Move,1307.06640625,573.265625
7981.5083091259,7981.5083091259,NoButton,Move,1307.06640625,573.03515625
