303.38681387901306,303.38681387901306,NoButton,Move,748.6953125,537.14453125
303.4031820297241,303.4031820297241,NoButton,Move,748.6953125,536.8984375
303.4115641117096,303.4115641117096,NoButton,Move,748.6953125,536.32421875
303.4197518825531,303.4197518825531,NoButton,Move,748.6953125,535.75
303.42855310440063,303.42855310440063,NoButton,Move,748.6953125,535.17578125
303.4364869594574,303.4364869594574,NoButton,Move,748.6953125,534.234375
303.44415497779846,303.44415497779846,NoButton,Move,748.6953125,533.29296875
303.45225977897644,303.45225977897644,NoButton,Move,748.6953125,532.3515625
303.4605689048767,303.4605689048767,NoButton,Move,748.37890625,531.41015625
303.4690010547638,303.4690010547638,NoButton,Move,748.37890625,530.04296875
303.47702193260193,303.47702193260193,NoButton,Move,748.37890625,529.1015625
303.48508191108704,303.48508191108704,NoButton,Move,748.37890625,528.16015625
303.49316000938416,303.49316000938416,NoButton,Move,748.37890625,526.79296875
303.5014989376068,303.5014989376068,NoButton,Move,748.37890625,525.8515625
303.50961112976074,303.50961112976074,NoButton,Move,748.08984375,525.27734375
303.51780700683594,303.51780700683594,NoButton,Move,748.08984375,524.3359375
303.52613496780396,303.52613496780396,NoButton,Move,747.80078125,523.76171875
303.53414392471313,303.53414392471313,NoButton,Move,747.51171875,523.1875
303.5424020290375,303.5424020290375,NoButton,Move,747.51171875,522.92578125
303.5504400730133,303.5504400730133,NoButton,Move,746.9375,522.63671875
303.5588450431824,303.5588450431824,NoButton,Move,746.36328125,522.34765625
303.56685996055603,303.56685996055603,NoButton,Move,745.7890625,522.05859375
303.76347303390503,303.76347303390503,NoButton,Move,745.7890625,521.58984375
303.77161407470703,303.77161407470703,NoButton,Move,745.7890625,519.20703125
303.77984595298767,303.77984595298767,NoButton,Move,745.7890625,512.43359375
303.78812193870544,303.78812193870544,NoButton,Move,745.7890625,504.73046875
303.7962930202484,303.7962930202484,NoButton,Move,745.7890625,487.5703125
303.8045029640198,303.8045029640198,NoButton,Move,745.7890625,468.97265625
303.8125047683716,303.8125047683716,NoButton,Move,745.7890625,430.7890625
303.820867061615,303.820867061615,NoButton,Move,741.38671875,396.68359375
303.8289051055908,303.8289051055908,NoButton,Move,732.88671875,354.1953125
303.83780789375305,303.83780789375305,NoButton,Move,720.67578125,301.27734375
303.8457019329071,303.8457019329071,NoButton,Move,706.53125,243.296875
303.85375690460205,303.85375690460205,NoButton,Move,689.21875,182.7109375
303.8622488975525,303.8622488975525,NoButton,Move,670.109375,119.51171875
303.8700489997864,303.8700489997864,NoButton,Move,651.35546875,60.3671875
303.87850403785706,303.87850403785706,NoButton,Move,642.984375,38.04296875
303.8876349925995,303.8876349925995,NoButton,Move,626.08984375,0.0
303.89692187309265,303.89692187309265,NoButton,Move,618.734375,0.0
303.902704000473,303.902704000473,NoButton,Move,603.73046875,0.0
303.91513085365295,303.91513085365295,NoButton,Move,587.48828125,0.0
303.91916489601135,303.91916489601135,NoButton,Move,574.80859375,0.0
303.9303481578827,303.9303481578827,NoButton,Move,562.18359375,0.0
303.9357581138611,303.9357581138611,NoButton,Move,549.25,0.0
303.9466371536255,303.9466371536255,NoButton,Move,538.42578125,0.0
303.9519188404083,303.9519188404083,NoButton,Move,532.5234375,0.0
303.96437096595764,303.96437096595764,NoButton,Move,522.8203125,0.0
303.9685571193695,303.9685571193695,NoButton,Move,515.1171875,0.0
303.9768240451813,303.9768240451813,NoButton,Move,511.4921875,0.0
303.9849181175232,303.9849181175232,NoButton,Move,505.58984375,0.0
303.9928820133209,303.9928820133209,NoButton,Move,501.26171875,0.0
304.0015380382538,304.0015380382538,NoButton,Move,498.28515625,1.2734375
304.00940012931824,304.00940012931824,NoButton,Move,495.90234375,2.06640625
304.0177731513977,304.0177731513977,NoButton,Move,494.53515625,2.74609375
304.0259530544281,304.0259530544281,NoButton,Move,493.9609375,3.31640625
304.0338671207428,304.0338671207428,NoButton,Move,493.38671875,3.88671875
304.04184198379517,304.04184198379517,NoButton,Move,493.38671875,4.45703125
304.0500650405884,304.0500650405884,NoButton,Move,493.38671875,5.39453125
304.05832982063293,304.05832982063293,NoButton,Move,493.38671875,7.23828125
304.06651282310486,304.06651282310486,NoButton,Move,493.38671875,9.08203125
304.0753140449524,304.0753140449524,NoButton,Move,493.38671875,12.0546875
304.083261013031,304.083261013031,NoButton,Move,493.8359375,15.67578125
304.0915219783783,304.0915219783783,NoButton,Move,495.19140625,19.296875
304.0996780395508,304.0996780395508,NoButton,Move,496.6328125,23.62109375
304.1077609062195,304.1077609062195,NoButton,Move,498.44140625,27.2421875
304.11604499816895,304.11604499816895,NoButton,Move,499.1796875,29.0859375
304.12397813796997,304.12397813796997,NoButton,Move,500.3671875,31.46484375
304.1340169906616,304.1340169906616,NoButton,Move,502.06640625,34.01171875
304.1404869556427,304.1404869556427,NoButton,Move,503.171875,35.85546875
304.14881896972656,304.14881896972656,NoButton,Move,504.1953125,36.87890625
304.15673303604126,304.15673303604126,NoButton,Move,504.765625,37.44921875
304.1647381782532,304.1647381782532,NoButton,Move,505.703125,38.07421875
304.17315793037415,304.17315793037415,NoButton,Move,506.2734375,38.359375
304.181214094162,304.181214094162,NoButton,Move,506.53125,38.6171875
304.1896710395813,304.1896710395813,NoButton,Move,507.1015625,38.6171875
304.197870016098,304.197870016098,NoButton,Move,507.359375,38.6171875
304.21425700187683,304.21425700187683,Left,Pressed,507.359375,38.6171875
304.23111295700073,304.23111295700073,NoButton,Move,507.48046875,38.6171875
304.33071994781494,304.33071994781494,Left,Released,507.48046875,38.6171875
304.9424409866333,304.9424409866333,NoButton,Move,508.40625,38.6171875
304.9506151676178,304.9506151676178,NoButton,Move,511.37890625,38.6171875
304.9587950706482,304.9587950706482,NoButton,Move,517.27734375,38.6171875
304.966912984848,304.966912984848,NoButton,Move,524.046875,37.48828125
304.9751229286194,304.9751229286194,NoButton,Move,533.76953125,35.54296875
304.98365116119385,304.98365116119385,NoButton,Move,545.74609375,32.72265625
304.9925079345703,304.9925079345703,NoButton,Move,558.93359375,29.7890625
305.0013439655304,305.0013439655304,NoButton,Move,585.5703125,24.85546875
305.0082881450653,305.0082881450653,NoButton,Move,595.29296875,23.55859375
305.01736879348755,305.01736879348755,NoButton,Move,613.88671875,21.01953125
305.02475905418396,305.02475905418396,NoButton,Move,631.04296875,18.56640625
305.03327894210815,305.03327894210815,NoButton,Move,648.19921875,16.9296875
305.04095792770386,305.04095792770386,NoButton,Move,663.9765625,15.3515625
305.04910492897034,305.04910492897034,NoButton,Move,669.875,14.8125
305.05755496025085,305.05755496025085,NoButton,Move,680.6953125,14.1328125
305.06542110443115,305.06542110443115,NoButton,Move,689.37890625,12.890625
305.074187040329,305.074187040329,NoButton,Move,692.3515625,12.46484375
305.08242988586426,305.08242988586426,NoButton,Move,697.43359375,11.953125
305.0900218486786,305.0900218486786,NoButton,Move,701.7578125,11.46875
305.0981960296631,305.0981960296631,NoButton,Move,704.73046875,11.04296875
305.10635805130005,305.10635805130005,NoButton,Move,707.109375,11.04296875
305.1144049167633,305.1144049167633,NoButton,Move,708.47265625,10.69921875
305.1242380142212,305.1242380142212,NoButton,Move,709.41015625,10.3828125
305.1309771537781,305.1309771537781,NoButton,Move,709.98046875,10.3828125
305.13912200927734,305.13912200927734,NoButton,Move,710.55078125,10.09375
305.14736890792847,305.14736890792847,NoButton,Move,710.80859375,10.09375
305.15610694885254,305.15610694885254,NoButton,Move,711.06640625,9.83203125
305.16412711143494,305.16412711143494,NoButton,Move,711.32421875,9.83203125
305.1972930431366,305.1972930431366,Left,Pressed,711.32421875,9.83203125
305.2138488292694,305.2138488292694,NoButton,Move,711.32421875,9.7109375
305.31416511535645,305.31416511535645,Left,Released,711.32421875,9.7109375
305.4995458126068,305.4995458126068,NoButton,Move,711.32421875,14.3515625
305.5077919960022,305.5077919960022,NoButton,Move,711.32421875,26.328125
305.5157210826874,305.5157210826874,NoButton,Move,711.32421875,40.78125
305.52400398254395,305.52400398254395,NoButton,Move,711.32421875,65.6953125
305.53220677375793,305.53220677375793,NoButton,Move,711.32421875,99.796875
305.54061102867126,305.54061102867126,NoButton,Move,711.32421875,140.1015625
305.5487570762634,305.5487570762634,NoButton,Move,711.32421875,225.89453125
305.5569968223572,305.5569968223572,NoButton,Move,716.3828125,316.96875
305.5651409626007,305.5651409626007,NoButton,Move,730.14453125,413.32421875
305.57338094711304,305.57338094711304,NoButton,Move,737.0859375,451.50390625
305.58154916763306,305.58154916763306,NoButton,Move,751.38671875,529.375
305.5901048183441,305.5901048183441,NoButton,Move,757.3046875,556.01171875
305.598335981369,305.598335981369,NoButton,Move,769.515625,608.92578125
307.19191884994507,307.19191884994507,Right,Pressed,769.515625,608.92578125
307.2600619792938,307.2600619792938,Right,Released,769.515625,608.92578125
308.2686369419098,308.2686369419098,NoButton,Move,770.4375,609.15625
308.2764401435852,308.2764401435852,NoButton,Move,777.54296875,613.30078125
308.2850661277771,308.2850661277771,NoButton,Move,785.96875,618.484375
308.292377948761,308.292377948761,NoButton,Move,796.95703125,625.80859375
308.300568819046,308.300568819046,NoButton,Move,810.3671875,634.484375
308.3091998100281,308.3091998100281,NoButton,Move,825.07421875,644.2890625
308.3174641132355,308.3174641132355,NoButton,Move,877.00390625,678.90625
308.3316550254822,308.3316550254822,NoButton,Move,915.1328125,706.8671875
308.3344929218292,308.3344929218292,NoButton,Move,954.9765625,740.0703125
308.34142804145813,308.34142804145813,NoButton,Move,999.30859375,777.47265625
308.3502118587494,308.3502118587494,NoButton,Move,1040.8671875,817.6484375
308.3580470085144,308.3580470085144,NoButton,Move,1059.07421875,834.89453125
308.36771416664124,308.36771416664124,NoButton,Move,1095.4609375,868.6796875
308.3744521141052,308.3744521141052,NoButton,Move,1107.71484375,881.75
308.3826880455017,308.3826880455017,NoButton,Move,1130.21875,899.98046875
308.39062309265137,308.39062309265137,NoButton,Move,1148.9609375,899.98046875
308.39902114868164,308.39902114868164,NoButton,Move,1153.47265625,899.98046875
308.77694392204285,308.77694392204285,NoButton,Move,1153.47265625,899.515625
308.7886710166931,308.7886710166931,NoButton,Move,1153.47265625,898.94140625
308.7922160625458,308.7922160625458,NoButton,Move,1153.47265625,898.0
308.8005790710449,308.8005790710449,NoButton,Move,1153.47265625,897.05859375
308.808730840683,308.808730840683,NoButton,Move,1153.47265625,896.484375
308.8171319961548,308.8171319961548,NoButton,Move,1153.47265625,895.91015625
308.82506918907166,308.82506918907166,NoButton,Move,1153.7578125,895.3359375
308.83358812332153,308.83358812332153,NoButton,Move,1154.04296875,894.76171875
308.8416049480438,308.8416049480438,NoButton,Move,1154.04296875,894.5
308.8498740196228,308.8498740196228,NoButton,Move,1154.30078125,894.23828125
308.8579180240631,308.8579180240631,NoButton,Move,1154.30078125,893.9765625
308.8664000034332,308.8664000034332,NoButton,Move,1154.55859375,893.71484375
308.87444400787354,308.87444400787354,NoButton,Move,1154.81640625,893.71484375
308.88271284103394,308.88271284103394,NoButton,Move,1155.07421875,893.453125
308.8907001018524,308.8907001018524,NoButton,Move,1155.33203125,893.19140625
308.89920806884766,308.89920806884766,NoButton,Move,1155.90234375,892.90234375
308.9072368144989,308.9072368144989,NoButton,Move,1156.83984375,892.2734375
308.91724705696106,308.91724705696106,NoButton,Move,1158.68359375,891.53125
308.92439103126526,308.92439103126526,NoButton,Move,1160.52734375,890.7890625
308.9313280582428,308.9313280582428,NoButton,Move,1163.5,889.9375
308.93952107429504,308.93952107429504,NoButton,Move,1170.26953125,888.2421875
308.94796109199524,308.94796109199524,NoButton,Move,1176.16796875,886.6328125
308.95605993270874,308.95605993270874,NoButton,Move,1184.8515625,885.390625
308.9644250869751,308.9644250869751,NoButton,Move,1193.53515625,883.52734375
308.97233414649963,308.97233414649963,NoButton,Move,1204.35546875,882.171875
308.98083305358887,308.98083305358887,NoButton,Move,1215.17578125,880.140625
308.9889190196991,308.9889190196991,NoButton,Move,1227.15234375,878.0234375
308.9978370666504,308.9978370666504,NoButton,Move,1232.234375,877.51171875
309.0048279762268,309.0048279762268,NoButton,Move,1241.95703125,875.56640625
309.01365399360657,309.01365399360657,NoButton,Move,1250.640625,874.32421875
309.0212721824646,309.0212721824646,NoButton,Move,1258.33984375,873.13671875
309.0296998023987,309.0296998023987,NoButton,Move,1264.23828125,872.0625
309.03805708885193,309.03805708885193,NoButton,Move,1266.609375,872.0625
309.04860401153564,309.04860401153564,NoButton,Move,1270.93359375,872.0625
309.0551800727844,309.0551800727844,NoButton,Move,1273.90625,871.63671875
309.06410098075867,309.06410098075867,NoButton,Move,1276.28515625,871.63671875
309.07135009765625,309.07135009765625,NoButton,Move,1278.12890625,871.63671875
309.08010816574097,309.08010816574097,NoButton,Move,1279.4921875,871.63671875
309.0876920223236,309.0876920223236,NoButton,Move,1280.0625,871.63671875
309.09641098976135,309.09641098976135,NoButton,Move,1280.6328125,871.63671875
309.10407400131226,309.10407400131226,NoButton,Move,1280.890625,871.63671875
309.11521315574646,309.11521315574646,NoButton,Move,1281.1484375,871.63671875
309.12013506889343,309.12013506889343,NoButton,Move,1281.40625,871.63671875
309.3428568840027,309.3428568840027,NoButton,Move,1281.171875,871.63671875
309.3599519729614,309.3599519729614,NoButton,Move,1280.92578125,871.63671875
309.36593317985535,309.36593317985535,NoButton,Move,1280.3515625,871.63671875
309.3745138645172,309.3745138645172,NoButton,Move,1280.08984375,871.63671875
309.3826439380646,309.3826439380646,NoButton,Move,1279.515625,871.63671875
309.39050912857056,309.39050912857056,NoButton,Move,1278.57421875,871.63671875
309.3988721370697,309.3988721370697,NoButton,Move,1277.6328125,871.94921875
309.40687894821167,309.40687894821167,NoButton,Move,1275.78515625,871.94921875
309.41517186164856,309.41517186164856,NoButton,Move,1273.9375,871.94921875
309.4232339859009,309.4232339859009,NoButton,Move,1270.9609375,871.94921875
309.43342900276184,309.43342900276184,NoButton,Move,1267.984375,871.94921875
309.439572095871,309.439572095871,NoButton,Move,1264.359375,871.94921875
309.4497580528259,309.4497580528259,NoButton,Move,1260.03125,871.94921875
309.45574402809143,309.45574402809143,NoButton,Move,1254.9453125,871.94921875
309.46373987197876,309.46373987197876,NoButton,Move,1249.04296875,871.94921875
309.47214698791504,309.47214698791504,NoButton,Move,1243.140625,871.94921875
309.48012018203735,309.48012018203735,NoButton,Move,1237.23828125,871.94921875
309.48813486099243,309.48813486099243,NoButton,Move,1230.46484375,871.3828125
309.4967210292816,309.4967210292816,NoButton,Move,1224.5625,870.30859375
309.5046851634979,309.5046851634979,NoButton,Move,1217.7890625,869.1796875
309.5135099887848,309.5135099887848,NoButton,Move,1211.015625,868.05078125
309.5210509300232,309.5210509300232,NoButton,Move,1205.11328125,866.9765625
309.53065299987793,309.53065299987793,NoButton,Move,1199.2109375,865.90234375
309.537437915802,309.537437915802,NoButton,Move,1194.125,864.375
309.5476438999176,309.5476438999176,NoButton,Move,1192.27734375,864.00390625
309.55387806892395,309.55387806892395,NoButton,Move,1187.94921875,863.0390625
309.56451296806335,309.56451296806335,NoButton,Move,1184.97265625,862.1875
309.5701599121094,309.5701599121094,NoButton,Move,1182.58984375,861.390625
309.58152198791504,309.58152198791504,NoButton,Move,1180.7421875,861.01953125
309.5868549346924,309.5868549346924,NoButton,Move,1179.375,860.67578125
309.5982301235199,309.5982301235199,NoButton,Move,1178.43359375,860.359375
309.60340785980225,309.60340785980225,NoButton,Move,1177.859375,860.0703125
309.61561918258667,309.61561918258667,NoButton,Move,1177.28515625,860.0703125
309.6194188594818,309.6194188594818,NoButton,Move,1177.0234375,860.0703125
309.66071105003357,309.66071105003357,NoButton,Move,1176.78515625,859.83203125
309.6685461997986,309.6685461997986,NoButton,Move,1176.2109375,859.83203125
309.677041053772,309.677041053772,NoButton,Move,1174.84375,859.48828125
309.68496322631836,309.68496322631836,NoButton,Move,1172.4609375,859.08984375
309.69318103790283,309.69318103790283,NoButton,Move,1167.375,858.0703125
309.70181107521057,309.70181107521057,NoButton,Move,1161.47265625,857.53125
309.70933985710144,309.70933985710144,NoButton,Move,1148.28125,856.0625
309.71751403808594,309.71751403808594,NoButton,Move,1140.578125,855.46875
309.725790977478,309.725790977478,NoButton,Move,1127.38671875,854.734375
309.7338590621948,309.7338590621948,NoButton,Move,1102.46875,852.81640625
309.74240493774414,309.74240493774414,NoButton,Move,1092.7578125,852.16796875
309.7500579357147,309.7500579357147,NoButton,Move,1075.59765625,851.34765625
309.75859904289246,309.75859904289246,NoButton,Move,1059.81640625,849.76953125
309.76639699935913,309.76639699935913,NoButton,Move,1045.359375,849.0078125
309.77492094039917,309.77492094039917,NoButton,Move,1030.90234375,847.484375
309.78336215019226,309.78336215019226,NoButton,Move,1025.81640625,846.97265625
309.7915589809418,309.7915589809418,NoButton,Move,1016.08984375,846.32421875
309.7998831272125,309.7998831272125,NoButton,Move,1012.46484375,845.87109375
309.8078541755676,309.8078541755676,NoButton,Move,1006.5625,845.33203125
309.8155951499939,309.8155951499939,NoButton,Move,1002.234375,844.84765625
309.8242371082306,309.8242371082306,NoButton,Move,998.609375,844.84765625
310.08460116386414,310.08460116386414,NoButton,Move,997.18359375,844.84765625
310.08464217185974,310.08464217185974,NoButton,Move,990.41015625,844.84765625
310.0846688747406,310.0846688747406,NoButton,Move,980.68359375,847.4375
310.0846951007843,310.0846951007843,NoButton,Move,969.859375,850.140625
310.08472084999084,310.08472084999084,NoButton,Move,957.87890625,852.25390625
310.084743976593,310.084743976593,NoButton,Move,943.421875,853.7734375
310.0847771167755,310.0847771167755,NoButton,Move,931.44140625,855.88671875
310.0848009586334,310.0848009586334,NoButton,Move,918.25,857.3515625
310.08600401878357,310.08600401878357,NoButton,Move,891.609375,859.32421875
310.09831404685974,310.09831404685974,NoButton,Move,879.62890625,860.02734375
310.1023590564728,310.1023590564728,NoButton,Move,856.375,860.95703125
310.1123859882355,310.1123859882355,NoButton,Move,836.28125,861.828125
310.1186680793762,310.1186680793762,NoButton,Move,827.59375,862.4453125
310.12672305107117,310.12672305107117,NoButton,Move,813.13671875,862.4453125
310.1349639892578,310.1349639892578,NoButton,Move,801.15625,862.4453125
310.1431350708008,310.1431350708008,NoButton,Move,797.53125,862.4453125
310.1513638496399,310.1513638496399,NoButton,Move,790.7578125,862.4453125
310.1595230102539,310.1595230102539,NoButton,Move,786.4296875,862.4453125
310.1677770614624,310.1677770614624,NoButton,Move,782.8046875,862.4453125
310.17594814300537,310.17594814300537,NoButton,Move,780.95703125,862.4453125
310.3972501754761,310.3972501754761,NoButton,Move,780.25390625,862.4453125
310.40607500076294,310.40607500076294,NoButton,Move,778.40625,862.4453125
310.413635969162,310.413635969162,NoButton,Move,775.4296875,862.4453125
310.42153096199036,310.42153096199036,NoButton,Move,773.046875,862.4453125
310.42972803115845,310.42972803115845,NoButton,Move,770.0703125,862.4453125
310.43865513801575,310.43865513801575,NoButton,Move,767.70703125,862.4453125
310.4469029903412,310.4469029903412,NoButton,Move,762.62109375,862.4453125
310.4547870159149,310.4547870159149,NoButton,Move,758.29296875,862.4453125
310.46357798576355,310.46357798576355,NoButton,Move,754.66796875,862.4453125
310.47117710113525,310.47117710113525,NoButton,Move,750.33984375,861.9609375
310.4805681705475,310.4805681705475,NoButton,Move,748.4921875,861.9609375
310.4875190258026,310.4875190258026,NoButton,Move,745.5234375,861.53515625
310.4974811077118,310.4974811077118,NoButton,Move,742.546875,860.68359375
310.50385904312134,310.50385904312134,NoButton,Move,740.1640625,859.88671875
310.5144908428192,310.5144908428192,NoButton,Move,737.78125,859.08984375
310.52027010917664,310.52027010917664,NoButton,Move,735.93359375,858.34765625
310.5309979915619,310.5309979915619,NoButton,Move,734.0859375,857.60546875
310.5367820262909,310.5367820262909,NoButton,Move,732.71875,857.26171875
310.54871702194214,310.54871702194214,NoButton,Move,731.77734375,856.6328125
310.5532579421997,310.5532579421997,NoButton,Move,730.8359375,856.00390625
310.56486105918884,310.56486105918884,NoButton,Move,729.89453125,855.6875
310.5695939064026,310.5695939064026,NoButton,Move,729.3203125,855.11328125
310.5827679634094,310.5827679634094,NoButton,Move,729.05859375,855.11328125
310.5860171318054,310.5860171318054,NoButton,Move,728.796875,854.8515625
310.59851813316345,310.59851813316345,NoButton,Move,728.53515625,854.58984375
310.6030101776123,310.6030101776123,NoButton,Move,728.53515625,854.328125
310.61588311195374,310.61588311195374,NoButton,Move,728.2734375,854.328125
310.6335391998291,310.6335391998291,Left,Pressed,728.2734375,854.328125
310.64814496040344,310.64814496040344,NoButton,Move,728.2734375,854.203125
310.7623858451843,310.7623858451843,Left,Released,728.2734375,854.203125
311.4418480396271,311.4418480396271,Right,Pressed,728.2734375,854.203125
311.5723879337311,311.5723879337311,Right,Released,728.2734375,854.203125
311.8225600719452,311.8225600719452,NoButton,Move,728.2734375,853.73828125
311.8306188583374,311.8306188583374,NoButton,Move,728.2734375,850.76171875
311.83870792388916,311.83870792388916,NoButton,Move,728.72265625,847.13671875
311.8469970226288,311.8469970226288,NoButton,Move,730.24609375,842.05078125
311.8551528453827,311.8551528453827,NoButton,Move,731.37109375,835.27734375
311.86342096328735,311.86342096328735,NoButton,Move,732.9765625,829.375
311.8717861175537,311.8717861175537,NoButton,Move,734.75,821.671875
311.8801670074463,311.8801670074463,NoButton,Move,737.90234375,805.890625
311.88880586624146,311.88880586624146,NoButton,Move,742.26953125,785.796875
311.8970069885254,311.8970069885254,NoButton,Move,745.875,764.15234375
311.9042167663574,311.9042167663574,NoButton,Move,749.70703125,739.234375
311.91355085372925,311.91355085372925,NoButton,Move,754.63671875,712.59375
311.92030215263367,311.92030215263367,NoButton,Move,758.58203125,685.953125
311.93225598335266,311.93225598335266,NoButton,Move,760.04296875,672.78515625
311.93710803985596,311.93710803985596,NoButton,Move,763.53515625,652.69140625
311.94740986824036,311.94740986824036,NoButton,Move,764.71875,644.98828125
311.9783329963684,311.9783329963684,NoButton,Move,766.9140625,631.796875
311.97841691970825,311.97841691970825,NoButton,Move,767.36328125,628.171875
311.9784588813782,311.9784588813782,NoButton,Move,768.546875,620.46875
311.9785490036011,311.9785490036011,NoButton,Move,769.5625,615.3828125
311.98594212532043,311.98594212532043,NoButton,Move,770.41015625,612.40625
311.99597120285034,311.99597120285034,NoButton,Move,770.77734375,610.55859375
312.00220012664795,312.00220012664795,NoButton,Move,771.1171875,609.19140625
312.01212191581726,312.01212191581726,NoButton,Move,771.40234375,608.6171875
312.0185070037842,312.0185070037842,NoButton,Move,771.40234375,608.35546875
312.0350248813629,312.0350248813629,NoButton,Move,771.40234375,608.109375
312.1169958114624,312.1169958114624,NoButton,Move,771.40234375,608.578125
312.1253159046173,312.1253159046173,NoButton,Move,771.11328125,609.1484375
312.13369512557983,312.13369512557983,NoButton,Move,770.76953125,610.51171875
312.14185905456543,312.14185905456543,NoButton,Move,770.0859375,611.875
312.14979696273804,312.14979696273804,NoButton,Move,770.0859375,613.23828125
312.15808391571045,312.15808391571045,NoButton,Move,769.2890625,615.6171875
312.166228055954,312.166228055954,NoButton,Move,768.890625,617.99609375
312.17455220222473,312.17455220222473,NoButton,Move,768.890625,620.375
312.1843800544739,312.1843800544739,NoButton,Move,768.4375,623.99609375
312.19080090522766,312.19080090522766,NoButton,Move,768.4375,628.3203125
312.19920897483826,312.19920897483826,NoButton,Move,768.4375,636.01953125
312.2073709964752,312.2073709964752,NoButton,Move,767.87109375,642.7890625
312.2155919075012,312.2155919075012,NoButton,Move,767.87109375,650.48828125
312.22376894950867,312.22376894950867,NoButton,Move,767.25,659.171875
312.2321319580078,312.2321319580078,NoButton,Move,766.6015625,668.89453125
312.24005007743835,312.24005007743835,NoButton,Move,765.24609375,679.71484375
312.249470949173,312.249470949173,NoButton,Move,763.21484375,690.53515625
312.2561101913452,312.2561101913452,NoButton,Move,760.62109375,700.2578125
312.264280796051,312.264280796051,NoButton,Move,756.390625,711.52734375
312.2728650569916,312.2728650569916,NoButton,Move,751.65234375,721.671875
312.2834060192108,312.2834060192108,NoButton,Move,746.015625,732.23828125
312.28887820243835,312.28887820243835,NoButton,Move,740.37890625,742.8046875
312.2970540523529,312.2970540523529,NoButton,Move,733.61328125,751.59765625
312.3052108287811,312.3052108287811,NoButton,Move,726.84765625,760.390625
312.3154709339142,312.3154709339142,NoButton,Move,723.28515625,764.45703125
312.3225951194763,312.3225951194763,NoButton,Move,717.078125,771.28125
312.3316810131073,312.3316810131073,NoButton,Move,711.4921875,778.10546875
312.3386929035187,312.3386929035187,NoButton,Move,706.16015625,784.02734375
312.34672808647156,312.34672808647156,NoButton,Move,701.078125,789.10546875
312.35652208328247,312.35652208328247,NoButton,Move,696.79296875,793.38671875
312.36374497413635,312.36374497413635,NoButton,Move,692.72265625,796.9453125
312.3717210292816,312.3717210292816,NoButton,Move,688.875,799.34765625
312.3813030719757,312.3813030719757,NoButton,Move,685.25,801.15625
312.3879990577698,312.3879990577698,NoButton,Move,681.625,802.96484375
312.3981750011444,312.3981750011444,NoButton,Move,678.0,803.4140625
312.40439891815186,312.40439891815186,NoButton,Move,674.375,803.86328125
312.4157178401947,312.4157178401947,NoButton,Move,670.75,803.86328125
312.4206290245056,312.4206290245056,NoButton,Move,667.125,803.86328125
312.4314661026001,312.4314661026001,NoButton,Move,663.5,802.50390625
312.4369070529938,312.4369070529938,NoButton,Move,659.65234375,800.09765625
312.4477798938751,312.4477798938751,NoButton,Move,655.359375,795.8046875
312.4533030986786,312.4533030986786,NoButton,Move,651.796875,791.734375
312.4655051231384,312.4655051231384,NoButton,Move,647.28125,786.08984375
312.4690089225769,312.4690089225769,NoButton,Move,643.328125,780.4453125
312.48076605796814,312.48076605796814,NoButton,Move,639.375,774.80078125
312.4859731197357,312.4859731197357,NoButton,Move,635.98828125,768.58984375
312.4975800514221,312.4975800514221,NoButton,Move,631.83984375,762.0703125
312.50284123420715,312.50284123420715,NoButton,Move,629.015625,755.859375
312.5103249549866,312.5103249549866,NoButton,Move,625.62890625,749.6484375
312.5190420150757,312.5190420150757,NoButton,Move,622.9453125,744.28125
312.52706599235535,312.52706599235535,NoButton,Move,622.1484375,741.8984375
312.53520703315735,312.53520703315735,NoButton,Move,620.3359375,738.2734375
312.5434069633484,312.5434069633484,NoButton,Move,619.14453125,735.890625
312.5519280433655,312.5519280433655,NoButton,Move,617.953125,733.5078125
312.55940794944763,312.55940794944763,NoButton,Move,617.26953125,732.140625
312.5679829120636,312.5679829120636,NoButton,Move,616.953125,731.19921875
312.57708501815796,312.57708501815796,NoButton,Move,616.6640625,730.625
312.5902328491211,312.5902328491211,NoButton,Move,616.6640625,730.36328125
312.59219002723694,312.59219002723694,NoButton,Move,616.40234375,730.1015625
312.61504006385803,312.61504006385803,Left,Pressed,616.40234375,730.1015625
312.749027967453,312.749027967453,Left,Released,616.40234375,730.1015625
316.1504991054535,316.1504991054535,NoButton,Move,616.40234375,729.87109375
316.1659379005432,316.1659379005432,NoButton,Move,616.64453125,729.87109375
316.1824221611023,316.1824221611023,NoButton,Move,616.88671875,729.625
316.1987237930298,316.1987237930298,NoButton,Move,617.12890625,729.625
316.20704102516174,316.20704102516174,NoButton,Move,617.12890625,729.36328125
316.21520590782166,316.21520590782166,NoButton,Move,617.38671875,729.36328125
316.22341895103455,316.22341895103455,NoButton,Move,617.38671875,729.1015625
316.2395689487457,316.2395689487457,NoButton,Move,617.62890625,728.85546875
316.25606393814087,316.25606393814087,NoButton,Move,617.87109375,728.609375
316.26519298553467,316.26519298553467,NoButton,Move,617.87109375,728.34765625
316.27245020866394,316.27245020866394,NoButton,Move,618.12890625,728.34765625
316.28033804893494,316.28033804893494,NoButton,Move,618.38671875,728.0859375
316.2887239456177,316.2887239456177,NoButton,Move,618.64453125,727.82421875
316.2979459762573,316.2979459762573,NoButton,Move,618.90234375,727.5625
316.30513095855713,316.30513095855713,NoButton,Move,619.16015625,727.30078125
316.3131809234619,316.3131809234619,NoButton,Move,619.73046875,727.30078125
316.32170510292053,316.32170510292053,NoButton,Move,619.98828125,727.0390625
316.3297429084778,316.3297429084778,NoButton,Move,620.24609375,727.0390625
316.33794498443604,316.33794498443604,NoButton,Move,620.50390625,726.77734375
316.3463571071625,316.3463571071625,NoButton,Move,620.76171875,726.77734375
316.35467195510864,316.35467195510864,NoButton,Move,621.01953125,726.77734375
316.36576890945435,316.36576890945435,NoButton,Move,621.27734375,726.77734375
316.4282670021057,316.4282670021057,NoButton,Move,623.796875,734.02734375
316.4360101222992,316.4360101222992,NoButton,Move,632.41796875,757.984375
316.4441809654236,316.4441809654236,NoButton,Move,642.28125,783.6328125
316.4529700279236,316.4529700279236,NoButton,Move,652.14453125,809.28125
316.46084213256836,316.46084213256836,NoButton,Move,657.77734375,820.55078125
316.4711821079254,316.4711821079254,NoButton,Move,668.00390625,841.9375
316.4772801399231,316.4772801399231,NoButton,Move,677.609375,860.28125
316.48527693748474,316.48527693748474,NoButton,Move,681.75390625,867.38671875
316.49328207969666,316.49328207969666,NoButton,Move,688.8515625,881.5859375
316.5012438297272,316.5012438297272,NoButton,Move,694.484375,892.15234375
316.50932002067566,316.50932002067566,NoButton,Move,698.82421875,899.98046875
316.5176799297333,316.5176799297333,NoButton,Move,700.5234375,899.98046875
316.5265328884125,316.5265328884125,NoButton,Move,703.203125,899.98046875
316.53412413597107,316.53412413597107,NoButton,Move,705.01171875,899.98046875
316.5427839756012,316.5427839756012,NoButton,Move,706.19921875,899.98046875
316.55125308036804,316.55125308036804,NoButton,Move,706.9375,899.98046875
316.55899596214294,316.55899596214294,NoButton,Move,707.27734375,899.98046875
316.5675468444824,316.5675468444824,NoButton,Move,707.58984375,899.98046875
316.57545614242554,316.57545614242554,NoButton,Move,707.84765625,899.98046875
316.5833239555359,316.5833239555359,NoButton,Move,707.84765625,899.98046875
316.6084759235382,316.6084759235382,NoButton,Move,707.34765625,899.98046875
316.616651058197,316.616651058197,NoButton,Move,706.7734375,899.69140625
316.62460708618164,316.62460708618164,NoButton,Move,706.19921875,899.1171875
316.63291692733765,316.63291692733765,NoButton,Move,705.5703125,898.17578125
316.64127111434937,316.64127111434937,NoButton,Move,704.94140625,897.234375
316.648943901062,316.648943901062,NoButton,Move,704.3125,896.29296875
316.6575469970703,316.6575469970703,NoButton,Move,703.73828125,895.71875
316.6652591228485,316.6652591228485,NoButton,Move,703.109375,894.77734375
316.67387795448303,316.67387795448303,NoButton,Move,702.8203125,894.203125
316.6817009449005,316.6817009449005,NoButton,Move,702.55859375,893.94140625
316.68951392173767,316.68951392173767,NoButton,Move,702.26953125,893.3671875
316.69792008399963,316.69792008399963,NoButton,Move,702.26953125,892.79296875
316.70680594444275,316.70680594444275,NoButton,Move,702.0078125,892.53125
316.7153091430664,316.7153091430664,NoButton,Move,701.74609375,892.26953125
316.72283816337585,316.72283816337585,NoButton,Move,701.74609375,892.0078125
316.7306067943573,316.7306067943573,NoButton,Move,701.74609375,891.74609375
316.73936796188354,316.73936796188354,NoButton,Move,701.484375,891.484375
316.74771308898926,316.74771308898926,NoButton,Move,701.484375,891.22265625
316.7725372314453,316.7725372314453,NoButton,Move,701.484375,890.98046875
316.82181191444397,316.82181191444397,NoButton,Move,701.484375,890.7421875
317.2513620853424,317.2513620853424,NoButton,Move,701.484375,890.5078125
319.37696599960327,319.37696599960327,NoButton,Move,701.484375,890.04296875
319.38419795036316,319.38419795036316,NoButton,Move,701.484375,889.78125
319.39283418655396,319.39283418655396,NoButton,Move,701.484375,889.20703125
319.4012041091919,319.4012041091919,NoButton,Move,701.484375,888.6328125
319.40862011909485,319.40862011909485,NoButton,Move,701.484375,888.05859375
319.41756796836853,319.41756796836853,NoButton,Move,701.484375,887.484375
319.42542791366577,319.42542791366577,NoButton,Move,701.484375,886.91015625
319.4340560436249,319.4340560436249,NoButton,Move,701.484375,886.6484375
319.4421398639679,319.4421398639679,NoButton,Move,701.484375,886.07421875
319.45849609375,319.45849609375,NoButton,Move,701.484375,885.828125
319.4750530719757,319.4750530719757,NoButton,Move,701.484375,885.58203125
321.98908019065857,321.98908019065857,NoButton,Move,701.484375,885.34765625
322.01326298713684,322.01326298713684,NoButton,Move,701.484375,885.10546875
322.0471260547638,322.0471260547638,NoButton,Move,701.484375,884.8671875
322.06375098228455,322.06375098228455,NoButton,Move,701.7265625,884.8671875
322.1475920677185,322.1475920677185,NoButton,Move,701.7265625,884.6328125
322.1605441570282,322.1605441570282,NoButton,Move,701.7265625,884.38671875
322.1876208782196,322.1876208782196,NoButton,Move,701.7265625,884.14453125
322.2038140296936,322.2038140296936,NoButton,Move,701.7265625,883.8984375
322.22046399116516,322.22046399116516,NoButton,Move,701.96875,883.8984375
322.2415750026703,322.2415750026703,NoButton,Move,701.96875,883.63671875
322.58657002449036,322.58657002449036,NoButton,Move,701.96875,883.171875
322.5958390235901,322.5958390235901,NoButton,Move,701.96875,882.91015625
322.6030101776123,322.6030101776123,NoButton,Move,701.96875,881.96875
322.6134238243103,322.6134238243103,NoButton,Move,701.96875,881.02734375
322.61938095092773,322.61938095092773,NoButton,Move,701.96875,880.0859375
322.63085293769836,322.63085293769836,NoButton,Move,701.96875,877.70703125
322.6356029510498,322.6356029510498,NoButton,Move,701.96875,875.32421875
322.64366388320923,322.64366388320923,NoButton,Move,701.96875,872.94140625
322.6520278453827,322.6520278453827,NoButton,Move,701.96875,869.31640625
322.6601700782776,322.6601700782776,NoButton,Move,701.96875,864.98828125
322.6684820652008,322.6684820652008,NoButton,Move,701.96875,857.28515625
322.67752504348755,322.67752504348755,NoButton,Move,701.96875,850.51171875
322.68500900268555,322.68500900268555,NoButton,Move,700.671875,840.78515625
322.69480991363525,322.69480991363525,NoButton,Move,695.765625,823.625
322.70077180862427,322.70077180862427,NoButton,Move,691.8203125,807.84375
322.7102289199829,322.7102289199829,NoButton,Move,686.74609375,789.24609375
322.71731519699097,322.71731519699097,NoButton,Move,680.234375,765.9921875
322.72600507736206,322.72600507736206,NoButton,Move,674.484375,741.07421875
322.73348093032837,322.73348093032837,NoButton,Move,668.5625,714.43359375
322.74179887771606,322.74179887771606,NoButton,Move,662.640625,687.79296875
322.750039100647,322.750039100647,NoButton,Move,656.71875,661.15234375
322.7580668926239,322.7580668926239,NoButton,Move,654.6015625,649.171875
322.76664304733276,322.76664304733276,NoButton,Move,650.87890625,625.91796875
322.7746088504791,322.7746088504791,NoButton,Move,646.3671875,604.2734375
322.7829267978668,322.7829267978668,NoButton,Move,642.984375,585.67578125
322.7907588481903,322.7907588481903,NoButton,Move,640.6171875,569.89453125
323.1194088459015,323.1194088459015,NoButton,Move,640.6171875,570.125
323.12703490257263,323.12703490257263,NoButton,Move,640.90234375,570.6953125
323.13548398017883,323.13548398017883,NoButton,Move,641.1875,571.265625
323.143492937088,323.143492937088,NoButton,Move,641.4453125,571.5234375
323.1535711288452,323.1535711288452,NoButton,Move,641.703125,571.78125
323.16060185432434,323.16060185432434,NoButton,Move,641.9609375,572.0390625
323.1687560081482,323.1687560081482,NoButton,Move,641.9609375,572.296875
323.18483781814575,323.18483781814575,NoButton,Move,641.44140625,572.296875
323.1921842098236,323.1921842098236,NoButton,Move,635.515625,566.96484375
323.20024394989014,323.20024394989014,NoButton,Move,626.72265625,556.70703125
323.2086479663849,323.2086479663849,NoButton,Move,604.1484375,527.36328125
323.21822595596313,323.21822595596313,NoButton,Move,582.80859375,492.984375
323.2251310348511,323.2251310348511,NoButton,Move,554.9140625,447.82421875
323.2336070537567,323.2336070537567,NoButton,Move,522.578125,390.50390625
323.2416961193085,323.2416961193085,NoButton,Move,488.171875,332.16796875
323.2501690387726,323.2501690387726,NoButton,Move,450.15234375,272.859375
323.25838708877563,323.25838708877563,NoButton,Move,415.53125,220.92578125
323.2755310535431,323.2755310535431,NoButton,Move,400.6484375,202.32421875
323.2758569717407,323.2758569717407,NoButton,Move,370.828125,167.53515625
323.28274416923523,323.28274416923523,NoButton,Move,360.17578125,156.8828125
323.29049801826477,323.29049801826477,NoButton,Move,338.265625,136.015625
323.29939889907837,323.29939889907837,NoButton,Move,330.82421875,131.0546875
323.30739998817444,323.30739998817444,NoButton,Move,316.9296875,120.4296875
323.3149938583374,323.3149938583374,NoButton,Move,305.20703125,113.83203125
323.32378816604614,323.32378816604614,NoButton,Move,302.234375,113.40625
323.33282113075256,323.33282113075256,NoButton,Move,296.33203125,111.2578125
323.3398039340973,323.3398039340973,NoButton,Move,292.00390625,110.29296875
323.5284459590912,323.5284459590912,NoButton,Move,292.00390625,110.9921875
323.53625202178955,323.53625202178955,NoButton,Move,292.00390625,112.8359375
323.5467441082001,323.5467441082001,NoButton,Move,292.3984375,115.21484375
323.55305910110474,323.55305910110474,NoButton,Move,293.24609375,118.1875
323.56091713905334,323.56091713905334,NoButton,Move,293.984375,120.03125
323.5696210861206,323.5696210861206,NoButton,Move,294.83203125,123.00390625
323.57936692237854,323.57936692237854,NoButton,Move,295.625,125.3828125
323.585736989975,323.585736989975,NoButton,Move,296.41796875,127.76171875
323.59381008148193,323.59381008148193,NoButton,Move,297.15625,129.60546875
323.60173296928406,323.60173296928406,NoButton,Move,297.5234375,131.44921875
323.60994696617126,323.60994696617126,NoButton,Move,297.86328125,132.8125
323.6189110279083,323.6189110279083,NoButton,Move,298.17578125,133.75
323.62689423561096,323.62689423561096,NoButton,Move,298.48828125,134.6875
323.63494086265564,323.63494086265564,NoButton,Move,298.80078125,135.625
323.64540696144104,323.64540696144104,NoButton,Move,298.80078125,136.1953125
323.65323400497437,323.65323400497437,NoButton,Move,298.80078125,137.1328125
323.6586630344391,323.6586630344391,NoButton,Move,298.80078125,137.703125
323.666873216629,323.666873216629,NoButton,Move,298.80078125,138.2734375
323.67513704299927,323.67513704299927,NoButton,Move,298.80078125,138.53125
323.6833870410919,323.6833870410919,NoButton,Move,298.80078125,139.1015625
323.69135212898254,323.69135212898254,NoButton,Move,298.51171875,139.671875
323.6996109485626,323.6996109485626,NoButton,Move,298.25,139.9296875
323.7077331542969,323.7077331542969,NoButton,Move,297.98828125,140.1875
323.7163248062134,323.7163248062134,NoButton,Move,297.7265625,140.4453125
323.72452092170715,323.72452092170715,NoButton,Move,297.46484375,140.703125
323.73288893699646,323.73288893699646,NoButton,Move,297.203125,140.9609375
323.7411289215088,323.7411289215088,NoButton,Move,296.94140625,141.21875
323.74940299987793,323.74940299987793,NoButton,Move,296.6796875,141.4765625
323.75748682022095,323.75748682022095,NoButton,Move,296.41796875,141.4765625
323.76551604270935,323.76551604270935,NoButton,Move,296.15625,141.734375
323.7825610637665,323.7825610637665,NoButton,Move,295.91015625,141.734375
323.7984359264374,323.7984359264374,NoButton,Move,295.6640625,141.734375
323.8179211616516,323.8179211616516,NoButton,Move,295.41796875,141.9765625
323.8391649723053,323.8391649723053,NoButton,Move,295.17578125,141.9765625
323.8719129562378,323.8719129562378,NoButton,Move,294.9375,141.9765625
323.8966979980469,323.8966979980469,NoButton,Move,294.6953125,141.9765625
323.92173290252686,323.92173290252686,NoButton,Move,294.453125,141.9765625
323.93804693222046,323.93804693222046,NoButton,Move,294.20703125,141.9765625
323.9458110332489,323.9458110332489,NoButton,Move,293.9453125,141.9765625
323.96285486221313,323.96285486221313,NoButton,Move,293.69921875,141.9765625
323.979453086853,323.979453086853,NoButton,Move,293.453125,141.9765625
323.99549102783203,323.99549102783203,NoButton,Move,293.20703125,141.9765625
324.01275086402893,324.01275086402893,NoButton,Move,292.9609375,141.9765625
324.0276050567627,324.0276050567627,NoButton,Move,292.71484375,141.9765625
324.0463900566101,324.0463900566101,NoButton,Move,292.46875,141.9765625
324.06048488616943,324.06048488616943,NoButton,Move,292.22265625,141.9765625
324.06852316856384,324.06852316856384,NoButton,Move,291.9609375,141.9765625
324.0858850479126,324.0858850479126,NoButton,Move,291.71484375,141.9765625
324.0936930179596,324.0936930179596,NoButton,Move,291.453125,141.9765625
324.101774930954,324.101774930954,NoButton,Move,291.19140625,141.9765625
324.1186349391937,324.1186349391937,NoButton,Move,290.9453125,141.9765625
324.13533115386963,324.13533115386963,NoButton,Move,290.69921875,141.9765625
324.18499517440796,324.18499517440796,NoButton,Move,290.4609375,141.9765625
324.23080611228943,324.23080611228943,Left,Pressed,290.4609375,141.9765625
324.36460185050964,324.36460185050964,Left,Released,290.4609375,141.9765625
325.0113070011139,325.0113070011139,NoButton,Move,291.62890625,144.78125
325.0192201137543,325.0192201137543,NoButton,Move,296.15234375,153.83203125
325.02681398391724,325.02681398391724,NoButton,Move,301.08203125,165.1015625
325.0356080532074,325.0356080532074,NoButton,Move,307.92578125,178.03125
325.04355216026306,325.04355216026306,NoButton,Move,319.421875,201.02734375
325.05192708969116,325.05192708969116,NoButton,Move,323.95703125,210.1015625
325.06009101867676,325.06009101867676,NoButton,Move,331.5625,227.8515625
325.06814789772034,325.06814789772034,NoButton,Move,346.9609375,258.65234375
325.0766348838806,325.0766348838806,NoButton,Move,350.84765625,267.7265625
325.0845220088959,325.0845220088959,NoButton,Move,359.58203125,286.0703125
325.09277296066284,325.09277296066284,NoButton,Move,368.31640625,304.4140625
325.1011049747467,325.1011049747467,NoButton,Move,375.66796875,319.9375
325.10916900634766,325.10916900634766,NoButton,Move,381.9765625,334.92578125
325.1174740791321,325.1174740791321,NoButton,Move,384.65625,340.2890625
325.1254448890686,325.1254448890686,NoButton,Move,389.78125,352.7421875
325.13697600364685,325.13697600364685,NoButton,Move,393.66796875,361.81640625
325.1423890590668,325.1423890590668,NoButton,Move,396.76171875,370.484375
325.15007400512695,325.15007400512695,NoButton,Move,399.015625,377.25390625
325.15813517570496,325.15813517570496,NoButton,Move,400.5390625,382.3359375
325.1657381057739,325.1657381057739,NoButton,Move,400.93359375,384.71484375
325.1737530231476,325.1737530231476,NoButton,Move,402.70703125,392.4140625
325.18232822418213,325.18232822418213,NoButton,Move,403.046875,393.77734375
325.6350631713867,325.6350631713867,NoButton,Move,403.046875,393.078125
325.6403410434723,325.6403410434723,NoButton,Move,403.046875,390.6953125
325.64828085899353,325.64828085899353,NoButton,Move,402.1953125,387.71875
325.6566421985626,325.6566421985626,NoButton,Move,400.75,383.390625
325.6650240421295,325.6650240421295,NoButton,Move,398.82421875,379.0625
325.6728661060333,325.6728661060333,NoButton,Move,395.58203125,369.3359375
325.6811490058899,325.6811490058899,NoButton,Move,393.2109375,361.6328125
325.6893389225006,325.6893389225006,NoButton,Move,390.83984375,353.9296875
325.69771909713745,325.69771909713745,NoButton,Move,388.24609375,344.203125
325.70583510398865,325.70583510398865,NoButton,Move,385.65234375,334.4765625
325.71421122550964,325.71421122550964,NoButton,Move,383.05859375,324.75
325.7222590446472,325.7222590446472,NoButton,Move,380.3515625,313.92578125
325.7302939891815,325.7302939891815,NoButton,Move,379.33203125,308.83984375
325.73872590065,325.73872590065,NoButton,Move,377.46875,300.15234375
325.7468810081482,325.7468810081482,NoButton,Move,376.28125,292.44921875
325.75511407852173,325.75511407852173,NoButton,Move,375.15234375,285.67578125
325.76326608657837,325.76326608657837,NoButton,Move,374.75390625,283.29296875
325.77138805389404,325.77138805389404,NoButton,Move,374.2421875,278.20703125
325.77987003326416,325.77987003326416,NoButton,Move,373.7890625,274.58203125
325.7877719402313,325.7877719402313,NoButton,Move,373.3359375,270.95703125
325.79612493515015,325.79612493515015,NoButton,Move,372.91015625,267.98046875
325.8042459487915,325.8042459487915,NoButton,Move,372.45703125,264.35546875
330.1860029697418,330.1860029697418,NoButton,Move,372.68359375,264.35546875
330.1940190792084,330.1940190792084,NoButton,Move,372.68359375,264.61328125
330.2107079029083,330.2107079029083,NoButton,Move,372.68359375,264.85546875
330.2187440395355,330.2187440395355,NoButton,Move,372.94140625,265.11328125
330.24359107017517,330.24359107017517,NoButton,Move,372.94140625,265.3515625
330.2513768672943,330.2513768672943,NoButton,Move,373.19921875,265.3515625
330.25979590415955,330.25979590415955,NoButton,Move,373.19921875,265.609375
330.2759339809418,330.2759339809418,NoButton,Move,373.19921875,265.8515625
330.29227805137634,330.29227805137634,NoButton,Move,373.44140625,266.09375
330.3005599975586,330.3005599975586,NoButton,Move,373.44140625,266.3515625
330.3170509338379,330.3170509338379,NoButton,Move,373.68359375,266.59375
330.32555198669434,330.32555198669434,NoButton,Move,373.68359375,266.8515625
330.33379888534546,330.33379888534546,NoButton,Move,373.94140625,267.109375
330.3414740562439,330.3414740562439,NoButton,Move,373.94140625,267.3671875
330.35812401771545,330.35812401771545,NoButton,Move,374.18359375,267.609375
330.3662369251251,330.3662369251251,NoButton,Move,374.18359375,267.8671875
330.37431502342224,330.37431502342224,NoButton,Move,374.18359375,268.125
330.3827431201935,330.3827431201935,NoButton,Move,374.44140625,268.125
330.3908030986786,330.3908030986786,NoButton,Move,374.44140625,268.3828125
330.39903497695923,330.39903497695923,NoButton,Move,374.44140625,268.640625
330.40724897384644,330.40724897384644,NoButton,Move,374.69921875,268.640625
330.4154829978943,330.4154829978943,NoButton,Move,374.69921875,268.8984375
330.423663854599,330.423663854599,NoButton,Move,374.69921875,269.15625
330.44268107414246,330.44268107414246,NoButton,Move,374.95703125,269.4140625
330.44767212867737,330.44767212867737,NoButton,Move,374.95703125,269.65625
330.4641978740692,330.4641978740692,NoButton,Move,374.95703125,269.8984375
330.47254705429077,330.47254705429077,NoButton,Move,375.21484375,269.8984375
330.48060297966003,330.48060297966003,NoButton,Move,375.21484375,270.15625
330.49669194221497,330.49669194221497,NoButton,Move,375.21484375,270.3984375
330.5057940483093,330.5057940483093,NoButton,Move,375.21484375,270.65625
330.5134220123291,330.5134220123291,NoButton,Move,375.47265625,270.65625
330.5299320220947,330.5299320220947,NoButton,Move,375.47265625,270.8984375
330.538241147995,330.538241147995,NoButton,Move,375.47265625,271.15625
330.5545208454132,330.5545208454132,NoButton,Move,375.71484375,271.3984375
330.56248903274536,330.56248903274536,NoButton,Move,375.71484375,271.65625
330.5785620212555,330.5785620212555,NoButton,Move,375.71484375,271.8984375
330.58689308166504,330.58689308166504,NoButton,Move,375.71484375,272.15625
330.5949409008026,330.5949409008026,NoButton,Move,375.97265625,272.15625
330.603364944458,330.603364944458,NoButton,Move,375.97265625,272.4140625
330.611456155777,330.611456155777,NoButton,Move,375.97265625,272.671875
330.62828397750854,330.62828397750854,NoButton,Move,376.21484375,272.9140625
330.6445860862732,330.6445860862732,NoButton,Move,376.21484375,273.15625
330.6530499458313,330.6530499458313,NoButton,Move,376.21484375,273.4140625
330.6603319644928,330.6603319644928,NoButton,Move,376.47265625,273.4140625
330.6767749786377,330.6767749786377,NoButton,Move,376.47265625,273.65625
330.82008600234985,330.82008600234985,NoButton,Move,376.47265625,273.8984375
330.8201811313629,330.8201811313629,NoButton,Move,376.70703125,273.8984375
330.82022404670715,330.82022404670715,NoButton,Move,376.70703125,274.140625
330.9990711212158,330.9990711212158,Left,Pressed,376.70703125,274.140625
331.19738698005676,331.19738698005676,Left,Released,376.70703125,274.140625
331.6356530189514,331.6356530189514,NoButton,Move,376.70703125,274.83203125
331.64321208000183,331.64321208000183,NoButton,Move,376.70703125,277.8046875
331.65196800231934,331.65196800231934,NoButton,Move,378.23046875,282.88671875
331.6596300601959,331.6596300601959,NoButton,Move,380.00390625,290.5859375
331.6682529449463,331.6682529449463,NoButton,Move,382.03125,301.40625
331.6761510372162,331.6761510372162,NoButton,Move,387.44140625,323.046875
331.6845738887787,331.6845738887787,NoButton,Move,392.8515625,344.6875
331.69250893592834,331.69250893592834,NoButton,Move,400.515625,368.64453125
331.70080494880676,331.70080494880676,NoButton,Move,408.40625,394.29296875
331.70872616767883,331.70872616767883,NoButton,Move,417.28515625,419.94140625
331.7172501087189,331.7172501087189,NoButton,Move,422.41015625,432.39453125
331.7251760959625,331.7251760959625,NoButton,Move,430.5234375,453.1328125
331.7336871623993,331.7336871623993,NoButton,Move,438.12890625,470.8828125
331.7416031360626,331.7416031360626,NoButton,Move,440.94921875,477.08984375
331.7506709098816,331.7506709098816,NoButton,Move,445.34375,490.27734375
331.7579200267792,331.7579200267792,NoButton,Move,449.40234375,500.421875
331.76628518104553,331.76628518104553,NoButton,Move,451.8828125,509.10546875
331.7742431163788,331.7742431163788,NoButton,Move,453.0078125,515.875
331.78262996673584,331.78262996673584,NoButton,Move,454.0234375,520.95703125
331.7905869483948,331.7905869483948,NoButton,Move,454.53125,526.0390625
331.79898285865784,331.79898285865784,NoButton,Move,454.53125,530.36328125
331.8068640232086,331.8068640232086,NoButton,Move,454.53125,531.7265625
331.81535482406616,331.81535482406616,NoButton,Move,454.53125,534.69921875
331.8232431411743,331.8232431411743,NoButton,Move,453.734375,537.078125
331.83141899108887,331.83141899108887,NoButton,Move,452.625,538.921875
331.8397159576416,331.8397159576416,NoButton,Move,451.14453125,540.3984375
331.8479838371277,331.8479838371277,NoButton,Move,449.6640625,541.875
331.85663318634033,331.85663318634033,NoButton,Move,448.18359375,542.98046875
331.8645849227905,331.8645849227905,NoButton,Move,446.1953125,544.56640625
331.8727810382843,331.8727810382843,NoButton,Move,444.828125,545.24609375
331.8810272216797,331.8810272216797,NoButton,Move,442.98046875,546.3515625
331.8891201019287,331.8891201019287,NoButton,Move,441.5,547.828125
331.91760301589966,331.91760301589966,NoButton,Move,438.328125,549.63671875
331.91767406463623,331.91767406463623,NoButton,Move,436.84765625,551.11328125
331.9177689552307,331.9177689552307,NoButton,Move,435.73828125,552.58984375
331.92149901390076,331.92149901390076,NoButton,Move,433.01953125,555.3046875
331.9292941093445,331.9292941093445,NoButton,Move,432.390625,556.2421875
331.93785285949707,331.93785285949707,NoButton,Move,430.80078125,558.2265625
331.9461488723755,331.9461488723755,NoButton,Move,429.69140625,559.703125
331.954302072525,331.954302072525,NoButton,Move,428.58203125,561.1796875
331.9626259803772,331.9626259803772,NoButton,Move,427.47265625,562.65625
331.97069120407104,331.97069120407104,NoButton,Move,426.84375,563.59375
331.97921204566956,331.97921204566956,NoButton,Move,426.5546875,564.1640625
331.9874498844147,331.9874498844147,NoButton,Move,425.98046875,564.734375
331.9955909252167,331.9955909252167,NoButton,Move,425.69140625,565.3046875
332.0038139820099,332.0038139820099,NoButton,Move,425.69140625,565.5625
332.031192779541,332.031192779541,Left,Pressed,425.69140625,565.5625
332.05127596855164,332.05127596855164,NoButton,Move,425.56640625,565.68359375
332.1464660167694,332.1464660167694,Left,Released,425.56640625,565.68359375
332.19790291786194,332.19790291786194,Left,Pressed,425.56640625,565.68359375
332.28097891807556,332.28097891807556,Left,Released,425.56640625,565.68359375
333.93666315078735,333.93666315078735,NoButton,Move,425.56640625,565.9140625
333.94459295272827,333.94459295272827,NoButton,Move,426.46875,569.53515625
333.9527008533478,333.9527008533478,NoButton,Move,429.68359375,574.8984375
333.96307587623596,333.96307587623596,NoButton,Move,436.27734375,586.6171875
333.9689998626709,333.9689998626709,NoButton,Move,445.26171875,601.32421875
333.97725915908813,333.97725915908813,NoButton,Move,454.55859375,618.2265625
333.98556900024414,333.98556900024414,NoButton,Move,467.578125,637.75390625
333.9941339492798,333.9941339492798,NoButton,Move,479.66796875,658.2109375
334.0021150112152,334.0021150112152,NoButton,Move,494.0390625,679.29296875
334.0101430416107,334.0101430416107,NoButton,Move,505.875,703.95703125
334.01846718788147,334.01846718788147,NoButton,Move,518.69921875,727.6328125
334.02660512924194,334.02660512924194,NoButton,Move,524.33203125,738.19921875
334.03403902053833,334.03403902053833,NoButton,Move,528.28125,743.83984375
334.0425980091095,334.0425980091095,NoButton,Move,537.74609375,756.4609375
334.0506408214569,334.0506408214569,NoButton,Move,546.19921875,765.6171875
334.0590019226074,334.0590019226074,NoButton,Move,553.9765625,772.09765625
334.30440402030945,334.30440402030945,NoButton,Move,553.9765625,771.86328125
334.33790016174316,334.33790016174316,NoButton,Move,553.125,768.88671875
334.33808398246765,334.33808398246765,NoButton,Move,552.2734375,765.91015625
334.3383150100708,334.3383150100708,NoButton,Move,550.828125,761.58203125
334.33843302726746,334.33843302726746,NoButton,Move,549.46875,757.95703125
334.34632897377014,334.34632897377014,NoButton,Move,544.53515625,746.68359375
334.35358214378357,334.35358214378357,NoButton,Move,540.64453125,737.60546875
334.36136984825134,334.36136984825134,NoButton,Move,535.90625,727.45703125
334.37005281448364,334.37005281448364,NoButton,Move,529.30859375,715.734375
334.37773394584656,334.37773394584656,NoButton,Move,522.20703125,701.53125
334.4053020477295,334.4053020477295,NoButton,Move,515.359375,688.59765625
334.40538597106934,334.40538597106934,NoButton,Move,506.37109375,673.88671875
334.4054789543152,334.4054789543152,NoButton,Move,498.76171875,660.953125
334.4308018684387,334.4308018684387,NoButton,Move,491.15234375,648.01953125
334.43085503578186,334.43085503578186,NoButton,Move,487.39453125,643.19140625
334.4308910369873,334.4308910369873,NoButton,Move,480.34765625,633.32421875
334.43529200553894,334.43529200553894,NoButton,Move,475.3828125,625.87890625
334.4433979988098,334.4433979988098,NoButton,Move,470.05078125,619.953125
334.45159888267517,334.45159888267517,NoButton,Move,468.4609375,617.96484375
334.4595949649811,334.4595949649811,NoButton,Move,465.40625,613.89453125
334.4678521156311,334.4678521156311,NoButton,Move,462.6875,611.17578125
334.47615694999695,334.47615694999695,NoButton,Move,460.5625,609.05078125
334.4842231273651,334.4842231273651,NoButton,Move,458.97265625,607.0625
334.4923720359802,334.4923720359802,NoButton,Move,457.4921875,605.58203125
334.5005750656128,334.5005750656128,NoButton,Move,456.01171875,604.1015625
334.50881695747375,334.50881695747375,NoButton,Move,454.30859375,601.55078125
334.5169620513916,334.5169620513916,NoButton,Move,452.71875,599.5625
334.52535104751587,334.52535104751587,NoButton,Move,451.015625,597.01171875
334.53340196609497,334.53340196609497,NoButton,Move,449.65625,593.38671875
334.5415749549866,334.5415749549866,NoButton,Move,447.25,589.5390625
334.54959201812744,334.54959201812744,NoButton,Move,445.21484375,584.453125
334.55793595314026,334.55793595314026,NoButton,Move,443.1796875,579.3671875
334.566223859787,334.566223859787,NoButton,Move,440.49609375,574.0
334.57435488700867,334.57435488700867,NoButton,Move,437.27734375,568.6328125
334.58263301849365,334.58263301849365,NoButton,Move,433.890625,562.421875
334.5907289981842,334.5907289981842,NoButton,Move,428.25390625,551.8515625
334.59884905815125,334.59884905815125,NoButton,Move,424.10546875,544.7421875
334.6070399284363,334.6070399284363,NoButton,Move,418.91796875,536.3125
334.6153280735016,334.6153280735016,NoButton,Move,412.828125,526.83984375
334.62327885627747,334.62327885627747,NoButton,Move,402.00390625,507.90234375
334.6316030025482,334.6316030025482,NoButton,Move,393.83203125,492.375
334.6398320198059,334.6398320198059,NoButton,Move,390.109375,484.30859375
334.6481149196625,334.6481149196625,NoButton,Move,383.0078125,470.10546875
334.6564199924469,334.6564199924469,NoButton,Move,380.18359375,463.89453125
334.66459918022156,334.66459918022156,NoButton,Move,377.640625,459.31640625
334.6726129055023,334.6726129055023,NoButton,Move,373.4921875,452.20703125
334.68089389801025,334.68089389801025,NoButton,Move,370.80859375,446.83984375
334.6888699531555,334.6888699531555,NoButton,Move,368.99609375,443.21484375
334.69731307029724,334.69731307029724,NoButton,Move,367.29296875,440.6640625
334.70557403564453,334.70557403564453,NoButton,Move,366.609375,439.296875
334.7137711048126,334.7137711048126,NoButton,Move,366.3203125,438.72265625
334.7220060825348,334.7220060825348,NoButton,Move,366.05859375,438.4609375
334.75471806526184,334.75471806526184,NoButton,Move,366.05859375,438.6953125
334.76314306259155,334.76314306259155,NoButton,Move,366.05859375,441.07421875
334.94339299201965,334.94339299201965,NoButton,Move,366.2890625,441.07421875
334.9511070251465,334.9511070251465,NoButton,Move,367.2265625,440.7578125
334.9595568180084,334.9595568180084,NoButton,Move,369.34765625,438.6328125
334.96779918670654,334.96779918670654,NoButton,Move,369.97265625,437.69140625
334.9759738445282,334.9759738445282,NoButton,Move,371.078125,435.84375
334.9842891693115,334.9842891693115,NoButton,Move,372.5546875,434.36328125
334.99235582351685,334.99235582351685,NoButton,Move,373.29296875,432.515625
335.0059690475464,335.0059690475464,NoButton,Move,374.3984375,431.03515625
335.0086500644684,335.0086500644684,NoButton,Move,375.0234375,430.09375
335.0167648792267,335.0167648792267,NoButton,Move,375.6484375,429.15234375
335.02508020401,335.02508020401,NoButton,Move,376.21875,428.578125
335.03315687179565,335.03315687179565,NoButton,Move,376.50390625,428.00390625
335.0413100719452,335.0413100719452,NoButton,Move,376.76171875,427.7421875
335.0493698120117,335.0493698120117,NoButton,Move,377.01953125,427.48046875
335.0577480792999,335.0577480792999,NoButton,Move,377.27734375,427.21875
335.0661771297455,335.0661771297455,NoButton,Move,377.53515625,427.21875
335.0742349624634,335.0742349624634,NoButton,Move,377.53515625,426.95703125
335.0904109477997,335.0904109477997,NoButton,Move,377.77734375,426.95703125
335.0984740257263,335.0984740257263,NoButton,Move,377.77734375,426.6953125
335.16429710388184,335.16429710388184,Left,Pressed,377.77734375,426.6953125
335.1643531322479,335.1643531322479,NoButton,Move,377.89453125,426.57421875
335.2811279296875,335.2811279296875,Left,Released,377.89453125,426.57421875
335.4921281337738,335.4921281337738,NoButton,Move,378.125,426.57421875
335.50015807151794,335.50015807151794,NoButton,Move,378.3828125,426.57421875
335.50819420814514,335.50819420814514,NoButton,Move,378.953125,426.57421875
335.52467679977417,335.52467679977417,NoButton,Move,379.1953125,426.57421875
335.54069900512695,335.54069900512695,NoButton,Move,379.4375,426.57421875
335.55749893188477,335.55749893188477,NoButton,Move,379.6796875,426.57421875
335.5655381679535,335.5655381679535,NoButton,Move,379.9375,426.57421875
335.57374596595764,335.57374596595764,NoButton,Move,380.1953125,426.57421875
335.59005999565125,335.59005999565125,NoButton,Move,380.4375,426.57421875
335.5985732078552,335.5985732078552,NoButton,Move,380.6953125,426.57421875
335.61497807502747,335.61497807502747,NoButton,Move,380.9375,426.57421875
335.6312599182129,335.6312599182129,NoButton,Move,381.1796875,426.57421875
335.6394109725952,335.6394109725952,NoButton,Move,381.4375,426.57421875
335.6477189064026,335.6477189064026,NoButton,Move,381.6953125,426.57421875
335.6558909416199,335.6558909416199,NoButton,Move,381.953125,426.57421875
335.6639370918274,335.6639370918274,NoButton,Move,382.23828125,426.0
335.6724832057953,335.6724832057953,NoButton,Move,382.5234375,425.42578125
335.6804599761963,335.6804599761963,NoButton,Move,383.26171875,423.578125
335.68850588798523,335.68850588798523,NoButton,Move,384.0,421.73046875
335.69671607017517,335.69671607017517,NoButton,Move,385.60546875,415.828125
335.7047801017761,335.7047801017761,NoButton,Move,386.16796875,409.0546875
335.7129669189453,335.7129669189453,NoButton,Move,387.40625,400.3671875
335.72115206718445,335.72115206718445,NoButton,Move,389.20703125,378.72265625
335.72931694984436,335.72931694984436,NoButton,Move,390.05078125,360.125
335.7376298904419,335.7376298904419,NoButton,Move,390.94921875,338.48046875
335.7458219528198,335.7458219528198,NoButton,Move,391.90625,313.5625
335.75417709350586,335.75417709350586,NoButton,Move,391.90625,301.58203125
335.76254200935364,335.76254200935364,NoButton,Move,392.8046875,279.9375
335.7704269886017,335.7704269886017,NoButton,Move,392.8046875,272.234375
335.7784080505371,335.7784080505371,NoButton,Move,392.8046875,256.453125
335.7880609035492,335.7880609035492,NoButton,Move,392.8046875,252.125
335.82676005363464,335.82676005363464,NoButton,Move,392.8046875,243.4375
336.00752902030945,336.00752902030945,NoButton,Move,394.296875,247.41796875
336.0155210494995,336.0155210494995,NoButton,Move,396.328125,252.5
336.02372002601624,336.02372002601624,NoButton,Move,398.25,256.82421875
336.03194093704224,336.03194093704224,NoButton,Move,400.171875,261.1484375
336.0400130748749,336.0400130748749,NoButton,Move,401.98046875,264.76953125
336.04902505874634,336.04902505874634,NoButton,Move,404.51953125,269.34375
336.05637097358704,336.05637097358704,NoButton,Move,406.44140625,273.66796875
336.06465315818787,336.06465315818787,NoButton,Move,408.36328125,277.9921875
336.0728359222412,336.0728359222412,NoButton,Move,411.18359375,284.19921875
336.08101415634155,336.08101415634155,NoButton,Move,416.11328125,295.46875
336.0891101360321,336.0891101360321,NoButton,Move,421.23828125,307.921875
336.0973889827728,336.0973889827728,NoButton,Move,425.80078125,322.375
336.10548210144043,336.10548210144043,NoButton,Move,431.125,336.06640625
336.11390209198,336.11390209198,NoButton,Move,432.73046875,341.96484375
336.1408598423004,336.1408598423004,NoButton,Move,437.125,354.41796875
336.141006231308,336.141006231308,NoButton,Move,439.71484375,364.140625
336.14110589027405,336.14110589027405,NoButton,Move,441.57421875,372.82421875
336.14670586586,336.14670586586,NoButton,Move,442.7578125,380.5234375
336.1547908782959,336.1547908782959,NoButton,Move,443.15234375,382.90234375
336.1630039215088,336.1630039215088,NoButton,Move,443.66015625,387.984375
336.1711230278015,336.1711230278015,NoButton,Move,443.66015625,391.60546875
336.17924308776855,336.17924308776855,NoButton,Move,443.66015625,394.578125
336.18760204315186,336.18760204315186,NoButton,Move,443.66015625,396.95703125
336.1957440376282,336.1957440376282,NoButton,Move,443.66015625,398.3203125
336.20396399497986,336.20396399497986,NoButton,Move,443.66015625,399.68359375
336.21530199050903,336.21530199050903,NoButton,Move,443.66015625,400.62109375
336.22040820121765,336.22040820121765,NoButton,Move,443.0859375,401.19140625
336.2285420894623,336.2285420894623,NoButton,Move,442.82421875,401.44921875
336.2366979122162,336.2366979122162,NoButton,Move,442.25,401.734375
336.2449450492859,336.2449450492859,NoButton,Move,441.67578125,402.01953125
336.25314497947693,336.25314497947693,NoButton,Move,440.734375,402.01953125
336.2612919807434,336.2612919807434,NoButton,Move,439.3671875,402.01953125
336.2694799900055,336.2694799900055,NoButton,Move,438.0,402.01953125
336.2776520252228,336.2776520252228,NoButton,Move,436.15234375,402.01953125
336.2857220172882,336.2857220172882,NoButton,Move,433.76953125,402.01953125
336.2941699028015,336.2941699028015,NoButton,Move,431.38671875,402.01953125
336.30217695236206,336.30217695236206,NoButton,Move,428.41015625,402.01953125
336.31053018569946,336.31053018569946,NoButton,Move,425.43359375,402.01953125
336.3191909790039,336.3191909790039,NoButton,Move,422.45703125,402.01953125
336.3273401260376,336.3273401260376,NoButton,Move,419.48046875,402.01953125
336.33545088768005,336.33545088768005,NoButton,Move,415.85546875,402.01953125
336.3438711166382,336.3438711166382,NoButton,Move,412.23046875,402.01953125
336.3517451286316,336.3517451286316,NoButton,Move,408.60546875,402.46875
336.3599519729614,336.3599519729614,NoButton,Move,405.62890625,403.31640625
336.3681778907776,336.3681778907776,NoButton,Move,403.78125,403.68359375
336.3765609264374,336.3765609264374,NoButton,Move,401.3984375,404.4765625
336.3847188949585,336.3847188949585,NoButton,Move,399.015625,404.87109375
336.39314699172974,336.39314699172974,NoButton,Move,397.16796875,405.23828125
336.4012448787689,336.4012448787689,NoButton,Move,396.2265625,405.55078125
336.4090189933777,336.4090189933777,NoButton,Move,395.28515625,405.86328125
336.41822695732117,336.41822695732117,NoButton,Move,394.7109375,405.86328125
336.4478437900543,336.4478437900543,Left,Pressed,394.7109375,405.86328125
336.4640531539917,336.4640531539917,NoButton,Move,394.44140625,405.86328125
336.581582069397,336.581582069397,Left,Released,394.44140625,405.86328125
336.7780318260193,336.7780318260193,NoButton,Move,394.44140625,405.3984375
336.7853960990906,336.7853960990906,NoButton,Move,394.44140625,405.13671875
336.79440689086914,336.79440689086914,NoButton,Move,394.44140625,404.5625
336.80197620391846,336.80197620391846,NoButton,Move,394.44140625,403.98828125
336.8102731704712,336.8102731704712,NoButton,Move,394.44140625,403.4140625
336.8187839984894,336.8187839984894,NoButton,Move,394.44140625,402.83984375
336.8266179561615,336.8266179561615,NoButton,Move,394.44140625,402.578125
336.83500385284424,336.83500385284424,NoButton,Move,394.15234375,402.00390625
336.84311294555664,336.84311294555664,NoButton,Move,393.890625,401.7421875
336.8517360687256,336.8517360687256,NoButton,Move,393.26171875,400.80078125
336.85981011390686,336.85981011390686,NoButton,Move,393.26171875,400.5390625
336.8680920600891,336.8680920600891,NoButton,Move,392.6875,399.96484375
336.87614011764526,336.87614011764526,NoButton,Move,392.3984375,399.390625
336.88445711135864,336.88445711135864,NoButton,Move,392.13671875,399.12890625
336.89255809783936,336.89255809783936,NoButton,Move,391.5625,398.83984375
336.90060114860535,336.90060114860535,NoButton,Move,391.30078125,398.578125
336.9169840812683,336.9169840812683,NoButton,Move,391.0546875,398.33203125
336.9252932071686,336.9252932071686,NoButton,Move,390.79296875,398.33203125
336.9497549533844,336.9497549533844,NoButton,Move,390.55078125,398.33203125
336.96624302864075,336.96624302864075,NoButton,Move,390.3046875,398.33203125
336.97452998161316,336.97452998161316,NoButton,Move,390.3046875,398.90234375
336.98262786865234,336.98262786865234,NoButton,Move,389.9609375,400.265625
336.990375995636,336.990375995636,NoButton,Move,389.58984375,402.109375
336.9999911785126,336.9999911785126,NoButton,Move,389.21875,403.953125
337.00671792030334,337.00671792030334,NoButton,Move,388.8203125,406.33203125
337.0147099494934,337.0147099494934,NoButton,Move,388.8203125,407.6953125
337.0228428840637,337.0228428840637,NoButton,Move,388.0234375,410.07421875
337.03139996528625,337.03139996528625,NoButton,Move,387.65234375,411.91796875
337.039577960968,337.039577960968,NoButton,Move,387.25390625,414.296875
337.0476059913635,337.0476059913635,NoButton,Move,386.5703125,415.66015625
337.0556800365448,337.0556800365448,NoButton,Move,386.19921875,417.50390625
337.06409096717834,337.06409096717834,NoButton,Move,385.515625,418.8671875
337.0723669528961,337.0723669528961,NoButton,Move,385.19921875,419.8046875
337.0806460380554,337.0806460380554,NoButton,Move,384.625,420.375
337.08890080451965,337.08890080451965,NoButton,Move,384.3359375,420.9453125
337.09730100631714,337.09730100631714,NoButton,Move,384.046875,421.515625
337.10473799705505,337.10473799705505,NoButton,Move,383.78515625,421.7734375
337.11341404914856,337.11341404914856,NoButton,Move,383.78515625,422.34375
337.12138199806213,337.12138199806213,NoButton,Move,383.5234375,422.6015625
337.1313591003418,337.1313591003418,NoButton,Move,383.234375,423.171875
337.1378471851349,337.1378471851349,NoButton,Move,383.234375,423.4296875
337.14575695991516,337.14575695991516,NoButton,Move,382.9453125,424.0
337.1562430858612,337.1562430858612,NoButton,Move,382.65625,424.5703125
337.1622521877289,337.1622521877289,NoButton,Move,382.33984375,425.5078125
337.1703391075134,337.1703391075134,NoButton,Move,382.05078125,426.078125
337.1786811351776,337.1786811351776,NoButton,Move,382.05078125,426.6484375
337.18665981292725,337.18665981292725,NoButton,Move,381.7890625,426.90625
337.1948528289795,337.1948528289795,NoButton,Move,381.7890625,427.1640625
337.2034418582916,337.2034418582916,NoButton,Move,381.52734375,427.421875
337.21308302879333,337.21308302879333,NoButton,Move,381.52734375,427.6796875
337.2194640636444,337.2194640636444,NoButton,Move,381.52734375,427.9375
337.22821712493896,337.22821712493896,NoButton,Move,381.52734375,428.1953125
337.2439329624176,337.2439329624176,NoButton,Move,381.52734375,428.4375
337.28118777275085,337.28118777275085,Left,Pressed,381.52734375,428.4375
337.4141049385071,337.4141049385071,Left,Released,381.52734375,428.4375
337.498006105423,337.498006105423,NoButton,Move,381.98828125,428.66796875
337.50601506233215,337.50601506233215,NoButton,Move,384.53515625,430.3671875
337.5144979953766,337.5144979953766,NoButton,Move,386.9140625,431.16015625
337.52233815193176,337.52233815193176,NoButton,Move,394.01953125,434.12109375
337.53047704696655,337.53047704696655,NoButton,Move,400.7890625,435.24609375
337.53873014450073,337.53873014450073,NoButton,Move,407.55859375,436.9375
337.5467879772186,337.5467879772186,NoButton,Move,415.2578125,436.9375
338.7356140613556,338.7356140613556,NoButton,Move,415.2578125,436.01171875
338.74327087402344,338.74327087402344,NoButton,Move,415.2578125,432.38671875
338.7515871524811,338.7515871524811,NoButton,Move,416.78125,427.30078125
338.75953483581543,338.75953483581543,NoButton,Move,420.58203125,412.84375
338.76786398887634,338.76786398887634,NoButton,Move,422.9453125,397.0625
338.77596712112427,338.77596712112427,NoButton,Move,424.6328125,378.46484375
338.78411507606506,338.78411507606506,NoButton,Move,425.58984375,353.546875
338.79213404655457,338.79213404655457,NoButton,Move,425.58984375,328.62890625
338.80032896995544,338.80032896995544,NoButton,Move,424.62890625,303.7109375
338.80841994285583,338.80841994285583,NoButton,Move,421.921875,292.88671875
338.8176078796387,338.8176078796387,NoButton,Move,415.48046875,270.8046875
338.8250901699066,338.8250901699066,NoButton,Move,411.92578125,263.6953125
338.8332061767578,338.8332061767578,NoButton,Move,404.82421875,249.4921875
338.84594893455505,338.84594893455505,NoButton,Move,393.66015625,229.03125
338.8874011039734,338.8874011039734,NoButton,Move,389.58984375,225.46875
338.8874559402466,338.8874559402466,NoButton,Move,381.80859375,218.984375
338.88749384880066,338.88749384880066,NoButton,Move,374.36328125,214.01953125
338.88757610321045,338.88757610321045,NoButton,Move,367.25390625,210.46484375
338.8876190185547,338.8876190185547,NoButton,Move,360.48046875,208.20703125
338.8897919654846,338.8897919654846,NoButton,Move,353.70703125,206.51171875
338.89818716049194,338.89818716049194,NoButton,Move,346.00390625,204.734375
338.9063391685486,338.9063391685486,NoButton,Move,339.23046875,203.60546875
338.91440200805664,338.91440200805664,NoButton,Move,332.45703125,202.4765625
338.92263412475586,338.92263412475586,NoButton,Move,327.37109375,201.45703125
338.93086099624634,338.93086099624634,NoButton,Move,322.28515625,199.9296875
338.938992023468,338.938992023468,NoButton,Move,320.91796875,199.24609375
338.94719099998474,338.94719099998474,NoButton,Move,317.29296875,197.88671875
338.95545411109924,338.95545411109924,NoButton,Move,314.91015625,197.08984375
338.96366810798645,338.96366810798645,NoButton,Move,313.0625,195.98046875
338.9718520641327,338.9718520641327,NoButton,Move,311.58203125,194.87109375
338.97995495796204,338.97995495796204,NoButton,Move,310.953125,193.9296875
338.98828387260437,338.98828387260437,NoButton,Move,310.37890625,193.35546875
338.9964129924774,338.9964129924774,NoButton,Move,309.75,192.4140625
339.0047061443329,339.0047061443329,NoButton,Move,309.43359375,191.47265625
339.0129499435425,339.0129499435425,NoButton,Move,309.43359375,190.10546875
339.02107405662537,339.02107405662537,NoButton,Move,309.1171875,189.1640625
339.0294580459595,339.0294580459595,NoButton,Move,309.1171875,187.796875
339.03746581077576,339.03746581077576,NoButton,Move,309.1171875,186.4296875
339.0459349155426,339.0459349155426,NoButton,Move,309.1171875,185.0625
339.0541069507599,339.0541069507599,NoButton,Move,309.1171875,183.6953125
339.0621728897095,339.0621728897095,NoButton,Move,309.1171875,182.75390625
339.07042479515076,339.07042479515076,NoButton,Move,309.1171875,181.8125
339.0787091255188,339.0787091255188,NoButton,Move,309.1171875,181.23828125
339.0870659351349,339.0870659351349,NoButton,Move,309.1171875,180.6640625
339.0952970981598,339.0952970981598,NoButton,Move,309.1171875,180.40234375
339.10370993614197,339.10370993614197,NoButton,Move,309.1171875,179.828125
339.112163066864,339.112163066864,NoButton,Move,308.85546875,179.828125
339.1200170516968,339.1200170516968,NoButton,Move,308.56640625,179.25390625
339.12827491760254,339.12827491760254,NoButton,Move,308.3046875,178.9921875
339.13706493377686,339.13706493377686,NoButton,Move,307.73046875,178.41796875
339.1506061553955,339.1506061553955,NoButton,Move,306.7890625,177.7890625
339.1557660102844,339.1557660102844,NoButton,Move,306.16015625,176.84765625
339.1614339351654,339.1614339351654,NoButton,Move,304.171875,175.2578125
339.16957998275757,339.16957998275757,NoButton,Move,303.59765625,174.68359375
339.1925120353699,339.1925120353699,NoButton,Move,302.1171875,173.203125
339.1926419734955,339.1926419734955,NoButton,Move,300.63671875,172.09375
339.1933009624481,339.1933009624481,NoButton,Move,298.6484375,170.50390625
339.2015471458435,339.2015471458435,NoButton,Move,297.16796875,169.39453125
339.2096610069275,339.2096610069275,NoButton,Move,295.6875,167.9140625
339.21800208091736,339.21800208091736,NoButton,Move,294.20703125,166.8046875
339.2262420654297,339.2262420654297,NoButton,Move,292.359375,165.6953125
339.23435711860657,339.23435711860657,NoButton,Move,290.87890625,164.5859375
339.2424440383911,339.2424440383911,NoButton,Move,289.51171875,163.90234375
339.2516710758209,339.2516710758209,NoButton,Move,288.484375,162.875
339.2588300704956,339.2588300704956,NoButton,Move,287.1171875,162.19140625
339.26744985580444,339.26744985580444,NoButton,Move,286.08984375,161.1640625
339.2753212451935,339.2753212451935,NoButton,Move,285.1484375,160.53515625
339.2835431098938,339.2835431098938,NoButton,Move,284.20703125,159.90625
339.2915132045746,339.2915132045746,NoButton,Move,283.6328125,159.33203125
339.2997360229492,339.2997360229492,NoButton,Move,283.05859375,159.04296875
339.30791091918945,339.30791091918945,NoButton,Move,282.484375,158.46875
339.3162131309509,339.3162131309509,NoButton,Move,282.22265625,158.20703125
339.3243799209595,339.3243799209595,NoButton,Move,281.9609375,157.9453125
339.3326590061188,339.3326590061188,NoButton,Move,281.69921875,157.68359375
339.3409149646759,339.3409149646759,NoButton,Move,281.4375,157.421875
339.3572359085083,339.3572359085083,NoButton,Move,281.4375,157.17578125
339.3977930545807,339.3977930545807,Left,Pressed,281.4375,157.17578125
339.4811840057373,339.4811840057373,Left,Released,281.4375,157.17578125
339.89798498153687,339.89798498153687,NoButton,Move,281.8984375,157.17578125
339.9059851169586,339.9059851169586,NoButton,Move,282.8359375,157.17578125
339.9139699935913,339.9139699935913,NoButton,Move,283.7734375,157.48828125
339.9222300052643,339.9222300052643,NoButton,Move,284.7109375,158.11328125
339.9302680492401,339.9302680492401,NoButton,Move,285.6484375,158.42578125
339.9385778903961,339.9385778903961,NoButton,Move,286.5859375,159.05078125
339.94673013687134,339.94673013687134,NoButton,Move,287.5234375,159.36328125
339.95490312576294,339.95490312576294,NoButton,Move,288.88671875,159.703125
339.9631371498108,339.9631371498108,NoButton,Move,289.82421875,160.328125
339.97134494781494,339.97134494781494,NoButton,Move,291.1875,160.66796875
339.9797670841217,339.9797670841217,NoButton,Move,292.55078125,161.34765625
339.9876968860626,339.9876968860626,NoButton,Move,293.9140625,161.6875
339.9962089061737,339.9962089061737,NoButton,Move,295.27734375,162.3671875
340.0042791366577,340.0042791366577,NoButton,Move,296.640625,162.70703125
340.0125398635864,340.0125398635864,NoButton,Move,298.00390625,163.38671875
340.02064394950867,340.02064394950867,NoButton,Move,299.3671875,164.06640625
340.0291500091553,340.0291500091553,NoButton,Move,300.3046875,164.69140625
340.03698897361755,340.03698897361755,NoButton,Move,301.66796875,165.37109375
340.0476098060608,340.0476098060608,NoButton,Move,302.69140625,166.39453125
340.0534179210663,340.0534179210663,NoButton,Move,304.0546875,167.07421875
340.0742931365967,340.0742931365967,NoButton,Move,304.6796875,168.01171875
340.07446098327637,340.07446098327637,NoButton,Move,305.6171875,168.63671875
340.07892990112305,340.07892990112305,NoButton,Move,306.640625,169.66015625
340.0857548713684,340.0857548713684,NoButton,Move,307.265625,170.59765625
340.09648394584656,340.09648394584656,NoButton,Move,307.890625,171.53515625
340.102215051651,340.102215051651,NoButton,Move,308.515625,172.47265625
340.1103570461273,340.1103570461273,NoButton,Move,308.85546875,173.8359375
340.1186068058014,340.1186068058014,NoButton,Move,309.16796875,174.7734375
340.12678718566895,340.12678718566895,NoButton,Move,309.16796875,176.13671875
340.1354329586029,340.1354329586029,NoButton,Move,309.16796875,177.98046875
340.14359307289124,340.14359307289124,NoButton,Move,309.16796875,179.82421875
340.15138006210327,340.15138006210327,NoButton,Move,307.35546875,182.9921875
340.15954995155334,340.15954995155334,NoButton,Move,303.28515625,186.55078125
340.168016910553,340.168016910553,NoButton,Move,297.91796875,189.765625
340.17621397972107,340.17621397972107,NoButton,Move,294.74609375,192.02734375
340.18420600891113,340.18420600891113,NoButton,Move,288.2265625,196.171875
340.1925129890442,340.1925129890442,NoButton,Move,282.58203125,200.12109375
340.200679063797,340.200679063797,NoButton,Move,276.37109375,203.50390625
340.20887207984924,340.20887207984924,NoButton,Move,270.16015625,206.88671875
340.2172701358795,340.2172701358795,NoButton,Move,265.07421875,208.91796875
340.22541904449463,340.22541904449463,NoButton,Move,260.74609375,210.359375
340.2336120605469,340.2336120605469,NoButton,Move,256.41796875,211.80078125
340.2417109012604,340.2417109012604,NoButton,Move,254.5703125,212.16796875
340.2501571178436,340.2501571178436,NoButton,Move,250.9453125,212.6171875
340.2581729888916,340.2581729888916,NoButton,Move,247.96875,213.0390625
340.2666790485382,340.2666790485382,NoButton,Move,245.5859375,213.0390625
340.27472376823425,340.27472376823425,NoButton,Move,243.203125,213.0390625
340.2827179431915,340.2827179431915,NoButton,Move,241.35546875,213.0390625
340.2907290458679,340.2907290458679,NoButton,Move,239.98828125,213.0390625
340.2991690635681,340.2991690635681,NoButton,Move,238.62109375,212.35546875
340.30747294425964,340.30747294425964,NoButton,Move,237.59375,211.328125
340.31564021110535,340.31564021110535,NoButton,Move,236.56640625,210.30078125
340.3245551586151,340.3245551586151,NoButton,Move,235.625,209.671875
340.3316459655762,340.3316459655762,NoButton,Move,234.59765625,208.64453125
340.339879989624,340.339879989624,NoButton,Move,234.0234375,208.0703125
340.3483419418335,340.3483419418335,NoButton,Move,233.39453125,207.12890625
340.3569118976593,340.3569118976593,NoButton,Move,232.8203125,206.5546875
340.3646831512451,340.3646831512451,NoButton,Move,232.55859375,206.29296875
340.38083577156067,340.38083577156067,Left,Pressed,232.55859375,206.29296875
340.4044539928436,340.4044539928436,NoButton,Move,232.421875,206.0234375
340.50184512138367,340.50184512138367,Left,Released,232.421875,206.0234375
340.7164170742035,340.7164170742035,NoButton,Move,232.8828125,206.0234375
340.724485874176,340.724485874176,NoButton,Move,233.8203125,206.6484375
340.7326591014862,340.7326591014862,NoButton,Move,234.84375,207.671875
340.74083399772644,340.74083399772644,NoButton,Move,235.94921875,209.515625
340.74902510643005,340.74902510643005,NoButton,Move,237.53515625,211.5
340.7572088241577,340.7572088241577,NoButton,Move,239.9375,215.34375
340.765487909317,340.765487909317,NoButton,Move,242.98828125,219.41015625
340.77373695373535,340.77373695373535,NoButton,Move,246.0390625,223.984375
340.78181314468384,340.78181314468384,NoButton,Move,250.57421875,233.05859375
340.7900071144104,340.7900071144104,NoButton,Move,252.3828125,236.2265625
340.7989110946655,340.7989110946655,NoButton,Move,255.59765625,241.58984375
340.80625009536743,340.80625009536743,NoButton,Move,258.55859375,248.6953125
340.8152189254761,340.8152189254761,NoButton,Move,261.37890625,254.90234375
340.8226230144501,340.8226230144501,NoButton,Move,264.19921875,261.109375
340.83167004585266,340.83167004585266,NoButton,Move,266.23046875,266.19140625
340.8389902114868,340.8389902114868,NoButton,Move,267.24609375,271.2734375
340.84782099723816,340.84782099723816,NoButton,Move,267.61328125,273.1171875
340.8554859161377,340.8554859161377,NoButton,Move,268.515625,276.73828125
340.8644359111786,340.8644359111786,NoButton,Move,268.9375,279.7109375
340.87221097946167,340.87221097946167,NoButton,Move,269.33203125,282.08984375
340.98936915397644,340.98936915397644,NoButton,Move,269.33203125,283.93359375
340.98942589759827,340.98942589759827,NoButton,Move,269.33203125,285.296875
340.9894640445709,340.9894640445709,NoButton,Move,269.33203125,286.234375
340.98950004577637,340.98950004577637,NoButton,Move,269.33203125,286.8046875
340.9895339012146,340.9895339012146,NoButton,Move,269.33203125,287.7421875
340.98958110809326,340.98958110809326,NoButton,Move,269.0703125,288.0
340.9896168708801,340.9896168708801,NoButton,Move,268.49609375,288.28515625
340.98965191841125,340.98965191841125,NoButton,Move,267.921875,288.5703125
340.98968601226807,340.98968601226807,NoButton,Move,267.34765625,288.85546875
340.98971915245056,340.98971915245056,NoButton,Move,267.0859375,288.85546875
340.9897532463074,340.9897532463074,NoButton,Move,266.51171875,288.85546875
340.989786863327,340.989786863327,NoButton,Move,265.9375,288.85546875
340.9898200035095,340.9898200035095,NoButton,Move,265.67578125,288.85546875
340.98985409736633,340.98985409736633,NoButton,Move,265.4140625,288.85546875
340.9966220855713,340.9966220855713,NoButton,Move,264.83984375,288.85546875
341.0025999546051,341.0025999546051,NoButton,Move,264.578125,288.85546875
341.0108449459076,341.0108449459076,NoButton,Move,264.31640625,288.85546875
341.01899909973145,341.01899909973145,NoButton,Move,264.0546875,288.59375
341.0272560119629,341.0272560119629,NoButton,Move,264.0546875,288.01953125
341.03553009033203,341.03553009033203,NoButton,Move,263.765625,287.4453125
341.0436899662018,341.0436899662018,NoButton,Move,263.765625,287.18359375
341.0518310070038,341.0518310070038,NoButton,Move,263.765625,286.609375
341.0683081150055,341.0683081150055,NoButton,Move,263.765625,286.08984375
341.08468794822693,341.08468794822693,NoButton,Move,263.765625,285.84375
341.093003988266,341.093003988266,NoButton,Move,263.765625,285.58203125
341.10914301872253,341.10914301872253,NoButton,Move,263.765625,285.3359375
341.12568616867065,341.12568616867065,NoButton,Move,263.765625,285.08984375
341.14219999313354,341.14219999313354,NoButton,Move,263.765625,284.84375
341.1585509777069,341.1585509777069,NoButton,Move,263.765625,284.59765625
341.16671204566956,341.16671204566956,NoButton,Move,264.0234375,284.59765625
341.1748638153076,341.1748638153076,NoButton,Move,264.28125,284.3359375
341.1830790042877,341.1830790042877,NoButton,Move,264.5390625,284.07421875
341.19116401672363,341.19116401672363,NoButton,Move,264.796875,283.8125
341.20792293548584,341.20792293548584,NoButton,Move,265.0390625,283.56640625
341.2160620689392,341.2160620689392,NoButton,Move,265.296875,283.3046875
341.2244129180908,341.2244129180908,NoButton,Move,265.5546875,283.04296875
341.2325267791748,341.2325267791748,NoButton,Move,265.8125,282.78125
341.2412118911743,341.2412118911743,NoButton,Move,266.0703125,282.51953125
341.2493770122528,341.2493770122528,NoButton,Move,266.328125,282.2578125
341.2572429180145,341.2572429180145,NoButton,Move,266.5859375,281.99609375
341.2655291557312,341.2655291557312,NoButton,Move,266.84375,281.734375
341.2738389968872,341.2738389968872,NoButton,Move,267.1015625,281.47265625
341.2819490432739,341.2819490432739,NoButton,Move,267.359375,281.2109375
341.29823303222656,341.29823303222656,NoButton,Move,267.359375,280.96484375
341.3065950870514,341.3065950870514,NoButton,Move,267.6171875,280.96484375
341.3309049606323,341.3309049606323,NoButton,Move,267.6171875,280.72265625
341.3479280471802,341.3479280471802,Left,Pressed,267.6171875,280.72265625
341.4810700416565,341.4810700416565,Left,Released,267.6171875,280.72265625
341.7238028049469,341.7238028049469,NoButton,Move,267.84765625,280.72265625
341.7317850589752,341.7317850589752,NoButton,Move,269.69140625,281.08984375
341.7401428222656,341.7401428222656,NoButton,Move,272.6640625,282.36328125
341.74830293655396,341.74830293655396,NoButton,Move,276.28515625,284.171875
341.7565288543701,341.7565288543701,NoButton,Move,279.90625,285.98046875
341.7647349834442,341.7647349834442,NoButton,Move,284.23046875,287.90234375
341.773068189621,341.773068189621,NoButton,Move,293.3046875,292.4375
341.78314900398254,341.78314900398254,NoButton,Move,310.7734375,302.91796875
341.7892098426819,341.7892098426819,NoButton,Move,319.19921875,308.1015625
341.7974212169647,341.7974212169647,NoButton,Move,332.12890625,315.70703125
341.80567598342896,341.80567598342896,NoButton,Move,347.65234375,324.69140625
341.81385922431946,341.81385922431946,NoButton,Move,363.17578125,332.859375
341.8219690322876,341.8219690322876,NoButton,Move,377.8828125,341.84375
341.8300721645355,341.8300721645355,NoButton,Move,392.08203125,349.73046875
341.83838391304016,341.83838391304016,NoButton,Move,397.4453125,352.9453125
341.8466019630432,341.8466019630432,NoButton,Move,408.01171875,359.28515625
341.8547830581665,341.8547830581665,NoButton,Move,418.578125,365.625
341.8629541397095,341.8629541397095,NoButton,Move,426.640625,369.96484375
341.87113094329834,341.87113094329834,NoButton,Move,433.15625,374.109375
341.87928199768066,341.87928199768066,NoButton,Move,439.36328125,377.4921875
341.88772988319397,341.88772988319397,NoButton,Move,441.20703125,378.59765625
341.8959159851074,341.8959159851074,NoButton,Move,444.375,380.40625
341.9041850566864,341.9041850566864,NoButton,Move,446.921875,382.10546875
341.9125180244446,341.9125180244446,NoButton,Move,448.765625,382.84375
341.92064595222473,341.92064595222473,NoButton,Move,449.703125,383.46875
341.92893290519714,341.92893290519714,NoButton,Move,450.2734375,383.75390625
341.93731904029846,341.93731904029846,NoButton,Move,450.84375,384.0390625
341.94541001319885,341.94541001319885,NoButton,Move,451.1015625,384.0390625
341.9534180164337,341.9534180164337,NoButton,Move,451.359375,384.0390625
341.9861059188843,341.9861059188843,NoButton,Move,451.359375,383.546875
341.9944899082184,341.9944899082184,NoButton,Move,451.359375,382.1796875
342.0026218891144,342.0026218891144,NoButton,Move,451.359375,381.23828125
342.0110709667206,342.0110709667206,NoButton,Move,451.359375,380.296875
342.0191090106964,342.0191090106964,NoButton,Move,451.359375,379.72265625
342.02721905708313,342.02721905708313,NoButton,Move,451.359375,379.1484375
342.03501176834106,342.03501176834106,NoButton,Move,451.359375,378.57421875
342.0432131290436,342.0432131290436,NoButton,Move,451.359375,378.3125
342.0514271259308,342.0514271259308,NoButton,Move,451.359375,378.05078125
342.05946612358093,342.05946612358093,NoButton,Move,451.359375,377.7890625
342.0681049823761,342.0681049823761,NoButton,Move,451.359375,377.52734375
342.0761420726776,342.0761420726776,NoButton,Move,451.359375,377.265625
342.0845830440521,342.0845830440521,NoButton,Move,451.359375,377.00390625
342.09283900260925,342.09283900260925,NoButton,Move,451.359375,376.4296875
342.100466966629,342.100466966629,NoButton,Move,451.0703125,375.85546875
342.1085388660431,342.1085388660431,NoButton,Move,450.78125,375.28125
342.1168200969696,342.1168200969696,NoButton,Move,450.78125,375.01953125
342.1250820159912,342.1250820159912,NoButton,Move,450.4921875,374.4453125
342.13546919822693,342.13546919822693,NoButton,Move,450.4921875,374.18359375
342.1421539783478,342.1421539783478,NoButton,Move,450.23046875,373.921875
342.14988112449646,342.14988112449646,NoButton,Move,450.23046875,373.66015625
342.1584460735321,342.1584460735321,NoButton,Move,450.23046875,373.3984375
342.1664500236511,342.1664500236511,NoButton,Move,449.96875,373.3984375
342.1746289730072,342.1746289730072,NoButton,Move,449.96875,373.13671875
342.26468110084534,342.26468110084534,NoButton,Move,449.49609375,372.8984375
342.94448685646057,342.94448685646057,NoButton,Move,449.49609375,373.58984375
342.9523730278015,342.9523730278015,NoButton,Move,449.49609375,374.16015625
342.9604501724243,342.9604501724243,NoButton,Move,449.49609375,374.73046875
342.96894693374634,342.96894693374634,NoButton,Move,449.49609375,375.66796875
342.9771740436554,342.9771740436554,NoButton,Move,449.49609375,376.23828125
342.98530316352844,342.98530316352844,NoButton,Move,448.921875,376.5234375
342.9934048652649,342.9934048652649,NoButton,Move,448.34765625,377.09375
343.00180411338806,343.00180411338806,NoButton,Move,447.7734375,377.6640625
343.0099320411682,343.0099320411682,NoButton,Move,446.83203125,378.2890625
343.01830410957336,343.01830410957336,NoButton,Move,445.890625,378.9140625
343.0264790058136,343.0264790058136,NoButton,Move,444.04296875,380.01953125
343.03462290763855,343.03462290763855,NoButton,Move,442.1953125,381.125
343.04282903671265,343.04282903671265,NoButton,Move,439.8125,382.3125
343.0503580570221,343.0503580570221,NoButton,Move,437.4296875,383.5
343.0585689544678,343.0585689544678,NoButton,Move,434.453125,384.7734375
343.066691160202,343.066691160202,NoButton,Move,431.4765625,386.046875
343.074942111969,343.074942111969,NoButton,Move,427.1484375,387.0078125
343.08333802223206,343.08333802223206,NoButton,Move,423.5234375,387.91015625
343.09141397476196,343.09141397476196,NoButton,Move,419.8984375,388.359375
343.0995788574219,343.0995788574219,NoButton,Move,415.5703125,388.359375
343.10796189308167,343.10796189308167,NoButton,Move,411.9453125,388.359375
343.1161959171295,343.1161959171295,NoButton,Move,407.6171875,388.359375
343.1246249675751,343.1246249675751,NoButton,Move,403.9921875,387.0
343.1333351135254,343.1333351135254,NoButton,Move,400.14453125,384.59375
343.1417579650879,343.1417579650879,NoButton,Move,395.56640625,382.05078125
343.1494619846344,343.1494619846344,NoButton,Move,394.0859375,380.5703125
343.15751004219055,343.15751004219055,NoButton,Move,390.9140625,378.7578125
343.1656141281128,343.1656141281128,NoButton,Move,388.36328125,376.6328125
343.1733891963959,343.1733891963959,NoButton,Move,385.8125,374.9296875
343.1816461086273,343.1816461086273,NoButton,Move,383.96484375,373.8203125
343.1897130012512,343.1897130012512,NoButton,Move,382.484375,372.33984375
343.1980450153351,343.1980450153351,NoButton,Move,381.54296875,371.7109375
343.2062101364136,343.2062101364136,NoButton,Move,380.515625,370.68359375
343.2144079208374,343.2144079208374,NoButton,Move,379.57421875,370.0546875
343.22258400917053,343.22258400917053,NoButton,Move,379.0,369.765625
343.2308621406555,343.2308621406555,NoButton,Move,378.7109375,369.19140625
343.23919200897217,343.23919200897217,NoButton,Move,378.44921875,368.9296875
343.2643668651581,343.2643668651581,Left,Pressed,378.44921875,368.9296875
343.28078603744507,343.28078603744507,NoButton,Move,378.32421875,368.9296875
343.38100004196167,343.38100004196167,Left,Released,378.32421875,368.9296875
356.06848216056824,356.06848216056824,NoButton,Move,379.24609375,368.9296875
356.0757210254669,356.0757210254669,NoButton,Move,381.08984375,369.66796875
356.08404207229614,356.08404207229614,NoButton,Move,382.453125,370.0078125
356.0921549797058,356.0921549797058,NoButton,Move,384.296875,370.375
356.10048484802246,356.10048484802246,NoButton,Move,386.67578125,370.76953125
356.10851883888245,356.10851883888245,NoButton,Move,389.6484375,371.19140625
356.1167070865631,356.1167070865631,NoButton,Move,394.73046875,371.69921875
356.12487292289734,356.12487292289734,NoButton,Move,398.3515625,372.1484375
356.1330850124359,356.1330850124359,NoButton,Move,403.43359375,372.65625
356.1447801589966,356.1447801589966,NoButton,Move,410.203125,373.78125
356.1494119167328,356.1494119167328,NoButton,Move,416.97265625,374.90625
356.15754079818726,356.15754079818726,NoButton,Move,424.671875,375.49609375
356.1667551994324,356.1667551994324,NoButton,Move,436.6171875,376.8984375
356.17413997650146,356.17413997650146,NoButton,Move,440.94140625,377.37890625
356.1823351383209,356.1823351383209,NoButton,Move,447.7109375,377.37890625
356.1904339790344,356.1904339790344,NoButton,Move,453.609375,377.37890625
356.19876885414124,356.19876885414124,NoButton,Move,458.69140625,377.37890625
356.20688796043396,356.20688796043396,NoButton,Move,463.015625,377.37890625
356.2152180671692,356.2152180671692,NoButton,Move,465.98828125,376.1015625
356.6090190410614,356.6090190410614,NoButton,Move,467.7421875,384.8828125
356.61733198165894,356.61733198165894,NoButton,Move,473.375,396.15234375
356.6248891353607,356.6248891353607,NoButton,Move,480.69921875,407.87109375
356.63308906555176,356.63308906555176,NoButton,Move,489.375,421.28125
356.64122915267944,356.64122915267944,NoButton,Move,496.69921875,433.0
356.64939403533936,356.64939403533936,NoButton,Move,505.375,446.41015625
356.65768098831177,356.65768098831177,NoButton,Move,513.7421875,458.58203125
356.6659870147705,356.6659870147705,NoButton,Move,522.109375,470.75390625
356.6741681098938,356.6741681098938,NoButton,Move,538.18359375,498.6171875
356.6826260089874,356.6826260089874,NoButton,Move,552.7890625,525.7421875
365.7843861579895,365.7843861579895,NoButton,Move,552.7890625,524.81640625
365.7923331260681,365.7923331260681,NoButton,Move,555.05078125,521.64453125
365.8004460334778,365.8004460334778,NoButton,Move,558.609375,517.57421875
365.80880212783813,365.80880212783813,NoButton,Move,562.16796875,513.50390625
365.81692910194397,365.81692910194397,NoButton,Move,566.45703125,509.2109375
365.82507395744324,365.82507395744324,NoButton,Move,570.2109375,504.3828125
365.8332839012146,365.8332839012146,NoButton,Move,574.72265625,499.30078125
365.8415439128876,365.8415439128876,NoButton,Move,582.83984375,491.1796875
365.84961199760437,365.84961199760437,NoButton,Move,590.58984375,482.01953125
365.85797095298767,365.85797095298767,NoButton,Move,597.3515625,473.22265625
365.86606001853943,365.86606001853943,NoButton,Move,600.91015625,469.15234375
365.87425684928894,365.87425684928894,NoButton,Move,606.7421875,461.37109375
365.9962749481201,365.9962749481201,NoButton,Move,612.32421875,454.54296875
365.99636006355286,365.99636006355286,NoButton,Move,616.2734375,448.8984375
367.71704602241516,367.71704602241516,NoButton,Move,616.0390625,448.8984375
367.72521901130676,367.72521901130676,NoButton,Move,615.09765625,448.8984375
367.7331941127777,367.7331941127777,NoButton,Move,613.109375,450.484375
367.7415759563446,367.7415759563446,NoButton,Move,612.48046875,451.421875
367.7496099472046,367.7496099472046,NoButton,Move,611.37109375,452.8984375
367.75798296928406,367.75798296928406,NoButton,Move,610.265625,454.37109375
367.7661850452423,367.7661850452423,NoButton,Move,609.15625,455.84765625
367.774610042572,367.774610042572,NoButton,Move,607.56640625,457.83203125
367.7826690673828,367.7826690673828,NoButton,Move,606.45703125,459.30859375
367.79087591171265,367.79087591171265,NoButton,Move,605.7734375,460.671875
367.7989809513092,367.7989809513092,NoButton,Move,604.6640625,462.1484375
367.8071928024292,367.8071928024292,NoButton,Move,604.03515625,463.0859375
367.81548285484314,367.81548285484314,NoButton,Move,603.3515625,464.44921875
367.8236811161041,367.8236811161041,NoButton,Move,602.72265625,465.38671875
367.8319251537323,367.8319251537323,NoButton,Move,602.09375,466.32421875
367.8400330543518,367.8400330543518,NoButton,Move,601.77734375,467.26171875
367.8485188484192,367.8485188484192,NoButton,Move,601.48828125,467.83203125
367.8565230369568,367.8565230369568,NoButton,Move,601.2265625,468.08984375
367.86472606658936,367.86472606658936,NoButton,Move,600.96484375,468.34765625
367.8730080127716,367.8730080127716,NoButton,Move,600.96484375,468.60546875
367.8815619945526,367.8815619945526,NoButton,Move,600.96484375,468.86328125
367.88921904563904,367.88921904563904,NoButton,Move,600.703125,469.12109375
368.7839570045471,368.7839570045471,NoButton,Move,600.46875,469.12109375
368.7840859889984,368.7840859889984,NoButton,Move,600.20703125,469.12109375
368.7904510498047,368.7904510498047,NoButton,Move,599.9453125,469.12109375
368.80706787109375,368.80706787109375,NoButton,Move,599.69921875,469.12109375
368.8151218891144,368.8151218891144,NoButton,Move,599.4375,469.12109375
368.82359981536865,368.82359981536865,NoButton,Move,599.17578125,469.12109375
368.83985805511475,368.83985805511475,NoButton,Move,598.9296875,469.12109375
368.84807801246643,368.84807801246643,NoButton,Move,598.66796875,469.12109375
368.86440896987915,368.86440896987915,NoButton,Move,598.421875,469.12109375
368.87192702293396,368.87192702293396,NoButton,Move,598.16015625,469.12109375
368.87998604774475,368.87998604774475,NoButton,Move,597.8984375,469.12109375
368.8881721496582,368.8881721496582,NoButton,Move,597.63671875,469.12109375
368.896399974823,368.896399974823,NoButton,Move,597.0625,468.83203125
368.9046359062195,368.9046359062195,NoButton,Move,596.80078125,468.83203125
368.913250207901,368.913250207901,NoButton,Move,596.2265625,468.54296875
368.92161989212036,368.92161989212036,NoButton,Move,595.65234375,468.25390625
368.92926597595215,368.92926597595215,NoButton,Move,594.7109375,467.9375
368.93734884262085,368.93734884262085,NoButton,Move,594.13671875,467.36328125
368.94546008110046,368.94546008110046,NoButton,Move,593.1953125,467.046875
368.95370292663574,368.95370292663574,NoButton,Move,592.62109375,466.7578125
368.96191215515137,368.96191215515137,NoButton,Move,591.6796875,466.44140625
368.97021198272705,368.97021198272705,NoButton,Move,590.73828125,465.8125
368.97854113578796,368.97854113578796,NoButton,Move,590.1640625,465.5234375
368.9870238304138,368.9870238304138,NoButton,Move,589.22265625,465.20703125
374.1391260623932,374.1391260623932,NoButton,Move,589.22265625,465.43359375
374.165687084198,374.165687084198,NoButton,Move,589.22265625,467.27734375
374.16575598716736,374.16575598716736,NoButton,Move,589.22265625,468.640625
374.16579413414,374.16579413414,NoButton,Move,589.22265625,470.00390625
374.17128705978394,374.17128705978394,NoButton,Move,589.22265625,470.94140625
374.17936396598816,374.17936396598816,NoButton,Move,589.22265625,472.3046875
374.187539100647,374.187539100647,NoButton,Move,589.22265625,473.2421875
374.19571900367737,374.19571900367737,NoButton,Move,589.22265625,474.1796875
374.2039189338684,374.2039189338684,NoButton,Move,589.22265625,475.1171875
374.21223402023315,374.21223402023315,NoButton,Move,589.5625,476.48046875
374.2203850746155,374.2203850746155,NoButton,Move,589.5625,477.84375
374.2288579940796,374.2288579940796,NoButton,Move,589.5625,478.78125
374.2369108200073,374.2369108200073,NoButton,Move,589.90234375,480.14453125
374.24505400657654,374.24505400657654,NoButton,Move,589.90234375,481.08203125
374.25319504737854,374.25319504737854,NoButton,Move,590.1875,481.65234375
374.26154804229736,374.26154804229736,NoButton,Move,590.1875,482.58984375
374.26966190338135,374.26966190338135,NoButton,Move,590.47265625,483.16015625
374.277382850647,374.277382850647,NoButton,Move,590.7578125,483.73046875
374.2857279777527,374.2857279777527,NoButton,Move,590.7578125,483.98828125
374.2939531803131,374.2939531803131,NoButton,Move,591.015625,484.24609375
374.30233001708984,374.30233001708984,NoButton,Move,591.2734375,484.50390625
374.31055212020874,374.31055212020874,NoButton,Move,591.53125,484.76171875
374.3190679550171,374.3190679550171,NoButton,Move,591.53125,485.01953125
374.32686400413513,374.32686400413513,NoButton,Move,591.7890625,485.27734375
374.36602091789246,374.36602091789246,NoButton,Move,592.0234375,485.27734375
374.5404510498047,374.5404510498047,NoButton,Move,592.0234375,485.04296875
374.54818415641785,374.54818415641785,NoButton,Move,592.0234375,484.78125
374.859747171402,374.859747171402,NoButton,Move,592.0234375,484.31640625
374.8841018676758,374.8841018676758,NoButton,Move,592.0234375,484.07421875
374.90028500556946,374.90028500556946,NoButton,Move,592.0234375,483.828125
374.9168498516083,374.9168498516083,NoButton,Move,592.0234375,483.58203125
374.94142293930054,374.94142293930054,NoButton,Move,592.0234375,483.33984375
391.86555004119873,391.86555004119873,NoButton,Move,592.0234375,482.6484375
391.8737449645996,391.8737449645996,NoButton,Move,592.0234375,479.671875
391.88195991516113,391.88195991516113,NoButton,Move,592.53125,474.5859375
391.8901569843292,391.8901569843292,NoButton,Move,594.3046875,466.8828125
391.8983790874481,391.8983790874481,NoButton,Move,596.890625,457.1796875
391.90655493736267,391.90655493736267,NoButton,Move,602.30078125,435.53515625
391.9147369861603,391.9147369861603,NoButton,Move,606.5234375,416.9375
391.9229907989502,391.9229907989502,NoButton,Move,611.93359375,395.29296875
391.9311261177063,391.9311261177063,NoButton,Move,618.640625,370.375
391.9391691684723,391.9391691684723,NoButton,Move,625.34765625,345.45703125
391.9478118419647,391.9478118419647,NoButton,Move,633.41015625,318.23828125
391.9560480117798,391.9560480117798,NoButton,Move,642.796875,289.0234375
391.964075088501,391.964075088501,NoButton,Move,651.67578125,263.37109375
391.9723470211029,391.9723470211029,NoButton,Move,661.5390625,237.71875
391.98049807548523,391.98049807548523,NoButton,Move,672.390625,213.05078125
391.9887659549713,391.9887659549713,NoButton,Move,683.88671875,190.05078125
391.9971590042114,391.9971590042114,NoButton,Move,695.046875,168.66015625
392.00550603866577,392.00550603866577,NoButton,Move,705.2734375,147.26953125
392.01341485977173,392.01341485977173,NoButton,Move,710.0078125,137.12109375
392.0215928554535,392.0215928554535,NoButton,Move,719.0234375,117.28125
392.03271985054016,392.03271985054016,NoButton,Move,726.0078125,98.0625
392.0378198623657,392.0378198623657,NoButton,Move,731.7265625,81.71875
392.0460259914398,392.0460259914398,NoButton,Move,735.66796875,65.9375
392.0540518760681,392.0540518760681,NoButton,Move,736.79296875,59.1640625
392.06290793418884,392.06290793418884,NoButton,Move,738.19921875,47.18359375
392.0705449581146,392.0705449581146,NoButton,Move,738.875,36.359375
392.07955503463745,392.07955503463745,NoButton,Move,739.4921875,27.671875
392.08676314353943,392.08676314353943,NoButton,Move,739.4921875,20.8984375
392.09684801101685,392.09684801101685,NoButton,Move,739.4921875,19.05078125
392.1033420562744,392.1033420562744,NoButton,Move,739.0078125,14.72265625
392.1140019893646,392.1140019893646,NoButton,Move,735.7890625,9.35546875
392.1196370124817,392.1196370124817,NoButton,Move,733.23828125,7.65234375
392.13073897361755,392.13073897361755,NoButton,Move,730.26171875,6.80078125
392.1364140510559,392.1364140510559,NoButton,Move,723.48828125,6.234375
392.1476080417633,392.1476080417633,NoButton,Move,716.71484375,6.234375
392.1525208950043,392.1525208950043,NoButton,Move,709.94140625,6.234375
392.1643888950348,392.1643888950348,NoButton,Move,701.25390625,9.3359375
392.1690068244934,392.1690068244934,NoButton,Move,691.52734375,12.57421875
392.17734599113464,392.17734599113464,NoButton,Move,679.0703125,16.96875
392.18564105033875,392.18564105033875,NoButton,Move,668.24609375,20.34765625
392.1938009262085,392.1938009262085,NoButton,Move,662.34375,21.953125
392.2019851207733,392.2019851207733,NoButton,Move,644.58984375,27.8671875
392.2101471424103,392.2101471424103,NoButton,Move,639.50390625,28.8828125
392.2184031009674,392.2184031009674,NoButton,Move,629.77734375,31.47265625
392.22646713256836,392.22646713256836,NoButton,Move,621.08984375,33.33203125
392.23452401161194,392.23452401161194,NoButton,Move,613.38671875,34.515625
392.2425649166107,392.2425649166107,NoButton,Move,607.484375,35.5859375
392.25078105926514,392.25078105926514,NoButton,Move,605.1015625,36.37890625
392.2588858604431,392.2588858604431,NoButton,Move,600.7734375,36.859375
392.26741886138916,392.26741886138916,NoButton,Move,597.15234375,37.76171875
392.27554202079773,392.27554202079773,NoButton,Move,594.17578125,38.609375
392.283714056015,392.283714056015,NoButton,Move,591.79296875,39.00390625
392.2919249534607,392.2919249534607,NoButton,Move,589.9453125,39.37109375
392.30019998550415,392.30019998550415,NoButton,Move,588.09765625,39.73828125
392.30820417404175,392.30820417404175,NoButton,Move,586.73046875,40.41796875
392.3166961669922,392.3166961669922,NoButton,Move,585.7890625,40.73046875
392.3250880241394,392.3250880241394,NoButton,Move,584.84765625,41.04296875
392.3332109451294,392.3332109451294,NoButton,Move,583.90625,41.66796875
392.3409249782562,392.3409249782562,NoButton,Move,583.33203125,42.23828125
392.34935998916626,392.34935998916626,NoButton,Move,582.3046875,43.26171875
392.35752606391907,392.35752606391907,NoButton,Move,581.1953125,44.73828125
392.36720991134644,392.36720991134644,NoButton,Move,580.56640625,45.67578125
392.3739688396454,392.3739688396454,NoButton,Move,579.45703125,47.15234375
392.38216400146484,392.38216400146484,NoButton,Move,578.7734375,48.515625
392.3903970718384,392.3903970718384,NoButton,Move,577.6640625,50.359375
392.39855098724365,392.39855098724365,NoButton,Move,576.98046875,51.72265625
392.4067039489746,392.4067039489746,NoButton,Move,575.87109375,53.56640625
392.41506695747375,392.41506695747375,NoButton,Move,575.2421875,54.50390625
392.42290115356445,392.42290115356445,NoButton,Move,574.55859375,55.8671875
392.4320168495178,392.4320168495178,NoButton,Move,574.2421875,56.8046875
392.43939995765686,392.43939995765686,NoButton,Move,573.66796875,57.375
392.4487187862396,392.4487187862396,NoButton,Move,573.37890625,57.9453125
392.45690298080444,392.45690298080444,NoButton,Move,573.37890625,58.203125
392.46450304985046,392.46450304985046,NoButton,Move,573.1171875,58.4609375
392.4721829891205,392.4721829891205,NoButton,Move,573.1171875,58.71875
392.4807710647583,392.4807710647583,NoButton,Move,573.1171875,58.9765625
392.4888529777527,392.4888529777527,NoButton,Move,573.1171875,59.234375
392.51409888267517,392.51409888267517,NoButton,Move,573.1171875,59.47265625
392.54781913757324,392.54781913757324,Left,Pressed,573.1171875,59.47265625
392.6474640369415,392.6474640369415,Left,Released,573.1171875,59.47265625
393.2257730960846,393.2257730960846,NoButton,Move,573.1171875,59.703125
393.2337899208069,393.2337899208069,NoButton,Move,573.1171875,65.6015625
393.2416441440582,393.2416441440582,NoButton,Move,575.1484375,70.68359375
393.24964690208435,393.24964690208435,NoButton,Move,578.53125,76.890625
393.25816917419434,393.25816917419434,NoButton,Move,583.2421875,83.3671875
393.26628613471985,393.26628613471985,NoButton,Move,588.42578125,91.79296875
393.2743937969208,393.2743937969208,NoButton,Move,594.0078125,98.6171875
393.2826120853424,393.2826120853424,NoButton,Move,610.24609375,122.97265625
393.2907989025116,393.2907989025116,NoButton,Move,624.1953125,141.5703125
393.29891300201416,393.29891300201416,NoButton,Move,638.14453125,160.16796875
393.30709195137024,393.30709195137024,NoButton,Move,652.09375,178.765625
393.3153998851776,393.3153998851776,NoButton,Move,666.46484375,199.84765625
393.3235058784485,393.3235058784485,NoButton,Move,680.8359375,220.9296875
393.3319160938263,393.3319160938263,NoButton,Move,694.25,242.96875
393.3401300907135,393.3401300907135,NoButton,Move,700.58984375,253.53515625
393.34830498695374,393.34830498695374,NoButton,Move,711.75,273.9921875
393.35635209083557,393.35635209083557,NoButton,Move,720.765625,293.828125
393.36477398872375,393.36477398872375,NoButton,Move,727.30078125,310.16796875
393.3727397918701,393.3727397918701,NoButton,Move,728.9921875,316.9375
393.38153100013733,393.38153100013733,NoButton,Move,732.65234375,330.125
393.3889579772949,393.3889579772949,NoButton,Move,734.00390625,340.9453125
393.3973231315613,393.3973231315613,NoButton,Move,734.62109375,349.62890625
393.4055449962616,393.4055449962616,NoButton,Move,734.62109375,364.08203125
393.4145050048828,393.4145050048828,NoButton,Move,734.16796875,367.703125
393.421746969223,393.421746969223,NoButton,Move,730.78125,373.91015625
393.4302101135254,393.4302101135254,NoButton,Move,726.265625,379.55078125
393.43822598457336,393.43822598457336,NoButton,Move,718.14453125,386.98828125
393.44814586639404,393.44814586639404,NoButton,Move,711.03515625,391.1328125
393.4545910358429,393.4545910358429,NoButton,Move,702.96875,394.8515625
393.4637839794159,393.4637839794159,NoButton,Move,694.28125,397.953125
393.47076892852783,393.47076892852783,NoButton,Move,689.953125,399.39453125
393.4817318916321,393.4817318916321,NoButton,Move,682.25,402.35546875
393.48741602897644,393.48741602897644,NoButton,Move,674.546875,404.72265625
393.4986388683319,393.4986388683319,NoButton,Move,666.84375,407.08984375
393.50394916534424,393.50394916534424,NoButton,Move,659.734375,410.05078125
393.51442408561707,393.51442408561707,NoButton,Move,652.9609375,412.3046875
393.5206410884857,393.5206410884857,NoButton,Move,647.875,414.3359375
393.5308859348297,393.5308859348297,NoButton,Move,641.97265625,416.48046875
393.53735089302063,393.53735089302063,NoButton,Move,637.64453125,417.921875
393.548015832901,393.548015832901,NoButton,Move,633.31640625,419.84375
393.61691403388977,393.61691403388977,NoButton,Move,628.98828125,421.28515625
393.6169648170471,393.6169648170471,NoButton,Move,625.36328125,422.1875
393.61699891090393,393.61699891090393,NoButton,Move,621.73828125,423.54296875
393.61707282066345,393.61707282066345,NoButton,Move,618.76171875,424.81640625
393.6171660423279,393.6171660423279,NoButton,Move,615.13671875,426.171875
393.6172571182251,393.6172571182251,NoButton,Move,611.51171875,427.52734375
393.61736512184143,393.61736512184143,NoButton,Move,608.53515625,428.80078125
393.6174650192261,393.6174650192261,NoButton,Move,607.16796875,429.48046875
393.61752104759216,393.61752104759216,NoButton,Move,607.16796875,429.48046875
393.6323380470276,393.6323380470276,NoButton,Move,604.19140625,430.75390625
393.63243198394775,393.63243198394775,NoButton,Move,601.80859375,431.94140625
393.63472390174866,393.63472390174866,NoButton,Move,599.42578125,432.734375
393.64268016815186,393.64268016815186,NoButton,Move,597.04296875,433.921875
393.6508159637451,393.6508159637451,NoButton,Move,595.67578125,434.6015625
393.65894985198975,393.65894985198975,NoButton,Move,593.828125,434.96875
393.66756200790405,393.66756200790405,NoButton,Move,592.88671875,435.59375
393.6753511428833,393.6753511428833,NoButton,Move,591.9453125,435.90625
393.68346905708313,393.68346905708313,NoButton,Move,591.37109375,436.19140625
393.69166016578674,393.69166016578674,NoButton,Move,590.796875,436.4765625
393.70342779159546,393.70342779159546,NoButton,Move,590.53515625,436.4765625
393.7086548805237,393.7086548805237,NoButton,Move,590.2734375,436.734375
393.72128319740295,393.72128319740295,NoButton,Move,590.01171875,436.734375
395.0275070667267,395.0275070667267,NoButton,Move,591.3984375,436.734375
395.03537011146545,395.03537011146545,NoButton,Move,596.48046875,437.2421875
395.04345202445984,395.04345202445984,NoButton,Move,602.6875,440.0625
395.051726102829,395.051726102829,NoButton,Move,610.75,443.78125
395.0601119995117,395.0601119995117,NoButton,Move,621.5703125,447.16015625
395.06819581985474,395.06819581985474,NoButton,Move,642.30859375,454.37109375
395.0763521194458,395.0763521194458,NoButton,Move,667.95703125,462.26171875
395.08445501327515,395.08445501327515,NoButton,Move,696.375,469.36328125
395.09251594543457,395.09251594543457,NoButton,Move,728.5234375,474.71875
395.10081791877747,395.10081791877747,NoButton,Move,762.625,479.1171875
395.10885787010193,395.10885787010193,NoButton,Move,796.7265625,482.4140625
395.1171238422394,395.1171238422394,NoButton,Move,830.828125,483.51171875
395.1255979537964,395.1255979537964,NoButton,Move,862.9765625,483.51171875
395.1343228816986,395.1343228816986,NoButton,Move,893.23046875,482.46484375
404.5337858200073,404.5337858200073,NoButton,Move,887.2109375,489.8671875
404.54140400886536,404.54140400886536,NoButton,Move,883.453125,494.69140625
404.553120136261,404.553120136261,NoButton,Move,881.52734375,499.015625
404.55759382247925,404.55759382247925,NoButton,Move,880.5078125,504.09765625
404.5656352043152,404.5656352043152,NoButton,Move,880.5078125,508.421875
404.57371711730957,404.57371711730957,NoButton,Move,880.5078125,512.74609375
404.58200097084045,404.58200097084045,NoButton,Move,880.5078125,516.3671875
404.59017992019653,404.59017992019653,NoButton,Move,882.31640625,519.98828125
404.5990459918976,404.5990459918976,NoButton,Move,885.1796875,523.328125
404.60669112205505,404.60669112205505,NoButton,Move,889.32421875,530.43359375
404.6148569583893,404.6148569583893,NoButton,Move,894.90625,537.2578125
404.62297916412354,404.62297916412354,NoButton,Move,901.109375,544.08203125
404.6312780380249,404.6312780380249,NoButton,Move,904.47265625,546.96484375
404.63958406448364,404.63958406448364,NoButton,Move,911.296875,553.16796875
404.6478190422058,404.6478190422058,NoButton,Move,916.375,558.24609375
404.6559691429138,404.6559691429138,NoButton,Move,918.921875,560.3671875
404.6640350818634,404.6640350818634,NoButton,Move,922.98828125,563.92578125
404.6722719669342,404.6722719669342,NoButton,Move,926.3515625,566.80859375
404.68086290359497,404.68086290359497,NoButton,Move,928.47265625,569.35546875
404.68880009651184,404.68880009651184,NoButton,Move,929.94921875,570.83203125
404.69703698158264,404.69703698158264,NoButton,Move,931.42578125,571.9375
404.7051661014557,404.7051661014557,NoButton,Move,931.99609375,572.5078125
404.731173992157,404.731173992157,Left,Pressed,931.99609375,572.5078125
404.74769496917725,404.74769496917725,NoButton,Move,932.1171875,572.62890625
404.86483883857727,404.86483883857727,Left,Released,932.1171875,572.62890625
405.03237414360046,405.03237414360046,NoButton,Move,932.1171875,573.08984375
405.0406138896942,405.0406138896942,NoButton,Move,932.1171875,574.93359375
405.0488679409027,405.0488679409027,NoButton,Move,932.1171875,577.90625
405.0582480430603,405.0582480430603,NoButton,Move,932.1171875,580.8515625
405.065712928772,405.065712928772,NoButton,Move,932.1171875,583.82421875
405.07382893562317,405.07382893562317,NoButton,Move,932.1171875,587.4453125
405.08300280570984,405.08300280570984,NoButton,Move,932.1171875,593.34375
405.09003591537476,405.09003591537476,NoButton,Move,932.1171875,599.2421875
405.09832191467285,405.09832191467285,NoButton,Move,932.1171875,605.140625
405.10648798942566,405.10648798942566,NoButton,Move,930.671875,609.46484375
405.1148679256439,405.1148679256439,NoButton,Move,929.14453125,614.546875
405.1228611469269,405.1228611469269,NoButton,Move,926.6015625,619.12109375
405.1312789916992,405.1312789916992,NoButton,Move,922.84375,623.9453125
405.1397440433502,405.1397440433502,NoButton,Move,919.28515625,628.0078125
405.147607088089,405.147607088089,NoButton,Move,914.9921875,632.296875
405.15575885772705,405.15575885772705,NoButton,Move,907.2109375,638.77734375
405.16388416290283,405.16388416290283,NoButton,Move,900.69140625,642.921875
405.1721410751343,405.1721410751343,NoButton,Move,892.625,647.26171875
405.1801459789276,405.1801459789276,NoButton,Move,883.546875,651.796875
405.18835401535034,405.18835401535034,NoButton,Move,874.46875,655.68359375
405.1965000629425,405.1965000629425,NoButton,Move,863.1953125,659.91015625
405.2048478126526,405.2048478126526,NoButton,Move,853.46875,663.1484375
405.2127950191498,405.2127950191498,NoButton,Move,842.64453125,665.8515625
405.2210681438446,405.2210681438446,NoButton,Move,831.8203125,668.5546875
405.2292490005493,405.2292490005493,NoButton,Move,822.09375,670.49609375
405.2374658584595,405.2374658584595,NoButton,Move,817.0078125,671.00390625
405.2457950115204,405.2457950115204,NoButton,Move,807.28125,672.296875
405.25418496131897,405.25418496131897,NoButton,Move,797.5546875,672.94140625
405.2622048854828,405.2622048854828,NoButton,Move,788.8671875,673.55859375
405.2701210975647,405.2701210975647,NoButton,Move,780.1796875,673.55859375
405.27865505218506,405.27865505218506,NoButton,Move,771.4921875,673.55859375
405.28622102737427,405.28622102737427,NoButton,Move,763.7890625,673.55859375
405.2944760322571,405.2944760322571,NoButton,Move,757.015625,673.55859375
405.30252504348755,405.30252504348755,NoButton,Move,751.11328125,673.55859375
405.31076312065125,405.31076312065125,NoButton,Move,745.2109375,673.55859375
405.31901597976685,405.31901597976685,NoButton,Move,740.125,673.046875
405.327654838562,405.327654838562,NoButton,Move,735.8203125,672.56640625
405.335599899292,405.335599899292,NoButton,Move,732.1953125,671.66015625
405.34415221214294,405.34415221214294,NoButton,Move,727.8671875,671.17578125
405.3522651195526,405.3522651195526,NoButton,Move,724.890625,670.32421875
405.3606421947479,405.3606421947479,NoButton,Move,721.265625,669.87109375
405.36813712120056,405.36813712120056,NoButton,Move,719.8984375,669.1875
405.37627816200256,405.37627816200256,NoButton,Move,714.8125,668.16796875
405.3846311569214,405.3846311569214,NoButton,Move,711.8359375,667.31640625
405.3927900791168,405.3927900791168,NoButton,Move,710.46875,666.97265625
405.4010100364685,405.4010100364685,NoButton,Move,708.0859375,666.57421875
405.40925002098083,405.40925002098083,NoButton,Move,705.703125,665.77734375
405.4175319671631,405.4175319671631,NoButton,Move,703.3203125,665.37890625
405.42602610588074,405.42602610588074,NoButton,Move,701.47265625,664.63671875
405.434289932251,405.434289932251,NoButton,Move,700.10546875,664.29296875
405.44242215156555,405.44242215156555,NoButton,Move,698.73828125,663.94921875
405.4662039279938,405.4662039279938,Left,Pressed,698.73828125,663.94921875
405.48110914230347,405.48110914230347,NoButton,Move,698.3046875,663.8046875
405.56460404396057,405.56460404396057,Left,Released,698.3046875,663.8046875
405.6472101211548,405.6472101211548,NoButton,Move,699.01171875,662.62109375
405.65538215637207,405.65538215637207,NoButton,Move,701.25390625,659.4765625
405.6629159450531,405.6629159450531,NoButton,Move,704.8125,655.40625
405.67111706733704,405.67111706733704,NoButton,Move,716.25,642.33203125
405.6791591644287,405.6791591644287,NoButton,Move,726.13671875,631.6796875
405.68738198280334,405.68738198280334,NoButton,Move,739.20703125,619.421875
405.6957321166992,405.6957321166992,NoButton,Move,756.33984375,604.9921875
405.70406103134155,405.70406103134155,NoButton,Move,777.05859375,587.23046875
405.7122161388397,405.7122161388397,NoButton,Move,797.77734375,570.45703125
405.72040605545044,405.72040605545044,NoButton,Move,821.12109375,553.19921875
405.7287480831146,405.7287480831146,NoButton,Move,844.46484375,536.95703125
405.7370660305023,405.7370660305023,NoButton,Move,868.140625,523.140625
405.74533796310425,405.74533796310425,NoButton,Move,891.81640625,509.32421875
405.75341606140137,405.75341606140137,NoButton,Move,914.8125,497.82421875
405.761794090271,405.761794090271,NoButton,Move,923.88671875,493.28515625
405.7695848941803,405.7695848941803,NoButton,Move,943.72265625,483.36328125
405.77828001976013,405.77828001976013,NoButton,Move,960.0234375,476.0234375
405.78633093833923,405.78633093833923,NoButton,Move,975.546875,468.66796875
405.79945492744446,405.79945492744446,NoButton,Move,980.62890625,466.6328125
405.80235385894775,405.80235385894775,NoButton,Move,992.34765625,460.03515625
405.8106939792633,405.8106939792633,NoButton,Move,999.453125,456.48046875
405.8191430568695,405.8191430568695,NoButton,Move,1005.96875,452.33203125
405.82729506492615,405.82729506492615,NoButton,Move,1007.4453125,450.8515625
405.83555579185486,405.83555579185486,NoButton,Move,1010.80859375,447.96484375
405.8435778617859,405.8435778617859,NoButton,Move,1012.9296875,445.4140625
405.8520140647888,405.8520140647888,NoButton,Move,1014.515625,443.42578125
405.85963797569275,405.85963797569275,NoButton,Move,1015.1953125,442.05859375
405.86793994903564,405.86793994903564,NoButton,Move,1015.875,440.69140625
405.8760619163513,405.8760619163513,NoButton,Move,1016.16015625,440.1171875
405.8843050003052,405.8843050003052,NoButton,Move,1016.4453125,439.54296875
405.89253997802734,405.89253997802734,NoButton,Move,1016.703125,439.28125
405.90087819099426,405.90087819099426,NoButton,Move,1016.703125,439.01953125
405.9091851711273,405.9091851711273,NoButton,Move,1016.703125,438.7578125
405.9338901042938,405.9338901042938,NoButton,Move,1016.703125,438.515625
405.9420499801636,405.9420499801636,NoButton,Move,1016.703125,437.94140625
405.950217962265,405.950217962265,NoButton,Move,1016.703125,437.0
405.9584209918976,405.9584209918976,NoButton,Move,1016.703125,436.05859375
405.96660900115967,405.96660900115967,NoButton,Move,1016.703125,434.69140625
405.9746971130371,405.9746971130371,NoButton,Move,1017.04296875,433.32421875
405.9830689430237,405.9830689430237,NoButton,Move,1017.35546875,432.3828125
405.9911391735077,405.9911391735077,NoButton,Move,1017.6953125,431.015625
405.9991490840912,405.9991490840912,NoButton,Move,1018.0078125,430.07421875
406.0075340270996,406.0075340270996,NoButton,Move,1018.34765625,428.70703125
406.01577496528625,406.01577496528625,NoButton,Move,1018.66015625,427.765625
406.02388191223145,406.02388191223145,NoButton,Move,1018.9453125,427.19140625
406.0320870876312,406.0320870876312,NoButton,Move,1019.23046875,426.6171875
406.0403399467468,406.0403399467468,NoButton,Move,1019.23046875,426.35546875
406.0485031604767,406.0485031604767,NoButton,Move,1019.515625,425.78125
406.0817930698395,406.0817930698395,Left,Pressed,1019.515625,425.78125
406.08202290534973,406.08202290534973,NoButton,Move,1019.515625,425.65625
406.1816999912262,406.1816999912262,Left,Released,1019.515625,425.65625
488.7965850830078,488.7965850830078,NoButton,Move,1019.7421875,426.57421875
488.8040781021118,488.8040781021118,NoButton,Move,1020.13671875,428.953125
488.81236600875854,488.81236600875854,NoButton,Move,1020.984375,431.92578125
488.82079792022705,488.82079792022705,NoButton,Move,1021.83203125,434.8984375
488.82884407043457,488.82884407043457,NoButton,Move,1022.28125,438.51953125
488.8371751308441,488.8371751308441,NoButton,Move,1023.18359375,442.140625
488.84530901908875,488.84530901908875,NoButton,Move,1024.14453125,446.46484375
488.85348677635193,488.85348677635193,NoButton,Move,1024.625,450.7890625
488.86166620254517,488.86166620254517,NoButton,Move,1025.10546875,455.11328125
488.86989402770996,488.86989402770996,NoButton,Move,1026.0078125,458.734375
488.8779368400574,488.8779368400574,NoButton,Move,1026.48828125,463.05859375
488.8864929676056,488.8864929676056,NoButton,Move,1026.85546875,464.90234375
488.8943030834198,488.8943030834198,NoButton,Move,1027.36328125,469.984375
488.9024429321289,488.9024429321289,NoButton,Move,1027.703125,471.34765625
488.9107310771942,488.9107310771942,NoButton,Move,1027.703125,474.3203125
488.9187111854553,488.9187111854553,NoButton,Move,1027.703125,476.69921875
488.9277379512787,488.9277379512787,NoButton,Move,1027.703125,478.54296875
488.9354372024536,488.9354372024536,NoButton,Move,1027.703125,480.38671875
488.94332695007324,488.94332695007324,NoButton,Move,1027.703125,481.75
488.9516279697418,488.9516279697418,NoButton,Move,1027.703125,482.6875
488.95952582359314,488.95952582359314,NoButton,Move,1027.703125,483.625
488.9674918651581,488.9674918651581,NoButton,Move,1027.4140625,484.1953125
488.975704908371,488.975704908371,NoButton,Move,1026.83984375,484.765625
488.9838001728058,488.9838001728058,NoButton,Move,1026.265625,485.3359375
488.9919810295105,488.9919810295105,NoButton,Move,1026.00390625,485.59375
489.0002450942993,489.0002450942993,NoButton,Move,1025.7421875,485.8515625
489.0084171295166,489.0084171295166,NoButton,Move,1025.16796875,485.8515625
489.0167100429535,489.0167100429535,NoButton,Move,1024.90625,485.8515625
489.02513694763184,489.02513694763184,NoButton,Move,1024.64453125,485.8515625
489.0332758426666,489.0332758426666,NoButton,Move,1024.3828125,485.8515625
489.0415050983429,489.0415050983429,NoButton,Move,1024.12109375,485.8515625
489.0496881008148,489.0496881008148,NoButton,Move,1023.859375,485.8515625
489.0580208301544,489.0580208301544,NoButton,Move,1023.59765625,485.8515625
489.06619811058044,489.06619811058044,NoButton,Move,1023.3359375,485.8515625
489.0747368335724,489.0747368335724,NoButton,Move,1023.07421875,485.8515625
489.0826609134674,489.0826609134674,NoButton,Move,1022.8125,485.8515625
489.0910301208496,489.0910301208496,NoButton,Move,1022.55078125,485.8515625
489.09909415245056,489.09909415245056,NoButton,Move,1022.2890625,485.58984375
489.10737705230713,489.10737705230713,NoButton,Move,1022.2890625,485.328125
489.1156680583954,489.1156680583954,NoButton,Move,1022.02734375,485.06640625
489.1238269805908,489.1238269805908,NoButton,Move,1021.765625,484.8046875
489.1324129104614,489.1324129104614,NoButton,Move,1021.765625,484.54296875
489.14016699790955,489.14016699790955,NoButton,Move,1021.50390625,484.28125
489.1483199596405,489.1483199596405,NoButton,Move,1021.2421875,484.01953125
489.15608501434326,489.15608501434326,NoButton,Move,1020.98046875,483.7578125
489.16467094421387,489.16467094421387,NoButton,Move,1020.71875,483.49609375
489.17298579216003,489.17298579216003,NoButton,Move,1020.45703125,483.234375
489.18119597435,489.18119597435,NoButton,Move,1020.1953125,483.234375
489.18907022476196,489.18907022476196,NoButton,Move,1019.93359375,482.97265625
489.1975271701813,489.1975271701813,NoButton,Move,1019.93359375,482.7109375
489.2055711746216,489.2055711746216,NoButton,Move,1019.671875,482.7109375
489.2139048576355,489.2139048576355,NoButton,Move,1019.41015625,482.44921875
489.22162318229675,489.22162318229675,NoButton,Move,1019.1484375,482.44921875
489.230092048645,489.230092048645,NoButton,Move,1019.1484375,482.1875
489.23853492736816,489.23853492736816,NoButton,Move,1018.88671875,482.1875
489.24674105644226,489.24674105644226,NoButton,Move,1018.625,482.1875
489.2629280090332,489.2629280090332,NoButton,Move,1018.37890625,481.94140625
489.2706661224365,489.2706661224365,NoButton,Move,1018.1171875,481.94140625
489.28750801086426,489.28750801086426,NoButton,Move,1017.87109375,481.6953125
489.3038680553436,489.3038680553436,NoButton,Move,1017.625,481.44921875
489.31140089035034,489.31140089035034,NoButton,Move,1017.625,481.1875
489.3197250366211,489.3197250366211,NoButton,Move,1017.36328125,480.92578125
489.32817101478577,489.32817101478577,NoButton,Move,1017.36328125,480.6640625
489.33718395233154,489.33718395233154,NoButton,Move,1017.36328125,480.40234375
489.35863614082336,489.35863614082336,NoButton,Move,1017.1171875,480.15625
489.36065793037415,489.36065793037415,NoButton,Move,1017.1171875,479.58203125
489.369047164917,489.369047164917,NoButton,Move,1017.1171875,479.3203125
489.3773398399353,489.3773398399353,NoButton,Move,1017.1171875,479.05859375
489.3853030204773,489.3853030204773,NoButton,Move,1017.1171875,478.796875
489.3937261104584,489.3937261104584,NoButton,Move,1017.1171875,478.53515625
489.4020130634308,489.4020130634308,NoButton,Move,1017.1171875,478.2734375
489.4102039337158,489.4102039337158,NoButton,Move,1017.1171875,478.01171875
489.4184629917145,489.4184629917145,NoButton,Move,1017.1171875,477.4375
489.42683815956116,489.42683815956116,NoButton,Move,1017.1171875,477.17578125
489.4348750114441,489.4348750114441,NoButton,Move,1017.1171875,476.9140625
489.44298911094666,489.44298911094666,NoButton,Move,1017.1171875,476.65234375
489.45117592811584,489.45117592811584,NoButton,Move,1017.1171875,476.390625
489.45946502685547,489.45946502685547,NoButton,Move,1017.1171875,475.81640625
489.46783900260925,489.46783900260925,NoButton,Move,1017.1171875,475.5546875
489.47603011131287,489.47603011131287,NoButton,Move,1017.1171875,475.29296875
489.4841878414154,489.4841878414154,NoButton,Move,1017.1171875,474.71875
489.49210000038147,489.49210000038147,NoButton,Move,1017.1171875,474.45703125
489.50061106681824,489.50061106681824,NoButton,Move,1017.1171875,473.8828125
489.50831389427185,489.50831389427185,NoButton,Move,1017.1171875,473.62109375
489.51655197143555,489.51655197143555,NoButton,Move,1017.1171875,473.046875
489.525022983551,489.525022983551,NoButton,Move,1017.1171875,472.78515625
489.5333819389343,489.5333819389343,NoButton,Move,1017.1171875,472.2109375
489.54153299331665,489.54153299331665,NoButton,Move,1017.1171875,471.94921875
489.5500018596649,489.5500018596649,NoButton,Move,1017.1171875,471.6875
489.55798602104187,489.55798602104187,NoButton,Move,1017.1171875,471.42578125
489.56599617004395,489.56599617004395,NoButton,Move,1017.1171875,471.1640625
489.5740191936493,489.5740191936493,NoButton,Move,1017.1171875,470.58984375
489.5900659561157,489.5900659561157,NoButton,Move,1017.1171875,470.34375
489.598552942276,489.598552942276,NoButton,Move,1017.1171875,470.0859375
489.60689997673035,489.60689997673035,NoButton,Move,1017.1171875,469.82421875
489.6234209537506,489.6234209537506,NoButton,Move,1017.1171875,469.578125
489.6315231323242,489.6315231323242,NoButton,Move,1017.1171875,469.31640625
489.6398000717163,489.6398000717163,NoButton,Move,1017.1171875,469.0546875
489.65608978271484,489.65608978271484,NoButton,Move,1017.1171875,468.80859375
489.6725389957428,489.6725389957428,NoButton,Move,1017.1171875,468.5625
489.6969950199127,489.6969950199127,NoButton,Move,1017.1171875,468.3203125
489.7216739654541,489.7216739654541,NoButton,Move,1017.1171875,468.078125
489.9102690219879,489.9102690219879,NoButton,Move,1017.1171875,468.30859375
489.9264450073242,489.9264450073242,NoButton,Move,1016.59765625,468.56640625
489.9428081512451,489.9428081512451,NoButton,Move,1016.59765625,468.80859375
489.95912981033325,489.95912981033325,NoButton,Move,1016.59765625,469.05078125
489.9754960536957,489.9754960536957,NoButton,Move,1016.59765625,469.29296875
490.0022909641266,490.0022909641266,NoButton,Move,1016.59765625,469.53125
490.2213339805603,490.2213339805603,NoButton,Move,1016.59765625,469.296875
490.2540738582611,490.2540738582611,NoButton,Move,1016.59765625,469.05859375
490.2790458202362,490.2790458202362,NoButton,Move,1016.59765625,468.81640625
490.3033709526062,490.3033709526062,NoButton,Move,1016.59765625,468.57421875
490.34376978874207,490.34376978874207,NoButton,Move,1016.59765625,468.3359375
490.3685908317566,490.3685908317566,NoButton,Move,1016.59765625,468.09375
490.3845479488373,490.3845479488373,NoButton,Move,1016.59765625,467.84765625
490.4011788368225,490.4011788368225,NoButton,Move,1016.59765625,467.6015625
490.4092071056366,490.4092071056366,NoButton,Move,1016.59765625,467.33984375
490.4260628223419,490.4260628223419,NoButton,Move,1016.59765625,467.09375
490.433758020401,490.433758020401,NoButton,Move,1016.59765625,466.83203125
490.45043206214905,490.45043206214905,NoButton,Move,1016.59765625,466.5859375
490.4588739871979,490.4588739871979,NoButton,Move,1016.59765625,466.32421875
490.4832990169525,490.4832990169525,NoButton,Move,1016.59765625,466.08203125
490.51611709594727,490.51611709594727,NoButton,Move,1016.59765625,465.84375
490.52432012557983,490.52432012557983,NoButton,Move,1017.16796875,465.84375
490.5324738025665,490.5324738025665,NoButton,Move,1017.42578125,465.84375
490.5408020019531,490.5408020019531,NoButton,Move,1017.68359375,465.84375
490.54885601997375,490.54885601997375,NoButton,Move,1017.94140625,465.84375
490.55714297294617,490.55714297294617,NoButton,Move,1018.19921875,465.84375
490.5652689933777,490.5652689933777,NoButton,Move,1018.45703125,465.84375
490.572802066803,490.572802066803,NoButton,Move,1018.71484375,465.84375
490.5808849334717,490.5808849334717,NoButton,Move,1018.97265625,465.84375
490.5890619754791,490.5890619754791,NoButton,Move,1019.23046875,465.84375
490.606812953949,490.606812953949,NoButton,Move,1019.47265625,465.84375
490.6227059364319,490.6227059364319,NoButton,Move,1019.71484375,465.84375
490.6470868587494,490.6470868587494,NoButton,Move,1019.953125,465.84375
490.6629829406738,490.6629829406738,NoButton,Move,1019.953125,466.66015625
490.67143511772156,490.67143511772156,NoButton,Move,1019.953125,468.0234375
490.6795599460602,490.6795599460602,NoButton,Move,1019.953125,469.8671875
490.6878011226654,490.6878011226654,NoButton,Move,1019.953125,472.24609375
490.6965298652649,490.6965298652649,NoButton,Move,1019.953125,475.21875
490.70414113998413,490.70414113998413,NoButton,Move,1019.953125,478.19140625
490.71266889572144,490.71266889572144,NoButton,Move,1019.953125,481.8125
490.72085404396057,490.72085404396057,NoButton,Move,1019.953125,486.13671875
490.72883009910583,490.72883009910583,NoButton,Move,1019.953125,490.4609375
490.7368850708008,490.7368850708008,NoButton,Move,1019.953125,494.78515625
490.74528098106384,490.74528098106384,NoButton,Move,1018.98828125,499.109375
490.75441217422485,490.75441217422485,NoButton,Move,1017.4609375,504.19140625
490.76154708862305,490.76154708862305,NoButton,Move,1014.77734375,509.5546875
490.770859003067,490.770859003067,NoButton,Move,1012.09375,514.91796875
490.77804803848267,490.77804803848267,NoButton,Move,1007.35546875,525.0625
490.787385225296,490.787385225296,NoButton,Move,1005.08984375,528.23046875
490.7946209907532,490.7946209907532,NoButton,Move,1000.94140625,534.74609375
498.84466195106506,498.84466195106506,NoButton,Move,1000.24609375,534.74609375
498.8527159690857,498.8527159690857,NoButton,Move,997.8671875,534.74609375
498.86044096946716,498.86044096946716,NoButton,Move,994.890625,534.3203125
498.86867213249207,498.86867213249207,NoButton,Move,991.265625,533.8671875
498.8771080970764,498.8771080970764,NoButton,Move,987.640625,533.4140625
498.8851342201233,498.8851342201233,NoButton,Move,983.3125,532.9296875
498.8936290740967,498.8936290740967,NoButton,Move,978.2265625,532.41796875
498.9016489982605,498.9016489982605,NoButton,Move,973.140625,532.41796875
498.9100739955902,498.9100739955902,NoButton,Move,967.23828125,532.41796875
498.9182322025299,498.9182322025299,NoButton,Move,961.3359375,532.41796875
498.9261620044708,498.9261620044708,NoButton,Move,955.43359375,532.41796875
498.9347138404846,498.9347138404846,NoButton,Move,949.53125,532.41796875
498.94243693351746,498.94243693351746,NoButton,Move,944.4453125,532.41796875
498.9505100250244,498.9505100250244,NoButton,Move,939.359375,532.41796875
498.95863103866577,498.95863103866577,NoButton,Move,935.03125,532.41796875
498.9669580459595,498.9669580459595,NoButton,Move,930.703125,532.8984375
498.97537112236023,498.97537112236023,NoButton,Move,927.078125,533.34765625
498.98361992836,498.98361992836,NoButton,Move,924.1015625,534.1953125
498.99145698547363,498.99145698547363,NoButton,Move,922.25390625,534.5625
498.99951100349426,498.99951100349426,NoButton,Move,919.27734375,534.984375
499.0078489780426,499.0078489780426,NoButton,Move,916.89453125,535.77734375
499.01611495018005,499.01611495018005,NoButton,Move,914.51171875,536.171875
499.0242700576782,499.0242700576782,NoButton,Move,912.12890625,536.56640625
499.03248596191406,499.03248596191406,NoButton,Move,910.28125,536.93359375
499.04081416130066,499.04081416130066,NoButton,Move,908.43359375,537.30078125
500.3758969306946,500.3758969306946,NoButton,Move,908.6640625,537.53125
500.3840231895447,500.3840231895447,NoButton,Move,909.6015625,538.15625
500.392324924469,500.392324924469,NoButton,Move,910.70703125,540.0
500.40001106262207,500.40001106262207,NoButton,Move,911.4453125,541.84375
500.40832901000977,500.40832901000977,NoButton,Move,912.71875,544.81640625
500.4164171218872,500.4164171218872,NoButton,Move,913.62109375,548.4375
500.4248490333557,500.4248490333557,NoButton,Move,914.9765625,552.05859375
500.43304204940796,500.43304204940796,NoButton,Move,915.9375,556.3828125
500.4413809776306,500.4413809776306,NoButton,Move,917.4609375,561.46484375
500.4494888782501,500.4494888782501,NoButton,Move,918.53125,567.36328125
500.4579219818115,500.4579219818115,NoButton,Move,920.13671875,573.26171875
500.46585512161255,500.46585512161255,NoButton,Move,921.26171875,580.03125
500.47393894195557,500.47393894195557,NoButton,Move,921.796875,585.9296875
500.4823911190033,500.4823911190033,NoButton,Move,922.921875,592.69921875
500.4902720451355,500.4902720451355,NoButton,Move,923.484375,599.46875
500.49865913391113,500.49865913391113,NoButton,Move,924.01953125,605.35546875
500.50650095939636,500.50650095939636,NoButton,Move,924.58203125,612.125
500.51510405540466,500.51510405540466,NoButton,Move,925.171875,619.82421875
500.5232820510864,500.5232820510864,NoButton,Move,925.171875,626.59375
500.53153705596924,500.53153705596924,NoButton,Move,925.70703125,632.4921875
500.5396611690521,500.5396611690521,NoButton,Move,925.70703125,639.26171875
500.5476429462433,500.5476429462433,NoButton,Move,925.70703125,644.34375
500.5560550689697,500.5560550689697,NoButton,Move,925.70703125,650.2421875
500.5643389225006,500.5643389225006,NoButton,Move,925.70703125,655.32421875
500.5725140571594,500.5725140571594,NoButton,Move,925.70703125,660.40625
500.580619096756,500.580619096756,NoButton,Move,925.70703125,664.73046875
500.5890040397644,500.5890040397644,NoButton,Move,925.70703125,669.0546875
500.59668803215027,500.59668803215027,NoButton,Move,925.70703125,672.67578125
500.6048641204834,500.6048641204834,NoButton,Move,925.70703125,676.296875
530.523334980011,530.523334980011,NoButton,Move,926.85546875,676.296875
530.5312659740448,530.5312659740448,NoButton,Move,928.69921875,676.296875
530.5393090248108,530.5393090248108,NoButton,Move,931.671875,676.296875
530.5476870536804,530.5476870536804,NoButton,Move,934.64453125,676.71875
530.5560178756714,530.5560178756714,NoButton,Move,938.265625,677.16796875
530.563992023468,530.563992023468,NoButton,Move,941.23828125,677.16796875
530.572329044342,530.572329044342,NoButton,Move,947.13671875,677.16796875
530.5801658630371,530.5801658630371,NoButton,Move,953.03515625,677.16796875
530.5882451534271,530.5882451534271,NoButton,Move,958.93359375,677.16796875
530.5965139865875,530.5965139865875,NoButton,Move,964.83203125,677.16796875
530.6048159599304,530.6048159599304,NoButton,Move,971.6015625,677.73046875
530.6129748821259,530.6129748821259,NoButton,Move,977.5,677.73046875
530.6212270259857,530.6212270259857,NoButton,Move,983.3984375,677.73046875
530.629322052002,530.629322052002,NoButton,Move,988.48046875,678.23828125
530.637776851654,530.637776851654,NoButton,Move,993.5625,678.74609375
530.6467130184174,530.6467130184174,NoButton,Move,995.94140625,679.140625
530.6536898612976,530.6536898612976,NoButton,Move,999.5625,679.58984375
530.6617209911346,530.6617209911346,NoButton,Move,1005.4609375,680.125
530.6701400279999,530.6701400279999,NoButton,Move,1006.82421875,680.46484375
530.6782741546631,530.6782741546631,NoButton,Move,1009.796875,680.88671875
530.6867589950562,530.6867589950562,NoButton,Move,1012.17578125,681.28125
530.6948130130768,530.6948130130768,NoButton,Move,1014.01953125,681.6484375
530.7027578353882,530.7027578353882,NoButton,Move,1015.86328125,682.015625
530.7110648155212,530.7110648155212,NoButton,Move,1017.2265625,682.35546875
530.7193310260773,530.7193310260773,NoButton,Move,1018.1640625,682.66796875
530.7275819778442,530.7275819778442,NoButton,Move,1019.1015625,682.98046875
530.7360460758209,530.7360460758209,NoButton,Move,1020.0390625,682.98046875
558.4658801555634,558.4658801555634,NoButton,Move,1020.0390625,682.51953125
558.4737911224365,558.4737911224365,NoButton,Move,1020.0390625,677.43359375
558.4821488857269,558.4821488857269,NoButton,Move,1020.0390625,671.53125
558.4902811050415,558.4902811050415,NoButton,Move,1020.0390625,664.7578125
558.4985568523407,558.4985568523407,NoButton,Move,1020.0390625,656.0703125
558.5068738460541,558.5068738460541,NoButton,Move,1020.0390625,640.2890625
558.5148820877075,558.5148820877075,NoButton,Move,1020.0390625,621.69140625
558.5232598781586,558.5232598781586,NoButton,Move,1019.10546875,598.4375
558.5312340259552,558.5312340259552,NoButton,Move,1018.1171875,571.796875
558.539647102356,558.539647102356,NoButton,Move,1016.02734375,541.5390625
558.5484428405762,558.5484428405762,NoButton,Move,1012.7265625,507.43359375
558.5559759140015,558.5559759140015,NoButton,Move,1009.25390625,469.25
558.5642039775848,558.5642039775848,NoButton,Move,1003.32421875,428.94140625
558.5734601020813,558.5734601020813,NoButton,Move,998.58203125,388.6328125
558.5807509422302,558.5807509422302,NoButton,Move,991.63671875,350.44921875
558.590329170227,558.590329170227,NoButton,Move,984.69140625,312.265625
558.5976431369781,558.5976431369781,NoButton,Move,978.08984375,278.16015625
558.606691122055,558.606691122055,NoButton,Move,971.65625,246.0078125
558.6145439147949,558.6145439147949,NoButton,Move,968.609375,231.55078125
558.6231060028076,558.6231060028076,NoButton,Move,958.2109375,182.1640625
558.6313030719757,558.6313030719757,NoButton,Move,952.2890625,155.5234375
558.8920021057129,558.8920021057129,NoButton,Move,952.2890625,154.82421875
558.8997030258179,558.8997030258179,NoButton,Move,951.890625,152.44140625
559.0435898303986,559.0435898303986,NoButton,Move,950.078125,149.26953125
559.0436639785767,559.0436639785767,NoButton,Move,948.265625,146.09765625
559.0437319278717,559.0437319278717,NoButton,Move,946.33984375,141.76953125
559.043792963028,559.043792963028,NoButton,Move,943.796875,137.19140625
559.0438420772552,559.0438420772552,NoButton,Move,939.453125,129.125
559.0438961982727,559.0438961982727,NoButton,Move,934.9140625,120.046875
559.0439438819885,559.0439438819885,NoButton,Move,929.27734375,109.4765625
559.0439910888672,559.0439910888672,NoButton,Move,923.86328125,100.00390625
559.0440390110016,559.0440390110016,NoButton,Move,920.80859375,95.93359375
559.0440859794617,559.0440859794617,NoButton,Move,915.62109375,87.50390625
559.0441319942474,559.0441319942474,NoButton,Move,910.65625,80.05859375
559.0441789627075,559.0441789627075,NoButton,Move,905.9140625,73.5390625
559.0442261695862,559.0442261695862,NoButton,Move,901.9609375,67.89453125
559.0442719459534,559.0442719459534,NoButton,Move,898.203125,63.06640625
559.0443179607391,559.0443179607391,NoButton,Move,894.640625,58.99609375
559.0443651676178,559.0443651676178,NoButton,Move,893.16015625,57.515625
559.0444118976593,559.0444118976593,NoButton,Move,890.2734375,54.1484375
559.0464808940887,559.0464808940887,NoButton,Move,888.1484375,51.59765625
559.0545721054077,559.0545721054077,NoButton,Move,886.0234375,49.47265625
559.062872171402,559.062872171402,NoButton,Move,884.43359375,47.484375
559.07097697258,559.07097697258,NoButton,Move,882.84375,45.49609375
559.0791189670563,559.0791189670563,NoButton,Move,881.36328125,44.015625
559.0875110626221,559.0875110626221,NoButton,Move,880.25390625,42.5390625
559.0955810546875,559.0955810546875,NoButton,Move,879.5703125,41.171875
559.1039581298828,559.1039581298828,NoButton,Move,878.4609375,39.6953125
559.1159160137177,559.1159160137177,NoButton,Move,877.77734375,38.328125
559.1201460361481,559.1201460361481,NoButton,Move,877.09375,36.9609375
559.1292300224304,559.1292300224304,NoButton,Move,876.3515625,35.11328125
559.1366460323334,559.1366460323334,NoButton,Move,875.66796875,33.74609375
559.1460239887238,559.1460239887238,NoButton,Move,874.92578125,31.8984375
559.1530570983887,559.1530570983887,NoButton,Move,874.18359375,30.05078125
559.1611709594727,559.1611709594727,NoButton,Move,873.83984375,28.68359375
559.1692931652069,559.1692931652069,NoButton,Move,873.15625,27.31640625
559.1776378154755,559.1776378154755,NoButton,Move,872.47265625,25.94921875
559.1857779026031,559.1857779026031,NoButton,Move,872.15625,25.0078125
559.1939740180969,559.1939740180969,NoButton,Move,871.8671875,24.43359375
559.2022559642792,559.2022559642792,NoButton,Move,871.8671875,23.4921875
559.2103519439697,559.2103519439697,NoButton,Move,871.60546875,23.23046875
559.218542098999,559.218542098999,NoButton,Move,871.34375,22.96875
559.2267220020294,559.2267220020294,NoButton,Move,871.34375,22.70703125
559.248862028122,559.248862028122,Left,Pressed,871.34375,22.70703125
559.26553606987,559.26553606987,NoButton,Move,871.21875,22.58203125
559.3483850955963,559.3483850955963,Left,Released,871.21875,22.58203125
559.9070370197296,559.9070370197296,NoButton,Move,870.984375,22.58203125
559.9185709953308,559.9185709953308,NoButton,Move,869.13671875,22.58203125
559.9236948490143,559.9236948490143,NoButton,Move,866.16015625,22.58203125
559.933629989624,559.933629989624,NoButton,Move,860.2578125,22.58203125
559.9395310878754,559.9395310878754,NoButton,Move,853.484375,21.453125
559.9501810073853,559.9501810073853,NoButton,Move,846.7109375,20.32421875
559.9561059474945,559.9561059474945,NoButton,Move,838.0234375,18.4609375
559.966794013977,559.966794013977,NoButton,Move,829.3359375,16.59765625
559.9727308750153,559.9727308750153,NoButton,Move,819.609375,15.30078125
559.9833810329437,559.9833810329437,NoButton,Move,808.78515625,13.9453125
559.9885540008545,559.9885540008545,NoButton,Move,803.69921875,13.9453125
559.9999740123749,559.9999740123749,NoButton,Move,787.91796875,12.3671875
560.005362033844,560.005362033844,NoButton,Move,782.02734375,12.3671875
560.0174520015717,560.0174520015717,NoButton,Move,773.33984375,12.3671875
560.0218160152435,560.0218160152435,NoButton,Move,764.6640625,12.3671875
560.0349488258362,560.0349488258362,NoButton,Move,755.9765625,12.3671875
560.038083076477,560.038083076477,NoButton,Move,749.203125,12.3671875
560.0481300354004,560.0481300354004,NoButton,Move,743.30078125,13.97265625
560.0541639328003,560.0541639328003,NoButton,Move,738.21484375,15.49609375
560.064441204071,560.064441204071,NoButton,Move,733.12890625,17.01953125
560.0706861019135,560.0706861019135,NoButton,Move,729.50390625,18.375
560.0819380283356,560.0819380283356,NoButton,Move,725.17578125,19.81640625
560.0871329307556,560.0871329307556,NoButton,Move,723.328125,20.5546875
560.0986461639404,560.0986461639404,NoButton,Move,719.703125,21.91015625
560.105299949646,560.105299949646,NoButton,Move,716.7265625,22.7578125
560.115592956543,560.115592956543,NoButton,Move,713.75,23.60546875
560.1197650432587,560.1197650432587,NoButton,Move,711.3671875,24.0
560.1280388832092,560.1280388832092,NoButton,Move,709.51953125,24.73828125
560.1362659931183,560.1362659931183,NoButton,Move,708.15234375,25.078125
560.1442098617554,560.1442098617554,NoButton,Move,706.78515625,25.41796875
560.1528329849243,560.1528329849243,NoButton,Move,705.41796875,25.7578125
560.1604990959167,560.1604990959167,NoButton,Move,704.84375,25.7578125
560.1686549186707,560.1686549186707,NoButton,Move,704.26953125,25.7578125
560.1769721508026,560.1769721508026,NoButton,Move,703.6953125,25.7578125
560.1851778030396,560.1851778030396,NoButton,Move,703.43359375,25.7578125
560.2157609462738,560.2157609462738,Left,Pressed,703.43359375,25.7578125
560.2333261966705,560.2333261966705,NoButton,Move,703.3125,25.7578125
560.3485598564148,560.3485598564148,Left,Released,703.3125,25.7578125
560.6689212322235,560.6689212322235,NoButton,Move,704.26171875,29.078125
560.6767098903656,560.6767098903656,NoButton,Move,706.80078125,33.65234375
560.6850550174713,560.6850550174713,NoButton,Move,710.75,39.29296875
560.6934130191803,560.6934130191803,NoButton,Move,714.89453125,46.3984375
560.7015240192413,560.7015240192413,NoButton,Move,720.078125,54.82421875
560.7095649242401,560.7095649242401,NoButton,Move,726.41796875,65.390625
560.7185080051422,560.7185080051422,NoButton,Move,731.9609375,76.48046875
560.726126909256,560.726126909256,NoButton,Move,749.10546875,104.34375
560.7344861030579,560.7344861030579,NoButton,Move,768.2890625,135.94140625
560.7423129081726,560.7423129081726,NoButton,Move,791.89453125,174.45703125
560.7502868175507,560.7502868175507,NoButton,Move,819.78515625,218.28515625
560.7585968971252,560.7585968971252,NoButton,Move,848.375,259.87109375
560.7668988704681,560.7668988704681,NoButton,Move,860.09765625,278.8046875
560.7749719619751,560.7749719619751,NoButton,Move,882.6171875,313.1796875
560.7831029891968,560.7831029891968,NoButton,Move,892.87109375,325.80078125
560.7913129329681,560.7913129329681,NoButton,Move,910.125,349.14453125
560.7995541095734,560.7995541095734,NoButton,Move,925.45703125,369.265625
560.8079371452332,560.8079371452332,NoButton,Move,929.96875,374.90625
561.7435190677643,561.7435190677643,NoButton,Move,929.734375,374.90625
561.7493200302124,561.7493200302124,NoButton,Move,929.47265625,374.90625
561.7580480575562,561.7580480575562,NoButton,Move,929.2109375,374.90625
561.7659540176392,561.7659540176392,NoButton,Move,928.63671875,374.6171875
561.7739660739899,561.7739660739899,NoButton,Move,928.34765625,374.04296875
561.7826910018921,561.7826910018921,NoButton,Move,927.7734375,373.75390625
561.790522813797,561.790522813797,NoButton,Move,927.51171875,373.4921875
561.7985060214996,561.7985060214996,NoButton,Move,926.9375,372.91796875
561.8067181110382,561.8067181110382,NoButton,Move,925.91015625,371.890625
561.8147919178009,561.8147919178009,NoButton,Move,925.3359375,371.31640625
561.8235268592834,561.8235268592834,NoButton,Move,924.70703125,370.375
561.8312678337097,561.8312678337097,NoButton,Move,924.0234375,369.0078125
561.839252948761,561.839252948761,NoButton,Move,923.39453125,368.06640625
561.8478829860687,561.8478829860687,NoButton,Move,922.7109375,366.69921875
561.8557319641113,561.8557319641113,NoButton,Move,922.02734375,365.33203125
561.8638179302216,561.8638179302216,NoButton,Move,921.28515625,363.484375
561.8735139369965,561.8735139369965,NoButton,Move,920.6015625,362.1171875
561.8802509307861,561.8802509307861,NoButton,Move,920.23046875,360.26953125
561.8887100219727,561.8887100219727,NoButton,Move,919.546875,358.90234375
561.8971230983734,561.8971230983734,NoButton,Move,919.17578125,357.05859375
561.9063379764557,561.9063379764557,NoButton,Move,918.83203125,355.69140625
561.9133360385895,561.9133360385895,NoButton,Move,918.4609375,353.84375
561.921471118927,561.921471118927,NoButton,Move,918.03515625,350.8671875
561.9296908378601,561.9296908378601,NoButton,Move,917.6640625,349.01953125
561.9378740787506,561.9378740787506,NoButton,Move,917.265625,346.63671875
561.9485890865326,561.9485890865326,NoButton,Move,916.83984375,343.66015625
561.9567739963531,561.9567739963531,NoButton,Move,916.83984375,340.68359375
561.9641208648682,561.9641208648682,NoButton,Move,916.38671875,337.05859375
561.9704930782318,561.9704930782318,NoButton,Move,915.90234375,332.73046875
561.9786450862885,561.9786450862885,NoButton,Move,915.90234375,328.40234375
561.9921998977661,561.9921998977661,NoButton,Move,915.90234375,322.5
561.9977648258209,561.9977648258209,NoButton,Move,915.90234375,317.4140625
562.0051679611206,562.0051679611206,NoButton,Move,915.90234375,311.51171875
562.0249469280243,562.0249469280243,NoButton,Move,915.3359375,304.73828125
562.0251820087433,562.0251820087433,NoButton,Move,915.3359375,293.9140625
562.0292019844055,562.0292019844055,NoButton,Move,915.3359375,289.5859375
562.0393159389496,562.0393159389496,NoButton,Move,915.3359375,281.8828125
562.0442700386047,562.0442700386047,NoButton,Move,915.3359375,274.1796875
562.0524191856384,562.0524191856384,NoButton,Move,915.3359375,267.40625
562.0606641769409,562.0606641769409,NoButton,Move,915.3359375,259.703125
562.0737731456757,562.0737731456757,NoButton,Move,915.3359375,252.9296875
562.0768990516663,562.0768990516663,NoButton,Move,915.3359375,245.2265625
562.0851600170135,562.0851600170135,NoButton,Move,915.3359375,238.453125
562.0957708358765,562.0957708358765,NoButton,Move,914.76953125,231.6796875
562.1032431125641,562.1032431125641,NoButton,Move,914.203125,224.90625
562.1095399856567,562.1095399856567,NoButton,Move,913.12890625,219.00390625
562.117917060852,562.117917060852,NoButton,Move,912.0,212.23046875
562.1261639595032,562.1261639595032,NoButton,Move,910.92578125,206.328125
562.1343770027161,562.1343770027161,NoButton,Move,909.31640625,200.42578125
564.3153522014618,564.3153522014618,NoButton,Move,909.31640625,199.9609375
564.3234000205994,564.3234000205994,NoButton,Move,909.31640625,198.11328125
564.3313422203064,564.3313422203064,NoButton,Move,908.9453125,196.265625
564.3394701480865,564.3394701480865,NoButton,Move,908.09375,193.2890625
564.3476648330688,564.3476648330688,NoButton,Move,907.1875,189.6640625
564.3557720184326,564.3557720184326,NoButton,Move,905.375,186.0390625
564.3663320541382,564.3663320541382,NoButton,Move,903.84765625,180.953125
564.3724029064178,564.3724029064178,NoButton,Move,901.69921875,175.05078125
564.380569934845,564.380569934845,NoButton,Move,898.45703125,165.32421875
564.3885478973389,564.3885478973389,NoButton,Move,895.4921875,157.62109375
564.3969271183014,564.3969271183014,NoButton,Move,893.125,149.92578125
564.4050781726837,564.4050781726837,NoButton,Move,890.640625,141.23828125
564.4132208824158,564.4132208824158,NoButton,Move,887.3984375,131.51171875
564.4223549365997,564.4223549365997,NoButton,Move,885.953125,127.18359375
564.4296519756317,564.4296519756317,NoButton,Move,883.46875,118.49609375
564.4378318786621,564.4378318786621,NoButton,Move,880.50390625,110.79296875
564.4480969905853,564.4480969905853,NoButton,Move,878.1328125,103.08984375
564.4543471336365,564.4543471336365,NoButton,Move,875.984375,97.1875
564.4633719921112,564.4633719921112,NoButton,Move,873.8359375,91.28515625
564.4707579612732,564.4707579612732,NoButton,Move,871.6875,85.3828125
564.4802370071411,564.4802370071411,NoButton,Move,870.2421875,81.0546875
564.48703789711,564.48703789711,NoButton,Move,868.8828125,77.4296875
564.4969959259033,564.4969959259033,NoButton,Move,868.140625,75.58203125
564.5036571025848,564.5036571025848,NoButton,Move,866.86328125,72.60546875
564.5140328407288,564.5140328407288,NoButton,Move,865.671875,70.22265625
564.5198400020599,564.5198400020599,NoButton,Move,864.9296875,68.375
564.5305969715118,564.5305969715118,NoButton,Move,864.19140625,66.52734375
564.5364770889282,564.5364770889282,NoButton,Move,863.5078125,65.16015625
564.5447881221771,564.5447881221771,NoButton,Move,863.19140625,64.21875
564.5530049800873,564.5530049800873,NoButton,Move,862.84765625,62.8515625
564.5612781047821,564.5612781047821,NoButton,Move,862.55859375,62.27734375
564.5692880153656,564.5692880153656,NoButton,Move,862.26953125,61.703125
564.577831029892,564.577831029892,NoButton,Move,861.98046875,61.12890625
564.585807800293,564.585807800293,NoButton,Move,861.69140625,60.5546875
564.5938911437988,564.5938911437988,NoButton,Move,861.69140625,59.61328125
564.6021099090576,564.6021099090576,NoButton,Move,861.40234375,59.0390625
564.610368013382,564.610368013382,NoButton,Move,861.40234375,58.46484375
564.6182548999786,564.6182548999786,NoButton,Move,861.40234375,57.5234375
564.6266429424286,564.6266429424286,NoButton,Move,861.11328125,56.94921875
564.6348569393158,564.6348569393158,NoButton,Move,861.11328125,56.0078125
564.643089056015,564.643089056015,NoButton,Move,861.11328125,55.43359375
564.651230096817,564.651230096817,NoButton,Move,861.11328125,54.4921875
564.6594381332397,564.6594381332397,NoButton,Move,861.11328125,53.55078125
564.6677529811859,564.6677529811859,NoButton,Move,861.11328125,52.18359375
564.6758999824524,564.6758999824524,NoButton,Move,861.11328125,51.2421875
564.6845269203186,564.6845269203186,NoButton,Move,861.11328125,49.875
564.6925809383392,564.6925809383392,NoButton,Move,861.11328125,48.5078125
564.7005250453949,564.7005250453949,NoButton,Move,861.11328125,46.66015625
564.7087938785553,564.7087938785553,NoButton,Move,861.11328125,45.29296875
564.7172040939331,564.7172040939331,NoButton,Move,861.11328125,44.3515625
564.7251889705658,564.7251889705658,NoButton,Move,861.11328125,42.984375
564.7335460186005,564.7335460186005,NoButton,Move,861.11328125,42.04296875
564.7417480945587,564.7417480945587,NoButton,Move,861.11328125,41.1015625
564.7499690055847,564.7499690055847,NoButton,Move,861.11328125,40.16015625
564.7579441070557,564.7579441070557,NoButton,Move,861.11328125,39.5859375
564.7661168575287,564.7661168575287,NoButton,Move,861.11328125,39.01171875
564.7741069793701,564.7741069793701,NoButton,Move,861.11328125,38.75
564.782478094101,564.782478094101,NoButton,Move,861.11328125,38.48828125
564.7906270027161,564.7906270027161,NoButton,Move,861.11328125,38.2265625
564.798905134201,564.798905134201,NoButton,Move,861.11328125,37.96484375
564.8230929374695,564.8230929374695,NoButton,Move,861.11328125,37.72265625
565.1330089569092,565.1330089569092,Left,Pressed,861.11328125,37.72265625
565.4150700569153,565.4150700569153,Left,Released,861.11328125,37.72265625
565.7573919296265,565.7573919296265,NoButton,Move,860.6484375,37.48828125
565.7666561603546,565.7666561603546,NoButton,Move,860.07421875,37.48828125
565.7738811969757,565.7738811969757,NoButton,Move,858.2265625,36.74609375
565.7847099304199,565.7847099304199,NoButton,Move,856.37890625,36.375
565.7897710800171,565.7897710800171,NoButton,Move,853.99609375,35.578125
565.8003289699554,565.8003289699554,NoButton,Move,848.09375,34.50390625
565.8062191009521,565.8062191009521,NoButton,Move,842.19140625,33.96484375
565.8159291744232,565.8159291744232,NoButton,Move,835.41796875,32.8359375
565.8225400447845,565.8225400447845,NoButton,Move,831.08984375,32.3515625
565.8339259624481,565.8339259624481,NoButton,Move,819.109375,30.234375
565.8390910625458,565.8390910625458,NoButton,Move,809.3984375,28.9375
565.8505289554596,565.8505289554596,NoButton,Move,799.671875,27.640625
565.8552849292755,565.8552849292755,NoButton,Move,789.9453125,26.34375
565.8658671379089,565.8658671379089,NoButton,Move,784.859375,25.32421875
565.8715629577637,565.8715629577637,NoButton,Move,776.171875,24.08203125
565.8827090263367,565.8827090263367,NoButton,Move,767.484375,22.83984375
565.8882110118866,565.8882110118866,NoButton,Move,760.7109375,21.14453125
565.9014201164246,565.9014201164246,NoButton,Move,754.80859375,20.0703125
565.9045031070709,565.9045031070709,NoButton,Move,748.90625,18.99609375
565.9158110618591,565.9158110618591,NoButton,Move,743.8203125,17.9765625
565.9206669330597,565.9206669330597,NoButton,Move,741.97265625,17.60546875
565.9329957962036,565.9329957962036,NoButton,Move,738.99609375,16.75390625
565.9368939399719,565.9368939399719,NoButton,Move,736.01953125,15.90234375
565.9492089748383,565.9492089748383,NoButton,Move,733.04296875,15.05078125
565.9532868862152,565.9532868862152,NoButton,Move,731.1953125,14.6796875
565.9645080566406,565.9645080566406,NoButton,Move,729.34765625,13.9375
565.9694979190826,565.9694979190826,NoButton,Move,727.98046875,13.59375
565.9822969436646,565.9822969436646,NoButton,Move,726.62109375,13.25390625
565.9862852096558,565.9862852096558,NoButton,Move,725.6796875,13.25390625
565.9947459697723,565.9947459697723,NoButton,Move,724.73828125,12.9375
566.0024518966675,566.0024518966675,NoButton,Move,724.1640625,12.9375
566.0107951164246,566.0107951164246,NoButton,Move,723.58984375,12.9375
566.0188732147217,566.0188732147217,NoButton,Move,723.015625,12.9375
566.027202129364,566.027202129364,NoButton,Move,722.75390625,12.9375
566.0353071689606,566.0353071689606,NoButton,Move,722.1796875,12.9375
566.0437140464783,566.0437140464783,NoButton,Move,721.91796875,12.9375
566.0520541667938,566.0520541667938,NoButton,Move,721.65625,12.9375
566.0602450370789,566.0602450370789,NoButton,Move,721.08203125,12.9375
566.0683300495148,566.0683300495148,NoButton,Move,720.5078125,12.9375
566.0759949684143,566.0759949684143,NoButton,Move,719.93359375,12.9375
566.084331035614,566.084331035614,NoButton,Move,719.359375,13.22265625
566.0927062034607,566.0927062034607,NoButton,Move,718.41796875,13.53515625
566.1007800102234,566.1007800102234,NoButton,Move,717.4765625,13.84765625
566.1091179847717,566.1091179847717,NoButton,Move,716.109375,14.52734375
566.117397069931,566.117397069931,NoButton,Move,715.16796875,14.83984375
566.1256959438324,566.1256959438324,NoButton,Move,713.80078125,15.51953125
566.1336839199066,566.1336839199066,NoButton,Move,712.859375,15.83203125
566.1417059898376,566.1417059898376,NoButton,Move,711.4921875,16.171875
566.1498489379883,566.1498489379883,NoButton,Move,710.125,16.8515625
566.1581609249115,566.1581609249115,NoButton,Move,709.18359375,17.1640625
566.1664011478424,566.1664011478424,NoButton,Move,708.2421875,17.4765625
566.174556016922,566.174556016922,NoButton,Move,707.30078125,18.1015625
566.1836628913879,566.1836628913879,NoButton,Move,706.359375,18.4140625
566.190936088562,566.190936088562,NoButton,Move,705.41796875,18.7265625
566.1988830566406,566.1988830566406,NoButton,Move,704.84375,19.01171875
566.2072241306305,566.2072241306305,NoButton,Move,704.26953125,19.296875
566.2319359779358,566.2319359779358,Left,Pressed,704.26953125,19.296875
566.2512049674988,566.2512049674988,NoButton,Move,704.0,19.4296875
566.3509697914124,566.3509697914124,Left,Released,704.0,19.4296875
566.7892181873322,566.7892181873322,NoButton,Move,704.0,19.66015625
566.7972888946533,566.7972888946533,NoButton,Move,704.0,22.0390625
566.8054480552673,566.8054480552673,NoButton,Move,705.2734375,25.01171875
566.8136677742004,566.8136677742004,NoButton,Move,707.1953125,29.3359375
566.8218021392822,566.8218021392822,NoButton,Move,709.2265625,34.41796875
566.8300650119781,566.8300650119781,NoButton,Move,712.046875,40.625
566.8383500576019,566.8383500576019,NoButton,Move,718.1328125,54.31640625
566.8491988182068,566.8491988182068,NoButton,Move,725.72265625,72.02734375
566.854171037674,566.854171037674,NoButton,Move,736.57421875,96.69140625
566.8655560016632,566.8655560016632,NoButton,Move,759.63671875,146.890625
566.8707320690155,566.8707320690155,NoButton,Move,779.97265625,190.1015625
566.8828270435333,566.8828270435333,NoButton,Move,804.39453125,238.9453125
566.8871839046478,566.8871839046478,NoButton,Move,832.67578125,292.6796875
566.8988440036774,566.8988440036774,NoButton,Move,864.41015625,347.4921875
566.9035768508911,566.9035768508911,NoButton,Move,897.5859375,400.86328125
566.9151518344879,566.9151518344879,NoButton,Move,913.37109375,422.56640625
566.9198169708252,566.9198169708252,NoButton,Move,941.9609375,464.15234375
566.9282519817352,566.9282519817352,NoButton,Move,966.80859375,501.42578125
566.938688993454,566.938688993454,NoButton,Move,976.2734375,514.046875
566.9444239139557,566.9444239139557,NoButton,Move,993.52734375,537.390625
566.9526090621948,566.9526090621948,NoButton,Move,1008.859375,557.51171875
