1201.0294933319092,1201.0294933319092,NoButton,Move,529.92578125,488.30078125
1201.035833120346,1201.035833120346,NoButton,Move,528.81640625,486.8203125
1201.0421471595764,1201.0421471595764,NoButton,Move,528.52734375,486.24609375
1201.0484521389008,1201.0484521389008,NoButton,Move,527.953125,485.671875
1201.0547680854797,1201.0547680854797,NoButton,Move,527.69140625,485.41015625
1201.0610702037811,1201.0610702037811,NoButton,Move,527.69140625,485.1484375
1201.067378282547,1201.067378282547,NoButton,Move,527.4453125,485.1484375
1201.0736901760101,1201.0736901760101,NoButton,Move,527.4453125,484.90234375
1201.0799942016602,1201.0799942016602,NoButton,Move,527.18359375,484.90234375
1201.086303949356,1201.086303949356,NoButton,Move,527.18359375,484.65625
1201.0926542282104,1201.0926542282104,Left,Pressed,527.18359375,484.65625
1201.098952293396,1201.098952293396,NoButton,Move,527.18359375,484.53515625
1201.1305100917816,1201.1305100917816,Left,Released,527.18359375,484.53515625
1204.2632613182068,1204.2632613182068,NoButton,Move,525.796875,484.0703125
1204.2719101905823,1204.2719101905823,NoButton,Move,522.4296875,480.703125
1204.2796022891998,1204.2796022891998,NoButton,Move,518.8671875,476.6328125
1204.287923336029,1204.287923336029,NoButton,Move,508.2421875,462.73828125
1204.2965502738953,1204.2965502738953,NoButton,Move,499.25390625,447.2109375
1204.3046231269836,1204.3046231269836,NoButton,Move,489.64453125,428.86328125
1204.3126511573792,1204.3126511573792,NoButton,Move,479.4140625,407.47265625
1204.320974111557,1204.320974111557,NoButton,Move,475.18359375,396.19921875
1204.3287851810455,1204.3287851810455,NoButton,Move,468.41796875,378.4453125
1204.3372333049774,1204.3372333049774,NoButton,Move,466.16015625,371.671875
1204.3451511859894,1204.3451511859894,NoButton,Move,464.80078125,368.046875
1204.353615283966,1204.353615283966,NoButton,Move,461.6953125,359.359375
1204.3613781929016,1204.3613781929016,NoButton,Move,460.16796875,354.2734375
1204.3696761131287,1204.3696761131287,NoButton,Move,458.80859375,350.6484375
1204.3778443336487,1204.3778443336487,NoButton,Move,458.06640625,348.80078125
1204.3863322734833,1204.3863322734833,NoButton,Move,457.72265625,347.43359375
1204.3944582939148,1204.3944582939148,NoButton,Move,457.72265625,346.859375
1204.4029731750488,1204.4029731750488,NoButton,Move,457.72265625,346.59765625
1204.4109890460968,1204.4109890460968,NoButton,Move,457.4609375,346.3359375
1204.4272632598877,1204.4272632598877,NoButton,Move,457.4609375,345.81640625
1204.4354140758514,1204.4354140758514,NoButton,Move,457.4609375,345.2421875
1204.4437692165375,1204.4437692165375,NoButton,Move,457.14453125,344.30078125
1204.4518201351166,1204.4518201351166,NoButton,Move,457.14453125,342.453125
1204.4602632522583,1204.4602632522583,NoButton,Move,456.828125,341.51171875
1204.4681494235992,1204.4681494235992,NoButton,Move,456.40234375,338.53515625
1204.4767951965332,1204.4767951965332,NoButton,Move,456.40234375,337.16796875
1204.4845480918884,1204.4845480918884,NoButton,Move,455.94921875,333.54296875
1204.4928131103516,1204.4928131103516,NoButton,Move,455.5234375,330.56640625
1204.5007672309875,1204.5007672309875,NoButton,Move,455.1796875,329.19921875
1204.518895149231,1204.518895149231,NoButton,Move,454.75390625,326.22265625
1204.5189852714539,1204.5189852714539,NoButton,Move,454.35546875,323.83984375
1204.5254361629486,1204.5254361629486,NoButton,Move,453.87109375,319.51171875
1204.5332820415497,1204.5332820415497,NoButton,Move,453.01953125,316.53515625
1204.5417711734772,1204.5417711734772,NoButton,Move,452.62109375,314.15234375
1204.5498132705688,1204.5498132705688,NoButton,Move,451.9375,312.78515625
1204.5581953525543,1204.5581953525543,NoButton,Move,451.25390625,311.41796875
1204.5661871433258,1204.5661871433258,NoButton,Move,450.5703125,310.05078125
1204.5746359825134,1204.5746359825134,NoButton,Move,450.2265625,308.68359375
1204.582973241806,1204.582973241806,NoButton,Move,449.65234375,308.109375
1204.5912370681763,1204.5912370681763,NoButton,Move,449.36328125,307.53515625
1204.5992631912231,1204.5992631912231,NoButton,Move,449.1015625,307.2734375
1204.6073143482208,1204.6073143482208,NoButton,Move,449.1015625,307.01171875
1204.6418602466583,1204.6418602466583,Left,Pressed,449.1015625,307.01171875
1204.7476091384888,1204.7476091384888,Left,Released,449.1015625,307.01171875
1204.8073163032532,1204.8073163032532,Left,Pressed,449.1015625,307.01171875
1204.8908042907715,1204.8908042907715,Left,Released,449.1015625,307.01171875
1206.7196571826935,1206.7196571826935,NoButton,Move,447.94140625,310.2578125
1206.727465391159,1206.727465391159,NoButton,Move,446.64453125,319.98046875
1206.7357821464539,1206.7357821464539,NoButton,Move,445.17578125,333.16796875
1206.7440960407257,1206.7440960407257,NoButton,Move,444.46875,345.14453125
1206.7520461082458,1206.7520461082458,NoButton,Move,444.46875,355.96484375
1206.7607531547546,1206.7607531547546,NoButton,Move,443.76171875,367.94140625
1206.7685761451721,1206.7685761451721,NoButton,Move,443.76171875,378.76171875
1206.776436328888,1206.776436328888,NoButton,Move,443.76171875,389.58203125
1206.7842831611633,1206.7842831611633,NoButton,Move,443.76171875,411.22265625
1206.7926683425903,1206.7926683425903,NoButton,Move,443.76171875,431.3125
1206.8009142875671,1206.8009142875671,NoButton,Move,443.76171875,439.99609375
1206.809049129486,1206.809049129486,NoButton,Move,444.51953125,454.44921875
1206.8172430992126,1206.8172430992126,NoButton,Move,445.22265625,466.42578125
1206.8257143497467,1206.8257143497467,NoButton,Move,445.8984375,477.24609375
1206.8336861133575,1206.8336861133575,NoButton,Move,446.48828125,484.9453125
1206.842029094696,1206.842029094696,NoButton,Move,446.48828125,487.32421875
1206.8501431941986,1206.8501431941986,NoButton,Move,447.1328125,497.046875
1206.8583900928497,1206.8583900928497,NoButton,Move,447.1328125,498.890625
1206.8661963939667,1206.8661963939667,NoButton,Move,447.1328125,505.66015625
1206.8744790554047,1206.8744790554047,NoButton,Move,447.1328125,508.6328125
1206.882690191269,1206.882690191269,NoButton,Move,447.1328125,511.60546875
1206.8928971290588,1206.8928971290588,NoButton,Move,447.1328125,512.96484375
1206.9017691612244,1206.9017691612244,NoButton,Move,447.1328125,515.34375
1206.9081201553345,1206.9081201553345,NoButton,Move,447.1328125,517.72265625
1206.9157252311707,1206.9157252311707,NoButton,Move,447.1328125,519.56640625
1206.9244379997253,1206.9244379997253,NoButton,Move,447.1328125,521.40625
1206.931794166565,1206.931794166565,NoButton,Move,447.1328125,522.76953125
1206.9402990341187,1206.9402990341187,NoButton,Move,447.1328125,524.1328125
1206.948655128479,1206.948655128479,NoButton,Move,447.1328125,524.703125
1206.956386089325,1206.956386089325,NoButton,Move,447.1328125,525.640625
1206.9648423194885,1206.9648423194885,NoButton,Move,447.1328125,526.2109375
1206.972974061966,1206.972974061966,NoButton,Move,447.1328125,526.46875
1206.9811911582947,1206.9811911582947,NoButton,Move,447.1328125,526.7265625
1206.989473104477,1206.989473104477,NoButton,Move,447.1328125,526.984375
1206.9979944229126,1206.9979944229126,NoButton,Move,447.1328125,527.2421875
1207.0573632717133,1207.0573632717133,Left,Pressed,447.1328125,527.2421875
1207.1740701198578,1207.1740701198578,Left,Released,447.1328125,527.2421875
1217.5534672737122,1217.5534672737122,NoButton,Move,447.58984375,527.2421875
1217.5607993602753,1217.5607993602753,NoButton,Move,453.48828125,527.2421875
1217.5690779685974,1217.5690779685974,NoButton,Move,464.30859375,527.2421875
1217.5774462223053,1217.5774462223053,NoButton,Move,476.28515625,526.53515625
1217.5855040550232,1217.5855040550232,NoButton,Move,492.0625,524.16796875
1217.5938231945038,1217.5938231945038,NoButton,Move,510.62890625,521.6328125
1217.602067232132,1217.602067232132,NoButton,Move,529.22265625,519.94140625
1217.6106791496277,1217.6106791496277,NoButton,Move,571.47265625,517.5234375
1217.6183831691742,1217.6183831691742,NoButton,Move,593.11328125,516.62109375
1217.626361131668,1217.626361131668,NoButton,Move,637.83984375,515.375
1217.6343920230865,1217.6343920230865,NoButton,Move,680.32421875,515.375
1217.6427383422852,1217.6427383422852,NoButton,Move,720.62890625,515.375
1217.6511511802673,1217.6511511802673,NoButton,Move,736.40625,516.16015625
1217.659274339676,1217.659274339676,NoButton,Move,766.66015625,521.375
1217.6673610210419,1217.6673610210419,NoButton,Move,789.91015625,526.953125
1226.846253156662,1226.846253156662,NoButton,Move,790.83203125,527.875
1226.8540270328522,1226.8540270328522,NoButton,Move,797.58984375,536.66015625
1226.8624320030212,1226.8624320030212,NoButton,Move,806.71875,548.0703125
1226.8702640533447,1226.8702640533447,NoButton,Move,818.15625,561.140625
1226.8782923221588,1226.8782923221588,NoButton,Move,844.234375,591.9609375
1226.8870604038239,1226.8870604038239,NoButton,Move,876.0078125,627.546875
1226.895423412323,1226.895423412323,NoButton,Move,910.5390625,667.390625
1226.9031972885132,1226.9031972885132,NoButton,Move,947.94140625,710.3359375
1226.9110572338104,1226.9110572338104,NoButton,Move,981.7265625,748.0234375
1226.9190881252289,1226.9190881252289,NoButton,Move,996.15234375,765.15625
1226.9275331497192,1226.9275331497192,NoButton,Move,1007.58984375,778.2265625
1226.9356253147125,1226.9356253147125,NoButton,Move,1030.69140625,804.625
1226.9436552524567,1226.9436552524567,NoButton,Move,1037.453125,813.41796875
1226.9516463279724,1226.9516463279724,NoButton,Move,1049.6796875,830.01171875
1226.9598841667175,1226.9598841667175,NoButton,Move,1057.00390625,841.73046875
1226.9683022499084,1226.9683022499084,NoButton,Move,1060.72265625,849.79296875
1246.6295001506805,1246.6295001506805,NoButton,Move,1060.72265625,849.1015625
1246.6295552253723,1246.6295552253723,NoButton,Move,1059.01953125,846.55078125
1246.6295993328094,1246.6295993328094,NoButton,Move,1055.65234375,843.18359375
1246.6314029693604,1246.6314029693604,NoButton,Move,1051.89453125,838.35546875
1246.6398372650146,1246.6398372650146,NoButton,Move,1047.37890625,832.7109375
1246.647957086563,1246.647957086563,NoButton,Move,1037.48828125,821.296875
1246.6559810638428,1246.6559810638428,NoButton,Move,1024.80859375,806.92578125
1246.6642050743103,1246.6642050743103,NoButton,Move,1008.515625,787.7578125
1246.6723473072052,1246.6723473072052,NoButton,Move,989.23046875,766.44140625
1246.6806972026825,1246.6806972026825,NoButton,Move,968.36328125,743.48828125
1246.688933134079,1246.688933134079,NoButton,Move,945.2578125,717.0859375
1246.696801185608,1246.696801185608,NoButton,Move,922.75,693.5078125
1246.7051529884338,1246.7051529884338,NoButton,Move,912.859375,682.85546875
1246.7134063243866,1246.7134063243866,NoButton,Move,894.6484375,664.64453125
1246.7216103076935,1246.7216103076935,NoButton,Move,876.4375,647.39453125
1246.729756116867,1246.729756116867,NoButton,Move,862.91015625,633.8671875
1246.738004207611,1246.738004207611,NoButton,Move,858.08203125,630.109375
1246.7460269927979,1246.7460269927979,NoButton,Move,848.921875,622.35546875
1246.7542493343353,1246.7542493343353,NoButton,Move,841.140625,616.51953125
1258.0364310741425,1258.0364310741425,NoButton,Move,841.37109375,620.90234375
1258.0440151691437,1258.0440151691437,NoButton,Move,842.89453125,625.984375
1258.052315235138,1258.052315235138,NoButton,Move,844.25,629.60546875
1258.0604910850525,1258.0604910850525,NoButton,Move,845.15234375,633.2265625
1258.068629026413,1258.068629026413,NoButton,Move,846.33984375,635.60546875
1258.0770511627197,1258.0770511627197,NoButton,Move,847.1328125,637.984375
1258.0848121643066,1258.0848121643066,NoButton,Move,847.87109375,639.828125
1258.093173980713,1258.093173980713,NoButton,Move,848.2109375,641.19140625
1258.1013622283936,1258.1013622283936,NoButton,Move,848.49609375,641.76171875
1258.1095662117004,1258.1095662117004,NoButton,Move,848.78125,642.33203125
1258.117621421814,1258.117621421814,NoButton,Move,849.0390625,642.58984375
1258.1260023117065,1258.1260023117065,NoButton,Move,849.0390625,643.953125
1258.1340732574463,1258.1340732574463,NoButton,Move,849.0390625,644.5234375
1258.142290353775,1258.142290353775,NoButton,Move,846.65625,644.91796875
1258.1506311893463,1258.1506311893463,NoButton,Move,841.5703125,644.91796875
1258.1585652828217,1258.1585652828217,NoButton,Move,829.58984375,644.91796875
1258.1668810844421,1258.1668810844421,NoButton,Move,816.3984375,640.51953125
1258.1749181747437,1258.1749181747437,NoButton,Move,800.0546875,633.1640625
1258.1830961704254,1258.1830961704254,NoButton,Move,781.70703125,623.5546875
1258.1913211345673,1258.1913211345673,NoButton,Move,760.31640625,612.390625
1258.1995310783386,1258.1995310783386,NoButton,Move,736.63671875,599.5625
1258.2079021930695,1258.2079021930695,NoButton,Move,714.59375,587.1015625
1258.2158253192902,1258.2158253192902,NoButton,Move,706.1640625,581.265625
1258.2241320610046,1258.2241320610046,NoButton,Move,688.69140625,569.90625
1258.231944322586,1258.231944322586,NoButton,Move,683.046875,565.390625
1258.2401332855225,1258.2401332855225,NoButton,Move,670.87109375,557.01953125
1258.2483792304993,1258.2483792304993,NoButton,Move,662.07421875,550.25390625
1258.2567601203918,1258.2567601203918,NoButton,Move,654.29296875,544.41796875
1258.264859199524,1258.264859199524,NoButton,Move,652.3046875,542.828125
1258.2734503746033,1258.2734503746033,NoButton,Move,648.234375,539.265625
1261.6475722789764,1261.6475722789764,NoButton,Move,648.46484375,539.7265625
1268.8127121925354,1268.8127121925354,NoButton,Move,648.69140625,539.7265625
1268.8204011917114,1268.8204011917114,NoButton,Move,648.94921875,539.7265625
1268.836923122406,1268.836923122406,NoButton,Move,649.19140625,539.7265625
1268.869300365448,1268.869300365448,NoButton,Move,649.42578125,539.7265625
1268.902582168579,1268.902582168579,NoButton,Move,649.66015625,539.9609375
1268.9189472198486,1268.9189472198486,NoButton,Move,649.90234375,539.9609375
1268.9269330501556,1268.9269330501556,NoButton,Move,650.16015625,540.21875
1268.9344902038574,1268.9344902038574,NoButton,Move,650.41796875,540.21875
1268.9430301189423,1268.9430301189423,NoButton,Move,650.98828125,540.50390625
1268.951054096222,1268.951054096222,NoButton,Move,651.55859375,540.7890625
1268.9592661857605,1268.9592661857605,NoButton,Move,652.921875,541.12890625
1268.9675540924072,1268.9675540924072,NoButton,Move,653.859375,541.75390625
1268.9758021831512,1268.9758021831512,NoButton,Move,655.703125,542.859375
1268.9838531017303,1268.9838531017303,NoButton,Move,657.546875,543.96484375
1268.992419242859,1268.992419242859,NoButton,Move,660.09375,545.6640625
1269.000696182251,1269.000696182251,NoButton,Move,663.9375,548.06640625
1269.0086860656738,1269.0086860656738,NoButton,Move,669.859375,553.39453125
1269.0163099765778,1269.0163099765778,NoButton,Move,675.78125,558.72265625
1269.0246331691742,1269.0246331691742,NoButton,Move,681.984375,565.546875
1269.0329761505127,1269.0329761505127,NoButton,Move,690.1015625,573.6640625
1269.041243314743,1269.041243314743,NoButton,Move,698.5546875,582.8203125
1269.0494022369385,1269.0494022369385,NoButton,Move,708.44140625,593.46875
1269.057667016983,1269.057667016983,NoButton,Move,718.328125,604.87890625
1269.0657901763916,1269.0657901763916,NoButton,Move,728.58203125,617.5
1269.0739130973816,1269.0739130973816,NoButton,Move,738.46875,628.1484375
1269.082495212555,1269.082495212555,NoButton,Move,748.35546875,638.796875
1269.0903511047363,1269.0903511047363,NoButton,Move,756.10546875,647.953125
1269.0984382629395,1269.0984382629395,NoButton,Move,759.6640625,652.01953125
1273.0694551467896,1273.0694551467896,NoButton,Move,759.6640625,652.48046875
1273.0779693126678,1273.0779693126678,NoButton,Move,759.6640625,656.1015625
1273.0858402252197,1273.0858402252197,NoButton,Move,760.0859375,659.07421875
1273.454502105713,1273.454502105713,NoButton,Move,760.0859375,659.76953125
1275.0100972652435,1275.0100972652435,NoButton,Move,759.16015625,659.76953125
1275.0177681446075,1275.0177681446075,NoButton,Move,753.2578125,659.23046875
1275.0260322093964,1275.0260322093964,NoButton,Move,746.484375,658.1015625
1275.0339760780334,1275.0339760780334,NoButton,Move,738.78125,655.73046875
1275.042426109314,1275.042426109314,NoButton,Move,730.09375,652.625
1275.0505442619324,1275.0505442619324,NoButton,Move,718.8203125,648.39453125
1275.0587451457977,1275.0587451457977,NoButton,Move,696.49609375,640.0234375
1275.0666711330414,1275.0666711330414,NoButton,Move,671.828125,628.18359375
1275.07528424263,1275.07528424263,NoButton,Move,644.69921875,613.57421875
1275.0832183361053,1275.0832183361053,NoButton,Move,616.83203125,596.42578125
1275.09184217453,1275.09184217453,NoButton,Move,588.2265625,577.72265625
1275.1000802516937,1275.1000802516937,NoButton,Move,562.50390625,558.4296875
1275.1081683635712,1275.1081683635712,NoButton,Move,551.51171875,550.3671875
1275.1158592700958,1275.1158592700958,NoButton,Move,532.91015625,535.484375
1275.1245350837708,1275.1245350837708,NoButton,Move,525.46484375,530.51953125
1275.1261191368103,1275.1261191368103,NoButton,Move,525.46484375,530.51953125
1275.1824371814728,1275.1824371814728,NoButton,Move,512.05078125,521.05078125
1275.1824660301208,1275.1824660301208,NoButton,Move,501.48046875,514.70703125
1275.1846442222595,1275.1846442222595,NoButton,Move,493.05078125,509.51953125
1275.1855211257935,1275.1855211257935,NoButton,Move,485.94140625,506.5546875
1275.185554265976,1275.185554265976,NoButton,Move,480.85546875,504.51953125
1275.4762313365936,1275.4762313365936,NoButton,Move,481.78515625,504.984375
1275.4841921329498,1275.4841921329498,NoButton,Move,483.76953125,506.5703125
1275.492380142212,1275.492380142212,NoButton,Move,485.890625,508.69140625
1275.5008671283722,1275.5008671283722,NoButton,Move,488.01171875,510.8125
1275.5087730884552,1275.5087730884552,NoButton,Move,490.1328125,513.359375
1275.516901254654,1275.516901254654,NoButton,Move,492.25390625,515.90625
1275.5251944065094,1275.5251944065094,NoButton,Move,496.765625,520.984375
1275.5333981513977,1275.5333981513977,NoButton,Move,500.51953125,525.80859375
1275.5416901111603,1275.5416901111603,NoButton,Move,505.03125,531.44921875
1275.5497810840607,1275.5497810840607,NoButton,Move,508.98046875,537.08984375
1275.5579841136932,1275.5579841136932,NoButton,Move,512.734375,541.9140625
1275.5661580562592,1275.5661580562592,NoButton,Move,514.3203125,543.8984375
1275.5745351314545,1275.5745351314545,NoButton,Move,516.58203125,547.06640625
1275.5828280448914,1275.5828280448914,NoButton,Move,518.703125,549.61328125
1275.591168165207,1275.591168165207,NoButton,Move,520.40234375,552.16015625
1275.5994412899017,1275.5994412899017,NoButton,Move,521.42578125,553.18359375
1275.6074349880219,1275.6074349880219,NoButton,Move,522.05078125,554.12109375
1275.6156253814697,1275.6156253814697,NoButton,Move,522.3359375,554.69140625
1275.6238281726837,1275.6238281726837,NoButton,Move,522.62109375,555.26171875
1275.632060289383,1275.632060289383,NoButton,Move,522.87890625,555.51953125
1275.640201330185,1275.640201330185,NoButton,Move,522.87890625,555.77734375
1276.1974551677704,1276.1974551677704,NoButton,Move,521.71484375,555.77734375
1276.2051923274994,1276.2051923274994,NoButton,Move,516.62890625,556.28515625
1276.213457107544,1276.213457107544,NoButton,Move,510.7265625,556.8203125
1276.220989227295,1276.220989227295,NoButton,Move,503.953125,556.8203125
1276.229352235794,1276.229352235794,NoButton,Move,494.2265625,556.8203125
1276.2373282909393,1276.2373282909393,NoButton,Move,482.953125,552.58984375
1276.2458012104034,1276.2458012104034,NoButton,Move,471.6796875,547.65625
1276.2539420127869,1276.2539420127869,NoButton,Move,459.22265625,541.79296875
1276.262156009674,1276.262156009674,NoButton,Move,447.5,534.46484375
1276.2704122066498,1276.2704122066498,NoButton,Move,435.77734375,527.13671875
1276.2787692546844,1276.2787692546844,NoButton,Move,430.41015625,523.91796875
1276.2868762016296,1276.2868762016296,NoButton,Move,420.9375,517.828125
1276.2951941490173,1276.2951941490173,NoButton,Move,412.5078125,511.9921875
1276.303435087204,1276.303435087204,NoButton,Move,405.98828125,507.25
1276.3116171360016,1276.3116171360016,NoButton,Move,399.46875,503.1015625
1276.3197333812714,1276.3197333812714,NoButton,Move,397.62109375,501.9921875
1276.3279643058777,1276.3279643058777,NoButton,Move,393.55078125,498.9375
1276.3360922336578,1276.3360922336578,NoButton,Move,390.37890625,496.671875
1276.3550782203674,1276.3550782203674,NoButton,Move,388.390625,495.08203125
1276.3551952838898,1276.3551952838898,NoButton,Move,386.40234375,493.4921875
1276.3603613376617,1276.3603613376617,NoButton,Move,385.29296875,492.01171875
1276.3684730529785,1276.3684730529785,NoButton,Move,384.265625,490.984375
1276.3784539699554,1276.3784539699554,NoButton,Move,383.69140625,490.41015625
1276.3848321437836,1276.3848321437836,NoButton,Move,383.40234375,489.8359375
1276.3932054042816,1276.3932054042816,NoButton,Move,383.40234375,489.26171875
1276.4013702869415,1276.4013702869415,NoButton,Move,383.40234375,489.0
1276.4095940589905,1276.4095940589905,NoButton,Move,383.40234375,488.42578125
1276.4178211688995,1276.4178211688995,NoButton,Move,383.40234375,487.8515625
1276.4259519577026,1276.4259519577026,NoButton,Move,383.40234375,487.27734375
1276.4339513778687,1276.4339513778687,NoButton,Move,383.97265625,486.703125
1276.4422562122345,1276.4422562122345,NoButton,Move,385.81640625,485.59375
1276.450429201126,1276.450429201126,NoButton,Move,387.66015625,484.8515625
1276.4587261676788,1276.4587261676788,NoButton,Move,389.50390625,483.7421875
1276.466893196106,1276.466893196106,NoButton,Move,391.8828125,482.55078125
1276.475055217743,1276.475055217743,NoButton,Move,394.85546875,481.69921875
1276.4832203388214,1276.4832203388214,NoButton,Move,398.4765625,480.79296875
1276.4915850162506,1276.4915850162506,NoButton,Move,402.09765625,480.33984375
1276.4996683597565,1276.4996683597565,NoButton,Move,406.421875,480.33984375
1276.5076892375946,1276.5076892375946,NoButton,Move,411.50390625,480.33984375
1276.5158760547638,1276.5158760547638,NoButton,Move,415.828125,480.33984375
1276.524087190628,1276.524087190628,NoButton,Move,420.15234375,480.33984375
1276.5324501991272,1276.5324501991272,NoButton,Move,421.99609375,480.33984375
1276.5407462120056,1276.5407462120056,NoButton,Move,425.6171875,480.33984375
1276.5488982200623,1276.5488982200623,NoButton,Move,428.58984375,480.33984375
1276.5572474002838,1276.5572474002838,NoButton,Move,430.96875,480.33984375
1276.5654141902924,1276.5654141902924,NoButton,Move,432.33203125,480.33984375
1276.5735170841217,1276.5735170841217,NoButton,Move,433.6953125,480.33984375
1276.5820021629333,1276.5820021629333,NoButton,Move,434.265625,480.33984375
1276.59010720253,1276.59010720253,NoButton,Move,434.8359375,480.33984375
1276.5980422496796,1276.5980422496796,NoButton,Move,435.40625,480.33984375
1276.6064162254333,1276.6064162254333,NoButton,Move,435.6640625,480.33984375
1276.6142141819,1276.6142141819,NoButton,Move,435.921875,480.33984375
1276.6594741344452,1276.6594741344452,Left,Pressed,435.921875,480.33984375
1276.757972240448,1276.757972240448,Left,Released,435.921875,480.33984375
1286.4013743400574,1286.4013743400574,NoButton,Move,436.3828125,483.3359375
1286.4093050956726,1286.4093050956726,NoButton,Move,438.07421875,490.10546875
1286.4175491333008,1286.4175491333008,NoButton,Move,439.84765625,497.8046875
1286.4256103038788,1286.4256103038788,NoButton,Move,441.62109375,505.50390625
1286.4337100982666,1286.4337100982666,NoButton,Move,442.74609375,512.2734375
1286.4419083595276,1286.4419083595276,NoButton,Move,444.4375,519.04296875
1286.4500532150269,1286.4500532150269,NoButton,Move,446.04296875,524.94140625
1286.4581761360168,1286.4581761360168,NoButton,Move,447.16796875,531.7109375
1286.466322183609,1286.466322183609,NoButton,Move,447.67578125,536.79296875
1286.4745321273804,1286.4745321273804,NoButton,Move,448.3515625,547.61328125
1286.4826872348785,1286.4826872348785,NoButton,Move,448.96875,556.296875
1286.4910101890564,1286.4910101890564,NoButton,Move,449.55859375,563.99609375
1286.4991784095764,1286.4991784095764,NoButton,Move,449.55859375,570.765625
1286.5072312355042,1286.5072312355042,NoButton,Move,449.55859375,576.6640625
1286.5154900550842,1286.5154900550842,NoButton,Move,449.046875,581.74609375
1286.5236341953278,1286.5236341953278,NoButton,Move,447.12109375,586.0703125
1286.531899213791,1286.531899213791,NoButton,Move,445.30859375,589.69140625
1286.5414061546326,1286.5414061546326,NoButton,Move,442.765625,594.265625
1286.548189163208,1286.548189163208,NoButton,Move,440.953125,597.88671875
1286.5627613067627,1286.5627613067627,NoButton,Move,438.41015625,602.4609375
1286.5640351772308,1286.5640351772308,NoButton,Move,435.8671875,607.03515625
1286.5725231170654,1286.5725231170654,NoButton,Move,433.9453125,611.35546875
1286.5805592536926,1286.5805592536926,NoButton,Move,432.01953125,615.6796875
1286.5894610881805,1286.5894610881805,NoButton,Move,430.09375,620.00390625
1286.597100019455,1286.597100019455,NoButton,Move,428.16796875,624.328125
1286.6063821315765,1286.6063821315765,NoButton,Move,427.796875,626.171875
1286.6133801937103,1286.6133801937103,NoButton,Move,426.51953125,629.14453125
1286.6228501796722,1286.6228501796722,NoButton,Move,425.72265625,631.5234375
1286.6299841403961,1286.6299841403961,NoButton,Move,424.98046875,633.3671875
1286.6380650997162,1286.6380650997162,NoButton,Move,424.63671875,634.73046875
1286.6461760997772,1286.6461760997772,NoButton,Move,424.34765625,635.30078125
1286.6543951034546,1286.6543951034546,NoButton,Move,424.34765625,635.87109375
1286.66277217865,1286.66277217865,NoButton,Move,424.34765625,636.80859375
1286.6711661815643,1286.6711661815643,NoButton,Move,424.34765625,637.74609375
1286.6793961524963,1286.6793961524963,NoButton,Move,424.34765625,638.31640625
1286.6877403259277,1286.6877403259277,NoButton,Move,424.34765625,639.25390625
1286.6954171657562,1286.6954171657562,NoButton,Move,424.34765625,640.6171875
1286.7036590576172,1286.7036590576172,NoButton,Move,425.37109375,641.640625
1286.7119162082672,1286.7119162082672,NoButton,Move,425.94140625,642.2109375
1286.720064163208,1286.720064163208,NoButton,Move,426.25390625,643.1484375
1286.7284541130066,1286.7284541130066,NoButton,Move,426.82421875,643.71875
1286.7367322444916,1286.7367322444916,NoButton,Move,427.08203125,643.9765625
1286.7586240768433,1286.7586240768433,Left,Pressed,427.08203125,643.9765625
1286.7747020721436,1286.7747020721436,NoButton,Move,427.203125,644.09765625
1286.947731256485,1286.947731256485,Left,Released,427.203125,644.09765625
1287.972911119461,1287.972911119461,NoButton,Move,428.125,644.09765625
1287.9805002212524,1287.9805002212524,NoButton,Move,431.74609375,644.09765625
1287.9894211292267,1287.9894211292267,NoButton,Move,436.828125,644.09765625
1287.9968662261963,1287.9968662261963,NoButton,Move,443.59765625,645.22265625
1288.006216287613,1288.006216287613,NoButton,Move,451.296875,646.99609375
1288.0134530067444,1288.0134530067444,NoButton,Move,461.01953125,648.9375
1288.0228741168976,1288.0228741168976,NoButton,Move,470.7421875,652.17578125
1288.0283870697021,1288.0283870697021,NoButton,Move,470.7421875,652.17578125
1288.0885262489319,1288.0885262489319,NoButton,Move,480.46484375,655.4140625
1288.0886073112488,1288.0886073112488,NoButton,Move,501.203125,662.625
1288.0886273384094,1288.0886273384094,NoButton,Move,523.5234375,670.0625
1288.0886471271515,1288.0886471271515,NoButton,Move,545.84375,677.5
1288.0886671543121,1288.0886671543121,NoButton,Move,568.1640625,685.8671875
1288.0886862277985,1288.0886862277985,NoButton,Move,578.30859375,690.6015625
1288.0887022018433,1288.0887022018433,NoButton,Move,598.14453125,699.6171875
1288.0887172222137,1288.0887172222137,NoButton,Move,616.48828125,708.3515625
1288.0953063964844,1288.0953063964844,NoButton,Move,632.01171875,716.51953125
1288.1044263839722,1288.1044263839722,NoButton,Move,637.65234375,720.46875
1288.1120193004608,1288.1120193004608,NoButton,Move,647.515625,727.51171875
1298.75159907341,1298.75159907341,NoButton,Move,647.28125,732.58984375
1298.7617301940918,1298.7617301940918,NoButton,Move,645.03125,739.3359375
1298.7682871818542,1298.7682871818542,NoButton,Move,642.20703125,745.54296875
1298.781994342804,1298.781994342804,NoButton,Move,638.98828125,750.90625
1298.7841053009033,1298.7841053009033,NoButton,Move,634.47265625,755.984375
1298.7924411296844,1298.7924411296844,NoButton,Move,629.390625,761.0625
1298.800707101822,1298.800707101822,NoButton,Move,622.87109375,765.20703125
1298.8089611530304,1298.8089611530304,NoButton,Move,614.44140625,770.390625
1298.8173401355743,1298.8173401355743,NoButton,Move,598.9140625,778.55859375
1298.8254871368408,1298.8254871368408,NoButton,Move,581.16015625,786.1640625
1298.8336732387543,1298.8336732387543,NoButton,Move,560.41796875,792.47265625
1298.8419151306152,1298.8419151306152,NoButton,Move,549.59375,795.17578125
1298.850072145462,1298.850072145462,NoButton,Move,529.5,799.54296875
1298.8583452701569,1298.8583452701569,NoButton,Move,509.40625,803.91015625
1298.8661522865295,1298.8661522865295,NoButton,Move,490.80859375,807.2890625
1298.8741083145142,1298.8741083145142,NoButton,Move,473.6484375,810.5546875
1298.882461309433,1298.882461309433,NoButton,Move,457.8671875,813.70703125
1298.893571138382,1298.893571138382,NoButton,Move,444.67578125,815.90234375
1298.8989973068237,1298.8989973068237,NoButton,Move,438.7734375,816.97265625
1298.9074702262878,1298.9074702262878,NoButton,Move,427.94921875,819.67578125
1298.915355205536,1298.915355205536,NoButton,Move,418.22265625,821.6171875
1298.9235022068024,1298.9235022068024,NoButton,Move,410.51953125,823.390625
1298.9319431781769,1298.9319431781769,NoButton,Move,403.74609375,825.08203125
1298.940131187439,1298.940131187439,NoButton,Move,397.84375,827.2265625
1298.9482491016388,1298.9482491016388,NoButton,Move,395.99609375,827.59375
1298.9564971923828,1298.9564971923828,NoButton,Move,391.66796875,829.03515625
1298.964557170868,1298.964557170868,NoButton,Move,388.69140625,829.8828125
1298.972903251648,1298.972903251648,NoButton,Move,385.71484375,831.15625
1298.9811851978302,1298.9811851978302,NoButton,Move,383.33203125,831.94921875
1298.9892101287842,1298.9892101287842,NoButton,Move,381.484375,833.0546875
1298.9971792697906,1298.9971792697906,NoButton,Move,378.3125,835.31640625
1299.005116224289,1299.005116224289,NoButton,Move,376.83203125,836.421875
1299.0131850242615,1299.0131850242615,NoButton,Move,375.8046875,837.4453125
1299.0214173793793,1299.0214173793793,NoButton,Move,373.81640625,839.03125
1299.029636144638,1299.029636144638,NoButton,Move,371.96875,840.13671875
1299.0380022525787,1299.0380022525787,NoButton,Move,369.98046875,841.72265625
1299.046204328537,1299.046204328537,NoButton,Move,368.1328125,842.828125
1299.0544092655182,1299.0544092655182,NoButton,Move,366.28515625,843.93359375
1299.0625610351562,1299.0625610351562,NoButton,Move,364.91796875,844.61328125
1299.0712611675262,1299.0712611675262,NoButton,Move,363.55078125,845.29296875
1299.079481124878,1299.079481124878,NoButton,Move,362.18359375,845.6328125
1299.0874722003937,1299.0874722003937,NoButton,Move,361.2421875,845.9453125
1299.09566116333,1299.09566116333,NoButton,Move,360.66796875,846.23046875
1299.104022026062,1299.104022026062,NoButton,Move,360.40625,846.23046875
1299.1121079921722,1299.1121079921722,NoButton,Move,360.14453125,846.23046875
1299.120411157608,1299.120411157608,NoButton,Move,359.8828125,846.23046875
1299.1285421848297,1299.1285421848297,NoButton,Move,359.62109375,846.23046875
1299.1444811820984,1299.1444811820984,NoButton,Move,359.375,846.23046875
1299.1692333221436,1299.1692333221436,NoButton,Move,359.375,845.98828125
1299.1773972511292,1299.1773972511292,NoButton,Move,359.11328125,845.98828125
1299.1856052875519,1299.1856052875519,NoButton,Move,359.11328125,845.7265625
1299.193796157837,1299.193796157837,NoButton,Move,359.11328125,845.46484375
1299.2258732318878,1299.2258732318878,Left,Pressed,359.11328125,845.46484375
1299.3362050056458,1299.3362050056458,Left,Released,359.11328125,845.46484375
1299.595380306244,1299.595380306244,NoButton,Move,359.57421875,845.46484375
1299.6032073497772,1299.6032073497772,NoButton,Move,360.9375,845.46484375
1299.6118183135986,1299.6118183135986,NoButton,Move,363.31640625,845.06640625
1299.6193063259125,1299.6193063259125,NoButton,Move,364.6796875,844.3828125
1299.628044128418,1299.628044128418,NoButton,Move,367.65234375,843.53125
1299.636084318161,1299.636084318161,NoButton,Move,370.03125,842.734375
1299.6448650360107,1299.6448650360107,NoButton,Move,372.41015625,841.9375
1299.6526861190796,1299.6526861190796,NoButton,Move,374.25390625,841.1953125
1299.6606693267822,1299.6606693267822,NoButton,Move,376.09765625,840.453125
1299.6686923503876,1299.6686923503876,NoButton,Move,377.94140625,839.7109375
1299.6769709587097,1299.6769709587097,NoButton,Move,379.3046875,839.3671875
1299.6850881576538,1299.6850881576538,NoButton,Move,380.66796875,839.0234375
1299.6935122013092,1299.6935122013092,NoButton,Move,382.03125,838.33984375
1299.7013549804688,1299.7013549804688,NoButton,Move,382.96875,838.0234375
1299.7095642089844,1299.7095642089844,NoButton,Move,383.90625,837.70703125
1299.7177891731262,1299.7177891731262,NoButton,Move,384.4765625,837.41796875
1299.7261559963226,1299.7261559963226,NoButton,Move,385.046875,837.41796875
1299.734342098236,1299.734342098236,NoButton,Move,385.6171875,837.12890625
1299.7423810958862,1299.7423810958862,NoButton,Move,386.1875,836.83984375
1299.750343322754,1299.750343322754,NoButton,Move,386.7578125,836.55078125
1299.7589881420135,1299.7589881420135,NoButton,Move,387.015625,836.2890625
1299.7673201560974,1299.7673201560974,NoButton,Move,387.5859375,836.0
1299.7753992080688,1299.7753992080688,NoButton,Move,387.84375,835.73828125
1299.7834951877594,1299.7834951877594,NoButton,Move,388.4140625,835.44921875
1299.7916522026062,1299.7916522026062,NoButton,Move,388.671875,835.1875
1299.7998762130737,1299.7998762130737,NoButton,Move,388.95703125,834.61328125
1299.8080551624298,1299.8080551624298,NoButton,Move,389.21484375,834.3515625
1299.8162322044373,1299.8162322044373,NoButton,Move,389.47265625,834.08984375
1299.82466506958,1299.82466506958,NoButton,Move,389.73046875,833.828125
1299.8326933383942,1299.8326933383942,NoButton,Move,389.98828125,833.828125
1299.8404352664948,1299.8404352664948,NoButton,Move,390.24609375,833.56640625
1299.8486342430115,1299.8486342430115,NoButton,Move,390.24609375,833.3046875
1299.881292104721,1299.881292104721,NoButton,Move,390.24609375,833.0625
1299.8918681144714,1299.8918681144714,NoButton,Move,390.24609375,832.81640625
1299.8978922367096,1299.8978922367096,NoButton,Move,390.50390625,832.5546875
1299.9063801765442,1299.9063801765442,NoButton,Move,390.50390625,832.29296875
1299.9141120910645,1299.9141120910645,NoButton,Move,390.50390625,831.71875
1299.9244022369385,1299.9244022369385,NoButton,Move,390.50390625,831.14453125
1299.9304382801056,1299.9304382801056,NoButton,Move,390.76171875,830.8828125
1299.9401512145996,1299.9401512145996,NoButton,Move,390.76171875,830.30859375
1299.947121143341,1299.947121143341,NoButton,Move,391.01953125,830.046875
1299.9552340507507,1299.9552340507507,NoButton,Move,391.27734375,829.78515625
1299.9633872509003,1299.9633872509003,NoButton,Move,391.27734375,829.5234375
1299.9716353416443,1299.9716353416443,NoButton,Move,391.27734375,829.26171875
1299.9800083637238,1299.9800083637238,NoButton,Move,391.53515625,829.0
1299.9883551597595,1299.9883551597595,NoButton,Move,391.53515625,828.73828125
1300.004417181015,1300.004417181015,NoButton,Move,391.53515625,828.4921875
1300.0126621723175,1300.0126621723175,NoButton,Move,391.79296875,828.4921875
1300.0373921394348,1300.0373921394348,NoButton,Move,391.79296875,828.25
1300.0706102848053,1300.0706102848053,NoButton,Move,392.02734375,828.25
1300.2755110263824,1300.2755110263824,Left,Pressed,392.02734375,828.25
1300.4084310531616,1300.4084310531616,NoButton,Move,392.02734375,827.9140625
1300.4249930381775,1300.4249930381775,NoButton,Move,392.02734375,825.3515625
1300.4487972259521,1300.4487972259521,NoButton,Move,392.55078125,813.55078125
1300.4578952789307,1300.4578952789307,NoButton,Move,396.625,790.4453125
1300.4813649654388,1300.4813649654388,NoButton,Move,405.15625,761.703125
1300.4915630817413,1300.4915630817413,NoButton,Move,415.125,734.06640625
1300.5079190731049,1300.5079190731049,NoButton,Move,426.13671875,706.53515625
1300.5246682167053,1300.5246682167053,NoButton,Move,436.32421875,681.25390625
1300.5413980484009,1300.5413980484009,NoButton,Move,444.140625,663.37890625
1300.5581521987915,1300.5581521987915,NoButton,Move,451.671875,647.59765625
1300.5747470855713,1300.5747470855713,NoButton,Move,458.63671875,632.88671875
1300.5915241241455,1300.5915241241455,NoButton,Move,464.27734375,621.1640625
1300.6082050800323,1300.6082050800323,NoButton,Move,468.34765625,613.3125
1300.624926328659,1300.624926328659,NoButton,Move,471.1875,607.74609375
1300.64160323143,1300.64160323143,NoButton,Move,473.53515625,602.7578125
1300.658262014389,1300.658262014389,NoButton,Move,475.45703125,598.81640625
1300.6750311851501,1300.6750311851501,NoButton,Move,477.14453125,595.203125
1300.691682100296,1300.691682100296,NoButton,Move,478.62890625,591.921875
1300.7085161209106,1300.7085161209106,NoButton,Move,479.8203125,589.30859375
1300.7246613502502,1300.7246613502502,NoButton,Move,480.78515625,587.34765625
1300.7415101528168,1300.7415101528168,NoButton,Move,481.55078125,585.98046875
1300.7582230567932,1300.7582230567932,NoButton,Move,482.1015625,585.140625
1300.7747292518616,1300.7747292518616,NoButton,Move,482.4921875,584.75390625
1300.8248331546783,1300.8248331546783,NoButton,Move,482.72265625,584.52734375
1300.8746991157532,1300.8746991157532,NoButton,Move,482.9375,584.4140625
1300.8926713466644,1300.8926713466644,NoButton,Move,483.0546875,584.30078125
1300.9082553386688,1300.9082553386688,NoButton,Move,483.16015625,584.09765625
1300.9247443675995,1300.9247443675995,NoButton,Move,483.4296875,583.890625
1300.9416692256927,1300.9416692256927,NoButton,Move,483.72265625,583.65234375
1300.9583702087402,1300.9583702087402,NoButton,Move,483.98046875,583.3125
1300.9749910831451,1300.9749910831451,NoButton,Move,484.203125,583.109375
1300.9915082454681,1300.9915082454681,NoButton,Move,484.3203125,582.9765625
1301.0416822433472,1301.0416822433472,Left,Released,484.3203125,582.9765625
1301.1837902069092,1301.1837902069092,NoButton,Move,484.3203125,583.9140625
1301.1917650699615,1301.1917650699615,NoButton,Move,484.3203125,588.23828125
1301.1997339725494,1301.1997339725494,NoButton,Move,484.3203125,591.859375
1301.207994222641,1301.207994222641,NoButton,Move,484.3203125,596.18359375
1301.2162170410156,1301.2162170410156,NoButton,Move,484.3203125,599.8046875
1301.2245202064514,1301.2245202064514,NoButton,Move,484.3203125,603.42578125
1301.2326352596283,1301.2326352596283,NoButton,Move,483.8671875,607.046875
1301.240774154663,1301.240774154663,NoButton,Move,483.8671875,610.66796875
1301.2490632534027,1301.2490632534027,NoButton,Move,482.79296875,616.56640625
1301.2572751045227,1301.2572751045227,NoButton,Move,481.09765625,623.3359375
1301.2656271457672,1301.2656271457672,NoButton,Move,480.0234375,629.234375
1301.2738873958588,1301.2738873958588,NoButton,Move,478.578125,633.55859375
1301.281839132309,1301.281839132309,NoButton,Move,477.1328125,637.8828125
1301.290342092514,1301.290342092514,NoButton,Move,476.44921875,639.24609375
1301.2981970310211,1301.2981970310211,NoButton,Move,475.171875,642.21875
1301.3065552711487,1301.3065552711487,NoButton,Move,473.98046875,644.59765625
1301.314296245575,1301.314296245575,NoButton,Move,473.18359375,646.9765625
1301.3227660655975,1301.3227660655975,NoButton,Move,472.44140625,648.8203125
1301.3307723999023,1301.3307723999023,NoButton,Move,471.7578125,650.18359375
1301.3388352394104,1301.3388352394104,NoButton,Move,471.44140625,651.12109375
1301.3471381664276,1301.3471381664276,NoButton,Move,471.125,652.05859375
1301.3552072048187,1301.3552072048187,NoButton,Move,470.80859375,652.99609375
1301.3636810779572,1301.3636810779572,NoButton,Move,470.51953125,653.56640625
1301.3718693256378,1301.3718693256378,NoButton,Move,470.51953125,654.50390625
1301.380000114441,1301.380000114441,NoButton,Move,470.51953125,654.76171875
1301.3882203102112,1301.3882203102112,NoButton,Move,470.51953125,655.01953125
1301.3965742588043,1301.3965742588043,NoButton,Move,470.51953125,655.27734375
1301.404845237732,1301.404845237732,NoButton,Move,470.51953125,655.53515625
1301.4131321907043,1301.4131321907043,NoButton,Move,470.51953125,655.79296875
1301.44225025177,1301.44225025177,Left,Pressed,470.51953125,655.79296875
1301.4583690166473,1301.4583690166473,NoButton,Move,470.51953125,655.9140625
1301.541965007782,1301.541965007782,Left,Released,470.51953125,655.9140625
1308.2735962867737,1308.2735962867737,NoButton,Move,472.1328125,655.44921875
1308.2805292606354,1308.2805292606354,NoButton,Move,480.1953125,651.10546875
1308.2905111312866,1308.2905111312866,NoButton,Move,490.76171875,645.46875
1308.2966241836548,1308.2966241836548,NoButton,Move,504.453125,640.140625
1308.307124376297,1308.307124376297,NoButton,Move,518.65234375,633.0390625
1308.313065290451,1308.313065290451,NoButton,Move,532.76953125,625.1953125
1308.3236541748047,1308.3236541748047,NoButton,Move,549.109375,617.83984375
1308.3293161392212,1308.3293161392212,NoButton,Move,582.96484375,603.16796875
1308.3372161388397,1308.3372161388397,NoButton,Move,602.1796875,596.1796875
1308.3458030223846,1308.3458030223846,NoButton,Move,637.16015625,583.765625
1308.3533322811127,1308.3533322811127,NoButton,Move,672.140625,572.4765625
1308.3620252609253,1308.3620252609253,NoButton,Move,704.93359375,562.63671875
1308.3679361343384,1308.3679361343384,NoButton,Move,704.93359375,562.63671875
1308.4298951625824,1308.4298951625824,NoButton,Move,718.12109375,559.703125
1308.4299991130829,1308.4299991130829,NoButton,Move,743.03515625,552.9921875
1308.4300663471222,1308.4300663471222,NoButton,Move,766.28515625,548.33984375
1308.4300861358643,1308.4300861358643,NoButton,Move,773.984375,546.5625
1308.4301030635834,1308.4301030635834,NoButton,Move,779.06640625,545.54296875
1308.4301183223724,1308.4301183223724,NoButton,Move,788.7890625,543.59765625
1308.430133342743,1308.430133342743,NoButton,Move,795.55859375,541.90234375
1308.4301481246948,1308.4301481246948,NoButton,Move,802.328125,539.64453125
1311.3838171958923,1311.3838171958923,NoButton,Move,802.328125,539.875
1311.3918793201447,1311.3918793201447,NoButton,Move,802.328125,541.71875
1311.3996541500092,1311.3996541500092,NoButton,Move,804.02734375,544.265625
1311.415535211563,1311.415535211563,NoButton,Move,805.30078125,547.23828125
1311.4160511493683,1311.4160511493683,NoButton,Move,808.12109375,553.4453125
1311.4240431785583,1311.4240431785583,NoButton,Move,810.48828125,561.14453125
1311.432638168335,1311.432638168335,NoButton,Move,813.58984375,569.828125
1311.440523147583,1311.440523147583,NoButton,Move,815.53125,579.55078125
1311.449131011963,1311.449131011963,NoButton,Move,817.47265625,589.2734375
1311.4569821357727,1311.4569821357727,NoButton,Move,817.98046875,594.35546875
1311.4653360843658,1311.4653360843658,NoButton,Move,818.59765625,603.0390625
1311.473253250122,1311.473253250122,NoButton,Move,819.1875,610.73828125
1311.4815711975098,1311.4815711975098,NoButton,Move,819.1875,613.7109375
1311.4896771907806,1311.4896771907806,NoButton,Move,819.1875,618.79296875
1311.4977593421936,1311.4977593421936,NoButton,Move,819.1875,622.4140625
1311.5058522224426,1311.5058522224426,NoButton,Move,819.1875,626.03515625
1311.5141723155975,1311.5141723155975,NoButton,Move,819.1875,627.87890625
1311.5224161148071,1311.5224161148071,NoButton,Move,819.1875,629.72265625
1311.5307822227478,1311.5307822227478,NoButton,Move,818.87109375,630.66015625
1311.5390021800995,1311.5390021800995,NoButton,Move,818.87109375,631.23046875
1311.5469591617584,1311.5469591617584,NoButton,Move,818.609375,631.48828125
1311.5550291538239,1311.5550291538239,NoButton,Move,818.609375,631.74609375
1311.5632581710815,1311.5632581710815,NoButton,Move,818.34765625,632.00390625
1311.621017217636,1311.621017217636,NoButton,Move,818.109375,632.00390625
1311.6789240837097,1311.6789240837097,NoButton,Move,817.87109375,632.00390625
1311.7439410686493,1311.7439410686493,NoButton,Move,817.63671875,632.00390625
1311.8178963661194,1311.8178963661194,NoButton,Move,817.40234375,632.00390625
1311.8258843421936,1311.8258843421936,NoButton,Move,816.828125,632.00390625
1311.8341381549835,1311.8341381549835,NoButton,Move,814.98046875,632.37109375
1311.8420841693878,1311.8420841693878,NoButton,Move,811.35546875,634.1796875
1311.850025177002,1311.850025177002,NoButton,Move,804.24609375,637.140625
1311.8580152988434,1311.8580152988434,NoButton,Move,790.04296875,644.23828125
1311.8661012649536,1311.8661012649536,NoButton,Move,775.05078125,650.546875
1311.8740043640137,1311.8740043640137,NoButton,Move,755.83203125,657.53125
1311.8826820850372,1311.8826820850372,NoButton,Move,746.13671875,660.76171875
1311.8912632465363,1311.8912632465363,NoButton,Move,726.04296875,666.0
1311.8988490104675,1311.8988490104675,NoButton,Move,707.4453125,670.22265625
1311.9189162254333,1311.9189162254333,NoButton,Move,688.84765625,673.6015625
1311.9190211296082,1311.9190211296082,NoButton,Move,682.07421875,674.1640625
1311.9232370853424,1311.9232370853424,NoButton,Move,670.09375,674.8671875
1311.9314811229706,1311.9314811229706,NoButton,Move,660.3671875,675.51171875
1319.0580582618713,1319.0580582618713,NoButton,Move,660.59375,675.51171875
1319.0658602714539,1319.0658602714539,NoButton,Move,661.95703125,675.16796875
1319.078634262085,1319.078634262085,NoButton,Move,663.3203125,674.484375
1319.0823900699615,1319.0823900699615,NoButton,Move,666.484375,672.21875
1319.090250968933,1319.090250968933,NoButton,Move,669.03125,670.09375
1319.0987293720245,1319.0987293720245,NoButton,Move,672.39453125,667.20703125
1319.1075010299683,1319.1075010299683,NoButton,Move,676.4609375,664.15234375
1319.114990234375,1319.114990234375,NoButton,Move,679.17578125,661.43359375
1319.1232461929321,1319.1232461929321,NoButton,Move,682.5390625,658.06640625
1319.131364107132,1319.131364107132,NoButton,Move,684.015625,656.5859375
1319.1405761241913,1319.1405761241913,NoButton,Move,686.13671875,654.03515625
1319.1476452350616,1319.1476452350616,NoButton,Move,688.2578125,651.484375
1319.156259059906,1319.156259059906,NoButton,Move,689.95703125,648.93359375
1319.1639652252197,1319.1639652252197,NoButton,Move,691.65625,646.3828125
1319.1731734275818,1319.1731734275818,NoButton,Move,693.46484375,642.7578125
1319.18035030365,1319.18035030365,NoButton,Move,694.3125,639.78125
1319.1898810863495,1319.1898810863495,NoButton,Move,695.21484375,636.15625
1319.1967732906342,1319.1967732906342,NoButton,Move,695.6953125,631.828125
1319.2065510749817,1319.2065510749817,NoButton,Move,696.23046875,625.92578125
1319.2131531238556,1319.2131531238556,NoButton,Move,696.765625,620.0234375
1319.2155702114105,1319.2155702114105,NoButton,Move,696.765625,620.0234375
1319.2764253616333,1319.2764253616333,NoButton,Move,697.30078125,614.12109375
1319.2765181064606,1319.2765181064606,NoButton,Move,697.86328125,607.34765625
1319.2765922546387,1319.2765922546387,NoButton,Move,698.453125,599.64453125
1319.2766110897064,1319.2766110897064,NoButton,Move,698.453125,591.94140625
1319.2766273021698,1319.2766273021698,NoButton,Move,699.015625,585.16796875
1319.2766420841217,1319.2766420841217,NoButton,Move,699.015625,577.46484375
1319.2766571044922,1319.2766571044922,NoButton,Move,699.015625,571.5625
1319.2794170379639,1319.2794170379639,NoButton,Move,699.015625,564.7890625
1319.2864842414856,1319.2864842414856,NoButton,Move,699.015625,559.703125
1319.2947421073914,1319.2947421073914,NoButton,Move,699.015625,554.6171875
1319.3038923740387,1319.3038923740387,NoButton,Move,699.015625,549.53125
1319.3111400604248,1319.3111400604248,NoButton,Move,698.5625,545.90625
1319.3192472457886,1319.3192472457886,NoButton,Move,697.59765625,541.578125
1319.327436208725,1319.327436208725,NoButton,Move,696.74609375,538.6015625
1319.335646390915,1319.335646390915,NoButton,Move,695.38671875,534.9765625
1319.3438110351562,1319.3438110351562,NoButton,Move,695.04296875,533.609375
1319.352045059204,1319.352045059204,NoButton,Move,693.765625,530.6328125
1319.3602681159973,1319.3602681159973,NoButton,Move,692.96875,528.25
1319.3685071468353,1319.3685071468353,NoButton,Move,692.59765625,526.40234375
1319.3767580986023,1319.3767580986023,NoButton,Move,691.85546875,524.5546875
1319.3849711418152,1319.3849711418152,NoButton,Move,691.5390625,523.61328125
1319.3932201862335,1319.3932201862335,NoButton,Move,691.22265625,522.671875
1319.4012961387634,1319.4012961387634,NoButton,Move,690.93359375,522.09765625
1319.4094693660736,1319.4094693660736,NoButton,Move,690.359375,521.80859375
1319.417678117752,1319.417678117752,NoButton,Move,689.41796875,521.4921875
1319.4257531166077,1319.4257531166077,NoButton,Move,688.05078125,521.4921875
1319.4339950084686,1319.4339950084686,NoButton,Move,686.203125,521.4921875
1319.4423022270203,1319.4423022270203,NoButton,Move,683.8203125,521.4921875
1319.450560092926,1319.450560092926,NoButton,Move,680.84375,521.4921875
1319.4587330818176,1319.4587330818176,NoButton,Move,677.8671875,521.4921875
1319.467213153839,1319.467213153839,NoButton,Move,674.2421875,521.4921875
1319.4752492904663,1319.4752492904663,NoButton,Move,670.6171875,521.4921875
1319.4835591316223,1319.4835591316223,NoButton,Move,666.9921875,521.4921875
1319.4916920661926,1319.4916920661926,NoButton,Move,664.015625,521.4921875
1319.5001821517944,1319.5001821517944,NoButton,Move,660.390625,522.84765625
1319.5083782672882,1319.5083782672882,NoButton,Move,656.765625,524.203125
1319.516274213791,1319.516274213791,NoButton,Move,653.7890625,525.4765625
1319.5244312286377,1319.5244312286377,NoButton,Move,650.1640625,526.83203125
1319.532602071762,1319.532602071762,NoButton,Move,646.5390625,527.734375
1319.5409920215607,1319.5409920215607,NoButton,Move,643.5625,528.58203125
1319.5496301651,1319.5496301651,NoButton,Move,641.71484375,528.94921875
1319.557461977005,1319.557461977005,NoButton,Move,639.33203125,529.34375
1319.5658161640167,1319.5658161640167,NoButton,Move,636.94921875,529.73828125
1319.5736892223358,1319.5736892223358,NoButton,Move,635.58203125,530.078125
1319.5822613239288,1319.5822613239288,NoButton,Move,634.21484375,530.078125
1319.59042096138,1319.59042096138,NoButton,Move,633.640625,530.078125
1319.598356962204,1319.598356962204,NoButton,Move,633.06640625,530.36328125
1319.6476123332977,1319.6476123332977,NoButton,Move,634.3359375,530.36328125
1319.655328989029,1319.655328989029,NoButton,Move,636.71484375,530.36328125
1319.6632313728333,1319.6632313728333,NoButton,Move,639.09375,530.36328125
1319.6716983318329,1319.6716983318329,NoButton,Move,642.06640625,530.36328125
1319.6801331043243,1319.6801331043243,NoButton,Move,645.0390625,530.36328125
1319.688137292862,1319.688137292862,NoButton,Move,649.36328125,530.36328125
1319.69660115242,1319.69660115242,NoButton,Move,653.6875,530.36328125
1319.7048342227936,1319.7048342227936,NoButton,Move,658.76953125,530.36328125
1319.71324634552,1319.71324634552,NoButton,Move,663.8515625,530.36328125
1319.7216231822968,1319.7216231822968,NoButton,Move,668.93359375,529.34375
1319.7298212051392,1319.7298212051392,NoButton,Move,674.015625,528.83203125
1319.7377490997314,1319.7377490997314,NoButton,Move,675.859375,528.08984375
1319.7459812164307,1319.7459812164307,NoButton,Move,679.48046875,527.63671875
1319.7542130947113,1319.7542130947113,NoButton,Move,682.453125,526.78515625
1319.7625861167908,1319.7625861167908,NoButton,Move,685.42578125,526.359375
1319.7708222866058,1319.7708222866058,NoButton,Move,687.26953125,525.98828125
1319.7788920402527,1319.7788920402527,NoButton,Move,688.6328125,525.64453125
1319.7872731685638,1319.7872731685638,NoButton,Move,689.5703125,525.64453125
1319.795389175415,1319.795389175415,NoButton,Move,690.140625,525.35546875
1319.8032491207123,1319.8032491207123,NoButton,Move,690.3984375,525.35546875
1319.8113930225372,1319.8113930225372,NoButton,Move,690.65625,525.35546875
1319.819087266922,1319.819087266922,NoButton,Move,690.9140625,525.35546875
1319.827359199524,1319.827359199524,NoButton,Move,691.171875,525.35546875
1319.8521621227264,1319.8521621227264,NoButton,Move,691.41015625,525.35546875
1320.2088639736176,1320.2088639736176,Left,Pressed,691.41015625,525.35546875
1320.4085652828217,1320.4085652828217,NoButton,Move,691.1796875,525.35546875
1320.4251482486725,1320.4251482486725,NoButton,Move,687.7421875,525.35546875
1320.4521920681,1320.4521920681,NoButton,Move,679.37890625,527.12890625
1320.4581820964813,1320.4581820964813,NoButton,Move,666.53515625,532.28125
1320.4816632270813,1320.4816632270813,NoButton,Move,653.7578125,538.42578125
1320.4913082122803,1320.4913082122803,NoButton,Move,645.015625,543.15625
1320.50816822052,1320.50816822052,NoButton,Move,638.01953125,546.95703125
1320.5248022079468,1320.5248022079468,NoButton,Move,633.3046875,549.8203125
1320.5413801670074,1320.5413801670074,NoButton,Move,631.4140625,551.25
1320.558100938797,1320.558100938797,NoButton,Move,630.9609375,551.76171875
1320.6749770641327,1320.6749770641327,NoButton,Move,631.07421875,551.9765625
1320.6918091773987,1320.6918091773987,NoButton,Move,631.27734375,552.08984375
1320.708476305008,1320.708476305008,NoButton,Move,631.6015625,552.09375
1320.7249131202698,1320.7249131202698,NoButton,Move,632.0234375,552.09375
1320.7415311336517,1320.7415311336517,NoButton,Move,632.75,552.22265625
1320.758189201355,1320.758189201355,NoButton,Move,633.99609375,552.4921875
1320.775081396103,1320.775081396103,NoButton,Move,635.9375,552.8046875
1320.791740179062,1320.791740179062,NoButton,Move,638.4296875,553.26953125
1320.8082160949707,1320.8082160949707,NoButton,Move,640.9296875,553.73828125
1320.8248641490936,1320.8248641490936,NoButton,Move,643.2890625,554.08984375
1320.8414461612701,1320.8414461612701,NoButton,Move,645.31640625,554.30078125
1320.85848903656,1320.85848903656,NoButton,Move,646.92578125,554.45703125
1320.8751542568207,1320.8751542568207,NoButton,Move,648.125,554.59765625
1320.891960144043,1320.891960144043,NoButton,Move,648.8203125,554.61328125
1320.9224450588226,1320.9224450588226,NoButton,Move,649.27734375,554.61328125
1321.442024230957,1321.442024230957,NoButton,Move,649.64453125,554.61328125
1321.475182056427,1321.475182056427,NoButton,Move,649.90625,554.61328125
1321.7419292926788,1321.7419292926788,NoButton,Move,650.13671875,554.61328125
1321.758364200592,1321.758364200592,NoButton,Move,650.33203125,554.61328125
1321.775330066681,1321.775330066681,NoButton,Move,650.5,554.61328125
1321.7921342849731,1321.7921342849731,NoButton,Move,650.72265625,554.61328125
1321.8088252544403,1321.8088252544403,NoButton,Move,650.94921875,554.61328125
1323.5751762390137,1323.5751762390137,Left,Released,650.94921875,554.61328125
1324.658652305603,1324.658652305603,Left,Pressed,650.94921875,554.61328125
1324.74214220047,1324.74214220047,Left,Released,650.94921875,554.61328125
1324.8712792396545,1324.8712792396545,NoButton,Move,650.94921875,554.3828125
1324.8793630599976,1324.8793630599976,NoButton,Move,651.26171875,553.44140625
1324.8896532058716,1324.8896532058716,NoButton,Move,652.28515625,552.4140625
1324.8982713222504,1324.8982713222504,NoButton,Move,654.26953125,550.82421875
1324.903814315796,1324.903814315796,NoButton,Move,655.85546875,548.8359375
1324.9113841056824,1324.9113841056824,NoButton,Move,658.828125,547.55859375
1324.9196820259094,1324.9196820259094,NoButton,Move,664.19140625,544.33984375
1324.9278950691223,1324.9278950691223,NoButton,Move,667.359375,542.52734375
1324.9363560676575,1324.9363560676575,NoButton,Move,673.56640625,539.703125
1324.944321155548,1324.944321155548,NoButton,Move,678.9296875,536.484375
1324.9528431892395,1324.9528431892395,NoButton,Move,684.01171875,534.44921875
1324.9611592292786,1324.9611592292786,NoButton,Move,687.6328125,532.63671875
1324.969098329544,1324.969098329544,NoButton,Move,689.4765625,531.52734375
1324.9772553443909,1324.9772553443909,NoButton,Move,692.44921875,530.25
1324.9854471683502,1324.9854471683502,NoButton,Move,694.828125,529.453125
1324.9938991069794,1324.9938991069794,NoButton,Move,696.19140625,528.76953125
1325.0019733905792,1325.0019733905792,NoButton,Move,696.76171875,528.48046875
1325.009949207306,1325.009949207306,NoButton,Move,697.33203125,527.90625
1325.0184361934662,1325.0184361934662,NoButton,Move,697.90234375,527.90625
1325.0262620449066,1325.0262620449066,NoButton,Move,698.1875,527.33203125
1325.0512351989746,1325.0512351989746,NoButton,Move,698.1875,526.83203125
1325.1006352901459,1325.1006352901459,NoButton,Move,698.1875,526.59375
1325.1086072921753,1325.1086072921753,NoButton,Move,697.92578125,526.33203125
1325.1168541908264,1325.1168541908264,NoButton,Move,697.3515625,525.7578125
1325.124848127365,1325.124848127365,NoButton,Move,696.41015625,525.44140625
1325.1329650878906,1325.1329650878906,NoButton,Move,695.8359375,525.15234375
1325.1414630413055,1325.1414630413055,NoButton,Move,695.26171875,524.578125
1325.1493752002716,1325.1493752002716,NoButton,Move,694.6875,524.2890625
1325.1576771736145,1325.1576771736145,NoButton,Move,694.11328125,524.0
1325.165756225586,1325.165756225586,NoButton,Move,693.82421875,523.42578125
1325.1738741397858,1325.1738741397858,NoButton,Move,693.25,523.42578125
1325.1819922924042,1325.1819922924042,NoButton,Move,693.25,523.1640625
1325.1902782917023,1325.1902782917023,NoButton,Move,692.98828125,522.90234375
1325.1985023021698,1325.1985023021698,NoButton,Move,692.7265625,522.90234375
1325.206689119339,1325.206689119339,NoButton,Move,692.46484375,522.640625
1325.2477753162384,1325.2477753162384,NoButton,Move,692.2265625,522.640625
1325.272676229477,1325.272676229477,NoButton,Move,692.2265625,522.3984375
1325.2969462871552,1325.2969462871552,NoButton,Move,691.984375,522.3984375
1325.3871901035309,1325.3871901035309,NoButton,Move,691.75,522.3984375
1325.4086782932281,1325.4086782932281,Left,Pressed,691.75,522.3984375
1325.4249572753906,1325.4249572753906,NoButton,Move,691.75,522.2734375
1325.5419430732727,1325.5419430732727,NoButton,Move,691.75,522.25390625
1325.558610200882,1325.558610200882,NoButton,Move,690.8515625,522.90234375
1325.575029373169,1325.575029373169,NoButton,Move,686.36328125,525.8515625
1325.5917172431946,1325.5917172431946,NoButton,Move,677.54296875,531.84765625
1325.6095061302185,1325.6095061302185,NoButton,Move,664.73046875,540.47265625
1325.6248352527618,1325.6248352527618,NoButton,Move,648.5625,550.80859375
1325.6414241790771,1325.6414241790771,NoButton,Move,634.97265625,559.23046875
1325.6581802368164,1325.6581802368164,NoButton,Move,623.296875,565.8125
1325.67480802536,1325.67480802536,NoButton,Move,613.5234375,570.5625
1325.6914591789246,1325.6914591789246,NoButton,Move,607.13671875,572.6484375
1325.708130121231,1325.708130121231,NoButton,Move,601.76171875,573.859375
1325.7247881889343,1325.7247881889343,NoButton,Move,597.78515625,574.41015625
1325.7414042949677,1325.7414042949677,NoButton,Move,594.5703125,574.54296875
1325.758142232895,1325.758142232895,NoButton,Move,592.13671875,574.54296875
1325.7747781276703,1325.7747781276703,NoButton,Move,590.33203125,574.54296875
1325.7914571762085,1325.7914571762085,NoButton,Move,589.2109375,574.54296875
1325.8083281517029,1325.8083281517029,NoButton,Move,588.359375,574.54296875
1325.8251252174377,1325.8251252174377,NoButton,Move,587.359375,574.54296875
1325.8414981365204,1325.8414981365204,NoButton,Move,585.9140625,574.3828125
1325.858106136322,1325.858106136322,NoButton,Move,583.609375,574.1171875
1325.8747971057892,1325.8747971057892,NoButton,Move,580.671875,573.82421875
1325.8918299674988,1325.8918299674988,NoButton,Move,577.55078125,573.57421875
1325.9213433265686,1325.9213433265686,NoButton,Move,574.68359375,573.5078125
1325.9249291419983,1325.9249291419983,NoButton,Move,572.4765625,573.5078125
1325.9415352344513,1325.9415352344513,NoButton,Move,570.87890625,573.36328125
1325.9581670761108,1325.9581670761108,NoButton,Move,569.81640625,573.21875
1325.974713087082,1325.974713087082,NoButton,Move,569.15234375,573.21875
1326.008198261261,1326.008198261261,NoButton,Move,568.73046875,573.21875
1326.0248472690582,1326.0248472690582,NoButton,Move,568.41796875,573.21875
1326.041412115097,1326.041412115097,NoButton,Move,568.09765625,573.21875
1326.0585162639618,1326.0585162639618,NoButton,Move,567.70703125,573.21875
1326.0914721488953,1326.0914721488953,NoButton,Move,567.265625,573.21875
1326.6421570777893,1326.6421570777893,Left,Released,567.265625,573.21875
1327.5732033252716,1327.5732033252716,NoButton,Move,567.95703125,573.44921875
1327.5805361270905,1327.5805361270905,NoButton,Move,569.43359375,574.92578125
1327.5895512104034,1327.5895512104034,NoButton,Move,570.91015625,576.40234375
1327.5967853069305,1327.5967853069305,NoButton,Move,572.38671875,577.5078125
1327.606282234192,1327.606282234192,NoButton,Move,573.4921875,579.3515625
1327.6132264137268,1327.6132264137268,NoButton,Move,576.20703125,582.06640625
1327.6228561401367,1327.6228561401367,NoButton,Move,578.46875,585.234375
1327.6295201778412,1327.6295201778412,NoButton,Move,580.73046875,588.40234375
1327.6334121227264,1327.6334121227264,NoButton,Move,580.73046875,588.40234375
1327.6947183609009,1327.6947183609009,NoButton,Move,583.1328125,592.24609375
1327.694755077362,1327.694755077362,NoButton,Move,583.8125,593.609375
1327.6948051452637,1327.6948051452637,NoButton,Move,585.0859375,596.58203125
1327.6948690414429,1327.6948690414429,NoButton,Move,586.2734375,598.9609375
1327.6948909759521,1327.6948909759521,NoButton,Move,586.66796875,601.33984375
1327.6949071884155,1327.6949071884155,NoButton,Move,587.0625,603.71875
1327.6949231624603,1327.6949231624603,NoButton,Move,587.4296875,605.5625
1327.695020198822,1327.695020198822,NoButton,Move,587.4296875,606.92578125
1327.7029139995575,1327.7029139995575,NoButton,Move,587.4296875,608.2890625
1327.7112612724304,1327.7112612724304,NoButton,Move,587.140625,608.859375
1327.7195150852203,1327.7195150852203,NoButton,Move,586.19921875,609.484375
1327.7300510406494,1327.7300510406494,NoButton,Move,585.2578125,610.109375
1327.7355992794037,1327.7355992794037,NoButton,Move,584.31640625,610.421875
1327.7450873851776,1327.7450873851776,NoButton,Move,583.375,610.734375
1327.7520020008087,1327.7520020008087,NoButton,Move,582.0078125,610.734375
1327.7822923660278,1327.7822923660278,NoButton,Move,581.43359375,610.734375
1327.782633304596,1327.782633304596,NoButton,Move,580.4921875,610.734375
1327.782683134079,1327.782683134079,NoButton,Move,579.55078125,610.734375
1327.7849252223969,1327.7849252223969,NoButton,Move,578.609375,610.734375
1327.8068222999573,1327.8068222999573,NoButton,Move,577.66796875,610.734375
1327.8068752288818,1327.8068752288818,NoButton,Move,576.7265625,610.734375
1327.809334039688,1327.809334039688,NoButton,Move,575.359375,610.390625
1327.8175773620605,1327.8175773620605,NoButton,Move,574.41796875,609.76171875
1327.8255453109741,1327.8255453109741,NoButton,Move,573.05078125,609.078125
1327.8338663578033,1327.8338663578033,NoButton,Move,572.109375,608.76171875
1327.84214925766,1327.84214925766,NoButton,Move,571.53515625,608.1875
1327.8503041267395,1327.8503041267395,NoButton,Move,570.59375,607.87109375
1327.858490228653,1327.858490228653,NoButton,Move,570.33203125,607.87109375
1327.8666591644287,1327.8666591644287,NoButton,Move,569.7578125,607.58203125
1327.8748152256012,1327.8748152256012,NoButton,Move,569.49609375,607.3203125
1327.8914160728455,1327.8914160728455,NoButton,Move,569.25,607.07421875
1327.8994460105896,1327.8994460105896,NoButton,Move,568.98828125,606.8125
1327.9159862995148,1327.9159862995148,NoButton,Move,568.7421875,606.56640625
1327.924221277237,1327.924221277237,NoButton,Move,568.7421875,606.3046875
1327.9321970939636,1327.9321970939636,NoButton,Move,568.7421875,606.04296875
1327.9403841495514,1327.9403841495514,NoButton,Move,568.48046875,606.04296875
1327.956740140915,1327.956740140915,NoButton,Move,568.48046875,605.796875
1327.97491812706,1327.97491812706,Left,Pressed,568.48046875,605.796875
1328.1252143383026,1328.1252143383026,NoButton,Move,567.47265625,605.796875
1328.1415972709656,1328.1415972709656,NoButton,Move,562.03515625,605.796875
1328.158476114273,1328.158476114273,NoButton,Move,552.171875,605.796875
1328.1748542785645,1328.1748542785645,NoButton,Move,541.71484375,605.796875
1328.1992452144623,1328.1992452144623,NoButton,Move,529.8515625,605.796875
1328.208190202713,1328.208190202713,NoButton,Move,516.8046875,605.796875
1328.2249610424042,1328.2249610424042,NoButton,Move,504.57421875,605.796875
1328.2415690422058,1328.2415690422058,NoButton,Move,495.73046875,605.796875
1328.2583050727844,1328.2583050727844,NoButton,Move,489.96484375,605.796875
1328.27512216568,1328.27512216568,NoButton,Move,484.9921875,605.796875
1328.2916910648346,1328.2916910648346,NoButton,Move,481.28515625,605.796875
1328.3083419799805,1328.3083419799805,NoButton,Move,477.76953125,605.796875
1328.3252091407776,1328.3252091407776,NoButton,Move,474.046875,606.14453125
1328.3418962955475,1328.3418962955475,NoButton,Move,470.74609375,606.83984375
1328.3584291934967,1328.3584291934967,NoButton,Move,467.91015625,607.3828125
1328.377123117447,1328.377123117447,NoButton,Move,465.53125,607.734375
1328.391389131546,1328.391389131546,NoButton,Move,463.79296875,608.05078125
1328.4083971977234,1328.4083971977234,NoButton,Move,462.0546875,608.37109375
1328.4249141216278,1328.4249141216278,NoButton,Move,460.14453125,608.84765625
1328.4429731369019,1328.4429731369019,NoButton,Move,458.22265625,609.328125
1328.4585483074188,1328.4585483074188,NoButton,Move,456.3125,609.78125
1328.4750571250916,1328.4750571250916,NoButton,Move,454.62109375,610.21484375
1328.4916689395905,1328.4916689395905,NoButton,Move,453.48828125,610.484375
1328.5081751346588,1328.5081751346588,NoButton,Move,452.87109375,610.61328125
1328.6586301326752,1328.6586301326752,NoButton,Move,452.75390625,610.61328125
1328.675047159195,1328.675047159195,NoButton,Move,452.99609375,610.61328125
1328.6930890083313,1328.6930890083313,NoButton,Move,453.23046875,610.61328125
1328.7196261882782,1328.7196261882782,NoButton,Move,453.390625,610.61328125
1328.7581951618195,1328.7581951618195,NoButton,Move,453.6328125,610.61328125
1328.7747991085052,1328.7747991085052,NoButton,Move,453.8671875,610.61328125
1328.8081521987915,1328.8081521987915,NoButton,Move,454.109375,610.61328125
1328.8248512744904,1328.8248512744904,NoButton,Move,454.5625,610.61328125
1328.8415331840515,1328.8415331840515,NoButton,Move,455.08203125,610.61328125
1328.8582620620728,1328.8582620620728,NoButton,Move,455.76171875,610.61328125
1328.875028371811,1328.875028371811,NoButton,Move,456.59765625,610.46875
1328.8917682170868,1328.8917682170868,NoButton,Move,457.296875,610.32421875
1328.908447265625,1328.908447265625,NoButton,Move,457.9765625,610.32421875
1328.9249992370605,1328.9249992370605,NoButton,Move,458.4765625,610.32421875
1329.1918950080872,1329.1918950080872,NoButton,Move,458.59375,610.32421875
1329.2194962501526,1329.2194962501526,NoButton,Move,458.49609375,610.32421875
1329.2250773906708,1329.2250773906708,NoButton,Move,458.1953125,610.32421875
1329.241739988327,1329.241739988327,NoButton,Move,457.82421875,610.32421875
1329.2586500644684,1329.2586500644684,NoButton,Move,457.375,610.32421875
1329.275139093399,1329.275139093399,NoButton,Move,456.90625,610.32421875
1329.3414342403412,1329.3414342403412,NoButton,Move,456.5234375,610.32421875
1329.6252582073212,1329.6252582073212,Left,Released,456.5234375,610.32421875
1329.9020783901215,1329.9020783901215,NoButton,Move,458.15625,610.32421875
1329.9022052288055,1329.9022052288055,NoButton,Move,461.77734375,610.32421875
1329.9023060798645,1329.9023060798645,NoButton,Move,465.3984375,610.32421875
1329.9050612449646,1329.9050612449646,NoButton,Move,468.37109375,610.32421875
1329.9132981300354,1329.9132981300354,NoButton,Move,471.9921875,610.32421875
1329.9214961528778,1329.9214961528778,NoButton,Move,476.31640625,610.32421875
1329.9298112392426,1329.9298112392426,NoButton,Move,485.0,610.32421875
1329.93931722641,1329.93931722641,NoButton,Move,494.72265625,610.32421875
1329.946093082428,1329.946093082428,NoButton,Move,505.54296875,610.32421875
1329.9542140960693,1329.9542140960693,NoButton,Move,517.51953125,611.02734375
1329.9624960422516,1329.9624960422516,NoButton,Move,531.97265625,611.78515625
1329.9707481861115,1329.9707481861115,NoButton,Move,547.75,612.5703125
1329.9790751934052,1329.9790751934052,NoButton,Move,563.52734375,614.14453125
1329.9872851371765,1329.9872851371765,NoButton,Move,582.12109375,615.83203125
1329.995385169983,1329.995385169983,NoButton,Move,600.71484375,617.51953125
1330.003514289856,1330.003514289856,NoButton,Move,632.86328125,619.66015625
1330.0118741989136,1330.0118741989136,NoButton,Move,652.9140625,621.40234375
1330.0199522972107,1330.0199522972107,NoButton,Move,662.63671875,622.6953125
1330.0285413265228,1330.0285413265228,NoButton,Move,681.203125,624.3828125
1330.0366461277008,1330.0366461277008,NoButton,Move,699.796875,626.91796875
1330.0448770523071,1330.0448770523071,NoButton,Move,716.953125,629.3671875
1330.053109407425,1330.053109407425,NoButton,Move,723.72265625,630.4921875
1330.061273097992,1330.061273097992,NoButton,Move,735.69921875,632.60546875
1330.0695312023163,1330.0695312023163,NoButton,Move,740.0234375,633.0859375
1330.0780363082886,1330.0780363082886,NoButton,Move,746.79296875,634.77734375
1330.3893151283264,1330.3893151283264,NoButton,Move,748.92578125,635.01171875
1330.3973503112793,1330.3973503112793,NoButton,Move,755.1328125,637.83203125
1330.4054939746857,1330.4054939746857,NoButton,Move,763.1953125,642.171875
1330.4137241840363,1330.4137241840363,NoButton,Move,773.33984375,646.23046875
1330.4218711853027,1330.4218711853027,NoButton,Move,783.0625,649.46875
1330.4300820827484,1330.4300820827484,NoButton,Move,793.8828125,652.84765625
1330.438229084015,1330.438229084015,NoButton,Move,798.96484375,653.86328125
1330.4464859962463,1330.4464859962463,NoButton,Move,807.6484375,656.34375
1330.454626083374,1330.454626083374,NoButton,Move,815.34765625,657.52734375
1330.462933063507,1330.462933063507,NoButton,Move,817.19140625,657.89453125
1330.470946073532,1330.470946073532,NoButton,Move,825.875,657.89453125
1330.4791810512543,1330.4791810512543,NoButton,Move,828.84765625,657.89453125
1332.419230222702,1332.419230222702,NoButton,Move,829.76953125,657.89453125
1332.4273262023926,1332.4273262023926,NoButton,Move,831.61328125,657.89453125
1332.4352111816406,1332.4352111816406,NoButton,Move,833.45703125,658.26171875
1332.4435782432556,1332.4435782432556,NoButton,Move,837.078125,659.1640625
1332.4517192840576,1332.4517192840576,NoButton,Move,841.40234375,660.125
1332.4600591659546,1332.4600591659546,NoButton,Move,845.015625,661.02734375
1332.4682123661041,1332.4682123661041,NoButton,Move,849.33984375,662.46875
1332.476615190506,1332.476615190506,NoButton,Move,853.6640625,663.4296875
1332.4849903583527,1332.4849903583527,NoButton,Move,857.28515625,663.87890625
1332.4929041862488,1332.4929041862488,NoButton,Move,859.12890625,664.24609375
1332.50088596344,1332.50088596344,NoButton,Move,862.1015625,665.09375
1332.5091812610626,1332.5091812610626,NoButton,Move,865.07421875,665.515625
1332.5171501636505,1332.5171501636505,NoButton,Move,867.453125,665.91015625
1332.5256650447845,1332.5256650447845,NoButton,Move,869.83203125,666.3046875
1332.533533334732,1332.533533334732,NoButton,Move,871.1953125,666.64453125
1332.542171239853,1332.542171239853,NoButton,Move,872.55859375,666.984375
1332.5498843193054,1332.5498843193054,NoButton,Move,873.49609375,666.984375
1332.5583972930908,1332.5583972930908,NoButton,Move,874.43359375,666.984375
1332.5665163993835,1332.5665163993835,NoButton,Move,875.00390625,666.984375
1332.5747420787811,1332.5747420787811,NoButton,Move,875.26171875,666.984375
1332.5830731391907,1332.5830731391907,NoButton,Move,875.51953125,667.2421875
1332.5912771224976,1332.5912771224976,NoButton,Move,875.77734375,667.2421875
1332.5991852283478,1332.5991852283478,NoButton,Move,876.03515625,667.2421875
1332.6488451957703,1332.6488451957703,NoButton,Move,876.26953125,667.2421875
1332.6612930297852,1332.6612930297852,NoButton,Move,876.26953125,667.2421875
1333.1074481010437,1333.1074481010437,NoButton,Move,876.26953125,667.0078125
1333.1154973506927,1333.1154973506927,NoButton,Move,876.26953125,666.74609375
1333.1238751411438,1333.1238751411438,NoButton,Move,876.26953125,666.171875
1333.1320202350616,1333.1320202350616,NoButton,Move,876.26953125,665.59765625
1333.1395041942596,1333.1395041942596,NoButton,Move,876.26953125,664.65625
1333.1479032039642,1333.1479032039642,NoButton,Move,876.26953125,663.71484375
1333.1560382843018,1333.1560382843018,NoButton,Move,876.26953125,662.7734375
1333.1646320819855,1333.1646320819855,NoButton,Move,876.26953125,661.40625
1333.1725072860718,1333.1725072860718,NoButton,Move,875.8984375,659.55859375
1333.1811981201172,1333.1811981201172,NoButton,Move,875.5546875,658.19140625
1333.1892201900482,1333.1892201900482,NoButton,Move,875.5546875,656.34375
1333.1975111961365,1333.1975111961365,NoButton,Move,875.2109375,654.9765625
1333.2050223350525,1333.2050223350525,NoButton,Move,874.89453125,654.03515625
1333.2132952213287,1333.2132952213287,NoButton,Move,874.89453125,652.66796875
1333.2213990688324,1333.2213990688324,NoButton,Move,874.89453125,652.09375
1333.2299320697784,1333.2299320697784,NoButton,Move,874.89453125,651.51953125
1333.2383122444153,1333.2383122444153,NoButton,Move,874.6328125,651.2578125
1333.2465410232544,1333.2465410232544,NoButton,Move,874.6328125,650.99609375
1333.2789480686188,1333.2789480686188,NoButton,Move,874.39453125,650.99609375
1337.3040661811829,1337.3040661811829,NoButton,Move,875.546875,650.99609375
1337.3041942119598,1337.3041942119598,NoButton,Move,877.390625,650.99609375
1337.3042953014374,1337.3042953014374,NoButton,Move,880.36328125,650.5703125
1337.304392337799,1337.304392337799,NoButton,Move,883.3359375,650.14453125
1337.3044862747192,1337.3044862747192,NoButton,Move,886.30859375,649.29296875
1337.3045790195465,1337.3045790195465,NoButton,Move,896.03125,647.34765625
1337.3046703338623,1337.3046703338623,NoButton,Move,903.73046875,645.5703125
1337.3064892292023,1337.3064892292023,NoButton,Move,912.4140625,644.328125
1337.3144471645355,1337.3144471645355,NoButton,Move,922.13671875,642.3828125
1337.3227021694183,1337.3227021694183,NoButton,Move,932.95703125,640.3515625
1337.3309211730957,1337.3309211730957,NoButton,Move,943.77734375,638.3203125
1337.3390493392944,1337.3390493392944,NoButton,Move,955.75390625,636.203125
1337.3470962047577,1337.3470962047577,NoButton,Move,961.65234375,635.12890625
1337.355532169342,1337.355532169342,NoButton,Move,971.33984375,633.8359375
1337.363498210907,1337.363498210907,NoButton,Move,981.0625,632.5390625
1337.3719441890717,1337.3719441890717,NoButton,Move,989.671875,631.921875
1337.37992811203,1337.37992811203,NoButton,Move,997.37109375,630.734375
1337.3882491588593,1337.3882491588593,NoButton,Move,1003.26953125,630.1953125
1337.3964202404022,1337.3964202404022,NoButton,Move,1005.11328125,630.1953125
1337.4045741558075,1337.4045741558075,NoButton,Move,1008.734375,629.7421875
1337.41277217865,1337.41277217865,NoButton,Move,1011.70703125,629.7421875
1337.420927286148,1337.420927286148,NoButton,Move,1013.55078125,629.37109375
1337.4291892051697,1337.4291892051697,NoButton,Move,1014.48828125,629.37109375
1337.4374151229858,1337.4374151229858,NoButton,Move,1015.42578125,629.37109375
1337.4455773830414,1337.4455773830414,NoButton,Move,1015.99609375,629.37109375
1337.4537510871887,1337.4537510871887,NoButton,Move,1016.25390625,629.37109375
1337.4620411396027,1337.4620411396027,NoButton,Move,1016.51171875,629.37109375
1337.4702870845795,1337.4702870845795,NoButton,Move,1016.76953125,629.37109375
1343.0801241397858,1343.0801241397858,NoButton,Move,1016.76953125,628.90625
1343.0880210399628,1343.0880210399628,NoButton,Move,1016.76953125,626.5234375
1343.0950901508331,1343.0950901508331,NoButton,Move,1016.76953125,624.140625
1343.1032302379608,1343.1032302379608,NoButton,Move,1016.76953125,619.0546875
1343.1113781929016,1343.1113781929016,NoButton,Move,1016.76953125,611.3515625
1343.119550228119,1343.119550228119,NoButton,Move,1016.17578125,603.6484375
1343.127696275711,1343.127696275711,NoButton,Move,1013.58203125,593.921875
1343.1358902454376,1343.1358902454376,NoButton,Move,1008.6484375,582.6484375
1343.1442222595215,1343.1442222595215,NoButton,Move,998.41796875,561.2578125
1343.1525592803955,1343.1525592803955,NoButton,Move,987.05859375,544.66015625
1343.1606571674347,1343.1606571674347,NoButton,Move,973.08203125,529.80859375
1343.1690990924835,1343.1690990924835,NoButton,Move,954.87109375,512.55859375
1343.177214384079,1343.177214384079,NoButton,Move,934.1484375,495.78515625
1343.1853942871094,1343.1853942871094,NoButton,Move,910.80078125,479.54296875
1343.193618297577,1343.193618297577,NoButton,Move,886.44140625,463.30078125
1343.2019062042236,1343.2019062042236,NoButton,Move,862.76171875,450.47265625
1343.2099921703339,1343.2099921703339,NoButton,Move,838.09375,439.6171875
1343.2182111740112,1343.2182111740112,NoButton,Move,826.8203125,435.38671875
1343.2262561321259,1343.2262561321259,NoButton,Move,804.49609375,427.015625
1343.2343883514404,1343.2343883514404,NoButton,Move,785.8984375,421.94140625
1343.2430860996246,1343.2430860996246,NoButton,Move,770.1171875,417.20703125
1343.2509081363678,1343.2509081363678,NoButton,Move,763.34375,416.078125
1343.259105205536,1343.259105205536,NoButton,Move,751.36328125,413.9609375
1343.2672822475433,1343.2672822475433,NoButton,Move,740.5390625,412.60546875
1343.2755861282349,1343.2755861282349,NoButton,Move,732.8359375,412.01171875
1343.2837014198303,1343.2837014198303,NoButton,Move,726.0625,412.01171875
1343.2919261455536,1343.2919261455536,NoButton,Move,720.9765625,412.01171875
1343.4805371761322,1343.4805371761322,NoButton,Move,720.9765625,411.54296875
1343.4883570671082,1343.4883570671082,NoButton,Move,720.9765625,409.6953125
1343.4975023269653,1343.4975023269653,NoButton,Move,720.9765625,407.3125
1343.5044903755188,1343.5044903755188,NoButton,Move,720.9765625,404.3359375
1343.512953042984,1343.512953042984,NoButton,Move,720.55078125,401.359375
1343.5210881233215,1343.5210881233215,NoButton,Move,719.64453125,397.734375
1343.5294163227081,1343.5294163227081,NoButton,Move,718.1171875,392.6484375
1343.5374011993408,1343.5374011993408,NoButton,Move,716.421875,385.875
1343.5457820892334,1343.5457820892334,NoButton,Move,714.2734375,379.97265625
1343.553991317749,1343.553991317749,NoButton,Move,711.44921875,373.76171875
1343.5621252059937,1343.5621252059937,NoButton,Move,708.0625,367.55078125
1343.5704522132874,1343.5704522132874,NoButton,Move,705.0078125,362.97265625
1343.5787372589111,1343.5787372589111,NoButton,Move,703.8984375,361.125
1343.5874211788177,1343.5874211788177,NoButton,Move,701.01171875,357.7578125
1343.59472322464,1343.59472322464,NoButton,Move,698.88671875,355.20703125
1343.6026780605316,1343.6026780605316,NoButton,Move,696.8984375,353.6171875
1343.6109223365784,1343.6109223365784,NoButton,Move,695.41796875,352.13671875
1343.6191720962524,1343.6191720962524,NoButton,Move,693.5703125,351.39453125
1343.627262353897,1343.627262353897,NoButton,Move,692.62890625,351.078125
1343.6354961395264,1343.6354961395264,NoButton,Move,691.26171875,350.734375
1343.643704175949,1343.643704175949,NoButton,Move,690.6875,350.4453125
1343.652178287506,1343.652178287506,NoButton,Move,689.74609375,350.4453125
1343.6601390838623,1343.6601390838623,NoButton,Move,689.171875,350.4453125
1343.6687653064728,1343.6687653064728,NoButton,Move,688.59765625,350.4453125
1343.6769280433655,1343.6769280433655,NoButton,Move,688.0234375,350.4453125
1343.6850471496582,1343.6850471496582,NoButton,Move,687.76171875,350.4453125
1343.6932799816132,1343.6932799816132,NoButton,Move,687.5,350.4453125
1343.7015311717987,1343.7015311717987,NoButton,Move,687.23828125,350.4453125
1343.7178721427917,1343.7178721427917,NoButton,Move,686.9921875,350.4453125
1343.8161931037903,1343.8161931037903,NoButton,Move,687.703125,350.4453125
1343.8241221904755,1343.8241221904755,NoButton,Move,689.546875,350.4453125
1343.832373380661,1343.832373380661,NoButton,Move,692.51953125,351.29296875
1343.8405439853668,1343.8405439853668,NoButton,Move,698.41796875,352.8984375
1343.8483831882477,1343.8483831882477,NoButton,Move,705.1875,354.58984375
1343.856947183609,1343.856947183609,NoButton,Move,712.88671875,356.36328125
1343.8647491931915,1343.8647491931915,NoButton,Move,723.70703125,358.390625
1343.873161315918,1343.873161315918,NoButton,Move,734.51171875,360.4140625
1343.8812971115112,1343.8812971115112,NoButton,Move,747.69921875,362.609375
1343.8900532722473,1343.8900532722473,NoButton,Move,760.88671875,364.07421875
1343.8995072841644,1343.8995072841644,NoButton,Move,775.33984375,365.59375
1343.9221863746643,1343.9221863746643,NoButton,Move,788.52734375,366.32421875
1343.9222540855408,1343.9222540855408,NoButton,Move,794.42578125,366.859375
1343.922303199768,1343.922303199768,NoButton,Move,805.24609375,366.859375
1343.9308731555939,1343.9308731555939,NoButton,Move,813.9296875,366.859375
1343.9386382102966,1343.9386382102966,NoButton,Move,816.30859375,366.859375
1343.9469242095947,1343.9469242095947,NoButton,Move,821.390625,366.859375
1343.9550242424011,1343.9550242424011,NoButton,Move,825.01171875,366.859375
1344.201024055481,1344.201024055481,NoButton,Move,826.42578125,366.859375
1344.209106206894,1344.209106206894,NoButton,Move,828.8046875,366.859375
1344.2173261642456,1344.2173261642456,NoButton,Move,831.18359375,366.859375
1344.2253212928772,1344.2253212928772,NoButton,Move,834.15625,366.859375
1344.2332479953766,1344.2332479953766,NoButton,Move,837.12890625,366.859375
1344.2415471076965,1344.2415471076965,NoButton,Move,840.1015625,366.43359375
1344.2499132156372,1344.2499132156372,NoButton,Move,843.72265625,365.52734375
1344.2577540874481,1344.2577540874481,NoButton,Move,846.6953125,364.67578125
1344.2660782337189,1344.2660782337189,NoButton,Move,848.05859375,364.33203125
1344.2742371559143,1344.2742371559143,NoButton,Move,851.03125,363.48046875
1344.2822682857513,1344.2822682857513,NoButton,Move,853.41015625,362.68359375
1344.2907130718231,1344.2907130718231,NoButton,Move,855.25390625,361.94140625
1344.2989172935486,1344.2989172935486,NoButton,Move,857.09765625,361.19921875
1344.3073601722717,1344.3073601722717,NoButton,Move,858.03515625,360.8828125
1344.7411262989044,1344.7411262989044,NoButton,Move,858.49609375,360.8828125
1344.749329328537,1344.749329328537,NoButton,Move,859.43359375,361.1953125
1344.7571530342102,1344.7571530342102,NoButton,Move,860.796875,361.53515625
1344.7652761936188,1344.7652761936188,NoButton,Move,862.16015625,361.875
1344.7733671665192,1344.7733671665192,NoButton,Move,864.5390625,362.26953125
1344.7817132472992,1344.7817132472992,NoButton,Move,866.3828125,362.63671875
1344.7900671958923,1344.7900671958923,NoButton,Move,869.35546875,363.05859375
1344.7981760501862,1344.7981760501862,NoButton,Move,872.328125,363.48046875
1344.806475162506,1344.806475162506,NoButton,Move,875.94921875,363.48046875
1344.8147521018982,1344.8147521018982,NoButton,Move,880.2734375,363.9609375
1344.8229382038116,1344.8229382038116,NoButton,Move,885.35546875,364.46875
1344.8307173252106,1344.8307173252106,NoButton,Move,891.25390625,365.00390625
1344.8392281532288,1344.8392281532288,NoButton,Move,898.00390625,365.00390625
1344.8476810455322,1344.8476810455322,NoButton,Move,904.7734375,365.56640625
1344.8555750846863,1344.8555750846863,NoButton,Move,911.54296875,366.12890625
1344.8638153076172,1344.8638153076172,NoButton,Move,918.3125,366.12890625
1344.8719563484192,1344.8719563484192,NoButton,Move,925.08203125,366.12890625
1344.8808722496033,1344.8808722496033,NoButton,Move,931.8515625,366.12890625
1344.8892772197723,1344.8892772197723,NoButton,Move,937.75,366.12890625
1344.8988013267517,1344.8988013267517,NoButton,Move,940.12890625,366.12890625
1344.9230823516846,1344.9230823516846,NoButton,Move,945.2109375,366.63671875
1344.9231612682343,1344.9231612682343,NoButton,Move,948.18359375,366.63671875
1344.9232141971588,1344.9232141971588,NoButton,Move,951.15625,366.63671875
1344.929118156433,1344.929118156433,NoButton,Move,952.51953125,366.9765625
1345.2160422801971,1345.2160422801971,NoButton,Move,952.75,366.9765625
1345.2239961624146,1345.2239961624146,NoButton,Move,955.12890625,366.9765625
1345.2322471141815,1345.2322471141815,NoButton,Move,956.97265625,366.9765625
1345.2406573295593,1345.2406573295593,NoButton,Move,959.9453125,366.55078125
1345.2488219738007,1345.2488219738007,NoButton,Move,963.56640625,366.09765625
1345.257089138031,1345.257089138031,NoButton,Move,967.1875,365.64453125
1345.2646400928497,1345.2646400928497,NoButton,Move,971.51171875,365.16015625
1345.2732152938843,1345.2732152938843,NoButton,Move,975.80859375,364.6796875
1345.2812600135803,1345.2812600135803,NoButton,Move,980.1328125,364.6796875
1345.289103269577,1345.289103269577,NoButton,Move,985.21484375,364.6796875
1345.2973272800446,1345.2973272800446,NoButton,Move,989.5390625,364.6796875
1345.3055453300476,1345.3055453300476,NoButton,Move,991.3828125,364.6796875
1345.3137702941895,1345.3137702941895,NoButton,Move,995.70703125,364.6796875
1345.322083234787,1345.322083234787,NoButton,Move,998.6796875,364.6796875
1345.33069729805,1345.33069729805,NoButton,Move,1000.5234375,364.6796875
1345.338594198227,1345.338594198227,NoButton,Move,1002.3671875,364.6796875
1345.3472352027893,1345.3472352027893,NoButton,Move,1003.3046875,364.6796875
1345.3550462722778,1345.3550462722778,NoButton,Move,1004.2421875,364.6796875
1345.3633561134338,1345.3633561134338,NoButton,Move,1004.5,364.6796875
1345.3715071678162,1345.3715071678162,NoButton,Move,1004.7578125,364.6796875
1345.3799402713776,1345.3799402713776,NoButton,Move,1005.015625,364.6796875
1345.5108909606934,1345.5108909606934,NoButton,Move,1004.78125,364.6796875
1345.5192692279816,1345.5192692279816,NoButton,Move,1004.20703125,364.6796875
1345.527151107788,1345.527151107788,NoButton,Move,1003.6328125,364.6796875
1345.53510928154,1345.53510928154,NoButton,Move,1003.05859375,364.6796875
1345.5430960655212,1345.5430960655212,NoButton,Move,1002.484375,364.6796875
1345.5510382652283,1345.5510382652283,NoButton,Move,1001.91015625,364.6796875
1345.5592682361603,1345.5592682361603,NoButton,Move,1001.3359375,364.6796875
1345.5677042007446,1345.5677042007446,NoButton,Move,1000.39453125,364.6796875
1345.5757341384888,1345.5757341384888,NoButton,Move,999.8203125,364.6796875
1345.5841550827026,1345.5841550827026,NoButton,Move,998.87890625,364.6796875
1345.592350244522,1345.592350244522,NoButton,Move,998.3046875,364.6796875
1345.6009001731873,1345.6009001731873,NoButton,Move,997.73046875,364.6796875
1345.6088812351227,1345.6088812351227,NoButton,Move,997.15625,364.6796875
1345.6171162128448,1345.6171162128448,NoButton,Move,996.21484375,364.6796875
1345.6252212524414,1345.6252212524414,NoButton,Move,995.640625,364.6796875
1345.6334462165833,1345.6334462165833,NoButton,Move,995.37890625,364.6796875
1345.64160323143,1345.64160323143,NoButton,Move,994.8046875,364.6796875
1345.6498050689697,1345.6498050689697,NoButton,Move,994.54296875,364.6796875
1345.657962322235,1345.657962322235,NoButton,Move,994.28125,364.6796875
1345.6657390594482,1345.6657390594482,NoButton,Move,994.01953125,364.6796875
1345.6741871833801,1345.6741871833801,NoButton,Move,993.7578125,364.6796875
1345.6821641921997,1345.6821641921997,NoButton,Move,993.49609375,364.6796875
1345.6987750530243,1345.6987750530243,NoButton,Move,993.25,364.6796875
1345.7727410793304,1345.7727410793304,NoButton,Move,993.015625,364.6796875
1345.8054802417755,1345.8054802417755,NoButton,Move,992.77734375,364.6796875
1345.821974992752,1345.821974992752,NoButton,Move,992.53125,364.6796875
1345.854415178299,1345.854415178299,NoButton,Move,992.29296875,364.6796875
1345.8791751861572,1345.8791751861572,NoButton,Move,992.05078125,364.6796875
1345.9044122695923,1345.9044122695923,NoButton,Move,991.80859375,364.6796875
1345.935928106308,1345.935928106308,NoButton,Move,991.5703125,364.6796875
1346.0184922218323,1346.0184922218323,NoButton,Move,991.3359375,364.6796875
1346.0346460342407,1346.0346460342407,NoButton,Move,991.08984375,364.6796875
1346.0428371429443,1346.0428371429443,NoButton,Move,990.828125,364.6796875
1346.051186323166,1346.051186323166,NoButton,Move,990.56640625,364.6796875
1346.0586421489716,1346.0586421489716,NoButton,Move,990.3046875,364.9375
1346.0667672157288,1346.0667672157288,NoButton,Move,989.73046875,364.9375
1346.0753262043,1346.0753262043,NoButton,Move,989.46875,365.1953125
1346.0837070941925,1346.0837070941925,NoButton,Move,989.20703125,365.1953125
1346.0917711257935,1346.0917711257935,NoButton,Move,988.9453125,365.1953125
1346.0999343395233,1346.0999343395233,NoButton,Move,988.68359375,365.453125
1346.1082873344421,1346.1082873344421,NoButton,Move,988.421875,365.453125
1346.1247103214264,1346.1247103214264,NoButton,Move,988.17578125,365.453125
1346.141154050827,1346.141154050827,NoButton,Move,987.9296875,365.453125
1346.173709154129,1346.173709154129,NoButton,Move,987.69140625,365.453125
1346.2475821971893,1346.2475821971893,NoButton,Move,987.45703125,365.453125
1346.288744211197,1346.288744211197,NoButton,Move,987.21875,365.453125
1346.690041065216,1346.690041065216,NoButton,Move,986.984375,365.453125
1348.0244662761688,1348.0244662761688,NoButton,Move,987.21484375,365.453125
1348.1591901779175,1348.1591901779175,Left,Pressed,987.21484375,365.453125
1348.5088911056519,1348.5088911056519,NoButton,Move,986.90625,365.453125
1348.5252180099487,1348.5252180099487,NoButton,Move,985.09375,365.453125
1348.5418202877045,1348.5418202877045,NoButton,Move,981.28515625,365.50390625
1348.5666344165802,1348.5666344165802,NoButton,Move,975.56640625,365.71484375
1348.5749742984772,1348.5749742984772,NoButton,Move,967.85546875,366.109375
1348.5917150974274,1348.5917150974274,NoButton,Move,958.2734375,366.6015625
1348.608272075653,1348.608272075653,NoButton,Move,945.89453125,367.25390625
1348.6251320838928,1348.6251320838928,NoButton,Move,927.91796875,368.4765625
1348.6415710449219,1348.6415710449219,NoButton,Move,904.6171875,370.22265625
1348.658476114273,1348.658476114273,NoButton,Move,869.75390625,372.05859375
1348.67507314682,1348.67507314682,NoButton,Move,831.0703125,373.43359375
1348.6916031837463,1348.6916031837463,NoButton,Move,794.7421875,374.10546875
1348.7084081172943,1348.7084081172943,NoButton,Move,757.20703125,374.9609375
1348.7249891757965,1348.7249891757965,NoButton,Move,730.203125,375.9765625
1348.7417252063751,1348.7417252063751,NoButton,Move,711.58984375,376.98046875
1348.7584192752838,1348.7584192752838,NoButton,Move,696.2109375,378.34765625
1348.7749691009521,1348.7749691009521,NoButton,Move,685.39453125,379.8203125
1348.7917201519012,1348.7917201519012,NoButton,Move,677.10546875,381.265625
1348.808410167694,1348.808410167694,NoButton,Move,671.00390625,382.41796875
1348.8251111507416,1348.8251111507416,NoButton,Move,666.453125,383.453125
1348.8418872356415,1348.8418872356415,NoButton,Move,662.9453125,384.3828125
1348.858391046524,1348.858391046524,NoButton,Move,661.05078125,384.89453125
1348.8751451969147,1348.8751451969147,NoButton,Move,660.109375,385.06640625
1349.1088092327118,1349.1088092327118,NoButton,Move,659.92578125,385.06640625
1349.1419250965118,1349.1419250965118,NoButton,Move,660.16015625,385.06640625
1349.1584951877594,1349.1584951877594,NoButton,Move,660.34765625,385.06640625
1349.208463191986,1349.208463191986,NoButton,Move,660.546875,385.06640625
1349.2584891319275,1349.2584891319275,NoButton,Move,660.79296875,385.06640625
1349.3257081508636,1349.3257081508636,NoButton,Move,661.03515625,385.06640625
1349.3754432201385,1349.3754432201385,NoButton,Move,661.27734375,385.06640625
1349.4254961013794,1349.4254961013794,NoButton,Move,661.53515625,385.06640625
1350.3419072628021,1350.3419072628021,NoButton,Move,661.55859375,385.06640625
1350.3584229946136,1350.3584229946136,NoButton,Move,661.28125,385.06640625
1350.3751800060272,1350.3751800060272,NoButton,Move,660.89453125,385.06640625
1350.3918063640594,1350.3918063640594,NoButton,Move,660.5234375,385.06640625
1350.4085900783539,1350.4085900783539,NoButton,Move,660.12109375,385.06640625
1350.4364421367645,1350.4364421367645,NoButton,Move,659.59375,385.06640625
1350.4416761398315,1350.4416761398315,NoButton,Move,659.06640625,385.02734375
1350.458330154419,1350.458330154419,NoButton,Move,658.48828125,384.84765625
1350.4749450683594,1350.4749450683594,NoButton,Move,657.5859375,384.55859375
1350.491827249527,1350.491827249527,NoButton,Move,656.25390625,384.17578125
1350.5082023143768,1350.5082023143768,NoButton,Move,653.38671875,383.359375
1350.5249400138855,1350.5249400138855,NoButton,Move,646.2265625,381.875
1350.541660308838,1350.541660308838,NoButton,Move,634.015625,379.94921875
1350.5583190917969,1350.5583190917969,NoButton,Move,616.71484375,378.11328125
1350.5752172470093,1350.5752172470093,NoButton,Move,599.390625,376.90625
1350.5917932987213,1350.5917932987213,NoButton,Move,585.81640625,376.5078125
1350.6085321903229,1350.6085321903229,NoButton,Move,575.0078125,376.5078125
1350.6250872612,1350.6250872612,NoButton,Move,567.2109375,376.5078125
1350.6417813301086,1350.6417813301086,NoButton,Move,561.60546875,376.5078125
1350.658432006836,1350.658432006836,NoButton,Move,557.70703125,376.5078125
1350.6750183105469,1350.6750183105469,NoButton,Move,554.375,376.828125
1350.6918630599976,1350.6918630599976,NoButton,Move,550.671875,377.52734375
1350.70845413208,1350.70845413208,NoButton,Move,546.84765625,378.2734375
1350.72523021698,1350.72523021698,NoButton,Move,543.375,379.0078125
1350.7418344020844,1350.7418344020844,NoButton,Move,540.6953125,379.5546875
1350.7582561969757,1350.7582561969757,NoButton,Move,539.2578125,379.73828125
1350.775101184845,1350.775101184845,NoButton,Move,538.6953125,379.73828125
1350.8416953086853,1350.8416953086853,NoButton,Move,538.7265625,379.73828125
1350.858285188675,1350.858285188675,NoButton,Move,539.91015625,379.73828125
1350.874917268753,1350.874917268753,NoButton,Move,542.3828125,379.73828125
1350.8917350769043,1350.8917350769043,NoButton,Move,545.59765625,379.73828125
1350.9231190681458,1350.9231190681458,NoButton,Move,549.40625,379.73828125
1350.9250161647797,1350.9250161647797,NoButton,Move,553.28125,379.73828125
1350.941585302353,1350.941585302353,NoButton,Move,556.41796875,379.73828125
1350.9582481384277,1350.9582481384277,NoButton,Move,558.6875,379.89453125
1350.9750163555145,1350.9750163555145,NoButton,Move,560.51953125,380.20703125
1350.9915890693665,1350.9915890693665,NoButton,Move,562.1484375,380.51953125
1351.0081901550293,1351.0081901550293,NoButton,Move,563.33203125,380.75
1351.024872303009,1351.024872303009,NoButton,Move,564.25390625,380.96484375
1351.0417211055756,1351.0417211055756,NoButton,Move,565.16796875,381.16015625
1351.0583090782166,1351.0583090782166,NoButton,Move,566.09765625,381.359375
1351.0749881267548,1351.0749881267548,NoButton,Move,567.375,381.75
1351.0918681621552,1351.0918681621552,NoButton,Move,568.7265625,382.1484375
1351.108350276947,1351.108350276947,NoButton,Move,569.7734375,382.43359375
1351.1249532699585,1351.1249532699585,NoButton,Move,570.5,382.60546875
1351.1416602134705,1351.1416602134705,NoButton,Move,571.0234375,382.76953125
1351.1582612991333,1351.1582612991333,NoButton,Move,571.4375,382.8984375
1351.1917660236359,1351.1917660236359,NoButton,Move,571.58984375,382.98828125
1351.2586932182312,1351.2586932182312,NoButton,Move,571.58984375,383.22265625
1351.2749602794647,1351.2749602794647,NoButton,Move,571.50390625,383.36328125
1351.291563987732,1351.291563987732,NoButton,Move,571.23828125,383.36328125
1351.3083622455597,1351.3083622455597,NoButton,Move,570.7890625,383.4921875
1351.325206041336,1351.325206041336,NoButton,Move,570.26171875,383.62109375
1351.341822385788,1351.341822385788,NoButton,Move,569.73828125,383.62109375
1351.3584959506989,1351.3584959506989,NoButton,Move,569.23046875,383.62109375
1351.3917973041534,1351.3917973041534,NoButton,Move,568.8046875,383.62109375
1351.4085021018982,1351.4085021018982,NoButton,Move,568.578125,383.75
1351.4418160915375,1351.4418160915375,NoButton,Move,568.40625,383.87890625
1351.6919522285461,1351.6919522285461,NoButton,Move,568.171875,383.87890625
1351.741868019104,1351.741868019104,NoButton,Move,567.9609375,383.87890625
1351.7749330997467,1351.7749330997467,NoButton,Move,567.70703125,383.87890625
1351.8418052196503,1351.8418052196503,NoButton,Move,567.3203125,383.87890625
1351.925173997879,1351.925173997879,NoButton,Move,566.97265625,383.87890625
1351.9750022888184,1351.9750022888184,NoButton,Move,566.85546875,383.765625
1352.0434021949768,1352.0434021949768,Left,Released,566.85546875,383.765625
1352.0435302257538,1352.0435302257538,NoButton,Move,567.0859375,383.765625
1352.0436992645264,1352.0436992645264,NoButton,Move,567.65625,383.765625
1352.6248321533203,1352.6248321533203,NoButton,Move,568.1171875,384.2265625
1352.6330351829529,1352.6330351829529,NoButton,Move,572.18359375,387.78515625
1352.6411283016205,1352.6411283016205,NoButton,Move,576.6953125,392.86328125
1352.6493141651154,1352.6493141651154,NoButton,Move,582.0234375,398.78515625
1352.6575260162354,1352.6575260162354,NoButton,Move,588.2265625,405.609375
1352.66574716568,1352.66574716568,NoButton,Move,601.75,419.1328125
1352.6737291812897,1352.6737291812897,NoButton,Move,618.0390625,438.296875
1352.6821329593658,1352.6821329593658,NoButton,Move,635.18359375,457.34765625
1352.690246105194,1352.690246105194,NoButton,Move,653.44921875,479.67578125
1352.6984770298004,1352.6984770298004,NoButton,Move,673.26953125,502.625
1352.7067770957947,1352.7067770957947,NoButton,Move,691.00390625,527.6640625
1352.7149922847748,1352.7149922847748,NoButton,Move,705.80078125,550.35546875
1352.7232792377472,1352.7232792377472,NoButton,Move,718.625,574.03125
1352.7312850952148,1352.7312850952148,NoButton,Move,727.24609375,597.98828125
1352.740170955658,1352.740170955658,NoButton,Move,731.89453125,621.23828125
1352.747739315033,1352.747739315033,NoButton,Move,732.8515625,646.15234375
1352.7567701339722,1352.7567701339722,NoButton,Move,732.8515625,671.06640625
1352.7646350860596,1352.7646350860596,NoButton,Move,724.2265625,695.0234375
1352.7733101844788,1352.7733101844788,NoButton,Move,710.80859375,717.0625
1352.780769109726,1352.780769109726,NoButton,Move,692.5390625,739.390625
1352.7898070812225,1352.7898070812225,NoButton,Move,669.5859375,760.25390625
1352.796860218048,1352.796860218048,NoButton,Move,645.2265625,775.4765625
1352.8065299987793,1352.8065299987793,NoButton,Move,617.0546875,787.99609375
1352.8132071495056,1352.8132071495056,NoButton,Move,589.6484375,797.12890625
1352.8225860595703,1352.8225860595703,NoButton,Move,589.6484375,797.12890625
1352.8229863643646,1352.8229863643646,NoButton,Move,564.73046875,800.9609375
1352.8759832382202,1352.8759832382202,NoButton,Move,536.30859375,801.97265625
1352.8760743141174,1352.8760743141174,NoButton,Move,524.328125,801.97265625
1352.8760981559753,1352.8760981559753,NoButton,Move,501.07421875,801.0390625
1352.8761253356934,1352.8761253356934,NoButton,Move,481.85546875,794.921875
1352.8761672973633,1352.8761672973633,NoButton,Move,465.51171875,787.56640625
1352.8762102127075,1352.8762102127075,NoButton,Move,459.8671875,783.05078125
1352.8783853054047,1352.8783853054047,NoButton,Move,449.296875,776.70703125
1352.8865630626678,1352.8865630626678,NoButton,Move,446.578125,773.98828125
1352.89479804039,1352.89479804039,NoButton,Move,440.93359375,769.47265625
1352.9030191898346,1352.9030191898346,NoButton,Move,437.37109375,765.40234375
1352.9115970134735,1352.9115970134735,NoButton,Move,435.55859375,762.23046875
1352.9192340373993,1352.9192340373993,NoButton,Move,434.70703125,759.25390625
1352.9378983974457,1352.9378983974457,NoButton,Move,433.80078125,755.62890625
1352.9385251998901,1352.9385251998901,NoButton,Move,433.80078125,753.24609375
1352.9620161056519,1352.9620161056519,NoButton,Move,433.80078125,750.86328125
1352.9620821475983,1352.9620821475983,NoButton,Move,435.5,748.3125
1352.9621250629425,1352.9621250629425,NoButton,Move,437.76171875,745.140625
1352.989628314972,1352.989628314972,NoButton,Move,441.125,742.25390625
1352.989687204361,1352.989687204361,NoButton,Move,444.17578125,738.18359375
1352.989727973938,1352.989727973938,NoButton,Move,447.5390625,734.81640625
1352.9928760528564,1352.9928760528564,NoButton,Move,450.58984375,730.74609375
1353.0012102127075,1353.0012102127075,NoButton,Move,453.640625,726.16796875
1353.0093250274658,1353.0093250274658,NoButton,Move,456.69140625,721.58984375
1353.017477273941,1353.017477273941,NoButton,Move,458.72265625,716.50390625
1353.0255160331726,1353.0255160331726,NoButton,Move,461.26171875,711.92578125
1353.0337872505188,1353.0337872505188,NoButton,Move,462.0546875,709.54296875
1353.0419833660126,1353.0419833660126,NoButton,Move,463.41015625,705.91796875
1353.0502750873566,1353.0502750873566,NoButton,Move,464.765625,702.29296875
1353.0583641529083,1353.0583641529083,NoButton,Move,466.12109375,698.66796875
1353.0666031837463,1353.0666031837463,NoButton,Move,466.9140625,696.28515625
1353.0745511054993,1353.0745511054993,NoButton,Move,467.76171875,693.30859375
1353.0830132961273,1353.0830132961273,NoButton,Move,469.1953125,689.00390625
1353.091293334961,1353.091293334961,NoButton,Move,469.98828125,686.62109375
1353.099412202835,1353.099412202835,NoButton,Move,470.78125,684.23828125
1353.1077733039856,1353.1077733039856,NoButton,Move,471.62890625,681.26171875
1353.115778207779,1353.115778207779,NoButton,Move,471.96875,679.89453125
1353.1239502429962,1353.1239502429962,NoButton,Move,472.76171875,677.51171875
1353.1322162151337,1353.1322162151337,NoButton,Move,473.15625,675.1328125
1353.1403760910034,1353.1403760910034,NoButton,Move,473.89453125,673.28515625
1353.1486320495605,1353.1486320495605,NoButton,Move,474.26171875,671.4375
1353.1570160388947,1353.1570160388947,NoButton,Move,474.62890625,669.58984375
1353.1652290821075,1353.1652290821075,NoButton,Move,474.96875,668.22265625
1353.1731462478638,1353.1731462478638,NoButton,Move,475.30859375,666.85546875
1353.1813871860504,1353.1813871860504,NoButton,Move,475.6484375,665.48828125
1353.189518213272,1353.189518213272,NoButton,Move,475.6484375,664.546875
1353.1978192329407,1353.1978192329407,NoButton,Move,475.6484375,663.97265625
1353.2060310840607,1353.2060310840607,NoButton,Move,475.6484375,663.3984375
1353.2140793800354,1353.2140793800354,NoButton,Move,475.93359375,662.82421875
1353.222552061081,1353.222552061081,NoButton,Move,475.93359375,662.5625
1353.230878353119,1353.230878353119,NoButton,Move,475.93359375,662.30078125
1353.2389991283417,1353.2389991283417,NoButton,Move,475.93359375,662.0390625
1353.2555210590363,1353.2555210590363,NoButton,Move,475.93359375,661.79296875
1360.5361211299896,1360.5361211299896,NoButton,Move,476.625,661.79296875
1360.544188261032,1360.544188261032,NoButton,Move,478.46875,661.79296875
1360.5518682003021,1360.5518682003021,NoButton,Move,480.3125,661.79296875
1360.5604300498962,1360.5604300498962,NoButton,Move,482.69140625,662.98046875
1360.5685653686523,1360.5685653686523,NoButton,Move,485.6640625,663.828125
1360.577023267746,1360.577023267746,NoButton,Move,488.04296875,665.015625
1360.584861278534,1360.584861278534,NoButton,Move,490.421875,666.203125
1360.5935533046722,1360.5935533046722,NoButton,Move,494.02734375,667.5546875
1360.6008431911469,1360.6008431911469,NoButton,Move,497.0,668.828125
1360.6787621974945,1360.6787621974945,NoButton,Move,503.171875,671.6328125
1360.6787950992584,1360.6787950992584,NoButton,Move,509.0703125,673.77734375
1360.678819179535,1360.678819179535,NoButton,Move,514.96875,675.921875
1360.678837299347,1360.678837299347,NoButton,Move,519.54296875,678.4609375
1360.6788520812988,1360.6788520812988,NoButton,Move,521.921875,679.25390625
1360.678867340088,1360.678867340088,NoButton,Move,525.54296875,680.609375
1360.6788811683655,1360.6788811683655,NoButton,Move,528.7109375,682.41796875
1360.6788952350616,1360.6788952350616,NoButton,Move,531.08984375,683.2109375
1360.6789140701294,1360.6789140701294,NoButton,Move,532.515625,684.28125
1360.6789271831512,1360.6789271831512,NoButton,Move,531.08984375,683.2109375
1360.6828353404999,1360.6828353404999,NoButton,Move,533.453125,684.59375
1360.6909623146057,1360.6909623146057,NoButton,Move,534.0234375,685.1640625
1360.6992423534393,1360.6992423534393,NoButton,Move,534.28125,685.421875
1360.7072312831879,1360.7072312831879,NoButton,Move,534.28125,685.6796875
1361.3715603351593,1361.3715603351593,NoButton,Move,534.046875,685.6796875
1361.3793070316315,1361.3793070316315,NoButton,Move,532.6796875,685.6796875
1361.387852191925,1361.387852191925,NoButton,Move,530.83203125,685.6796875
1361.3959963321686,1361.3959963321686,NoButton,Move,528.44921875,685.6796875
1361.4038970470428,1361.4038970470428,NoButton,Move,526.06640625,685.6796875
1361.4120981693268,1361.4120981693268,NoButton,Move,523.08984375,685.6796875
1361.4202313423157,1361.4202313423157,NoButton,Move,519.46484375,685.2265625
1361.4288341999054,1361.4288341999054,NoButton,Move,510.77734375,683.36328125
1361.4367361068726,1361.4367361068726,NoButton,Move,503.07421875,680.9921875
1361.444914340973,1361.444914340973,NoButton,Move,495.37109375,678.02734375
1361.4530942440033,1361.4530942440033,NoButton,Move,486.68359375,674.921875
1361.461313009262,1361.461313009262,NoButton,Move,477.60546875,671.03125
1361.4691531658173,1361.4691531658173,NoButton,Move,468.52734375,666.4921875
1361.4775221347809,1361.4775221347809,NoButton,Move,464.19921875,664.56640625
1361.4860663414001,1361.4860663414001,NoButton,Move,456.1328125,660.22265625
1361.4940490722656,1361.4940490722656,NoButton,Move,448.06640625,656.5
1361.5023591518402,1361.5023591518402,NoButton,Move,440.36328125,653.53515625
1361.5105001926422,1361.5105001926422,NoButton,Move,434.15234375,650.7109375
1361.518490076065,1361.518490076065,NoButton,Move,428.78515625,648.02734375
1361.526718378067,1361.526718378067,NoButton,Move,426.40234375,647.23046875
1361.5347611904144,1361.5347611904144,NoButton,Move,422.77734375,645.87109375
1361.5428552627563,1361.5428552627563,NoButton,Move,419.15234375,644.51171875
1361.5511302947998,1361.5511302947998,NoButton,Move,416.76953125,643.71484375
1361.5593400001526,1361.5593400001526,NoButton,Move,414.921875,642.97265625
1361.5677771568298,1361.5677771568298,NoButton,Move,413.5546875,642.2890625
1361.5758142471313,1361.5758142471313,NoButton,Move,412.61328125,641.97265625
1361.5842113494873,1361.5842113494873,NoButton,Move,412.0390625,641.68359375
1361.5923340320587,1361.5923340320587,NoButton,Move,411.77734375,641.68359375
1361.6004049777985,1361.6004049777985,NoButton,Move,411.515625,641.68359375
1361.6659622192383,1361.6659622192383,NoButton,Move,412.23828125,641.68359375
1361.6741642951965,1361.6741642951965,NoButton,Move,414.08203125,641.68359375
1361.6823480129242,1361.6823480129242,NoButton,Move,415.92578125,641.68359375
1361.6905453205109,1361.6905453205109,NoButton,Move,418.8984375,641.68359375
1361.698706150055,1361.698706150055,NoButton,Move,421.87109375,641.68359375
1361.7067713737488,1361.7067713737488,NoButton,Move,424.84375,642.10546875
1361.7151863574982,1361.7151863574982,NoButton,Move,428.46484375,642.5546875
1361.7232670783997,1361.7232670783997,NoButton,Move,432.7890625,643.03515625
1361.7314822673798,1361.7314822673798,NoButton,Move,436.41015625,643.484375
1361.739695072174,1361.739695072174,NoButton,Move,440.734375,643.96484375
1361.7478320598602,1361.7478320598602,NoButton,Move,444.35546875,644.4140625
1361.7560193538666,1361.7560193538666,NoButton,Move,445.71875,644.4140625
1361.764044046402,1361.764044046402,NoButton,Move,448.69140625,644.4140625
1361.7723650932312,1361.7723650932312,NoButton,Move,451.0703125,644.80859375
1361.7805562019348,1361.7805562019348,NoButton,Move,453.44921875,644.80859375
1361.7887041568756,1361.7887041568756,NoButton,Move,455.29296875,644.80859375
1361.7969462871552,1361.7969462871552,NoButton,Move,456.65625,644.80859375
1361.8050601482391,1361.8050601482391,NoButton,Move,458.01953125,644.80859375
1361.8133890628815,1361.8133890628815,NoButton,Move,458.95703125,644.80859375
1361.8215250968933,1361.8215250968933,NoButton,Move,459.52734375,644.80859375
1361.829663991928,1361.829663991928,NoButton,Move,460.46484375,644.80859375
1361.8379101753235,1361.8379101753235,NoButton,Move,461.03515625,644.80859375
1361.855835199356,1361.855835199356,NoButton,Move,461.97265625,644.80859375
1361.8559453487396,1361.8559453487396,NoButton,Move,462.54296875,644.80859375
1361.8618671894073,1361.8618671894073,NoButton,Move,463.11328125,645.09375
1361.8700323104858,1361.8700323104858,NoButton,Move,464.05078125,645.09375
1361.8781759738922,1361.8781759738922,NoButton,Move,464.98828125,645.09375
1361.8867101669312,1361.8867101669312,NoButton,Move,465.92578125,645.09375
1361.898311138153,1361.898311138153,NoButton,Move,467.2890625,645.09375
1361.902868270874,1361.902868270874,NoButton,Move,468.2265625,645.09375
1361.910893201828,1361.910893201828,NoButton,Move,469.58984375,645.09375
1361.9195942878723,1361.9195942878723,NoButton,Move,471.43359375,645.09375
1361.9275350570679,1361.9275350570679,NoButton,Move,472.796875,645.09375
1361.935794353485,1361.935794353485,NoButton,Move,475.76953125,645.09375
1361.9438741207123,1361.9438741207123,NoButton,Move,478.1484375,645.09375
1361.952124118805,1361.952124118805,NoButton,Move,481.12109375,645.09375
1361.9605202674866,1361.9605202674866,NoButton,Move,484.09375,645.09375
1361.9685912132263,1361.9685912132263,NoButton,Move,487.71484375,644.640625
1361.9768981933594,1361.9768981933594,NoButton,Move,491.3359375,644.640625
1361.98508810997,1361.98508810997,NoButton,Move,495.66015625,644.640625
1361.993182182312,1361.993182182312,NoButton,Move,499.984375,644.640625
1362.0013360977173,1362.0013360977173,NoButton,Move,504.30859375,644.640625
1362.0095641613007,1362.0095641613007,NoButton,Move,506.6875,644.640625
1362.017780303955,1362.017780303955,NoButton,Move,510.30859375,644.640625
1362.0261182785034,1362.0261182785034,NoButton,Move,513.9296875,644.640625
1362.0343689918518,1362.0343689918518,NoButton,Move,516.30859375,644.640625
1362.0428042411804,1362.0428042411804,NoButton,Move,517.671875,644.640625
1362.050796031952,1362.050796031952,NoButton,Move,519.03515625,644.640625
1362.0590200424194,1362.0590200424194,NoButton,Move,519.97265625,644.640625
1362.0671050548553,1362.0671050548553,NoButton,Move,520.23046875,644.640625
1362.0747120380402,1362.0747120380402,NoButton,Move,520.48828125,644.640625
1362.0828981399536,1362.0828981399536,NoButton,Move,520.74609375,644.640625
1362.091385126114,1362.091385126114,NoButton,Move,521.00390625,644.640625
1362.1240451335907,1362.1240451335907,NoButton,Move,519.96875,644.640625
1362.1326913833618,1362.1326913833618,NoButton,Move,517.59375,644.640625
1362.1408941745758,1362.1408941745758,NoButton,Move,514.6171875,644.640625
1362.1490349769592,1362.1490349769592,NoButton,Move,511.640625,644.640625
1362.1572432518005,1362.1572432518005,NoButton,Move,507.3125,644.640625
1362.1654012203217,1362.1654012203217,NoButton,Move,502.2265625,644.640625
1362.1729772090912,1362.1729772090912,NoButton,Move,497.8984375,644.15625
1362.1812562942505,1362.1812562942505,NoButton,Move,493.5703125,644.15625
1362.1895213127136,1362.1895213127136,NoButton,Move,491.1875,643.7578125
1362.1977562904358,1362.1977562904358,NoButton,Move,487.5625,643.3046875
1362.2059242725372,1362.2059242725372,NoButton,Move,484.5859375,643.3046875
1362.2142262458801,1362.2142262458801,NoButton,Move,482.203125,642.90625
1362.2225742340088,1362.2225742340088,NoButton,Move,480.359375,642.90625
1362.2301733493805,1362.2301733493805,NoButton,Move,478.9921875,642.90625
1362.2385520935059,1362.2385520935059,NoButton,Move,477.625,642.5625
1362.246745109558,1362.246745109558,NoButton,Move,477.05078125,642.5625
1362.255136013031,1362.255136013031,NoButton,Move,476.4765625,642.5625
1362.2633981704712,1362.2633981704712,NoButton,Move,476.21484375,642.5625
1362.2798111438751,1362.2798111438751,NoButton,Move,475.96875,642.5625
1362.3454813957214,1362.3454813957214,NoButton,Move,475.734375,642.5625
1362.4857530593872,1362.4857530593872,Left,Pressed,475.734375,642.5625
1362.4915120601654,1362.4915120601654,Left,Released,475.734375,642.5625
1362.5328781604767,1362.5328781604767,NoButton,Move,475.734375,642.328125
1362.5410873889923,1362.5410873889923,NoButton,Move,476.47265625,644.171875
1362.5493092536926,1362.5493092536926,NoButton,Move,482.67578125,650.375
1362.5574493408203,1362.5574493408203,NoButton,Move,489.5,656.578125
1362.5656461715698,1362.5656461715698,NoButton,Move,502.12109375,666.83203125
1362.5738451480865,1362.5738451480865,NoButton,Move,516.828125,675.81640625
1362.582183122635,1362.582183122635,NoButton,Move,535.76171875,687.5390625
1362.5903580188751,1362.5903580188751,NoButton,Move,544.8359375,691.42578125
1362.5985610485077,1362.5985610485077,NoButton,Move,577.5625,707.22265625
1362.6066710948944,1362.6066710948944,NoButton,Move,586.24609375,707.83984375
1363.344434261322,1363.344434261322,NoButton,Move,586.24609375,706.6796875
1363.352548122406,1363.352548122406,NoButton,Move,586.24609375,699.94140625
1363.360752105713,1363.360752105713,NoButton,Move,586.24609375,696.96484375
1363.3691062927246,1363.3691062927246,NoButton,Move,586.24609375,694.58203125
1363.377426147461,1363.377426147461,NoButton,Move,587.72265625,693.47265625
1363.385367155075,1363.385367155075,NoButton,Move,589.56640625,692.73046875
1363.39333319664,1363.39333319664,NoButton,Move,591.9453125,691.93359375
1363.4015862941742,1363.4015862941742,NoButton,Move,594.91796875,691.5078125
1363.4098343849182,1363.4098343849182,NoButton,Move,597.296875,691.109375
1365.186636209488,1365.186636209488,NoButton,Move,598.44921875,691.109375
1365.1944613456726,1365.1944613456726,NoButton,Move,602.0703125,691.109375
1365.2027583122253,1365.2027583122253,NoButton,Move,606.39453125,690.625
1365.2109322547913,1365.2109322547913,NoButton,Move,614.09375,690.03125
1365.2191722393036,1365.2191722393036,NoButton,Move,624.9140625,688.67578125
1365.2273762226105,1365.2273762226105,NoButton,Move,636.890625,686.55859375
1365.2354972362518,1365.2354972362518,NoButton,Move,651.34375,684.2734375
1365.2439002990723,1365.2439002990723,NoButton,Move,665.796875,681.2265625
1365.2518463134766,1365.2518463134766,NoButton,Move,681.57421875,678.0703125
1365.2600712776184,1365.2600712776184,NoButton,Move,696.02734375,675.0234375
1365.2682781219482,1365.2682781219482,NoButton,Move,701.92578125,673.94921875
1365.2764711380005,1365.2764711380005,NoButton,Move,713.90234375,671.12890625
1365.2845902442932,1365.2845902442932,NoButton,Move,723.625,668.53515625
1365.2927920818329,1365.2927920818329,NoButton,Move,731.32421875,666.7578125
1365.3010029792786,1365.3010029792786,NoButton,Move,733.703125,665.9609375
1365.3091371059418,1365.3091371059418,NoButton,Move,738.78515625,664.94140625
1365.3172821998596,1365.3172821998596,NoButton,Move,741.7578125,664.08984375
1365.3255863189697,1365.3255863189697,NoButton,Move,744.13671875,663.29296875
1365.3337740898132,1365.3337740898132,NoButton,Move,745.5,662.94921875
1365.3419880867004,1365.3419880867004,NoButton,Move,746.4375,662.6328125
1365.3497121334076,1365.3497121334076,NoButton,Move,747.0078125,662.34375
1365.3576970100403,1365.3576970100403,NoButton,Move,747.265625,662.34375
1365.3658232688904,1365.3658232688904,NoButton,Move,747.5234375,662.34375
1365.4071431159973,1365.4071431159973,NoButton,Move,746.78125,662.34375
1365.4152131080627,1365.4152131080627,NoButton,Move,744.93359375,662.34375
1365.4235363006592,1365.4235363006592,NoButton,Move,742.55078125,662.34375
1365.4316601753235,1365.4316601753235,NoButton,Move,738.92578125,662.34375
1365.440051317215,1365.440051317215,NoButton,Move,732.15234375,662.34375
1365.4482769966125,1365.4482769966125,NoButton,Move,724.44921875,662.34375
1365.456502199173,1365.456502199173,NoButton,Move,715.76171875,661.1015625
1365.4648640155792,1365.4648640155792,NoButton,Move,704.9375,659.74609375
1365.4728832244873,1365.4728832244873,NoButton,Move,692.95703125,657.62890625
1365.481061220169,1365.481061220169,NoButton,Move,680.9765625,655.51171875
1365.4892270565033,1365.4892270565033,NoButton,Move,668.99609375,653.39453125
1365.4975101947784,1365.4975101947784,NoButton,Move,663.09375,652.3203125
1365.5086662769318,1365.5086662769318,NoButton,Move,652.26953125,650.96484375
1365.5132281780243,1365.5132281780243,NoButton,Move,643.58203125,649.72265625
1365.5231211185455,1365.5231211185455,NoButton,Move,640.60546875,648.87109375
1365.5296173095703,1365.5296173095703,NoButton,Move,634.703125,648.33203125
1365.537956237793,1365.537956237793,NoButton,Move,630.375,647.84765625
1365.54887509346,1365.54887509346,NoButton,Move,626.75,646.94140625
1365.5540161132812,1365.5540161132812,NoButton,Move,624.3671875,646.94140625
1365.5624811649323,1365.5624811649323,NoButton,Move,623.0,646.59765625
1365.5705242156982,1365.5705242156982,NoButton,Move,621.6328125,646.59765625
1365.579163312912,1365.579163312912,NoButton,Move,620.69140625,646.28125
1365.587366104126,1365.587366104126,NoButton,Move,619.75,646.28125
1365.5955622196198,1365.5955622196198,NoButton,Move,619.17578125,646.28125
1365.6033132076263,1365.6033132076263,NoButton,Move,618.6015625,645.9921875
1365.6117660999298,1365.6117660999298,NoButton,Move,618.02734375,645.9921875
1365.6199221611023,1365.6199221611023,NoButton,Move,617.453125,645.9921875
1365.628191947937,1365.628191947937,NoButton,Move,617.19140625,645.9921875
1365.6364300251007,1365.6364300251007,NoButton,Move,616.6171875,645.703125
1365.6445512771606,1365.6445512771606,NoButton,Move,616.35546875,645.703125
1365.660965204239,1365.660965204239,NoButton,Move,616.109375,645.703125
1365.6693313121796,1365.6693313121796,NoButton,Move,615.84765625,645.703125
1365.6779341697693,1365.6779341697693,NoButton,Move,615.2734375,645.703125
1365.6857903003693,1365.6857903003693,NoButton,Move,614.69921875,645.703125
1365.694330215454,1365.694330215454,NoButton,Move,613.7578125,645.703125
1365.7022562026978,1365.7022562026978,NoButton,Move,612.81640625,645.703125
1365.7103040218353,1365.7103040218353,NoButton,Move,611.44921875,645.703125
1365.7184813022614,1365.7184813022614,NoButton,Move,610.08203125,645.703125
1365.7265951633453,1365.7265951633453,NoButton,Move,608.234375,645.703125
1365.734768152237,1365.734768152237,NoButton,Move,606.38671875,645.703125
1365.74285531044,1365.74285531044,NoButton,Move,605.01953125,645.703125
1365.750722169876,1365.750722169876,NoButton,Move,603.171875,645.703125
1365.7593252658844,1365.7593252658844,NoButton,Move,601.8046875,645.703125
1365.767450094223,1365.767450094223,NoButton,Move,600.4375,645.703125
1365.7757863998413,1365.7757863998413,NoButton,Move,599.0703125,645.703125
1365.7839601039886,1365.7839601039886,NoButton,Move,598.12890625,645.703125
1365.792277097702,1365.792277097702,NoButton,Move,596.76171875,645.703125
1365.8003482818604,1365.8003482818604,NoButton,Move,595.8203125,645.703125
1365.8079280853271,1365.8079280853271,NoButton,Move,594.87890625,645.703125
1365.8160424232483,1365.8160424232483,NoButton,Move,593.9375,645.703125
1365.8244190216064,1365.8244190216064,NoButton,Move,593.36328125,645.703125
1365.8327102661133,1365.8327102661133,NoButton,Move,592.7890625,645.703125
1365.8410432338715,1365.8410432338715,NoButton,Move,592.52734375,645.703125
1365.8492412567139,1365.8492412567139,NoButton,Move,591.953125,645.703125
1365.865688085556,1365.865688085556,NoButton,Move,591.70703125,645.703125
1365.9071033000946,1365.9071033000946,NoButton,Move,592.99609375,645.9609375
1365.9149081707,1365.9149081707,NoButton,Move,598.078125,647.9921875
1365.9234812259674,1365.9234812259674,NoButton,Move,603.9765625,650.13671875
1365.9309313297272,1365.9309313297272,NoButton,Move,618.4296875,653.1796875
1365.9395840168,1365.9395840168,NoButton,Move,634.20703125,656.33203125
1365.947645187378,1365.947645187378,NoButton,Move,652.80078125,659.7109375
1365.95583319664,1365.95583319664,NoButton,Move,676.05078125,662.5
1365.9642951488495,1365.9642951488495,NoButton,Move,702.6875,664.47265625
1365.9726493358612,1365.9726493358612,NoButton,Move,731.10546875,666.5
1365.980485200882,1365.980485200882,NoButton,Move,757.7421875,668.47265625
1365.9886872768402,1365.9886872768402,NoButton,Move,769.71875,669.17578125
1365.9969420433044,1365.9969420433044,NoButton,Move,791.359375,669.17578125
1366.0050382614136,1366.0050382614136,NoButton,Move,800.04296875,669.17578125
1366.0133743286133,1366.0133743286133,NoButton,Move,814.49609375,669.17578125
1366.0214293003082,1366.0214293003082,NoButton,Move,819.578125,669.17578125
1366.0297493934631,1366.0297493934631,NoButton,Move,828.26171875,669.17578125
1366.0378482341766,1366.0378482341766,NoButton,Move,834.16015625,668.63671875
1366.0460863113403,1366.0460863113403,NoButton,Move,838.484375,667.671875
1366.054139137268,1366.054139137268,NoButton,Move,840.86328125,666.875
1366.0626664161682,1366.0626664161682,NoButton,Move,842.2265625,666.19140625
1366.070923089981,1366.070923089981,NoButton,Move,842.51171875,665.6171875
1366.0806231498718,1366.0806231498718,NoButton,Move,842.82421875,664.67578125
1366.0868210792542,1366.0868210792542,NoButton,Move,843.109375,664.1015625
1366.0992441177368,1366.0992441177368,NoButton,Move,843.109375,663.83984375
1366.1030251979828,1366.1030251979828,NoButton,Move,843.109375,663.265625
1366.1114511489868,1366.1114511489868,NoButton,Move,843.109375,662.69140625
1366.1193492412567,1366.1193492412567,NoButton,Move,842.84765625,662.4296875
1366.1275660991669,1366.1275660991669,NoButton,Move,842.2734375,662.140625
1366.1358923912048,1366.1358923912048,NoButton,Move,841.69921875,661.56640625
1366.144156217575,1366.144156217575,NoButton,Move,841.125,660.9921875
1366.1524872779846,1366.1524872779846,NoButton,Move,840.8359375,660.41796875
1366.160807132721,1366.160807132721,NoButton,Move,840.26171875,660.12890625
1366.1686840057373,1366.1686840057373,NoButton,Move,839.6875,659.5546875
1366.1768412590027,1366.1768412590027,NoButton,Move,838.66015625,658.52734375
1366.1853561401367,1366.1853561401367,NoButton,Move,838.0859375,657.953125
1366.1936633586884,1366.1936633586884,NoButton,Move,837.45703125,657.01171875
1366.2016360759735,1366.2016360759735,NoButton,Move,836.8828125,656.4375
1366.2097101211548,1366.2097101211548,NoButton,Move,836.30859375,655.86328125
1366.2179472446442,1366.2179472446442,NoButton,Move,836.046875,655.6015625
1366.226053237915,1366.226053237915,NoButton,Move,835.7578125,655.02734375
1366.2342321872711,1366.2342321872711,NoButton,Move,835.49609375,654.765625
1366.2423641681671,1366.2423641681671,NoButton,Move,835.234375,654.765625
1366.250272989273,1366.250272989273,NoButton,Move,835.234375,654.50390625
1366.2667961120605,1366.2667961120605,NoButton,Move,835.234375,654.2578125
1366.292384147644,1366.292384147644,Left,Pressed,835.234375,654.2578125
1366.3923552036285,1366.3923552036285,Left,Released,835.234375,654.2578125
1366.7338621616364,1366.7338621616364,NoButton,Move,834.3046875,654.0234375
1366.7419481277466,1366.7419481277466,NoButton,Move,832.9375,653.6796875
1366.750125169754,1366.750125169754,NoButton,Move,831.5703125,652.99609375
1366.7584071159363,1366.7584071159363,NoButton,Move,830.62890625,652.3671875
1366.7663161754608,1366.7663161754608,NoButton,Move,829.6875,651.73828125
1366.7745010852814,1366.7745010852814,NoButton,Move,828.74609375,651.421875
1366.7827661037445,1366.7827661037445,NoButton,Move,828.171875,651.1328125
1366.7911360263824,1366.7911360263824,NoButton,Move,827.59765625,650.84375
1366.7990851402283,1366.7990851402283,NoButton,Move,827.3359375,650.58203125
1366.807246208191,1366.807246208191,NoButton,Move,827.07421875,650.3203125
1366.8154664039612,1366.8154664039612,NoButton,Move,826.8125,650.3203125
1366.831715106964,1366.831715106964,NoButton,Move,826.8125,650.07421875
1366.8399941921234,1366.8399941921234,NoButton,Move,826.55078125,650.07421875
1366.992582321167,1366.992582321167,Left,Pressed,826.55078125,650.07421875
1367.1256470680237,1367.1256470680237,Left,Released,826.55078125,650.07421875
1367.658664226532,1367.658664226532,NoButton,Move,826.0859375,650.07421875
1367.683197259903,1367.683197259903,NoButton,Move,826.0859375,649.57421875
1367.6913290023804,1367.6913290023804,NoButton,Move,825.82421875,649.57421875
1369.688984155655,1369.688984155655,NoButton,Move,823.73828125,649.57421875
1369.6971192359924,1369.6971192359924,NoButton,Move,820.56640625,647.76171875
1369.705331325531,1369.705331325531,NoButton,Move,816.49609375,644.19921875
1369.7135622501373,1369.7135622501373,NoButton,Move,810.66015625,636.41796875
1369.722689151764,1369.722689151764,NoButton,Move,804.82421875,627.98828125
1369.7295382022858,1369.7295382022858,NoButton,Move,799.1875,617.41796875
1369.7374482154846,1369.7374482154846,NoButton,Move,792.0859375,603.21484375
1369.7455580234528,1369.7455580234528,NoButton,Move,784.73046875,587.6875
1369.7536792755127,1369.7536792755127,NoButton,Move,759.2734375,533.94921875
1369.7619471549988,1369.7619471549988,NoButton,Move,750.25390625,514.109375
1369.7705671787262,1369.7705671787262,NoButton,Move,734.84375,476.1796875
1369.7785682678223,1369.7785682678223,NoButton,Move,719.4296875,438.2421875
1369.7878971099854,1369.7878971099854,NoButton,Move,713.33984375,424.546875
1369.7950971126556,1369.7950971126556,NoButton,Move,709.44921875,415.46875
1369.8032402992249,1369.8032402992249,NoButton,Move,706.765625,410.1015625
1369.8116810321808,1369.8116810321808,NoButton,Move,696.84375,390.26171875
1370.499587059021,1370.499587059021,NoButton,Move,697.53515625,390.4921875
1370.5073730945587,1370.5073730945587,NoButton,Move,698.640625,392.3359375
1370.5155823230743,1370.5155823230743,NoButton,Move,700.44921875,395.50390625
1370.5233931541443,1370.5233931541443,NoButton,Move,702.98828125,400.078125
1370.5319612026215,1370.5319612026215,NoButton,Move,705.66796875,405.44140625
1370.539929151535,1370.539929151535,NoButton,Move,709.38671875,413.50390625
1370.5482621192932,1370.5482621192932,NoButton,Move,712.48828125,422.1875
1370.5560941696167,1370.5560941696167,NoButton,Move,719.47265625,441.40234375
1370.564602136612,1370.564602136612,NoButton,Move,725.98046875,464.65234375
1370.5727112293243,1370.5727112293243,NoButton,Move,732.06640625,493.0703125
1370.581222295761,1370.581222295761,NoButton,Move,737.421875,525.21875
1370.5893943309784,1370.5893943309784,NoButton,Move,739.62109375,559.3203125
1370.5975711345673,1370.5975711345673,NoButton,Move,740.71875,593.421875
1370.6053020954132,1370.6053020954132,NoButton,Move,740.71875,625.5703125
1370.6133570671082,1370.6133570671082,NoButton,Move,739.1953125,640.0234375
1370.6214361190796,1370.6214361190796,NoButton,Move,733.4453125,664.9375
1370.6298370361328,1370.6298370361328,NoButton,Move,726.0234375,687.1953125
1370.6381533145905,1370.6381533145905,NoButton,Move,718.4140625,704.9453125
1370.646389245987,1370.646389245987,NoButton,Move,714.4609375,710.5859375
1370.6546702384949,1370.6546702384949,NoButton,Move,706.08984375,722.7578125
1370.6629331111908,1370.6629331111908,NoButton,Move,699.60546875,730.53515625
1370.6710951328278,1370.6710951328278,NoButton,Move,686.98046875,740.7890625
1372.1615951061249,1372.1615951061249,NoButton,Move,682.546875,741.01953125
1372.1693832874298,1372.1693832874298,NoButton,Move,677.4609375,741.52734375
1372.1775081157684,1372.1775081157684,NoButton,Move,671.55859375,742.0625
1372.1856880187988,1372.1856880187988,NoButton,Move,665.65625,742.0625
1372.19376206398,1372.19376206398,NoButton,Move,658.8828125,742.0625
1372.2020590305328,1372.2020590305328,NoButton,Move,651.1796875,741.46875
1372.21031498909,1372.21031498909,NoButton,Move,643.4765625,739.09765625
1372.2182712554932,1372.2182712554932,NoButton,Move,635.7734375,736.1328125
1372.2263832092285,1372.2263832092285,NoButton,Move,628.0703125,733.76171875
1372.2346241474152,1372.2346241474152,NoButton,Move,610.91015625,729.67578125
1372.2430090904236,1372.2430090904236,NoButton,Move,595.12890625,725.73046875
1372.251208305359,1372.251208305359,NoButton,Move,579.34765625,721.78515625
1372.2594380378723,1372.2594380378723,NoButton,Move,564.890625,717.98046875
1372.2675342559814,1372.2675342559814,NoButton,Move,558.98828125,716.37109375
1372.2757482528687,1372.2757482528687,NoButton,Move,548.1640625,714.33984375
1372.2838850021362,1372.2838850021362,NoButton,Move,540.4609375,712.5625
1372.2921512126923,1372.2921512126923,NoButton,Move,537.484375,712.13671875
1372.3004741668701,1372.3004741668701,NoButton,Move,531.58203125,711.0625
1372.3086531162262,1372.3086531162262,NoButton,Move,527.95703125,710.609375
1372.3162412643433,1372.3162412643433,NoButton,Move,524.98046875,710.18359375
1372.3242292404175,1372.3242292404175,NoButton,Move,523.1328125,709.8125
1372.3325390815735,1372.3325390815735,NoButton,Move,522.19140625,709.8125
1372.3407893180847,1372.3407893180847,NoButton,Move,521.6171875,709.5234375
1372.3587341308594,1372.3587341308594,Left,Pressed,521.6171875,709.5234375
1372.4683091640472,1372.4683091640472,NoButton,Move,521.4921875,709.5234375
1372.493098974228,1372.493098974228,Left,Released,521.4921875,709.5234375
1378.2904181480408,1378.2904181480408,NoButton,Move,521.4921875,709.29296875
1378.2967932224274,1378.2967932224274,NoButton,Move,521.94140625,705.66796875
1378.3076243400574,1378.3076243400574,NoButton,Move,524.9921875,701.08984375
1378.3132951259613,1378.3132951259613,NoButton,Move,528.94140625,695.4453125
1378.3212132453918,1378.3212132453918,NoButton,Move,533.0859375,688.3359375
1378.3295092582703,1378.3295092582703,NoButton,Move,538.91796875,679.90625
1378.3372962474823,1378.3372962474823,NoButton,Move,547.37109375,670.74609375
1378.3458082675934,1378.3458082675934,NoButton,Move,564.6171875,652.53515625
1378.3538444042206,1378.3538444042206,NoButton,Move,603.1328125,616.671875
1378.3624413013458,1378.3624413013458,NoButton,Move,634.265625,593.609375
1378.3703281879425,1378.3703281879425,NoButton,Move,670.68359375,570.54296875
1378.3787813186646,1378.3787813186646,NoButton,Move,712.625,548.93359375
1378.386706352234,1378.386706352234,NoButton,Move,755.8359375,529.8671875
1378.395289182663,1378.395289182663,NoButton,Move,800.3203125,512.0703125
1378.4032173156738,1378.4032173156738,NoButton,Move,819.53515625,505.08203125
1378.41166305542,1378.41166305542,NoButton,Move,858.65234375,493.2265625
1378.4194691181183,1378.4194691181183,NoButton,Move,874.4296875,490.0703125
1378.428105354309,1378.428105354309,NoButton,Move,904.60546875,484.8671875
1378.4358410835266,1378.4358410835266,NoButton,Move,929.51953125,481.03125
1378.4443531036377,1378.4443531036377,NoButton,Move,951.16015625,480.12890625
1378.5613992214203,1378.5613992214203,NoButton,Move,951.16015625,480.12890625
1378.6489431858063,1378.6489431858063,NoButton,Move,951.16015625,480.59375
1378.656810283661,1378.656810283661,NoButton,Move,951.16015625,486.4921875
1378.6648082733154,1378.6648082733154,NoButton,Move,951.72265625,493.26171875
1378.6751551628113,1378.6751551628113,NoButton,Move,952.84765625,500.03125
1378.6809341907501,1378.6809341907501,NoButton,Move,953.41015625,506.80078125
1378.689201116562,1378.689201116562,NoButton,Move,953.41015625,514.5
1378.6973271369934,1378.6973271369934,NoButton,Move,953.41015625,522.19921875
1378.705450296402,1378.705450296402,NoButton,Move,953.41015625,530.8828125
1378.7136182785034,1378.7136182785034,NoButton,Move,947.6875,547.22265625
1378.7219982147217,1378.7219982147217,NoButton,Move,940.0859375,564.94921875
1378.7301213741302,1378.7301213741302,NoButton,Move,934.25,572.7265625
1378.738430261612,1378.738430261612,NoButton,Move,923.2578125,587.94140625
1378.7465353012085,1378.7465353012085,NoButton,Move,909.73046875,601.46484375
1378.755403995514,1378.755403995514,NoButton,Move,895.8359375,612.0859375
1378.7629103660583,1378.7629103660583,NoButton,Move,881.125,621.890625
1378.7710971832275,1378.7710971832275,NoButton,Move,865.59765625,630.05859375
1378.7794251441956,1378.7794251441956,NoButton,Move,851.90234375,635.3828125
1379.30867934227,1379.30867934227,NoButton,Move,851.90234375,634.91796875
1379.3118829727173,1379.3118829727173,NoButton,Move,851.90234375,631.94140625
1379.3444192409515,1379.3444192409515,NoButton,Move,851.90234375,627.61328125
1379.3444612026215,1379.3444612026215,NoButton,Move,851.90234375,623.28515625
1379.3444993495941,1379.3444993495941,NoButton,Move,851.90234375,618.95703125
1379.3445360660553,1379.3445360660553,NoButton,Move,851.90234375,614.62890625
1379.352284193039,1379.352284193039,NoButton,Move,851.90234375,610.30078125
1379.363700389862,1379.363700389862,NoButton,Move,851.90234375,595.84375
1379.3688530921936,1379.3688530921936,NoButton,Move,851.90234375,591.515625
1379.3768932819366,1379.3768932819366,NoButton,Move,851.90234375,582.828125
1379.387933254242,1379.387933254242,NoButton,Move,853.140625,574.140625
1379.3933181762695,1379.3933181762695,NoButton,Move,854.32421875,566.4453125
1379.4015080928802,1379.4015080928802,NoButton,Move,856.09765625,558.7421875
1379.4095611572266,1379.4095611572266,NoButton,Move,857.28125,551.0390625
1379.417926311493,1379.417926311493,NoButton,Move,858.96484375,544.29296875
1379.425899028778,1379.425899028778,NoButton,Move,860.03515625,538.390625
1379.4341371059418,1379.4341371059418,NoButton,Move,860.4296875,536.0078125
1379.4424622058868,1379.4424622058868,NoButton,Move,861.390625,531.6796875
1379.450655221939,1379.450655221939,NoButton,Move,861.83984375,528.0546875
1379.4586260318756,1379.4586260318756,NoButton,Move,862.26171875,525.078125
1379.4670372009277,1379.4670372009277,NoButton,Move,862.62890625,523.234375
1379.475120306015,1379.475120306015,NoButton,Move,862.96875,521.8671875
1379.4832923412323,1379.4832923412323,NoButton,Move,863.30859375,520.5
1379.4915492534637,1379.4915492534637,NoButton,Move,863.30859375,519.92578125
1379.4998142719269,1379.4998142719269,NoButton,Move,863.56640625,519.6640625
1379.5079061985016,1379.5079061985016,NoButton,Move,863.56640625,519.40234375
1379.5161201953888,1379.5161201953888,NoButton,Move,863.56640625,519.140625
1379.5587100982666,1379.5587100982666,Left,Pressed,863.56640625,519.140625
1379.6420662403107,1379.6420662403107,Left,Released,863.56640625,519.140625
1379.9345321655273,1379.9345321655273,NoButton,Move,863.56640625,517.97265625
1379.9426112174988,1379.9426112174988,NoButton,Move,863.56640625,516.125
1379.950771331787,1379.950771331787,NoButton,Move,863.56640625,513.7421875
1379.9588901996613,1379.9588901996613,NoButton,Move,863.56640625,510.765625
1379.967469215393,1379.967469215393,NoButton,Move,863.56640625,506.4375
1379.9753241539001,1379.9753241539001,NoButton,Move,863.56640625,500.53515625
1379.9834973812103,1379.9834973812103,NoButton,Move,863.56640625,494.6328125
1379.991532087326,1379.991532087326,NoButton,Move,863.56640625,487.859375
1379.9998331069946,1379.9998331069946,NoButton,Move,863.56640625,481.0859375
1380.0078961849213,1380.0078961849213,NoButton,Move,863.56640625,474.3125
1380.0162081718445,1380.0162081718445,NoButton,Move,863.56640625,467.5390625
1380.0246231555939,1380.0246231555939,NoButton,Move,863.56640625,461.63671875
1380.0327382087708,1380.0327382087708,NoButton,Move,863.56640625,459.25390625
1380.0405802726746,1380.0405802726746,NoButton,Move,863.0546875,454.16796875
1380.049003124237,1380.049003124237,NoButton,Move,862.62890625,451.19140625
1380.0571541786194,1380.0571541786194,NoButton,Move,862.203125,448.21484375
1380.0659022331238,1380.0659022331238,NoButton,Move,861.83203125,446.3671875
1380.0735013484955,1380.0735013484955,NoButton,Move,861.48828125,445.0
1380.0833621025085,1380.0833621025085,NoButton,Move,861.19921875,444.42578125
1380.0898633003235,1380.0898633003235,NoButton,Move,860.91015625,443.8515625
1380.0981092453003,1380.0981092453003,NoButton,Move,860.91015625,443.27734375
1380.1061820983887,1380.1061820983887,NoButton,Move,860.6484375,443.015625
1380.1140682697296,1380.1140682697296,NoButton,Move,860.07421875,442.44140625
1380.122358083725,1380.122358083725,NoButton,Move,859.8125,442.1796875
1380.1307780742645,1380.1307780742645,NoButton,Move,859.23828125,441.890625
1380.1387281417847,1380.1387281417847,NoButton,Move,858.6640625,441.31640625
1380.1472792625427,1380.1472792625427,NoButton,Move,857.72265625,440.6875
1380.1552953720093,1380.1552953720093,NoButton,Move,856.6953125,439.66015625
1380.4013192653656,1380.4013192653656,NoButton,Move,855.51953125,439.66015625
1380.4093432426453,1380.4093432426453,NoButton,Move,853.671875,439.66015625
1380.4175963401794,1380.4175963401794,NoButton,Move,851.82421875,439.66015625
1380.4257793426514,1380.4257793426514,NoButton,Move,848.19921875,440.109375
1380.433657169342,1380.433657169342,NoButton,Move,843.87109375,440.58984375
1380.441917181015,1380.441917181015,NoButton,Move,839.54296875,441.55078125
1380.450058221817,1380.450058221817,NoButton,Move,835.21484375,442.51171875
1380.4583642482758,1380.4583642482758,NoButton,Move,830.88671875,442.9921875
1380.4665672779083,1380.4665672779083,NoButton,Move,826.55859375,443.953125
1380.4747951030731,1380.4747951030731,NoButton,Move,824.7109375,444.3203125
1380.483148097992,1380.483148097992,NoButton,Move,821.0859375,444.76953125
1380.4906282424927,1380.4906282424927,NoButton,Move,817.4609375,445.21875
1380.4990191459656,1380.4990191459656,NoButton,Move,815.078125,445.61328125
1380.507069349289,1380.507069349289,NoButton,Move,812.6953125,446.0078125
1380.5153322219849,1380.5153322219849,NoButton,Move,810.84765625,446.0078125
1380.5234732627869,1380.5234732627869,NoButton,Move,809.90625,446.0078125
1380.531890153885,1380.531890153885,NoButton,Move,808.96484375,446.0078125
1380.540129184723,1380.540129184723,NoButton,Move,808.390625,446.0078125
1380.5485651493073,1380.5485651493073,NoButton,Move,807.81640625,446.0078125
1380.5563530921936,1380.5563530921936,NoButton,Move,807.5546875,446.0078125
1380.5644271373749,1380.5644271373749,NoButton,Move,807.29296875,446.0078125
1380.5811603069305,1380.5811603069305,NoButton,Move,807.046875,446.0078125
1380.6467921733856,1380.6467921733856,NoButton,Move,806.8125,446.0078125
1380.6627821922302,1380.6627821922302,NoButton,Move,806.56640625,446.0078125
1380.6710231304169,1380.6710231304169,NoButton,Move,806.3046875,446.0078125
1380.67915725708,1380.67915725708,NoButton,Move,806.04296875,445.74609375
1380.6877081394196,1380.6877081394196,NoButton,Move,805.46875,445.45703125
1380.695689201355,1380.695689201355,NoButton,Move,805.20703125,445.45703125
1380.7041172981262,1380.7041172981262,NoButton,Move,804.265625,445.140625
1380.712307214737,1380.712307214737,NoButton,Move,803.69140625,444.8515625
1380.7210233211517,1380.7210233211517,NoButton,Move,803.1171875,444.5625
1380.7287442684174,1380.7287442684174,NoButton,Move,802.54296875,444.5625
1380.7367742061615,1380.7367742061615,NoButton,Move,801.96875,444.2734375
1380.7448241710663,1380.7448241710663,NoButton,Move,801.39453125,443.984375
1380.7531111240387,1380.7531111240387,NoButton,Move,800.8203125,443.984375
1380.7613360881805,1380.7613360881805,NoButton,Move,800.55859375,443.72265625
1380.7694351673126,1380.7694351673126,NoButton,Move,800.296875,443.72265625
1380.7777919769287,1380.7777919769287,NoButton,Move,799.72265625,443.72265625
1380.7858572006226,1380.7858572006226,NoButton,Move,799.4609375,443.4609375
1380.7939331531525,1380.7939331531525,NoButton,Move,799.19921875,443.4609375
1380.8021602630615,1380.8021602630615,NoButton,Move,798.625,443.171875
1380.8105573654175,1380.8105573654175,NoButton,Move,798.05078125,442.8828125
1380.8185541629791,1380.8185541629791,NoButton,Move,797.7890625,442.8828125
1380.8267431259155,1380.8267431259155,NoButton,Move,797.21484375,442.59375
1380.8350503444672,1380.8350503444672,NoButton,Move,796.640625,442.59375
1380.8431763648987,1380.8431763648987,NoButton,Move,796.06640625,442.3046875
1380.851377248764,1380.851377248764,NoButton,Move,795.8046875,442.3046875
1380.8594932556152,1380.8594932556152,NoButton,Move,795.54296875,442.04296875
1380.8676662445068,1380.8676662445068,NoButton,Move,795.28125,442.04296875
1380.8759343624115,1380.8759343624115,NoButton,Move,795.01953125,442.04296875
1380.8849432468414,1380.8849432468414,NoButton,Move,795.01953125,441.78125
1380.891799211502,1380.891799211502,NoButton,Move,794.7578125,441.78125
1380.9740962982178,1380.9740962982178,NoButton,Move,794.7578125,441.546875
1381.0233709812164,1381.0233709812164,NoButton,Move,794.51953125,441.546875
1381.0889122486115,1381.0889122486115,NoButton,Move,794.28515625,441.546875
1381.1460502147675,1381.1460502147675,NoButton,Move,794.046875,441.546875
1381.1708281040192,1381.1708281040192,NoButton,Move,794.046875,441.3046875
1381.1872341632843,1381.1872341632843,NoButton,Move,793.80078125,441.3046875
1381.2200162410736,1381.2200162410736,NoButton,Move,793.5625,441.3046875
1381.2526230812073,1381.2526230812073,NoButton,Move,793.32421875,441.3046875
1381.2934901714325,1381.2934901714325,NoButton,Move,793.0859375,441.3046875
1381.3426620960236,1381.3426620960236,NoButton,Move,792.84765625,441.3046875
1381.3753530979156,1381.3753530979156,NoButton,Move,792.84765625,441.06640625
1381.4410421848297,1381.4410421848297,NoButton,Move,792.84765625,440.83203125
1381.5759992599487,1381.5759992599487,Left,Pressed,792.84765625,440.83203125
1382.0088231563568,1382.0088231563568,NoButton,Move,792.9609375,440.83203125
1382.025220155716,1382.025220155716,NoButton,Move,793.203125,440.83203125
1382.0418150424957,1382.0418150424957,NoButton,Move,793.42578125,440.83203125
1382.0586931705475,1382.0586931705475,NoButton,Move,793.625,440.83203125
1382.0755100250244,1382.0755100250244,NoButton,Move,793.8515625,440.83203125
1382.0919761657715,1382.0919761657715,NoButton,Move,794.08984375,440.83203125
1382.1087033748627,1382.1087033748627,NoButton,Move,794.45703125,440.83203125
1382.1253581047058,1382.1253581047058,NoButton,Move,794.9609375,440.83203125
1382.1420221328735,1382.1420221328735,NoButton,Move,795.73828125,440.83203125
1382.1727242469788,1382.1727242469788,NoButton,Move,796.84375,440.83203125
1382.1752882003784,1382.1752882003784,NoButton,Move,798.0078125,440.97265625
1382.1919150352478,1382.1919150352478,NoButton,Move,799.34765625,441.11328125
1382.2089190483093,1382.2089190483093,NoButton,Move,800.57421875,441.11328125
1382.2252821922302,1382.2252821922302,NoButton,Move,801.5859375,441.11328125
1382.242210149765,1382.242210149765,NoButton,Move,802.578125,441.22265625
1382.258706331253,1382.258706331253,NoButton,Move,803.4375,441.3515625
1382.2755460739136,1382.2755460739136,NoButton,Move,804.2734375,441.3671875
1382.2922580242157,1382.2922580242157,NoButton,Move,804.953125,441.3671875
1382.308720111847,1382.308720111847,NoButton,Move,805.4765625,441.3671875
1382.325219154358,1382.325219154358,NoButton,Move,806.0,441.49609375
1382.4837460517883,1382.4837460517883,NoButton,Move,806.50390625,441.62109375
1382.4840550422668,1382.4840550422668,NoButton,Move,806.85546875,441.62109375
1382.6252212524414,1382.6252212524414,NoButton,Move,807.07421875,441.62109375
1382.6417541503906,1382.6417541503906,NoButton,Move,807.44140625,441.62109375
1382.6584372520447,1382.6584372520447,NoButton,Move,808.2421875,441.62109375
1382.6751492023468,1382.6751492023468,NoButton,Move,809.3671875,441.62109375
1382.6917941570282,1382.6917941570282,NoButton,Move,810.52734375,441.76171875
1382.7087321281433,1382.7087321281433,NoButton,Move,811.55078125,442.015625
1382.7253890037537,1382.7253890037537,NoButton,Move,812.2578125,442.14453125
1382.7422189712524,1382.7422189712524,NoButton,Move,812.78125,442.15625
1382.758671283722,1382.758671283722,NoButton,Move,813.08203125,442.15625
1382.775357246399,1382.775357246399,NoButton,Move,813.171875,442.234375
1382.8586912155151,1382.8586912155151,NoButton,Move,813.375,442.35546875
1382.9254970550537,1382.9254970550537,NoButton,Move,813.68359375,442.51171875
1382.9421391487122,1382.9421391487122,NoButton,Move,814.1015625,442.671875
1382.9587173461914,1382.9587173461914,NoButton,Move,814.75390625,442.9296875
1382.9752922058105,1382.9752922058105,NoButton,Move,815.84375,443.34375
1382.992063999176,1382.992063999176,NoButton,Move,817.3984375,443.859375
1383.008973121643,1383.008973121643,NoButton,Move,819.0234375,444.47265625
1383.0253212451935,1383.0253212451935,NoButton,Move,820.56640625,445.08203125
1383.0428850650787,1383.0428850650787,NoButton,Move,822.55078125,445.71875
1383.0587623119354,1383.0587623119354,NoButton,Move,825.8046875,446.73828125
1383.0754852294922,1383.0754852294922,NoButton,Move,830.953125,448.5078125
1383.0955402851105,1383.0955402851105,NoButton,Move,840.859375,452.02734375
1383.1087033748627,1383.1087033748627,NoButton,Move,856.3515625,456.609375
1383.125309228897,1383.125309228897,NoButton,Move,876.328125,461.34375
1383.1419560909271,1383.1419560909271,NoButton,Move,896.3515625,465.3984375
1383.1586492061615,1383.1586492061615,NoButton,Move,914.65625,468.10546875
1383.1754622459412,1383.1754622459412,NoButton,Move,931.37890625,469.984375
1383.192045211792,1383.192045211792,NoButton,Move,941.73828125,470.84765625
1383.2087001800537,1383.2087001800537,NoButton,Move,947.77734375,471.3046875
1383.2255301475525,1383.2255301475525,NoButton,Move,952.0546875,471.52734375
1383.2421081066132,1383.2421081066132,NoButton,Move,954.0703125,471.66796875
1383.258534193039,1383.258534193039,NoButton,Move,954.9140625,471.80859375
1383.6090140342712,1383.6090140342712,NoButton,Move,955.1796875,471.80859375
1383.6251730918884,1383.6251730918884,NoButton,Move,955.06640625,471.80859375
1383.6418251991272,1383.6418251991272,NoButton,Move,953.34375,471.80859375
1383.6589922904968,1383.6589922904968,NoButton,Move,942.2421875,471.80859375
1383.6758320331573,1383.6758320331573,NoButton,Move,902.3203125,471.80859375
1383.692726135254,1383.692726135254,NoButton,Move,843.98828125,471.80859375
1383.709221124649,1383.709221124649,NoButton,Move,774.796875,471.80859375
1383.725270986557,1383.725270986557,NoButton,Move,708.45703125,472.19140625
1383.7422552108765,1383.7422552108765,NoButton,Move,659.52734375,473.54296875
1383.7590301036835,1383.7590301036835,NoButton,Move,624.6484375,475.46484375
1383.7754271030426,1383.7754271030426,NoButton,Move,607.76171875,477.25
1383.7924392223358,1383.7924392223358,NoButton,Move,597.36328125,478.5703125
1383.809165239334,1383.809165239334,NoButton,Move,591.359375,479.20703125
1383.8253350257874,1383.8253350257874,NoButton,Move,589.359375,479.3515625
1384.242385149002,1384.242385149002,NoButton,Move,588.96484375,479.3515625
1384.2755951881409,1384.2755951881409,NoButton,Move,589.16796875,479.3515625
1384.292111158371,1384.292111158371,NoButton,Move,589.453125,479.3515625
1384.3086891174316,1384.3086891174316,NoButton,Move,590.48046875,479.3515625
1384.3254132270813,1384.3254132270813,NoButton,Move,595.859375,479.3515625
1384.342261314392,1384.342261314392,NoButton,Move,614.3671875,478.234375
1384.3590142726898,1384.3590142726898,NoButton,Move,656.484375,475.32421875
1384.37517619133,1384.37517619133,NoButton,Move,736.80078125,470.73046875
1384.3918421268463,1384.3918421268463,NoButton,Move,851.27734375,466.47265625
1384.4088082313538,1384.4088082313538,NoButton,Move,980.90625,463.875
1384.425287246704,1384.425287246704,NoButton,Move,1100.0703125,462.734375
1384.4419713020325,1384.4419713020325,NoButton,Move,1182.2578125,462.734375
1384.4587881565094,1384.4587881565094,NoButton,Move,1222.515625,462.55078125
1384.4754712581635,1384.4754712581635,NoButton,Move,1243.65625,462.04296875
1384.4919352531433,1384.4919352531433,NoButton,Move,1260.171875,461.45703125
1384.5086841583252,1384.5086841583252,NoButton,Move,1267.06640625,461.0234375
1384.525532245636,1384.525532245636,NoButton,Move,1268.8671875,460.71484375
1384.5420701503754,1384.5420701503754,NoButton,Move,1268.82421875,460.43359375
1384.5586380958557,1384.5586380958557,NoButton,Move,1267.5078125,459.96875
1384.575358390808,1384.575358390808,NoButton,Move,1264.8125,459.28515625
1384.5920350551605,1384.5920350551605,NoButton,Move,1262.01171875,458.74609375
1384.608980178833,1384.608980178833,NoButton,Move,1259.6640625,458.5546875
1384.626276254654,1384.626276254654,NoButton,Move,1256.8203125,458.5390625
1384.642076253891,1384.642076253891,NoButton,Move,1252.7265625,458.5390625
1384.6592121124268,1384.6592121124268,NoButton,Move,1247.84765625,458.546875
1384.6756269931793,1384.6756269931793,NoButton,Move,1243.01171875,458.96875
1384.692548274994,1384.692548274994,NoButton,Move,1239.25390625,459.88671875
1384.7085671424866,1384.7085671424866,NoButton,Move,1237.16796875,460.6875
1384.7252583503723,1384.7252583503723,NoButton,Move,1236.21484375,461.22265625
1384.775229215622,1384.775229215622,NoButton,Move,1235.97265625,461.56640625
1384.7920532226562,1384.7920532226562,NoButton,Move,1236.14453125,461.68359375
1384.8087453842163,1384.8087453842163,NoButton,Move,1236.79296875,461.8359375
1384.8254182338715,1384.8254182338715,NoButton,Move,1238.109375,462.0390625
1384.842026233673,1384.842026233673,NoButton,Move,1240.0,462.1953125
1384.8585991859436,1384.8585991859436,NoButton,Move,1242.125,462.2890625
1384.8752722740173,1384.8752722740173,NoButton,Move,1244.16015625,462.3671875
1384.89217710495,1384.89217710495,NoButton,Move,1245.890625,462.5234375
1384.9224061965942,1384.9224061965942,NoButton,Move,1247.4296875,462.59765625
1384.925407409668,1384.925407409668,NoButton,Move,1248.859375,462.59765625
1384.9418952465057,1384.9418952465057,NoButton,Move,1249.9453125,462.59765625
1384.9587152004242,1384.9587152004242,NoButton,Move,1250.6875,462.59765625
1384.9754512310028,1384.9754512310028,NoButton,Move,1251.171875,462.59765625
1386.0137810707092,1386.0137810707092,Left,Released,1251.171875,462.59765625
1387.5063242912292,1387.5063242912292,NoButton,Move,1248.390625,463.5234375
1387.5144221782684,1387.5144221782684,NoButton,Move,1242.74609375,467.47265625
1387.522616147995,1387.522616147995,NoButton,Move,1234.6796875,471.8125
1387.530856370926,1387.530856370926,NoButton,Move,1223.40625,476.7421875
1387.538800239563,1387.538800239563,NoButton,Move,1209.7109375,482.828125
1387.547256231308,1387.547256231308,NoButton,Move,1192.04296875,490.3984375
1387.5554292201996,1387.5554292201996,NoButton,Move,1154.10546875,506.9921875
1387.5635492801666,1387.5635492801666,NoButton,Move,1104.9609375,526.9140625
1387.571916103363,1387.571916103363,NoButton,Move,1007.74609375,567.5625
1387.5800313949585,1387.5800313949585,NoButton,Move,937.21484375,595.7734375
1387.5885922908783,1387.5885922908783,NoButton,Move,900.19140625,608.5
1387.5964171886444,1387.5964171886444,NoButton,Move,830.6875,633.2109375
1387.6045792102814,1387.6045792102814,NoButton,Move,763.77734375,656.01953125
1387.6127972602844,1387.6127972602844,NoButton,Move,702.046875,676.59375
1387.6209950447083,1387.6209950447083,NoButton,Move,679.72265625,683.1015625
1387.6292841434479,1387.6292841434479,NoButton,Move,633.96484375,695.80859375
1387.6374621391296,1387.6374621391296,NoButton,Move,619.5078125,698.8515625
1387.6455402374268,1387.6455402374268,NoButton,Move,591.0859375,705.953125
1387.6537420749664,1387.6537420749664,NoButton,Move,582.3984375,706.5703125
1387.693745136261,1387.693745136261,NoButton,Move,582.3984375,706.5703125
1390.2243411540985,1390.2243411540985,NoButton,Move,583.78125,705.4140625
1390.2325592041016,1390.2325592041016,NoButton,Move,586.4921875,702.69921875
1390.2406961917877,1390.2406961917877,NoButton,Move,589.85546875,699.8125
1390.2488009929657,1390.2488009929657,NoButton,Move,593.921875,696.25
1390.2571403980255,1390.2571403980255,NoButton,Move,598.74609375,692.4921875
1390.2649631500244,1390.2649631500244,NoButton,Move,607.171875,686.65625
1390.2734940052032,1390.2734940052032,NoButton,Move,617.015625,678.91796875
1390.2815191745758,1390.2815191745758,NoButton,Move,628.00390625,670.85546875
1390.2899949550629,1390.2899949550629,NoButton,Move,639.72265625,663.52734375
1390.2977812290192,1390.2977812290192,NoButton,Move,654.4296875,654.5390625
1390.3066051006317,1390.3066051006317,NoButton,Move,669.953125,647.18359375
1390.3146233558655,1390.3146233558655,NoButton,Move,685.4765625,639.828125
1390.323254108429,1390.323254108429,NoButton,Move,701.81640625,634.10546875
1390.3307001590729,1390.3307001590729,NoButton,Move,718.15625,628.3828125
1390.3403010368347,1390.3403010368347,NoButton,Move,731.34375,623.984375
1390.3471462726593,1390.3471462726593,NoButton,Move,744.53125,621.05078125
1390.3570561408997,1390.3570561408997,NoButton,Move,750.4296875,619.9765625
1390.363426208496,1390.363426208496,NoButton,Move,761.25,618.62109375
1390.3735122680664,1390.3735122680664,NoButton,Move,769.93359375,618.0
1390.3798851966858,1390.3798851966858,NoButton,Move,777.6328125,618.0
1390.4416670799255,1390.4416670799255,NoButton,Move,777.6328125,618.0
1391.0193650722504,1391.0193650722504,NoButton,Move,777.3984375,618.0
1391.0272011756897,1391.0272011756897,NoButton,Move,774.421875,618.0
1391.0356142520905,1391.0356142520905,NoButton,Move,769.3359375,618.0
1391.043561220169,1391.043561220169,NoButton,Move,763.43359375,617.4609375
1391.0516910552979,1391.0516910552979,NoButton,Move,756.66015625,615.765625
1391.0598232746124,1391.0598232746124,NoButton,Move,747.97265625,613.28125
1391.0683162212372,1391.0683162212372,NoButton,Move,728.75390625,607.1640625
1391.0763802528381,1391.0763802528381,NoButton,Move,708.01171875,599.94921875
1391.084421157837,1391.084421157837,NoButton,Move,682.359375,591.06640625
1391.0927011966705,1391.0927011966705,NoButton,Move,658.3984375,583.3984375
1391.1005501747131,1391.1005501747131,NoButton,Move,632.74609375,575.50390625
1391.108981370926,1391.108981370926,NoButton,Move,609.4921875,568.9921875
1391.1172132492065,1391.1172132492065,NoButton,Move,598.66796875,566.28515625
1391.1254801750183,1391.1254801750183,NoButton,Move,576.34375,559.7734375
1391.1337530612946,1391.1337530612946,NoButton,Move,557.74609375,555.546875
1391.1417331695557,1391.1417331695557,NoButton,Move,541.96484375,552.390625
1391.149670124054,1391.149670124054,NoButton,Move,536.0625,550.78125
1391.1581523418427,1391.1581523418427,NoButton,Move,525.23828125,548.07421875
1391.166049003601,1391.166049003601,NoButton,Move,516.55078125,546.2109375
1391.1744430065155,1391.1744430065155,NoButton,Move,509.77734375,543.953125
1391.1829171180725,1391.1829171180725,NoButton,Move,507.39453125,543.5546875
1391.1910681724548,1391.1910681724548,NoButton,Move,503.06640625,542.109375
1391.199078321457,1391.199078321457,NoButton,Move,500.08984375,541.2578125
1391.2067651748657,1391.2067651748657,NoButton,Move,498.2421875,540.515625
1391.2149612903595,1391.2149612903595,NoButton,Move,497.30078125,540.19921875
1391.2232780456543,1391.2232780456543,NoButton,Move,496.359375,539.8828125
1391.2313809394836,1391.2313809394836,NoButton,Move,496.09765625,539.62109375
1391.2397072315216,1391.2397072315216,NoButton,Move,495.5234375,539.62109375
1391.2476811408997,1391.2476811408997,NoButton,Move,495.5234375,539.359375
1391.2641582489014,1391.2641582489014,NoButton,Move,495.27734375,539.359375
1391.272937297821,1391.272937297821,NoButton,Move,495.01953125,539.1015625
1391.2810983657837,1391.2810983657837,NoButton,Move,494.703125,538.16015625
1391.2890963554382,1391.2890963554382,NoButton,Move,494.4140625,537.5859375
1391.297282218933,1391.297282218933,NoButton,Move,493.78515625,536.64453125
1391.305465221405,1391.305465221405,NoButton,Move,493.2109375,536.0703125
1391.3140799999237,1391.3140799999237,NoButton,Move,492.58203125,535.12890625
1391.3220431804657,1391.3220431804657,NoButton,Move,492.265625,534.1875
1391.3294839859009,1391.3294839859009,NoButton,Move,491.58203125,532.8203125
1391.337877035141,1391.337877035141,NoButton,Move,491.29296875,532.24609375
1391.3459341526031,1391.3459341526031,NoButton,Move,490.9765625,531.3046875
1391.354411125183,1391.354411125183,NoButton,Move,490.6875,530.73046875
1391.362624168396,1391.362624168396,NoButton,Move,490.6875,530.15625
1391.371038198471,1391.371038198471,NoButton,Move,490.6875,529.58203125
1391.3791873455048,1391.3791873455048,NoButton,Move,490.3984375,529.0078125
1391.387677192688,1391.387677192688,NoButton,Move,490.109375,528.43359375
1391.395465373993,1391.395465373993,NoButton,Move,489.79296875,527.4921875
1391.403872013092,1391.403872013092,NoButton,Move,489.1640625,526.55078125
1391.4118762016296,1391.4118762016296,NoButton,Move,488.53515625,525.609375
1391.42001414299,1391.42001414299,NoButton,Move,487.90625,524.66796875
1391.4292442798615,1391.4292442798615,NoButton,Move,487.33203125,524.09375
1391.4367311000824,1391.4367311000824,NoButton,Move,486.7578125,523.51953125
1391.4447321891785,1391.4447321891785,NoButton,Move,486.46875,522.9453125
1391.4525120258331,1391.4525120258331,NoButton,Move,486.1796875,522.37109375
1391.4606201648712,1391.4606201648712,NoButton,Move,485.91796875,522.109375
1391.4687433242798,1391.4687433242798,NoButton,Move,485.65625,521.84765625
1391.4772353172302,1391.4772353172302,NoButton,Move,485.39453125,521.5859375
1391.493634223938,1391.493634223938,NoButton,Move,485.1484375,521.33984375
1391.5018203258514,1391.5018203258514,NoButton,Move,484.88671875,521.33984375
1391.5099923610687,1391.5099923610687,NoButton,Move,484.3125,521.05078125
1391.5183291435242,1391.5183291435242,NoButton,Move,483.73828125,520.76171875
1391.5264172554016,1391.5264172554016,NoButton,Move,483.1640625,520.1875
1391.5345332622528,1391.5345332622528,NoButton,Move,482.58984375,519.8984375
1391.5432641506195,1391.5432641506195,NoButton,Move,481.6484375,519.26953125
1391.5509672164917,1391.5509672164917,NoButton,Move,481.07421875,518.98046875
1391.5591039657593,1391.5591039657593,NoButton,Move,480.1328125,518.3515625
1391.56738114357,1391.56738114357,NoButton,Move,479.55859375,518.0625
1391.5754642486572,1391.5754642486572,NoButton,Move,478.984375,517.7734375
1391.5837943553925,1391.5837943553925,NoButton,Move,478.41015625,517.19921875
1391.5919432640076,1391.5919432640076,NoButton,Move,478.1484375,516.9375
1391.6000661849976,1391.6000661849976,NoButton,Move,477.88671875,516.67578125
1391.6081850528717,1391.6081850528717,NoButton,Move,477.625,516.67578125
1391.6165881156921,1391.6165881156921,NoButton,Move,477.36328125,516.4140625
1391.6249241828918,1391.6249241828918,NoButton,Move,477.07421875,515.83984375
1391.633053302765,1391.633053302765,NoButton,Move,476.8125,515.578125
1391.6411950588226,1391.6411950588226,NoButton,Move,476.55078125,515.31640625
1391.6577162742615,1391.6577162742615,NoButton,Move,476.3046875,515.0703125
1391.6740362644196,1391.6740362644196,NoButton,Move,476.05859375,515.0703125
1391.6819672584534,1391.6819672584534,NoButton,Move,476.05859375,514.80859375
1391.706775188446,1391.706775188446,NoButton,Move,475.81640625,514.80859375
1391.7228572368622,1391.7228572368622,NoButton,Move,475.5703125,514.80859375
1391.73113322258,1391.73113322258,NoButton,Move,475.30859375,514.80859375
1391.7392971515656,1391.7392971515656,NoButton,Move,475.046875,514.80859375
1391.7476153373718,1391.7476153373718,NoButton,Move,474.78515625,514.80859375
1391.755696296692,1391.755696296692,NoButton,Move,474.5234375,514.80859375
1391.764011144638,1391.764011144638,NoButton,Move,474.26171875,514.80859375
1391.7727270126343,1391.7727270126343,NoButton,Move,473.6875,514.80859375
1391.780442237854,1391.780442237854,NoButton,Move,473.42578125,514.80859375
1391.7963671684265,1391.7963671684265,NoButton,Move,473.1796875,514.80859375
1391.804748058319,1391.804748058319,NoButton,Move,472.91796875,514.80859375
1391.8377079963684,1391.8377079963684,NoButton,Move,472.6796875,514.80859375
1391.8786470890045,1391.8786470890045,NoButton,Move,472.44140625,514.80859375
1391.9037370681763,1391.9037370681763,NoButton,Move,472.19921875,514.80859375
1391.9221062660217,1391.9221062660217,NoButton,Move,471.953125,514.80859375
1391.9518041610718,1391.9518041610718,NoButton,Move,471.71484375,514.80859375
1391.9765532016754,1391.9765532016754,NoButton,Move,471.47265625,514.80859375
1392.0011932849884,1392.0011932849884,NoButton,Move,471.23046875,514.80859375
1392.017477273941,1392.017477273941,NoButton,Move,470.984375,514.80859375
1392.0338633060455,1392.0338633060455,NoButton,Move,470.73828125,514.80859375
1392.0504732131958,1392.0504732131958,NoButton,Move,470.4921875,514.80859375
1392.0754861831665,1392.0754861831665,NoButton,Move,470.25,514.80859375
1392.0928082466125,1392.0928082466125,Left,Pressed,470.25,514.80859375
1392.2921431064606,1392.2921431064606,NoButton,Move,470.70703125,514.80859375
1392.30850815773,1392.30850815773,NoButton,Move,472.51953125,514.80859375
1392.325268983841,1392.325268983841,NoButton,Move,478.734375,514.80859375
1392.3420462608337,1392.3420462608337,NoButton,Move,488.8515625,514.80859375
1392.3586821556091,1392.3586821556091,NoButton,Move,503.26953125,514.80859375
1392.45640707016,1392.45640707016,NoButton,Move,520.12890625,514.80859375
1392.456511259079,1392.456511259079,NoButton,Move,536.15234375,514.80859375
1392.456591129303,1392.456591129303,NoButton,Move,553.31640625,514.80859375
1392.4566662311554,1392.4566662311554,NoButton,Move,570.06640625,514.80859375
1392.4567410945892,1392.4567410945892,NoButton,Move,584.9609375,515.33203125
1392.458330154419,1392.458330154419,NoButton,Move,596.02734375,516.32421875
1392.4751172065735,1392.4751172065735,NoButton,Move,603.75,517.46484375
1392.49174118042,1392.49174118042,NoButton,Move,610.4375,518.58203125
1392.5083482265472,1392.5083482265472,NoButton,Move,615.37109375,519.40234375
1392.5250051021576,1392.5250051021576,NoButton,Move,618.203125,520.0859375
1392.541710138321,1392.541710138321,NoButton,Move,619.90234375,520.5390625
1392.5585091114044,1392.5585091114044,NoButton,Move,620.91015625,520.6796875
1392.5751452445984,1392.5751452445984,NoButton,Move,621.4140625,520.80859375
1393.4759674072266,1393.4759674072266,Left,Released,621.4140625,520.80859375
1393.709406375885,1393.709406375885,Left,Pressed,621.4140625,520.80859375
1393.7924511432648,1393.7924511432648,Left,Released,621.4140625,520.80859375
1393.965811252594,1393.965811252594,NoButton,Move,621.875,520.80859375
1393.9738862514496,1393.9738862514496,NoButton,Move,624.84765625,520.80859375
1393.982402086258,1393.982402086258,NoButton,Move,629.16796875,520.80859375
1393.9905161857605,1393.9905161857605,NoButton,Move,634.25,520.80859375
1393.998740196228,1393.998740196228,NoButton,Move,638.57421875,520.80859375
1394.0069072246552,1394.0069072246552,NoButton,Move,644.47265625,520.80859375
1394.014948129654,1394.014948129654,NoButton,Move,650.37109375,520.80859375
1394.0235631465912,1394.0235631465912,NoButton,Move,656.26953125,520.80859375
1394.0319821834564,1394.0319821834564,NoButton,Move,664.953125,520.80859375
1394.0400881767273,1394.0400881767273,NoButton,Move,674.67578125,520.80859375
1394.0476801395416,1394.0476801395416,NoButton,Move,684.3984375,520.80859375
1394.0558393001556,1394.0558393001556,NoButton,Move,693.08203125,520.1875
1394.0643520355225,1394.0643520355225,NoButton,Move,700.78125,519.59375
1394.0724380016327,1394.0724380016327,NoButton,Move,707.55078125,519.02734375
1394.081567287445,1394.081567287445,NoButton,Move,709.39453125,519.02734375
1394.0888531208038,1394.0888531208038,NoButton,Move,713.71875,518.0625
1394.0973823070526,1394.0973823070526,NoButton,Move,716.69140625,518.0625
1394.1051421165466,1394.1051421165466,NoButton,Move,718.53515625,518.0625
1394.1134243011475,1394.1134243011475,NoButton,Move,719.8984375,518.0625
1394.1216111183167,1394.1216111183167,NoButton,Move,720.8359375,518.0625
1394.1299550533295,1394.1299550533295,NoButton,Move,721.40625,518.0625
1394.1381821632385,1394.1381821632385,NoButton,Move,721.6640625,518.0625
1394.1464731693268,1394.1464731693268,NoButton,Move,721.921875,518.0625
1394.1547801494598,1394.1547801494598,NoButton,Move,721.921875,517.80078125
1394.2040581703186,1394.2040581703186,NoButton,Move,721.921875,517.5625
1394.2364830970764,1394.2364830970764,NoButton,Move,721.68359375,517.5625
1394.2446901798248,1394.2446901798248,NoButton,Move,720.7421875,517.5625
1394.2528052330017,1394.2528052330017,NoButton,Move,719.80078125,517.5625
1394.2612931728363,1394.2612931728363,NoButton,Move,718.43359375,517.21875
1394.269049167633,1394.269049167633,NoButton,Move,717.06640625,517.21875
1394.2776103019714,1394.2776103019714,NoButton,Move,715.21875,517.21875
1394.2855911254883,1394.2855911254883,NoButton,Move,712.8359375,517.21875
1394.2937581539154,1394.2937581539154,NoButton,Move,710.98828125,516.84765625
1394.3019461631775,1394.3019461631775,NoButton,Move,708.60546875,516.84765625
1394.310229063034,1394.310229063034,NoButton,Move,706.7578125,516.84765625
1394.3185601234436,1394.3185601234436,NoButton,Move,704.91015625,516.84765625
1394.3259723186493,1394.3259723186493,NoButton,Move,703.0625,516.84765625
1394.3342289924622,1394.3342289924622,NoButton,Move,701.21484375,516.84765625
1394.3426542282104,1394.3426542282104,NoButton,Move,699.84765625,516.84765625
1394.3575851917267,1394.3575851917267,NoButton,Move,698.90625,516.53125
1394.3677072525024,1394.3677072525024,NoButton,Move,697.96484375,516.53125
1394.3680622577667,1394.3680622577667,NoButton,Move,697.390625,516.53125
1394.3755111694336,1394.3755111694336,NoButton,Move,696.81640625,516.53125
1394.3835639953613,1394.3835639953613,NoButton,Move,696.5546875,516.53125
1394.3920311927795,1394.3920311927795,NoButton,Move,696.29296875,516.53125
1394.4002003669739,1394.4002003669739,NoButton,Move,696.03125,516.53125
1394.4655301570892,1394.4655301570892,NoButton,Move,695.796875,516.53125
1394.5311150550842,1394.5311150550842,NoButton,Move,695.5625,516.53125
1394.5393941402435,1394.5393941402435,NoButton,Move,695.30078125,516.53125
1394.5474932193756,1394.5474932193756,NoButton,Move,695.0390625,516.53125
1394.5557231903076,1394.5557231903076,NoButton,Move,694.77734375,516.53125
1394.5638830661774,1394.5638830661774,NoButton,Move,694.515625,516.53125
1394.571801185608,1394.571801185608,NoButton,Move,694.25390625,516.53125
1394.580581188202,1394.580581188202,NoButton,Move,693.9921875,516.53125
1394.5889101028442,1394.5889101028442,NoButton,Move,693.73046875,516.53125
1394.596497297287,1394.596497297287,NoButton,Move,693.46875,516.53125
1394.613221168518,1394.613221168518,NoButton,Move,693.22265625,516.53125
1394.6699340343475,1394.6699340343475,NoButton,Move,692.984375,516.53125
1394.686555147171,1394.686555147171,NoButton,Move,692.73828125,516.53125
1394.7032470703125,1394.7032470703125,NoButton,Move,692.4921875,516.53125
1394.727723121643,1394.727723121643,NoButton,Move,692.25,516.76953125
1394.760572195053,1394.760572195053,NoButton,Move,692.01171875,516.76953125
1394.7855200767517,1394.7855200767517,NoButton,Move,692.01171875,517.0078125
1394.8012611865997,1394.8012611865997,NoButton,Move,691.765625,517.0078125
1394.8425042629242,1394.8425042629242,Left,Pressed,691.765625,517.0078125
1395.0758934020996,1395.0758934020996,NoButton,Move,692.5625,517.0078125
1395.0921592712402,1395.0921592712402,NoButton,Move,695.671875,517.0078125
1395.1167600154877,1395.1167600154877,NoButton,Move,701.91796875,517.0078125
1395.1253852844238,1395.1253852844238,NoButton,Move,712.390625,517.0078125
1395.1420302391052,1395.1420302391052,NoButton,Move,728.2109375,517.0078125
1395.1587042808533,1395.1587042808533,NoButton,Move,749.0625,517.0078125
1395.1752481460571,1395.1752481460571,NoButton,Move,778.4921875,517.22265625
1395.1919751167297,1395.1919751167297,NoButton,Move,817.33203125,518.70703125
1395.2086310386658,1395.2086310386658,NoButton,Move,855.00390625,521.25390625
1395.2253513336182,1395.2253513336182,NoButton,Move,892.01953125,523.94921875
1395.2420861721039,1395.2420861721039,NoButton,Move,930.83984375,526.640625
1395.2590482234955,1395.2590482234955,NoButton,Move,961.18359375,528.609375
1395.2756481170654,1395.2756481170654,NoButton,Move,983.796875,529.98046875
1395.2922780513763,1395.2922780513763,NoButton,Move,1002.05859375,530.953125
1395.30881524086,1395.30881524086,NoButton,Move,1015.578125,531.265625
1395.325268983841,1395.325268983841,NoButton,Move,1026.7890625,531.53515625
1395.3421182632446,1395.3421182632446,NoButton,Move,1037.71484375,532.0546875
1395.3585720062256,1395.3585720062256,NoButton,Move,1052.75390625,532.3203125
1395.375286102295,1395.375286102295,NoButton,Move,1070.765625,532.3203125
1395.3919341564178,1395.3919341564178,NoButton,Move,1086.19921875,532.3203125
1395.4086582660675,1395.4086582660675,NoButton,Move,1098.12890625,532.3203125
1395.425428390503,1395.425428390503,NoButton,Move,1107.4609375,532.26953125
1395.4419231414795,1395.4419231414795,NoButton,Move,1113.65234375,531.8359375
1395.4587173461914,1395.4587173461914,NoButton,Move,1117.15234375,531.2578125
1395.4753901958466,1395.4753901958466,NoButton,Move,1120.30078125,530.87109375
1395.492044210434,1395.492044210434,NoButton,Move,1124.56640625,530.4609375
1395.5087442398071,1395.5087442398071,NoButton,Move,1130.11328125,530.03125
1395.5252721309662,1395.5252721309662,NoButton,Move,1136.64453125,529.68359375
1395.5422503948212,1395.5422503948212,NoButton,Move,1143.83984375,529.328125
1395.5587513446808,1395.5587513446808,NoButton,Move,1151.55078125,528.7421875
1395.5754842758179,1395.5754842758179,NoButton,Move,1159.81640625,527.52734375
1395.5920612812042,1395.5920612812042,NoButton,Move,1168.62890625,525.296875
1395.608626127243,1395.608626127243,NoButton,Move,1179.3046875,521.83984375
1395.6253502368927,1395.6253502368927,NoButton,Move,1191.32421875,517.7421875
1395.6420741081238,1395.6420741081238,NoButton,Move,1200.80859375,514.375
1395.6588401794434,1395.6588401794434,NoButton,Move,1207.94140625,511.80078125
1395.6753730773926,1395.6753730773926,NoButton,Move,1213.6328125,509.80859375
1395.6919889450073,1395.6919889450073,NoButton,Move,1216.9609375,508.78515625
1395.7087252140045,1395.7087252140045,NoButton,Move,1219.140625,508.53125
1395.7254703044891,1395.7254703044891,NoButton,Move,1220.87109375,508.53125
1395.7427670955658,1395.7427670955658,NoButton,Move,1222.81640625,508.53125
1395.7590062618256,1395.7590062618256,NoButton,Move,1224.9296875,508.53125
1395.775552034378,1395.775552034378,NoButton,Move,1227.25390625,508.53125
1395.7921373844147,1395.7921373844147,NoButton,Move,1230.546875,508.53125
1395.810758113861,1395.810758113861,NoButton,Move,1235.21875,508.53125
1395.8255050182343,1395.8255050182343,NoButton,Move,1242.77734375,508.53125
1395.8436532020569,1395.8436532020569,NoButton,Move,1251.31640625,508.53125
1395.8595352172852,1395.8595352172852,NoButton,Move,1258.69140625,508.53125
1395.8754580020905,1395.8754580020905,NoButton,Move,1264.90234375,508.55859375
1395.8923561573029,1395.8923561573029,NoButton,Move,1268.83203125,508.93359375
1395.9228072166443,1395.9228072166443,NoButton,Move,1270.86328125,509.61328125
1395.9251613616943,1395.9251613616943,NoButton,Move,1271.78515625,510.328125
1395.9418852329254,1395.9418852329254,NoButton,Move,1272.01953125,510.97265625
1395.9585123062134,1395.9585123062134,NoButton,Move,1272.01953125,511.5
1395.975260257721,1395.975260257721,NoButton,Move,1272.01953125,511.890625
1396.0254230499268,1396.0254230499268,NoButton,Move,1272.01953125,512.15625
1396.0588963031769,1396.0588963031769,NoButton,Move,1272.01953125,512.44140625
1396.0755362510681,1396.0755362510681,NoButton,Move,1272.01953125,512.6953125
1396.0919573307037,1396.0919573307037,NoButton,Move,1272.01953125,512.9296875
1396.108755350113,1396.108755350113,NoButton,Move,1272.01953125,513.1796875
1396.1255142688751,1396.1255142688751,NoButton,Move,1272.01953125,513.4296875
1396.1421341896057,1396.1421341896057,NoButton,Move,1272.01953125,513.6796875
1396.1585862636566,1396.1585862636566,NoButton,Move,1272.01953125,513.9296875
1396.1753389835358,1396.1753389835358,NoButton,Move,1272.01953125,514.1171875
1396.2089281082153,1396.2089281082153,NoButton,Move,1272.01953125,514.3671875
1396.225806236267,1396.225806236267,NoButton,Move,1272.01953125,514.67578125
1396.2421071529388,1396.2421071529388,NoButton,Move,1272.01953125,515.0546875
1396.2751741409302,1396.2751741409302,NoButton,Move,1272.01953125,515.38671875
1396.2918660640717,1396.2918660640717,NoButton,Move,1272.01953125,515.5625
1396.325459241867,1396.325459241867,NoButton,Move,1272.01953125,515.80859375
1396.3587770462036,1396.3587770462036,NoButton,Move,1272.01953125,516.0703125
1396.3754470348358,1396.3754470348358,NoButton,Move,1272.01953125,516.390625
1396.3920891284943,1396.3920891284943,NoButton,Move,1272.01953125,516.8515625
1396.4088230133057,1396.4088230133057,NoButton,Move,1272.01953125,517.375
1396.4254591464996,1396.4254591464996,NoButton,Move,1272.01953125,518.0546875
1396.4755232334137,1396.4755232334137,NoButton,Move,1272.01953125,518.734375
1396.49218416214,1396.49218416214,NoButton,Move,1272.01953125,519.12109375
1396.5756170749664,1396.5756170749664,NoButton,Move,1272.01953125,519.19140625
1396.6924781799316,1396.6924781799316,NoButton,Move,1272.25,519.1328125
1396.708577156067,1396.708577156067,NoButton,Move,1273.40625,519.1328125
1396.7419261932373,1396.7419261932373,NoButton,Move,1274.9765625,519.390625
1396.7921903133392,1396.7921903133392,NoButton,Move,1275.640625,519.53125
1396.808777332306,1396.808777332306,NoButton,Move,1275.76953125,519.28125
1396.825447320938,1396.825447320938,NoButton,Move,1275.875,519.0625
1396.8586251735687,1396.8586251735687,NoButton,Move,1275.9921875,518.94140625
1396.9921720027924,1396.9921720027924,NoButton,Move,1276.109375,518.79296875
1397.0422401428223,1397.0422401428223,NoButton,Move,1276.203125,518.6875
1397.058794260025,1397.058794260025,NoButton,Move,1276.3671875,518.68359375
1397.075275182724,1397.075275182724,NoButton,Move,1276.61328125,518.671875
1397.0919332504272,1397.0919332504272,NoButton,Move,1277.046875,518.90234375
1397.1086492538452,1397.1086492538452,NoButton,Move,1277.72265625,519.15625
1397.125304222107,1397.125304222107,NoButton,Move,1278.2890625,519.359375
1397.1756610870361,1397.1756610870361,NoButton,Move,1278.5546875,519.609375
1397.192262172699,1397.192262172699,NoButton,Move,1278.79296875,519.67578125
1397.225229024887,1397.225229024887,NoButton,Move,1279.046875,519.796875
1397.2419781684875,1397.2419781684875,NoButton,Move,1279.32421875,519.8984375
1397.275467157364,1397.275467157364,NoButton,Move,1279.70703125,520.015625
1397.2918672561646,1397.2918672561646,NoButton,Move,1279.984375,520.21875
1397.3085312843323,1397.3085312843323,NoButton,Move,1280.15625,520.31640625
1397.608550310135,1397.608550310135,NoButton,Move,1280.453125,520.3671875
1397.625012397766,1397.625012397766,NoButton,Move,1281.1875,520.38671875
1397.675210237503,1397.675210237503,Left,Released,1281.1875,520.38671875
1398.6569452285767,1398.6569452285767,NoButton,Move,1277.44140625,520.38671875
1398.6651282310486,1398.6651282310486,NoButton,Move,1265.4609375,520.38671875
1398.6732652187347,1398.6732652187347,NoButton,Move,1251.00390625,520.38671875
1398.6813292503357,1398.6813292503357,NoButton,Move,1230.91015625,520.38671875
1398.6898601055145,1398.6898601055145,NoButton,Move,1207.65625,520.38671875
1398.6979122161865,1398.6979122161865,NoButton,Move,1155.85546875,520.38671875
1398.7069861888885,1398.7069861888885,NoButton,Move,1096.4609375,523.21484375
1398.714013338089,1398.714013338089,NoButton,Move,1026.5078125,532.3359375
1398.7233383655548,1398.7233383655548,NoButton,Move,956.5546875,546.01953125
1398.730453968048,1398.730453968048,NoButton,Move,882.88671875,566.39453125
1398.7400093078613,1398.7400093078613,NoButton,Move,813.3828125,591.10546875
1398.7496082782745,1398.7496082782745,NoButton,Move,747.9921875,618.4765625
1398.756723165512,1398.756723165512,NoButton,Move,691.734375,645.8828125
1398.76327419281,1398.76327419281,NoButton,Move,672.203125,658.90234375
1398.7716782093048,1398.7716782093048,NoButton,Move,656.984375,669.890625
1398.7797911167145,1398.7797911167145,NoButton,Move,627.640625,691.33203125
1398.7878801822662,1398.7878801822662,NoButton,Move,619.859375,697.8125
1398.7961630821228,1398.7961630821228,NoButton,Move,615.34375,702.890625
1398.8040833473206,1398.8040833473206,NoButton,Move,604.69140625,712.77734375
1398.8600761890411,1398.8600761890411,NoButton,Move,604.69140625,712.77734375
1403.825543165207,1403.825543165207,NoButton,Move,605.3828125,712.77734375
1403.8333990573883,1403.8333990573883,NoButton,Move,612.15234375,710.51953125
1403.8416171073914,1403.8416171073914,NoButton,Move,623.421875,704.8828125
1403.8494172096252,1403.8494172096252,NoButton,Move,657.27734375,690.2109375
1403.8575041294098,1403.8575041294098,NoButton,Move,693.140625,676.32421875
1403.8659319877625,1403.8659319877625,NoButton,Move,775.6328125,651.57421875
1403.8740992546082,1403.8740992546082,NoButton,Move,845.58203125,637.88671875
1403.8819172382355,1403.8819172382355,NoButton,Move,928.734375,628.1015625
1403.89159822464,1403.89159822464,NoButton,Move,1022.44921875,624.69140625
1404.2020993232727,1404.2020993232727,NoButton,Move,1026.32421875,624.69140625
1404.2100882530212,1404.2100882530212,NoButton,Move,1051.23828125,621.81640625
1404.2183113098145,1404.2183113098145,NoButton,Move,1085.33984375,617.4140625
1404.2263841629028,1404.2263841629028,NoButton,Move,1160.5703125,611.14453125
1404.234530210495,1404.234530210495,NoButton,Move,1254.28515625,606.03125
1404.2427010536194,1404.2427010536194,NoButton,Move,1361.20703125,606.03125
1404.250925064087,1404.250925064087,NoButton,Move,1439.98046875,606.03125
1404.2589502334595,1404.2589502334595,NoButton,Move,1439.98046875,607.86328125
1404.2668364048004,1404.2668364048004,NoButton,Move,1439.98046875,618.63671875
1404.5378382205963,1404.5378382205963,NoButton,Move,1439.04296875,618.40234375
1404.5458362102509,1404.5458362102509,NoButton,Move,1437.5625,616.921875
1404.5536541938782,1404.5536541938782,NoButton,Move,1435.97265625,614.93359375
1404.5621182918549,1404.5621182918549,NoButton,Move,1434.3828125,612.9453125
1404.5705251693726,1404.5705251693726,NoButton,Move,1432.79296875,610.95703125
1404.5786821842194,1404.5786821842194,NoButton,Move,1431.08984375,608.40625
1404.58651804924,1404.58651804924,NoButton,Move,1430.40625,607.0390625
1404.5946152210236,1404.5946152210236,NoButton,Move,1428.81640625,605.05078125
1404.6028153896332,1404.6028153896332,NoButton,Move,1427.625,602.66796875
1404.62260222435,1404.62260222435,NoButton,Move,1426.8828125,600.8203125
1404.62273812294,1404.62273812294,NoButton,Move,1426.19921875,599.453125
1404.6275131702423,1404.6275131702423,NoButton,Move,1425.515625,598.0859375
1404.6357581615448,1404.6357581615448,NoButton,Move,1425.171875,596.71875
1404.6461222171783,1404.6461222171783,NoButton,Move,1424.85546875,595.77734375
1404.6523413658142,1404.6523413658142,NoButton,Move,1424.85546875,595.203125
1404.6605670452118,1404.6605670452118,NoButton,Move,1424.59375,594.94140625
1404.6684410572052,1404.6684410572052,NoButton,Move,1424.59375,594.6796875
1404.676595211029,1404.676595211029,NoButton,Move,1424.59375,594.41796875
1404.6848073005676,1404.6848073005676,NoButton,Move,1424.33203125,594.15625
1404.6934893131256,1404.6934893131256,NoButton,Move,1424.33203125,593.89453125
1404.717689037323,1404.717689037323,NoButton,Move,1424.33203125,593.65234375
1404.7258460521698,1404.7258460521698,NoButton,Move,1424.33203125,593.078125
1404.7340371608734,1404.7340371608734,NoButton,Move,1424.33203125,592.50390625
1404.7423961162567,1404.7423961162567,NoButton,Move,1424.04296875,591.9296875
1404.7503921985626,1404.7503921985626,NoButton,Move,1424.04296875,590.98828125
1404.7586262226105,1404.7586262226105,NoButton,Move,1424.04296875,590.4140625
1404.7667591571808,1404.7667591571808,NoButton,Move,1424.04296875,589.47265625
1404.7749433517456,1404.7749433517456,NoButton,Move,1423.7265625,588.53125
1404.7831761837006,1404.7831761837006,NoButton,Move,1423.7265625,587.58984375
1404.7913410663605,1404.7913410663605,NoButton,Move,1423.4375,587.015625
1404.7997941970825,1404.7997941970825,NoButton,Move,1423.4375,586.078125
1404.8076701164246,1404.8076701164246,NoButton,Move,1423.4375,585.13671875
1404.8159379959106,1404.8159379959106,NoButton,Move,1423.1484375,584.5625
1404.82390499115,1404.82390499115,NoButton,Move,1423.1484375,583.62109375
1404.8322553634644,1404.8322553634644,NoButton,Move,1422.83203125,582.6796875
1404.8404343128204,1404.8404343128204,NoButton,Move,1422.83203125,581.73828125
1404.8485782146454,1404.8485782146454,NoButton,Move,1422.54296875,581.1640625
1404.8567740917206,1404.8567740917206,NoButton,Move,1422.54296875,580.22265625
1404.8651132583618,1404.8651132583618,NoButton,Move,1422.54296875,579.9609375
1404.8732390403748,1404.8732390403748,NoButton,Move,1422.54296875,579.38671875
1404.8813781738281,1404.8813781738281,NoButton,Move,1422.54296875,579.125
1404.8914051055908,1404.8914051055908,NoButton,Move,1422.28125,578.86328125
1404.8976662158966,1404.8976662158966,NoButton,Move,1422.28125,578.6015625
1404.906090259552,1404.906090259552,NoButton,Move,1422.28125,578.33984375
1404.9550921916962,1404.9550921916962,NoButton,Move,1422.04296875,578.33984375
1404.9962091445923,1404.9962091445923,NoButton,Move,1421.8046875,578.33984375
1405.069657087326,1405.069657087326,NoButton,Move,1421.5703125,578.33984375
1405.3562841415405,1405.3562841415405,NoButton,Move,1421.5703125,578.5703125
1405.4135212898254,1405.4135212898254,NoButton,Move,1421.5703125,578.8046875
1405.479135274887,1405.479135274887,NoButton,Move,1421.5703125,579.03515625
1405.495385169983,1405.495385169983,NoButton,Move,1421.8125,579.03515625
1405.5204401016235,1405.5204401016235,NoButton,Move,1421.8125,579.2734375
1405.5281929969788,1405.5281929969788,NoButton,Move,1422.0703125,579.2734375
1405.5521190166473,1405.5521190166473,NoButton,Move,1422.30859375,579.51171875
1405.568682193756,1405.568682193756,NoButton,Move,1422.55078125,579.51171875
1405.5929169654846,1405.5929169654846,Left,Pressed,1422.55078125,579.51171875
1405.609842300415,1405.609842300415,NoButton,Move,1422.55078125,579.6328125
1405.7256293296814,1405.7256293296814,NoButton,Move,1422.55078125,580.43359375
1405.742130279541,1405.742130279541,NoButton,Move,1422.55078125,583.2421875
1405.7587611675262,1405.7587611675262,NoButton,Move,1422.55078125,590.91796875
1405.7757091522217,1405.7757091522217,NoButton,Move,1422.55078125,605.328125
1405.8005661964417,1405.8005661964417,NoButton,Move,1422.55078125,630.71875
1405.808883190155,1405.808883190155,NoButton,Move,1422.55078125,657.53515625
1405.8526451587677,1405.8526451587677,NoButton,Move,1422.55078125,680.38671875
1405.85276222229,1405.85276222229,NoButton,Move,1422.55078125,701.078125
1405.8680670261383,1405.8680670261383,NoButton,Move,1422.55078125,716.54296875
1405.8752660751343,1405.8752660751343,NoButton,Move,1422.55078125,728.72265625
1405.8918840885162,1405.8918840885162,NoButton,Move,1422.55078125,737.609375
1405.9086110591888,1405.9086110591888,NoButton,Move,1422.55078125,744.4140625
1405.925237417221,1405.925237417221,NoButton,Move,1422.55078125,750.015625
1405.9418830871582,1405.9418830871582,NoButton,Move,1422.55078125,755.27734375
1405.9585402011871,1405.9585402011871,NoButton,Move,1422.36328125,759.68359375
1405.9752292633057,1405.9752292633057,NoButton,Move,1422.17578125,763.3984375
1405.9918911457062,1405.9918911457062,NoButton,Move,1422.17578125,766.35546875
1406.0086073875427,1406.0086073875427,NoButton,Move,1422.17578125,768.2265625
1406.0253801345825,1406.0253801345825,NoButton,Move,1422.17578125,769.1640625
1406.041980266571,1406.041980266571,NoButton,Move,1422.17578125,769.72265625
1406.1087763309479,1406.1087763309479,NoButton,Move,1422.05859375,770.0078125
1406.1587631702423,1406.1587631702423,NoButton,Move,1421.94140625,769.9140625
1406.1921172142029,1406.1921172142029,NoButton,Move,1421.83984375,769.60546875
1406.2086141109467,1406.2086141109467,NoButton,Move,1421.5546875,769.31640625
1406.2258131504059,1406.2258131504059,NoButton,Move,1421.14453125,769.1328125
1406.2258973121643,1406.2258973121643,Left,Released,1421.14453125,769.1328125
1406.2259409427643,1406.2259409427643,NoButton,Move,1420.60546875,768.86328125
1406.6336922645569,1406.6336922645569,NoButton,Move,1419.4375,768.86328125
1406.6416211128235,1406.6416211128235,NoButton,Move,1413.53515625,768.86328125
1406.6496801376343,1406.6496801376343,NoButton,Move,1401.5546875,768.86328125
1406.6578991413116,1406.6578991413116,NoButton,Move,1384.39453125,768.86328125
1406.6659851074219,1406.6659851074219,NoButton,Move,1344.0859375,768.86328125
1406.6741161346436,1406.6741161346436,NoButton,Move,1307.97265625,768.86328125
1406.6824431419373,1406.6824431419373,NoButton,Move,1267.78125,768.86328125
1406.690618276596,1406.690618276596,NoButton,Move,1246.13671875,768.86328125
1406.6987330913544,1406.6987330913544,NoButton,Move,1203.6484375,768.86328125
1406.7069532871246,1406.7069532871246,NoButton,Move,1165.46484375,768.86328125
1406.7152831554413,1406.7152831554413,NoButton,Move,1129.3515625,768.86328125
1406.7234523296356,1406.7234523296356,NoButton,Move,1093.23828125,768.86328125
1406.731406211853,1406.731406211853,NoButton,Move,1080.046875,768.12890625
1406.7398550510406,1406.7398550510406,NoButton,Move,1055.12890625,768.12890625
1406.7479090690613,1406.7479090690613,NoButton,Move,1046.44140625,768.12890625
1406.7557961940765,1406.7557961940765,NoButton,Move,1031.984375,767.3671875
1406.7637231349945,1406.7637231349945,NoButton,Move,1027.65625,767.3671875
1406.7719502449036,1406.7719502449036,NoButton,Move,1019.953125,766.7734375
1406.7800571918488,1406.7800571918488,NoButton,Move,1014.05078125,766.234375
1406.7883083820343,1406.7883083820343,NoButton,Move,1011.07421875,765.80859375
1406.7967150211334,1406.7967150211334,NoButton,Move,1009.2265625,765.4375
1406.8049683570862,1406.8049683570862,NoButton,Move,1008.28515625,765.4375
1406.8260049819946,1406.8260049819946,Left,Pressed,1008.28515625,765.4375
1406.8422071933746,1406.8422071933746,NoButton,Move,1008.015625,765.30078125
1406.9429471492767,1406.9429471492767,Left,Released,1008.015625,765.30078125
1407.198839187622,1407.198839187622,NoButton,Move,1006.609375,764.83203125
1407.206421136856,1407.206421136856,NoButton,Move,999.5,760.68359375
1407.2144870758057,1407.2144870758057,NoButton,Move,987.32421875,752.3125
1407.2227892875671,1407.2227892875671,NoButton,Move,958.71875,733.609375
1407.2309482097626,1407.2309482097626,NoButton,Move,929.375,712.1640625
1407.2391171455383,1407.2391171455383,NoButton,Move,894.16796875,686.66796875
1407.2473232746124,1407.2473232746124,NoButton,Move,853.87890625,656.77734375
1407.255431175232,1407.255431175232,NoButton,Move,814.03125,623.5703125
1407.2636971473694,1407.2636971473694,NoButton,Move,775.51171875,587.70703125
1407.2719552516937,1407.2719552516937,NoButton,Move,740.421875,551.31640625
1407.2801263332367,1407.2801263332367,NoButton,Move,725.9921875,534.1796875
1407.2883231639862,1407.2883231639862,NoButton,Move,698.7265625,503.35546875
1407.296510219574,1407.296510219574,NoButton,Move,690.97265625,493.48828125
1407.3068940639496,1407.3068940639496,NoButton,Move,685.13671875,485.70703125
1407.3128991127014,1407.3128991127014,NoButton,Move,681.37890625,480.87890625
1407.321052312851,1407.321052312851,NoButton,Move,673.625,471.01171875
1407.8778941631317,1407.8778941631317,NoButton,Move,673.16015625,471.01171875
1407.8891911506653,1407.8891911506653,NoButton,Move,670.77734375,471.01171875
1407.8942892551422,1407.8942892551422,NoButton,Move,667.80078125,471.01171875
1407.9023160934448,1407.9023160934448,NoButton,Move,664.17578125,471.01171875
1407.9104371070862,1407.9104371070862,NoButton,Move,657.40234375,469.31640625
1407.918531179428,1407.918531179428,NoButton,Move,649.69921875,466.9453125
1407.9267630577087,1407.9267630577087,NoButton,Move,640.62109375,463.0546875
1407.9349431991577,1407.9349431991577,NoButton,Move,636.29296875,461.12890625
1407.943055152893,1407.943055152893,NoButton,Move,628.2265625,457.40625
1407.9513132572174,1407.9513132572174,NoButton,Move,620.16015625,453.68359375
1407.959352016449,1407.959352016449,NoButton,Move,613.05078125,450.12890625
1407.967537164688,1407.967537164688,NoButton,Move,605.94140625,447.1640625
1407.9757192134857,1407.9757192134857,NoButton,Move,600.57421875,443.9453125
1407.9838161468506,1407.9838161468506,NoButton,Move,595.99609375,441.40234375
1407.9921162128448,1407.9921162128448,NoButton,Move,592.37109375,439.58984375
1408.0003032684326,1408.0003032684326,NoButton,Move,588.5234375,437.18359375
1408.0088822841644,1408.0088822841644,NoButton,Move,585.3515625,434.91796875
1408.0170140266418,1408.0170140266418,NoButton,Move,581.984375,432.03125
1408.0250141620636,1408.0250141620636,NoButton,Move,578.6171875,429.14453125
1408.033259153366,1408.033259153366,NoButton,Move,575.25,426.2578125
1408.0414102077484,1408.0414102077484,NoButton,Move,572.53125,423.5390625
1408.049889087677,1408.049889087677,NoButton,Move,571.05078125,422.05859375
1408.057860136032,1408.057860136032,NoButton,Move,568.92578125,419.5078125
1408.0659310817719,1408.0659310817719,NoButton,Move,567.3359375,417.51953125
1408.0742552280426,1408.0742552280426,NoButton,Move,566.2265625,416.0390625
1408.0823822021484,1408.0823822021484,NoButton,Move,565.19921875,415.01171875
1408.0907583236694,1408.0907583236694,NoButton,Move,564.5703125,414.0703125
1408.098839044571,1408.098839044571,NoButton,Move,563.99609375,413.49609375
1408.1069991588593,1408.1069991588593,NoButton,Move,563.70703125,412.921875
1408.1151871681213,1408.1151871681213,NoButton,Move,563.70703125,412.66015625
1408.1425993442535,1408.1425993442535,Left,Pressed,563.70703125,412.66015625
1408.1588621139526,1408.1588621139526,NoButton,Move,563.58203125,412.53515625
1408.2754201889038,1408.2754201889038,Left,Released,563.58203125,412.53515625
1408.426134109497,1408.426134109497,NoButton,Move,564.27734375,412.53515625
1408.434172153473,1408.434172153473,NoButton,Move,565.640625,412.53515625
1408.4424521923065,1408.4424521923065,NoButton,Move,569.26171875,412.53515625
1408.4506022930145,1408.4506022930145,NoButton,Move,575.16015625,414.6796875
1408.4588792324066,1408.4588792324066,NoButton,Move,588.08984375,421.5234375
1408.4671013355255,1408.4671013355255,NoButton,Move,600.54296875,427.3828125
1408.4750893115997,1408.4750893115997,NoButton,Move,616.06640625,434.734375
1408.4835410118103,1408.4835410118103,NoButton,Move,633.81640625,441.49609375
1408.4917361736298,1408.4917361736298,NoButton,Move,643.5390625,444.0859375
1408.4998052120209,1408.4998052120209,NoButton,Move,676.5390625,456.18359375
1408.50799202919,1408.50799202919,NoButton,Move,687.359375,456.859375
1408.5160813331604,1408.5160813331604,NoButton,Move,704.515625,458.4921875
1408.5242652893066,1408.5242652893066,NoButton,Move,724.60546875,458.4921875
1408.5324573516846,1408.5324573516846,NoButton,Move,753.0234375,458.4921875
1415.2110340595245,1415.2110340595245,NoButton,Move,755.09765625,458.4921875
1415.2189571857452,1415.2189571857452,NoButton,Move,760.99609375,458.4921875
1415.2270262241364,1415.2270262241364,NoButton,Move,766.89453125,458.4921875
1415.2352411746979,1415.2352411746979,NoButton,Move,773.6640625,458.4921875
1415.2433903217316,1415.2433903217316,NoButton,Move,782.34765625,458.4921875
1415.2515470981598,1415.2515470981598,NoButton,Move,790.046875,459.08203125
1415.2601420879364,1415.2601420879364,NoButton,Move,798.73046875,459.08203125
1415.2680172920227,1415.2680172920227,NoButton,Move,813.18359375,459.83984375
1415.2761652469635,1415.2761652469635,NoButton,Move,828.9609375,459.83984375
1415.2841742038727,1415.2841742038727,NoButton,Move,843.4140625,460.59765625
1415.292652130127,1415.292652130127,NoButton,Move,849.3125,461.1328125
1415.3008151054382,1415.3008151054382,NoButton,Move,860.1328125,461.80859375
1415.3088521957397,1415.3088521957397,NoButton,Move,868.81640625,462.42578125
1415.317134141922,1415.317134141922,NoButton,Move,871.7890625,462.84765625
1415.3253622055054,1415.3253622055054,NoButton,Move,876.87109375,463.35546875
1415.3337531089783,1415.3337531089783,NoButton,Move,880.4921875,463.8046875
1415.3417842388153,1415.3417842388153,NoButton,Move,882.87109375,464.19921875
1415.3495092391968,1415.3495092391968,NoButton,Move,884.234375,464.5390625
1415.357672214508,1415.357672214508,NoButton,Move,885.171875,464.8515625
1415.3658471107483,1415.3658471107483,NoButton,Move,885.4296875,465.109375
1415.3741672039032,1415.3741672039032,NoButton,Move,885.6875,465.3671875
1415.382410287857,1415.382410287857,NoButton,Move,885.6875,465.9375
1415.3906271457672,1415.3906271457672,NoButton,Move,885.6875,467.30078125
1415.398844242096,1415.398844242096,NoButton,Move,885.6875,469.14453125
1415.407199382782,1415.407199382782,NoButton,Move,884.8359375,472.1171875
1415.4155530929565,1415.4155530929565,NoButton,Move,882.15234375,477.48046875
1415.4236640930176,1415.4236640930176,NoButton,Move,879.328125,483.6875
1415.4318583011627,1415.4318583011627,NoButton,Move,877.0625,486.85546875
1415.4400670528412,1415.4400670528412,NoButton,Move,870.97265625,496.32421875
1415.4481761455536,1415.4481761455536,NoButton,Move,868.0859375,499.6875
1415.4563672542572,1415.4563672542572,NoButton,Move,862.75390625,505.609375
1415.4638781547546,1415.4638781547546,NoButton,Move,858.4609375,509.8984375
1415.4721772670746,1415.4721772670746,NoButton,Move,855.91015625,511.59765625
1415.4803850650787,1415.4803850650787,NoButton,Move,851.83984375,514.6484375
1415.4886720180511,1415.4886720180511,NoButton,Move,848.66796875,516.45703125
1415.4968450069427,1415.4968450069427,NoButton,Move,846.1171875,518.15625
1415.50524020195,1415.50524020195,NoButton,Move,843.140625,519.00390625
1415.513435125351,1415.513435125351,NoButton,Move,841.29296875,519.37109375
1415.5218260288239,1415.5218260288239,NoButton,Move,838.91015625,519.765625
1415.5300374031067,1415.5300374031067,NoButton,Move,837.0625,519.765625
1415.5383250713348,1415.5383250713348,NoButton,Move,835.21484375,519.765625
1415.5464260578156,1415.5464260578156,NoButton,Move,833.3671875,519.765625
1415.5545420646667,1415.5545420646667,NoButton,Move,831.51953125,519.765625
1415.5628821849823,1415.5628821849823,NoButton,Move,830.15234375,519.765625
1415.571188211441,1415.571188211441,NoButton,Move,828.3046875,519.765625
1415.5794322490692,1415.5794322490692,NoButton,Move,826.45703125,519.765625
1415.5879909992218,1415.5879909992218,NoButton,Move,825.08984375,519.765625
1415.595584154129,1415.595584154129,NoButton,Move,824.1484375,519.765625
1415.6037151813507,1415.6037151813507,NoButton,Move,822.78125,519.765625
1415.6127202510834,1415.6127202510834,NoButton,Move,821.83984375,519.765625
1415.6201441287994,1415.6201441287994,NoButton,Move,820.8984375,520.078125
1415.6330852508545,1415.6330852508545,NoButton,Move,820.21484375,521.44140625
1415.6362040042877,1415.6362040042877,NoButton,Move,819.53125,522.8046875
1415.6444602012634,1415.6444602012634,NoButton,Move,819.1328125,525.18359375
1415.652532339096,1415.652532339096,NoButton,Move,818.734375,527.5625
1415.6608781814575,1415.6608781814575,NoButton,Move,817.9375,529.94140625
1415.668855190277,1415.668855190277,NoButton,Move,817.9375,531.78515625
1415.677540063858,1415.677540063858,NoButton,Move,817.5390625,534.1640625
1415.6857261657715,1415.6857261657715,NoButton,Move,817.140625,536.54296875
1415.6939651966095,1415.6939651966095,NoButton,Move,816.7421875,538.921875
1415.7020962238312,1415.7020962238312,NoButton,Move,816.7421875,541.30078125
1415.7102830410004,1415.7102830410004,NoButton,Move,816.7421875,543.14453125
1415.718584060669,1415.718584060669,NoButton,Move,816.7421875,545.5234375
1415.7265982627869,1415.7265982627869,NoButton,Move,816.7421875,548.49609375
1415.734705209732,1415.734705209732,NoButton,Move,816.7421875,550.33984375
1415.742956161499,1415.742956161499,NoButton,Move,816.7421875,551.703125
1415.7511632442474,1415.7511632442474,NoButton,Move,817.84765625,553.546875
1415.7594842910767,1415.7594842910767,NoButton,Move,818.5859375,555.390625
1415.7675650119781,1415.7675650119781,NoButton,Move,819.69140625,557.234375
1415.775740146637,1415.775740146637,NoButton,Move,820.796875,558.7109375
1415.7838342189789,1415.7838342189789,NoButton,Move,821.421875,559.6484375
1415.7921142578125,1415.7921142578125,NoButton,Move,822.046875,560.5859375
1415.8001821041107,1415.8001821041107,NoButton,Move,822.671875,561.5234375
1415.807813167572,1415.807813167572,NoButton,Move,822.95703125,562.09375
1415.8161771297455,1415.8161771297455,NoButton,Move,823.52734375,562.6640625
1415.8244132995605,1415.8244132995605,NoButton,Move,823.78515625,562.921875
1415.8327412605286,1415.8327412605286,NoButton,Move,824.35546875,563.4921875
1415.840929031372,1415.840929031372,NoButton,Move,824.61328125,563.75
1415.849190235138,1415.849190235138,NoButton,Move,825.18359375,564.03515625
1415.8573591709137,1415.8573591709137,NoButton,Move,825.46875,564.60546875
1415.8656871318817,1415.8656871318817,NoButton,Move,826.0390625,564.890625
1415.8739602565765,1415.8739602565765,NoButton,Move,826.296875,565.1484375
1415.8823721408844,1415.8823721408844,NoButton,Move,826.8671875,565.43359375
1415.8915071487427,1415.8915071487427,NoButton,Move,827.125,565.69140625
1415.8983612060547,1415.8983612060547,NoButton,Move,827.3828125,565.69140625
1415.9068479537964,1415.9068479537964,NoButton,Move,827.640625,565.69140625
1415.9144582748413,1415.9144582748413,NoButton,Move,827.640625,565.94921875
1415.9395861625671,1415.9395861625671,NoButton,Move,827.87890625,565.94921875
1416.021359205246,1416.021359205246,NoButton,Move,827.87890625,565.71484375
1416.0296750068665,1416.0296750068665,NoButton,Move,827.87890625,565.453125
1416.037750005722,1416.037750005722,NoButton,Move,827.87890625,565.19140625
1416.0459110736847,1416.0459110736847,NoButton,Move,827.87890625,564.9296875
1416.0544362068176,1416.0544362068176,NoButton,Move,827.87890625,564.35546875
1416.0626282691956,1416.0626282691956,NoButton,Move,827.87890625,562.98828125
1416.070594072342,1416.070594072342,NoButton,Move,827.87890625,561.62109375
1416.0789532661438,1416.0789532661438,NoButton,Move,827.87890625,558.64453125
1416.0868191719055,1416.0868191719055,NoButton,Move,827.87890625,552.7421875
1416.0951871871948,1416.0951871871948,NoButton,Move,827.87890625,546.83984375
1416.1032712459564,1416.1032712459564,NoButton,Move,826.69140625,539.13671875
1416.1119952201843,1416.1119952201843,NoButton,Move,825.39453125,529.41015625
1416.1197533607483,1416.1197533607483,NoButton,Move,823.64453125,509.31640625
1416.12784409523,1416.12784409523,NoButton,Move,823.0234375,500.62890625
1419.1002449989319,1419.1002449989319,NoButton,Move,813.6796875,500.62890625
1419.1081972122192,1419.1081972122192,NoButton,Move,799.22265625,500.62890625
1419.116729259491,1419.116729259491,NoButton,Move,787.2421875,498.51171875
1419.1244821548462,1419.1244821548462,NoButton,Move,773.546875,492.421875
1419.1325612068176,1419.1325612068176,NoButton,Move,755.19921875,483.68359375
1419.140563249588,1419.140563249588,NoButton,Move,734.73828125,472.51953125
1419.1484673023224,1419.1484673023224,NoButton,Move,715.20703125,458.56640625
1419.1567842960358,1419.1567842960358,NoButton,Move,673.6171875,429.97265625
1419.1649610996246,1419.1649610996246,NoButton,Move,652.53125,415.59765625
1419.1734991073608,1419.1734991073608,NoButton,Move,614.01171875,390.74609375
1419.1816251277924,1419.1816251277924,NoButton,Move,579.6328125,368.22265625
1419.1899571418762,1419.1899571418762,NoButton,Move,566.21875,359.54296875
1419.1979670524597,1419.1979670524597,NoButton,Move,542.5390625,345.7265625
1419.206077337265,1419.206077337265,NoButton,Move,535.4296875,341.578125
1419.2143111228943,1419.2143111228943,NoButton,Move,519.90234375,332.58984375
1419.2225263118744,1419.2225263118744,NoButton,Move,508.62890625,327.65625
1419.2306973934174,1419.2306973934174,NoButton,Move,500.92578125,325.28515625
1419.3618471622467,1419.3618471622467,NoButton,Move,505.9375,325.28515625
1419.3699402809143,1419.3699402809143,NoButton,Move,509.55859375,325.28515625
1419.3782131671906,1419.3782131671906,NoButton,Move,511.40234375,324.9140625
1419.3862693309784,1419.3862693309784,NoButton,Move,512.765625,324.9140625
1419.3940651416779,1419.3940651416779,NoButton,Move,513.3359375,324.9140625
1419.4023532867432,1419.4023532867432,NoButton,Move,513.59375,324.9140625
1419.4104633331299,1419.4104633331299,NoButton,Move,513.8515625,324.9140625
1419.4353930950165,1419.4353930950165,NoButton,Move,513.609375,324.9140625
1419.4435691833496,1419.4435691833496,NoButton,Move,511.76171875,326.01953125
1419.4518792629242,1419.4518792629242,NoButton,Move,507.18359375,329.0703125
1419.4600381851196,1419.4600381851196,NoButton,Move,500.97265625,331.890625
1419.4681322574615,1419.4681322574615,NoButton,Move,492.90625,335.609375
1419.4762983322144,1419.4762983322144,NoButton,Move,483.1796875,338.84765625
1419.484479188919,1419.484479188919,NoButton,Move,472.35546875,342.2265625
1419.4927701950073,1419.4927701950073,NoButton,Move,459.1640625,344.421875
1419.5009710788727,1419.5009710788727,NoButton,Move,447.18359375,345.828125
1419.509034395218,1419.509034395218,NoButton,Move,433.9921875,346.55859375
1419.5171630382538,1419.5171630382538,NoButton,Move,428.08984375,347.09375
1419.5252861976624,1419.5252861976624,NoButton,Move,417.265625,347.09375
1419.5334870815277,1419.5334870815277,NoButton,Move,408.578125,347.09375
1419.5418450832367,1419.5418450832367,NoButton,Move,405.6015625,347.09375
1419.5499691963196,1419.5499691963196,NoButton,Move,400.515625,347.09375
1419.5580632686615,1419.5580632686615,NoButton,Move,396.1875,347.09375
1419.5663471221924,1419.5663471221924,NoButton,Move,393.2109375,347.09375
1419.5755951404572,1419.5755951404572,NoButton,Move,391.36328125,346.72265625
1419.5825781822205,1419.5825781822205,NoButton,Move,389.99609375,346.37890625
1419.6016771793365,1419.6016771793365,NoButton,Move,389.0546875,346.0625
1419.6017489433289,1419.6017489433289,NoButton,Move,388.11328125,345.74609375
1419.6079831123352,1419.6079831123352,NoButton,Move,387.5390625,345.171875
1419.6151039600372,1419.6151039600372,NoButton,Move,387.27734375,344.91015625
1419.6236510276794,1419.6236510276794,NoButton,Move,386.703125,344.62109375
1419.6314370632172,1419.6314370632172,NoButton,Move,386.44140625,344.359375
1419.640925168991,1419.640925168991,NoButton,Move,386.1796875,344.09765625
1419.6479732990265,1419.6479732990265,NoButton,Move,385.91796875,343.8359375
1419.6571261882782,1419.6571261882782,NoButton,Move,385.65625,343.57421875
1419.6641430854797,1419.6641430854797,NoButton,Move,385.39453125,343.3125
1419.6889510154724,1419.6889510154724,NoButton,Move,385.15234375,343.3125
1419.705530166626,1419.705530166626,NoButton,Move,385.15234375,343.06640625
1419.7138922214508,1419.7138922214508,NoButton,Move,384.890625,343.06640625
1419.7230331897736,1419.7230331897736,NoButton,Move,384.62890625,343.06640625
1419.7301733493805,1419.7301733493805,NoButton,Move,384.3671875,343.06640625
1419.7383501529694,1419.7383501529694,NoButton,Move,384.10546875,343.06640625
1419.7461559772491,1419.7461559772491,NoButton,Move,383.53125,342.77734375
1419.7543931007385,1419.7543931007385,NoButton,Move,383.26953125,342.77734375
1419.7626349925995,1419.7626349925995,NoButton,Move,383.0078125,342.515625
1419.7711720466614,1419.7711720466614,NoButton,Move,382.43359375,342.515625
1419.779284954071,1419.779284954071,NoButton,Move,382.171875,342.515625
1419.78759431839,1419.78759431839,NoButton,Move,381.59765625,342.515625
1419.7956893444061,1419.7956893444061,NoButton,Move,381.3359375,342.515625
1419.8038341999054,1419.8038341999054,NoButton,Move,380.76171875,342.515625
1419.812066078186,1419.812066078186,NoButton,Move,380.1875,342.515625
1419.8202512264252,1419.8202512264252,NoButton,Move,379.24609375,342.515625
1419.828399181366,1419.828399181366,NoButton,Move,378.671875,342.515625
1419.8366022109985,1419.8366022109985,NoButton,Move,377.73046875,342.515625
1419.8446960449219,1419.8446960449219,NoButton,Move,377.15625,342.515625
1419.852961063385,1419.852961063385,NoButton,Move,376.21484375,342.515625
1419.8612101078033,1419.8612101078033,NoButton,Move,375.640625,342.515625
1419.8693761825562,1419.8693761825562,NoButton,Move,375.06640625,342.515625
1419.8774981498718,1419.8774981498718,NoButton,Move,374.4921875,342.515625
1419.9099011421204,1419.9099011421204,Left,Pressed,374.4921875,342.515625
1419.9101223945618,1419.9101223945618,NoButton,Move,374.3671875,342.515625
1419.9924561977386,1419.9924561977386,Left,Released,374.3671875,342.515625
1422.3324542045593,1422.3324542045593,NoButton,Move,374.3671875,343.66796875
1422.3405313491821,1422.3405313491821,NoButton,Move,374.3671875,345.03125
1422.3486182689667,1422.3486182689667,NoButton,Move,374.3671875,346.875
1422.3570392131805,1422.3570392131805,NoButton,Move,374.3671875,348.71875
1422.3652243614197,1422.3652243614197,NoButton,Move,375.16015625,351.09765625
1422.3735144138336,1422.3735144138336,NoButton,Move,376.34765625,353.4765625
1422.3816320896149,1422.3816320896149,NoButton,Move,378.046875,356.0234375
1422.3897552490234,1422.3897552490234,NoButton,Move,379.234375,358.40234375
1422.3978402614594,1422.3978402614594,NoButton,Move,380.421875,360.78125
1422.4060022830963,1422.4060022830963,NoButton,Move,381.16015625,362.625
1422.414141178131,1422.414141178131,NoButton,Move,382.96875,365.79296875
1422.4226202964783,1422.4226202964783,NoButton,Move,383.8125,368.75390625
1422.430694103241,1422.430694103241,NoButton,Move,384.66015625,371.7265625
1422.438645362854,1422.438645362854,NoButton,Move,385.02734375,373.5703125
1422.446741104126,1422.446741104126,NoButton,Move,385.39453125,375.4140625
1422.4549403190613,1422.4549403190613,NoButton,Move,385.734375,376.77734375
1422.4632019996643,1422.4632019996643,NoButton,Move,385.734375,378.140625
1422.471568107605,1422.471568107605,NoButton,Move,385.734375,378.7109375
1422.479655265808,1422.479655265808,NoButton,Move,385.734375,379.6484375
1422.4882371425629,1422.4882371425629,NoButton,Move,385.734375,380.21875
1422.4963681697845,1422.4963681697845,NoButton,Move,385.734375,381.15625
1422.5045561790466,1422.5045561790466,NoButton,Move,385.734375,381.7265625
1422.512813091278,1422.512813091278,NoButton,Move,385.41796875,382.6640625
1422.5209052562714,1422.5209052562714,NoButton,Move,385.12890625,383.234375
1422.5290343761444,1422.5290343761444,NoButton,Move,384.83984375,383.8046875
1422.5371701717377,1422.5371701717377,NoButton,Move,384.5234375,384.7421875
1422.5453901290894,1422.5453901290894,NoButton,Move,384.234375,385.3125
1422.5536661148071,1422.5536661148071,NoButton,Move,383.97265625,385.5703125
1422.5618681907654,1422.5618681907654,NoButton,Move,383.68359375,386.140625
1422.5700232982635,1422.5700232982635,NoButton,Move,383.421875,386.3984375
1422.5781421661377,1422.5781421661377,NoButton,Move,383.16015625,386.65625
1422.5862772464752,1422.5862772464752,NoButton,Move,382.8984375,386.9140625
1422.6025431156158,1422.6025431156158,NoButton,Move,382.65234375,386.9140625
1422.6110541820526,1422.6110541820526,NoButton,Move,382.390625,386.9140625
1422.635338306427,1422.635338306427,NoButton,Move,382.1484375,386.9140625
1422.6437060832977,1422.6437060832977,NoButton,Move,381.88671875,386.9140625
1422.6518001556396,1422.6518001556396,NoButton,Move,381.625,387.171875
1422.660091161728,1422.660091161728,NoButton,Move,381.36328125,387.171875
1422.668193101883,1422.668193101883,NoButton,Move,380.7890625,387.45703125
1422.676342010498,1422.676342010498,NoButton,Move,380.52734375,387.45703125
1422.6845381259918,1422.6845381259918,NoButton,Move,380.265625,387.45703125
1422.8079462051392,1422.8079462051392,NoButton,Move,380.00390625,387.45703125
1422.8080711364746,1422.8080711364746,NoButton,Move,379.7421875,387.45703125
1422.8082880973816,1422.8082880973816,NoButton,Move,379.7421875,387.71484375
1422.808337211609,1422.808337211609,NoButton,Move,379.48046875,387.71484375
1422.8083782196045,1422.8083782196045,NoButton,Move,379.21875,387.71484375
1422.8084280490875,1422.8084280490875,NoButton,Move,378.97265625,387.71484375
1422.8084652423859,1422.8084652423859,NoButton,Move,378.7109375,387.71484375
1422.8085770606995,1422.8085770606995,Left,Pressed,378.7109375,387.71484375
1422.8086593151093,1422.8086593151093,NoButton,Move,378.58984375,387.71484375
1422.89218211174,1422.89218211174,Left,Released,378.58984375,387.71484375
1424.6498560905457,1424.6498560905457,NoButton,Move,378.58984375,390.73046875
1424.657864332199,1424.657864332199,NoButton,Move,378.58984375,391.66796875
1424.6658561229706,1424.6658561229706,NoButton,Move,378.58984375,393.03125
1424.6743071079254,1424.6743071079254,NoButton,Move,378.58984375,394.875
1424.6819832324982,1424.6819832324982,NoButton,Move,378.58984375,396.23828125
1424.6900663375854,1424.6900663375854,NoButton,Move,378.9296875,397.6015625
1424.6984102725983,1424.6984102725983,NoButton,Move,380.03515625,399.078125
1424.706621170044,1424.706621170044,NoButton,Move,381.62109375,401.0625
1424.7149231433868,1424.7149231433868,NoButton,Move,382.7265625,402.5390625
1424.7231600284576,1424.7231600284576,NoButton,Move,383.83203125,404.015625
1424.7313940525055,1424.7313940525055,NoButton,Move,384.9375,405.4921875
1424.739585161209,1424.739585161209,NoButton,Move,385.67578125,407.3359375
1424.747667312622,1424.747667312622,NoButton,Move,386.78125,409.1796875
1424.7559401988983,1424.7559401988983,NoButton,Move,387.1484375,411.0234375
1424.764050245285,1424.764050245285,NoButton,Move,387.48828125,412.38671875
1424.7722911834717,1424.7722911834717,NoButton,Move,387.828125,413.75
1424.780605316162,1424.780605316162,NoButton,Move,387.828125,415.11328125
1424.7887003421783,1424.7887003421783,NoButton,Move,387.828125,416.4765625
1424.79696726799,1424.79696726799,NoButton,Move,387.828125,417.83984375
1424.8052082061768,1424.8052082061768,NoButton,Move,387.828125,419.203125
1424.813315153122,1424.813315153122,NoButton,Move,387.828125,420.56640625
1424.8214750289917,1424.8214750289917,NoButton,Move,387.828125,421.9296875
1424.8298072814941,1424.8298072814941,NoButton,Move,387.828125,423.7734375
1424.8378732204437,1424.8378732204437,NoButton,Move,387.51171875,424.7109375
1424.846066236496,1424.846066236496,NoButton,Move,387.51171875,426.07421875
1424.8543412685394,1424.8543412685394,NoButton,Move,387.22265625,426.64453125
1424.8624062538147,1424.8624062538147,NoButton,Move,387.22265625,427.58203125
1424.8705651760101,1424.8705651760101,NoButton,Move,387.22265625,427.83984375
1424.8787860870361,1424.8787860870361,NoButton,Move,386.9609375,428.09765625
1424.8890643119812,1424.8890643119812,NoButton,Move,386.69921875,428.35546875
1424.8979923725128,1424.8979923725128,NoButton,Move,386.69921875,428.61328125
1424.9038882255554,1424.9038882255554,NoButton,Move,386.4375,428.61328125
1424.9116892814636,1424.9116892814636,NoButton,Move,386.17578125,428.61328125
1424.9202890396118,1424.9202890396118,NoButton,Move,385.9140625,428.61328125
1424.927594423294,1424.927594423294,NoButton,Move,385.65234375,428.61328125
1424.943831205368,1424.943831205368,NoButton,Move,385.40625,428.61328125
1424.9620332717896,1424.9620332717896,NoButton,Move,385.16015625,428.61328125
1424.993007183075,1424.993007183075,NoButton,Move,384.921875,428.61328125
1425.0097620487213,1425.0097620487213,NoButton,Move,384.67578125,428.61328125
1425.017967224121,1425.017967224121,NoButton,Move,384.1015625,428.61328125
1425.0261962413788,1425.0261962413788,NoButton,Move,383.83984375,428.87109375
1425.0343601703644,1425.0343601703644,NoButton,Move,383.265625,429.15625
1425.0425262451172,1425.0425262451172,NoButton,Move,383.00390625,429.4140625
1425.0506963729858,1425.0506963729858,NoButton,Move,382.4296875,429.69921875
1425.058969259262,1425.058969259262,NoButton,Move,381.85546875,429.984375
1425.066995382309,1425.066995382309,NoButton,Move,381.28125,430.26953125
1425.0752613544464,1425.0752613544464,NoButton,Move,381.01953125,430.52734375
1425.0835041999817,1425.0835041999817,NoButton,Move,380.4453125,430.8125
1425.0919241905212,1425.0919241905212,NoButton,Move,379.87109375,431.09765625
1425.0999360084534,1425.0999360084534,NoButton,Move,379.609375,431.35546875
1425.119588136673,1425.119588136673,NoButton,Move,379.34765625,431.61328125
1425.1259140968323,1425.1259140968323,Left,Pressed,379.34765625,431.61328125
1425.1422283649445,1425.1422283649445,NoButton,Move,379.22265625,431.61328125
1425.2091751098633,1425.2091751098633,Left,Released,379.22265625,431.61328125
1426.6967251300812,1426.6967251300812,NoButton,Move,379.22265625,432.53515625
1426.7047002315521,1426.7047002315521,NoButton,Move,379.22265625,433.8984375
1426.7121710777283,1426.7121710777283,NoButton,Move,379.22265625,435.7421875
1426.721185207367,1426.721185207367,NoButton,Move,379.9609375,437.5859375
1426.7290670871735,1426.7290670871735,NoButton,Move,381.546875,439.5703125
1426.737184047699,1426.737184047699,NoButton,Move,383.1328125,441.5546875
1426.7454051971436,1426.7454051971436,NoButton,Move,384.609375,443.03125
1426.7536640167236,1426.7536640167236,NoButton,Move,386.73046875,445.15234375
1426.7617499828339,1426.7617499828339,NoButton,Move,388.20703125,446.62890625
1426.769950389862,1426.769950389862,NoButton,Move,389.3125,448.47265625
1426.7781341075897,1426.7781341075897,NoButton,Move,393.06640625,453.296875
1426.7862012386322,1426.7862012386322,NoButton,Move,393.74609375,454.66015625
1426.7943851947784,1426.7943851947784,NoButton,Move,394.93359375,457.0390625
1426.8027153015137,1426.8027153015137,NoButton,Move,395.7265625,459.41796875
1426.810830116272,1426.810830116272,NoButton,Move,396.46484375,461.26171875
1426.8189961910248,1426.8189961910248,NoButton,Move,397.203125,463.10546875
1426.8271679878235,1426.8271679878235,NoButton,Move,397.54296875,464.46875
1426.8354201316833,1426.8354201316833,NoButton,Move,397.54296875,465.83203125
1426.8438110351562,1426.8438110351562,NoButton,Move,397.54296875,467.1953125
1426.8514213562012,1426.8514213562012,NoButton,Move,397.54296875,468.55859375
1426.8673021793365,1426.8673021793365,NoButton,Move,397.54296875,469.49609375
1426.86749625206,1426.86749625206,NoButton,Move,397.54296875,470.859375
1426.876629114151,1426.876629114151,NoButton,Move,397.54296875,471.796875
1426.8846552371979,1426.8846552371979,NoButton,Move,397.54296875,472.734375
1426.8931062221527,1426.8931062221527,NoButton,Move,397.54296875,473.3046875
1426.901328086853,1426.901328086853,NoButton,Move,397.54296875,474.2421875
1426.9097352027893,1426.9097352027893,NoButton,Move,397.54296875,475.17578125
1426.9173381328583,1426.9173381328583,NoButton,Move,397.54296875,475.74609375
1426.9255721569061,1426.9255721569061,NoButton,Move,396.96875,476.31640625
1426.9334211349487,1426.9334211349487,NoButton,Move,396.6796875,476.88671875
1426.9413743019104,1426.9413743019104,NoButton,Move,396.10546875,477.171875
1426.9498460292816,1426.9498460292816,NoButton,Move,395.81640625,477.7421875
1426.9583013057709,1426.9583013057709,NoButton,Move,395.2421875,478.02734375
1426.9663243293762,1426.9663243293762,NoButton,Move,394.98046875,478.28515625
1426.974445104599,1426.974445104599,NoButton,Move,394.71875,478.54296875
1426.982714176178,1426.982714176178,NoButton,Move,394.45703125,478.80078125
1426.9909512996674,1426.9909512996674,NoButton,Move,394.1953125,479.05859375
1426.9991421699524,1426.9991421699524,NoButton,Move,393.93359375,479.31640625
1427.0150001049042,1427.0150001049042,NoButton,Move,393.6875,479.55859375
1427.0238382816315,1427.0238382816315,NoButton,Move,393.42578125,479.81640625
1427.031878232956,1427.031878232956,NoButton,Move,393.1640625,479.81640625
1427.0400931835175,1427.0400931835175,NoButton,Move,392.90234375,480.07421875
1427.04825425148,1427.04825425148,NoButton,Move,392.640625,480.07421875
1427.056467294693,1427.056467294693,NoButton,Move,392.37890625,480.33203125
1427.0645422935486,1427.0645422935486,NoButton,Move,392.1171875,480.33203125
1427.0729241371155,1427.0729241371155,NoButton,Move,391.54296875,480.6171875
1427.0811083316803,1427.0811083316803,NoButton,Move,391.28125,480.6171875
1427.0887610912323,1427.0887610912323,NoButton,Move,390.70703125,480.6171875
1427.0973951816559,1427.0973951816559,NoButton,Move,390.1328125,480.6171875
1427.1055710315704,1427.1055710315704,NoButton,Move,389.55859375,480.6171875
1427.11381316185,1427.11381316185,NoButton,Move,389.296875,480.6171875
1427.1215133666992,1427.1215133666992,NoButton,Move,388.72265625,480.6171875
1427.129640340805,1427.129640340805,NoButton,Move,388.4609375,480.6171875
1427.137941122055,1427.137941122055,NoButton,Move,388.19921875,480.6171875
1427.146145105362,1427.146145105362,NoButton,Move,387.9375,480.875
1427.1542620658875,1427.1542620658875,NoButton,Move,387.36328125,480.875
1427.1625730991364,1427.1625730991364,NoButton,Move,387.1015625,481.1328125
1427.1707031726837,1427.1707031726837,NoButton,Move,386.83984375,481.1328125
1427.179024219513,1427.179024219513,NoButton,Move,386.265625,481.41796875
1427.1877150535583,1427.1877150535583,NoButton,Move,385.69140625,481.703125
1427.1956942081451,1427.1956942081451,NoButton,Move,385.4296875,481.9609375
1427.2037661075592,1427.2037661075592,NoButton,Move,384.85546875,482.24609375
1427.2120172977448,1427.2120172977448,NoButton,Move,384.59375,482.50390625
1427.2201461791992,1427.2201461791992,NoButton,Move,384.01953125,483.07421875
1427.2288801670074,1427.2288801670074,NoButton,Move,383.73046875,483.64453125
1427.2367873191833,1427.2367873191833,NoButton,Move,383.15625,484.21484375
1427.2476572990417,1427.2476572990417,NoButton,Move,382.89453125,484.47265625
1427.2528941631317,1427.2528941631317,NoButton,Move,382.60546875,485.04296875
1427.2610223293304,1427.2610223293304,NoButton,Move,382.34375,485.30078125
1427.2691271305084,1427.2691271305084,NoButton,Move,382.34375,485.55859375
1427.2775840759277,1427.2775840759277,NoButton,Move,382.08203125,485.81640625
1427.2933571338654,1427.2933571338654,NoButton,Move,381.8359375,485.81640625
1427.3017001152039,1427.3017001152039,NoButton,Move,381.57421875,485.81640625
1427.3100221157074,1427.3100221157074,NoButton,Move,381.3125,485.81640625
1427.318261384964,1427.318261384964,NoButton,Move,381.05078125,485.81640625
1427.3265120983124,1427.3265120983124,NoButton,Move,380.7890625,485.81640625
1427.334709405899,1427.334709405899,NoButton,Move,380.21484375,485.81640625
1427.3430960178375,1427.3430960178375,NoButton,Move,379.953125,485.81640625
1427.3511891365051,1427.3511891365051,NoButton,Move,379.37890625,485.81640625
1427.359363079071,1427.359363079071,NoButton,Move,379.1171875,485.81640625
1427.3675150871277,1427.3675150871277,NoButton,Move,378.54296875,485.81640625
1427.375684261322,1427.375684261322,NoButton,Move,378.28125,485.81640625
1427.383798122406,1427.383798122406,NoButton,Move,378.01953125,485.81640625
1427.3921291828156,1427.3921291828156,NoButton,Move,377.7578125,485.5546875
1427.4002952575684,1427.4002952575684,NoButton,Move,377.49609375,485.5546875
1427.4425930976868,1427.4425930976868,Left,Pressed,377.49609375,485.5546875
1427.4589550495148,1427.4589550495148,NoButton,Move,377.49609375,485.43359375
1427.5261240005493,1427.5261240005493,Left,Released,377.49609375,485.43359375
1429.4719133377075,1429.4719133377075,NoButton,Move,377.49609375,489.3828125
1429.4801831245422,1429.4801831245422,NoButton,Move,377.49609375,492.9921875
1429.4883193969727,1429.4883193969727,NoButton,Move,379.52734375,498.07421875
1429.4963283538818,1429.4963283538818,NoButton,Move,382.91015625,504.28125
1429.5043530464172,1429.5043530464172,NoButton,Move,386.859375,509.921875
1429.5124320983887,1429.5124320983887,NoButton,Move,391.37109375,515.0
1429.52060008049,1429.52060008049,NoButton,Move,395.66015625,519.2890625
1429.5288743972778,1429.5288743972778,NoButton,Move,399.0234375,522.65234375
1429.5369851589203,1429.5369851589203,NoButton,Move,401.5703125,524.7734375
1429.545074224472,1429.545074224472,NoButton,Move,403.69140625,527.3203125
1429.553415298462,1429.553415298462,NoButton,Move,404.796875,528.796875
1429.5616161823273,1429.5616161823273,NoButton,Move,407.84765625,532.86328125
1429.5698533058167,1429.5698533058167,NoButton,Move,410.109375,536.03125
1429.577998161316,1429.577998161316,NoButton,Move,411.21484375,537.875
1429.5860500335693,1429.5860500335693,NoButton,Move,411.953125,539.71875
1429.5943591594696,1429.5943591594696,NoButton,Move,412.265625,540.65625
1429.602369070053,1429.602369070053,NoButton,Move,412.55078125,541.2265625
1429.6106061935425,1429.6106061935425,NoButton,Move,412.8359375,541.796875
1429.6432802677155,1429.6432802677155,Left,Pressed,412.8359375,541.796875
1429.6435120105743,1429.6435120105743,NoButton,Move,412.8359375,541.91796875
1429.758884191513,1429.758884191513,Left,Released,412.8359375,541.91796875
1429.9385499954224,1429.9385499954224,NoButton,Move,412.8359375,541.453125
1429.9463441371918,1429.9463441371918,NoButton,Move,412.8359375,540.51171875
1429.9547271728516,1429.9547271728516,NoButton,Move,412.8359375,539.14453125
1429.9631872177124,1429.9631872177124,NoButton,Move,412.8359375,537.296875
1429.9710750579834,1429.9710750579834,NoButton,Move,412.8359375,534.9140625
1429.9789843559265,1429.9789843559265,NoButton,Move,412.8359375,531.9375
1429.9872660636902,1429.9872660636902,NoButton,Move,412.8359375,528.3125
1429.9954769611359,1429.9954769611359,NoButton,Move,413.28515625,524.6875
1430.0037713050842,1430.0037713050842,NoButton,Move,414.1328125,521.7109375
1430.0119290351868,1430.0119290351868,NoButton,Move,414.87109375,519.86328125
1430.0195682048798,1430.0195682048798,NoButton,Move,415.23828125,518.015625
1430.028222322464,1430.028222322464,NoButton,Move,416.34375,516.16796875
1430.0364170074463,1430.0364170074463,NoButton,Move,416.68359375,514.80078125
1430.0443351268768,1430.0443351268768,NoButton,Move,416.99609375,513.859375
1430.05255818367,1430.05255818367,NoButton,Move,417.30859375,512.91796875
1430.0607562065125,1430.0607562065125,NoButton,Move,417.56640625,512.65625
1430.0931231975555,1430.0931231975555,Left,Pressed,417.56640625,512.65625
1430.093248128891,1430.093248128891,NoButton,Move,417.6875,512.53125
1430.1596281528473,1430.1596281528473,Left,Released,417.6875,512.53125
1430.38827419281,1430.38827419281,NoButton,Move,418.1484375,512.53125
1430.3961610794067,1430.3961610794067,NoButton,Move,420.52734375,512.53125
1430.4044370651245,1430.4044370651245,NoButton,Move,422.37109375,512.53125
1430.412765264511,1430.412765264511,NoButton,Move,424.75,512.53125
1430.420594215393,1430.420594215393,NoButton,Move,427.12890625,512.53125
1430.4293911457062,1430.4293911457062,NoButton,Move,429.50390625,512.53125
1430.4375412464142,1430.4375412464142,NoButton,Move,433.828125,512.53125
1430.4455711841583,1430.4455711841583,NoButton,Move,438.15234375,513.01171875
1430.453532218933,1430.453532218933,NoButton,Move,443.234375,513.01171875
1430.4616701602936,1430.4616701602936,NoButton,Move,451.91796875,513.01171875
1430.4699971675873,1430.4699971675873,NoButton,Move,458.6875,513.01171875
1430.4782531261444,1430.4782531261444,NoButton,Move,468.41015625,513.01171875
1430.486524105072,1430.486524105072,NoButton,Move,487.00390625,508.78515625
1430.494677066803,1430.494677066803,NoButton,Move,505.59765625,504.55859375
1430.503006219864,1430.503006219864,NoButton,Move,528.84765625,499.90625
1430.5110912322998,1430.5110912322998,NoButton,Move,578.23046875,493.40625
1430.5192470550537,1430.5192470550537,NoButton,Move,596.82421875,490.8671875
1430.527267217636,1430.527267217636,NoButton,Move,635.00390625,487.39453125
1430.5351033210754,1430.5351033210754,NoButton,Move,673.18359375,485.078125
1430.5433142185211,1430.5433142185211,NoButton,Move,711.36328125,482.76171875
1430.5515551567078,1430.5515551567078,NoButton,Move,727.140625,482.76171875
1430.559603214264,1430.559603214264,NoButton,Move,783.94140625,482.76171875
1430.5681509971619,1430.5681509971619,NoButton,Move,795.84765625,482.76171875
1430.576372385025,1430.576372385025,NoButton,Move,805.5703125,482.76171875
1433.2912871837616,1433.2912871837616,NoButton,Move,810.2109375,482.9921875
1433.299309015274,1433.299309015274,NoButton,Move,822.15234375,485.09765625
1433.3083350658417,1433.3083350658417,NoButton,Move,835.33984375,487.29296875
1433.3152861595154,1433.3152861595154,NoButton,Move,849.79296875,490.3359375
1433.3237340450287,1433.3237340450287,NoButton,Move,868.38671875,493.71484375
1433.3315901756287,1433.3315901756287,NoButton,Move,891.63671875,496.50390625
1433.34104013443,1433.34104013443,NoButton,Move,918.2734375,498.4765625
1433.3483142852783,1433.3483142852783,NoButton,Move,977.6640625,505.546875
1433.356159210205,1433.356159210205,NoButton,Move,1087.2265625,518.1171875
1433.3642880916595,1433.3642880916595,NoButton,Move,1175.66015625,528.125
1433.3727040290833,1433.3727040290833,NoButton,Move,1266.6875,539.921875
1433.380764245987,1433.380764245987,NoButton,Move,1363.04296875,550.2421875
1433.3890371322632,1433.3890371322632,NoButton,Move,1405.52734375,555.09765625
1433.3971331119537,1433.3971331119537,NoButton,Move,1439.98046875,564.99609375
1433.4060521125793,1433.4060521125793,NoButton,Move,1439.98046875,568.125
1433.4138371944427,1433.4138371944427,NoButton,Move,1439.98046875,573.89453125
1433.421914100647,1433.421914100647,NoButton,Move,1439.98046875,575.46875
1433.430099248886,1433.430099248886,NoButton,Move,1439.98046875,576.171875
1433.4383132457733,1433.4383132457733,NoButton,Move,1439.98046875,576.734375
1433.4465682506561,1433.4465682506561,NoButton,Move,1439.98046875,577.51953125
1433.593913078308,1433.593913078308,NoButton,Move,1436.96875,579.0234375
1433.6022362709045,1433.6022362709045,NoButton,Move,1432.90625,582.06640625
1433.6105363368988,1433.6105363368988,NoButton,Move,1428.8359375,585.1171875
1433.6186492443085,1433.6186492443085,NoButton,Move,1424.0078125,588.87109375
1433.6266543865204,1433.6266543865204,NoButton,Move,1418.36328125,592.8203125
1433.6348023414612,1433.6348023414612,NoButton,Move,1410.296875,597.16015625
1433.6430411338806,1433.6430411338806,NoButton,Move,1402.23046875,600.87890625
1433.651311159134,1433.651311159134,NoButton,Move,1391.40625,604.2578125
1433.6597802639008,1433.6597802639008,NoButton,Move,1369.08203125,610.765625
1433.6675491333008,1433.6675491333008,NoButton,Move,1342.44140625,615.6953125
1433.675850391388,1433.675850391388,NoButton,Move,1290.640625,619.6796875
1433.6839311122894,1433.6839311122894,NoButton,Move,1250.33203125,619.6796875
1433.6921830177307,1433.6921830177307,NoButton,Move,1230.23828125,619.6796875
1433.7003309726715,1433.7003309726715,NoButton,Move,1189.9296875,614.9375
1433.7086231708527,1433.7086231708527,NoButton,Move,1151.74609375,607.9921875
1433.7167773246765,1433.7167773246765,NoButton,Move,1117.640625,600.2890625
1433.7249550819397,1433.7249550819397,NoButton,Move,1105.66015625,596.765625
1433.7331402301788,1433.7331402301788,NoButton,Move,1095.93359375,594.171875
1433.741527080536,1433.741527080536,NoButton,Move,1077.3359375,590.7890625
1433.7499651908875,1433.7499651908875,NoButton,Move,1072.25,589.26171875
1433.937872171402,1433.937872171402,NoButton,Move,1072.25,588.79296875
1433.9459283351898,1433.9459283351898,NoButton,Move,1071.56640625,587.42578125
1433.9542682170868,1433.9542682170868,NoButton,Move,1070.45703125,585.578125
1433.9622342586517,1433.9622342586517,NoButton,Move,1069.34765625,583.73046875
1433.9706361293793,1433.9706361293793,NoButton,Move,1067.08203125,580.55859375
1433.9800822734833,1433.9800822734833,NoButton,Move,1064.81640625,577.38671875
1433.9870283603668,1433.9870283603668,NoButton,Move,1061.44921875,574.01953125
1433.994930267334,1433.994930267334,NoButton,Move,1058.08203125,571.1328125
1434.0030493736267,1434.0030493736267,NoButton,Move,1055.36328125,568.4140625
1434.011152267456,1434.011152267456,NoButton,Move,1051.515625,566.0078125
1434.0195441246033,1434.0195441246033,NoButton,Move,1047.66796875,563.6015625
1434.0277969837189,1434.0277969837189,NoButton,Move,1045.8203125,563.23046875
1434.0359542369843,1434.0359542369843,NoButton,Move,1042.84375,561.953125
1434.0446510314941,1434.0446510314941,NoButton,Move,1039.8671875,561.1015625
1434.0525271892548,1434.0525271892548,NoButton,Move,1038.01953125,560.359375
1434.0607390403748,1434.0607390403748,NoButton,Move,1036.171875,560.359375
1434.068920135498,1434.068920135498,NoButton,Move,1034.32421875,560.359375
1434.0769174098969,1434.0769174098969,NoButton,Move,1033.3828125,560.359375
1434.0851192474365,1434.0851192474365,NoButton,Move,1032.44140625,560.359375
1434.0932190418243,1434.0932190418243,NoButton,Move,1032.1796875,560.359375
1434.1017162799835,1434.1017162799835,NoButton,Move,1031.60546875,560.359375
1434.1097521781921,1434.1097521781921,NoButton,Move,1031.34375,560.359375
1434.1178512573242,1434.1178512573242,NoButton,Move,1031.0546875,560.9296875
1434.1260821819305,1434.1260821819305,NoButton,Move,1031.0546875,561.8671875
1434.1342720985413,1434.1342720985413,NoButton,Move,1030.7109375,563.23046875
1434.14248919487,1434.14248919487,NoButton,Move,1030.39453125,564.16796875
1434.15065908432,1434.15065908432,NoButton,Move,1030.39453125,566.01171875
1434.1589801311493,1434.1589801311493,NoButton,Move,1030.0234375,567.85546875
1434.1671922206879,1434.1671922206879,NoButton,Move,1030.0234375,569.21875
1434.1752092838287,1434.1752092838287,NoButton,Move,1029.65234375,571.0625
1434.1833600997925,1434.1833600997925,NoButton,Move,1029.65234375,572.42578125
1434.1918561458588,1434.1918561458588,NoButton,Move,1029.65234375,573.36328125
1434.1998300552368,1434.1998300552368,NoButton,Move,1029.65234375,574.30078125
1434.2075200080872,1434.2075200080872,NoButton,Move,1029.65234375,574.87109375
1434.2157871723175,1434.2157871723175,NoButton,Move,1029.65234375,575.12890625
1434.2239689826965,1434.2239689826965,NoButton,Move,1029.65234375,575.38671875
1434.232212305069,1434.232212305069,NoButton,Move,1029.65234375,575.64453125
1434.2404479980469,1434.2404479980469,NoButton,Move,1029.65234375,575.90234375
1434.2487621307373,1434.2487621307373,NoButton,Move,1029.65234375,576.16015625
1434.257229089737,1434.257229089737,NoButton,Move,1029.65234375,576.41796875
1434.2652022838593,1434.2652022838593,NoButton,Move,1029.65234375,576.67578125
1434.2733311653137,1434.2733311653137,NoButton,Move,1029.65234375,577.61328125
1434.2818202972412,1434.2818202972412,NoButton,Move,1029.65234375,578.18359375
1434.2899551391602,1434.2899551391602,NoButton,Move,1029.65234375,579.12109375
1434.2980411052704,1434.2980411052704,NoButton,Move,1029.96484375,580.05859375
1434.3060553073883,1434.3060553073883,NoButton,Move,1030.27734375,580.99609375
1434.3143711090088,1434.3143711090088,NoButton,Move,1030.5625,581.56640625
1434.322585105896,1434.322585105896,NoButton,Move,1030.84765625,582.13671875
1434.3308243751526,1434.3308243751526,NoButton,Move,1030.84765625,582.70703125
1434.3388652801514,1434.3388652801514,NoButton,Move,1031.1328125,583.27734375
1434.347267150879,1434.347267150879,NoButton,Move,1031.1328125,583.53515625
1434.3553133010864,1434.3553133010864,NoButton,Move,1031.1328125,583.79296875
1434.363468170166,1434.363468170166,NoButton,Move,1031.390625,584.05078125
1434.371416091919,1434.371416091919,NoButton,Move,1031.390625,584.30859375
1434.4301533699036,1434.4301533699036,NoButton,Move,1031.625,584.30859375
1434.4373393058777,1434.4373393058777,NoButton,Move,1031.625,584.56640625
1434.8761773109436,1434.8761773109436,Left,Pressed,1031.625,584.56640625
1434.9924252033234,1434.9924252033234,NoButton,Move,1031.625,584.79296875
1435.0090062618256,1435.0090062618256,NoButton,Move,1031.625,588.375
1435.0257940292358,1435.0257940292358,NoButton,Move,1031.625,599.21875
1435.0484683513641,1435.0484683513641,NoButton,Move,1031.625,617.6640625
1435.0684821605682,1435.0684821605682,NoButton,Move,1031.625,642.94921875
1435.0758032798767,1435.0758032798767,NoButton,Move,1031.625,675.01953125
1435.095439195633,1435.095439195633,NoButton,Move,1030.4375,708.93359375
1435.1097362041473,1435.1097362041473,NoButton,Move,1027.78125,738.3515625
1435.1261920928955,1435.1261920928955,NoButton,Move,1025.6640625,760.1875
1435.1440801620483,1435.1440801620483,NoButton,Move,1023.82421875,776.31640625
1435.1590292453766,1435.1590292453766,NoButton,Move,1022.00390625,787.5859375
1435.1762731075287,1435.1762731075287,NoButton,Move,1020.97265625,795.39453125
1435.192327260971,1435.192327260971,NoButton,Move,1019.9140625,802.671875
1435.2091281414032,1435.2091281414032,NoButton,Move,1018.90625,808.56640625
1435.2257552146912,1435.2257552146912,NoButton,Move,1018.30078125,813.82421875
1435.2442591190338,1435.2442591190338,NoButton,Move,1017.9140625,818.5390625
1435.2589392662048,1435.2589392662048,NoButton,Move,1017.61328125,822.3359375
1435.2757692337036,1435.2757692337036,NoButton,Move,1017.44140625,825.62109375
1435.2922461032867,1435.2922461032867,NoButton,Move,1017.25390625,829.015625
1435.3089389801025,1435.3089389801025,NoButton,Move,1017.06640625,832.3984375
1435.325706243515,1435.325706243515,NoButton,Move,1017.06640625,835.30859375
1435.3422183990479,1435.3422183990479,NoButton,Move,1017.06640625,837.4453125
1435.3590960502625,1435.3590960502625,NoButton,Move,1016.984375,838.79296875
1435.375627040863,1435.375627040863,NoButton,Move,1016.8515625,839.546875
1435.5424292087555,1435.5424292087555,NoButton,Move,1016.796875,839.73828125
1435.5757570266724,1435.5757570266724,NoButton,Move,1016.796875,839.578125
1435.5923001766205,1435.5923001766205,NoButton,Move,1016.79296875,839.3984375
1435.7758190631866,1435.7758190631866,NoButton,Move,1016.79296875,839.421875
1435.792345046997,1435.792345046997,NoButton,Move,1016.79296875,839.80078125
1435.8089971542358,1435.8089971542358,NoButton,Move,1016.79296875,840.25390625
1435.8610081672668,1435.8610081672668,Left,Released,1016.79296875,840.25390625
1435.8612022399902,1435.8612022399902,NoButton,Move,1016.55859375,840.25390625
1436.017362356186,1436.017362356186,NoButton,Move,1016.08984375,840.25390625
1436.0251562595367,1436.0251562595367,NoButton,Move,1006.36328125,840.25390625
1436.0338003635406,1436.0338003635406,NoButton,Move,993.171875,840.25390625
1436.0415592193604,1436.0415592193604,NoButton,Move,971.52734375,840.25390625
1436.0496761798859,1436.0496761798859,NoButton,Move,943.10546875,838.22265625
1436.057745218277,1436.057745218277,NoButton,Move,914.68359375,833.14453125
1436.0660412311554,1436.0660412311554,NoButton,Move,859.265625,819.2890625
1436.0741713047028,1436.0741713047028,NoButton,Move,793.44921875,801.33984375
1436.0828521251678,1436.0828521251678,NoButton,Move,726.78515625,780.12890625
1436.0912792682648,1436.0912792682648,NoButton,Move,667.640625,761.375
1436.09889626503,1436.09889626503,NoButton,Move,609.9375,738.29296875
1436.1071071624756,1436.1071071624756,NoButton,Move,588.546875,728.9921875
1436.116963148117,1436.116963148117,NoButton,Move,570.19921875,720.25390625
1436.1255841255188,1436.1255841255188,NoButton,Move,540.63671875,707.0
1436.1317203044891,1436.1317203044891,NoButton,Move,530.48828125,702.9375
1436.1401462554932,1436.1401462554932,NoButton,Move,524.5859375,700.7890625
1436.1478531360626,1436.1478531360626,NoButton,Move,510.890625,695.4609375
1436.1572842597961,1436.1572842597961,NoButton,Move,501.1640625,692.8671875
1436.3197832107544,1436.3197832107544,NoButton,Move,501.62890625,692.8671875
1436.3279032707214,1436.3279032707214,NoButton,Move,502.9921875,692.8671875
1436.3365511894226,1436.3365511894226,NoButton,Move,503.5625,692.8671875
1436.3446021080017,1436.3446021080017,NoButton,Move,504.1328125,692.8671875
1436.3526582717896,1436.3526582717896,NoButton,Move,504.390625,692.8671875
1436.3610150814056,1436.3610150814056,NoButton,Move,504.6484375,692.8671875
1436.3773531913757,1436.3773531913757,NoButton,Move,504.890625,692.8671875
1436.4757642745972,1436.4757642745972,NoButton,Move,505.12109375,692.8671875
1436.491916179657,1436.491916179657,NoButton,Move,505.36328125,692.62109375
1436.5081112384796,1436.5081112384796,NoButton,Move,505.60546875,692.375
1436.5165832042694,1436.5165832042694,NoButton,Move,505.86328125,692.11328125
1436.5245010852814,1436.5245010852814,NoButton,Move,506.1484375,691.5390625
1436.5329241752625,1436.5329241752625,NoButton,Move,506.71875,690.96484375
1436.5413711071014,1436.5413711071014,NoButton,Move,507.2890625,690.390625
1436.5495142936707,1436.5495142936707,NoButton,Move,507.9140625,689.44921875
1436.5577652454376,1436.5577652454376,NoButton,Move,508.5390625,688.5078125
1436.5657951831818,1436.5657951831818,NoButton,Move,509.1640625,687.56640625
1436.5748481750488,1436.5748481750488,NoButton,Move,509.7890625,686.625
1436.5822241306305,1436.5822241306305,NoButton,Move,510.4140625,685.68359375
1436.5903050899506,1436.5903050899506,NoButton,Move,511.09375,684.31640625
1436.5986590385437,1436.5986590385437,NoButton,Move,511.71875,683.375
1436.6067860126495,1436.6067860126495,NoButton,Move,512.00390625,682.80078125
1436.614939212799,1436.614939212799,NoButton,Move,512.2890625,682.2265625
1436.642985343933,1436.642985343933,Left,Pressed,512.2890625,682.2265625
1436.6592030525208,1436.6592030525208,NoButton,Move,512.421875,681.95703125
1436.7260873317719,1436.7260873317719,NoButton,Move,512.0390625,681.6875
1436.7424681186676,1436.7424681186676,NoButton,Move,508.71484375,681.6875
1436.7590560913086,1436.7590560913086,NoButton,Move,496.52734375,681.6875
1436.7765111923218,1436.7765111923218,NoButton,Move,470.4296875,681.6875
1436.79261636734,1436.79261636734,NoButton,Move,431.62890625,681.6875
1436.8120040893555,1436.8120040893555,NoButton,Move,395.0859375,681.6875
1436.82568025589,1436.82568025589,NoButton,Move,368.41015625,681.6875
1436.8423812389374,1436.8423812389374,NoButton,Move,348.36328125,681.6875
1436.8604362010956,1436.8604362010956,NoButton,Move,335.75,681.6875
1436.875841140747,1436.875841140747,NoButton,Move,328.8828125,681.6875
1436.8927772045135,1436.8927772045135,NoButton,Move,326.08984375,681.6875
1437.1759941577911,1437.1759941577911,NoButton,Move,325.26171875,681.6875
1437.2030231952667,1437.2030231952667,NoButton,Move,325.046875,681.6875
1437.2089793682098,1437.2089793682098,NoButton,Move,324.921875,681.6875
1437.225652217865,1437.225652217865,NoButton,Move,324.68359375,681.6875
1437.242442369461,1437.242442369461,NoButton,Move,324.3515625,681.6875
1437.2591302394867,1437.2591302394867,NoButton,Move,323.9765625,681.6875
1437.2762241363525,1437.2762241363525,Left,Released,323.9765625,681.6875
1440.7506003379822,1440.7506003379822,NoButton,Move,325.8203125,681.6875
1440.7588200569153,1440.7588200569153,NoButton,Move,330.90234375,681.6875
1440.7668950557709,1440.7668950557709,NoButton,Move,335.984375,681.6875
1440.7746963500977,1440.7746963500977,NoButton,Move,343.68359375,681.09375
1440.7828722000122,1440.7828722000122,NoButton,Move,353.40625,681.09375
1440.7909591197968,1440.7909591197968,NoButton,Move,370.5625,679.45703125
1440.7993512153625,1440.7993512153625,NoButton,Move,392.203125,678.5546875
1440.8076453208923,1440.8076453208923,NoButton,Move,418.83984375,677.56640625
1440.8158032894135,1440.8158032894135,NoButton,Move,447.2578125,676.55078125
1440.824294090271,1440.824294090271,NoButton,Move,479.40625,674.40625
1440.8324611186981,1440.8324611186981,NoButton,Move,511.5546875,672.26171875
1440.8406772613525,1440.8406772613525,NoButton,Move,539.97265625,670.23046875
1440.8488402366638,1440.8488402366638,NoButton,Move,551.94921875,668.8203125
1440.8570091724396,1440.8570091724396,NoButton,Move,575.19921875,666.95703125
1440.8652861118317,1440.8652861118317,NoButton,Move,582.8984375,666.36328125
1440.8734312057495,1440.8734312057495,NoButton,Move,598.67578125,664.78515625
1440.881566286087,1440.881566286087,NoButton,Move,610.65234375,663.375
1440.89062333107,1440.89062333107,NoButton,Move,619.3359375,662.75390625
1441.119383096695,1441.119383096695,NoButton,Move,619.3359375,662.51953125
1441.1274621486664,1441.1274621486664,NoButton,Move,619.3359375,661.15234375
1441.1349971294403,1441.1349971294403,NoButton,Move,620.921875,659.1640625
1441.1432693004608,1441.1432693004608,NoButton,Move,622.62109375,656.61328125
1441.1512854099274,1441.1512854099274,NoButton,Move,625.3359375,653.89453125
1441.1595051288605,1441.1595051288605,NoButton,Move,628.21875,650.52734375
1441.1677770614624,1441.1677770614624,NoButton,Move,629.2421875,649.5
1441.1759901046753,1441.1759901046753,NoButton,Move,631.7890625,647.375
1441.1842041015625,1441.1842041015625,NoButton,Move,633.265625,645.89453125
1441.192461013794,1441.192461013794,NoButton,Move,634.7421875,644.4140625
1441.2006311416626,1441.2006311416626,NoButton,Move,635.3125,643.83984375
1441.2090601921082,1441.2090601921082,NoButton,Move,636.25,643.2109375
1441.225747346878,1441.225747346878,Left,Pressed,636.25,643.2109375
1441.2422840595245,1441.2422840595245,NoButton,Move,636.515625,643.07421875
1441.3092169761658,1441.3092169761658,Left,Released,636.515625,643.07421875
1443.6074831485748,1443.6074831485748,NoButton,Move,636.9765625,643.07421875
1443.615322113037,1443.615322113037,NoButton,Move,642.05859375,644.59765625
1443.6237213611603,1443.6237213611603,NoButton,Move,648.265625,647.98046875
1443.631735086441,1443.631735086441,NoButton,Move,656.328125,652.3203125
1443.639671087265,1443.639671087265,NoButton,Move,666.47265625,657.0546875
1443.6476421356201,1443.6476421356201,NoButton,Move,676.6171875,661.7890625
1443.6562240123749,1443.6562240123749,NoButton,Move,696.453125,671.70703125
1443.6641583442688,1443.6641583442688,NoButton,Move,721.1171875,682.55859375
1443.6726331710815,1443.6726331710815,NoButton,Move,745.78125,694.39453125
1443.6807281970978,1443.6807281970978,NoButton,Move,769.45703125,707.21875
1443.6888632774353,1443.6888632774353,NoButton,Move,794.12109375,718.0703125
1443.6970102787018,1443.6970102787018,NoButton,Move,803.1953125,722.60546875
1443.7051730155945,1443.7051730155945,NoButton,Move,809.40234375,725.42578125
1443.7134761810303,1443.7134761810303,NoButton,Move,814.765625,728.10546875
1443.7215893268585,1443.7215893268585,NoButton,Move,822.828125,732.4453125
1444.0004563331604,1444.0004563331604,NoButton,Move,822.828125,731.98046875
1444.0084080696106,1444.0084080696106,NoButton,Move,822.828125,731.0390625
1444.0164241790771,1444.0164241790771,NoButton,Move,822.828125,729.671875
1444.0245912075043,1444.0245912075043,NoButton,Move,822.828125,728.73046875
1444.0330622196198,1444.0330622196198,NoButton,Move,822.484375,727.36328125
1444.041062116623,1444.041062116623,NoButton,Move,822.484375,725.99609375
1444.0492532253265,1444.0492532253265,NoButton,Move,822.484375,725.0546875
1444.0573990345001,1444.0573990345001,NoButton,Move,822.484375,724.11328125
1444.065463066101,1444.065463066101,NoButton,Move,822.140625,722.74609375
1444.0761651992798,1444.0761651992798,NoButton,Move,822.140625,722.171875
1444.081972360611,1444.081972360611,NoButton,Move,821.82421875,721.23046875
1444.105618238449,1444.105618238449,NoButton,Move,821.5078125,720.2890625
1444.1057803630829,1444.1057803630829,NoButton,Move,821.5078125,719.71484375
1444.1062152385712,1444.1062152385712,NoButton,Move,821.21875,719.140625
1444.1145169734955,1444.1145169734955,NoButton,Move,820.9296875,718.56640625
1444.1254172325134,1444.1254172325134,NoButton,Move,820.640625,717.9921875
1444.1310772895813,1444.1310772895813,NoButton,Move,820.640625,717.73046875
1444.141960144043,1444.141960144043,NoButton,Move,820.3515625,717.15625
1444.1472702026367,1444.1472702026367,NoButton,Move,820.3515625,716.89453125
1444.1583302021027,1444.1583302021027,NoButton,Move,820.3515625,716.6328125
1444.1635839939117,1444.1635839939117,NoButton,Move,820.08984375,716.37109375
1444.179939031601,1444.179939031601,NoButton,Move,820.08984375,716.125
1444.1966090202332,1444.1966090202332,NoButton,Move,820.08984375,715.87890625
1444.2291882038116,1444.2291882038116,NoButton,Move,819.8515625,715.87890625
1444.4426600933075,1444.4426600933075,Left,Pressed,819.8515625,715.87890625
1444.5925681591034,1444.5925681591034,NoButton,Move,819.8515625,716.32421875
1444.609048128128,1444.609048128128,NoButton,Move,819.4140625,719.02734375
1444.6257071495056,1444.6257071495056,NoButton,Move,817.89453125,724.27734375
1444.6741931438446,1444.6741931438446,NoButton,Move,814.93359375,730.9375
1444.674417257309,1444.674417257309,NoButton,Move,811.0,738.57421875
1444.675406217575,1444.675406217575,NoButton,Move,807.5078125,745.609375
1444.6922433376312,1444.6922433376312,NoButton,Move,804.84375,750.67578125
1444.7089819908142,1444.7089819908142,NoButton,Move,802.79296875,754.515625
1444.7282092571259,1444.7282092571259,NoButton,Move,801.421875,757.390625
1444.7422461509705,1444.7422461509705,NoButton,Move,800.51171875,759.37890625
1444.7588601112366,1444.7588601112366,NoButton,Move,799.90234375,760.9453125
1444.7755031585693,1444.7755031585693,NoButton,Move,799.3515625,762.3359375
1444.7922041416168,1444.7922041416168,NoButton,Move,798.890625,763.73046875
1444.8088340759277,1444.8088340759277,NoButton,Move,798.5859375,765.125
1444.8255171775818,1444.8255171775818,NoButton,Move,798.30078125,766.33203125
1444.8422751426697,1444.8422751426697,NoButton,Move,798.1484375,767.19140625
1444.858951330185,1444.858951330185,NoButton,Move,798.00390625,767.87109375
1444.8753912448883,1444.8753912448883,NoButton,Move,797.87109375,768.39453125
1444.8924810886383,1444.8924810886383,NoButton,Move,797.87109375,768.91796875
1445.0427193641663,1445.0427193641663,NoButton,Move,797.87109375,769.17578125
1445.0591342449188,1445.0591342449188,NoButton,Move,798.046875,769.1328125
1445.0756154060364,1445.0756154060364,NoButton,Move,798.484375,768.82421875
1445.092336177826,1445.092336177826,NoButton,Move,799.31640625,768.0546875
1445.1129472255707,1445.1129472255707,NoButton,Move,800.93359375,766.90625
1445.125580072403,1445.125580072403,NoButton,Move,803.43359375,765.34765625
1445.1423013210297,1445.1423013210297,NoButton,Move,806.4609375,763.51171875
1445.15909409523,1445.15909409523,NoButton,Move,809.73828125,761.5390625
1445.1806762218475,1445.1806762218475,NoButton,Move,813.17578125,759.21484375
1445.1994082927704,1445.1994082927704,NoButton,Move,816.50390625,756.6015625
1445.208796262741,1445.208796262741,NoButton,Move,819.3359375,754.26171875
1445.2308931350708,1445.2308931350708,NoButton,Move,821.3125,752.57421875
1445.2422893047333,1445.2422893047333,NoButton,Move,822.36328125,751.46875
1445.2596662044525,1445.2596662044525,NoButton,Move,822.8359375,750.91015625
1445.342350244522,1445.342350244522,Left,Released,822.8359375,750.91015625
1445.9981002807617,1445.9981002807617,NoButton,Move,822.140625,750.91015625
1446.0057063102722,1446.0057063102722,NoButton,Move,817.8125,750.91015625
1446.014003276825,1446.014003276825,NoButton,Move,811.91015625,750.91015625
1446.022765159607,1446.022765159607,NoButton,Move,802.18359375,750.91015625
1446.0306272506714,1446.0306272506714,NoButton,Move,783.5859375,749.21875
1446.0386080741882,1446.0386080741882,NoButton,Move,766.42578125,746.765625
1446.047119140625,1446.047119140625,NoButton,Move,756.69921875,745.46875
1446.054752111435,1446.054752111435,NoButton,Move,738.1015625,742.9296875
1446.0628101825714,1446.0628101825714,NoButton,Move,719.50390625,739.546875
1446.0707812309265,1446.0707812309265,NoButton,Move,699.41015625,736.05078125
1446.0793063640594,1446.0793063640594,NoButton,Move,680.8125,733.51171875
1446.0875000953674,1446.0875000953674,NoButton,Move,663.65234375,731.05859375
1446.0955362319946,1446.0955362319946,NoButton,Move,656.87890625,729.9296875
1446.103722333908,1446.103722333908,NoButton,Move,644.8984375,728.51953125
1446.1119680404663,1446.1119680404663,NoButton,Move,635.171875,727.22265625
1446.1204102039337,1446.1204102039337,NoButton,Move,627.46875,726.62890625
1446.128540277481,1446.128540277481,NoButton,Move,621.56640625,726.62890625
1446.3660612106323,1446.3660612106323,NoButton,Move,621.1015625,726.62890625
1446.3740379810333,1446.3740379810333,NoButton,Move,618.71875,726.62890625
1446.3825261592865,1446.3825261592865,NoButton,Move,616.87109375,726.62890625
1446.3902671337128,1446.3902671337128,NoButton,Move,614.48828125,726.23046875
1446.3986003398895,1446.3986003398895,NoButton,Move,612.10546875,725.0390625
1446.4079022407532,1446.4079022407532,NoButton,Move,609.72265625,723.84765625
1446.4147913455963,1446.4147913455963,NoButton,Move,605.14453125,721.3046875
1446.4229891300201,1446.4229891300201,NoButton,Move,600.56640625,718.76171875
1446.4311673641205,1446.4311673641205,NoButton,Move,599.0859375,717.65234375
1446.4393141269684,1446.4393141269684,NoButton,Move,595.9140625,715.38671875
1446.4476110935211,1446.4476110935211,NoButton,Move,593.36328125,713.68359375
1446.4557511806488,1446.4557511806488,NoButton,Move,591.515625,712.57421875
1446.464170217514,1446.464170217514,NoButton,Move,590.48828125,711.546875
1446.472989320755,1446.472989320755,NoButton,Move,589.546875,710.91796875
1446.480663061142,1446.480663061142,NoButton,Move,588.97265625,710.34375
1446.4888892173767,1446.4888892173767,NoButton,Move,588.7109375,710.08203125
1446.4970972537994,1446.4970972537994,NoButton,Move,588.44921875,709.8203125
1446.505066394806,1446.505066394806,NoButton,Move,588.44921875,709.55859375
1446.5134861469269,1446.5134861469269,NoButton,Move,588.44921875,709.296875
1446.5213901996613,1446.5213901996613,NoButton,Move,588.1875,709.03515625
1446.5428211688995,1446.5428211688995,Left,Pressed,588.1875,709.03515625
1446.6423993110657,1446.6423993110657,Left,Released,588.1875,709.03515625
1450.0382351875305,1450.0382351875305,NoButton,Move,588.1875,708.33984375
1450.0466392040253,1450.0466392040253,NoButton,Move,588.1875,705.95703125
1450.0544633865356,1450.0544633865356,NoButton,Move,588.1875,702.33203125
1450.0626831054688,1450.0626831054688,NoButton,Move,588.1875,698.00390625
1450.0709052085876,1450.0709052085876,NoButton,Move,588.1875,694.37890625
1450.079240322113,1450.079240322113,NoButton,Move,588.1875,690.75390625
1450.086983203888,1450.086983203888,NoButton,Move,587.22265625,686.42578125
1450.0951471328735,1450.0951471328735,NoButton,Move,585.86328125,682.80078125
1450.1033279895782,1450.1033279895782,NoButton,Move,583.71484375,676.8984375
1450.1114761829376,1450.1114761829376,NoButton,Move,582.5234375,674.515625
1450.1197340488434,1450.1197340488434,NoButton,Move,580.59765625,670.1875
1450.1278681755066,1450.1278681755066,NoButton,Move,579.3203125,667.2109375
1450.1360104084015,1450.1360104084015,NoButton,Move,577.6171875,664.66015625
1450.1445372104645,1450.1445372104645,NoButton,Move,576.5078125,662.8125
1450.1527380943298,1450.1527380943298,NoButton,Move,575.48046875,661.78515625
1450.1609761714935,1450.1609761714935,NoButton,Move,574.8515625,660.84375
1450.1691222190857,1450.1691222190857,NoButton,Move,574.27734375,660.26953125
1450.1774032115936,1450.1774032115936,NoButton,Move,573.703125,659.98046875
1450.185583114624,1450.185583114624,NoButton,Move,573.44140625,659.71875
1450.1937482357025,1450.1937482357025,NoButton,Move,573.1796875,659.71875
1473.3741962909698,1473.3741962909698,NoButton,Move,574.55859375,659.02734375
1473.3821561336517,1473.3821561336517,NoButton,Move,578.11328125,654.9609375
1473.391053199768,1473.391053199768,NoButton,Move,583.6953125,648.1328125
1473.3983433246613,1473.3983433246613,NoButton,Move,590.45703125,639.3359375
1473.4080183506012,1473.4080183506012,NoButton,Move,598.515625,628.34375
1473.4148333072662,1473.4148333072662,NoButton,Move,615.76953125,604.99609375
1473.4247040748596,1473.4247040748596,NoButton,Move,629.29296875,587.859375
1473.4314050674438,1473.4314050674438,NoButton,Move,635.7734375,580.078125
1473.4416093826294,1473.4416093826294,NoButton,Move,650.19921875,562.94140625
1473.4481472969055,1473.4481472969055,NoButton,Move,665.52734375,546.70703125
1473.4587271213531,1473.4587271213531,NoButton,Move,679.5,531.85546875
1473.4644312858582,1473.4644312858582,NoButton,Move,692.5703125,519.59765625
1473.4753489494324,1473.4753489494324,NoButton,Move,698.2109375,515.08203125
1473.4809532165527,1473.4809532165527,NoButton,Move,707.3671875,506.625
1473.4922041893005,1473.4922041893005,NoButton,Move,715.14453125,500.7890625
1473.4975731372833,1473.4975731372833,NoButton,Move,717.5234375,499.59765625
1474.5701870918274,1474.5701870918274,NoButton,Move,717.5234375,499.828125
1474.5790812969208,1474.5790812969208,NoButton,Move,717.91796875,502.20703125
1474.5868673324585,1474.5868673324585,NoButton,Move,719.359375,506.53125
1474.5999002456665,1474.5999002456665,NoButton,Move,721.28125,510.85546875
1474.6023223400116,1474.6023223400116,NoButton,Move,723.3125,515.9375
1474.6105320453644,1474.6105320453644,NoButton,Move,725.34375,521.01953125
1474.6185810565948,1474.6185810565948,NoButton,Move,727.59765625,527.7890625
1474.6267120838165,1474.6267120838165,NoButton,Move,731.9921875,540.2421875
1474.6347682476044,1474.6347682476044,NoButton,Move,737.31640625,553.93359375
1474.6429631710052,1474.6429631710052,NoButton,Move,741.87890625,568.38671875
1474.6513662338257,1474.6513662338257,NoButton,Move,745.8203125,584.1640625
1474.6594302654266,1474.6594302654266,NoButton,Move,750.55078125,599.94140625
1474.6676161289215,1474.6676161289215,NoButton,Move,753.81640625,617.09765625
1474.6757712364197,1474.6757712364197,NoButton,Move,756.859375,631.55078125
1474.6839661598206,1474.6839661598206,NoButton,Move,759.140625,646.00390625
1474.6921660900116,1474.6921660900116,NoButton,Move,759.67578125,651.90234375
1474.7003200054169,1474.7003200054169,NoButton,Move,760.37890625,663.87890625
1474.7084641456604,1474.7084641456604,NoButton,Move,760.37890625,674.69921875
1474.7175481319427,1474.7175481319427,NoButton,Move,760.37890625,682.390625
1474.725263118744,1474.725263118744,NoButton,Move,760.37890625,690.08984375
1474.7337493896484,1474.7337493896484,NoButton,Move,758.8515625,695.171875
1474.7418920993805,1474.7418920993805,NoButton,Move,755.484375,698.53515625
1476.1167600154877,1476.1167600154877,NoButton,Move,755.484375,697.83984375
1476.124742269516,1476.124742269516,NoButton,Move,755.484375,695.45703125
1476.1329972743988,1476.1329972743988,NoButton,Move,755.484375,692.48046875
1476.1413083076477,1476.1413083076477,NoButton,Move,757.73828125,685.70703125
1476.149373292923,1476.149373292923,NoButton,Move,759.9921875,678.93359375
1476.1588263511658,1476.1588263511658,NoButton,Move,762.47265625,670.24609375
1476.175005197525,1476.175005197525,NoButton,Move,765.17578125,659.421875
1476.1750812530518,1476.1750812530518,NoButton,Move,767.87890625,648.59765625
1476.1819932460785,1476.1819932460785,NoButton,Move,770.6953125,636.6171875
1476.1914570331573,1476.1914570331573,NoButton,Move,773.73828125,622.16015625
1476.1985771656036,1476.1985771656036,NoButton,Move,777.3984375,608.9765625
1476.2081401348114,1476.2081401348114,NoButton,Move,781.19921875,594.51953125
1476.214830160141,1476.214830160141,NoButton,Move,784.12890625,581.328125
1476.2248539924622,1476.2248539924622,NoButton,Move,787.9296875,566.87109375
1476.2311811447144,1476.2311811447144,NoButton,Move,791.58984375,553.6796875
1476.2413301467896,1476.2413301467896,NoButton,Move,794.40625,541.69921875
1476.2476572990417,1476.2476572990417,NoButton,Move,795.9296875,536.61328125
1476.2578172683716,1476.2578172683716,NoButton,Move,801.0,518.015625
1476.263964176178,1476.263964176178,NoButton,Move,802.94140625,508.2890625
1476.274521112442,1476.274521112442,NoButton,Move,803.44921875,503.203125
1476.8794581890106,1476.8794581890106,NoButton,Move,803.91015625,503.203125
1476.889505147934,1476.889505147934,NoButton,Move,809.80859375,503.203125
1476.8974342346191,1476.8974342346191,NoButton,Move,817.5078125,503.203125
1476.903239250183,1476.903239250183,NoButton,Move,828.328125,502.5234375
1476.9244902133942,1476.9244902133942,NoButton,Move,841.515625,501.0546875
1476.9246201515198,1476.9246201515198,NoButton,Move,855.96875,500.29296875
1476.9272623062134,1476.9272623062134,NoButton,Move,882.60546875,499.3046875
1476.9356291294098,1476.9356291294098,NoButton,Move,912.83984375,497.21875
1476.9436211585999,1476.9436211585999,NoButton,Move,946.94140625,496.1171875
1476.951892375946,1476.951892375946,NoButton,Move,977.1953125,496.1171875
1476.9600541591644,1476.9600541591644,NoButton,Move,990.3828125,495.3828125
1476.9682643413544,1476.9682643413544,NoButton,Move,1015.296875,494.421875
1476.9767463207245,1476.9767463207245,NoButton,Move,1035.38671875,493.546875
1476.9849960803986,1476.9849960803986,NoButton,Move,1042.15625,492.41796875
1476.9930460453033,1476.9930460453033,NoButton,Move,1047.23828125,491.90625
1477.0013551712036,1477.0013551712036,NoButton,Move,1056.9609375,490.609375
1477.00950217247,1477.00950217247,NoButton,Move,1062.859375,490.0703125
1477.0179092884064,1477.0179092884064,NoButton,Move,1067.18359375,489.10546875
1477.025847196579,1477.025847196579,NoButton,Move,1070.15625,488.6796875
1477.0341880321503,1477.0341880321503,NoButton,Move,1071.51953125,487.99609375
1477.0423390865326,1477.0423390865326,NoButton,Move,1072.45703125,487.6796875
1477.050873041153,1477.050873041153,NoButton,Move,1073.02734375,487.390625
1477.0590171813965,1477.0590171813965,NoButton,Move,1073.28515625,487.12890625
1477.067053079605,1477.067053079605,NoButton,Move,1073.54296875,487.12890625
1477.0836341381073,1477.0836341381073,NoButton,Move,1073.54296875,486.8828125
1477.3293011188507,1477.3293011188507,NoButton,Move,1073.30859375,486.8828125
1477.3371572494507,1477.3371572494507,NoButton,Move,1072.734375,486.8828125
1477.3462913036346,1477.3462913036346,NoButton,Move,1072.16015625,486.8828125
1477.3539581298828,1477.3539581298828,NoButton,Move,1071.5859375,486.8828125
1477.3654720783234,1477.3654720783234,NoButton,Move,1070.64453125,486.8828125
1477.3695333003998,1477.3695333003998,NoButton,Move,1069.703125,486.8828125
1477.3780422210693,1477.3780422210693,NoButton,Move,1068.76171875,486.8828125
1477.3860473632812,1477.3860473632812,NoButton,Move,1067.8203125,486.8828125
1477.3940453529358,1477.3940453529358,NoButton,Move,1066.87890625,486.8828125
1477.4025511741638,1477.4025511741638,NoButton,Move,1065.515625,486.19921875
1477.4106962680817,1477.4106962680817,NoButton,Move,1064.57421875,485.8828125
1477.4189550876617,1477.4189550876617,NoButton,Move,1062.7265625,485.51171875
1477.4272861480713,1477.4272861480713,NoButton,Move,1060.34375,484.71484375
1477.4356243610382,1477.4356243610382,NoButton,Move,1056.71875,483.35546875
1479.327243089676,1479.327243089676,Left,Pressed,1056.71875,483.35546875
1479.4425661563873,1479.4425661563873,NoButton,Move,1056.71875,483.84375
1479.4592430591583,1479.4592430591583,NoButton,Move,1056.71875,487.65234375
1479.4758932590485,1479.4758932590485,NoButton,Move,1056.03125,497.2421875
1479.4953842163086,1479.4953842163086,NoButton,Move,1053.734375,512.80859375
1479.508961200714,1479.508961200714,NoButton,Move,1050.34765625,534.20703125
1479.5259850025177,1479.5259850025177,NoButton,Move,1045.51171875,564.16015625
1479.5444622039795,1479.5444622039795,NoButton,Move,1040.90625,593.8046875
1479.559130191803,1479.559130191803,NoButton,Move,1038.44140625,613.875
1479.5757522583008,1479.5757522583008,NoButton,Move,1036.57421875,629.3828125
1479.5924441814423,1479.5924441814423,NoButton,Move,1035.515625,640.68359375
1479.60906624794,1479.60906624794,NoButton,Move,1035.21484375,646.93359375
1479.6256971359253,1479.6256971359253,NoButton,Move,1034.94921875,649.96484375
1479.6424040794373,1479.6424040794373,NoButton,Move,1034.875,651.140625
1479.776180267334,1479.776180267334,NoButton,Move,1036.234375,651.515625
1479.7924892902374,1479.7924892902374,NoButton,Move,1038.12890625,651.703125
1479.810455083847,1479.810455083847,NoButton,Move,1040.19921875,652.484375
1479.9927532672882,1479.9927532672882,NoButton,Move,1041.734375,653.01171875
1480.059147119522,1480.059147119522,NoButton,Move,1041.734375,652.78515625
1480.0757360458374,1480.0757360458374,NoButton,Move,1041.734375,652.62109375
1480.1092352867126,1480.1092352867126,NoButton,Move,1041.625,652.5
1480.1258471012115,1480.1258471012115,NoButton,Move,1041.51171875,652.32421875
1480.142412185669,1480.142412185669,NoButton,Move,1041.39453125,652.203125
1480.1593561172485,1480.1593561172485,Left,Released,1041.39453125,652.203125
1480.1594552993774,1480.1594552993774,NoButton,Move,1040.85546875,652.203125
1480.3667540550232,1480.3667540550232,NoButton,Move,1040.85546875,651.5
1480.3760843276978,1480.3760843276978,NoButton,Move,1040.85546875,647.171875
1480.3828761577606,1480.3828761577606,NoButton,Move,1039.16015625,640.3984375
1480.3919801712036,1480.3919801712036,NoButton,Move,1037.3828125,632.6953125
1480.399248123169,1480.399248123169,NoButton,Move,1035.60546875,624.9921875
1480.4091022014618,1480.4091022014618,NoButton,Move,1033.828125,617.2890625
1480.4157202243805,1480.4157202243805,NoButton,Move,1032.05078125,609.6015625
1480.4258801937103,1480.4258801937103,NoButton,Move,1030.9765625,603.69921875
1480.4317333698273,1480.4317333698273,NoButton,Move,1030.9765625,597.796875
1480.4423580169678,1480.4423580169678,NoButton,Move,1030.01171875,593.46875
1480.4481401443481,1480.4481401443481,NoButton,Move,1028.06640625,583.7421875
1480.4596002101898,1480.4596002101898,NoButton,Move,1026.87890625,576.0390625
1480.464554309845,1480.464554309845,NoButton,Move,1025.69140625,568.3359375
1480.475447177887,1480.475447177887,NoButton,Move,1024.5625,561.5625
1480.4810590744019,1480.4810590744019,NoButton,Move,1023.54296875,556.4765625
1480.4920151233673,1480.4920151233673,NoButton,Move,1022.578125,552.1484375
1480.497563123703,1480.497563123703,NoButton,Move,1021.61328125,547.8203125
1480.5055632591248,1480.5055632591248,NoButton,Move,1019.34765625,544.6484375
1480.7154123783112,1480.7154123783112,Right,Pressed,1019.34765625,544.6484375
1480.8366510868073,1480.8366510868073,Right,Released,1019.34765625,544.6484375
1481.1445891857147,1481.1445891857147,NoButton,Move,1019.578125,544.6484375
1481.1525101661682,1481.1525101661682,NoButton,Move,1022.55078125,543.37109375
1481.16082406044,1481.16082406044,NoButton,Move,1026.171875,542.01171875
1481.1690711975098,1481.1690711975098,NoButton,Move,1030.49609375,541.046875
1481.1773991584778,1481.1773991584778,NoButton,Move,1034.8203125,540.08203125
1481.1854012012482,1481.1854012012482,NoButton,Move,1039.14453125,539.59765625
1481.1937673091888,1481.1937673091888,NoButton,Move,1047.828125,538.35546875
1481.2014672756195,1481.2014672756195,NoButton,Move,1058.6484375,538.35546875
1481.209780216217,1481.209780216217,NoButton,Move,1069.46875,538.35546875
1481.218167066574,1481.218167066574,NoButton,Move,1081.4453125,538.35546875
1481.2262041568756,1481.2262041568756,NoButton,Move,1093.421875,538.35546875
1481.234549999237,1481.234549999237,NoButton,Move,1104.2421875,539.03125
1481.2426249980927,1481.2426249980927,NoButton,Move,1115.0625,542.41015625
1481.2509372234344,1481.2509372234344,NoButton,Move,1119.38671875,544.33203125
1481.2589602470398,1481.2589602470398,NoButton,Move,1127.0859375,547.29296875
1481.2671122550964,1481.2671122550964,NoButton,Move,1134.19140625,550.84375
1481.277146100998,1481.277146100998,NoButton,Move,1139.83203125,554.79296875
1481.2833092212677,1481.2833092212677,NoButton,Move,1144.40625,557.84375
1481.2914261817932,1481.2914261817932,NoButton,Move,1147.76953125,561.20703125
1481.2995750904083,1481.2995750904083,NoButton,Move,1148.875,562.68359375
1481.30770611763,1481.30770611763,NoButton,Move,1152.62890625,567.5078125
1481.3160800933838,1481.3160800933838,NoButton,Move,1153.90234375,570.48046875
1481.326966047287,1481.326966047287,NoButton,Move,1154.3515625,574.1015625
1481.3325083255768,1481.3325083255768,NoButton,Move,1154.80078125,577.71875
1481.340537071228,1481.340537071228,NoButton,Move,1155.28125,582.04296875
1481.3486850261688,1481.3486850261688,NoButton,Move,1155.28125,585.6640625
1481.356900215149,1481.356900215149,NoButton,Move,1155.28125,589.98828125
1481.364999294281,1481.364999294281,NoButton,Move,1155.28125,591.3515625
1481.3763303756714,1481.3763303756714,NoButton,Move,1154.4296875,594.32421875
1481.3814301490784,1481.3814301490784,NoButton,Move,1153.23828125,596.703125
1481.3898050785065,1481.3898050785065,NoButton,Move,1152.12890625,598.546875
1481.3979361057281,1481.3979361057281,NoButton,Move,1151.01953125,600.0234375
1481.4059841632843,1481.4059841632843,NoButton,Move,1149.9921875,601.046875
1481.414391040802,1481.414391040802,NoButton,Move,1149.05078125,601.671875
1481.4224843978882,1481.4224843978882,NoButton,Move,1147.68359375,602.3515625
1481.430745124817,1481.430745124817,NoButton,Move,1146.7421875,602.9765625
1481.4389262199402,1481.4389262199402,NoButton,Move,1145.80078125,603.2890625
1481.4471123218536,1481.4471123218536,NoButton,Move,1144.43359375,603.62890625
1481.4553651809692,1481.4553651809692,NoButton,Move,1143.4921875,603.94140625
1481.463505268097,1481.463505268097,NoButton,Move,1142.91796875,604.2265625
1481.471626996994,1481.471626996994,NoButton,Move,1141.9765625,604.2265625
1481.4801151752472,1481.4801151752472,NoButton,Move,1141.40234375,604.2265625
1481.4882910251617,1481.4882910251617,NoButton,Move,1140.828125,604.2265625
1481.4964311122894,1481.4964311122894,NoButton,Move,1140.56640625,604.2265625
1481.5049042701721,1481.5049042701721,NoButton,Move,1140.3046875,604.484375
1481.5127382278442,1481.5127382278442,NoButton,Move,1140.04296875,604.484375
1481.52894115448,1481.52894115448,NoButton,Move,1139.796875,604.484375
1481.5618922710419,1481.5618922710419,NoButton,Move,1139.55859375,604.484375
1481.5862021446228,1481.5862021446228,NoButton,Move,1139.31640625,604.484375
1481.6193630695343,1481.6193630695343,NoButton,Move,1139.31640625,604.24609375
1481.6767392158508,1481.6767392158508,Left,Pressed,1139.31640625,604.24609375
1481.776153087616,1481.776153087616,Left,Released,1139.31640625,604.24609375
1482.5524380207062,1482.5524380207062,NoButton,Move,1138.62109375,604.24609375
1482.560447216034,1482.560447216034,NoButton,Move,1134.29296875,602.80078125
1482.5685632228851,1482.5685632228851,NoButton,Move,1127.18359375,599.8359375
1482.5770301818848,1482.5770301818848,NoButton,Move,1119.48046875,596.87109375
1482.5848121643066,1482.5848121643066,NoButton,Move,1109.33203125,592.80859375
1482.5930070877075,1482.5930070877075,NoButton,Move,1096.875,587.6796875
1482.6011803150177,1482.6011803150177,NoButton,Move,1083.68359375,583.28125
1482.609572172165,1482.609572172165,NoButton,Move,1077.78125,581.1328125
1482.617581129074,1482.617581129074,NoButton,Move,1068.0546875,577.890625
1482.6258533000946,1482.6258533000946,NoButton,Move,1058.328125,574.6484375
1482.633828163147,1482.633828163147,NoButton,Move,1055.3515625,573.796875
1482.7088990211487,1482.7088990211487,NoButton,Move,1048.578125,571.5390625
1482.7089371681213,1482.7089371681213,NoButton,Move,1044.25,570.57421875
1482.7089653015137,1482.7089653015137,NoButton,Move,1041.2734375,569.72265625
1482.7089819908142,1482.7089819908142,NoButton,Move,1039.42578125,569.3515625
1482.708999156952,1482.708999156952,NoButton,Move,1038.05859375,569.0078125
1482.7090182304382,1482.7090182304382,NoButton,Move,1037.484375,568.71875
1482.709034204483,1482.709034204483,NoButton,Move,1036.91015625,568.71875
1482.7090570926666,1482.7090570926666,NoButton,Move,1036.6640625,568.71875
1482.7090802192688,1482.7090802192688,NoButton,Move,1036.6640625,568.71875
1482.8142392635345,1482.8142392635345,NoButton,Move,1036.19140625,568.71875
1482.8143072128296,1482.8143072128296,NoButton,Move,1034.34375,568.71875
1482.814373254776,1482.814373254776,NoButton,Move,1031.3671875,568.71875
1482.8144271373749,1482.8144271373749,NoButton,Move,1025.46484375,568.1796875
1482.8421759605408,1482.8421759605408,NoButton,Move,1017.76171875,567.5859375
1482.8422462940216,1482.8422462940216,NoButton,Move,1008.03515625,566.9375
1482.8423211574554,1482.8423211574554,NoButton,Move,996.0546875,566.23046875
1482.8465631008148,1482.8465631008148,NoButton,Move,971.13671875,564.3125
1482.8545532226562,1482.8545532226562,NoButton,Move,951.04296875,563.4375
1482.8628931045532,1482.8628931045532,NoButton,Move,930.94921875,562.5625
1482.8709201812744,1482.8709201812744,NoButton,Move,920.125,561.8828125
1482.8792221546173,1482.8792221546173,NoButton,Move,901.52734375,560.19140625
1482.888342142105,1482.888342142105,NoButton,Move,893.82421875,559.59765625
1482.895423412323,1482.895423412323,NoButton,Move,880.6328125,558.12890625
1482.9037160873413,1482.9037160873413,NoButton,Move,876.3046875,557.64453125
1482.9119651317596,1482.9119651317596,NoButton,Move,868.6015625,556.45703125
1482.9201211929321,1482.9201211929321,NoButton,Move,862.69921875,555.91796875
1482.9283230304718,1482.9283230304718,NoButton,Move,859.07421875,555.01171875
1482.9369430541992,1482.9369430541992,NoButton,Move,856.69140625,554.61328125
1482.9448492527008,1482.9448492527008,NoButton,Move,855.75,554.296875
1482.952965259552,1482.952965259552,NoButton,Move,855.17578125,554.296875
1482.9611570835114,1482.9611570835114,NoButton,Move,854.9140625,554.296875
1483.0021922588348,1483.0021922588348,NoButton,Move,855.39453125,554.296875
1483.0104441642761,1483.0104441642761,NoButton,Move,857.23828125,553.92578125
1483.0185742378235,1483.0185742378235,NoButton,Move,860.2109375,553.92578125
1483.0266380310059,1483.0266380310059,NoButton,Move,863.83203125,553.47265625
1483.0349423885345,1483.0349423885345,NoButton,Move,868.15625,552.98828125
1483.0430603027344,1483.0430603027344,NoButton,Move,874.0546875,552.98828125
1483.051265001297,1483.051265001297,NoButton,Move,884.875,552.30859375
1483.0595331192017,1483.0595331192017,NoButton,Move,892.57421875,551.71484375
1483.068085193634,1483.068085193634,NoButton,Move,902.296875,551.71484375
1483.0763330459595,1483.0763330459595,NoButton,Move,912.01953125,551.71484375
1483.0844552516937,1483.0844552516937,NoButton,Move,917.1015625,551.71484375
1483.0926320552826,1483.0926320552826,NoButton,Move,925.7578125,551.09375
1483.1008512973785,1483.1008512973785,NoButton,Move,935.48046875,551.09375
1483.1095342636108,1483.1095342636108,NoButton,Move,943.1796875,550.5
1483.117350101471,1483.117350101471,NoButton,Move,946.15234375,550.5
1483.1250891685486,1483.1250891685486,NoButton,Move,951.234375,549.98828125
1483.1332643032074,1483.1332643032074,NoButton,Move,954.20703125,549.98828125
1483.1416523456573,1483.1416523456573,NoButton,Move,957.1796875,549.98828125
1483.1499481201172,1483.1499481201172,NoButton,Move,958.54296875,549.98828125
1483.1582381725311,1483.1582381725311,NoButton,Move,959.48046875,549.98828125
1483.1766312122345,1483.1766312122345,Left,Pressed,959.48046875,549.98828125
1483.1929399967194,1483.1929399967194,NoButton,Move,959.91015625,549.84375
1483.3128759860992,1483.3128759860992,Left,Released,959.91015625,549.84375
1484.3705332279205,1484.3705332279205,NoButton,Move,958.984375,549.84375
1484.3778371810913,1484.3778371810913,NoButton,Move,957.13671875,549.1015625
1484.3860352039337,1484.3860352039337,NoButton,Move,955.1484375,547.51171875
1484.3940551280975,1484.3940551280975,NoButton,Move,951.9765625,545.24609375
1484.4024040699005,1484.4024040699005,NoButton,Move,948.12890625,542.83984375
1484.4106402397156,1484.4106402397156,NoButton,Move,944.05859375,539.78515625
1484.418808221817,1484.418808221817,NoButton,Move,939.48046875,536.73046875
1484.4269952774048,1484.4269952774048,NoButton,Move,935.41015625,533.67578125
1484.4354372024536,1484.4354372024536,NoButton,Move,931.5625,531.26953125
1484.4437701702118,1484.4437701702118,NoButton,Move,926.984375,528.21484375
1484.4518721103668,1484.4518721103668,NoButton,Move,922.15625,524.45703125
1484.459977388382,1484.459977388382,NoButton,Move,913.7265625,518.62109375
1484.4679782390594,1484.4679782390594,NoButton,Move,907.20703125,513.87890625
1484.4766471385956,1484.4766471385956,NoButton,Move,893.3125,503.25390625
1484.4840042591095,1484.4840042591095,NoButton,Move,880.6875,493.78515625
1484.4924252033234,1484.4924252033234,NoButton,Move,864.9609375,480.6796875
1484.5004370212555,1484.5004370212555,NoButton,Move,845.79296875,463.4296875
1484.508602142334,1484.508602142334,NoButton,Move,822.83984375,442.5625
1484.5166881084442,1484.5166881084442,NoButton,Move,799.88671875,422.73828125
1484.5250270366669,1484.5250270366669,NoButton,Move,775.234375,401.30078125
1484.5335221290588,1484.5335221290588,NoButton,Move,747.73046875,380.3984375
1484.5441422462463,1484.5441422462463,NoButton,Move,723.734375,360.57421875
1484.5495400428772,1484.5495400428772,NoButton,Move,712.7421875,353.24609375
1484.5626571178436,1484.5626571178436,NoButton,Move,691.65625,338.87109375
1484.5660212039948,1484.5660212039948,NoButton,Move,672.71875,328.046875
1484.5740971565247,1484.5740971565247,NoButton,Move,655.8125,319.59375
1484.5825819969177,1484.5825819969177,NoButton,Move,649.91796875,317.44921875
1484.5911910533905,1484.5911910533905,NoButton,Move,638.64453125,312.515625
1484.5988500118256,1484.5988500118256,NoButton,Move,630.94140625,310.14453125
1484.6084022521973,1484.6084022521973,NoButton,Move,627.96484375,309.71875
1484.6151812076569,1484.6151812076569,NoButton,Move,622.0625,308.109375
1484.6231181621552,1484.6231181621552,NoButton,Move,617.734375,307.625
1484.631846189499,1484.631846189499,NoButton,Move,614.7890625,307.625
1484.6397891044617,1484.6397891044617,NoButton,Move,612.94140625,307.625
1485.9999260902405,1485.9999260902405,NoButton,Move,606.828125,309.50390625
1486.008019208908,1486.008019208908,NoButton,Move,600.33203125,313.6328125
1486.016044139862,1486.016044139862,NoButton,Move,595.75390625,316.68359375
1486.024420261383,1486.024420261383,NoButton,Move,592.77734375,317.95703125
1486.0322632789612,1486.0322632789612,NoButton,Move,590.2265625,319.65625
1486.041490316391,1486.041490316391,NoButton,Move,588.859375,320.3359375
1486.0487542152405,1486.0487542152405,NoButton,Move,587.91796875,320.9609375
1486.0575222969055,1486.0575222969055,NoButton,Move,587.34375,321.24609375
1486.0650050640106,1486.0650050640106,NoButton,Move,587.08203125,321.50390625
1486.073546409607,1486.073546409607,NoButton,Move,586.8203125,321.76171875
1486.0816450119019,1486.0816450119019,NoButton,Move,586.8203125,322.01953125
1486.0897662639618,1486.0897662639618,NoButton,Move,586.8203125,322.58984375
1486.0979361534119,1486.0979361534119,NoButton,Move,586.8203125,323.52734375
1486.1063830852509,1486.1063830852509,NoButton,Move,586.8203125,324.09765625
1486.1143672466278,1486.1143672466278,NoButton,Move,589.19921875,324.890625
1486.1228091716766,1486.1228091716766,NoButton,Move,595.09765625,325.9609375
1486.1300420761108,1486.1300420761108,NoButton,Move,607.07421875,326.6640625
1486.1383872032166,1486.1383872032166,NoButton,Move,620.26171875,327.39453125
1486.146572113037,1486.146572113037,NoButton,Move,638.85546875,327.39453125
1486.1567270755768,1486.1567270755768,NoButton,Move,662.10546875,327.39453125
1486.1626601219177,1486.1626601219177,NoButton,Move,716.375,327.39453125
1486.1706931591034,1486.1706931591034,NoButton,Move,763.3984375,323.578125
1486.1804320812225,1486.1804320812225,NoButton,Move,857.11328125,316.76171875
1486.2198152542114,1486.2198152542114,NoButton,Move,895.29296875,314.4453125
1486.219876050949,1486.219876050949,NoButton,Move,970.5234375,309.7421875
1486.2199380397797,1486.2199380397797,NoButton,Move,1098.5703125,305.97265625
1486.2199971675873,1486.2199971675873,NoButton,Move,1141.0546875,305.97265625
1486.22004032135,1486.22004032135,NoButton,Move,1226.84765625,305.97265625
1486.2280051708221,1486.2280051708221,NoButton,Move,1307.359375,305.97265625
1486.2360670566559,1486.2360670566559,NoButton,Move,1382.58984375,313.80859375
1486.2440633773804,1486.2440633773804,NoButton,Move,1412.84375,319.0234375
1486.2524123191833,1486.2524123191833,NoButton,Move,1439.98046875,328.921875
1486.2605502605438,1486.2605502605438,NoButton,Move,1439.98046875,338.015625
1486.2687921524048,1486.2687921524048,NoButton,Move,1439.98046875,341.81640625
1486.277039051056,1486.277039051056,NoButton,Move,1439.98046875,349.1171875
1486.548147201538,1486.548147201538,NoButton,Move,1439.98046875,349.578125
1486.556027173996,1486.556027173996,NoButton,Move,1439.98046875,353.90234375
1486.5643372535706,1486.5643372535706,NoButton,Move,1439.98046875,359.80078125
1486.5728471279144,1486.5728471279144,NoButton,Move,1439.44140625,365.69921875
1486.5807542800903,1486.5807542800903,NoButton,Move,1438.875,372.46875
1486.5889401435852,1486.5889401435852,NoButton,Move,1436.6171875,379.23828125
1486.5974073410034,1486.5974073410034,NoButton,Move,1431.87890625,389.3828125
1486.6060190200806,1486.6060190200806,NoButton,Move,1426.2421875,400.65234375
1486.613617181778,1486.613617181778,NoButton,Move,1415.69921875,423.6484375
1486.6221251487732,1486.6221251487732,NoButton,Move,1399.62109375,452.58203125
1486.6299090385437,1486.6299090385437,NoButton,Move,1382.01953125,482.28125
1486.638593196869,1486.638593196869,NoButton,Move,1360.03515625,513.515625
1486.6465673446655,1486.6465673446655,NoButton,Move,1336.89453125,544.75
1486.6552121639252,1486.6552121639252,NoButton,Move,1314.3203125,572.9609375
1486.662810087204,1486.662810087204,NoButton,Move,1292.8828125,597.609375
1486.671138048172,1486.671138048172,NoButton,Move,1283.72265625,606.0625
1486.679038286209,1486.679038286209,NoButton,Move,1265.51171875,624.26953125
1486.687672138214,1486.687672138214,NoButton,Move,1249.78515625,637.37109375
1486.6953201293945,1486.6953201293945,NoButton,Move,1244.140625,641.3203125
1486.7040302753448,1486.7040302753448,NoButton,Move,1231.96484375,649.6875
1486.7116363048553,1486.7116363048553,NoButton,Move,1222.4921875,655.09765625
1486.7202291488647,1486.7202291488647,NoButton,Move,1214.7890625,658.05859375
1486.728253364563,1486.728253364563,NoButton,Move,1208.88671875,659.6640625
1486.7360770702362,1486.7360770702362,NoButton,Move,1203.80078125,660.171875
1486.7445542812347,1486.7445542812347,NoButton,Move,1199.47265625,660.171875
1487.0808413028717,1487.0808413028717,NoButton,Move,1196.2890625,664.33203125
1487.0885691642761,1487.0885691642761,NoButton,Move,1195.26171875,665.35546875
1487.0968341827393,1487.0968341827393,NoButton,Move,1194.6875,665.640625
1487.105092048645,1487.105092048645,NoButton,Move,1194.6875,665.8984375
1487.1130731105804,1487.1130731105804,NoButton,Move,1194.42578125,665.8984375
1487.1292190551758,1487.1292190551758,NoButton,Move,1194.42578125,665.37890625
1487.1375982761383,1487.1375982761383,NoButton,Move,1194.42578125,662.40625
1487.1456532478333,1487.1456532478333,NoButton,Move,1194.42578125,657.3203125
1487.153864145279,1487.153864145279,NoButton,Move,1196.28515625,648.6328125
1487.162130355835,1487.162130355835,NoButton,Move,1203.046875,630.87890625
1487.1702551841736,1487.1702551841736,NoButton,Move,1210.65234375,613.125
1487.1799643039703,1487.1799643039703,NoButton,Move,1220.5703125,593.28515625
1487.1865661144257,1487.1865661144257,NoButton,Move,1232.06640625,570.28515625
1487.1947021484375,1487.1947021484375,NoButton,Move,1245.2578125,544.91015625
1487.2029311656952,1487.2029311656952,NoButton,Move,1258.08203125,521.23046875
1487.2107241153717,1487.2107241153717,NoButton,Move,1271.89453125,497.55078125
1487.218670129776,1487.218670129776,NoButton,Move,1285.30859375,475.5078125
1487.2268102169037,1487.2268102169037,NoButton,Move,1291.6484375,464.9375
1487.235315322876,1487.235315322876,NoButton,Move,1304.62109375,445.47265625
1487.2433681488037,1487.2433681488037,NoButton,Move,1314.76171875,429.41015625
1487.2515950202942,1487.2515950202942,NoButton,Move,1323.74609375,414.69921875
1487.260043144226,1487.260043144226,NoButton,Move,1327.6953125,409.0546875
1487.2682361602783,1487.2682361602783,NoButton,Move,1333.328125,398.484375
1487.2769882678986,1487.2769882678986,NoButton,Move,1338.2890625,391.0390625
1487.2848250865936,1487.2848250865936,NoButton,Move,1339.4765625,388.65625
1487.292366027832,1487.292366027832,NoButton,Move,1341.3984375,384.328125
1487.300695180893,1487.300695180893,NoButton,Move,1343.20703125,381.15625
1487.30894613266,1487.30894613266,NoButton,Move,1344.0,378.7734375
1487.317247390747,1487.317247390747,NoButton,Move,1344.3125,377.83203125
1487.3254172801971,1487.3254172801971,NoButton,Move,1344.625,376.890625
1487.3336102962494,1487.3336102962494,NoButton,Move,1344.91015625,376.31640625
1487.3419303894043,1487.3419303894043,NoButton,Move,1344.91015625,376.0546875
1487.3666880130768,1487.3666880130768,NoButton,Move,1344.91015625,375.8125
1487.3749523162842,1487.3749523162842,NoButton,Move,1344.3359375,375.8125
1487.3830571174622,1487.3830571174622,NoButton,Move,1343.39453125,375.8125
1487.3912513256073,1487.3912513256073,NoButton,Move,1342.453125,375.8125
1487.3995351791382,1487.3995351791382,NoButton,Move,1341.51171875,375.8125
1487.4078361988068,1487.4078361988068,NoButton,Move,1340.14453125,375.8125
1487.4158091545105,1487.4158091545105,NoButton,Move,1339.203125,375.49609375
1487.4245402812958,1487.4245402812958,NoButton,Move,1337.8359375,375.15234375
1487.4321510791779,1487.4321510791779,NoButton,Move,1336.89453125,374.8359375
1487.4403331279755,1487.4403331279755,NoButton,Move,1335.52734375,374.15234375
1487.448510169983,1487.448510169983,NoButton,Move,1334.5,373.125
1487.4572253227234,1487.4572253227234,NoButton,Move,1332.51171875,371.53515625
1487.4648203849792,1487.4648203849792,NoButton,Move,1330.921875,369.546875
1487.4735910892487,1487.4735910892487,NoButton,Move,1329.73046875,367.1640625
1487.4813401699066,1487.4813401699066,NoButton,Move,1328.37109375,363.5390625
1487.4895269870758,1487.4895269870758,NoButton,Move,1327.40625,359.2109375
1487.4976670742035,1487.4976670742035,NoButton,Move,1325.9609375,354.8828125
1487.5057063102722,1487.5057063102722,NoButton,Move,1324.94140625,349.796875
1487.5140902996063,1487.5140902996063,NoButton,Move,1324.45703125,345.46875
1487.5221900939941,1487.5221900939941,NoButton,Move,1323.4921875,341.140625
1487.530279159546,1487.530279159546,NoButton,Move,1323.0078125,336.8125
1487.5386023521423,1487.5386023521423,NoButton,Move,1322.5234375,332.484375
1487.5466763973236,1487.5466763973236,NoButton,Move,1322.0390625,328.15625
1487.5552382469177,1487.5552382469177,NoButton,Move,1322.0390625,324.53125
1487.5632591247559,1487.5632591247559,NoButton,Move,1322.0390625,322.68359375
1487.5717511177063,1487.5717511177063,NoButton,Move,1321.5859375,319.05859375
1487.579870223999,1487.579870223999,NoButton,Move,1321.5859375,316.0859375
1487.5878241062164,1487.5878241062164,NoButton,Move,1321.5859375,313.703125
1487.5960531234741,1487.5960531234741,NoButton,Move,1321.5859375,311.85546875
1487.6043210029602,1487.6043210029602,NoButton,Move,1321.5859375,310.0078125
1487.6134741306305,1487.6134741306305,NoButton,Move,1321.5859375,308.16015625
1487.6205761432648,1487.6205761432648,NoButton,Move,1321.5859375,306.79296875
1487.6286520957947,1487.6286520957947,NoButton,Move,1321.2421875,305.42578125
1487.6369361877441,1487.6369361877441,NoButton,Move,1321.2421875,304.05859375
1487.6449992656708,1487.6449992656708,NoButton,Move,1321.2421875,302.69140625
1487.6532351970673,1487.6532351970673,NoButton,Move,1320.8984375,301.32421875
1487.6614181995392,1487.6614181995392,NoButton,Move,1320.15625,299.4765625
1487.669156074524,1487.669156074524,NoButton,Move,1319.359375,297.09375
1487.6773262023926,1487.6773262023926,NoButton,Move,1318.6171875,295.24609375
1488.9270043373108,1488.9270043373108,Left,Pressed,1318.6171875,295.24609375
1489.042652130127,1489.042652130127,Left,Released,1318.6171875,295.24609375
1490.355211019516,1490.355211019516,NoButton,Move,1312.33203125,295.7109375
1490.3638372421265,1490.3638372421265,NoButton,Move,1296.61328125,300.42578125
1490.371798992157,1490.371798992157,NoButton,Move,1278.859375,307.1875
1490.3798072338104,1490.3798072338104,NoButton,Move,1259.640625,313.30078125
1490.3881721496582,1490.3881721496582,NoButton,Move,1241.88671875,319.21484375
1490.3964710235596,1490.3964710235596,NoButton,Move,1222.66796875,325.328125
1490.4040682315826,1490.4040682315826,NoButton,Move,1204.9140625,331.2421875
1490.412347316742,1490.412347316742,NoButton,Move,1169.9296875,342.52734375
1490.4203760623932,1490.4203760623932,NoButton,Move,1136.92578125,353.52734375
1490.4281013011932,1490.4281013011932,NoButton,Move,1105.84375,364.2421875
1490.4366672039032,1490.4366672039032,NoButton,Move,1074.76171875,373.88671875
1490.444994211197,1490.444994211197,NoButton,Move,1045.546875,384.31640625
1490.4528760910034,1490.4528760910034,NoButton,Move,1033.56640625,387.8359375
1490.460930109024,1490.460930109024,NoButton,Move,1011.2421875,396.203125
1490.4692251682281,1490.4692251682281,NoButton,Move,988.91796875,404.5703125
1490.4776811599731,1490.4776811599731,NoButton,Move,970.57421875,414.17578125
1490.4853241443634,1490.4853241443634,NoButton,Move,954.51171875,424.31640625
1490.4935972690582,1490.4935972690582,NoButton,Move,937.9140625,435.671875
1491.2314040660858,1491.2314040660858,NoButton,Move,937.9140625,435.4375
1491.2391211986542,1491.2391211986542,NoButton,Move,937.9140625,433.0546875
1491.2472240924835,1491.2472240924835,NoButton,Move,938.3359375,430.078125
1491.2553493976593,1491.2553493976593,NoButton,Move,938.703125,431.921875
1491.2636983394623,1491.2636983394623,NoButton,Move,939.015625,432.859375
1491.2718052864075,1491.2718052864075,NoButton,Move,939.2734375,433.1171875
1492.4510242938995,1492.4510242938995,NoButton,Move,940.1953125,433.1171875
1492.4588830471039,1492.4588830471039,NoButton,Move,942.0390625,434.22265625
1492.4670782089233,1492.4670782089233,NoButton,Move,944.0234375,435.80859375
1492.4751951694489,1492.4751951694489,NoButton,Move,946.5703125,437.5078125
1492.4832513332367,1492.4832513332367,NoButton,Move,949.1171875,439.62890625
1492.4917271137238,1492.4917271137238,NoButton,Move,951.83203125,442.34375
1492.4996480941772,1492.4996480941772,NoButton,Move,953.953125,444.890625
1492.507423400879,1492.507423400879,NoButton,Move,956.21484375,448.05859375
1492.5161092281342,1492.5161092281342,NoButton,Move,958.015625,451.6640625
1492.5241572856903,1492.5241572856903,NoButton,Move,958.91796875,455.28515625
1492.5322480201721,1492.5322480201721,NoButton,Move,959.3984375,459.609375
1492.54057431221,1492.54057431221,NoButton,Move,959.3984375,463.93359375
1492.5486242771149,1492.5486242771149,NoButton,Move,959.3984375,470.703125
1492.5569760799408,1492.5569760799408,NoButton,Move,956.1796875,476.06640625
1492.565268278122,1492.565268278122,NoButton,Move,950.25390625,481.39453125
1492.5752623081207,1492.5752623081207,NoButton,Move,942.47265625,487.875
1492.5818433761597,1492.5818433761597,NoButton,Move,931.921875,494.203125
1492.5894041061401,1492.5894041061401,NoButton,Move,920.19921875,501.52734375
1492.5980401039124,1492.5980401039124,NoButton,Move,907.265625,508.37109375
1492.6057710647583,1492.6057710647583,NoButton,Move,894.33203125,515.21484375
1492.6140201091766,1492.6140201091766,NoButton,Move,881.875,521.07421875
1492.6220872402191,1492.6220872402191,NoButton,Move,876.5078125,523.75390625
1492.630294084549,1492.630294084549,NoButton,Move,866.359375,527.8125
1492.6386642456055,1492.6386642456055,NoButton,Move,858.29296875,531.53125
1492.6468732357025,1492.6468732357025,NoButton,Move,855.31640625,532.8046875
1492.6552181243896,1492.6552181243896,NoButton,Move,849.4140625,534.94921875
1492.6634800434113,1492.6634800434113,NoButton,Move,845.7890625,536.3046875
1492.6716301441193,1492.6716301441193,NoButton,Move,842.8125,537.15234375
1492.6792662143707,1492.6792662143707,NoButton,Move,838.484375,537.6328125
1492.6875612735748,1492.6875612735748,NoButton,Move,837.1171875,537.6328125
1492.831796169281,1492.831796169281,Right,Pressed,837.1171875,537.6328125
1492.946251153946,1492.946251153946,Right,Released,837.1171875,537.6328125
1493.1711061000824,1493.1711061000824,NoButton,Move,838.04296875,537.6328125
1493.220004081726,1493.220004081726,NoButton,Move,839.88671875,537.26171875
1493.220073223114,1493.220073223114,NoButton,Move,840.82421875,536.9453125
1493.2201273441315,1493.2201273441315,NoButton,Move,842.1875,536.26171875
1493.2201793193817,1493.2201793193817,NoButton,Move,843.55078125,535.91796875
1493.2202622890472,1493.2202622890472,NoButton,Move,844.9140625,535.57421875
1493.2203271389008,1493.2203271389008,NoButton,Move,845.8515625,534.9453125
1493.2292082309723,1493.2292082309723,NoButton,Move,847.6953125,534.57421875
1493.2357041835785,1493.2357041835785,NoButton,Move,849.5390625,533.83203125
1493.2438201904297,1493.2438201904297,NoButton,Move,850.90234375,533.48828125
1493.252102136612,1493.252102136612,NoButton,Move,851.83984375,533.171875
1493.2603151798248,1493.2603151798248,NoButton,Move,852.77734375,532.85546875
1493.268423318863,1493.268423318863,NoButton,Move,853.71484375,532.5390625
1493.2766172885895,1493.2766172885895,NoButton,Move,854.65234375,532.22265625
1493.2847411632538,1493.2847411632538,NoButton,Move,856.015625,531.5390625
1493.2930433750153,1493.2930433750153,NoButton,Move,857.37890625,530.85546875
1493.3012001514435,1493.3012001514435,NoButton,Move,859.22265625,529.74609375
1493.3094902038574,1493.3094902038574,NoButton,Move,861.06640625,528.63671875
1493.3175873756409,1493.3175873756409,NoButton,Move,863.05078125,527.046875
1493.32572722435,1493.32572722435,NoButton,Move,865.59765625,524.921875
1493.3339002132416,1493.3339002132416,NoButton,Move,868.3125,522.203125
1493.3432502746582,1493.3432502746582,NoButton,Move,871.67578125,519.31640625
1493.3504011631012,1493.3504011631012,NoButton,Move,874.55859375,515.94921875
1493.3586370944977,1493.3586370944977,NoButton,Move,876.9609375,512.1015625
1493.366851091385,1493.366851091385,NoButton,Move,881.921875,504.65625
1493.374986410141,1493.374986410141,NoButton,Move,884.7421875,498.4453125
1493.3830871582031,1493.3830871582031,NoButton,Move,888.80078125,488.296875
1493.3924322128296,1493.3924322128296,NoButton,Move,892.0234375,478.6171875
1493.487228155136,1493.487228155136,NoButton,Move,899.4609375,456.29296875
1493.4873492717743,1493.4873492717743,NoButton,Move,904.19140625,440.51171875
1493.4874460697174,1493.4874460697174,NoButton,Move,907.29296875,431.82421875
1493.4876022338867,1493.4876022338867,NoButton,Move,913.01171875,415.48046875
1493.4877002239227,1493.4877002239227,NoButton,Move,918.3359375,401.78515625
1493.4878251552582,1493.4878251552582,NoButton,Move,921.15625,395.57421875
1493.4879622459412,1493.4879622459412,NoButton,Move,925.21484375,385.42578125
1493.4880011081696,1493.4880011081696,NoButton,Move,929.75,376.34765625
1493.4880423545837,1493.4880423545837,NoButton,Move,931.55859375,373.17578125
1493.4880771636963,1493.4880771636963,NoButton,Move,934.23828125,367.80859375
1493.4881131649017,1493.4881131649017,NoButton,Move,936.640625,363.9609375
1493.489295244217,1493.489295244217,NoButton,Move,938.90234375,360.7890625
1493.497409105301,1493.497409105301,NoButton,Move,940.0078125,358.94140625
1493.5068233013153,1493.5068233013153,NoButton,Move,940.6875,357.57421875
1493.513798236847,1493.513798236847,NoButton,Move,941.3125,356.6328125
1493.52205824852,1493.52205824852,NoButton,Move,941.59765625,356.05859375
1493.5302240848541,1493.5302240848541,NoButton,Move,941.85546875,355.796875
1493.5384261608124,1493.5384261608124,NoButton,Move,942.11328125,355.53515625
1493.5466890335083,1493.5466890335083,NoButton,Move,942.37109375,355.53515625
1493.6699571609497,1493.6699571609497,NoButton,Move,942.13671875,355.53515625
1493.6782410144806,1493.6782410144806,NoButton,Move,941.5625,355.53515625
1493.6865901947021,1493.6865901947021,NoButton,Move,940.62109375,355.53515625
1493.6947419643402,1493.6947419643402,NoButton,Move,938.7734375,356.640625
1493.7030630111694,1493.7030630111694,NoButton,Move,936.92578125,357.74609375
1493.7113661766052,1493.7113661766052,NoButton,Move,934.9375,359.33203125
1493.719481229782,1493.719481229782,NoButton,Move,932.94921875,360.91796875
1493.7277402877808,1493.7277402877808,NoButton,Move,930.3984375,363.0390625
1493.7358882427216,1493.7358882427216,NoButton,Move,928.2734375,365.16015625
1493.743494272232,1493.743494272232,NoButton,Move,925.5546875,367.875
1493.7519662380219,1493.7519662380219,NoButton,Move,922.84375,370.58203125
1493.7600650787354,1493.7600650787354,NoButton,Move,920.71875,373.12890625
1493.7682292461395,1493.7682292461395,NoButton,Move,917.83203125,376.4921875
1493.7765882015228,1493.7765882015228,NoButton,Move,915.70703125,379.0390625
1493.7847471237183,1493.7847471237183,NoButton,Move,913.44140625,382.20703125
1493.793219089508,1493.793219089508,NoButton,Move,911.62890625,385.375
1493.8008723258972,1493.8008723258972,NoButton,Move,909.22265625,389.21875
1493.8116331100464,1493.8116331100464,NoButton,Move,907.296875,393.54296875
1493.8175451755524,1493.8175451755524,NoButton,Move,904.75390625,398.1171875
1493.8256211280823,1493.8256211280823,NoButton,Move,902.828125,402.44140625
1493.833812236786,1493.833812236786,NoButton,Move,900.28515625,407.015625
1493.8420951366425,1493.8420951366425,NoButton,Move,898.47265625,410.63671875
1493.8502342700958,1493.8502342700958,NoButton,Move,896.546875,414.9609375
1493.8606731891632,1493.8606731891632,NoButton,Move,895.4375,416.4375
1493.8666942119598,1493.8666942119598,NoButton,Move,894.16015625,419.41015625
1493.8748352527618,1493.8748352527618,NoButton,Move,892.45703125,421.95703125
1493.883278131485,1493.883278131485,NoButton,Move,891.34765625,423.80078125
1493.8928272724152,1493.8928272724152,NoButton,Move,890.6640625,425.1640625
1493.8997020721436,1493.8997020721436,NoButton,Move,890.3203125,426.52734375
1493.9077413082123,1493.9077413082123,NoButton,Move,889.9765625,427.890625
1493.9159212112427,1493.9159212112427,NoButton,Move,889.60546875,429.734375
1493.9276530742645,1493.9276530742645,NoButton,Move,889.60546875,431.578125
1493.932186126709,1493.932186126709,NoButton,Move,889.60546875,433.95703125
1493.9403729438782,1493.9403729438782,NoButton,Move,889.60546875,436.9296875
1493.9488291740417,1493.9488291740417,NoButton,Move,890.02734375,439.90234375
1493.9567511081696,1493.9567511081696,NoButton,Move,890.9296875,443.5234375
1493.965436220169,1493.965436220169,NoButton,Move,892.203125,446.49609375
1493.9767150878906,1493.9767150878906,NoButton,Move,893.55859375,450.1171875
1493.9812982082367,1493.9812982082367,NoButton,Move,895.0,454.44140625
1493.9893112182617,1493.9893112182617,NoButton,Move,896.35546875,458.0625
1493.9976851940155,1493.9976851940155,NoButton,Move,897.31640625,462.38671875
1494.0057263374329,1494.0057263374329,NoButton,Move,898.7578125,466.7109375
1494.0139741897583,1494.0139741897583,NoButton,Move,900.19921875,471.03515625
1494.0224282741547,1494.0224282741547,NoButton,Move,901.640625,475.359375
1494.0305180549622,1494.0305180549622,NoButton,Move,903.44921875,478.98046875
1494.038573026657,1494.038573026657,NoButton,Move,904.1875,480.82421875
1494.0469193458557,1494.0469193458557,NoButton,Move,905.4609375,483.796875
1494.0548810958862,1494.0548810958862,NoButton,Move,906.734375,486.76953125
1494.06276512146,1494.06276512146,NoButton,Move,907.921875,489.1484375
1494.0716662406921,1494.0716662406921,NoButton,Move,908.71484375,491.52734375
1494.0799160003662,1494.0799160003662,NoButton,Move,909.8203125,493.00390625
1494.087785243988,1494.087785243988,NoButton,Move,910.92578125,494.84765625
1494.0960412025452,1494.0960412025452,NoButton,Move,911.6640625,496.69140625
1494.1038432121277,1494.1038432121277,NoButton,Move,912.76953125,498.16796875
1494.1120882034302,1494.1120882034302,NoButton,Move,913.875,499.64453125
1494.1202092170715,1494.1202092170715,NoButton,Move,915.68359375,502.8125
1494.1284050941467,1494.1284050941467,NoButton,Move,916.30859375,503.75
1494.1366651058197,1494.1366651058197,NoButton,Move,918.5703125,506.91796875
1494.1450102329254,1494.1450102329254,NoButton,Move,919.1953125,507.85546875
1494.1531302928925,1494.1531302928925,NoButton,Move,921.00390625,511.0234375
1494.16148519516,1494.16148519516,NoButton,Move,921.68359375,512.38671875
1494.170058965683,1494.170058965683,NoButton,Move,922.87109375,514.765625
1494.17795920372,1494.17795920372,NoButton,Move,924.14453125,517.73828125
1494.185951948166,1494.185951948166,NoButton,Move,924.9375,520.1171875
1494.1947393417358,1494.1947393417358,NoButton,Move,925.38671875,523.73828125
1494.2025892734528,1494.2025892734528,NoButton,Move,926.45703125,529.63671875
1494.2106041908264,1494.2106041908264,NoButton,Move,926.9921875,535.53515625
1494.2188892364502,1494.2188892364502,NoButton,Move,927.58203125,543.23046875
1494.2287142276764,1494.2287142276764,NoButton,Move,928.2265625,552.953125
1494.2350602149963,1494.2350602149963,NoButton,Move,928.2265625,564.9296875
1494.2433881759644,1494.2433881759644,NoButton,Move,928.2265625,579.3828125
1494.2515242099762,1494.2515242099762,NoButton,Move,928.2265625,592.5703125
1494.2599260807037,1494.2599260807037,NoButton,Move,928.2265625,605.7578125
1494.2677652835846,1494.2677652835846,NoButton,Move,927.20703125,610.83984375
1494.2771592140198,1494.2771592140198,NoButton,Move,924.5,621.66015625
1494.2841062545776,1494.2841062545776,NoButton,Move,922.12890625,629.359375
1494.2927622795105,1494.2927622795105,NoButton,Move,921.27734375,632.33203125
1494.3005912303925,1494.3005912303925,NoButton,Move,919.3515625,636.65625
1494.3101241588593,1494.3101241588593,NoButton,Move,917.5390625,640.27734375
1494.3169300556183,1494.3169300556183,NoButton,Move,916.26171875,643.25
1494.3249881267548,1494.3249881267548,NoButton,Move,915.15234375,644.7265625
1494.3332512378693,1494.3332512378693,NoButton,Move,914.5234375,645.6640625
1494.341373205185,1494.341373205185,NoButton,Move,913.94921875,646.234375
1494.3498702049255,1494.3498702049255,NoButton,Move,913.6875,646.4921875
1494.3579971790314,1494.3579971790314,NoButton,Move,913.42578125,646.75
1494.366021156311,1494.366021156311,NoButton,Move,913.42578125,647.0078125
1494.3790822029114,1494.3790822029114,NoButton,Move,913.1640625,647.0078125
1494.3908231258392,1494.3908231258392,NoButton,Move,912.91796875,647.0078125
1494.4153151512146,1494.4153151512146,NoButton,Move,912.67578125,647.0078125
1494.4401483535767,1494.4401483535767,NoButton,Move,912.42578125,646.5078125
1494.4480900764465,1494.4480900764465,NoButton,Move,911.8515625,645.93359375
1494.4612600803375,1494.4612600803375,NoButton,Move,911.5078125,644.56640625
1494.464345216751,1494.464345216751,NoButton,Move,910.87890625,643.625
1494.4725532531738,1494.4725532531738,NoButton,Move,910.53515625,642.2578125
1494.4807679653168,1494.4807679653168,NoButton,Move,909.79296875,640.41015625
1494.4889631271362,1494.4889631271362,NoButton,Move,908.99609375,638.02734375
1494.4971442222595,1494.4971442222595,NoButton,Move,908.65234375,636.66015625
1494.5053341388702,1494.5053341388702,NoButton,Move,907.375,633.68359375
1494.513414144516,1494.513414144516,NoButton,Move,906.578125,631.30078125
1494.5215590000153,1494.5215590000153,NoButton,Move,906.1796875,628.91796875
1494.5298690795898,1494.5298690795898,NoButton,Move,905.2734375,625.29296875
1494.5383920669556,1494.5383920669556,NoButton,Move,904.30859375,620.96484375
1494.546275138855,1494.546275138855,NoButton,Move,903.2890625,615.87890625
1494.5543501377106,1494.5543501377106,NoButton,Move,901.76171875,610.79296875
1494.5624272823334,1494.5624272823334,NoButton,Move,900.15234375,604.890625
1494.5705683231354,1494.5705683231354,NoButton,Move,899.0234375,598.1171875
1494.579184293747,1494.579184293747,NoButton,Move,897.4140625,592.21484375
1494.587230205536,1494.587230205536,NoButton,Move,896.6171875,589.83203125
1494.5953571796417,1494.5953571796417,NoButton,Move,895.65234375,585.50390625
1494.603610277176,1494.603610277176,NoButton,Move,894.74609375,581.87890625
1494.6123311519623,1494.6123311519623,NoButton,Move,893.89453125,578.90234375
1494.620364189148,1494.620364189148,NoButton,Move,893.46875,575.92578125
1494.6285202503204,1494.6285202503204,NoButton,Move,892.7265625,574.078125
1494.6362671852112,1494.6362671852112,NoButton,Move,892.35546875,572.23046875
1494.6443111896515,1494.6443111896515,NoButton,Move,891.984375,570.3828125
1494.6526472568512,1494.6526472568512,NoButton,Move,891.984375,569.015625
1494.6608021259308,1494.6608021259308,NoButton,Move,891.640625,567.6484375
1494.6686503887177,1494.6686503887177,NoButton,Move,891.640625,567.07421875
1494.6808791160583,1494.6808791160583,NoButton,Move,891.32421875,566.1328125
1494.685150384903,1494.685150384903,NoButton,Move,891.03515625,565.55859375
1494.6938211917877,1494.6938211917877,NoButton,Move,891.03515625,564.6171875
1494.7017772197723,1494.7017772197723,NoButton,Move,890.7734375,564.35546875
1494.7099521160126,1494.7099521160126,NoButton,Move,890.7734375,563.78125
1494.718245267868,1494.718245267868,NoButton,Move,890.51171875,563.51953125
1494.726317167282,1494.726317167282,NoButton,Move,890.51171875,563.2578125
1494.734756231308,1494.734756231308,NoButton,Move,890.25,563.2578125
1494.7428243160248,1494.7428243160248,NoButton,Move,890.25,562.99609375
1494.7510392665863,1494.7510392665863,NoButton,Move,889.98828125,562.99609375
1494.7673180103302,1494.7673180103302,NoButton,Move,889.98828125,562.75
1495.586433172226,1495.586433172226,NoButton,Move,890.44921875,562.515625
1495.5943331718445,1495.5943331718445,NoButton,Move,896.08984375,558.5625
1495.602488040924,1495.602488040924,NoButton,Move,901.73046875,554.046875
1495.610642194748,1495.610642194748,NoButton,Move,915.140625,545.3671875
1495.6183772087097,1495.6183772087097,NoButton,Move,934.07421875,534.54296875
1495.6269760131836,1495.6269760131836,NoButton,Move,957.0703125,523.04296875
1495.6352071762085,1495.6352071762085,NoButton,Move,1002.5546875,502.24609375
1495.6438190937042,1495.6438190937042,NoButton,Move,1020.3046875,496.328125
1495.6515901088715,1495.6515901088715,NoButton,Move,1055.28515625,485.0390625
1495.6734101772308,1495.6734101772308,NoButton,Move,1091.39453125,476.0078125
1495.6736571788788,1495.6736571788788,NoButton,Move,1129.57421875,466.75
1495.6756269931793,1495.6756269931793,NoButton,Move,1165.68359375,458.84765625
1495.6836001873016,1495.6836001873016,NoButton,Move,1199.78515625,453.34375
1495.6917881965637,1495.6917881965637,NoButton,Move,1230.0390625,449.16796875
1495.7000613212585,1495.7000613212585,NoButton,Move,1242.015625,447.7578125
1495.7087800502777,1495.7087800502777,NoButton,Move,1250.69921875,446.515625
1495.7165942192078,1495.7165942192078,NoButton,Move,1267.85546875,444.0625
1495.7247772216797,1495.7247772216797,NoButton,Move,1281.04296875,441.86328125
1495.7330203056335,1495.7330203056335,NoButton,Move,1284.6640625,441.41015625
1495.7412731647491,1495.7412731647491,NoButton,Move,1291.43359375,439.71484375
1495.7495300769806,1495.7495300769806,NoButton,Move,1295.7578125,438.75
1495.757600069046,1495.757600069046,NoButton,Move,1298.73046875,437.8984375
1495.7657022476196,1495.7657022476196,NoButton,Move,1300.09375,437.5546875
1495.7739839553833,1495.7739839553833,NoButton,Move,1300.6640625,436.98046875
1495.7825071811676,1495.7825071811676,NoButton,Move,1300.9765625,436.0390625
1495.7904262542725,1495.7904262542725,NoButton,Move,1300.9765625,435.09765625
1495.7985742092133,1495.7985742092133,NoButton,Move,1300.9765625,434.8359375
1495.8068101406097,1495.8068101406097,NoButton,Move,1299.94921875,433.80859375
1495.814911365509,1495.814911365509,NoButton,Move,1299.0078125,433.1796875
1495.8231241703033,1495.8231241703033,NoButton,Move,1297.640625,432.8359375
1495.8315000534058,1495.8315000534058,NoButton,Move,1296.2734375,432.15234375
1495.8397471904755,1495.8397471904755,NoButton,Move,1294.90625,431.46875
1495.8480162620544,1495.8480162620544,NoButton,Move,1293.96484375,431.15234375
1495.8560733795166,1495.8560733795166,NoButton,Move,1292.59765625,430.80859375
1495.863721370697,1495.863721370697,NoButton,Move,1291.23046875,430.125
1495.8721141815186,1495.8721141815186,NoButton,Move,1289.86328125,429.78125
1495.8806102275848,1495.8806102275848,NoButton,Move,1288.921875,429.46484375
1495.8906502723694,1495.8906502723694,NoButton,Move,1287.98046875,428.8359375
1495.8964159488678,1495.8964159488678,NoButton,Move,1287.40625,428.546875
1495.9045791625977,1495.9045791625977,NoButton,Move,1286.46484375,428.23046875
1495.9129631519318,1495.9129631519318,NoButton,Move,1285.890625,427.94140625
1495.9215111732483,1495.9215111732483,NoButton,Move,1285.31640625,427.65234375
1495.9295830726624,1495.9295830726624,NoButton,Move,1284.7421875,427.36328125
1495.9377143383026,1495.9377143383026,NoButton,Move,1284.48046875,427.36328125
1495.9459340572357,1495.9459340572357,NoButton,Move,1284.21875,427.1015625
1495.954379081726,1495.954379081726,NoButton,Move,1283.95703125,427.1015625
1495.970730304718,1495.970730304718,NoButton,Move,1283.95703125,426.85546875
1496.060075044632,1496.060075044632,Left,Pressed,1283.95703125,426.85546875
1496.1464021205902,1496.1464021205902,Left,Released,1283.95703125,426.85546875
1496.4005281925201,1496.4005281925201,NoButton,Move,1283.95703125,428.4921875
1496.400591135025,1496.400591135025,NoButton,Move,1284.91796875,432.81640625
1496.4037413597107,1496.4037413597107,NoButton,Move,1287.0625,438.71484375
1496.4121761322021,1496.4121761322021,NoButton,Move,1289.3046875,445.4453125
1496.4202580451965,1496.4202580451965,NoButton,Move,1292.40625,454.12890625
1496.4282460212708,1496.4282460212708,NoButton,Move,1294.99609375,463.8515625
1496.4366731643677,1496.4366731643677,NoButton,Move,1299.8984375,481.0078125
1496.4447782039642,1496.4447782039642,NoButton,Move,1307.3984375,513.15625
1496.4529190063477,1496.4529190063477,NoButton,Move,1308.75,523.9765625
1496.4611971378326,1496.4611971378326,NoButton,Move,1312.2421875,544.06640625
1496.4694073200226,1496.4694073200226,NoButton,Move,1313.140625,565.70703125
1496.4776163101196,1496.4776163101196,NoButton,Move,1314.01171875,585.796875
1496.4857802391052,1496.4857802391052,NoButton,Move,1314.01171875,605.88671875
1496.493893146515,1496.493893146515,NoButton,Move,1314.01171875,624.48046875
1496.5020961761475,1496.5020961761475,NoButton,Move,1314.01171875,643.07421875
1496.510311126709,1496.510311126709,NoButton,Move,1313.19140625,660.23046875
1496.5185012817383,1496.5185012817383,NoButton,Move,1311.66796875,674.68359375
1496.5266931056976,1496.5266931056976,NoButton,Move,1310.59375,680.58203125
1496.5347650051117,1496.5347650051117,NoButton,Move,1309.18359375,692.55859375
1496.5431590080261,1496.5431590080261,NoButton,Move,1307.23828125,702.28125
1496.551244020462,1496.551244020462,NoButton,Move,1305.99609375,710.96484375
1496.5594942569733,1496.5594942569733,NoButton,Move,1304.8671875,717.734375
1496.5677633285522,1496.5677633285522,NoButton,Move,1304.46875,720.11328125
1496.5759501457214,1496.5759501457214,NoButton,Move,1303.984375,724.4375
1496.5840833187103,1496.5840833187103,NoButton,Move,1303.53125,728.05859375
1496.5923311710358,1496.5923311710358,NoButton,Move,1303.16015625,729.90234375
1496.6005642414093,1496.6005642414093,NoButton,Move,1303.16015625,731.265625
1496.6089913845062,1496.6089913845062,NoButton,Move,1303.16015625,732.203125
1496.6172122955322,1496.6172122955322,NoButton,Move,1303.16015625,732.7734375
1496.6253702640533,1496.6253702640533,NoButton,Move,1303.16015625,733.03125
1496.6335961818695,1496.6335961818695,NoButton,Move,1303.16015625,733.2890625
1496.6600613594055,1496.6600613594055,Left,Pressed,1303.16015625,733.2890625
1496.6824502944946,1496.6824502944946,NoButton,Move,1303.16015625,733.41015625
1496.759285211563,1496.759285211563,Left,Released,1303.16015625,733.41015625
1496.780284166336,1496.780284166336,NoButton,Move,1301.4609375,733.41015625
1497.876983165741,1497.876983165741,Left,Pressed,1301.4609375,733.41015625
1497.9928362369537,1497.9928362369537,Left,Released,1301.4609375,733.41015625
1499.3117980957031,1499.3117980957031,NoButton,Move,1301.4609375,733.17578125
1499.3517212867737,1499.3517212867737,NoButton,Move,1301.4609375,732.93359375
1499.351853132248,1499.351853132248,NoButton,Move,1301.4609375,732.671875
1499.3597071170807,1499.3597071170807,NoButton,Move,1301.4609375,732.42578125
1499.3763823509216,1499.3763823509216,NoButton,Move,1301.4609375,732.1796875
1499.4094173908234,1499.4094173908234,NoButton,Move,1301.4609375,731.94140625
1499.4338731765747,1499.4338731765747,NoButton,Move,1301.4609375,731.69921875
1499.4502263069153,1499.4502263069153,NoButton,Move,1301.4609375,731.453125
1499.4584603309631,1499.4584603309631,NoButton,Move,1301.4609375,731.19140625
1499.4748940467834,1499.4748940467834,NoButton,Move,1301.4609375,730.9453125
1499.4830000400543,1499.4830000400543,NoButton,Move,1301.4609375,730.68359375
1499.4911930561066,1499.4911930561066,NoButton,Move,1301.4609375,730.421875
1499.4996881484985,1499.4996881484985,NoButton,Move,1301.4609375,730.16015625
1499.5156950950623,1499.5156950950623,NoButton,Move,1301.4609375,729.640625
1499.5243601799011,1499.5243601799011,NoButton,Move,1301.4609375,729.3828125
1499.532169342041,1499.532169342041,NoButton,Move,1301.4609375,729.12109375
1499.5402250289917,1499.5402250289917,NoButton,Move,1301.4609375,728.546875
1499.5479092597961,1499.5479092597961,NoButton,Move,1301.4609375,728.28515625
1499.556113243103,1499.556113243103,NoButton,Move,1301.4609375,727.7109375
1499.5643723011017,1499.5643723011017,NoButton,Move,1301.4609375,727.13671875
1499.572689294815,1499.572689294815,NoButton,Move,1301.4609375,726.875
1499.5810680389404,1499.5810680389404,NoButton,Move,1301.4609375,726.30078125
1499.5892071723938,1499.5892071723938,NoButton,Move,1301.4609375,726.0390625
1499.5982582569122,1499.5982582569122,NoButton,Move,1301.4609375,725.77734375
1499.6058580875397,1499.6058580875397,NoButton,Move,1301.4609375,725.203125
1499.6140730381012,1499.6140730381012,NoButton,Move,1301.4609375,724.94140625
1499.622251033783,1499.622251033783,NoButton,Move,1301.19921875,724.6796875
1499.6305141448975,1499.6305141448975,NoButton,Move,1301.19921875,724.10546875
1499.6386222839355,1499.6386222839355,NoButton,Move,1301.19921875,723.84375
1499.6468391418457,1499.6468391418457,NoButton,Move,1300.9375,723.58203125
1499.655023097992,1499.655023097992,NoButton,Move,1300.6484375,723.0078125
1499.6632733345032,1499.6632733345032,NoButton,Move,1300.38671875,722.74609375
1499.6715731620789,1499.6715731620789,NoButton,Move,1300.09765625,722.171875
1499.679584980011,1499.679584980011,NoButton,Move,1299.46875,721.23046875
1499.687756061554,1499.687756061554,NoButton,Move,1298.44140625,720.203125
1499.6959512233734,1499.6959512233734,NoButton,Move,1297.8125,719.26171875
1499.704094171524,1499.704094171524,NoButton,Move,1296.78515625,718.234375
1499.7123491764069,1499.7123491764069,NoButton,Move,1295.67578125,716.75390625
1499.7204892635345,1499.7204892635345,NoButton,Move,1294.0859375,714.765625
1499.728592157364,1499.728592157364,NoButton,Move,1292.49609375,712.77734375
1499.7368202209473,1499.7368202209473,NoButton,Move,1290.79296875,710.2265625
1499.744956254959,1499.744956254959,NoButton,Move,1288.98046875,707.0546875
1499.7532131671906,1499.7532131671906,NoButton,Move,1286.85546875,704.50390625
1499.7614452838898,1499.7614452838898,NoButton,Move,1283.96875,701.13671875
1499.769623041153,1499.769623041153,NoButton,Move,1281.08203125,697.76953125
1499.7778012752533,1499.7778012752533,NoButton,Move,1277.71484375,694.8828125
1499.7860972881317,1499.7860972881317,NoButton,Move,1271.7890625,689.55078125
1499.7940909862518,1499.7940909862518,NoButton,Move,1265.26953125,685.40234375
1499.8023142814636,1499.8023142814636,NoButton,Move,1251.06640625,677.51171875
1499.8104529380798,1499.8104529380798,NoButton,Move,1238.1328125,669.90234375
1499.8186872005463,1499.8186872005463,NoButton,Move,1219.1953125,659.078125
1499.8268961906433,1499.8268961906433,NoButton,Move,1197.15234375,645.66015625
1499.8351023197174,1499.8351023197174,NoButton,Move,1149.6640625,617.1640625
1499.8432970046997,1499.8432970046997,NoButton,Move,1133.06640625,605.8046875
1499.8516232967377,1499.8516232967377,NoButton,Move,1072.23828125,569.30859375
1499.859824180603,1499.859824180603,NoButton,Move,1055.640625,557.078125
1499.8678431510925,1499.8678431510925,NoButton,Move,1024.40234375,533.9375
1499.875957250595,1499.875957250595,NoButton,Move,995.05859375,511.36328125
1499.883632183075,1499.883632183075,NoButton,Move,983.64453125,501.47265625
1499.89222407341,1499.89222407341,NoButton,Move,961.734375,480.60546875
1499.900463104248,1499.900463104248,NoButton,Move,954.60546875,473.4765625
1499.9084131717682,1499.9084131717682,NoButton,Move,939.75390625,459.5
1499.9165332317352,1499.9165332317352,NoButton,Move,928.33984375,449.609375
