2402.5060732364655,2402.5060732364655,Left,Pressed,524.234375,514.2109375
2402.522670030594,2402.522670030594,Left,Released,524.234375,514.2109375
2402.625095129013,2402.625095129013,Left,Pressed,524.234375,514.2109375
2402.717341184616,2402.717341184616,Left,Released,524.234375,514.2109375
2403.0542681217194,2403.0542681217194,NoButton,Move,524.92578125,514.2109375
2403.0594911575317,2403.0594911575317,NoButton,Move,526.28515625,514.890625
2403.0674002170563,2403.0674002170563,NoButton,Move,528.26953125,516.4765625
2403.0757932662964,2403.0757932662964,NoButton,Move,529.85546875,518.4609375
2403.0848791599274,2403.0848791599274,NoButton,Move,531.83984375,520.046875
2403.0981941223145,2403.0981941223145,NoButton,Move,535.203125,523.41015625
2403.101194381714,2403.101194381714,NoButton,Move,538.56640625,526.7734375
2403.108367204666,2403.108367204666,NoButton,Move,541.9296875,530.13671875
2403.1167674064636,2403.1167674064636,NoButton,Move,545.48828125,534.203125
2403.1251513957977,2403.1251513957977,NoButton,Move,548.5390625,538.26953125
2403.133002281189,2403.133002281189,NoButton,Move,551.58984375,542.3359375
2403.141179084778,2403.141179084778,NoButton,Move,554.12890625,546.91015625
2403.1496403217316,2403.1496403217316,NoButton,Move,555.9375,550.53125
2403.157556295395,2403.157556295395,NoButton,Move,556.3046875,552.375
2403.165940284729,2403.165940284729,NoButton,Move,557.91015625,558.2734375
2403.173772096634,2403.173772096634,NoButton,Move,557.91015625,560.1171875
2403.184233188629,2403.184233188629,NoButton,Move,557.91015625,563.08984375
2403.1906871795654,2403.1906871795654,NoButton,Move,557.91015625,565.46875
2403.1985290050507,2403.1985290050507,NoButton,Move,557.91015625,567.3125
2403.214515209198,2403.214515209198,NoButton,Move,557.91015625,568.67578125
2403.214679002762,2403.214679002762,NoButton,Move,557.56640625,570.0390625
2403.2228422164917,2403.2228422164917,NoButton,Move,556.9921875,570.609375
2403.2311160564423,2403.2311160564423,NoButton,Move,556.73046875,570.8671875
2403.2394211292267,2403.2394211292267,NoButton,Move,556.46875,571.125
2403.2475593090057,2403.2475593090057,NoButton,Move,556.20703125,571.3828125
2403.2556552886963,2403.2556552886963,NoButton,Move,556.20703125,571.640625
2403.2834281921387,2403.2834281921387,Left,Pressed,556.20703125,571.640625
2403.2996323108673,2403.2996323108673,NoButton,Move,556.0859375,571.640625
2403.3662061691284,2403.3662061691284,Left,Released,556.0859375,571.640625
2404.0912942886353,2404.0912942886353,NoButton,Move,556.0859375,570.9453125
2404.0994482040405,2404.0994482040405,NoButton,Move,556.0859375,569.58203125
2404.1074533462524,2404.1074533462524,NoButton,Move,556.48046875,567.19921875
2404.115438222885,2404.115438222885,NoButton,Move,557.328125,564.22265625
2404.123621225357,2404.123621225357,NoButton,Move,557.890625,557.44921875
2404.1317923069,2404.1317923069,NoButton,Move,558.62109375,544.2578125
2404.1402139663696,2404.1402139663696,NoButton,Move,558.62109375,529.80078125
2404.1484122276306,2404.1484122276306,NoButton,Move,557.51953125,495.6953125
2404.1565401554108,2404.1565401554108,NoButton,Move,550.015625,463.54296875
2404.1645481586456,2404.1645481586456,NoButton,Move,538.57421875,417.78515625
2404.172636270523,2404.172636270523,NoButton,Move,523.6484375,364.8671875
2404.1812131404877,2404.1812131404877,NoButton,Move,508.08984375,306.88671875
2404.1893582344055,2404.1893582344055,NoButton,Move,491.6328125,241.0703125
2404.197473049164,2404.197473049164,NoButton,Move,485.7109375,214.4296875
2404.224534034729,2404.224534034729,NoButton,Move,475.08203125,162.62890625
2404.224589109421,2404.224589109421,NoButton,Move,465.140625,117.8984375
2404.2246294021606,2404.2246294021606,NoButton,Move,462.7734375,102.1171875
2404.2363090515137,2404.2363090515137,NoButton,Move,460.65625,90.13671875
2404.2389690876007,2404.2389690876007,NoButton,Move,456.00390625,66.8828125
2404.249703168869,2404.249703168869,NoButton,Move,455.0390625,62.5546875
2404.2543210983276,2404.2543210983276,NoButton,Move,453.0078125,51.73046875
2404.2623512744904,2404.2623512744904,NoButton,Move,451.87890625,44.95703125
2404.2704572677612,2404.2704572677612,NoButton,Move,450.97265625,41.33203125
2404.2789223194122,2404.2789223194122,NoButton,Move,450.125,38.3671875
2404.287215232849,2404.287215232849,NoButton,Move,449.86328125,38.3671875
2404.4596881866455,2404.4596881866455,NoButton,Move,449.86328125,39.30859375
2404.4677600860596,2404.4677600860596,NoButton,Move,449.86328125,41.15234375
2404.4757759571075,2404.4757759571075,NoButton,Move,450.6015625,42.99609375
2404.483956336975,2404.483956336975,NoButton,Move,451.875,45.96875
2404.4922342300415,2404.4922342300415,NoButton,Move,453.1484375,48.94140625
2404.509660243988,2404.509660243988,NoButton,Move,454.95703125,52.5625
2404.5098102092743,2404.5098102092743,NoButton,Move,456.3984375,56.88671875
2404.51673913002,2404.51673913002,NoButton,Move,458.20703125,60.5078125
2404.5250401496887,2404.5250401496887,NoButton,Move,459.6484375,64.83203125
2404.533313035965,2404.533313035965,NoButton,Move,461.0859375,69.15234375
2404.540887117386,2404.540887117386,NoButton,Move,461.82421875,70.99609375
2404.548961162567,2404.548961162567,NoButton,Move,462.671875,73.96875
2404.5574452877045,2404.5574452877045,NoButton,Move,463.859375,76.34765625
2404.565315246582,2404.565315246582,NoButton,Move,464.2265625,78.19140625
2404.575854063034,2404.575854063034,NoButton,Move,464.90625,79.5546875
2404.589403152466,2404.589403152466,NoButton,Move,465.21875,80.4921875
2404.5896413326263,2404.5896413326263,NoButton,Move,465.53125,81.4296875
2404.5981941223145,2404.5981941223145,NoButton,Move,465.7890625,81.6875
2404.6065192222595,2404.6065192222595,NoButton,Move,465.7890625,81.9453125
2404.614994287491,2404.614994287491,NoButton,Move,465.7890625,82.203125
2404.622987985611,2404.622987985611,NoButton,Move,465.7890625,82.4609375
2404.631130218506,2404.631130218506,NoButton,Move,465.7890625,82.71875
2404.6392550468445,2404.6392550468445,NoButton,Move,465.7890625,83.2890625
2404.647360086441,2404.647360086441,NoButton,Move,465.7890625,83.546875
2404.6556012630463,2404.6556012630463,NoButton,Move,465.7890625,84.1171875
2404.6638593673706,2404.6638593673706,NoButton,Move,465.7890625,84.6875
2404.6720221042633,2404.6720221042633,NoButton,Move,465.7890625,84.9453125
2404.680286169052,2404.680286169052,NoButton,Move,465.7890625,85.515625
2404.68857216835,2404.68857216835,NoButton,Move,465.7890625,85.7734375
2404.697062253952,2404.697062253952,NoButton,Move,465.7890625,86.03125
2404.7131950855255,2404.7131950855255,NoButton,Move,465.7890625,86.2734375
2404.750214099884,2404.750214099884,Left,Pressed,465.7890625,86.2734375
2404.886799097061,2404.886799097061,Left,Released,465.7890625,86.2734375
2406.8769052028656,2406.8769052028656,NoButton,Move,466.25,86.2734375
2406.883506298065,2406.883506298065,NoButton,Move,466.8203125,86.2734375
2406.8967270851135,2406.8967270851135,NoButton,Move,467.7578125,86.2734375
2406.898613214493,2406.898613214493,NoButton,Move,468.328125,86.2734375
2406.9067561626434,2406.9067561626434,NoButton,Move,468.8984375,86.2734375
2406.9202601909637,2406.9202601909637,NoButton,Move,469.46875,85.984375
2406.9230740070343,2406.9230740070343,NoButton,Move,470.0390625,85.984375
2406.9313571453094,2406.9313571453094,NoButton,Move,470.296875,85.984375
2406.939462184906,2406.939462184906,NoButton,Move,470.5546875,85.72265625
2406.9476883411407,2406.9476883411407,NoButton,Move,470.8125,85.72265625
2406.955799102783,2406.955799102783,NoButton,Move,471.0703125,85.72265625
2406.964004278183,2406.964004278183,NoButton,Move,471.328125,85.72265625
2406.9969420433044,2406.9969420433044,NoButton,Move,471.328125,85.484375
2407.0133311748505,2407.0133311748505,NoButton,Move,471.328125,85.23828125
2407.02148604393,2407.02148604393,NoButton,Move,471.328125,84.296875
2407.0296852588654,2407.0296852588654,NoButton,Move,471.328125,83.35546875
2407.038421154022,2407.038421154022,NoButton,Move,471.328125,81.98828125
2407.046872138977,2407.046872138977,NoButton,Move,471.328125,79.60546875
2407.05570936203,2407.05570936203,NoButton,Move,471.328125,77.7578125
2407.0632860660553,2407.0632860660553,NoButton,Move,471.328125,75.375
2407.07120013237,2407.07120013237,NoButton,Move,471.328125,72.3984375
2407.082194328308,2407.082194328308,NoButton,Move,471.328125,69.421875
2407.087960243225,2407.087960243225,NoButton,Move,470.69921875,68.48046875
2407.095401287079,2407.095401287079,NoButton,Move,469.5078125,66.09765625
2407.103340148926,2407.103340148926,NoButton,Move,468.82421875,64.73046875
2407.1115729808807,2407.1115729808807,NoButton,Move,468.140625,63.36328125
2407.1197311878204,2407.1197311878204,NoButton,Move,467.19921875,62.734375
2407.1284210681915,2407.1284210681915,NoButton,Move,466.91015625,62.16015625
2407.13631939888,2407.13631939888,NoButton,Move,466.3359375,61.87109375
2407.1494171619415,2407.1494171619415,NoButton,Move,465.76171875,61.87109375
2407.1525461673737,2407.1525461673737,NoButton,Move,465.5,61.87109375
2407.160919189453,2407.160919189453,NoButton,Move,464.92578125,61.87109375
2407.1692061424255,2407.1692061424255,NoButton,Move,464.609375,62.80859375
2407.1773602962494,2407.1773602962494,NoButton,Move,464.609375,65.1875
2407.185579061508,2407.185579061508,NoButton,Move,464.2109375,67.56640625
2407.193741083145,2407.193741083145,NoButton,Move,463.78515625,70.5390625
2407.202038049698,2407.202038049698,NoButton,Move,463.4140625,72.3828125
2407.210086107254,2407.210086107254,NoButton,Move,462.9296875,76.70703125
2407.2183742523193,2407.2183742523193,NoButton,Move,462.55859375,78.55078125
2407.2265672683716,2407.2265672683716,NoButton,Move,462.16015625,80.9296875
2407.234764099121,2407.234764099121,NoButton,Move,461.76171875,83.30859375
2407.242735147476,2407.242735147476,NoButton,Move,461.390625,85.15234375
2407.251288175583,2407.251288175583,NoButton,Move,461.390625,86.515625
2407.259255170822,2407.259255170822,NoButton,Move,461.07421875,87.453125
2407.267444372177,2407.267444372177,NoButton,Move,461.07421875,88.0234375
2407.275529384613,2407.275529384613,NoButton,Move,461.07421875,88.28125
2407.2837052345276,2407.2837052345276,NoButton,Move,461.07421875,88.8515625
2407.2920570373535,2407.2920570373535,NoButton,Move,461.07421875,89.109375
2407.3002133369446,2407.3002133369446,NoButton,Move,461.07421875,89.3671875
2407.349958181381,2407.349958181381,NoButton,Move,461.07421875,89.6015625
2407.4004342556,2407.4004342556,Left,Pressed,461.07421875,89.6015625
2407.504655122757,2407.504655122757,Left,Released,461.07421875,89.6015625
2409.4228541851044,2409.4228541851044,NoButton,Move,460.83984375,89.6015625
2409.428572177887,2409.428572177887,NoButton,Move,459.8984375,89.6015625
2409.438538312912,2409.438538312912,NoButton,Move,458.95703125,89.6015625
2409.4449582099915,2409.4449582099915,NoButton,Move,458.015625,89.6015625
2409.454618215561,2409.454618215561,NoButton,Move,456.6484375,89.6015625
2409.4612171649933,2409.4612171649933,NoButton,Move,455.70703125,89.28515625
2409.4694681167603,2409.4694681167603,NoButton,Move,454.33984375,88.94140625
2409.4776492118835,2409.4776492118835,NoButton,Move,453.765625,88.3671875
2409.4858989715576,2409.4858989715576,NoButton,Move,452.82421875,87.73828125
2409.494059085846,2409.494059085846,NoButton,Move,452.5625,87.4765625
2409.5064980983734,2409.5064980983734,NoButton,Move,451.98828125,87.1875
2409.510733127594,2409.510733127594,NoButton,Move,451.98828125,86.92578125
2409.5189440250397,2409.5189440250397,NoButton,Move,451.7265625,86.92578125
2409.535364151001,2409.535364151001,NoButton,Move,451.7265625,86.6796875
2409.5763351917267,2409.5763351917267,NoButton,Move,451.7265625,86.44140625
2409.5848109722137,2409.5848109722137,NoButton,Move,451.7265625,86.1796875
2409.60946726799,2409.60946726799,NoButton,Move,451.7265625,85.9375
2409.6339151859283,2409.6339151859283,NoButton,Move,451.96484375,85.9375
2409.642019033432,2409.642019033432,NoButton,Move,452.22265625,85.9375
2409.6504061222076,2409.6504061222076,NoButton,Move,452.48046875,85.9375
2409.658032178879,2409.658032178879,NoButton,Move,452.73828125,85.9375
2409.6661460399628,2409.6661460399628,NoButton,Move,452.99609375,85.9375
2409.674629211426,2409.674629211426,NoButton,Move,453.25390625,85.9375
2409.7002890110016,2409.7002890110016,Left,Pressed,453.25390625,85.9375
2409.724802017212,2409.724802017212,NoButton,Move,453.375,85.9375
2409.8360843658447,2409.8360843658447,Left,Released,453.375,85.9375
2412.2375552654266,2412.2375552654266,NoButton,Move,453.8359375,85.9375
2412.244277238846,2412.244277238846,NoButton,Move,455.3125,87.4140625
2412.252538204193,2412.252538204193,NoButton,Move,457.15625,88.51953125
2412.2605559825897,2412.2605559825897,NoButton,Move,459.53515625,89.70703125
2412.2730643749237,2412.2730643749237,NoButton,Move,463.15625,91.0625
2412.2770512104034,2412.2770512104034,NoButton,Move,466.77734375,91.96484375
2412.285176038742,2412.285176038742,NoButton,Move,474.4765625,93.73828125
2412.2991292476654,2412.2991292476654,NoButton,Move,481.24609375,94.30078125
2412.3015899658203,2412.3015899658203,NoButton,Move,489.9296875,94.30078125
2412.3098332881927,2412.3098332881927,NoButton,Move,501.90625,94.30078125
2412.3180301189423,2412.3180301189423,NoButton,Move,513.8828125,92.18359375
2412.3263642787933,2412.3263642787933,NoButton,Move,528.3359375,87.6171875
2412.3345692157745,2412.3345692157745,NoButton,Move,554.72265625,76.44921875
2414.1520943641663,2414.1520943641663,NoButton,Move,554.72265625,76.6796875
2414.160044193268,2414.160044193268,NoButton,Move,554.72265625,78.04296875
2414.168335199356,2414.168335199356,NoButton,Move,554.72265625,79.88671875
2414.1765491962433,2414.1765491962433,NoButton,Move,554.72265625,81.73046875
2414.1847932338715,2414.1847932338715,NoButton,Move,555.0625,83.09375
2414.1929190158844,2414.1929190158844,NoButton,Move,555.4296875,84.9375
2414.201215982437,2414.201215982437,NoButton,Move,555.76953125,86.30078125
2414.209454059601,2414.209454059601,NoButton,Move,555.76953125,89.2734375
2414.2174730300903,2414.2174730300903,NoButton,Move,556.1640625,91.65234375
2414.225697040558,2414.225697040558,NoButton,Move,556.1640625,93.49609375
2414.2339251041412,2414.2339251041412,NoButton,Move,556.1640625,95.33984375
2414.2424890995026,2414.2424890995026,NoButton,Move,556.1640625,96.703125
2414.2515182495117,2414.2515182495117,NoButton,Move,556.1640625,97.640625
2414.2590341567993,2414.2590341567993,NoButton,Move,556.1640625,98.578125
2414.267356157303,2414.267356157303,NoButton,Move,556.1640625,99.1484375
2414.2752010822296,2414.2752010822296,NoButton,Move,556.1640625,99.40625
2414.2835733890533,2414.2835733890533,NoButton,Move,555.58984375,99.69140625
2414.2918572425842,2414.2918572425842,NoButton,Move,555.015625,99.9765625
2414.29958820343,2414.29958820343,NoButton,Move,554.44140625,99.9765625
2414.308427095413,2414.308427095413,NoButton,Move,553.8671875,99.9765625
2414.316609144211,2414.316609144211,NoButton,Move,553.60546875,99.9765625
2414.324869155884,2414.324869155884,NoButton,Move,553.03125,99.9765625
2414.3326320648193,2414.3326320648193,NoButton,Move,552.45703125,99.9765625
2414.3405072689056,2414.3405072689056,NoButton,Move,551.8828125,99.6875
2414.348857164383,2414.348857164383,NoButton,Move,551.25390625,98.74609375
2414.3591401576996,2414.3591401576996,NoButton,Move,550.625,97.8046875
2414.366007089615,2414.366007089615,NoButton,Move,549.99609375,96.86328125
2414.3737931251526,2414.3737931251526,NoButton,Move,548.40625,94.875
2414.38387298584,2414.38387298584,NoButton,Move,547.6640625,93.02734375
2414.389774084091,2414.389774084091,NoButton,Move,545.9609375,90.4765625
2414.39785528183,2414.39785528183,NoButton,Move,544.76953125,88.09375
2414.4059960842133,2414.4059960842133,NoButton,Move,543.578125,85.7109375
2414.4157202243805,2414.4157202243805,NoButton,Move,542.8359375,83.86328125
2414.4222922325134,2414.4222922325134,NoButton,Move,541.7265625,82.015625
2414.430639266968,2414.430639266968,NoButton,Move,540.9296875,79.6328125
2414.4386842250824,2414.4386842250824,NoButton,Move,540.24609375,78.265625
2414.4519391059875,2414.4519391059875,NoButton,Move,539.5625,76.8984375
2414.455114364624,2414.455114364624,NoButton,Move,538.98828125,76.32421875
2414.4723970890045,2414.4723970890045,NoButton,Move,538.359375,75.3828125
2414.4724543094635,2414.4724543094635,NoButton,Move,537.78515625,74.80859375
2414.480490207672,2414.480490207672,NoButton,Move,536.84375,74.1796875
2414.4883992671967,2414.4883992671967,NoButton,Move,535.90234375,73.86328125
2414.496438026428,2414.496438026428,NoButton,Move,534.53515625,73.1796875
2414.5046062469482,2414.5046062469482,NoButton,Move,533.16796875,72.49609375
2414.512584209442,2414.512584209442,NoButton,Move,531.80078125,72.15234375
2414.520630121231,2414.520630121231,NoButton,Move,530.43359375,71.80859375
2414.5288512706757,2414.5288512706757,NoButton,Move,529.4921875,71.4921875
2414.5369322299957,2414.5369322299957,NoButton,Move,528.125,71.1484375
2414.5452842712402,2414.5452842712402,NoButton,Move,526.7578125,71.1484375
2414.5533781051636,2414.5533781051636,NoButton,Move,525.390625,71.1484375
2414.5614693164825,2414.5614693164825,NoButton,Move,523.54296875,71.1484375
2414.5696320533752,2414.5696320533752,NoButton,Move,521.6953125,71.1484375
2414.578046321869,2414.578046321869,NoButton,Move,519.84765625,71.515625
2414.5862011909485,2414.5862011909485,NoButton,Move,518.0,72.62109375
2414.5956811904907,2414.5956811904907,NoButton,Move,515.6171875,73.80859375
2414.6026542186737,2414.6026542186737,NoButton,Move,512.4453125,75.6171875
2414.6110320091248,2414.6110320091248,NoButton,Move,509.2734375,77.42578125
2414.6192512512207,2414.6192512512207,NoButton,Move,506.72265625,79.546875
2414.627341032028,2414.627341032028,NoButton,Move,503.55078125,81.80859375
2414.6359901428223,2414.6359901428223,NoButton,Move,500.37890625,84.0703125
2414.643827199936,2414.643827199936,NoButton,Move,497.20703125,86.33203125
2414.653523206711,2414.653523206711,NoButton,Move,494.65625,88.453125
2414.6599884033203,2414.6599884033203,NoButton,Move,492.80859375,89.55859375
2414.6684012413025,2414.6684012413025,NoButton,Move,488.23046875,92.609375
2414.6766011714935,2414.6766011714935,NoButton,Move,485.25390625,93.8828125
2414.688110113144,2414.688110113144,NoButton,Move,483.88671875,94.5625
2414.6928102970123,2414.6928102970123,NoButton,Move,480.91015625,95.41015625
2414.7009601593018,2414.7009601593018,NoButton,Move,477.28515625,96.3125
2414.7089540958405,2414.7089540958405,NoButton,Move,475.91796875,96.3125
2414.7206189632416,2414.7206189632416,NoButton,Move,473.53515625,96.3125
2414.725597143173,2414.725597143173,NoButton,Move,471.15234375,96.3125
2414.733682155609,2414.733682155609,NoButton,Move,469.3046875,96.3125
2414.7417871952057,2414.7417871952057,NoButton,Move,467.9375,96.3125
2414.750018119812,2414.750018119812,NoButton,Move,466.5703125,96.3125
2414.758258342743,2414.758258342743,NoButton,Move,465.62890625,96.3125
2414.766403198242,2414.766403198242,NoButton,Move,464.6875,95.99609375
2414.7746891975403,2414.7746891975403,NoButton,Move,464.11328125,95.70703125
2414.7829723358154,2414.7829723358154,NoButton,Move,463.5390625,95.41796875
2414.791254043579,2414.791254043579,NoButton,Move,462.59765625,95.1015625
2414.7992854118347,2414.7992854118347,NoButton,Move,462.3359375,94.83984375
2414.807074069977,2414.807074069977,NoButton,Move,461.76171875,94.55078125
2414.833568096161,2414.833568096161,Left,Pressed,461.76171875,94.55078125
2414.8496141433716,2414.8496141433716,NoButton,Move,461.63671875,94.42578125
2414.9661433696747,2414.9661433696747,Left,Released,461.63671875,94.42578125
2416.881148338318,2416.881148338318,NoButton,Move,461.63671875,97.4375
2416.886949300766,2416.886949300766,NoButton,Move,464.2265625,107.16015625
2416.8948771953583,2416.8948771953583,NoButton,Move,469.63671875,116.62890625
2416.9033432006836,2416.9033432006836,NoButton,Move,475.72265625,130.3203125
2416.911247253418,2416.911247253418,NoButton,Move,482.8203125,144.51953125
2416.9243972301483,2416.9243972301483,NoButton,Move,490.98828125,160.04296875
2416.927672147751,2416.927672147751,NoButton,Move,501.80859375,178.9765625
2416.9359271526337,2416.9359271526337,NoButton,Move,522.9296875,218.734375
2416.9439492225647,2416.9439492225647,NoButton,Move,546.8359375,265.21875
2416.9520502090454,2416.9520502090454,NoButton,Move,570.7421875,311.703125
2416.9600732326508,2416.9600732326508,NoButton,Move,596.51953125,360.546875
2416.968574285507,2416.968574285507,NoButton,Move,608.015625,383.54296875
2416.9767689704895,2416.9767689704895,NoButton,Move,630.10546875,429.02734375
2416.9909722805023,2416.9909722805023,NoButton,Move,648.7421875,470.02734375
2416.993183374405,2416.993183374405,NoButton,Move,665.3359375,506.7734375
2417.0014913082123,2417.0014913082123,NoButton,Move,677.43359375,538.67578125
2417.0096142292023,2417.0096142292023,NoButton,Move,686.8203125,567.88671875
2417.017837047577,2417.017837047577,NoButton,Move,689.63671875,579.86328125
2417.026031255722,2417.026031255722,NoButton,Move,699.1171875,620.16796875
2417.034222126007,2417.034222126007,NoButton,Move,699.79296875,630.98828125
2417.0422241687775,2417.0422241687775,NoButton,Move,701.48046875,649.58203125
2417.0508551597595,2417.0508551597595,NoButton,Move,702.0703125,657.28125
2417.0595462322235,2417.0595462322235,NoButton,Move,702.0703125,671.734375
2417.0667283535004,2417.0667283535004,NoButton,Move,702.0703125,683.7109375
2417.0751280784607,2417.0751280784607,NoButton,Move,702.0703125,693.43359375
2417.0843603610992,2417.0843603610992,NoButton,Move,702.0703125,701.1328125
2417.0925040245056,2417.0925040245056,NoButton,Move,700.9609375,702.9765625
2417.099784374237,2417.099784374237,NoButton,Move,699.515625,707.30078125
2417.1080691814423,2417.1080691814423,NoButton,Move,697.703125,710.46875
2417.116489171982,2417.116489171982,NoButton,Move,694.81640625,713.83203125
2417.297302007675,2417.297302007675,NoButton,Move,694.81640625,714.7734375
2417.305861234665,2417.305861234665,NoButton,Move,694.81640625,720.671875
2417.3135900497437,2417.3135900497437,NoButton,Move,694.81640625,727.44140625
2417.3214950561523,2417.3214950561523,NoButton,Move,695.37890625,734.2109375
2417.3294682502747,2417.3294682502747,NoButton,Move,695.94140625,740.98046875
2417.337066411972,2417.337066411972,NoButton,Move,696.44921875,746.0625
2417.345494031906,2417.345494031906,NoButton,Move,696.984375,751.9609375
2417.3533301353455,2417.3533301353455,NoButton,Move,697.6015625,760.64453125
2417.3614163398743,2417.3614163398743,NoButton,Move,697.6015625,764.265625
2417.370066165924,2417.370066165924,NoButton,Move,697.6015625,770.1640625
2417.3783102035522,2417.3783102035522,NoButton,Move,697.6015625,773.78515625
2417.386343240738,2417.386343240738,NoButton,Move,697.6015625,776.7578125
2417.3946611881256,2417.3946611881256,NoButton,Move,697.6015625,778.6015625
2417.4029092788696,2417.4029092788696,NoButton,Move,697.6015625,779.5390625
2417.411125421524,2417.411125421524,NoButton,Move,697.6015625,780.109375
2417.4344522953033,2417.4344522953033,Left,Pressed,697.6015625,780.109375
2417.4550392627716,2417.4550392627716,NoButton,Move,697.6015625,780.23046875
2417.534103155136,2417.534103155136,Left,Released,697.6015625,780.23046875
2419.2613842487335,2419.2613842487335,NoButton,Move,697.6015625,779.99609375
2419.269488096237,2419.269488096237,NoButton,Move,697.6015625,779.734375
2419.2797722816467,2419.2797722816467,NoButton,Move,697.6015625,779.16015625
2419.2858781814575,2419.2858781814575,NoButton,Move,697.6015625,778.5859375
2419.294149160385,2419.294149160385,NoButton,Move,697.6015625,776.73828125
2419.302575111389,2419.302575111389,NoButton,Move,697.23046875,774.890625
2419.310902118683,2419.310902118683,NoButton,Move,697.23046875,772.5078125
2419.319101333618,2419.319101333618,NoButton,Move,696.74609375,768.1796875
2419.3273351192474,2419.3273351192474,NoButton,Move,696.1796875,761.40625
2419.3355672359467,2419.3355672359467,NoButton,Move,695.05078125,754.6328125
2419.347638130188,2419.347638130188,NoButton,Move,694.4296875,745.9453125
2419.3517892360687,2419.3517892360687,NoButton,Move,693.78125,736.21875
2419.359700202942,2419.359700202942,NoButton,Move,692.37109375,724.23828125
2419.3679621219635,2419.3679621219635,NoButton,Move,691.609375,709.78125
2419.376587152481,2419.376587152481,NoButton,Move,690.03125,694.0
2419.3840551376343,2419.3840551376343,NoButton,Move,687.6640625,678.21875
2419.3923749923706,2419.3923749923706,NoButton,Move,685.97265625,659.62109375
2419.400595188141,2419.400595188141,NoButton,Move,683.51953125,642.4609375
2419.40846824646,2419.40846824646,NoButton,Move,680.13671875,623.86328125
2419.4166152477264,2419.4166152477264,NoButton,Move,675.91015625,605.265625
2419.4248921871185,2419.4248921871185,NoButton,Move,671.82421875,588.10546875
2419.4333741664886,2419.4333741664886,NoButton,Move,667.73828125,570.9453125
2419.441559076309,2419.441559076309,NoButton,Move,662.21484375,555.953125
2419.654388189316,2419.654388189316,NoButton,Move,661.2734375,555.953125
2419.661779165268,2419.661779165268,NoButton,Move,656.9453125,555.46875
2419.6705751419067,2419.6705751419067,NoButton,Move,649.28125,552.51953125
2419.678739309311,2419.678739309311,NoButton,Move,633.75390625,545.1640625
2419.6869852542877,2419.6869852542877,NoButton,Move,619.55078125,537.2734375
2419.695157289505,2419.695157289505,NoButton,Move,600.61328125,525.546875
2419.703476190567,2419.703476190567,NoButton,Move,583.140625,514.1875
2419.7119421958923,2419.7119421958923,NoButton,Move,562.0546875,499.8125
2419.7199232578278,2419.7199232578278,NoButton,Move,553.2578125,493.046875
2419.728125333786,2419.728125333786,NoButton,Move,538.0390625,481.2109375
2419.736827135086,2419.736827135086,NoButton,Move,531.51953125,476.46875
2419.7445151805878,2419.7445151805878,NoButton,Move,520.10546875,467.3359375
2419.75293636322,2419.75293636322,NoButton,Move,510.9453125,459.58203125
2419.7659482955933,2419.7659482955933,NoButton,Move,508.39453125,457.45703125
2419.7690653800964,2419.7690653800964,NoButton,Move,502.76953125,452.95703125
2419.7768721580505,2419.7768721580505,NoButton,Move,498.69921875,449.90234375
2419.7850592136383,2419.7850592136383,NoButton,Move,496.1484375,447.77734375
2419.793412208557,2419.793412208557,NoButton,Move,494.16015625,446.1875
2419.8016843795776,2419.8016843795776,NoButton,Move,492.6796875,444.70703125
2420.956341266632,2420.956341266632,NoButton,Move,492.6796875,443.78125
2420.9643201828003,2420.9643201828003,NoButton,Move,492.6796875,437.87890625
2420.977906227112,2420.977906227112,NoButton,Move,493.2421875,431.10546875
2420.9805533885956,2420.9805533885956,NoButton,Move,495.015625,423.40234375
2421.000419139862,2421.000419139862,NoButton,Move,496.37890625,417.03125
2421.0005271434784,2421.0005271434784,NoButton,Move,498.0703125,410.2578125
2421.0051341056824,2421.0051341056824,NoButton,Move,501.87109375,395.80078125
2421.013188123703,2421.013188123703,NoButton,Move,503.39453125,390.71484375
2421.021509170532,2421.021509170532,NoButton,Move,504.75,387.08984375
2421.0295832157135,2421.0295832157135,NoButton,Move,506.44140625,380.31640625
2421.044634103775,2421.044634103775,NoButton,Move,507.96484375,375.23046875
2421.0462760925293,2421.0462760925293,NoButton,Move,508.8125,372.25390625
2421.054535150528,2421.054535150528,NoButton,Move,509.60546875,369.87109375
2421.062530040741,2421.062530040741,NoButton,Move,509.9453125,368.50390625
2421.0715351104736,2421.0715351104736,NoButton,Move,510.23046875,367.9296875
2421.100862264633,2421.100862264633,Left,Pressed,510.23046875,367.9296875
2421.100951194763,2421.100951194763,NoButton,Move,510.3515625,367.8046875
2421.2036821842194,2421.2036821842194,Left,Released,510.3515625,367.8046875
2421.3488371372223,2421.3488371372223,NoButton,Move,510.3515625,367.33984375
2421.3571603298187,2421.3571603298187,NoButton,Move,512.46875,364.796875
2421.3652012348175,2421.3652012348175,NoButton,Move,515.015625,362.671875
2421.3734011650085,2421.3734011650085,NoButton,Move,517.73046875,359.953125
2421.3815610408783,2421.3815610408783,NoButton,Move,520.27734375,357.828125
2421.389744281769,2421.389744281769,NoButton,Move,522.9921875,355.109375
2421.3979001045227,2421.3979001045227,NoButton,Move,525.5390625,353.40625
2421.406132221222,2421.406132221222,NoButton,Move,530.36328125,349.6484375
2421.4145891666412,2421.4145891666412,NoButton,Move,534.4296875,346.0859375
2421.4229152202606,2421.4229152202606,NoButton,Move,539.79296875,343.40234375
2421.4314680099487,2421.4314680099487,NoButton,Move,544.3671875,340.859375
2421.4393651485443,2421.4393651485443,NoButton,Move,546.2109375,340.48828125
2421.448415994644,2421.448415994644,NoButton,Move,552.109375,338.33984375
2421.4556500911713,2421.4556500911713,NoButton,Move,553.953125,337.96875
2421.4638772010803,2421.4638772010803,NoButton,Move,556.33203125,337.171875
2421.472204208374,2421.472204208374,NoButton,Move,558.7109375,336.7734375
2421.480322122574,2421.480322122574,NoButton,Move,561.08984375,336.375
2421.488415956497,2421.488415956497,NoButton,Move,562.93359375,336.00390625
2421.496518135071,2421.496518135071,NoButton,Move,564.77734375,336.00390625
2421.5047039985657,2421.5047039985657,NoButton,Move,566.62109375,336.00390625
2421.5136811733246,2421.5136811733246,NoButton,Move,567.984375,336.00390625
2421.521325111389,2421.521325111389,NoButton,Move,569.34765625,336.00390625
2421.529456138611,2421.529456138611,NoButton,Move,570.7109375,336.00390625
2421.53750705719,2421.53750705719,NoButton,Move,572.07421875,336.00390625
2421.545730113983,2421.545730113983,NoButton,Move,573.01171875,336.00390625
2421.554075241089,2421.554075241089,NoButton,Move,573.58203125,336.00390625
2421.5672171115875,2421.5672171115875,NoButton,Move,574.15234375,336.00390625
2421.57014131546,2421.57014131546,NoButton,Move,574.72265625,336.00390625
2421.5787382125854,2421.5787382125854,NoButton,Move,574.98046875,336.00390625
2421.5867903232574,2421.5867903232574,NoButton,Move,575.23828125,336.00390625
2421.5951981544495,2421.5951981544495,NoButton,Move,575.49609375,336.00390625
2421.636057138443,2421.636057138443,NoButton,Move,575.49609375,335.765625
2421.701989173889,2421.701989173889,NoButton,Move,575.49609375,335.53125
2421.7173171043396,2421.7173171043396,NoButton,Move,575.49609375,335.01171875
2421.7260961532593,2421.7260961532593,NoButton,Move,575.49609375,334.75
2421.7342352867126,2421.7342352867126,NoButton,Move,575.49609375,334.17578125
2421.7424523830414,2421.7424523830414,NoButton,Move,575.49609375,333.234375
2421.750594139099,2421.750594139099,NoButton,Move,575.49609375,332.66015625
2421.7588381767273,2421.7588381767273,NoButton,Move,575.234375,332.3984375
2421.7669451236725,2421.7669451236725,NoButton,Move,574.9453125,331.82421875
2421.775162220001,2421.775162220001,NoButton,Move,574.65625,331.25
2421.783574104309,2421.783574104309,NoButton,Move,574.08203125,330.67578125
2421.791665315628,2421.791665315628,NoButton,Move,573.5078125,330.38671875
2421.799825191498,2421.799825191498,NoButton,Move,573.21875,329.8125
2421.807953119278,2421.807953119278,NoButton,Move,572.64453125,329.5234375
2421.8155941963196,2421.8155941963196,NoButton,Move,572.3828125,329.26171875
2421.823758125305,2421.823758125305,NoButton,Move,572.12109375,329.0
2421.8352103233337,2421.8352103233337,NoButton,Move,571.859375,329.0
2421.8402769565582,2421.8402769565582,NoButton,Move,571.59765625,328.73828125
2421.848438024521,2421.848438024521,NoButton,Move,571.3359375,328.73828125
2421.8568313121796,2421.8568313121796,NoButton,Move,571.3359375,328.4765625
2421.865121126175,2421.865121126175,NoButton,Move,571.07421875,328.4765625
2421.9158720970154,2421.9158720970154,NoButton,Move,571.07421875,328.23828125
2421.9227933883667,2421.9227933883667,NoButton,Move,570.8125,328.23828125
2421.963735103607,2421.963735103607,NoButton,Move,570.8125,328.0
2422.0045912265778,2422.0045912265778,NoButton,Move,570.8125,327.76171875
2422.0285942554474,2422.0285942554474,NoButton,Move,570.8125,327.51953125
2422.036958217621,2422.036958217621,NoButton,Move,570.8125,327.2578125
2422.061628341675,2422.061628341675,NoButton,Move,570.8125,327.015625
2422.1004910469055,2422.1004910469055,Left,Pressed,570.8125,327.015625
2422.233439207077,2422.233439207077,NoButton,Move,570.8125,326.8984375
2422.2499194145203,2422.2499194145203,NoButton,Move,570.8125,326.18359375
2422.2665650844574,2422.2665650844574,NoButton,Move,570.8125,324.36328125
2422.2832140922546,2422.2832140922546,NoButton,Move,570.8125,320.69921875
2422.3029260635376,2422.3029260635376,NoButton,Move,570.8125,316.0703125
2422.3452501296997,2422.3452501296997,NoButton,Move,570.8125,311.3671875
2422.3454172611237,2422.3454172611237,NoButton,Move,570.8125,304.8125
2422.3495631217957,2422.3495631217957,NoButton,Move,570.8125,297.41796875
2422.3683030605316,2422.3683030605316,NoButton,Move,570.8125,290.6875
2422.390985250473,2422.390985250473,NoButton,Move,570.8125,285.21484375
2422.4079463481903,2422.4079463481903,NoButton,Move,570.38671875,281.3046875
2422.4163041114807,2422.4163041114807,NoButton,Move,569.6875,278.45703125
2422.4330282211304,2422.4330282211304,NoButton,Move,569.28125,277.0546875
2422.4498291015625,2422.4498291015625,NoButton,Move,569.1484375,276.48046875
2422.4662992954254,2422.4662992954254,NoButton,Move,569.05078125,276.26953125
2422.5831592082977,2422.5831592082977,NoButton,Move,568.9296875,276.3828125
2422.6016092300415,2422.6016092300415,NoButton,Move,568.90234375,276.59765625
2422.6163811683655,2422.6163811683655,NoButton,Move,568.8984375,276.8203125
2422.6330873966217,2422.6330873966217,NoButton,Move,568.89453125,277.1953125
2422.6546041965485,2422.6546041965485,NoButton,Move,568.890625,277.57421875
2422.6792340278625,2422.6792340278625,NoButton,Move,568.890625,277.90234375
2422.6831500530243,2422.6831500530243,NoButton,Move,568.890625,278.2890625
2422.699751138687,2422.699751138687,NoButton,Move,568.890625,278.73828125
2422.717840194702,2422.717840194702,NoButton,Move,568.890625,279.265625
2422.732975244522,2422.732975244522,NoButton,Move,568.890625,279.78515625
2422.7496361732483,2422.7496361732483,NoButton,Move,568.890625,280.66015625
2422.766401052475,2422.766401052475,NoButton,Move,568.890625,282.21875
2422.7829802036285,2422.7829802036285,NoButton,Move,568.890625,283.9375
2422.7998893260956,2422.7998893260956,NoButton,Move,568.890625,285.46875
2422.816436290741,2422.816436290741,NoButton,Move,568.890625,286.6171875
2422.833206176758,2422.833206176758,NoButton,Move,568.890625,287.2734375
2422.8496742248535,2422.8496742248535,NoButton,Move,568.890625,287.765625
2423.1836931705475,2423.1836931705475,Left,Released,568.890625,287.765625
2423.412973165512,2423.412973165512,NoButton,Move,568.890625,288.45703125
2423.420884370804,2423.420884370804,NoButton,Move,568.890625,293.5390625
2423.4288063049316,2423.4288063049316,NoButton,Move,568.890625,297.86328125
2423.4378533363342,2423.4378533363342,NoButton,Move,570.921875,302.9453125
2423.4455890655518,2423.4455890655518,NoButton,Move,572.84375,307.26953125
2423.4535732269287,2423.4535732269287,NoButton,Move,574.6171875,314.96875
2423.462105035782,2423.462105035782,NoButton,Move,576.984375,322.66796875
2423.4700622558594,2423.4700622558594,NoButton,Move,579.46484375,331.3515625
2423.478273153305,2423.478273153305,NoButton,Move,584.3671875,348.5078125
2423.4864761829376,2423.4864761829376,NoButton,Move,589.60546875,368.59765625
2423.494303226471,2423.494303226471,NoButton,Move,592.30859375,379.41796875
2423.502781152725,2423.502781152725,NoButton,Move,596.53125,398.01171875
2423.5109901428223,2423.5109901428223,NoButton,Move,600.61328125,415.16796875
2423.5191822052,2423.5191822052,NoButton,Move,603.0625,432.32421875
2423.5273683071136,2423.5273683071136,NoButton,Move,604.1328125,438.22265625
2423.535349369049,2423.535349369049,NoButton,Move,605.5390625,450.19921875
2423.543754339218,2423.543754339218,NoButton,Move,606.18359375,459.921875
2423.5518341064453,2423.5518341064453,NoButton,Move,606.7734375,467.62109375
2423.5600912570953,2423.5600912570953,NoButton,Move,607.16796875,470.0
2423.569535255432,2423.569535255432,NoButton,Move,607.16796875,474.32421875
2423.57657122612,2423.57657122612,NoButton,Move,607.16796875,477.29296875
2423.5847222805023,2423.5847222805023,NoButton,Move,607.16796875,479.13671875
2423.592627286911,2423.592627286911,NoButton,Move,607.16796875,480.5
2423.600694179535,2423.600694179535,NoButton,Move,607.16796875,481.0703125
2423.6090552806854,2423.6090552806854,NoButton,Move,607.16796875,481.640625
2423.617371082306,2423.617371082306,NoButton,Move,607.16796875,481.8984375
2423.6256692409515,2423.6256692409515,NoButton,Move,607.16796875,482.15625
2423.6835293769836,2423.6835293769836,Left,Pressed,607.16796875,482.15625
2423.7886922359467,2423.7886922359467,Left,Released,607.16796875,482.15625
2423.8953053951263,2423.8953053951263,NoButton,Move,607.16796875,481.69140625
2423.9036271572113,2423.9036271572113,NoButton,Move,607.16796875,480.32421875
2423.911678314209,2423.911678314209,NoButton,Move,607.16796875,478.4765625
2423.9197492599487,2423.9197492599487,NoButton,Move,607.16796875,476.09375
2423.9296822547913,2423.9296822547913,NoButton,Move,607.16796875,473.7109375
2423.936176300049,2423.936176300049,NoButton,Move,607.16796875,470.734375
2423.944670200348,2423.944670200348,NoButton,Move,607.16796875,467.7578125
2423.9527971744537,2423.9527971744537,NoButton,Move,607.16796875,464.1328125
2423.9608681201935,2423.9608681201935,NoButton,Move,607.16796875,463.19140625
2423.9691231250763,2423.9691231250763,NoButton,Move,607.16796875,460.80859375
2423.9773223400116,2423.9773223400116,NoButton,Move,607.16796875,458.42578125
2423.9855201244354,2423.9855201244354,NoButton,Move,607.16796875,456.578125
2423.9936640262604,2423.9936640262604,NoButton,Move,607.16796875,454.73046875
2424.0017092227936,2424.0017092227936,NoButton,Move,607.16796875,453.36328125
2424.0099613666534,2424.0099613666534,NoButton,Move,607.16796875,451.99609375
2424.0182812213898,2424.0182812213898,NoButton,Move,607.16796875,450.62890625
2424.0263810157776,2424.0263810157776,NoButton,Move,607.16796875,449.26171875
2424.034599304199,2424.034599304199,NoButton,Move,607.53515625,447.4140625
2424.042751312256,2424.042751312256,NoButton,Move,607.875,446.046875
2424.051242351532,2424.051242351532,NoButton,Move,608.1875,445.10546875
2424.05947637558,2424.05947637558,NoButton,Move,608.8671875,443.73828125
2424.067833185196,2424.067833185196,NoButton,Move,609.1796875,442.796875
2424.0759592056274,2424.0759592056274,NoButton,Move,609.4921875,441.85546875
2424.0840303897858,2424.0840303897858,NoButton,Move,610.0625,441.28125
2424.0920960903168,2424.0920960903168,NoButton,Move,610.34765625,440.70703125
2424.100273132324,2424.100273132324,NoButton,Move,610.6328125,440.1328125
2424.1087102890015,2424.1087102890015,NoButton,Move,610.890625,439.87109375
2424.1171650886536,2424.1171650886536,NoButton,Move,611.1484375,439.87109375
2424.124687194824,2424.124687194824,NoButton,Move,611.1484375,439.609375
2424.1328661441803,2424.1328661441803,NoButton,Move,611.40625,439.34765625
2424.141209125519,2424.141209125519,NoButton,Move,611.40625,439.0859375
2424.149188041687,2424.149188041687,NoButton,Move,611.6640625,438.82421875
2424.15741109848,2424.15741109848,NoButton,Move,611.6640625,438.5625
2424.165584087372,2424.165584087372,NoButton,Move,611.6640625,438.30078125
2424.181812286377,2424.181812286377,NoButton,Move,611.90625,438.0546875
2424.1901659965515,2424.1901659965515,NoButton,Move,611.90625,437.79296875
2424.1986553668976,2424.1986553668976,NoButton,Move,611.90625,437.53125
2424.2067880630493,2424.2067880630493,NoButton,Move,612.1640625,437.53125
2424.2152121067047,2424.2152121067047,NoButton,Move,612.1640625,437.26953125
2424.2312381267548,2424.2312381267548,NoButton,Move,612.1640625,437.0234375
2424.2396490573883,2424.2396490573883,NoButton,Move,612.421875,437.0234375
2424.2806463241577,2424.2806463241577,NoButton,Move,612.65625,436.78515625
2424.338037252426,2424.338037252426,NoButton,Move,612.890625,436.78515625
2424.370557308197,2424.370557308197,NoButton,Move,612.890625,436.546875
2424.400484085083,2424.400484085083,Left,Pressed,612.890625,436.546875
2424.5497221946716,2424.5497221946716,NoButton,Move,612.890625,436.3125
2424.5663361549377,2424.5663361549377,NoButton,Move,612.890625,435.0703125
2424.5829753875732,2424.5829753875732,NoButton,Move,612.890625,433.26953125
2424.5996792316437,2424.5996792316437,NoButton,Move,612.890625,431.07421875
2424.616217136383,2424.616217136383,NoButton,Move,612.890625,428.28515625
2424.6349432468414,2424.6349432468414,NoButton,Move,612.890625,426.1328125
2424.6770832538605,2424.6770832538605,NoButton,Move,612.890625,424.625
2424.6773393154144,2424.6773393154144,NoButton,Move,612.890625,423.44140625
2424.682805299759,2424.682805299759,NoButton,Move,612.890625,422.80078125
2424.699811220169,2424.699811220169,NoButton,Move,612.890625,422.41796875
2425.1014111042023,2425.1014111042023,Left,Released,612.890625,422.41796875
2425.102011203766,2425.102011203766,NoButton,Move,612.65625,422.41796875
2425.4101371765137,2425.4101371765137,NoButton,Move,612.65625,423.34765625
2425.4184441566467,2425.4184441566467,NoButton,Move,613.0234375,425.19140625
2425.4265191555023,2425.4265191555023,NoButton,Move,613.76171875,427.03515625
2425.4347281455994,2425.4347281455994,NoButton,Move,615.68359375,431.359375
2425.442826986313,2425.442826986313,NoButton,Move,617.71484375,436.44140625
2425.451255083084,2425.451255083084,NoButton,Move,619.23828125,441.5234375
2425.4593620300293,2425.4593620300293,NoButton,Move,621.3828125,447.421875
2425.4677391052246,2425.4677391052246,NoButton,Move,623.75,455.12109375
2425.476001024246,2425.476001024246,NoButton,Move,627.26953125,467.09765625
2425.4842071533203,2425.4842071533203,NoButton,Move,629.2109375,476.8203125
2425.492334127426,2425.492334127426,NoButton,Move,631.9140625,487.640625
2425.50043797493,2425.50043797493,NoButton,Move,634.73046875,499.6171875
2425.5087032318115,2425.5087032318115,NoButton,Move,638.390625,512.8046875
2425.51682305336,2425.51682305336,NoButton,Move,642.33203125,528.58203125
2425.5251421928406,2425.5251421928406,NoButton,Move,646.89453125,543.03515625
2425.5332820415497,2425.5332820415497,NoButton,Move,651.625,558.8125
2425.5413711071014,2425.5413711071014,NoButton,Move,656.35546875,574.58984375
2425.5495891571045,2425.5495891571045,NoButton,Move,661.875,589.578125
2425.557801246643,2425.557801246643,NoButton,Move,667.39453125,604.56640625
2425.566022157669,2425.566022157669,NoButton,Move,669.0,610.46484375
2425.5741350650787,2425.5741350650787,NoButton,Move,673.39453125,622.91796875
2425.582412004471,2425.582412004471,NoButton,Move,676.6328125,632.640625
2425.590720176697,2425.590720176697,NoButton,Move,679.0,640.33984375
2425.89364027977,2425.89364027977,NoButton,Move,679.0,640.5703125
2425.9014670848846,2425.9014670848846,NoButton,Move,680.10546875,642.4140625
2425.9107880592346,2425.9107880592346,NoButton,Move,682.2265625,644.9609375
2425.917919397354,2425.917919397354,NoButton,Move,685.109375,648.32421875
2425.926155090332,2425.926155090332,NoButton,Move,687.9921875,651.6875
2425.934262037277,2425.934262037277,NoButton,Move,690.875,655.05078125
2425.9424302577972,2425.9424302577972,NoButton,Move,693.7578125,658.4140625
2425.9507942199707,2425.9507942199707,NoButton,Move,699.0859375,664.3359375
2425.9589512348175,2425.9589512348175,NoButton,Move,703.59765625,669.9765625
2425.966897249222,2425.966897249222,NoButton,Move,708.109375,675.0546875
2425.9750571250916,2425.9750571250916,NoButton,Move,711.86328125,679.87890625
2425.9833862781525,2425.9833862781525,NoButton,Move,712.96875,681.72265625
2425.9914371967316,2425.9914371967316,NoButton,Move,715.8515625,685.0859375
2425.999975204468,2425.999975204468,NoButton,Move,717.66015625,688.25390625
2426.0081803798676,2426.0081803798676,NoButton,Move,719.359375,690.80078125
2426.0163531303406,2426.0163531303406,NoButton,Move,720.546875,693.1796875
2426.024327278137,2426.024327278137,NoButton,Move,721.65234375,695.0234375
2426.0326311588287,2426.0326311588287,NoButton,Move,722.390625,696.8671875
2426.040769100189,2426.040769100189,NoButton,Move,723.12890625,698.7109375
2426.048660993576,2426.048660993576,NoButton,Move,723.49609375,700.5546875
2426.056858062744,2426.056858062744,NoButton,Move,724.234375,702.3984375
2426.065224170685,2426.065224170685,NoButton,Move,724.57421875,703.76171875
2426.0732810497284,2426.0732810497284,NoButton,Move,724.94140625,705.60546875
2426.0816662311554,2426.0816662311554,NoButton,Move,725.28125,706.96875
2426.0899419784546,2426.0899419784546,NoButton,Move,725.59375,707.90625
2426.098179101944,2426.098179101944,NoButton,Move,725.93359375,709.26953125
2426.106511116028,2426.106511116028,NoButton,Move,725.93359375,710.20703125
2426.114866256714,2426.114866256714,NoButton,Move,725.93359375,711.14453125
2426.122777223587,2426.122777223587,NoButton,Move,725.93359375,712.08203125
2426.131031036377,2426.131031036377,NoButton,Move,725.93359375,712.65234375
2426.139172077179,2426.139172077179,NoButton,Move,725.93359375,713.22265625
2426.1474561691284,2426.1474561691284,NoButton,Move,725.93359375,713.48046875
2426.1556742191315,2426.1556742191315,NoButton,Move,725.93359375,713.73828125
2426.163720369339,2426.163720369339,NoButton,Move,725.93359375,713.99609375
2426.17210316658,2426.17210316658,NoButton,Move,725.93359375,714.25390625
2426.303183078766,2426.303183078766,NoButton,Move,725.69921875,714.25390625
2426.3274030685425,2426.3274030685425,NoButton,Move,724.921875,714.25390625
2426.3358001708984,2426.3358001708984,NoButton,Move,723.5546875,713.5703125
2426.3439581394196,2426.3439581394196,NoButton,Move,722.07421875,712.4609375
2426.352037191391,2426.352037191391,NoButton,Move,721.1328125,711.83203125
2426.360255241394,2426.360255241394,NoButton,Move,719.28515625,710.72265625
2426.3683841228485,2426.3683841228485,NoButton,Move,717.296875,709.1328125
2426.376016139984,2426.376016139984,NoButton,Move,715.44921875,708.0234375
2426.3843603134155,2426.3843603134155,NoButton,Move,711.6015625,705.6171875
2426.3926072120667,2426.3926072120667,NoButton,Move,709.05078125,703.9140625
2426.4150602817535,2426.4150602817535,NoButton,Move,706.5,702.2109375
2426.415187358856,2426.415187358856,NoButton,Move,703.94921875,700.5078125
2426.416859149933,2426.416859149933,NoButton,Move,700.77734375,698.6953125
2426.425193309784,2426.425193309784,NoButton,Move,697.60546875,696.4296875
2426.433343410492,2426.433343410492,NoButton,Move,694.88671875,693.7109375
2426.441471338272,2426.441471338272,NoButton,Move,691.51953125,690.82421875
2426.4497830867767,2426.4497830867767,NoButton,Move,690.0390625,689.71484375
2426.4582812786102,2426.4582812786102,NoButton,Move,687.9140625,687.58984375
2426.4663190841675,2426.4663190841675,NoButton,Move,686.43359375,686.48046875
2426.4744503498077,2426.4744503498077,NoButton,Move,685.32421875,685.0
2426.4827501773834,2426.4827501773834,NoButton,Move,684.3828125,684.37109375
2426.4910151958466,2426.4910151958466,NoButton,Move,683.80859375,683.796875
2426.4994621276855,2426.4994621276855,NoButton,Move,683.51953125,683.22265625
2426.5074779987335,2426.5074779987335,NoButton,Move,683.2578125,682.9609375
2426.515724182129,2426.515724182129,NoButton,Move,683.2578125,682.69921875
2426.550264120102,2426.550264120102,Left,Pressed,683.2578125,682.69921875
2426.620650291443,2426.620650291443,Left,Released,683.2578125,682.69921875
2427.113867998123,2427.113867998123,NoButton,Move,683.2578125,683.859375
2427.1213223934174,2427.1213223934174,NoButton,Move,683.2578125,685.703125
2427.129825115204,2427.129825115204,NoButton,Move,683.625,687.546875
2427.1381361484528,2427.1381361484528,NoButton,Move,683.9921875,689.390625
2427.1463491916656,2427.1463491916656,NoButton,Move,684.359375,691.234375
2427.154642343521,2427.154642343521,NoButton,Move,684.7265625,693.078125
2427.162549972534,2427.162549972534,NoButton,Move,685.06640625,694.44140625
2427.170782327652,2427.170782327652,NoButton,Move,685.48828125,697.4140625
2427.1790583133698,2427.1790583133698,NoButton,Move,685.48828125,699.79296875
2427.187242269516,2427.187242269516,NoButton,Move,685.48828125,701.63671875
2427.1955971717834,2427.1955971717834,NoButton,Move,685.48828125,703.48046875
2427.203855276108,2427.203855276108,NoButton,Move,685.48828125,704.41796875
2427.2123262882233,2427.2123262882233,NoButton,Move,685.48828125,705.78125
2427.220009326935,2427.220009326935,NoButton,Move,685.48828125,706.3515625
2427.22922539711,2427.22922539711,NoButton,Move,685.48828125,706.921875
2427.236912250519,2427.236912250519,NoButton,Move,685.48828125,707.1796875
2427.2447531223297,2427.2447531223297,NoButton,Move,685.48828125,707.4375
2427.252861261368,2427.252861261368,NoButton,Move,685.48828125,707.6953125
2427.2608959674835,2427.2608959674835,NoButton,Move,685.48828125,707.953125
2427.3014001846313,2427.3014001846313,Left,Pressed,685.48828125,707.953125
2427.3997433185577,2427.3997433185577,Left,Released,685.48828125,707.953125
2430.7377882003784,2430.7377882003784,NoButton,Move,685.48828125,707.48828125
2430.74573636055,2430.74573636055,NoButton,Move,685.48828125,706.12109375
2430.753862142563,2430.753862142563,NoButton,Move,684.8046875,704.75390625
2430.7622492313385,2430.7622492313385,NoButton,Move,684.12109375,703.38671875
2430.7700242996216,2430.7700242996216,NoButton,Move,682.9296875,701.00390625
2430.7783381938934,2430.7783381938934,NoButton,Move,682.24609375,699.63671875
2430.786553144455,2430.786553144455,NoButton,Move,681.13671875,698.15625
2430.794623374939,2430.794623374939,NoButton,Move,680.02734375,696.30859375
2430.802758216858,2430.802758216858,NoButton,Move,678.91796875,694.4609375
2430.811009168625,2430.811009168625,NoButton,Move,676.79296875,691.91015625
2430.8192541599274,2430.8192541599274,NoButton,Move,675.3125,690.4296875
2430.8270041942596,2430.8270041942596,NoButton,Move,673.72265625,688.44140625
2430.8351571559906,2430.8351571559906,NoButton,Move,671.59765625,686.31640625
2430.8434221744537,2430.8434221744537,NoButton,Move,669.609375,684.7265625
2430.851711988449,2430.851711988449,NoButton,Move,667.05859375,682.6015625
2430.859718322754,2430.859718322754,NoButton,Move,664.5078125,680.4765625
2430.868091106415,2430.868091106415,NoButton,Move,661.3359375,678.2109375
2430.876224040985,2430.876224040985,NoButton,Move,658.1640625,676.3984375
2430.8845403194427,2430.8845403194427,NoButton,Move,654.31640625,673.9921875
2431.4916372299194,2431.4916372299194,NoButton,Move,654.31640625,673.7578125
2431.4986391067505,2431.4986391067505,NoButton,Move,654.31640625,672.81640625
2431.506877183914,2431.506877183914,NoButton,Move,654.31640625,672.2421875
2431.51576423645,2431.51576423645,NoButton,Move,654.0,671.30078125
2431.523219347,2431.523219347,NoButton,Move,654.0,670.359375
2431.5326211452484,2431.5326211452484,NoButton,Move,653.68359375,669.41796875
2431.5396060943604,2431.5396060943604,NoButton,Move,653.3671875,668.4765625
2431.549088001251,2431.549088001251,NoButton,Move,652.79296875,667.90234375
2431.555771112442,2431.555771112442,NoButton,Move,652.50390625,667.328125
2431.565086364746,2431.565086364746,NoButton,Move,652.50390625,666.75390625
2431.5721311569214,2431.5721311569214,NoButton,Move,652.21484375,666.1796875
2431.5818412303925,2431.5818412303925,NoButton,Move,651.953125,665.91796875
2431.592208147049,2431.592208147049,NoButton,Move,651.6640625,665.34375
2431.598724126816,2431.598724126816,NoButton,Move,651.40234375,665.08203125
2431.605285167694,2431.605285167694,NoButton,Move,651.40234375,664.8203125
2431.615471124649,2431.615471124649,NoButton,Move,651.140625,664.55859375
2431.621639251709,2431.621639251709,NoButton,Move,651.140625,663.984375
2431.632073163986,2431.632073163986,NoButton,Move,650.87890625,663.72265625
2431.6379823684692,2431.6379823684692,NoButton,Move,650.87890625,663.4609375
2431.6462802886963,2431.6462802886963,NoButton,Move,650.6171875,663.19921875
2431.6541101932526,2431.6541101932526,NoButton,Move,650.6171875,662.9375
2431.6622672080994,2431.6622672080994,NoButton,Move,650.6171875,662.67578125
2431.670782327652,2431.670782327652,NoButton,Move,650.328125,662.1015625
2431.679018974304,2431.679018974304,NoButton,Move,650.328125,661.83984375
2431.6872062683105,2431.6872062683105,NoButton,Move,650.328125,661.578125
2431.69535112381,2431.69535112381,NoButton,Move,650.0390625,661.00390625
2431.7036080360413,2431.7036080360413,NoButton,Move,650.0390625,660.7421875
2431.7197272777557,2431.7197272777557,NoButton,Move,650.0390625,660.49609375
2431.727792263031,2431.727792263031,NoButton,Move,650.0390625,660.234375
2431.7441091537476,2431.7441091537476,NoButton,Move,650.0390625,659.98828125
2431.801517009735,2431.801517009735,NoButton,Move,650.0390625,659.75
2431.817898273468,2431.817898273468,NoButton,Move,650.0390625,659.50390625
2431.8262481689453,2431.8262481689453,NoButton,Move,650.0390625,659.2421875
2431.8345279693604,2431.8345279693604,NoButton,Move,650.0390625,658.98046875
2431.84278011322,2431.84278011322,NoButton,Move,650.0390625,658.40625
2431.850729227066,2431.850729227066,NoButton,Move,650.0390625,657.83203125
2431.8588161468506,2431.8588161468506,NoButton,Move,650.0390625,657.5703125
2431.8670530319214,2431.8670530319214,NoButton,Move,650.0390625,656.99609375
2431.87549328804,2431.87549328804,NoButton,Move,650.0390625,656.421875
2431.8837282657623,2431.8837282657623,NoButton,Move,650.32421875,655.84765625
2431.8917450904846,2431.8917450904846,NoButton,Move,650.609375,655.2734375
2431.8999762535095,2431.8999762535095,NoButton,Move,650.609375,655.01171875
2431.910553216934,2431.910553216934,NoButton,Move,650.89453125,654.4375
2431.917861223221,2431.917861223221,NoButton,Move,651.15234375,654.17578125
2431.9248073101044,2431.9248073101044,NoButton,Move,651.15234375,653.9140625
2431.932699203491,2431.932699203491,NoButton,Move,651.15234375,653.65234375
2431.9485251903534,2431.9485251903534,NoButton,Move,651.39453125,653.40625
2431.9652552604675,2431.9652552604675,NoButton,Move,651.39453125,653.16015625
2432.0064532756805,2432.0064532756805,NoButton,Move,651.39453125,652.921875
2432.0158631801605,2432.0158631801605,NoButton,Move,651.65234375,652.66015625
2432.022624015808,2432.022624015808,NoButton,Move,651.65234375,652.3984375
2432.0320971012115,2432.0320971012115,NoButton,Move,651.65234375,652.13671875
2432.0391223430634,2432.0391223430634,NoButton,Move,651.9375,651.5625
2432.0488481521606,2432.0488481521606,NoButton,Move,651.9375,651.30078125
2432.055572986603,2432.055572986603,NoButton,Move,651.9375,651.0390625
2432.0656201839447,2432.0656201839447,NoButton,Move,652.1953125,650.77734375
2432.071836233139,2432.071836233139,NoButton,Move,652.1953125,650.515625
2432.0818791389465,2432.0818791389465,NoButton,Move,652.1953125,650.25390625
2432.0882852077484,2432.0882852077484,NoButton,Move,652.1953125,649.9921875
2432.098550081253,2432.098550081253,NoButton,Move,652.1953125,649.73046875
2432.1209120750427,2432.1209120750427,NoButton,Move,652.1953125,649.48828125
2432.1291251182556,2432.1291251182556,NoButton,Move,652.453125,649.48828125
2432.1456632614136,2432.1456632614136,NoButton,Move,652.453125,649.2421875
2432.1698591709137,2432.1698591709137,NoButton,Move,652.453125,649.0
2432.1781780719757,2432.1781780719757,NoButton,Move,652.453125,648.73828125
2432.186577320099,2432.186577320099,NoButton,Move,652.453125,648.4765625
2432.194671154022,2432.194671154022,NoButton,Move,652.453125,647.90234375
2432.210918188095,2432.210918188095,NoButton,Move,652.6953125,647.65625
2432.219267129898,2432.219267129898,NoButton,Move,652.6953125,647.3984375
2432.2274041175842,2432.2274041175842,NoButton,Move,652.6953125,647.13671875
2432.2353892326355,2432.2353892326355,NoButton,Move,652.6953125,646.875
2432.276607275009,2432.276607275009,NoButton,Move,652.6953125,646.63671875
2432.956528186798,2432.956528186798,NoButton,Move,652.23046875,646.63671875
2432.965346097946,2432.965346097946,NoButton,Move,651.2890625,646.3203125
2432.9725222587585,2432.9725222587585,NoButton,Move,649.44140625,645.2109375
2432.9821712970734,2432.9821712970734,NoButton,Move,646.46484375,644.359375
2432.9887552261353,2432.9887552261353,NoButton,Move,642.83984375,643.453125
2432.9988663196564,2432.9988663196564,NoButton,Move,637.75390625,642.94140625
2433.004884958267,2433.004884958267,NoButton,Move,628.02734375,640.99609375
2433.0163691043854,2433.0163691043854,NoButton,Move,620.32421875,640.40234375
2433.0214931964874,2433.0214931964874,NoButton,Move,610.59765625,639.75390625
2433.029479265213,2433.029479265213,NoButton,Move,605.51171875,639.75390625
2433.0378003120422,2433.0378003120422,NoButton,Move,596.82421875,639.75390625
2433.0459880828857,2433.0459880828857,NoButton,Move,589.12109375,639.75390625
2433.0541212558746,2433.0541212558746,NoButton,Move,581.41796875,639.75390625
2433.0623123645782,2433.0623123645782,NoButton,Move,579.03515625,639.75390625
2433.0704202651978,2433.0704202651978,NoButton,Move,569.30859375,639.75390625
2433.0787630081177,2433.0787630081177,NoButton,Move,567.4609375,640.12109375
2433.0872852802277,2433.0872852802277,NoButton,Move,563.8359375,640.5703125
2433.095630168915,2433.095630168915,NoButton,Move,560.859375,640.9921875
2433.103290081024,2433.103290081024,NoButton,Move,558.4765625,641.38671875
2433.111738204956,2433.111738204956,NoButton,Move,556.62890625,641.75390625
2433.1198320388794,2433.1198320388794,NoButton,Move,555.26171875,641.75390625
2433.128083229065,2433.128083229065,NoButton,Move,553.89453125,641.75390625
2433.1360721588135,2433.1360721588135,NoButton,Move,552.953125,641.75390625
2433.144745349884,2433.144745349884,NoButton,Move,551.5859375,641.75390625
2433.152535200119,2433.152535200119,NoButton,Move,550.21875,641.75390625
2433.160701274872,2433.160701274872,NoButton,Move,549.27734375,641.75390625
2433.168949365616,2433.168949365616,NoButton,Move,547.91015625,641.75390625
2433.177143096924,2433.177143096924,NoButton,Move,546.0625,641.75390625
2433.185301065445,2433.185301065445,NoButton,Move,544.6953125,641.41015625
2433.1935720443726,2433.1935720443726,NoButton,Move,543.328125,641.06640625
2433.2016570568085,2433.2016570568085,NoButton,Move,541.48046875,640.6953125
2433.2099010944366,2433.2099010944366,NoButton,Move,538.50390625,639.84375
2433.218278169632,2433.218278169632,NoButton,Move,536.65625,639.47265625
2433.226244211197,2433.226244211197,NoButton,Move,534.2734375,639.07421875
2433.234081029892,2433.234081029892,NoButton,Move,531.296875,638.22265625
2433.2421901226044,2433.2421901226044,NoButton,Move,528.3203125,637.37109375
2433.2505280971527,2433.2505280971527,NoButton,Move,525.34375,636.51953125
2433.258774995804,2433.258774995804,NoButton,Move,522.3671875,635.66796875
2433.267105102539,2433.267105102539,NoButton,Move,518.7421875,634.76171875
2433.2752273082733,2433.2752273082733,NoButton,Move,517.375,634.078125
2433.283289194107,2433.283289194107,NoButton,Move,514.3984375,633.65234375
2433.2917790412903,2433.2917790412903,NoButton,Move,512.015625,632.85546875
2433.299976348877,2433.299976348877,NoButton,Move,509.6328125,632.05859375
2433.308158159256,2433.308158159256,NoButton,Move,507.78515625,632.05859375
2433.3163211345673,2433.3163211345673,NoButton,Move,505.9375,631.6875
2433.3246142864227,2433.3246142864227,NoButton,Move,504.5703125,631.34375
2433.332595348358,2433.332595348358,NoButton,Move,503.62890625,631.34375
2433.340828180313,2433.340828180313,NoButton,Move,502.26171875,631.34375
2433.349050283432,2433.349050283432,NoButton,Move,501.3203125,631.34375
2433.3571350574493,2433.3571350574493,NoButton,Move,500.74609375,631.34375
2433.3655531406403,2433.3655531406403,NoButton,Move,500.171875,631.34375
2433.3736572265625,2433.3736572265625,NoButton,Move,499.91015625,631.34375
2433.3826942443848,2433.3826942443848,NoButton,Move,499.6484375,631.34375
2433.3898022174835,2433.3898022174835,NoButton,Move,499.38671875,631.34375
2433.537793159485,2433.537793159485,NoButton,Move,499.38671875,631.57421875
2433.594626188278,2433.594626188278,NoButton,Move,499.38671875,631.80859375
2433.635694026947,2433.635694026947,NoButton,Move,499.38671875,632.04296875
2433.652032136917,2433.652032136917,NoButton,Move,499.62890625,632.04296875
2433.709477186203,2433.709477186203,NoButton,Move,499.86328125,632.04296875
2433.742186307907,2433.742186307907,NoButton,Move,500.09765625,632.27734375
2433.7749252319336,2433.7749252319336,NoButton,Move,500.33203125,632.27734375
2433.856990337372,2433.856990337372,NoButton,Move,500.33203125,632.5078125
2433.8896000385284,2433.8896000385284,NoButton,Move,500.56640625,632.5078125
2435.101321220398,2435.101321220398,NoButton,Move,500.56640625,632.2734375
2435.10937333107,2435.10937333107,NoButton,Move,500.56640625,629.296875
2435.1173532009125,2435.1173532009125,NoButton,Move,502.375,626.125
2435.125813961029,2435.125813961029,NoButton,Move,504.18359375,622.50390625
2435.133940219879,2435.133940219879,NoButton,Move,506.10546875,618.17578125
2435.141986131668,2435.141986131668,NoButton,Move,509.15625,613.59765625
2435.1502692699432,2435.1502692699432,NoButton,Move,512.20703125,609.52734375
2435.1583812236786,2435.1583812236786,NoButton,Move,516.49609375,605.234375
2435.1666951179504,2435.1666951179504,NoButton,Move,520.5625,601.671875
2435.1747822761536,2435.1747822761536,NoButton,Move,524.62890625,598.6171875
2435.1839900016785,2435.1839900016785,NoButton,Move,528.6953125,595.5625
2435.1908600330353,2435.1908600330353,NoButton,Move,533.26953125,593.01953125
2435.1991600990295,2435.1991600990295,NoButton,Move,535.11328125,591.91015625
2435.207482099533,2435.207482099533,NoButton,Move,541.3203125,589.0859375
2435.215567111969,2435.215567111969,NoButton,Move,543.1640625,588.71484375
2435.223750114441,2435.223750114441,NoButton,Move,546.13671875,587.4375
2435.231980085373,2435.231980085373,NoButton,Move,548.515625,587.0390625
2435.2402863502502,2435.2402863502502,NoButton,Move,550.359375,586.66796875
2435.248915195465,2435.248915195465,NoButton,Move,551.296875,586.3515625
2435.256744146347,2435.256744146347,NoButton,Move,552.234375,586.03515625
2435.265643119812,2435.265643119812,NoButton,Move,552.8046875,586.03515625
2435.2729511260986,2435.2729511260986,NoButton,Move,553.375,586.03515625
2435.2823700904846,2435.2823700904846,NoButton,Move,553.6328125,586.03515625
2435.2933361530304,2435.2933361530304,NoButton,Move,553.890625,586.03515625
2435.2981061935425,2435.2981061935425,NoButton,Move,554.1484375,586.03515625
2435.3483073711395,2435.3483073711395,NoButton,Move,553.66796875,586.03515625
2435.3551123142242,2435.3551123142242,NoButton,Move,552.7265625,586.03515625
2435.365355014801,2435.365355014801,NoButton,Move,551.78515625,586.03515625
2435.371479034424,2435.371479034424,NoButton,Move,550.41796875,586.03515625
2435.3796820640564,2435.3796820640564,NoButton,Move,549.4765625,586.03515625
2435.387515306473,2435.387515306473,NoButton,Move,548.53515625,586.03515625
2435.3958702087402,2435.3958702087402,NoButton,Move,546.546875,584.4453125
2435.4038631916046,2435.4038631916046,NoButton,Move,545.97265625,583.87109375
2435.4122772216797,2435.4122772216797,NoButton,Move,544.86328125,582.390625
2435.4203090667725,2435.4203090667725,NoButton,Move,544.234375,581.44921875
2435.428768157959,2435.428768157959,NoButton,Move,543.60546875,580.5078125
2435.4369702339172,2435.4369702339172,NoButton,Move,542.9765625,579.56640625
2435.4451320171356,2435.4451320171356,NoButton,Move,542.66015625,578.625
2435.453283071518,2435.453283071518,NoButton,Move,542.34375,577.68359375
2435.461569070816,2435.461569070816,NoButton,Move,541.76953125,577.109375
2435.4697501659393,2435.4697501659393,NoButton,Move,541.1953125,576.53515625
2435.47789311409,2435.47789311409,NoButton,Move,540.62109375,575.9609375
2435.5943751335144,2435.5943751335144,NoButton,Move,540.046875,575.38671875
2435.594429254532,2435.594429254532,NoButton,Move,539.47265625,574.8125
2435.5944952964783,2435.5944952964783,NoButton,Move,538.10546875,574.12890625
2435.594546318054,2435.594546318054,NoButton,Move,537.1640625,573.8125
2435.5945830345154,2435.5945830345154,NoButton,Move,535.796875,573.12890625
2435.5946543216705,2435.5946543216705,NoButton,Move,534.85546875,572.5
2435.5946962833405,2435.5946962833405,NoButton,Move,533.48828125,572.15625
2435.594731092453,2435.594731092453,NoButton,Move,532.546875,571.83984375
2435.594793319702,2435.594793319702,NoButton,Move,531.60546875,571.2109375
2435.5948281288147,2435.5948281288147,NoButton,Move,530.6640625,571.2109375
2435.594863176346,2435.594863176346,NoButton,Move,530.08984375,570.921875
2435.5948972702026,2435.5948972702026,NoButton,Move,529.515625,570.6328125
2435.5949313640594,2435.5949313640594,NoButton,Move,528.94140625,570.6328125
2435.594964981079,2435.594964981079,NoButton,Move,528.6796875,570.37109375
2435.5998661518097,2435.5998661518097,NoButton,Move,528.41796875,570.37109375
2435.6163811683655,2435.6163811683655,NoButton,Move,528.171875,570.37109375
2435.624423265457,2435.624423265457,NoButton,Move,527.91015625,570.109375
2435.6407783031464,2435.6407783031464,NoButton,Move,527.6640625,570.109375
2435.649026155472,2435.649026155472,NoButton,Move,527.40234375,570.109375
2435.657204389572,2435.657204389572,NoButton,Move,527.140625,570.109375
2435.673700094223,2435.673700094223,NoButton,Move,526.89453125,570.109375
2435.68160200119,2435.68160200119,NoButton,Move,526.6328125,570.109375
2435.706473350525,2435.706473350525,NoButton,Move,526.390625,570.109375
2435.7556331157684,2435.7556331157684,NoButton,Move,526.15234375,570.109375
2435.9366562366486,2435.9366562366486,NoButton,Move,525.68359375,570.109375
2435.952627182007,2435.952627182007,NoButton,Move,525.4375,570.109375
2435.9609882831573,2435.9609882831573,NoButton,Move,525.17578125,570.109375
2435.969297170639,2435.969297170639,NoButton,Move,524.9140625,570.109375
2435.9853081703186,2435.9853081703186,NoButton,Move,524.66796875,570.109375
2435.9938702583313,2435.9938702583313,NoButton,Move,524.40625,570.109375
2436.0181832313538,2436.0181832313538,NoButton,Move,524.1640625,570.109375
2436.083629131317,2436.083629131317,Left,Pressed,524.1640625,570.109375
2436.2665021419525,2436.2665021419525,NoButton,Move,524.6171875,570.109375
2436.2874841690063,2436.2874841690063,NoButton,Move,526.35546875,570.109375
2436.2997250556946,2436.2997250556946,NoButton,Move,530.8046875,570.109375
2436.316481113434,2436.316481113434,NoButton,Move,538.19921875,570.109375
2436.3329820632935,2436.3329820632935,NoButton,Move,547.234375,570.109375
2436.3498113155365,2436.3498113155365,NoButton,Move,555.78125,570.109375
2436.3664450645447,2436.3664450645447,NoButton,Move,562.42578125,570.109375
2436.3830692768097,2436.3830692768097,NoButton,Move,567.6015625,570.109375
2436.399770259857,2436.399770259857,NoButton,Move,571.2109375,570.109375
2436.416989326477,2436.416989326477,NoButton,Move,573.37890625,570.109375
2436.433179140091,2436.433179140091,NoButton,Move,574.51953125,570.109375
2436.4499430656433,2436.4499430656433,NoButton,Move,575.0,570.109375
2436.6666810512543,2436.6666810512543,NoButton,Move,575.0546875,570.109375
2436.6834001541138,2436.6834001541138,NoButton,Move,574.8671875,570.109375
2436.70020031929,2436.70020031929,NoButton,Move,574.59375,570.109375
2436.7290432453156,2436.7290432453156,NoButton,Move,574.25,570.109375
2436.7333602905273,2436.7333602905273,NoButton,Move,573.86328125,570.109375
2436.7667372226715,2436.7667372226715,NoButton,Move,573.3984375,570.109375
2436.800098180771,2436.800098180771,NoButton,Move,573.0234375,570.109375
2436.850137233734,2436.850137233734,NoButton,Move,572.6796875,570.109375
2436.900421142578,2436.900421142578,NoButton,Move,572.390625,570.109375
2437.250179052353,2437.250179052353,NoButton,Move,572.140625,570.109375
2437.2833132743835,2437.2833132743835,NoButton,Move,571.86328125,570.171875
2437.3166630268097,2437.3166630268097,NoButton,Move,571.63671875,570.2890625
2437.7502162456512,2437.7502162456512,NoButton,Move,571.2890625,570.3515625
2437.7667372226715,2437.7667372226715,NoButton,Move,570.9609375,570.359375
2437.792763233185,2437.792763233185,NoButton,Move,570.6328125,570.359375
2437.800245285034,2437.800245285034,NoButton,Move,570.35546875,570.421875
2437.816821336746,2437.816821336746,NoButton,Move,570.09375,570.52734375
2438.267016172409,2438.267016172409,Left,Released,570.09375,570.52734375
2439.3501591682434,2439.3501591682434,Left,Pressed,570.09375,570.52734375
2439.366717338562,2439.366717338562,Left,Released,570.09375,570.52734375
2439.6290452480316,2439.6290452480316,NoButton,Move,570.5546875,570.52734375
2439.6369972229004,2439.6369972229004,NoButton,Move,572.3984375,571.265625
2439.64532828331,2439.64532828331,NoButton,Move,575.11328125,573.98046875
2439.6534762382507,2439.6534762382507,NoButton,Move,577.99609375,577.34375
2439.6616570949554,2439.6616570949554,NoButton,Move,581.359375,580.70703125
2439.669592142105,2439.669592142105,NoButton,Move,584.41015625,584.7734375
2439.677641391754,2439.677641391754,NoButton,Move,587.96875,588.83984375
2439.686159133911,2439.686159133911,NoButton,Move,589.07421875,590.31640625
2439.6943652629852,2439.6943652629852,NoButton,Move,591.7890625,593.03125
2439.70249915123,2439.70249915123,NoButton,Move,593.48828125,595.578125
2439.710611343384,2439.710611343384,NoButton,Move,594.96484375,597.0546875
2439.71901512146,2439.71901512146,NoButton,Move,596.4375,598.52734375
2439.7271013259888,2439.7271013259888,NoButton,Move,597.0078125,599.09765625
2439.735332250595,2439.735332250595,NoButton,Move,597.9453125,599.72265625
2439.743514060974,2439.743514060974,NoButton,Move,598.515625,600.0078125
2439.751749277115,2439.751749277115,NoButton,Move,599.0859375,600.29296875
2439.7599132061005,2439.7599132061005,NoButton,Move,599.65625,600.29296875
2439.768083333969,2439.768083333969,NoButton,Move,599.9140625,600.29296875
2439.776294231415,2439.776294231415,NoButton,Move,600.484375,600.29296875
2439.7847983837128,2439.7847983837128,NoButton,Move,600.7421875,600.29296875
2439.7923712730408,2439.7923712730408,NoButton,Move,601.0,600.29296875
2439.800430059433,2439.800430059433,NoButton,Move,601.2578125,600.03125
2439.808653116226,2439.808653116226,NoButton,Move,601.2578125,599.45703125
2439.8168501853943,2439.8168501853943,NoButton,Move,601.2578125,598.515625
2439.825104236603,2439.825104236603,NoButton,Move,601.2578125,596.66796875
2439.8334352970123,2439.8334352970123,NoButton,Move,601.2578125,594.8203125
2439.841765165329,2439.841765165329,NoButton,Move,601.2578125,592.97265625
2439.8501312732697,2439.8501312732697,NoButton,Move,600.859375,590.58984375
2439.858184337616,2439.858184337616,NoButton,Move,599.58203125,587.61328125
2439.8664882183075,2439.8664882183075,NoButton,Move,598.73046875,584.63671875
2439.8746349811554,2439.8746349811554,NoButton,Move,597.453125,581.66015625
2439.8827171325684,2439.8827171325684,NoButton,Move,596.17578125,578.68359375
2439.8908751010895,2439.8908751010895,NoButton,Move,595.4921875,577.31640625
2439.8991622924805,2439.8991622924805,NoButton,Move,594.6953125,574.93359375
2439.9093601703644,2439.9093601703644,NoButton,Move,593.50390625,572.55078125
2439.9156873226166,2439.9156873226166,NoButton,Move,592.8203125,571.18359375
2439.92414021492,2439.92414021492,NoButton,Move,592.4765625,569.81640625
2439.947775363922,2439.947775363922,NoButton,Move,592.16015625,568.875
2439.947905063629,2439.947905063629,NoButton,Move,591.87109375,568.30078125
2439.947960138321,2439.947960138321,NoButton,Move,591.58203125,567.7265625
2439.9562051296234,2439.9562051296234,NoButton,Move,591.58203125,567.46484375
2439.964298248291,2439.964298248291,NoButton,Move,591.3203125,567.46484375
2439.9891221523285,2439.9891221523285,NoButton,Move,591.078125,567.46484375
2440.3008210659027,2440.3008210659027,Left,Pressed,591.078125,567.46484375
2440.4167602062225,2440.4167602062225,Left,Released,591.078125,567.46484375
2440.599436044693,2440.599436044693,NoButton,Move,591.30859375,567.92578125
2440.5995602607727,2440.5995602607727,NoButton,Move,591.93359375,568.86328125
2440.5996611118317,2440.5996611118317,NoButton,Move,594.48046875,570.5625
2440.5997581481934,2440.5997581481934,NoButton,Move,597.453125,571.8359375
2440.5998520851135,2440.5998520851135,NoButton,Move,599.296875,571.8359375
2443.2677772045135,2443.2677772045135,NoButton,Move,599.7578125,576.9453125
2443.276175260544,2443.276175260544,NoButton,Move,602.296875,581.51953125
2443.284219264984,2443.284219264984,NoButton,Move,604.69921875,585.36328125
2443.292568206787,2443.292568206787,NoButton,Move,607.1015625,589.20703125
2443.3015801906586,2443.3015801906586,NoButton,Move,609.36328125,592.375
2443.3089022636414,2443.3089022636414,NoButton,Move,611.171875,595.54296875
2443.31742310524,2443.31742310524,NoButton,Move,612.359375,597.921875
2443.324981212616,2443.324981212616,NoButton,Move,613.46484375,599.765625
2443.3335773944855,2443.3335773944855,NoButton,Move,614.203125,601.609375
2443.34170627594,2443.34170627594,NoButton,Move,614.8828125,602.97265625
2443.350213289261,2443.350213289261,NoButton,Move,615.22265625,604.3359375
2443.3579711914062,2443.3579711914062,NoButton,Move,616.328125,606.1796875
2443.365816116333,2443.365816116333,NoButton,Move,617.0078125,607.54296875
2443.3739972114563,2443.3739972114563,NoButton,Move,617.3203125,608.48046875
2443.382264137268,2443.382264137268,NoButton,Move,617.6328125,609.41796875
2443.3906280994415,2443.3906280994415,NoButton,Move,617.890625,609.67578125
2443.398817062378,2443.398817062378,NoButton,Move,617.890625,609.93359375
2443.407069206238,2443.407069206238,NoButton,Move,618.1484375,610.19140625
2443.415125131607,2443.415125131607,NoButton,Move,618.1484375,610.44921875
2443.7175872325897,2443.7175872325897,Left,Pressed,618.1484375,610.44921875
2443.833736181259,2443.833736181259,Left,Released,618.1484375,610.44921875
2444.0376121997833,2444.0376121997833,NoButton,Move,618.1484375,612.078125
2444.0458052158356,2444.0458052158356,NoButton,Move,619.671875,617.16015625
2444.0541472434998,2444.0541472434998,NoButton,Move,621.11328125,621.484375
2444.062314271927,2444.062314271927,NoButton,Move,623.2578125,627.3828125
2444.0706272125244,2444.0706272125244,NoButton,Move,626.078125,633.58984375
2444.078530073166,2444.078530073166,NoButton,Move,628.33203125,640.359375
2444.0868380069733,2444.0868380069733,NoButton,Move,631.9921875,653.546875
2444.094889163971,2444.094889163971,NoButton,Move,635.51171875,665.5234375
2444.102815389633,2444.102815389633,NoButton,Move,636.58203125,671.421875
2444.1110792160034,2444.1110792160034,NoButton,Move,638.5234375,681.14453125
2444.1199612617493,2444.1199612617493,NoButton,Move,639.16796875,690.8671875
2444.127716064453,2444.127716064453,NoButton,Move,639.7578125,698.56640625
2444.1357402801514,2444.1357402801514,NoButton,Move,640.15234375,700.9453125
2444.1440382003784,2444.1440382003784,NoButton,Move,640.15234375,706.02734375
2444.153475046158,2444.153475046158,NoButton,Move,640.15234375,709.6484375
2444.160394191742,2444.160394191742,NoButton,Move,640.15234375,712.62109375
2444.1681311130524,2444.1681311130524,NoButton,Move,640.15234375,713.984375
2444.1767222881317,2444.1767222881317,NoButton,Move,640.15234375,715.34765625
2444.1849410533905,2444.1849410533905,NoButton,Move,640.15234375,715.91796875
2444.193106174469,2444.193106174469,NoButton,Move,640.15234375,716.17578125
2444.2010321617126,2444.2010321617126,NoButton,Move,640.15234375,716.43359375
2444.23428606987,2444.23428606987,Left,Pressed,640.15234375,716.43359375
2444.234508037567,2444.234508037567,NoButton,Move,640.15234375,716.5546875
2444.3365931510925,2444.3365931510925,Left,Released,640.15234375,716.5546875
2444.586130142212,2444.586130142212,NoButton,Move,640.15234375,715.85546875
2444.5942101478577,2444.5942101478577,NoButton,Move,640.15234375,714.48828125
2444.6023161411285,2444.6023161411285,NoButton,Move,640.15234375,712.10546875
2444.6104872226715,2444.6104872226715,NoButton,Move,640.15234375,709.12890625
2444.6187901496887,2444.6187901496887,NoButton,Move,640.15234375,706.15234375
2444.6270813941956,2444.6270813941956,NoButton,Move,639.55859375,698.44921875
2444.635248184204,2444.635248184204,NoButton,Move,639.10546875,694.82421875
2444.6433551311493,2444.6433551311493,NoButton,Move,637.9765625,688.05078125
2444.6513164043427,2444.6513164043427,NoButton,Move,637.4375,682.1484375
2444.659456014633,2444.659456014633,NoButton,Move,636.87109375,675.375
2444.6676852703094,2444.6676852703094,NoButton,Move,636.33203125,669.47265625
2444.6758432388306,2444.6758432388306,NoButton,Move,635.8203125,664.38671875
2444.684463262558,2444.684463262558,NoButton,Move,635.28125,658.484375
2444.6927342414856,2444.6927342414856,NoButton,Move,634.31640625,654.15625
2444.700617313385,2444.700617313385,NoButton,Move,633.83203125,649.828125
2444.708528280258,2444.708528280258,NoButton,Move,633.4609375,647.98046875
2444.7164630889893,2444.7164630889893,NoButton,Move,632.609375,645.00390625
2444.7246980667114,2444.7246980667114,NoButton,Move,631.33203125,642.02734375
2444.733132123947,2444.733132123947,NoButton,Move,630.58984375,640.1796875
2444.741171360016,2444.741171360016,NoButton,Move,629.48046875,638.33203125
2444.7493691444397,2444.7493691444397,NoButton,Move,628.37109375,636.8515625
2444.7576203346252,2444.7576203346252,NoButton,Move,627.34375,635.82421875
2444.7658553123474,2444.7658553123474,NoButton,Move,625.86328125,634.71484375
2444.774074077606,2444.774074077606,NoButton,Move,624.3828125,633.60546875
2444.782576084137,2444.782576084137,NoButton,Move,623.44140625,632.9765625
2444.79075217247,2444.79075217247,NoButton,Move,622.07421875,632.29296875
2444.798949241638,2444.798949241638,NoButton,Move,621.1328125,631.9765625
2444.8069791793823,2444.8069791793823,NoButton,Move,620.19140625,631.66015625
2444.8153462409973,2444.8153462409973,NoButton,Move,619.25,631.34375
2444.8234663009644,2444.8234663009644,NoButton,Move,618.30859375,631.02734375
2444.8316740989685,2444.8316740989685,NoButton,Move,617.3671875,631.02734375
2444.839920282364,2444.839920282364,NoButton,Move,616.79296875,631.02734375
2444.8481011390686,2444.8481011390686,NoButton,Move,615.8515625,630.7109375
2444.856240272522,2444.856240272522,NoButton,Move,615.27734375,630.7109375
2444.864427089691,2444.864427089691,NoButton,Move,614.703125,630.421875
2444.8725621700287,2444.8725621700287,NoButton,Move,614.44140625,630.421875
2444.8807311058044,2444.8807311058044,NoButton,Move,614.1796875,630.421875
2444.888955116272,2444.888955116272,NoButton,Move,613.91796875,630.421875
2444.897149324417,2444.897149324417,NoButton,Move,613.65625,630.421875
2444.9137070178986,2444.9137070178986,NoButton,Move,613.41015625,630.421875
2444.9708433151245,2444.9708433151245,NoButton,Move,613.171875,630.421875
2444.987200975418,2444.987200975418,NoButton,Move,612.92578125,630.421875
2444.9954631328583,2444.9954631328583,NoButton,Move,612.6640625,630.421875
2445.0033872127533,2445.0033872127533,NoButton,Move,612.40234375,630.421875
2445.0201692581177,2445.0201692581177,NoButton,Move,612.15625,630.421875
2445.0361111164093,2445.0361111164093,NoButton,Move,611.91015625,630.421875
2445.044601202011,2445.044601202011,NoButton,Move,611.91015625,630.6796875
2445.0525403022766,2445.0525403022766,NoButton,Move,611.6484375,630.9375
2445.060895204544,2445.060895204544,NoButton,Move,611.38671875,631.1953125
2445.06911110878,2445.06911110878,NoButton,Move,611.38671875,631.453125
2445.077317237854,2445.077317237854,NoButton,Move,611.125,631.7109375
2445.0864362716675,2445.0864362716675,NoButton,Move,610.86328125,631.96875
2445.093721151352,2445.093721151352,NoButton,Move,610.6015625,632.2265625
2445.1022272109985,2445.1022272109985,NoButton,Move,610.33984375,632.484375
2445.110155105591,2445.110155105591,NoButton,Move,610.078125,632.484375
2445.1182672977448,2445.1182672977448,NoButton,Move,609.81640625,632.7421875
2445.126535177231,2445.126535177231,NoButton,Move,609.5546875,633.0
2445.134676218033,2445.134676218033,NoButton,Move,609.29296875,633.0
2445.1422941684723,2445.1422941684723,NoButton,Move,609.03125,633.2578125
2445.1504802703857,2445.1504802703857,NoButton,Move,608.76953125,633.2578125
2445.158794403076,2445.158794403076,NoButton,Move,608.5078125,633.515625
2445.166971206665,2445.166971206665,NoButton,Move,608.24609375,633.515625
2445.183405160904,2445.183405160904,NoButton,Move,608.0,633.7578125
2445.2082262039185,2445.2082262039185,NoButton,Move,607.7578125,633.7578125
2445.240753173828,2445.240753173828,NoButton,Move,607.51953125,633.7578125
2445.25723528862,2445.25723528862,NoButton,Move,607.2734375,633.7578125
2445.273579120636,2445.273579120636,NoButton,Move,607.2734375,634.0
2445.2819662094116,2445.2819662094116,NoButton,Move,607.01171875,634.0
2445.290078163147,2445.290078163147,NoButton,Move,607.01171875,634.2578125
2445.298130273819,2445.298130273819,NoButton,Move,606.75,634.2578125
2445.306769132614,2445.306769132614,NoButton,Move,606.48828125,634.515625
2445.330858230591,2445.330858230591,NoButton,Move,606.24609375,634.75390625
2445.355936050415,2445.355936050415,NoButton,Move,606.00390625,634.75390625
2445.3883340358734,2445.3883340358734,NoButton,Move,605.765625,634.75390625
2445.4048120975494,2445.4048120975494,NoButton,Move,605.51953125,634.99609375
2445.421190261841,2445.421190261841,NoButton,Move,605.2734375,635.23828125
2445.4291791915894,2445.4291791915894,NoButton,Move,605.01171875,635.23828125
2445.4375791549683,2445.4375791549683,NoButton,Move,604.75,635.49609375
2445.44606924057,2445.44606924057,NoButton,Move,604.48828125,635.75390625
2445.453725337982,2445.453725337982,NoButton,Move,604.2265625,635.75390625
2445.4622161388397,2445.4622161388397,NoButton,Move,603.96484375,635.75390625
2445.470364332199,2445.470364332199,NoButton,Move,603.96484375,636.01171875
2445.478434085846,2445.478434085846,NoButton,Move,603.703125,636.01171875
2445.723618030548,2445.723618030548,NoButton,Move,603.93359375,636.01171875
2445.731674194336,2445.731674194336,NoButton,Move,604.19140625,636.01171875
2445.739739179611,2445.739739179611,NoButton,Move,604.44921875,636.01171875
2445.748042345047,2445.748042345047,NoButton,Move,604.70703125,636.01171875
2445.7562313079834,2445.7562313079834,NoButton,Move,605.27734375,636.01171875
2445.764463186264,2445.764463186264,NoButton,Move,605.84765625,636.01171875
2445.772681236267,2445.772681236267,NoButton,Move,606.78515625,636.01171875
2445.780881166458,2445.780881166458,NoButton,Move,608.62890625,636.01171875
2445.7891340255737,2445.7891340255737,NoButton,Move,610.47265625,635.640625
2445.7975673675537,2445.7975673675537,NoButton,Move,612.8515625,635.640625
2445.8056020736694,2445.8056020736694,NoButton,Move,616.47265625,635.640625
2445.8138332366943,2445.8138332366943,NoButton,Move,620.796875,635.640625
2445.8219413757324,2445.8219413757324,NoButton,Move,624.41796875,635.640625
2445.8301560878754,2445.8301560878754,NoButton,Move,629.5,635.640625
2445.838432073593,2445.838432073593,NoButton,Move,634.58203125,635.640625
2445.8464901447296,2445.8464901447296,NoButton,Move,639.6640625,636.1484375
2445.8547372817993,2445.8547372817993,NoButton,Move,643.98828125,636.62890625
2445.863002061844,2445.863002061844,NoButton,Move,645.83203125,636.99609375
2445.8713052272797,2445.8713052272797,NoButton,Move,649.453125,637.4453125
2445.879748106003,2445.879748106003,NoButton,Move,652.42578125,637.8671875
2445.887927055359,2445.887927055359,NoButton,Move,654.26953125,638.234375
2445.8960931301117,2445.8960931301117,NoButton,Move,655.6328125,638.234375
2445.904465198517,2445.904465198517,NoButton,Move,656.5703125,638.234375
2445.9146223068237,2445.9146223068237,NoButton,Move,657.5078125,638.546875
2445.9205582141876,2445.9205582141876,NoButton,Move,657.765625,638.546875
2445.9290351867676,2445.9290351867676,NoButton,Move,658.0234375,638.546875
2445.9371712207794,2445.9371712207794,NoButton,Move,658.28125,638.546875
2446.1089210510254,2446.1089210510254,NoButton,Move,658.046875,638.546875
2446.1170632839203,2446.1170632839203,NoButton,Move,657.47265625,638.546875
2446.125244140625,2446.125244140625,NoButton,Move,656.8984375,638.546875
2446.133445262909,2446.133445262909,NoButton,Move,656.32421875,638.546875
2446.1415841579437,2446.1415841579437,NoButton,Move,656.0625,638.546875
2446.1499152183533,2446.1499152183533,NoButton,Move,655.80078125,638.546875
2446.1579949855804,2446.1579949855804,NoButton,Move,655.5390625,638.546875
2446.1661901474,2446.1661901474,NoButton,Move,655.27734375,638.546875
2446.2809352874756,2446.2809352874756,NoButton,Move,655.5078125,638.3125
2446.2971193790436,2446.2971193790436,NoButton,Move,655.75,638.3125
2446.3049640655518,2446.3049640655518,NoButton,Move,656.0078125,638.05078125
2446.3216440677643,2446.3216440677643,NoButton,Move,656.25,638.05078125
2446.3380842208862,2446.3380842208862,NoButton,Move,656.4921875,638.05078125
2446.346278190613,2446.346278190613,NoButton,Move,656.4921875,637.7890625
2446.35453414917,2446.35453414917,NoButton,Move,656.75,637.7890625
2446.3793530464172,2446.3793530464172,NoButton,Move,656.75,637.546875
2446.387297153473,2446.387297153473,NoButton,Move,657.0078125,637.546875
2446.395599126816,2446.395599126816,NoButton,Move,657.265625,637.28515625
2446.411774158478,2446.411774158478,NoButton,Move,657.5078125,637.0390625
2446.420116186142,2446.420116186142,NoButton,Move,657.765625,636.77734375
2446.4281992912292,2446.4281992912292,NoButton,Move,658.0234375,636.515625
2446.4364042282104,2446.4364042282104,NoButton,Move,658.28125,636.25390625
2446.4446201324463,2446.4446201324463,NoButton,Move,658.5390625,636.25390625
2446.4528892040253,2446.4528892040253,NoButton,Move,658.796875,636.25390625
2446.461001396179,2446.461001396179,NoButton,Move,659.0546875,635.9921875
2446.4772522449493,2446.4772522449493,NoButton,Move,659.296875,635.74609375
2446.493633031845,2446.493633031845,NoButton,Move,659.5390625,635.5
2446.5099771022797,2446.5099771022797,NoButton,Move,659.78125,635.5
2446.5183222293854,2446.5183222293854,NoButton,Move,660.0390625,635.23828125
2446.5344870090485,2446.5344870090485,NoButton,Move,660.28125,634.9921875
2446.5428264141083,2446.5428264141083,NoButton,Move,660.5390625,634.73046875
2446.5590283870697,2446.5590283870697,NoButton,Move,660.78125,634.484375
2446.567443370819,2446.567443370819,NoButton,Move,661.0390625,634.484375
2446.5756080150604,2446.5756080150604,NoButton,Move,661.296875,634.22265625
2446.583790063858,2446.583790063858,NoButton,Move,661.5546875,634.22265625
2446.591986179352,2446.591986179352,NoButton,Move,661.5546875,633.9609375
2446.600102186203,2446.600102186203,NoButton,Move,661.8125,633.9609375
2446.608556032181,2446.608556032181,NoButton,Move,662.0703125,633.69921875
2446.6165912151337,2446.6165912151337,NoButton,Move,662.328125,633.69921875
2446.6327681541443,2446.6327681541443,NoButton,Move,662.5703125,633.453125
2446.6570312976837,2446.6570312976837,NoButton,Move,662.80859375,633.453125
2446.8674590587616,2446.8674590587616,Left,Pressed,662.80859375,633.453125
2447.116599082947,2447.116599082947,NoButton,Move,662.58203125,633.453125
2447.133175134659,2447.133175134659,NoButton,Move,660.171875,633.453125
2447.149961233139,2447.149961233139,NoButton,Move,654.890625,633.265625
2447.166787147522,2447.166787147522,NoButton,Move,647.9609375,633.640625
2447.1862201690674,2447.1862201690674,NoButton,Move,639.1484375,635.48046875
2447.199937105179,2447.199937105179,NoButton,Move,628.55859375,638.35546875
2447.2166090011597,2447.2166090011597,NoButton,Move,617.05859375,641.93359375
2447.2331850528717,2447.2331850528717,NoButton,Move,606.125,645.7109375
2447.250062227249,2447.250062227249,NoButton,Move,597.9296875,648.56640625
2447.266607284546,2447.266607284546,NoButton,Move,592.10546875,650.71875
2447.283450126648,2447.283450126648,NoButton,Move,588.140625,652.3203125
2447.2999453544617,2447.2999453544617,NoButton,Move,586.16796875,653.12890625
2447.3167402744293,2447.3167402744293,NoButton,Move,585.33203125,653.5546875
2447.3668682575226,2447.3668682575226,NoButton,Move,585.09765625,653.8203125
2447.41690325737,2447.41690325737,NoButton,Move,584.984375,654.109375
2447.4333992004395,2447.4333992004395,NoButton,Move,584.71875,654.37109375
2447.450047969818,2447.450047969818,NoButton,Move,584.09765625,654.8671875
2447.4667320251465,2447.4667320251465,NoButton,Move,583.125,655.8359375
2447.485999107361,2447.485999107361,NoButton,Move,581.7734375,657.02734375
2447.499925136566,2447.499925136566,NoButton,Move,580.47265625,658.02734375
2447.516909122467,2447.516909122467,NoButton,Move,579.61328125,658.7421875
2447.533682346344,2447.533682346344,NoButton,Move,579.0234375,659.328125
2447.549882173538,2447.549882173538,NoButton,Move,578.63671875,659.58984375
2447.9006650447845,2447.9006650447845,NoButton,Move,578.3984375,659.58984375
2447.9228053092957,2447.9228053092957,NoButton,Move,578.02734375,659.58984375
2447.946434020996,2447.946434020996,NoButton,Move,577.01171875,659.58984375
2447.9498920440674,2447.9498920440674,NoButton,Move,574.97265625,659.58984375
2447.9668023586273,2447.9668023586273,NoButton,Move,572.05078125,659.58984375
2447.983453273773,2447.983453273773,NoButton,Move,569.01171875,659.58984375
2447.99999833107,2447.99999833107,NoButton,Move,566.2265625,659.58984375
2448.0168330669403,2448.0168330669403,NoButton,Move,564.078125,659.58984375
2448.0335149765015,2448.0335149765015,NoButton,Move,563.05078125,659.58984375
2448.2170622348785,2448.2170622348785,NoButton,Move,562.78515625,659.58984375
2448.2480370998383,2448.2480370998383,NoButton,Move,562.84765625,659.58984375
2448.26682806015,2448.26682806015,NoButton,Move,563.01171875,659.58984375
2448.4338681697845,2448.4338681697845,NoButton,Move,563.0625,659.58984375
2448.4836690425873,2448.4836690425873,NoButton,Move,562.89453125,659.58984375
2448.516953229904,2448.516953229904,NoButton,Move,562.5234375,659.58984375
2448.5502502918243,2448.5502502918243,NoButton,Move,562.09765625,659.58984375
2448.9340102672577,2448.9340102672577,Left,Released,562.09765625,659.58984375
2450.0389511585236,2450.0389511585236,NoButton,Move,562.328125,659.58984375
2450.0469551086426,2450.0469551086426,NoButton,Move,563.8046875,660.6953125
2450.05508518219,2450.05508518219,NoButton,Move,565.6484375,661.80078125
2450.063592195511,2450.063592195511,NoButton,Move,567.125,662.90625
2450.0715351104736,2450.0715351104736,NoButton,Move,569.109375,664.4921875
2450.079887151718,2450.079887151718,NoButton,Move,571.09375,666.078125
2450.0879731178284,2450.0879731178284,NoButton,Move,575.16015625,669.12890625
2450.096297264099,2450.096297264099,NoButton,Move,579.2265625,672.6875
2450.1044631004333,2450.1044631004333,NoButton,Move,583.29296875,675.73828125
2450.112632036209,2450.112632036209,NoButton,Move,587.359375,678.7890625
2450.1203739643097,2450.1203739643097,NoButton,Move,590.72265625,682.15234375
2450.1284232139587,2450.1284232139587,NoButton,Move,592.56640625,683.2578125
2450.1365711688995,2450.1365711688995,NoButton,Move,595.11328125,685.37890625
2450.1450052261353,2450.1450052261353,NoButton,Move,597.66015625,687.5
2450.1531131267548,2450.1531131267548,NoButton,Move,599.50390625,688.60546875
2450.161310195923,2450.161310195923,NoButton,Move,600.98046875,689.7109375
2450.169669151306,2450.169669151306,NoButton,Move,601.91796875,690.3359375
2450.1776990890503,2450.1776990890503,NoButton,Move,602.48828125,690.62109375
2450.186103105545,2450.186103105545,NoButton,Move,602.74609375,690.87890625
2450.2177271842957,2450.2177271842957,Left,Pressed,602.74609375,690.87890625
2450.218180179596,2450.218180179596,NoButton,Move,602.8671875,691.0
2450.318873167038,2450.318873167038,Left,Released,602.8671875,691.0
2451.96320104599,2451.96320104599,NoButton,Move,602.8671875,690.53515625
2451.9711422920227,2451.9711422920227,NoButton,Move,602.8671875,689.16796875
2451.9796690940857,2451.9796690940857,NoButton,Move,602.23828125,688.2265625
2451.9877512454987,2451.9877512454987,NoButton,Move,600.42578125,685.0546875
2451.9961841106415,2451.9961841106415,NoButton,Move,598.72265625,682.50390625
2452.003351211548,2452.003351211548,NoButton,Move,596.45703125,679.33203125
2452.0123751163483,2452.0123751163483,NoButton,Move,594.1953125,676.16796875
2452.0201930999756,2452.0201930999756,NoButton,Move,591.7890625,672.3203125
2452.028398036957,2452.028398036957,NoButton,Move,589.3828125,668.47265625
2452.036698102951,2452.036698102951,NoButton,Move,586.83984375,663.89453125
2452.04478931427,2452.04478931427,NoButton,Move,584.43359375,660.046875
2452.0529482364655,2452.0529482364655,NoButton,Move,583.69140625,658.19921875
2452.061068058014,2452.061068058014,NoButton,Move,581.87890625,655.02734375
2452.0693922042847,2452.0693922042847,NoButton,Move,580.6015625,652.05078125
2452.07750916481,2452.07750916481,NoButton,Move,579.41015625,649.66796875
2452.085682153702,2452.085682153702,NoButton,Move,578.66796875,647.8203125
2452.0938580036163,2452.0938580036163,NoButton,Move,577.55859375,645.97265625
2452.101781129837,2452.101781129837,NoButton,Move,577.1875,644.125
2452.1103222370148,2452.1103222370148,NoButton,Move,576.50390625,642.7578125
2452.1184680461884,2452.1184680461884,NoButton,Move,576.16015625,641.390625
2452.126638174057,2452.126638174057,NoButton,Move,575.81640625,640.0234375
2452.134991168976,2452.134991168976,NoButton,Move,575.5,639.08203125
2452.14307308197,2452.14307308197,NoButton,Move,575.5,638.140625
2452.1507411003113,2452.1507411003113,NoButton,Move,575.5,637.56640625
2452.159091234207,2452.159091234207,NoButton,Move,575.5,637.3046875
2452.167232990265,2452.167232990265,NoButton,Move,575.5,637.04296875
2452.1754202842712,2452.1754202842712,NoButton,Move,575.5,636.78125
2452.2409942150116,2452.2409942150116,NoButton,Move,575.73046875,636.78125
2452.2493600845337,2452.2493600845337,NoButton,Move,575.98828125,636.78125
2452.257115125656,2452.257115125656,NoButton,Move,576.55859375,637.06640625
2452.2653760910034,2452.2653760910034,NoButton,Move,577.12890625,637.3515625
2452.273674964905,2452.273674964905,NoButton,Move,577.69921875,637.63671875
2452.281814098358,2452.281814098358,NoButton,Move,578.63671875,638.26171875
2452.2900841236115,2452.2900841236115,NoButton,Move,579.57421875,638.57421875
2452.298392057419,2452.298392057419,NoButton,Move,580.59765625,639.59765625
2452.306748151779,2452.306748151779,NoButton,Move,581.53515625,640.22265625
2452.3149542808533,2452.3149542808533,NoButton,Move,583.01171875,641.328125
2452.3231360912323,2452.3231360912323,NoButton,Move,584.48828125,642.43359375
2452.331139087677,2452.331139087677,NoButton,Move,585.51171875,643.45703125
2452.3395161628723,2452.3395161628723,NoButton,Move,586.98828125,644.5625
2452.3477942943573,2452.3477942943573,NoButton,Move,588.01171875,645.5859375
2452.3558220863342,2452.3558220863342,NoButton,Move,589.48828125,646.69140625
2452.3640320301056,2452.3640320301056,NoButton,Move,590.59375,648.16796875
2452.372120141983,2452.372120141983,NoButton,Move,591.6171875,649.19140625
2452.380333185196,2452.380333185196,NoButton,Move,592.640625,650.21484375
2452.388635158539,2452.388635158539,NoButton,Move,593.265625,651.15234375
2452.3968572616577,2452.3968572616577,NoButton,Move,593.890625,652.08984375
2452.405071258545,2452.405071258545,NoButton,Move,594.515625,653.02734375
2452.413283109665,2452.413283109665,NoButton,Move,595.140625,653.96484375
2452.4214210510254,2452.4214210510254,NoButton,Move,595.453125,654.90234375
2452.4296922683716,2452.4296922683716,NoButton,Move,595.765625,655.83984375
2452.437865257263,2452.437865257263,NoButton,Move,596.4453125,657.203125
2452.445986032486,2452.445986032486,NoButton,Move,596.73046875,657.7734375
2452.454256296158,2452.454256296158,NoButton,Move,597.04296875,658.7109375
2452.462193250656,2452.462193250656,NoButton,Move,597.328125,659.28125
2452.4705312252045,2452.4705312252045,NoButton,Move,597.5859375,659.5390625
2452.4788002967834,2452.4788002967834,NoButton,Move,597.87109375,660.109375
2452.4867193698883,2452.4867193698883,NoButton,Move,597.87109375,660.3671875
2452.4950079917908,2452.4950079917908,NoButton,Move,598.12890625,660.625
2452.5113472938538,2452.5113472938538,NoButton,Move,598.12890625,660.8671875
2452.6009600162506,2452.6009600162506,Left,Pressed,598.12890625,660.8671875
2452.9836621284485,2452.9836621284485,NoButton,Move,598.01171875,660.8671875
2453.000090122223,2453.000090122223,NoButton,Move,597.44140625,660.8671875
2453.016842365265,2453.016842365265,NoButton,Move,596.05078125,660.8671875
2453.03338432312,2453.03338432312,NoButton,Move,593.94140625,660.8671875
2453.051100254059,2453.051100254059,NoButton,Move,591.37109375,660.8671875
2453.0668992996216,2453.0668992996216,NoButton,Move,588.58984375,660.8671875
2453.0901322364807,2453.0901322364807,NoButton,Move,585.8125,660.8671875
2453.10028219223,2453.10028219223,NoButton,Move,583.50390625,660.8671875
2453.1169300079346,2453.1169300079346,NoButton,Move,581.1328125,660.8671875
2453.1336481571198,2453.1336481571198,NoButton,Move,578.51171875,660.8671875
2453.1500520706177,2453.1500520706177,NoButton,Move,576.1796875,660.8671875
2453.166651248932,2453.166651248932,NoButton,Move,574.25,660.8671875
2453.1832802295685,2453.1832802295685,NoButton,Move,573.0703125,660.8671875
2453.2000250816345,2453.2000250816345,NoButton,Move,572.515625,660.99609375
2453.4031302928925,2453.4031302928925,NoButton,Move,572.1640625,661.12109375
2453.4169402122498,2453.4169402122498,NoButton,Move,571.8515625,661.22265625
2453.445092201233,2453.445092201233,NoButton,Move,571.23828125,661.5859375
2453.45019698143,2453.45019698143,NoButton,Move,570.23828125,662.08203125
2453.4669523239136,2453.4669523239136,NoButton,Move,569.08203125,662.65625
2453.4835782051086,2453.4835782051086,NoButton,Move,567.8203125,663.28515625
2453.5012753009796,2453.5012753009796,NoButton,Move,566.8671875,663.85546875
2453.517158269882,2453.517158269882,NoButton,Move,566.26953125,664.29296875
2453.5338072776794,2453.5338072776794,NoButton,Move,565.984375,664.421875
2453.7333512306213,2453.7333512306213,NoButton,Move,565.60546875,664.421875
2453.766721010208,2453.766721010208,NoButton,Move,565.15625,664.42578125
2453.8168551921844,2453.8168551921844,NoButton,Move,564.91796875,664.30078125
2453.8334300518036,2453.8334300518036,NoButton,Move,564.703125,664.1015625
2453.850204229355,2453.850204229355,NoButton,Move,564.515625,663.8515625
2453.8668072223663,2453.8668072223663,NoButton,Move,564.16015625,663.49609375
2453.8835430145264,2453.8835430145264,NoButton,Move,563.76953125,663.16015625
2453.900405406952,2453.900405406952,NoButton,Move,563.37890625,662.8984375
2453.9167301654816,2453.9167301654816,NoButton,Move,562.98828125,662.73828125
2453.9333221912384,2453.9333221912384,NoButton,Move,562.8125,662.55859375
2454.250906229019,2454.250906229019,NoButton,Move,562.8828125,662.41015625
2454.3000202178955,2454.3000202178955,NoButton,Move,563.11328125,662.41015625
2454.350206375122,2454.350206375122,NoButton,Move,563.33984375,662.41015625
2454.3667483329773,2454.3667483329773,NoButton,Move,563.5,662.41015625
2454.3836891651154,2454.3836891651154,NoButton,Move,563.66015625,662.41015625
2454.4003612995148,2454.4003612995148,NoButton,Move,563.94921875,662.41015625
2454.4168412685394,2454.4168412685394,NoButton,Move,564.33984375,662.41015625
2454.433408975601,2454.433408975601,NoButton,Move,564.72265625,662.41015625
2454.450138092041,2454.450138092041,NoButton,Move,565.10546875,662.41015625
2454.4837481975555,2454.4837481975555,NoButton,Move,565.5,662.41015625
2454.5002250671387,2454.5002250671387,NoButton,Move,565.6875,662.16015625
2454.5167260169983,2454.5167260169983,NoButton,Move,565.82421875,661.8984375
2454.7503232955933,2454.7503232955933,NoButton,Move,565.83984375,661.7421875
2454.7670891284943,2454.7670891284943,NoButton,Move,565.74609375,661.50390625
2454.8185000419617,2454.8185000419617,NoButton,Move,565.74609375,661.1640625
2454.8334741592407,2454.8334741592407,NoButton,Move,565.71875,660.8203125
2454.850836992264,2454.850836992264,NoButton,Move,565.71875,660.60546875
2454.866998195648,2454.866998195648,NoButton,Move,565.71875,660.24609375
2454.883594274521,2454.883594274521,NoButton,Move,565.71875,659.734375
2454.9003200531006,2454.9003200531006,NoButton,Move,565.71875,659.22265625
2454.916874408722,2454.916874408722,NoButton,Move,565.71875,658.828125
2454.933762073517,2454.933762073517,NoButton,Move,565.71875,658.55078125
2454.9504041671753,2454.9504041671753,NoButton,Move,565.71875,658.26953125
2454.98375916481,2454.98375916481,NoButton,Move,565.71875,658.00390625
2455.2005302906036,2455.2005302906036,Left,Released,565.71875,658.00390625
2456.4662714004517,2456.4662714004517,NoButton,Move,566.18359375,661.7265625
2456.474096298218,2456.474096298218,NoButton,Move,568.3046875,664.2734375
2456.482324361801,2456.482324361801,NoButton,Move,570.42578125,666.39453125
2456.4905819892883,2456.4905819892883,NoButton,Move,573.140625,669.109375
2456.498386144638,2456.498386144638,NoButton,Move,575.6875,671.23046875
2456.5067942142487,2456.5067942142487,NoButton,Move,577.80859375,673.3515625
2456.515078306198,2456.515078306198,NoButton,Move,579.9296875,675.47265625
2456.523064136505,2456.523064136505,NoButton,Move,582.05078125,678.01953125
2456.53129529953,2456.53129529953,NoButton,Move,583.63671875,680.00390625
2456.539110183716,2456.539110183716,NoButton,Move,585.22265625,681.98828125
2456.547312259674,2456.547312259674,NoButton,Move,586.328125,683.83203125
2456.555325269699,2456.555325269699,NoButton,Move,588.44921875,686.37890625
2456.5637061595917,2456.5637061595917,NoButton,Move,590.1484375,688.92578125
2456.5720040798187,2456.5720040798187,NoButton,Move,591.25390625,690.76953125
2456.5801362991333,2456.5801362991333,NoButton,Move,592.359375,692.24609375
2456.5886282920837,2456.5886282920837,NoButton,Move,592.984375,693.18359375
2456.596739053726,2456.596739053726,NoButton,Move,593.296875,694.12109375
2456.6049761772156,2456.6049761772156,NoButton,Move,593.5546875,694.37890625
2456.6132321357727,2456.6132321357727,NoButton,Move,593.8125,694.63671875
2456.6340391635895,2456.6340391635895,Left,Pressed,593.8125,694.63671875
2456.650152206421,2456.650152206421,NoButton,Move,593.93359375,694.7578125
2456.750100374222,2456.750100374222,Left,Released,593.93359375,694.7578125
2460.138513326645,2460.138513326645,NoButton,Move,593.703125,694.7578125
2460.1464331150055,2460.1464331150055,NoButton,Move,589.375,694.7578125
2460.1547100543976,2460.1547100543976,NoButton,Move,582.6015625,693.62890625
2460.162867307663,2460.162867307663,NoButton,Move,568.90625,688.30078125
2460.171188354492,2460.171188354492,NoButton,Move,539.69140625,677.8671875
2460.1794531345367,2460.1794531345367,NoButton,Move,506.9609375,662.06640625
2460.187813282013,2460.187813282013,NoButton,Move,465.0546875,640.4765625
2460.1960632801056,2460.1960632801056,NoButton,Move,415.1796875,612.765625
2460.2038803100586,2460.2038803100586,NoButton,Move,358.921875,585.35546875
2460.211792230606,2460.211792230606,NoButton,Move,305.18359375,557.0703125
2460.219766139984,2460.219766139984,NoButton,Move,254.98046875,534.00390625
2460.228529214859,2460.228529214859,NoButton,Move,234.23828125,525.88671875
2460.236508131027,2460.236508131027,NoButton,Move,194.17578125,510.10546875
2460.2446582317352,2460.2446582317352,NoButton,Move,159.19140625,499.9453125
2460.2527861595154,2460.2527861595154,NoButton,Move,146.0,498.4765625
2460.261070251465,2460.261070251465,NoButton,Move,136.2734375,498.4765625
2460.269416332245,2460.269416332245,NoButton,Move,102.16796875,495.17578125
2460.2774183750153,2460.2774183750153,NoButton,Move,97.08203125,495.17578125
2460.2856981754303,2460.2856981754303,NoButton,Move,86.2578125,496.52734375
2460.2938532829285,2460.2938532829285,NoButton,Move,78.19140625,500.24609375
2460.302190065384,2460.302190065384,NoButton,Move,72.546875,504.1953125
2460.3100910186768,2460.3100910186768,NoButton,Move,67.71875,507.94921875
2460.318464040756,2460.318464040756,NoButton,Move,64.6640625,512.015625
2460.326519012451,2460.326519012451,NoButton,Move,62.3984375,515.18359375
2460.334962129593,2460.334962129593,NoButton,Move,62.0546875,516.546875
2460.3490941524506,2460.3490941524506,NoButton,Move,60.3515625,519.09375
2460.604739189148,2460.604739189148,NoButton,Move,60.81640625,519.55859375
2460.6048622131348,2460.6048622131348,NoButton,Move,63.078125,522.7265625
2460.6049642562866,2460.6049642562866,NoButton,Move,66.44140625,526.08984375
2460.6050622463226,2460.6050622463226,NoButton,Move,68.5625,528.2109375
2460.605156183243,2460.605156183243,NoButton,Move,70.0390625,529.31640625
2460.6052491664886,2460.6052491664886,NoButton,Move,71.0625,530.33984375
2460.605342388153,2460.605342388153,NoButton,Move,72.0,530.96484375
2460.6054372787476,2460.6054372787476,NoButton,Move,72.9375,531.58984375
2460.612274169922,2460.612274169922,NoButton,Move,74.4140625,532.6953125
2460.6203932762146,2460.6203932762146,NoButton,Move,75.3515625,533.3203125
2460.6287002563477,2460.6287002563477,NoButton,Move,75.921875,533.890625
2460.6366913318634,2460.6366913318634,NoButton,Move,77.90625,535.4765625
2460.6450769901276,2460.6450769901276,NoButton,Move,78.9296875,536.5
2460.6533241271973,2460.6533241271973,NoButton,Move,79.953125,537.5234375
2460.661400079727,2460.661400079727,NoButton,Move,80.578125,538.4609375
2460.669567346573,2460.669567346573,NoButton,Move,81.1484375,539.03125
2460.677868127823,2460.677868127823,NoButton,Move,81.43359375,539.6015625
2460.6860811710358,2460.6860811710358,NoButton,Move,81.71875,540.171875
2460.6942331790924,2460.6942331790924,NoButton,Move,81.71875,540.4296875
2460.7028312683105,2460.7028312683105,NoButton,Move,81.71875,540.6875
2460.7106971740723,2460.7106971740723,NoButton,Move,81.71875,540.9453125
2460.7188563346863,2460.7188563346863,NoButton,Move,81.71875,541.203125
2460.727071285248,2460.727071285248,NoButton,Move,81.45703125,541.203125
2460.735185146332,2460.735185146332,NoButton,Move,80.08984375,541.203125
2460.743385076523,2460.743385076523,NoButton,Move,78.72265625,541.203125
2461.628650188446,2461.628650188446,NoButton,Move,78.72265625,540.04296875
2461.6366741657257,2461.6366741657257,NoButton,Move,78.72265625,535.71484375
2461.644858121872,2461.644858121872,NoButton,Move,78.72265625,530.62890625
2461.653434276581,2461.653434276581,NoButton,Move,79.28515625,523.85546875
2461.6612043380737,2461.6612043380737,NoButton,Move,79.84765625,517.08203125
2461.6692972183228,2461.6692972183228,NoButton,Move,80.46484375,508.39453125
2461.677404165268,2461.677404165268,NoButton,Move,80.46484375,489.796875
2461.6855912208557,2461.6855912208557,NoButton,Move,80.46484375,466.54296875
2461.693848133087,2461.693848133087,NoButton,Move,80.46484375,441.625
2461.7020812034607,2461.7020812034607,NoButton,Move,79.41796875,411.3671875
2461.7101562023163,2461.7101562023163,NoButton,Move,75.12890625,379.21484375
2461.718377351761,2461.718377351761,NoButton,Move,70.7265625,345.109375
2461.7265310287476,2461.7265310287476,NoButton,Move,65.3671875,312.95703125
2461.735126018524,2461.735126018524,NoButton,Move,60.0078125,280.8046875
2461.7443630695343,2461.7443630695343,NoButton,Move,57.07421875,267.61328125
2461.7516672611237,2461.7516672611237,NoButton,Move,52.421875,244.359375
2462.087636947632,2462.087636947632,NoButton,Move,52.421875,243.66015625
2462.098422050476,2462.098422050476,NoButton,Move,52.421875,240.68359375
2462.1065740585327,2462.1065740585327,NoButton,Move,52.421875,237.05859375
2462.1118352413177,2462.1118352413177,NoButton,Move,52.421875,232.73046875
2462.119858264923,2462.119858264923,NoButton,Move,52.421875,225.02734375
2462.1278080940247,2462.1278080940247,NoButton,Move,52.421875,215.30078125
2462.1355402469635,2462.1355402469635,NoButton,Move,52.421875,205.57421875
2462.143773317337,2462.143773317337,NoButton,Move,52.421875,193.59375
2462.152002096176,2462.152002096176,NoButton,Move,52.421875,181.61328125
2462.160305261612,2462.160305261612,NoButton,Move,52.421875,169.6328125
2462.1684930324554,2462.1684930324554,NoButton,Move,52.421875,164.546875
2462.176739215851,2462.176739215851,NoButton,Move,52.421875,153.72265625
2462.1848423480988,2462.1848423480988,NoButton,Move,52.421875,146.01953125
2462.1933040618896,2462.1933040618896,NoButton,Move,52.421875,143.04296875
2462.201418399811,2462.201418399811,NoButton,Move,52.421875,137.95703125
2462.209759235382,2462.209759235382,NoButton,Move,52.421875,134.33203125
2462.2180411815643,2462.2180411815643,NoButton,Move,52.421875,131.35546875
2462.2260143756866,2462.2260143756866,NoButton,Move,52.421875,129.98828125
2462.234485387802,2462.234485387802,NoButton,Move,52.421875,128.62109375
2462.242443084717,2462.242443084717,NoButton,Move,52.421875,128.046875
2462.25044131279,2462.25044131279,NoButton,Move,52.421875,127.78515625
2462.2603702545166,2462.2603702545166,NoButton,Move,52.421875,127.5234375
2462.26714015007,2462.26714015007,NoButton,Move,52.6796875,127.5234375
2462.3491640090942,2462.3491640090942,NoButton,Move,52.6796875,127.2890625
2462.3985221385956,2462.3985221385956,NoButton,Move,52.6796875,127.05078125
2462.4485943317413,2462.4485943317413,NoButton,Move,52.6796875,126.8125
2462.4655101299286,2462.4655101299286,NoButton,Move,52.43359375,126.56640625
2462.47248506546,2462.47248506546,NoButton,Move,52.171875,126.3046875
2462.4820799827576,2462.4820799827576,NoButton,Move,51.8828125,125.73046875
2462.488272190094,2462.488272190094,NoButton,Move,51.62109375,125.46875
2462.4962532520294,2462.4962532520294,NoButton,Move,51.046875,125.1796875
2462.504328250885,2462.504328250885,NoButton,Move,50.7578125,124.60546875
2462.5128881931305,2462.5128881931305,NoButton,Move,50.18359375,124.03125
2462.520672082901,2462.520672082901,NoButton,Move,49.89453125,123.45703125
2462.5300352573395,2462.5300352573395,NoButton,Move,49.3203125,123.16796875
2462.537585258484,2462.537585258484,NoButton,Move,49.03125,122.59375
2462.5453102588654,2462.5453102588654,NoButton,Move,48.45703125,122.01953125
2462.5539293289185,2462.5539293289185,NoButton,Move,48.16796875,121.4453125
2462.5617814064026,2462.5617814064026,NoButton,Move,47.90625,121.18359375
2462.570438146591,2462.570438146591,NoButton,Move,47.33203125,120.89453125
2462.578169107437,2462.578169107437,NoButton,Move,47.04296875,120.3203125
2462.5862493515015,2462.5862493515015,NoButton,Move,46.78125,120.05859375
2462.5946292877197,2462.5946292877197,NoButton,Move,46.78125,119.796875
2462.6025540828705,2462.6025540828705,NoButton,Move,46.51953125,119.796875
2462.6112422943115,2462.6112422943115,NoButton,Move,46.51953125,119.53515625
2462.6190161705017,2462.6190161705017,NoButton,Move,46.2578125,119.53515625
2462.6436212062836,2462.6436212062836,NoButton,Move,46.2578125,119.29296875
2463.0451872348785,2463.0451872348785,NoButton,Move,46.48828125,119.29296875
2463.2906863689423,2463.2906863689423,NoButton,Move,46.71875,119.29296875
2463.2988271713257,2463.2988271713257,NoButton,Move,46.9765625,119.03125
2463.3070120811462,2463.3070120811462,NoButton,Move,48.453125,117.921875
2463.3153913021088,2463.3153913021088,NoButton,Move,49.4765625,116.89453125
2463.3233461380005,2463.3233461380005,NoButton,Move,51.4609375,115.3046875
2463.3318531513214,2463.3318531513214,NoButton,Move,53.58203125,113.1796875
2463.3397002220154,2463.3397002220154,NoButton,Move,56.9453125,110.29296875
2463.3490011692047,2463.3490011692047,NoButton,Move,62.5859375,105.77734375
2463.3569033145905,2463.3569033145905,NoButton,Move,68.2265625,101.26171875
2463.366588115692,2463.366588115692,NoButton,Move,75.05078125,95.0546875
2463.372543334961,2463.372543334961,NoButton,Move,81.875,89.46875
2463.3813371658325,2463.3813371658325,NoButton,Move,88.69921875,83.26171875
2463.3888461589813,2463.3888461589813,NoButton,Move,92.765625,80.20703125
2463.3983783721924,2463.3983783721924,NoButton,Move,100.54296875,74.37109375
2463.405029296875,2463.405029296875,NoButton,Move,107.3671875,68.78515625
2463.4131722450256,2463.4131722450256,NoButton,Move,113.8828125,64.04296875
2463.4216561317444,2463.4216561317444,NoButton,Move,119.5234375,60.08984375
2463.4295852184296,2463.4295852184296,NoButton,Move,122.0703125,58.38671875
2463.4377081394196,2463.4377081394196,NoButton,Move,126.13671875,55.33203125
2463.446102142334,2463.446102142334,NoButton,Move,129.7578125,53.51953125
2463.45432806015,2463.45432806015,NoButton,Move,132.3046875,51.81640625
2463.9447841644287,2463.9447841644287,NoButton,Move,131.375,51.81640625
2463.9532601833344,2463.9532601833344,NoButton,Move,128.9921875,51.81640625
2463.9620661735535,2463.9620661735535,NoButton,Move,126.609375,51.81640625
2463.9698762893677,2463.9698762893677,NoButton,Move,123.6328125,51.81640625
2463.9808871746063,2463.9808871746063,NoButton,Move,120.65625,51.81640625
2463.9864161014557,2463.9864161014557,NoButton,Move,117.03125,51.81640625
2463.994256258011,2463.994256258011,NoButton,Move,113.40625,51.81640625
2464.0023663043976,2464.0023663043976,NoButton,Move,109.078125,51.81640625
2464.010815382004,2464.010815382004,NoButton,Move,105.453125,51.81640625
2464.0190031528473,2464.0190031528473,NoButton,Move,103.60546875,52.18359375
2464.027598142624,2464.027598142624,NoButton,Move,100.62890625,52.60546875
2464.0357439517975,2464.0357439517975,NoButton,Move,97.65234375,53.02734375
2464.043868303299,2464.043868303299,NoButton,Move,95.26953125,53.421875
2464.0520582199097,2464.0520582199097,NoButton,Move,93.421875,53.7890625
2464.060294151306,2464.060294151306,NoButton,Move,92.0546875,54.12890625
2464.0689373016357,2464.0689373016357,NoButton,Move,90.6875,54.46875
2464.076676130295,2464.076676130295,NoButton,Move,90.11328125,54.46875
2464.0848603248596,2464.0848603248596,NoButton,Move,89.5390625,54.75390625
2464.093146085739,2464.093146085739,NoButton,Move,89.27734375,54.75390625
2464.109614133835,2464.109614133835,NoButton,Move,89.03125,54.75390625
2466.009350299835,2466.009350299835,NoButton,Move,89.03125,55.21484375
2466.017680168152,2466.017680168152,NoButton,Move,89.03125,56.15234375
2466.0258910655975,2466.0258910655975,NoButton,Move,89.03125,57.08984375
2466.0337002277374,2466.0337002277374,NoButton,Move,89.03125,58.453125
2466.042065143585,2466.042065143585,NoButton,Move,88.6328125,60.83203125
2466.050051212311,2466.050051212311,NoButton,Move,87.890625,62.67578125
2466.0583901405334,2466.0583901405334,NoButton,Move,87.20703125,64.0390625
2466.0796043872833,2466.0796043872833,NoButton,Move,86.46484375,65.8828125
2466.0797991752625,2466.0797991752625,NoButton,Move,85.72265625,67.7265625
2466.082934141159,2466.082934141159,NoButton,Move,84.98046875,69.5703125
2466.090405225754,2466.090405225754,NoButton,Move,84.18359375,71.94921875
2466.0985651016235,2466.0985651016235,NoButton,Move,83.44140625,73.79296875
2466.106691122055,2466.106691122055,NoButton,Move,83.44140625,75.63671875
2466.114960193634,2466.114960193634,NoButton,Move,83.44140625,78.609375
2466.1234753131866,2466.1234753131866,NoButton,Move,83.44140625,80.453125
2466.131603240967,2466.131603240967,NoButton,Move,83.44140625,82.83203125
2466.1397931575775,2466.1397931575775,NoButton,Move,85.5625,85.37890625
2466.148277282715,2466.148277282715,NoButton,Move,88.73046875,87.640625
2466.156412124634,2466.156412124634,NoButton,Move,92.57421875,90.04296875
2466.164935350418,2466.164935350418,NoButton,Move,96.8984375,91.96484375
2466.1730880737305,2466.1730880737305,NoButton,Move,101.22265625,93.88671875
2466.181039094925,2466.181039094925,NoButton,Move,105.546875,95.80859375
2466.188657283783,2466.188657283783,NoButton,Move,107.92578125,96.203125
2466.196758031845,2466.196758031845,NoButton,Move,111.546875,97.55859375
2466.204792022705,2466.204792022705,NoButton,Move,114.51953125,97.98046875
2466.2134981155396,2466.2134981155396,NoButton,Move,116.8984375,98.7734375
2466.22181725502,2466.22181725502,NoButton,Move,118.7421875,99.140625
2466.229794025421,2466.229794025421,NoButton,Move,119.6796875,99.453125
2466.238288164139,2466.238288164139,NoButton,Move,120.6171875,99.453125
2466.2463784217834,2466.2463784217834,NoButton,Move,121.1875,99.453125
2466.254547357559,2466.254547357559,NoButton,Move,121.4453125,99.453125
2466.2628121376038,2466.2628121376038,NoButton,Move,121.703125,99.453125
2466.271391391754,2466.271391391754,NoButton,Move,121.9609375,99.453125
2466.287980079651,2466.287980079651,NoButton,Move,122.203125,99.453125
2466.3123960494995,2466.3123960494995,NoButton,Move,122.44140625,99.69140625
2466.3286740779877,2466.3286740779877,NoButton,Move,122.68359375,99.69140625
2466.33673119545,2466.33673119545,NoButton,Move,122.94140625,99.69140625
2466.3523812294006,2466.3523812294006,NoButton,Move,123.18359375,99.69140625
2466.4105882644653,2466.4105882644653,NoButton,Move,123.18359375,99.92578125
2466.435000181198,2466.435000181198,NoButton,Move,123.421875,99.92578125
2466.459793329239,2466.459793329239,NoButton,Move,123.66015625,99.92578125
2466.4845571517944,2466.4845571517944,Left,Pressed,123.66015625,99.92578125
2466.584182024002,2466.584182024002,Left,Released,123.66015625,99.92578125
2467.050942182541,2467.050942182541,NoButton,Move,124.84375,103.953125
2467.057592153549,2467.057592153549,NoButton,Move,128.203125,110.11328125
2467.0674653053284,2467.0674653053284,NoButton,Move,132.94140625,116.62890625
2467.0742540359497,2467.0742540359497,NoButton,Move,140.0703125,123.7578125
2467.0843760967255,2467.0843760967255,NoButton,Move,149.59375,133.28125
2467.0902001857758,2467.0902001857758,NoButton,Move,161.00390625,143.16796875
2467.100934267044,2467.100934267044,NoButton,Move,174.07421875,154.60546875
2467.1062982082367,2467.1062982082367,NoButton,Move,204.15234375,178.8984375
2467.1169102191925,2467.1169102191925,NoButton,Move,241.0078125,208.12890625
2467.122525215149,2467.122525215149,NoButton,Move,285.78125,239.33203125
2467.134220123291,2467.134220123291,NoButton,Move,337.7109375,275.390625
2467.13924241066,2467.13924241066,NoButton,Move,395.4921875,314.92578125
2467.150959253311,2467.150959253311,NoButton,Move,457.26953125,353.53515625
2467.1554181575775,2467.1554181575775,NoButton,Move,518.09375,390.02734375
2467.1671471595764,2467.1671471595764,NoButton,Move,577.921875,422.93359375
2467.171926021576,2467.171926021576,NoButton,Move,596.265625,432.5390625
2467.18381524086,2467.18381524086,NoButton,Move,607.53515625,438.171875
2467.1882753372192,2467.1882753372192,NoButton,Move,614.640625,441.72265625
2467.1966981887817,2467.1966981887817,NoButton,Move,620.00390625,444.40234375
2467.4177441596985,2467.4177441596985,NoButton,Move,621.6640625,444.40234375
2467.4256522655487,2467.4256522655487,NoButton,Move,625.28515625,444.40234375
2467.433856010437,2467.433856010437,NoButton,Move,630.3671875,444.40234375
2467.441941022873,2467.441941022873,NoButton,Move,636.265625,444.40234375
2467.450180053711,2467.450180053711,NoButton,Move,647.0859375,445.078125
2467.458088159561,2467.458088159561,NoButton,Move,668.7265625,445.9765625
2467.466395139694,2467.466395139694,NoButton,Move,677.41015625,445.9765625
2467.474654197693,2467.474654197693,NoButton,Move,694.56640625,445.9765625
2467.482672214508,2467.482672214508,NoButton,Move,710.34375,445.9765625
2467.4908530712128,2467.4908530712128,NoButton,Move,726.12109375,445.9765625
2467.499192237854,2467.499192237854,NoButton,Move,741.86328125,445.9765625
2467.5074512958527,2467.5074512958527,NoButton,Move,747.76171875,445.9765625
2467.515736103058,2467.515736103058,NoButton,Move,758.58203125,445.9765625
2467.5237743854523,2467.5237743854523,NoButton,Move,768.3046875,445.9765625
2467.5322601795197,2467.5322601795197,NoButton,Move,771.92578125,445.9765625
2467.5407831668854,2467.5407831668854,NoButton,Move,777.82421875,445.9765625
2467.5484371185303,2467.5484371185303,NoButton,Move,781.4453125,445.9765625
2467.7281651496887,2467.7281651496887,NoButton,Move,781.67578125,445.9765625
2467.7364852428436,2467.7364852428436,NoButton,Move,784.0546875,445.9765625
2467.7444591522217,2467.7444591522217,NoButton,Move,786.43359375,445.9765625
2467.7527883052826,2467.7527883052826,NoButton,Move,790.0546875,445.9765625
2467.7607662677765,2467.7607662677765,NoButton,Move,793.02734375,446.3984375
2467.7691152095795,2467.7691152095795,NoButton,Move,798.92578125,446.93359375
2467.777125120163,2467.777125120163,NoButton,Move,805.6953125,447.49609375
2467.7854731082916,2467.7854731082916,NoButton,Move,810.77734375,448.00390625
2467.7937371730804,2467.7937371730804,NoButton,Move,813.75,448.42578125
2467.8022332191467,2467.8022332191467,NoButton,Move,818.06640625,448.42578125
2467.8102872371674,2467.8102872371674,NoButton,Move,821.6875,448.42578125
2467.8185362815857,2467.8185362815857,NoButton,Move,824.66015625,448.42578125
2467.826639175415,2467.826639175415,NoButton,Move,827.0390625,448.42578125
2467.8351790905,2467.8351790905,NoButton,Move,828.8828125,448.42578125
2467.8430602550507,2467.8430602550507,NoButton,Move,829.8203125,448.109375
2467.8513703346252,2467.8513703346252,NoButton,Move,830.7578125,447.48046875
2467.859456062317,2467.859456062317,NoButton,Move,831.328125,447.19140625
2467.867695093155,2467.867695093155,NoButton,Move,831.8984375,446.90234375
2467.8758692741394,2467.8758692741394,NoButton,Move,832.15625,446.90234375
2467.8841190338135,2467.8841190338135,NoButton,Move,832.4140625,446.640625
2467.8921463489532,2467.8921463489532,NoButton,Move,832.671875,446.37890625
2467.900548219681,2467.900548219681,NoButton,Move,832.9296875,446.37890625
2467.9252190589905,2467.9252190589905,NoButton,Move,832.9296875,446.13671875
2467.9494552612305,2467.9494552612305,NoButton,Move,832.9296875,445.89453125
2468.017519235611,2468.017519235611,Left,Pressed,832.9296875,445.89453125
2468.1295082569122,2468.1295082569122,Left,Released,832.9296875,445.89453125
2468.3429601192474,2468.3429601192474,NoButton,Move,832.9296875,445.66015625
2468.351057291031,2468.351057291031,NoButton,Move,832.9296875,444.71875
2468.359095096588,2468.359095096588,NoButton,Move,832.9296875,444.45703125
2468.36714220047,2468.36714220047,NoButton,Move,832.9296875,443.8828125
2468.375645160675,2468.375645160675,NoButton,Move,832.9296875,442.94140625
2468.383655309677,2468.383655309677,NoButton,Move,832.9296875,442.3671875
2468.3916420936584,2468.3916420936584,NoButton,Move,832.9296875,442.10546875
2468.3998839855194,2468.3998839855194,NoButton,Move,832.9296875,441.1640625
2468.4080922603607,2468.4080922603607,NoButton,Move,832.9296875,440.90234375
2468.4162151813507,2468.4162151813507,NoButton,Move,833.21484375,440.328125
2468.424416065216,2468.424416065216,NoButton,Move,833.5,439.75390625
2468.4325761795044,2468.4325761795044,NoButton,Move,833.5,439.4921875
2468.440911054611,2468.440911054611,NoButton,Move,833.5,439.23046875
2468.4490921497345,2468.4490921497345,NoButton,Move,833.5,438.96875
2468.4570741653442,2468.4570741653442,NoButton,Move,833.7578125,438.70703125
2468.4735260009766,2468.4735260009766,NoButton,Move,833.7578125,438.4609375
2468.489921092987,2468.489921092987,NoButton,Move,833.7578125,438.21484375
2468.530780315399,2468.530780315399,NoButton,Move,833.7578125,437.9765625
2468.5554003715515,2468.5554003715515,NoButton,Move,833.7578125,437.734375
2468.5631222724915,2468.5631222724915,NoButton,Move,833.7578125,437.47265625
2468.5717072486877,2468.5717072486877,NoButton,Move,833.7578125,437.2109375
2468.588135242462,2468.588135242462,NoButton,Move,833.7578125,436.96484375
2468.6046862602234,2468.6046862602234,NoButton,Move,833.7578125,436.71875
2468.6209483146667,2468.6209483146667,NoButton,Move,833.7578125,436.47265625
2468.670542240143,2468.670542240143,NoButton,Move,833.7578125,436.234375
2468.703144311905,2468.703144311905,NoButton,Move,833.7578125,435.99609375
2468.7842502593994,2468.7842502593994,Left,Pressed,833.7578125,435.99609375
2468.867001056671,2468.867001056671,Left,Released,833.7578125,435.99609375
2469.660723209381,2469.660723209381,NoButton,Move,835.1484375,435.99609375
2469.6688282489777,2469.6688282489777,NoButton,Move,837.52734375,435.99609375
2469.677071094513,2469.677071094513,NoButton,Move,841.1484375,435.99609375
2469.685217142105,2469.685217142105,NoButton,Move,845.47265625,435.51171875
2469.6933550834656,2469.6933550834656,NoButton,Move,850.5546875,435.0
2469.7015402317047,2469.7015402317047,NoButton,Move,854.87890625,434.03515625
2469.7099392414093,2469.7099392414093,NoButton,Move,862.578125,432.84765625
2469.7182252407074,2469.7182252407074,NoButton,Move,870.27734375,431.66015625
2469.7262132167816,2469.7262132167816,NoButton,Move,877.046875,429.96484375
2469.735029220581,2469.735029220581,NoButton,Move,882.9453125,428.35546875
2469.7423231601715,2469.7423231601715,NoButton,Move,885.32421875,427.95703125
2469.7509291172028,2469.7509291172028,NoButton,Move,889.6484375,426.51171875
2469.7592492103577,2469.7592492103577,NoButton,Move,892.02734375,425.71484375
2469.767345190048,2469.767345190048,NoButton,Move,894.40625,424.91796875
2469.7755541801453,2469.7755541801453,NoButton,Move,895.34375,424.2890625
2469.78365111351,2469.78365111351,NoButton,Move,896.3671875,423.26171875
2469.791835308075,2469.791835308075,NoButton,Move,896.65234375,422.6875
2469.800019264221,2469.800019264221,NoButton,Move,896.96484375,421.74609375
2469.8083000183105,2469.8083000183105,NoButton,Move,896.96484375,419.8984375
2469.8164851665497,2469.8164851665497,NoButton,Move,896.96484375,418.05078125
2469.8245770931244,2469.8245770931244,NoButton,Move,896.96484375,414.42578125
2469.832777261734,2469.832777261734,NoButton,Move,895.35546875,408.5234375
2469.8404772281647,2469.8404772281647,NoButton,Move,892.53125,402.3125
2469.8486399650574,2469.8486399650574,NoButton,Move,891.171875,398.6875
2469.8570222854614,2469.8570222854614,NoButton,Move,887.6171875,391.578125
2469.8653140068054,2469.8653140068054,NoButton,Move,884.79296875,385.3671875
2469.8735342025757,2469.8735342025757,NoButton,Move,881.828125,378.2578125
2469.881751060486,2469.881751060486,NoButton,Move,878.86328125,371.1484375
2469.8898751735687,2469.8898751735687,NoButton,Move,876.0390625,364.9375
2469.8983023166656,2469.8983023166656,NoButton,Move,873.07421875,357.828125
2469.908889055252,2469.908889055252,NoButton,Move,871.0390625,352.7421875
2469.9149792194366,2469.9149792194366,NoButton,Move,870.2421875,350.359375
2469.9228270053864,2469.9228270053864,NoButton,Move,868.4296875,346.734375
2469.931101322174,2469.931101322174,NoButton,Move,866.6171875,343.109375
2469.9389152526855,2469.9389152526855,NoButton,Move,865.42578125,340.7265625
2469.9474561214447,2469.9474561214447,NoButton,Move,863.8359375,338.73828125
2469.9558141231537,2469.9558141231537,NoButton,Move,862.35546875,337.2578125
2469.9636192321777,2469.9636192321777,NoButton,Move,860.875,335.77734375
2469.972016096115,2469.972016096115,NoButton,Move,859.39453125,334.66796875
2469.9802751541138,2469.9802751541138,NoButton,Move,857.546875,333.55859375
2469.988554239273,2469.988554239273,NoButton,Move,856.06640625,332.44921875
2469.996654033661,2469.996654033661,NoButton,Move,854.69921875,331.765625
2470.0048220157623,2470.0048220157623,NoButton,Move,853.33203125,331.08203125
2470.0130653381348,2470.0130653381348,NoButton,Move,851.96484375,330.73828125
2470.021176099777,2470.021176099777,NoButton,Move,851.0234375,330.109375
2470.0293712615967,2470.0293712615967,NoButton,Move,850.44921875,329.8203125
2470.0371701717377,2470.0371701717377,NoButton,Move,849.5078125,329.50390625
2470.0460102558136,2470.0460102558136,NoButton,Move,849.24609375,329.2421875
2470.05419421196,2470.05419421196,NoButton,Move,848.671875,329.2421875
2470.0620951652527,2470.0620951652527,NoButton,Move,848.41015625,328.98046875
2470.0697631835938,2470.0697631835938,NoButton,Move,847.8359375,328.98046875
2470.0779192447662,2470.0779192447662,NoButton,Move,847.57421875,328.71875
2470.0944821834564,2470.0944821834564,NoButton,Move,847.328125,328.71875
2470.102971315384,2470.102971315384,NoButton,Move,847.06640625,328.71875
2470.1109702587128,2470.1109702587128,NoButton,Move,846.8046875,328.71875
2470.144014120102,2470.144014120102,NoButton,Move,846.56640625,328.71875
2470.1847202777863,2470.1847202777863,NoButton,Move,846.328125,328.71875
2470.3898072242737,2470.3898072242737,NoButton,Move,846.328125,328.484375
2470.3977901935577,2470.3977901935577,NoButton,Move,846.06640625,328.484375
2470.4223761558533,2470.4223761558533,NoButton,Move,845.82421875,328.484375
2470.4388511180878,2470.4388511180878,NoButton,Move,845.578125,328.484375
2470.446938276291,2470.446938276291,NoButton,Move,845.578125,328.22265625
2470.455049276352,2470.455049276352,NoButton,Move,845.31640625,328.22265625
2470.4631752967834,2470.4631752967834,NoButton,Move,845.0546875,328.22265625
2470.479483127594,2470.479483127594,NoButton,Move,844.80859375,327.9765625
2470.4880821704865,2470.4880821704865,NoButton,Move,844.546875,327.9765625
2470.5040493011475,2470.5040493011475,NoButton,Move,844.30078125,327.9765625
2470.5203063488007,2470.5203063488007,NoButton,Move,844.0546875,327.9765625
2470.528628349304,2470.528628349304,NoButton,Move,844.0546875,327.71484375
2470.5368313789368,2470.5368313789368,NoButton,Move,843.79296875,327.71484375
2470.5613753795624,2470.5613753795624,NoButton,Move,843.55078125,327.71484375
2470.8228871822357,2470.8228871822357,NoButton,Move,845.2109375,328.8984375
2470.830953359604,2470.830953359604,NoButton,Move,848.57421875,331.78125
2470.8391332626343,2470.8391332626343,NoButton,Move,853.1484375,334.83203125
2470.8473131656647,2470.8473131656647,NoButton,Move,858.7890625,338.78125
2470.855413198471,2470.855413198471,NoButton,Move,864.4296875,343.29296875
2470.863723039627,2470.863723039627,NoButton,Move,870.3515625,348.62109375
2470.871826171875,2470.871826171875,NoButton,Move,884.2421875,359.2421875
2470.880058288574,2470.880058288574,NoButton,Move,899.96484375,372.34375
2470.88822722435,2470.88822722435,NoButton,Move,917.09765625,385.8671875
2470.8964610099792,2470.8964610099792,NoButton,Move,936.26171875,402.15625
2470.9048001766205,2470.9048001766205,NoButton,Move,956.3828125,417.48828125
2470.9128980636597,2470.9128980636597,NoButton,Move,964.5,424.92578125
2470.9210443496704,2470.9210443496704,NoButton,Move,981.6328125,439.3515625
2470.929306268692,2470.929306268692,NoButton,Move,996.0,451.18359375
2470.9376990795135,2470.9376990795135,NoButton,Move,1001.078125,456.26171875
2470.946179151535,2470.946179151535,NoButton,Move,1011.33203125,465.05078125
2470.9542253017426,2470.9542253017426,NoButton,Move,1018.4609375,472.1796875
2470.9623789787292,2470.9623789787292,NoButton,Move,1020.16015625,474.7265625
2470.9706721305847,2470.9706721305847,NoButton,Move,1024.44921875,479.015625
2470.9787890911102,2470.9787890911102,NoButton,Move,1027.33203125,482.37890625
2470.9875972270966,2470.9875972270966,NoButton,Move,1028.91796875,484.36328125
2470.9954941272736,2470.9954941272736,NoButton,Move,1030.0234375,485.83984375
2471.003664255142,2471.003664255142,NoButton,Move,1030.59375,486.41015625
2471.0118491649628,2471.0118491649628,NoButton,Move,1030.87890625,486.98046875
2471.020191192627,2471.020191192627,NoButton,Move,1031.13671875,487.23828125
2471.0282311439514,2471.0282311439514,NoButton,Move,1031.39453125,487.49609375
2471.0677151679993,2471.0677151679993,Left,Pressed,1031.39453125,487.49609375
2471.1671311855316,2471.1671311855316,Left,Released,1031.39453125,487.49609375
2471.495058298111,2471.495058298111,NoButton,Move,1031.625,487.49609375
2471.503164291382,2471.503164291382,NoButton,Move,1033.46875,487.86328125
2471.5113463401794,2471.5113463401794,NoButton,Move,1036.015625,489.5625
2471.5194942951202,2471.5194942951202,NoButton,Move,1039.859375,491.96484375
2471.5276341438293,2471.5276341438293,NoButton,Move,1043.703125,494.3671875
2471.5359551906586,2471.5359551906586,NoButton,Move,1047.76953125,497.41796875
2471.5440742969513,2471.5440742969513,NoButton,Move,1053.41015625,501.3671875
2471.552164077759,2471.552164077759,NoButton,Move,1058.7734375,504.58203125
2471.56036233902,2471.56036233902,NoButton,Move,1064.4140625,508.53125
2471.568558216095,2471.568558216095,NoButton,Move,1070.9296875,512.67578125
2471.5770812034607,2471.5770812034607,NoButton,Move,1077.13671875,516.05859375
2471.5846061706543,2471.5846061706543,NoButton,Move,1083.34375,519.44140625
2471.5928361415863,2471.5928361415863,NoButton,Move,1089.55078125,522.82421875
2471.600941181183,2471.600941181183,NoButton,Move,1096.65625,525.78515625
2471.609236240387,2471.609236240387,NoButton,Move,1102.01953125,528.46484375
2471.617522239685,2471.617522239685,NoButton,Move,1104.3984375,529.65234375
2471.6256601810455,2471.6256601810455,NoButton,Move,1108.72265625,531.09375
2471.634041070938,2471.634041070938,NoButton,Move,1111.6953125,532.3671875
2471.642319202423,2471.642319202423,NoButton,Move,1116.01953125,532.84765625
2471.6502521038055,2471.6502521038055,NoButton,Move,1116.95703125,532.84765625
2471.65851521492,2471.65851521492,NoButton,Move,1117.52734375,532.84765625
2471.666686296463,2471.666686296463,NoButton,Move,1117.8671875,531.48046875
2471.6748712062836,2471.6748712062836,NoButton,Move,1117.8671875,526.39453125
2471.683116197586,2471.683116197586,NoButton,Move,1117.8671875,520.4921875
2471.6913652420044,2471.6913652420044,NoButton,Move,1115.921875,510.765625
2472.133930206299,2472.133930206299,NoButton,Move,1115.921875,510.99609375
2472.1418232917786,2472.1418232917786,NoButton,Move,1115.921875,512.83984375
2472.1745960712433,2472.1745960712433,NoButton,Move,1116.31640625,515.21875
2472.174729347229,2472.174729347229,NoButton,Move,1118.015625,517.765625
2472.174838066101,2472.174838066101,NoButton,Move,1120.13671875,520.3125
2472.17493724823,2472.17493724823,NoButton,Move,1122.8515625,523.02734375
2472.182197332382,2472.182197332382,NoButton,Move,1125.734375,526.390625
2472.1905720233917,2472.1905720233917,NoButton,Move,1129.29296875,530.45703125
2472.1987640857697,2472.1987640857697,NoButton,Move,1135.7734375,538.234375
2472.206894159317,2472.206894159317,NoButton,Move,1143.2109375,546.3515625
2472.2152392864227,2472.2152392864227,NoButton,Move,1147.72265625,551.4296875
2472.2233781814575,2472.2233781814575,NoButton,Move,1153.92578125,558.25390625
2472.231555223465,2472.231555223465,NoButton,Move,1159.5078125,565.078125
2472.2400131225586,2472.2400131225586,NoButton,Move,1164.24609375,571.59375
2472.2482402324677,2472.2482402324677,NoButton,Move,1165.9453125,574.140625
2472.2563672065735,2472.2563672065735,NoButton,Move,1171.77734375,582.56640625
2472.264654159546,2472.264654159546,NoButton,Move,1172.8828125,584.41015625
2472.2726933956146,2472.2726933956146,NoButton,Move,1174.69140625,587.578125
2472.2802612781525,2472.2802612781525,NoButton,Move,1176.5,590.74609375
2472.288598060608,2472.288598060608,NoButton,Move,1177.29296875,593.125
2472.2968351840973,2472.2968351840973,NoButton,Move,1178.03125,594.96875
2472.305109977722,2472.305109977722,NoButton,Move,1178.76953125,596.8125
2472.313264131546,2472.313264131546,NoButton,Move,1179.109375,598.17578125
2472.321655035019,2472.321655035019,NoButton,Move,1179.421875,599.11328125
2472.329882144928,2472.329882144928,NoButton,Move,1179.70703125,599.68359375
2472.3383791446686,2472.3383791446686,NoButton,Move,1179.9921875,600.25390625
2472.3465101718903,2472.3465101718903,NoButton,Move,1180.25,600.51171875
2472.354742050171,2472.354742050171,NoButton,Move,1180.25,600.76953125
2472.362962245941,2472.362962245941,NoButton,Move,1180.25,601.02734375
2472.3843851089478,2472.3843851089478,Left,Pressed,1180.25,601.02734375
2472.5172102451324,2472.5172102451324,NoButton,Move,1179.33984375,601.02734375
2472.533795118332,2472.533795118332,NoButton,Move,1174.26953125,601.02734375
2472.5505242347717,2472.5505242347717,NoButton,Move,1147.43359375,598.984375
2472.567075252533,2472.567075252533,NoButton,Move,1087.82421875,585.375
2472.583754301071,2472.583754301071,NoButton,Move,1004.4453125,551.375
2472.608110189438,2472.608110189438,NoButton,Move,930.30078125,515.6171875
2472.616938352585,2472.616938352585,NoButton,Move,883.7734375,494.234375
2472.6336481571198,2472.6336481571198,NoButton,Move,855.4765625,481.82421875
2472.650271177292,2472.650271177292,NoButton,Move,841.07421875,475.3125
2472.6669461727142,2472.6669461727142,NoButton,Move,833.1953125,471.92578125
2472.6836919784546,2472.6836919784546,NoButton,Move,829.2734375,470.25
2472.700339317322,2472.700339317322,NoButton,Move,827.91015625,469.6796875
2472.8007621765137,2472.8007621765137,NoButton,Move,827.39453125,469.69140625
2472.834177017212,2472.834177017212,NoButton,Move,827.10546875,470.11328125
2472.8515701293945,2472.8515701293945,NoButton,Move,826.87890625,470.5859375
2472.8521661758423,2472.8521661758423,Left,Released,826.87890625,470.5859375
2472.8526661396027,2472.8526661396027,NoButton,Move,826.87890625,470.83203125
2473.3703050613403,2473.3703050613403,NoButton,Move,826.87890625,470.59765625
2473.3782081604004,2473.3782081604004,NoButton,Move,826.87890625,469.23046875
2473.3863542079926,2473.3863542079926,NoButton,Move,826.87890625,466.84765625
2473.394607067108,2473.394607067108,NoButton,Move,826.87890625,464.46484375
2473.4026963710785,2473.4026963710785,NoButton,Move,826.42578125,460.83984375
2473.4108471870422,2473.4108471870422,NoButton,Move,825.83203125,453.13671875
2473.4191541671753,2473.4191541671753,NoButton,Move,824.703125,446.36328125
2473.4274542331696,2473.4274542331696,NoButton,Move,822.83984375,437.67578125
2473.435056209564,2473.435056209564,NoButton,Move,820.1328125,426.8515625
2473.443024158478,2473.443024158478,NoButton,Move,817.93359375,413.66015625
2473.4514710903168,2473.4514710903168,NoButton,Move,814.77734375,397.87890625
2473.459491252899,2473.459491252899,NoButton,Move,810.6015625,367.62109375
2473.467709302902,2473.467709302902,NoButton,Move,809.3046875,357.89453125
2473.4761831760406,2473.4761831760406,NoButton,Move,806.68359375,337.80078125
2473.484360218048,2473.484360218048,NoButton,Move,804.9921875,319.203125
2473.492495059967,2473.492495059967,NoButton,Move,804.171875,302.04296875
2473.5009200572968,2473.5009200572968,NoButton,Move,804.171875,295.26953125
2473.509078025818,2473.509078025818,NoButton,Move,804.171875,283.2890625
2473.51731133461,2473.51731133461,NoButton,Move,804.171875,273.5625
2473.5253381729126,2473.5253381729126,NoButton,Move,804.171875,265.859375
2473.5336441993713,2473.5336441993713,NoButton,Move,804.171875,259.0859375
2473.8041291236877,2473.8041291236877,NoButton,Move,804.6328125,259.0859375
2473.812200307846,2473.812200307846,NoButton,Move,807.01171875,259.0859375
2473.820349216461,2473.820349216461,NoButton,Move,810.6328125,259.0859375
2473.828539133072,2473.828539133072,NoButton,Move,814.25390625,259.0859375
2473.837016105652,2473.837016105652,NoButton,Move,818.578125,259.0859375
2473.8449573516846,2473.8449573516846,NoButton,Move,827.26171875,259.0859375
2473.8530671596527,2473.8530671596527,NoButton,Move,838.08203125,258.40625
2473.861215353012,2473.861215353012,NoButton,Move,859.72265625,254.796875
2473.869555234909,2473.869555234909,NoButton,Move,876.86328125,251.53125
2473.877804040909,2473.877804040909,NoButton,Move,896.953125,248.03515625
2473.8858873844147,2473.8858873844147,NoButton,Move,921.8671875,243.2421875
2473.8939402103424,2473.8939402103424,NoButton,Move,950.28515625,239.1796875
2473.9022929668427,2473.9022929668427,NoButton,Move,980.5390625,233.9609375
2473.9114422798157,2473.9114422798157,NoButton,Move,1012.6875,230.7421875
2473.9182682037354,2473.9182682037354,NoButton,Move,1046.7890625,227.44140625
2473.9264261722565,2473.9264261722565,NoButton,Move,1080.890625,225.23828125
2473.960871219635,2473.960871219635,NoButton,Move,1113.0390625,224.1640625
2473.961001396179,2473.961001396179,NoButton,Move,1143.29296875,224.1640625
2473.961102247238,2473.961102247238,NoButton,Move,1156.48046875,224.1640625
2473.961275100708,2473.961275100708,NoButton,Move,1178.12109375,224.1640625
2473.96706199646,2473.96706199646,NoButton,Move,1196.71484375,225.0078125
2473.9755902290344,2473.9755902290344,NoButton,Move,1202.61328125,226.078125
2473.9836921691895,2473.9836921691895,NoButton,Move,1206.9375,227.51953125
2474.12344121933,2474.12344121933,NoButton,Move,1207.640625,227.28125
2474.1315252780914,2474.1315252780914,NoButton,Move,1213.84765625,223.89453125
2474.1396510601044,2474.1396510601044,NoButton,Move,1220.953125,220.33984375
2474.1477732658386,2474.1477732658386,NoButton,Move,1229.015625,215.99609375
2474.155863046646,2474.155863046646,NoButton,Move,1238.484375,210.58203125
2474.1640541553497,2474.1640541553497,NoButton,Move,1247.953125,205.16796875
2474.172693967819,2474.172693967819,NoButton,Move,1266.88671875,194.34375
2474.1804583072662,2474.1804583072662,NoButton,Move,1276.35546875,188.9296875
2474.1891782283783,2474.1891782283783,NoButton,Move,1295.2890625,178.10546875
2474.1972222328186,2474.1972222328186,NoButton,Move,1311.34765625,167.9609375
2474.2053260803223,2474.2053260803223,NoButton,Move,1326.87109375,158.97265625
2474.2133753299713,2474.2133753299713,NoButton,Move,1332.234375,155.75390625
2474.221414089203,2474.221414089203,NoButton,Move,1342.80078125,149.41015625
2474.2297620773315,2474.2297620773315,NoButton,Move,1350.5703125,143.578125
2474.238030195236,2474.238030195236,NoButton,Move,1353.1171875,141.875
2474.246047258377,2474.246047258377,NoButton,Move,1358.48046875,138.65625
2474.2649693489075,2474.2649693489075,NoButton,Move,1361.84375,135.76953125
2474.265100002289,2474.265100002289,NoButton,Move,1364.390625,134.06640625
2474.270044326782,2474.270044326782,NoButton,Move,1365.4140625,133.0390625
2474.2783143520355,2474.2783143520355,NoButton,Move,1366.3515625,132.41015625
2474.2864582538605,2474.2864582538605,NoButton,Move,1366.921875,131.8359375
2474.2947602272034,2474.2947602272034,NoButton,Move,1367.1796875,131.57421875
2474.3030581474304,2474.3030581474304,NoButton,Move,1367.4375,131.57421875
2474.3112552165985,2474.3112552165985,NoButton,Move,1367.4375,131.3125
2474.319645166397,2474.319645166397,NoButton,Move,1367.4375,131.05078125
2474.3277781009674,2474.3277781009674,NoButton,Move,1367.4375,130.7890625
2474.3359999656677,2474.3359999656677,NoButton,Move,1367.4375,130.52734375
2474.344254255295,2474.344254255295,NoButton,Move,1367.4375,130.265625
2474.3528261184692,2474.3528261184692,NoButton,Move,1367.17578125,130.00390625
2474.360562324524,2474.360562324524,NoButton,Move,1366.6015625,129.71484375
2474.3688383102417,2474.3688383102417,NoButton,Move,1366.02734375,129.42578125
2474.376575946808,2474.376575946808,NoButton,Move,1365.73828125,128.8515625
2474.3847103118896,2474.3847103118896,NoButton,Move,1365.1640625,128.5625
2474.3928360939026,2474.3928360939026,NoButton,Move,1364.58984375,127.98828125
2474.401237010956,2474.401237010956,NoButton,Move,1364.30078125,127.4140625
2474.4094030857086,2474.4094030857086,NoButton,Move,1363.984375,126.47265625
2474.417559146881,2474.417559146881,NoButton,Move,1363.66796875,125.53125
2474.4258511066437,2474.4258511066437,NoButton,Move,1363.66796875,124.58984375
2474.4340431690216,2474.4340431690216,NoButton,Move,1363.66796875,123.6484375
2474.4423999786377,2474.4423999786377,NoButton,Move,1363.66796875,122.70703125
2474.4505620002747,2474.4505620002747,NoButton,Move,1363.66796875,121.765625
2474.4588673114777,2474.4588673114777,NoButton,Move,1363.66796875,120.82421875
2474.4670703411102,2474.4670703411102,NoButton,Move,1363.66796875,120.25
2474.4752283096313,2474.4752283096313,NoButton,Move,1363.953125,119.67578125
2474.5007581710815,2474.5007581710815,Left,Pressed,1363.953125,119.67578125
2474.5168471336365,2474.5168471336365,NoButton,Move,1364.0859375,119.40625
2474.5669932365417,2474.5669932365417,Left,Released,1364.0859375,119.40625
2475.5980322360992,2475.5980322360992,NoButton,Move,1364.0859375,119.8671875
2475.6050531864166,2475.6050531864166,NoButton,Move,1364.0859375,121.23046875
2475.613177061081,2475.613177061081,NoButton,Move,1363.6875,123.609375
2475.6215171813965,2475.6215171813965,NoButton,Move,1362.49609375,125.984375
2475.6297862529755,2475.6297862529755,NoButton,Move,1359.671875,132.19140625
2475.6378412246704,2475.6378412246704,NoButton,Move,1356.70703125,139.296875
2475.6461460590363,2475.6461460590363,NoButton,Move,1352.16796875,148.37109375
2475.6541182994843,2475.6541182994843,NoButton,Move,1343.4296875,166.71484375
2475.662299156189,2475.662299156189,NoButton,Move,1336.890625,183.0546875
2475.682872056961,2475.682872056961,NoButton,Move,1328.4375,199.95703125
2475.6831040382385,2475.6831040382385,NoButton,Move,1318.515625,219.79296875
2475.6868653297424,2475.6868653297424,NoButton,Move,1308.03125,242.6640625
2475.6947309970856,2475.6947309970856,NoButton,Move,1295.5703125,264.703125
2475.7029230594635,2475.7029230594635,NoButton,Move,1284.40625,286.08984375
2475.711187362671,2475.711187362671,NoButton,Move,1271.9453125,308.12890625
2475.7195303440094,2475.7195303440094,NoButton,Move,1264.8984375,317.9921875
2475.7279653549194,2475.7279653549194,NoButton,Move,1253.5390625,335.4609375
2475.7363052368164,2475.7363052368164,NoButton,Move,1241.30859375,352.0546875
2475.74454331398,2475.74454331398,NoButton,Move,1228.203125,367.77734375
2475.752524137497,2475.752524137497,NoButton,Move,1217.9453125,380.3984375
2475.760686159134,2475.760686159134,NoButton,Move,1213.4296875,385.4765625
2475.76868224144,2475.76868224144,NoButton,Move,1204.97265625,394.6328125
2475.777027130127,2475.777027130127,NoButton,Move,1197.19140625,401.11328125
2475.7851712703705,2475.7851712703705,NoButton,Move,1191.546875,405.625
2475.7934510707855,2475.7934510707855,NoButton,Move,1186.1796875,408.83984375
2475.8016633987427,2475.8016633987427,NoButton,Move,1184.33203125,409.578125
2475.9242012500763,2475.9242012500763,NoButton,Move,1177.55859375,411.83203125
2475.924257993698,2475.924257993698,NoButton,Move,1170.78515625,412.39453125
2476.0795640945435,2476.0795640945435,NoButton,Move,1170.78515625,413.80859375
2476.0875341892242,2476.0875341892242,NoButton,Move,1169.87890625,417.4296875
2476.0962233543396,2476.0962233543396,NoButton,Move,1166.12890625,422.24609375
2476.1042881011963,2476.1042881011963,NoButton,Move,1155.87109375,431.03515625
2476.112683057785,2476.112683057785,NoButton,Move,1144.1484375,438.359375
2476.120718240738,2476.120718240738,NoButton,Move,1127.2421875,447.65625
2476.1291613578796,2476.1291613578796,NoButton,Move,1089.3046875,463.06640625
2476.137115240097,2476.137115240097,NoButton,Move,1055.19921875,470.765625
2476.1474521160126,2476.1474521160126,NoButton,Move,1012.7109375,478.046875
2476.153839111328,2476.153839111328,NoButton,Move,967.98046875,480.53125
2476.161614179611,2476.161614179611,NoButton,Move,944.7265625,480.53125
2476.16965341568,2476.16965341568,NoButton,Move,866.8515625,480.53125
2476.178096294403,2476.178096294403,NoButton,Move,819.82421875,479.2578125
2476.1864743232727,2476.1864743232727,NoButton,Move,799.73046875,474.88671875
2476.194761276245,2476.194761276245,NoButton,Move,761.546875,466.78515625
2476.2029101848602,2476.2029101848602,NoButton,Move,728.54296875,457.984375
2476.2109072208405,2476.2109072208405,NoButton,Move,716.0859375,452.85546875
2476.219211101532,2476.219211101532,NoButton,Move,693.0859375,443.26953125
2476.2275199890137,2476.2275199890137,NoButton,Move,674.73828125,433.66015625
2476.2355403900146,2476.2355403900146,NoButton,Move,669.09375,429.14453125
2476.2438011169434,2476.2438011169434,NoButton,Move,656.91796875,420.7734375
2476.2517182826996,2476.2517182826996,NoButton,Move,648.796875,412.65234375
2476.4895281791687,2476.4895281791687,NoButton,Move,642.42578125,411.6328125
2476.4975831508636,2476.4975831508636,NoButton,Move,632.74609375,408.40625
2476.505671262741,2476.505671262741,NoButton,Move,624.05859375,405.30078125
2476.513699054718,2476.513699054718,NoButton,Move,615.37109375,402.1953125
2476.5221021175385,2476.5221021175385,NoButton,Move,607.3046875,398.47265625
2476.5303082466125,2476.5303082466125,NoButton,Move,600.1953125,394.91796875
2476.5378522872925,2476.5378522872925,NoButton,Move,593.984375,392.09375
2476.5462551116943,2476.5462551116943,NoButton,Move,588.6171875,389.41015625
2476.5542089939117,2476.5542089939117,NoButton,Move,584.2890625,387.484375
2476.562404155731,2476.562404155731,NoButton,Move,580.6640625,386.125
2476.5708379745483,2476.5708379745483,NoButton,Move,577.6875,384.84765625
2476.5791761875153,2476.5791761875153,NoButton,Move,572.6015625,382.8125
2476.5874240398407,2476.5874240398407,NoButton,Move,568.9765625,381.0
2476.595566034317,2476.595566034317,NoButton,Move,567.12890625,379.890625
2476.6042773723602,2476.6042773723602,NoButton,Move,565.76171875,379.20703125
2476.6121921539307,2476.6121921539307,NoButton,Move,564.8203125,378.890625
2476.6341831684113,2476.6341831684113,Left,Pressed,564.8203125,378.890625
2476.652915239334,2476.652915239334,NoButton,Move,564.55078125,378.75390625
2476.720500230789,2476.720500230789,Left,Released,564.55078125,378.75390625
2485.269983291626,2485.269983291626,NoButton,Move,565.0078125,378.75390625
2485.278081178665,2485.278081178665,NoButton,Move,567.38671875,379.94140625
2485.2862200737,2485.2862200737,NoButton,Move,570.5546875,381.75
2485.2944750785828,2485.2944750785828,NoButton,Move,573.72265625,383.55859375
2485.3025453090668,2485.3025453090668,NoButton,Move,576.890625,385.3671875
2485.310737133026,2485.310737133026,NoButton,Move,580.05859375,387.62890625
2485.318852186203,2485.318852186203,NoButton,Move,586.57421875,391.7734375
2485.327248096466,2485.327248096466,NoButton,Move,596.4375,398.81640625
2485.3383831977844,2485.3383831977844,NoButton,Move,600.28125,401.21875
2485.344134092331,2485.344134092331,NoButton,Move,607.3359375,405.33203125
2485.351683139801,2485.351683139801,NoButton,Move,618.32421875,413.390625
2485.3599631786346,2485.3599631786346,NoButton,Move,625.765625,418.3515625
2485.3689363002777,2485.3689363002777,NoButton,Move,634.19140625,424.18359375
2485.37654709816,2485.37654709816,NoButton,Move,642.6171875,430.015625
2485.389782190323,2485.389782190323,NoButton,Move,652.48046875,437.05859375
2485.3923304080963,2485.3923304080963,NoButton,Move,662.34375,444.80859375
2485.401269197464,2485.401269197464,NoButton,Move,674.859375,454.1953125
2485.4091670513153,2485.4091670513153,NoButton,Move,687.03125,462.5625
2485.417239189148,2485.417239189148,NoButton,Move,700.44140625,472.02734375
2485.4254291057587,2485.4254291057587,NoButton,Move,713.8515625,481.4921875
2485.4339470863342,2485.4339470863342,NoButton,Move,726.47265625,490.95703125
2485.4418091773987,2485.4418091773987,NoButton,Move,739.8828125,499.6328125
2485.45011138916,2485.45011138916,NoButton,Move,745.24609375,502.3125
2485.4583790302277,2485.4583790302277,NoButton,Move,754.71484375,508.3984375
2485.4664611816406,2485.4664611816406,NoButton,Move,757.26171875,510.09765625
2485.981508255005,2485.981508255005,NoButton,Move,758.421875,510.09765625
2485.989750146866,2485.989750146866,NoButton,Move,760.796875,510.09765625
2485.997920036316,2485.997920036316,NoButton,Move,765.87890625,511.62109375
2486.006138086319,2486.006138086319,NoButton,Move,771.77734375,513.765625
2486.0143563747406,2486.0143563747406,NoButton,Move,779.4765625,516.1328125
2486.022445201874,2486.022445201874,NoButton,Move,789.19921875,518.72265625
2486.030586242676,2486.030586242676,NoButton,Move,798.921875,521.3125
2486.0388221740723,2486.0388221740723,NoButton,Move,810.8984375,524.83203125
2486.0469682216644,2486.0469682216644,NoButton,Move,824.0859375,527.76171875
2486.05521607399,2486.05521607399,NoButton,Move,836.0625,531.28125
2486.0638761520386,2486.0638761520386,NoButton,Move,849.25,534.2109375
2486.0715770721436,2486.0715770721436,NoButton,Move,863.703125,538.01171875
2486.079679965973,2486.079679965973,NoButton,Move,875.6796875,541.53125
2486.0879712104797,2486.0879712104797,NoButton,Move,887.65625,544.34765625
2486.0964941978455,2486.0964941978455,NoButton,Move,899.6328125,547.8671875
2486.104726076126,2486.104726076126,NoButton,Move,910.453125,551.24609375
2486.112760066986,2486.112760066986,NoButton,Move,914.77734375,553.16796875
2486.120829343796,2486.120829343796,NoButton,Move,923.8515625,557.0546875
2486.129562139511,2486.129562139511,NoButton,Move,931.9140625,560.7734375
2486.1375772953033,2486.1375772953033,NoButton,Move,938.12109375,564.15625
2486.145814180374,2486.145814180374,NoButton,Move,944.328125,566.9765625
2486.153916120529,2486.153916120529,NoButton,Move,948.90234375,569.515625
2486.16238117218,2486.16238117218,NoButton,Move,953.4765625,572.56640625
2486.1703672409058,2486.1703672409058,NoButton,Move,957.3203125,574.96875
2486.178861141205,2486.178861141205,NoButton,Move,958.34375,575.9921875
2486.518128156662,2486.518128156662,Left,Pressed,958.34375,575.9921875
2486.6171231269836,2486.6171231269836,Left,Released,958.34375,575.9921875
2488.062472343445,2488.062472343445,NoButton,Move,959.03515625,575.9921875
2488.070623397827,2488.070623397827,NoButton,Move,960.87890625,575.9921875
2488.0784182548523,2488.0784182548523,NoButton,Move,962.72265625,575.9921875
2488.086595058441,2488.086595058441,NoButton,Move,965.1015625,575.9921875
2488.0951161384583,2488.0951161384583,NoButton,Move,968.72265625,575.9921875
2488.1033642292023,2488.1033642292023,NoButton,Move,976.421875,575.3984375
2488.1114270687103,2488.1114270687103,NoButton,Move,984.12109375,574.2109375
2488.1196043491364,2488.1196043491364,NoButton,Move,992.8046875,571.7265625
2488.127601146698,2488.127601146698,NoButton,Move,1012.01953125,565.609375
2488.1359531879425,2488.1359531879425,NoButton,Move,1029.17578125,560.703125
2488.1439909934998,2488.1439909934998,NoButton,Move,1051.49609375,553.26171875
2488.1523282527924,2488.1523282527924,NoButton,Move,1099.578125,540.265625
2488.1602351665497,2488.1602351665497,NoButton,Move,1119.66796875,535.89453125
2488.1688120365143,2488.1688120365143,NoButton,Move,1184.3359375,522.6640625
2488.176560163498,2488.176560163498,NoButton,Move,1236.1328125,516.01953125
2488.184958219528,2488.184958219528,NoButton,Move,1292.93359375,511.86328125
2488.1929302215576,2488.1929302215576,NoButton,Move,1352.32421875,510.44921875
2488.2011682987213,2488.2011682987213,NoButton,Move,1411.71484375,510.44921875
2488.209674358368,2488.209674358368,NoButton,Move,1439.98046875,510.44921875
2488.217660188675,2488.217660188675,NoButton,Move,1439.98046875,510.44921875
2488.2256712913513,2488.2256712913513,NoButton,Move,1439.98046875,510.44921875
2488.2338061332703,2488.2338061332703,NoButton,Move,1439.98046875,514.08984375
2488.5863790512085,2488.5863790512085,NoButton,Move,1439.74609375,514.08984375
2488.5943133831024,2488.5943133831024,NoButton,Move,1438.37890625,514.08984375
2488.602442264557,2488.602442264557,NoButton,Move,1437.3515625,515.11328125
2488.610600233078,2488.610600233078,NoButton,Move,1435.87109375,516.21875
2488.61887717247,2488.61887717247,NoButton,Move,1434.390625,517.6953125
2488.6269953250885,2488.6269953250885,NoButton,Move,1432.91015625,519.171875
2488.635192155838,2488.635192155838,NoButton,Move,1430.359375,521.29296875
2488.643585205078,2488.643585205078,NoButton,Move,1427.47265625,524.65625
2488.6518321037292,2488.6518321037292,NoButton,Move,1423.91015625,528.72265625
2488.6595561504364,2488.6595561504364,NoButton,Move,1420.85546875,532.7890625
2488.668050289154,2488.668050289154,NoButton,Move,1416.33984375,537.8671875
2488.6762681007385,2488.6762681007385,NoButton,Move,1412.38671875,543.5078125
2488.6846430301666,2488.6846430301666,NoButton,Move,1407.87109375,548.5859375
2488.6925761699677,2488.6925761699677,NoButton,Move,1403.3671875,554.2109375
2488.7006602287292,2488.7006602287292,NoButton,Move,1398.625,560.7265625
2488.7088770866394,2488.7088770866394,NoButton,Move,1394.671875,566.3671875
2488.7165973186493,2488.7165973186493,NoButton,Move,1389.9296875,572.8828125
2488.7246363162994,2488.7246363162994,NoButton,Move,1385.9765625,578.5234375
2488.732795238495,2488.732795238495,NoButton,Move,1382.21875,583.34765625
2488.741026163101,2488.741026163101,NoButton,Move,1378.265625,588.98828125
2488.7494752407074,2488.7494752407074,NoButton,Move,1374.5078125,593.8125
2488.7575051784515,2488.7575051784515,NoButton,Move,1371.453125,598.38671875
2488.7662131786346,2488.7662131786346,NoButton,Move,1367.5,604.02734375
2488.7740490436554,2488.7740490436554,NoButton,Move,1362.984375,609.10546875
2488.7822053432465,2488.7822053432465,NoButton,Move,1358.9140625,612.6640625
2490.6496193408966,2490.6496193408966,NoButton,Move,1358.6796875,612.6640625
2490.657606124878,2490.657606124878,NoButton,Move,1357.3125,612.6640625
2490.6668343544006,2490.6668343544006,NoButton,Move,1355.46484375,613.76953125
2490.6733071804047,2490.6733071804047,NoButton,Move,1351.39453125,617.328125
2490.681620359421,2490.681620359421,NoButton,Move,1346.56640625,621.08203125
2490.6898431777954,2490.6898431777954,NoButton,Move,1340.921875,625.59375
2490.698028087616,2490.698028087616,NoButton,Move,1334.09375,631.796875
2490.706255197525,2490.706255197525,NoButton,Move,1325.296875,638.55859375
2490.7145652770996,2490.7145652770996,NoButton,Move,1316.13671875,646.30859375
2490.722594022751,2490.722594022751,NoButton,Move,1306.9765625,654.05859375
2490.731071949005,2490.731071949005,NoButton,Move,1301.89453125,658.5703125
2499.680490255356,2499.680490255356,NoButton,Move,1301.89453125,656.4921875
2499.6880712509155,2499.6880712509155,NoButton,Move,1301.89453125,652.8671875
2499.6962761878967,2499.6962761878967,NoButton,Move,1301.89453125,649.2421875
2499.7045533657074,2499.7045533657074,NoButton,Move,1301.89453125,645.6171875
2499.712720155716,2499.712720155716,NoButton,Move,1301.89453125,640.53125
2499.7209804058075,2499.7209804058075,NoButton,Move,1302.5390625,630.8046875
2499.72913312912,2499.72913312912,NoButton,Move,1303.12890625,623.1015625
2499.737706422806,2499.737706422806,NoButton,Move,1303.12890625,618.015625
2499.7457451820374,2499.7457451820374,NoButton,Move,1303.859375,604.82421875
2499.753962278366,2499.753962278366,NoButton,Move,1304.50390625,595.09765625
2499.762114048004,2499.762114048004,NoButton,Move,1304.50390625,573.453125
2499.770971298218,2499.770971298218,NoButton,Move,1304.50390625,565.75
2499.7785012722015,2499.7785012722015,NoButton,Move,1305.26171875,551.29296875
2499.786523103714,2499.786523103714,NoButton,Move,1305.26171875,538.1015625
2499.794646024704,2499.794646024704,NoButton,Move,1306.046875,522.3203125
2499.803045272827,2499.803045272827,NoButton,Move,1306.046875,509.12890625
2499.8110630512238,2499.8110630512238,NoButton,Move,1306.046875,502.35546875
2499.8194653987885,2499.8194653987885,NoButton,Move,1306.046875,490.375
2499.8276641368866,2499.8276641368866,NoButton,Move,1306.046875,471.77734375
2499.8357870578766,2499.8357870578766,NoButton,Move,1306.046875,467.44921875
2499.843968153,2499.843968153,NoButton,Move,1306.046875,458.76171875
2499.8522312641144,2499.8522312641144,NoButton,Move,1306.046875,452.859375
2499.8603513240814,2499.8603513240814,NoButton,Move,1306.046875,449.8828125
2499.868583202362,2499.868583202362,NoButton,Move,1306.52734375,445.5546875
2499.8765020370483,2499.8765020370483,NoButton,Move,1306.52734375,441.9296875
2499.88486123085,2499.88486123085,NoButton,Move,1306.52734375,438.953125
2499.8931560516357,2499.8931560516357,NoButton,Move,1306.52734375,436.5703125
2499.901917219162,2499.901917219162,NoButton,Move,1306.52734375,434.72265625
2499.9114022254944,2499.9114022254944,NoButton,Move,1306.52734375,433.35546875
2499.9176530838013,2499.9176530838013,NoButton,Move,1306.83984375,432.4140625
2499.925572156906,2499.925572156906,NoButton,Move,1306.83984375,431.83984375
2499.934202194214,2499.934202194214,NoButton,Move,1306.83984375,431.578125
2499.9423151016235,2499.9423151016235,NoButton,Move,1306.83984375,431.00390625
2499.9503841400146,2499.9503841400146,NoButton,Move,1306.83984375,430.7421875
2499.9669241905212,2499.9669241905212,NoButton,Move,1306.83984375,430.49609375
2499.974991083145,2499.974991083145,NoButton,Move,1306.83984375,429.5546875
2499.983239173889,2499.983239173889,NoButton,Move,1306.83984375,428.61328125
2499.9913082122803,2499.9913082122803,NoButton,Move,1306.83984375,426.765625
2499.99955034256,2499.99955034256,NoButton,Move,1306.83984375,424.91796875
2500.00773024559,2500.00773024559,NoButton,Move,1306.83984375,421.94140625
2500.015891313553,2500.015891313553,NoButton,Move,1306.83984375,418.31640625
2500.0240771770477,2500.0240771770477,NoButton,Move,1306.83984375,416.46875
2500.032257080078,2500.032257080078,NoButton,Move,1306.83984375,413.4921875
2500.0403740406036,2500.0403740406036,NoButton,Move,1306.83984375,410.515625
2500.048638343811,2500.048638343811,NoButton,Move,1306.83984375,408.1328125
2500.056802034378,2500.056802034378,NoButton,Move,1306.83984375,405.75
2500.067117214203,2500.067117214203,NoButton,Move,1306.83984375,404.3828125
2500.073228120804,2500.073228120804,NoButton,Move,1306.83984375,403.015625
2500.0815222263336,2500.0815222263336,NoButton,Move,1306.83984375,401.6484375
2500.0897710323334,2500.0897710323334,NoButton,Move,1307.125,401.07421875
2500.0986132621765,2500.0986132621765,NoButton,Move,1307.125,400.5
2500.105656147003,2500.105656147003,NoButton,Move,1307.125,400.23828125
2500.1141471862793,2500.1141471862793,NoButton,Move,1307.125,399.9765625
2500.1304042339325,2500.1304042339325,NoButton,Move,1307.125,399.73046875
2500.168214082718,2500.168214082718,Left,Pressed,1307.125,399.73046875
2500.2841141223907,2500.2841141223907,Left,Released,1307.125,399.73046875
2501.2361421585083,2501.2361421585083,NoButton,Move,1307.125,399.9609375
2501.243921279907,2501.243921279907,NoButton,Move,1305.53515625,401.9453125
2501.252942085266,2501.252942085266,NoButton,Move,1301.5078125,405.46484375
2501.2604241371155,2501.2604241371155,NoButton,Move,1287.3046875,413.3515625
2501.2745220661163,2501.2745220661163,NoButton,Move,1259.1328125,426.9140625
2501.276512145996,2501.276512145996,NoButton,Move,1224.1484375,438.19921875
2501.2850081920624,2501.2850081920624,NoButton,Move,1180.66015625,450.62109375
2501.293202161789,2501.293202161789,NoButton,Move,1087.7421875,476.4296875
2501.3013501167297,2501.3013501167297,NoButton,Move,1059.3203125,481.50390625
2501.309577226639,2501.309577226639,NoButton,Move,996.12109375,496.19921875
2501.432792186737,2501.432792186737,NoButton,Move,930.3046875,511.15625
2501.432847261429,2501.432847261429,NoButton,Move,870.91015625,522.46875
2501.4328892230988,2501.4328892230988,NoButton,Move,845.9921875,526.30078125
2501.4329421520233,2501.4329421520233,NoButton,Move,801.26171875,533.75390625
2501.432983160019,2501.432983160019,NoButton,Move,785.48046875,536.1171875
2501.4330201148987,2501.4330201148987,NoButton,Move,753.328125,540.40234375
2501.433056116104,2501.433056116104,NoButton,Move,744.640625,541.01953125
2501.433090209961,2501.433090209961,NoButton,Move,727.48046875,542.65234375
2501.433125257492,2501.433125257492,NoButton,Move,723.15234375,543.1328125
2501.433159351349,2501.433159351349,NoButton,Move,713.42578125,543.1328125
2501.43319439888,2501.43319439888,NoButton,Move,707.5234375,543.1328125
2501.4332280158997,2501.4332280158997,NoButton,Move,703.1953125,543.1328125
2501.433267354965,2501.433267354965,NoButton,Move,700.8125,543.1328125
2501.433300256729,2501.433300256729,NoButton,Move,699.4453125,542.7890625
2501.4333333969116,2501.4333333969116,NoButton,Move,698.50390625,542.47265625
2501.4395141601562,2501.4395141601562,NoButton,Move,697.9296875,541.8984375
2501.447825193405,2501.447825193405,NoButton,Move,697.35546875,541.32421875
2501.456038236618,2501.456038236618,NoButton,Move,697.09375,541.0625
2501.4641222953796,2501.4641222953796,NoButton,Move,697.09375,540.80078125
2501.472314119339,2501.472314119339,NoButton,Move,696.83203125,540.80078125
2501.4804153442383,2501.4804153442383,NoButton,Move,696.83203125,540.5390625
2501.497039079666,2501.497039079666,NoButton,Move,696.5859375,540.5390625
2501.587214231491,2501.587214231491,NoButton,Move,696.3515625,540.5390625
2501.59552526474,2501.59552526474,NoButton,Move,696.0625,539.96484375
2501.6036462783813,2501.6036462783813,NoButton,Move,695.265625,537.58203125
2501.611831188202,2501.611831188202,NoButton,Move,693.8203125,533.25390625
2501.6199753284454,2501.6199753284454,NoButton,Move,691.78515625,528.16796875
2501.6285831928253,2501.6285831928253,NoButton,Move,689.53515625,521.42578125
2501.6366851329803,2501.6366851329803,NoButton,Move,685.64453125,512.34765625
2501.6448183059692,2501.6448183059692,NoButton,Move,681.30078125,504.28125
2501.6531541347504,2501.6531541347504,NoButton,Move,676.76171875,495.203125
2501.661273241043,2501.661273241043,NoButton,Move,673.19921875,491.1328125
2501.670231103897,2501.670231103897,NoButton,Move,668.45703125,484.61328125
2501.6778931617737,2501.6778931617737,NoButton,Move,663.375,479.53125
2501.6861922740936,2501.6861922740936,NoButton,Move,661.25,477.40625
2501.6942660808563,2501.6942660808563,NoButton,Move,658.36328125,474.0390625
2501.7017872333527,2501.7017872333527,NoButton,Move,655.19140625,471.7734375
2501.7100269794464,2501.7100269794464,NoButton,Move,653.7109375,470.29296875
2501.7186121940613,2501.7186121940613,NoButton,Move,652.234375,469.18359375
2501.7514271736145,2501.7514271736145,Left,Pressed,652.234375,469.18359375
2501.7515482902527,2501.7515482902527,NoButton,Move,651.80078125,468.89453125
2501.829086303711,2501.829086303711,Left,Released,651.80078125,468.89453125
2502.062937259674,2502.062937259674,NoButton,Move,652.03125,468.89453125
2502.0710294246674,2502.0710294246674,NoButton,Move,655.00390625,468.89453125
2502.078993320465,2502.078993320465,NoButton,Move,658.625,468.89453125
2502.087487220764,2502.087487220764,NoButton,Move,662.94921875,468.89453125
2502.096207141876,2502.096207141876,NoButton,Move,668.03125,468.89453125
2502.103700399399,2502.103700399399,NoButton,Move,680.0078125,468.1875
2502.1117260456085,2502.1117260456085,NoButton,Move,695.78515625,468.1875
2502.120063304901,2502.120063304901,NoButton,Move,717.42578125,468.1875
2502.1282873153687,2502.1282873153687,NoButton,Move,742.33984375,468.1875
2502.1365251541138,2502.1365251541138,NoButton,Move,768.9765625,468.1875
2502.144587993622,2502.144587993622,NoButton,Move,825.77734375,473.7265625
2502.1527700424194,2502.1527700424194,NoButton,Move,863.95703125,482.98046875
2502.160793066025,2502.160793066025,NoButton,Move,882.55078125,488.05078125
2502.1695170402527,2502.1695170402527,NoButton,Move,919.5703125,498.4609375
2502.1773324012756,2502.1773324012756,NoButton,Move,954.55078125,508.6171875
2502.1854531764984,2502.1854531764984,NoButton,Move,967.00390625,513.01171875
2502.19384431839,2502.19384431839,NoButton,Move,975.6875,516.11328125
2502.2020223140717,2502.2020223140717,NoButton,Move,993.4375,522.875
2502.3823301792145,2502.3823301792145,NoButton,Move,992.96875,522.875
2502.390218257904,2502.390218257904,NoButton,Move,987.8828125,522.875
2502.3984849452972,2502.3984849452972,NoButton,Move,981.98046875,522.875
2502.40647816658,2502.40647816658,NoButton,Move,974.27734375,523.46484375
2502.4146003723145,2502.4146003723145,NoButton,Move,963.453125,524.140625
2502.4228551387787,2502.4228551387787,NoButton,Move,951.47265625,524.84375
2502.4311463832855,2502.4311463832855,NoButton,Move,935.69140625,524.84375
2502.4394681453705,2502.4394681453705,NoButton,Move,886.3046875,524.84375
2502.4474341869354,2502.4474341869354,NoButton,Move,867.70703125,524.84375
2502.4556381702423,2502.4556381702423,NoButton,Move,831.59375,523.71484375
2502.4671182632446,2502.4671182632446,NoButton,Move,797.48828125,520.4140625
2502.4720702171326,2502.4720702171326,NoButton,Move,783.03125,519.65234375
2502.4802751541138,2502.4802751541138,NoButton,Move,756.390625,517.67578125
2502.4887630939484,2502.4887630939484,NoButton,Move,736.296875,516.80078125
2502.497146129608,2502.497146129608,NoButton,Move,728.59375,516.80078125
2502.505236387253,2502.505236387253,NoButton,Move,715.40234375,516.80078125
2502.513215303421,2502.513215303421,NoButton,Move,711.77734375,516.80078125
2502.5212321281433,2502.5212321281433,NoButton,Move,704.07421875,516.80078125
2502.5297672748566,2502.5297672748566,NoButton,Move,699.74609375,516.80078125
2502.537893295288,2502.537893295288,NoButton,Move,696.76953125,516.80078125
2502.545935153961,2502.545935153961,NoButton,Move,695.40234375,516.80078125
2502.5540590286255,2502.5540590286255,NoButton,Move,694.828125,517.0859375
2502.8001601696014,2502.8001601696014,NoButton,Move,695.76171875,516.8515625
2502.8080031871796,2502.8080031871796,NoButton,Move,700.3359375,513.796875
2502.8164002895355,2502.8164002895355,NoButton,Move,704.40234375,510.7421875
2502.82462310791,2502.82462310791,NoButton,Move,710.91796875,506.0
2502.832859277725,2502.832859277725,NoButton,Move,717.7421875,500.4140625
2502.8408691883087,2502.8408691883087,NoButton,Move,726.53515625,493.6484375
2502.8496351242065,2502.8496351242065,NoButton,Move,736.3984375,486.6015625
2502.8572883605957,2502.8572883605957,NoButton,Move,746.26171875,478.84765625
2502.8824009895325,2502.8824009895325,NoButton,Move,757.671875,469.71484375
2502.8825311660767,2502.8825311660767,NoButton,Move,769.08203125,460.58203125
2502.882595062256,2502.882595062256,NoButton,Move,779.3359375,451.7890625
2502.8893332481384,2502.8893332481384,NoButton,Move,784.4140625,447.2734375
2502.897761106491,2502.897761106491,NoButton,Move,792.53125,439.83203125
2502.908152103424,2502.908152103424,NoButton,Move,800.30859375,433.34765625
2502.915858268738,2502.915858268738,NoButton,Move,805.63671875,427.421875
2502.9236583709717,2502.9236583709717,NoButton,Move,807.7578125,425.296875
2502.93017911911,2502.93017911911,NoButton,Move,811.31640625,421.2265625
2502.9387621879578,2502.9387621879578,NoButton,Move,814.3671875,417.15625
2502.9467849731445,2502.9467849731445,NoButton,Move,816.62890625,413.984375
2502.9559111595154,2502.9559111595154,NoButton,Move,817.734375,412.13671875
2502.9638912677765,2502.9638912677765,NoButton,Move,818.52734375,409.75390625
2502.9714682102203,2502.9714682102203,NoButton,Move,819.265625,407.90625
2502.9797019958496,2502.9797019958496,NoButton,Move,819.60546875,406.5390625
2502.9879701137543,2502.9879701137543,NoButton,Move,819.97265625,404.69140625
2502.995812177658,2502.995812177658,NoButton,Move,819.97265625,403.32421875
2503.0041601657867,2503.0041601657867,NoButton,Move,819.97265625,401.95703125
2503.0130722522736,2503.0130722522736,NoButton,Move,819.97265625,400.58984375
2503.020655155182,2503.020655155182,NoButton,Move,819.97265625,399.22265625
2503.028917312622,2503.028917312622,NoButton,Move,819.97265625,397.85546875
2503.0371992588043,2503.0371992588043,NoButton,Move,819.97265625,396.9140625
2503.0453231334686,2503.0453231334686,NoButton,Move,819.97265625,395.97265625
2503.0534262657166,2503.0534262657166,NoButton,Move,819.97265625,395.03125
2503.061722278595,2503.061722278595,NoButton,Move,819.65625,394.08984375
2503.070246219635,2503.070246219635,NoButton,Move,819.33984375,393.1484375
2503.078134059906,2503.078134059906,NoButton,Move,818.99609375,391.78125
2503.0860600471497,2503.0860600471497,NoButton,Move,818.99609375,390.83984375
2503.0942792892456,2503.0942792892456,NoButton,Move,818.65234375,389.47265625
2503.1024560928345,2503.1024560928345,NoButton,Move,818.30859375,388.10546875
2503.110412120819,2503.110412120819,NoButton,Move,817.96484375,386.73828125
2503.1188411712646,2503.1188411712646,NoButton,Move,817.62109375,385.37109375
2503.1270072460175,2503.1270072460175,NoButton,Move,817.62109375,384.00390625
2503.1354653835297,2503.1354653835297,NoButton,Move,817.27734375,382.63671875
2503.143588066101,2503.143588066101,NoButton,Move,816.93359375,381.26953125
2503.151504278183,2503.151504278183,NoButton,Move,816.93359375,379.90234375
2503.159641265869,2503.159641265869,NoButton,Move,816.6171875,378.9609375
2503.16810631752,2503.16810631752,NoButton,Move,816.6171875,377.59375
2503.1762130260468,2503.1762130260468,NoButton,Move,816.6171875,376.65234375
2503.1847331523895,2503.1847331523895,NoButton,Move,816.30078125,375.7109375
2503.1928000450134,2503.1928000450134,NoButton,Move,816.30078125,375.13671875
2503.200979232788,2503.200979232788,NoButton,Move,816.30078125,374.1953125
2503.209158182144,2503.209158182144,NoButton,Move,816.30078125,373.25390625
2503.2420511245728,2503.2420511245728,NoButton,Move,816.30078125,372.3125
2503.2422001361847,2503.2422001361847,NoButton,Move,816.30078125,371.37109375
2503.2423102855682,2503.2423102855682,NoButton,Move,816.30078125,370.796875
2503.2424082756042,2503.2424082756042,NoButton,Move,816.30078125,370.22265625
2503.2495741844177,2503.2495741844177,NoButton,Move,816.30078125,369.6484375
2503.2575192451477,2503.2575192451477,NoButton,Move,816.30078125,369.38671875
2503.267040014267,2503.267040014267,NoButton,Move,816.30078125,368.8125
2503.2738642692566,2503.2738642692566,NoButton,Move,816.30078125,368.55078125
2503.283233165741,2503.283233165741,NoButton,Move,816.30078125,368.2890625
2503.30300116539,2503.30300116539,NoButton,Move,816.30078125,368.04296875
2503.306869983673,2503.306869983673,NoButton,Move,816.30078125,367.78125
2503.3191521167755,2503.3191521167755,NoButton,Move,816.30078125,367.51953125
2503.3232202529907,2503.3232202529907,NoButton,Move,816.30078125,367.2578125
2503.3331739902496,2503.3331739902496,NoButton,Move,816.30078125,366.99609375
2503.339400291443,2503.339400291443,NoButton,Move,816.30078125,366.734375
2503.3563361167908,2503.3563361167908,NoButton,Move,816.30078125,366.48828125
2503.372538089752,2503.372538089752,NoButton,Move,816.30078125,366.2421875
2503.386515378952,2503.386515378952,NoButton,Move,816.30078125,365.98046875
2503.3969373703003,2503.3969373703003,NoButton,Move,816.30078125,365.734375
2503.404810190201,2503.404810190201,NoButton,Move,816.30078125,365.16015625
2503.4130580425262,2503.4130580425262,NoButton,Move,816.55859375,364.8984375
2503.4211971759796,2503.4211971759796,NoButton,Move,816.55859375,364.32421875
2503.4295551776886,2503.4295551776886,NoButton,Move,816.84375,363.75
2503.437631368637,2503.437631368637,NoButton,Move,817.12890625,363.17578125
2503.446355342865,2503.446355342865,NoButton,Move,817.12890625,362.6015625
2503.4539592266083,2503.4539592266083,NoButton,Move,817.38671875,362.33984375
2503.462145090103,2503.462145090103,NoButton,Move,817.671875,361.765625
2503.4705080986023,2503.4705080986023,NoButton,Move,817.671875,361.19140625
2503.4786233901978,2503.4786233901978,NoButton,Move,817.9296875,360.9296875
2503.4867870807648,2503.4867870807648,NoButton,Move,817.9296875,360.66796875
2503.4951050281525,2503.4951050281525,NoButton,Move,817.9296875,360.40625
2503.511768102646,2503.511768102646,NoButton,Move,818.171875,360.16015625
2503.52814412117,2503.52814412117,NoButton,Move,818.171875,359.9140625
2503.555183172226,2503.555183172226,NoButton,Move,818.171875,359.671875
2503.577074289322,2503.577074289322,NoButton,Move,818.171875,359.4296875
2503.5936601161957,2503.5936601161957,NoButton,Move,818.171875,359.18359375
2503.6100022792816,2503.6100022792816,NoButton,Move,818.4140625,359.18359375
2503.6195352077484,2503.6195352077484,NoButton,Move,818.4140625,358.921875
2503.6425111293793,2503.6425111293793,NoButton,Move,818.4140625,358.6796875
2503.7040700912476,2503.7040700912476,NoButton,Move,818.4140625,358.44140625
2503.784261226654,2503.784261226654,Left,Pressed,818.4140625,358.44140625
2503.90084028244,2503.90084028244,Left,Released,818.4140625,358.44140625
2505.043165206909,2505.043165206909,NoButton,Move,818.4140625,357.74609375
2505.0510351657867,2505.0510351657867,NoButton,Move,818.4140625,355.36328125
2505.0592801570892,2505.0592801570892,NoButton,Move,818.4140625,353.515625
2505.067686319351,2505.067686319351,NoButton,Move,817.98828125,350.5390625
2505.0755231380463,2505.0755231380463,NoButton,Move,816.4609375,345.453125
2505.083456993103,2505.083456993103,NoButton,Move,813.91796875,340.875
2505.0919353961945,2505.0919353961945,NoButton,Move,810.53125,334.6640625
2505.1002349853516,2505.1002349853516,NoButton,Move,805.56640625,327.21875
2505.1083331108093,2505.1083331108093,NoButton,Move,799.73046875,319.4375
2505.1166772842407,2505.1166772842407,NoButton,Move,791.9765625,309.5703125
2505.1247942447662,2505.1247942447662,NoButton,Move,776.1640625,291.8984375
2505.1329383850098,2505.1329383850098,NoButton,Move,769.95703125,285.69140625
2505.14106631279,2505.14106631279,NoButton,Move,756.8828125,274.25
2505.14955329895,2505.14955329895,NoButton,Move,742.98828125,263.625
2505.1577620506287,2505.1577620506287,NoButton,Move,729.57421875,254.15625
2505.1672661304474,2505.1672661304474,NoButton,Move,716.640625,246.546875
2505.173675060272,2505.173675060272,NoButton,Move,711.2734375,243.86328125
2505.1823003292084,2505.1823003292084,NoButton,Move,701.125,239.125
2505.190254211426,2505.190254211426,NoButton,Move,692.046875,235.234375
2505.198476076126,2505.198476076126,NoButton,Move,684.34375,232.26953125
2505.206544160843,2505.206544160843,NoButton,Move,677.5703125,230.57421875
2505.2154302597046,2505.2154302597046,NoButton,Move,671.7109375,229.5078125
2505.2236053943634,2505.2236053943634,NoButton,Move,665.80859375,228.43359375
2505.436161994934,2505.436161994934,NoButton,Move,665.80859375,227.73046875
2505.444193124771,2505.444193124771,NoButton,Move,666.23046875,224.75390625
2505.4521882534027,2505.4521882534027,NoButton,Move,668.0390625,221.58203125
2505.460303068161,2505.460303068161,NoButton,Move,669.9609375,217.25390625
2505.4690663814545,2505.4690663814545,NoButton,Move,671.76953125,213.6328125
2505.476820230484,2505.476820230484,NoButton,Move,673.69140625,209.3046875
2505.485020160675,2505.485020160675,NoButton,Move,675.5,205.6796875
2505.4932050704956,2505.4932050704956,NoButton,Move,678.4609375,198.5703125
2505.5013542175293,2505.5013542175293,NoButton,Move,681.421875,191.4609375
2505.5094981193542,2505.5094981193542,NoButton,Move,683.67578125,184.6875
2505.5176570415497,2505.5176570415497,NoButton,Move,685.8203125,178.78515625
2505.52592420578,2505.52592420578,NoButton,Move,686.8359375,173.69921875
2505.534030199051,2505.534030199051,NoButton,Move,687.23046875,171.31640625
2505.542206287384,2505.542206287384,NoButton,Move,687.6796875,167.69140625
2505.550471305847,2505.550471305847,NoButton,Move,688.1015625,164.71484375
2505.558123111725,2505.558123111725,NoButton,Move,688.49609375,162.33203125
2505.5663170814514,2505.5663170814514,NoButton,Move,688.49609375,160.484375
2505.5745651721954,2505.5745651721954,NoButton,Move,688.49609375,159.1171875
2505.5828721523285,2505.5828721523285,NoButton,Move,688.49609375,158.17578125
2505.5910181999207,2505.5910181999207,NoButton,Move,688.49609375,157.6015625
2505.5992743968964,2505.5992743968964,NoButton,Move,688.49609375,156.66015625
2505.6075971126556,2505.6075971126556,NoButton,Move,687.921875,156.0859375
2505.615946292877,2505.615946292877,NoButton,Move,686.5546875,155.40234375
2505.624413251877,2505.624413251877,NoButton,Move,684.70703125,155.03125
2505.632152080536,2505.632152080536,NoButton,Move,682.859375,154.2890625
2505.640107154846,2505.640107154846,NoButton,Move,679.8828125,153.86328125
2505.6484920978546,2505.6484920978546,NoButton,Move,676.9140625,153.4375
2505.656856060028,2505.656856060028,NoButton,Move,673.9375,152.5859375
2505.665308237076,2505.665308237076,NoButton,Move,670.3125,151.6796875
2505.672920227051,2505.672920227051,NoButton,Move,666.6875,150.7734375
2505.680905342102,2505.680905342102,NoButton,Move,663.7109375,149.49609375
2505.6892054080963,2505.6892054080963,NoButton,Move,660.734375,148.21875
2505.6974861621857,2505.6974861621857,NoButton,Move,659.25390625,147.109375
2505.7058610916138,2505.7058610916138,NoButton,Move,656.703125,145.40625
2505.714046239853,2505.714046239853,NoButton,Move,655.22265625,143.92578125
2505.722355365753,2505.722355365753,NoButton,Move,653.234375,142.3359375
2505.730647087097,2505.730647087097,NoButton,Move,652.125,140.48828125
2505.73876619339,2505.73876619339,NoButton,Move,651.015625,139.0078125
2505.747022151947,2505.747022151947,NoButton,Move,649.90625,137.52734375
2505.755175113678,2505.755175113678,NoButton,Move,649.5625,136.16015625
2505.763444185257,2505.763444185257,NoButton,Move,648.87890625,134.79296875
2505.771171092987,2505.771171092987,NoButton,Move,648.5625,133.8515625
2505.7793531417847,2505.7793531417847,NoButton,Move,648.5625,132.484375
2505.7875032424927,2505.7875032424927,NoButton,Move,648.5625,131.54296875
2505.7957513332367,2505.7957513332367,NoButton,Move,648.5625,130.96875
2505.8039882183075,2505.8039882183075,NoButton,Move,648.5625,130.39453125
2505.81232714653,2505.81232714653,NoButton,Move,648.5625,129.8203125
2505.820344209671,2505.820344209671,NoButton,Move,648.5625,129.24609375
2505.8289411067963,2505.8289411067963,NoButton,Move,648.5625,128.984375
2505.83708524704,2505.83708524704,NoButton,Move,648.5625,128.41015625
2505.8533260822296,2505.8533260822296,NoButton,Move,648.5625,128.1640625
2505.86164522171,2505.86164522171,NoButton,Move,648.8203125,127.90234375
2505.8700070381165,2505.8700070381165,NoButton,Move,648.8203125,127.640625
2505.894288301468,2505.894288301468,NoButton,Move,648.8203125,127.3984375
2505.912077188492,2505.912077188492,NoButton,Move,648.8203125,127.15234375
2505.927196264267,2505.927196264267,NoButton,Move,648.8203125,126.90625
2505.9357402324677,2505.9357402324677,NoButton,Move,648.8203125,126.64453125
2505.9517040252686,2505.9517040252686,NoButton,Move,648.8203125,126.3984375
2505.9597260951996,2505.9597260951996,NoButton,Move,648.8203125,125.82421875
2505.9682343006134,2505.9682343006134,NoButton,Move,648.8203125,125.5625
2505.9843320846558,2505.9843320846558,NoButton,Move,648.57421875,125.31640625
2505.99263215065,2505.99263215065,NoButton,Move,648.57421875,125.0546875
2506.000521183014,2506.000521183014,NoButton,Move,648.3125,125.0546875
2506.0087542533875,2506.0087542533875,NoButton,Move,648.3125,124.79296875
2506.0345010757446,2506.0345010757446,Left,Pressed,648.3125,124.79296875
2506.050630092621,2506.050630092621,NoButton,Move,648.19140625,124.79296875
2506.1190881729126,2506.1190881729126,Left,Released,648.19140625,124.79296875
2506.9912831783295,2506.9912831783295,NoButton,Move,648.8828125,125.71875
2506.9995181560516,2506.9995181560516,NoButton,Move,655.078125,131.9140625
2507.008363008499,2507.008363008499,NoButton,Move,661.55859375,139.69140625
2507.0185012817383,2507.0185012817383,NoButton,Move,669.67578125,147.80859375
2507.024271249771,2507.024271249771,NoButton,Move,680.3046875,157.67578125
2507.0321640968323,2507.0321640968323,NoButton,Move,692.55859375,170.74609375
2507.04035615921,2507.04035615921,NoButton,Move,705.66015625,186.46875
2507.048709154129,2507.048709154129,NoButton,Move,734.234375,221.25390625
2507.056914329529,2507.056914329529,NoButton,Move,770.8671875,261.95703125
2507.0651981830597,2507.0651981830597,NoButton,Move,811.25390625,309.55859375
2507.073244333267,2507.073244333267,NoButton,Move,854.62890625,361.90625
2507.0812730789185,2507.0812730789185,NoButton,Move,896.5078125,415.75
2507.0895631313324,2507.0895631313324,NoButton,Move,934.71875,468.66015625
2507.0979402065277,2507.0979402065277,NoButton,Move,949.515625,491.3515625
2507.1058552265167,2507.1058552265167,NoButton,Move,975.50390625,534.234375
2507.114072084427,2507.114072084427,NoButton,Move,982.0390625,550.57421875
2507.1222960948944,2507.1222960948944,NoButton,Move,995.96875,580.578125
2507.130734205246,2507.130734205246,NoButton,Move,1004.546875,604.40625
2507.13951420784,2507.13951420784,NoButton,Move,1005.73046875,612.10546875
2507.1469423770905,2507.1469423770905,NoButton,Move,1008.7734375,626.55859375
2507.1547660827637,2507.1547660827637,NoButton,Move,1010.1796875,638.53515625
2507.1627922058105,2507.1627922058105,NoButton,Move,1010.76953125,646.234375
2507.1713461875916,2507.1713461875916,NoButton,Move,1010.76953125,648.6015625
2507.1795094013214,2507.1795094013214,NoButton,Move,1010.76953125,653.68359375
2507.187748193741,2507.187748193741,NoButton,Move,1010.34375,656.65625
2507.195878267288,2507.195878267288,NoButton,Move,1009.15234375,659.03515625
2507.20422911644,2507.20422911644,NoButton,Move,1008.04296875,660.51171875
2507.212508201599,2507.212508201599,NoButton,Move,1007.1015625,661.13671875
2507.2206621170044,2507.2206621170044,NoButton,Move,1006.16015625,661.76171875
2507.229124069214,2507.229124069214,NoButton,Move,1004.79296875,662.1015625
2507.236969232559,2507.236969232559,NoButton,Move,1002.9453125,662.1015625
2507.245292186737,2507.245292186737,NoButton,Move,1001.09765625,662.1015625
2507.253496170044,2507.253496170044,NoButton,Move,999.109375,660.51171875
2507.2616040706635,2507.2616040706635,NoButton,Move,996.22265625,657.14453125
2507.269821166992,2507.269821166992,NoButton,Move,993.81640625,653.296875
2507.2779171466827,2507.2779171466827,NoButton,Move,991.78125,648.2109375
2507.2861881256104,2507.2861881256104,NoButton,Move,989.74609375,643.125
2507.294451236725,2507.294451236725,NoButton,Move,988.21875,638.0390625
2507.302502155304,2507.302502155304,NoButton,Move,987.14453125,632.13671875
2507.3106570243835,2507.3106570243835,NoButton,Move,987.14453125,625.36328125
2507.319071292877,2507.319071292877,NoButton,Move,987.14453125,614.5390625
2507.3270921707153,2507.3270921707153,NoButton,Move,987.14453125,607.765625
2507.3353362083435,2507.3353362083435,NoButton,Move,987.14453125,599.078125
2507.3435089588165,2507.3435089588165,NoButton,Move,989.625,590.390625
2507.351590156555,2507.351590156555,NoButton,Move,992.44140625,578.41015625
2507.359799146652,2507.359799146652,NoButton,Move,995.37109375,565.21875
2507.368045091629,2507.368045091629,NoButton,Move,998.5234375,549.4375
2507.376291036606,2507.376291036606,NoButton,Move,1002.46875,522.796875
2507.3845653533936,2507.3845653533936,NoButton,Move,1003.0859375,514.109375
2507.392421245575,2507.392421245575,NoButton,Move,1003.9296875,495.51171875
2507.400600194931,2507.400600194931,NoButton,Move,1003.9296875,479.73046875
2507.4089212417603,2507.4089212417603,NoButton,Move,1003.9296875,463.94921875
2507.417211294174,2507.417211294174,NoButton,Move,1003.9296875,458.046875
2507.4251601696014,2507.4251601696014,NoButton,Move,1003.9296875,447.22265625
2507.4335532188416,2507.4335532188416,NoButton,Move,1003.28125,437.49609375
2507.441679239273,2507.441679239273,NoButton,Move,1001.50390625,429.79296875
2507.4499611854553,2507.4499611854553,NoButton,Move,1001.1328125,427.9453125
2507.458169221878,2507.458169221878,NoButton,Move,999.60546875,422.859375
2507.4662992954254,2507.4662992954254,NoButton,Move,998.69921875,419.234375
2507.4744880199432,2507.4744880199432,NoButton,Move,997.90234375,416.8515625
2507.4826261997223,2507.4826261997223,NoButton,Move,997.21875,415.484375
2507.4910383224487,2507.4910383224487,NoButton,Move,996.53515625,414.1171875
2507.4990813732147,2507.4990813732147,NoButton,Move,995.9609375,413.54296875
2507.507297039032,2507.507297039032,NoButton,Move,995.38671875,412.96875
2507.515161037445,2507.515161037445,NoButton,Move,994.8125,412.39453125
2507.5234122276306,2507.5234122276306,NoButton,Move,994.55078125,412.1328125
2507.531763315201,2507.531763315201,NoButton,Move,993.9765625,411.84375
2507.5397412776947,2507.5397412776947,NoButton,Move,993.03515625,411.52734375
2507.5478682518005,2507.5478682518005,NoButton,Move,992.09375,410.8984375
2507.555666208267,2507.555666208267,NoButton,Move,990.7265625,410.21484375
2507.5639023780823,2507.5639023780823,NoButton,Move,989.24609375,408.734375
2507.572234392166,2507.572234392166,NoButton,Move,987.765625,407.25390625
2507.5803592205048,2507.5803592205048,NoButton,Move,986.0625,404.703125
2507.5886483192444,2507.5886483192444,NoButton,Move,983.796875,401.53125
2507.597092151642,2507.597092151642,NoButton,Move,981.53125,398.36328125
2507.60528421402,2507.60528421402,NoButton,Move,979.125,394.515625
2507.613668203354,2507.613668203354,NoButton,Move,978.015625,392.66796875
2507.621937274933,2507.621937274933,NoButton,Move,976.3125,390.1171875
2507.6298763751984,2507.6298763751984,NoButton,Move,975.03515625,387.140625
2507.6383562088013,2507.6383562088013,NoButton,Move,973.92578125,385.29296875
2507.6464171409607,2507.6464171409607,NoButton,Move,973.18359375,383.4453125
2507.6545581817627,2507.6545581817627,NoButton,Move,972.44140625,381.59765625
2507.662942171097,2507.662942171097,NoButton,Move,972.125,380.65625
2507.6712942123413,2507.6712942123413,NoButton,Move,971.80859375,379.71484375
2507.6796243190765,2507.6796243190765,NoButton,Move,971.51953125,379.140625
2507.687178373337,2507.687178373337,NoButton,Move,971.51953125,378.56640625
2507.6951801776886,2507.6951801776886,NoButton,Move,971.23046875,377.9921875
2507.703553199768,2507.703553199768,NoButton,Move,971.23046875,377.73046875
2507.711436033249,2507.711436033249,NoButton,Move,971.23046875,377.46875
2507.720178127289,2507.720178127289,NoButton,Move,970.96875,377.20703125
2507.728238105774,2507.728238105774,NoButton,Move,970.96875,376.9453125
2507.7364892959595,2507.7364892959595,NoButton,Move,970.70703125,376.68359375
2507.7445952892303,2507.7445952892303,NoButton,Move,970.70703125,376.109375
2507.7530841827393,2507.7530841827393,NoButton,Move,970.41796875,375.53515625
2507.7607882022858,2507.7607882022858,NoButton,Move,970.12890625,374.9609375
2507.7692852020264,2507.7692852020264,NoButton,Move,970.12890625,374.01953125
2507.7773191928864,2507.7773191928864,NoButton,Move,969.78515625,372.65234375
2507.7855961322784,2507.7855961322784,NoButton,Move,969.44140625,371.28515625
2507.7938282489777,2507.7938282489777,NoButton,Move,969.44140625,369.91796875
2507.8018941879272,2507.8018941879272,NoButton,Move,969.0703125,368.0703125
2507.810187101364,2507.810187101364,NoButton,Move,969.0703125,366.703125
2507.8183040618896,2507.8183040618896,NoButton,Move,969.0703125,364.85546875
2507.826498031616,2507.826498031616,NoButton,Move,968.7265625,363.48828125
2507.834787130356,2507.834787130356,NoButton,Move,968.7265625,362.546875
2507.84269118309,2507.84269118309,NoButton,Move,968.7265625,361.1796875
2507.851052045822,2507.851052045822,NoButton,Move,968.7265625,360.60546875
2507.859364271164,2507.859364271164,NoButton,Move,968.41015625,359.6640625
2507.86754322052,2507.86754322052,NoButton,Move,968.41015625,359.08984375
2507.8756971359253,2507.8756971359253,NoButton,Move,968.41015625,358.828125
2507.8833112716675,2507.8833112716675,NoButton,Move,968.41015625,358.56640625
2507.891412973404,2507.891412973404,NoButton,Move,968.41015625,358.3046875
2507.9101543426514,2507.9101543426514,NoButton,Move,968.41015625,358.05859375
2507.9245340824127,2507.9245340824127,NoButton,Move,968.1640625,358.05859375
2508.1182503700256,2508.1182503700256,Left,Pressed,968.1640625,358.05859375
2508.351113319397,2508.351113319397,NoButton,Move,968.1640625,358.16796875
2508.3675870895386,2508.3675870895386,NoButton,Move,968.1640625,358.44921875
2508.3842103481293,2508.3842103481293,NoButton,Move,968.1640625,359.38671875
2508.4101660251617,2508.4101660251617,NoButton,Move,968.1640625,361.140625
2508.4174251556396,2508.4174251556396,NoButton,Move,968.1640625,363.1171875
2508.446128129959,2508.446128129959,NoButton,Move,968.1640625,365.19921875
2508.4935400485992,2508.4935400485992,NoButton,Move,968.1640625,367.0625
2508.4937043190002,2508.4937043190002,NoButton,Move,968.1640625,368.37109375
2508.4938774108887,2508.4938774108887,NoButton,Move,968.1640625,369.32421875
2508.5004143714905,2508.5004143714905,NoButton,Move,968.1640625,370.06640625
2508.5187833309174,2508.5187833309174,NoButton,Move,968.1640625,370.75
2508.533835172653,2508.533835172653,NoButton,Move,968.1640625,371.37109375
2508.5509963035583,2508.5509963035583,NoButton,Move,968.1640625,371.97265625
2508.5671932697296,2508.5671932697296,NoButton,Move,968.1640625,372.73828125
2508.5838782787323,2508.5838782787323,NoButton,Move,968.1640625,373.5859375
2508.6005911827087,2508.6005911827087,NoButton,Move,968.1640625,374.49609375
2508.6172292232513,2508.6172292232513,NoButton,Move,968.1640625,375.39453125
2508.633935213089,2508.633935213089,NoButton,Move,968.1640625,376.23046875
2508.6505501270294,2508.6505501270294,NoButton,Move,968.25,376.91015625
2508.6672382354736,2508.6672382354736,NoButton,Move,968.37890625,377.546875
2508.6840040683746,2508.6840040683746,NoButton,Move,968.41796875,378.2265625
2508.700661420822,2508.700661420822,NoButton,Move,968.41796875,378.921875
2508.7173652648926,2508.7173652648926,NoButton,Move,968.546875,379.734375
2508.734133243561,2508.734133243561,NoButton,Move,968.67578125,380.4453125
2508.7508432865143,2508.7508432865143,NoButton,Move,968.67578125,380.9921875
2508.7673711776733,2508.7673711776733,NoButton,Move,968.67578125,381.39453125
2509.0852262973785,2509.0852262973785,Left,Released,968.67578125,381.39453125
2509.0855462551117,2509.0855462551117,NoButton,Move,968.67578125,381.16015625
2509.3332941532135,2509.3332941532135,NoButton,Move,968.67578125,381.62109375
2509.340837240219,2509.340837240219,NoButton,Move,968.67578125,383.46484375
2509.356630086899,2509.356630086899,NoButton,Move,970.03125,387.08203125
2509.357100009918,2509.357100009918,NoButton,Move,971.38671875,390.703125
2509.3657281398773,2509.3657281398773,NoButton,Move,972.2890625,394.32421875
2509.3737630844116,2509.3737630844116,NoButton,Move,973.64453125,397.9453125
2509.382063150406,2509.382063150406,NoButton,Move,975.3359375,404.71484375
2509.390286207199,2509.390286207199,NoButton,Move,978.15234375,416.69140625
2509.3985693454742,2509.3985693454742,NoButton,Move,979.390625,425.375
2509.407027244568,2509.407027244568,NoButton,Move,980.03515625,435.09765625
2509.4151022434235,2509.4151022434235,NoButton,Move,980.7109375,445.91796875
2509.4229152202606,2509.4229152202606,NoButton,Move,980.7109375,457.89453125
2509.4307310581207,2509.4307310581207,NoButton,Move,980.7109375,481.14453125
2509.439002275467,2509.439002275467,NoButton,Move,980.7109375,490.8671875
2509.4473621845245,2509.4473621845245,NoButton,Move,976.53515625,521.12109375
2509.45547413826,2509.45547413826,NoButton,Move,972.1640625,541.2109375
2509.4636600017548,2509.4636600017548,NoButton,Move,966.75,562.8515625
2509.4720141887665,2509.4720141887665,NoButton,Move,964.04296875,573.671875
2509.4801671504974,2509.4801671504974,NoButton,Move,958.62890625,595.3125
2509.4887132644653,2509.4887132644653,NoButton,Move,952.31640625,616.04296875
2509.4968540668488,2509.4968540668488,NoButton,Move,947.41015625,633.19921875
2509.505095243454,2509.505095243454,NoButton,Move,941.6875,649.5390625
2509.5131311416626,2509.5131311416626,NoButton,Move,939.4296875,656.30859375
2509.5214602947235,2509.5214602947235,NoButton,Move,936.046875,667.12890625
2509.5296971797943,2509.5296971797943,NoButton,Move,934.6875,670.75
2509.5378801822662,2509.5378801822662,NoButton,Move,932.9921875,677.51953125
2509.5458900928497,2509.5458900928497,NoButton,Move,931.546875,681.84375
2509.554113149643,2509.554113149643,NoButton,Move,930.6953125,684.81640625
2509.5622882843018,2509.5622882843018,NoButton,Move,929.953125,686.66015625
2509.570430278778,2509.570430278778,NoButton,Move,929.953125,687.59765625
2509.578709125519,2509.578709125519,NoButton,Move,929.6640625,688.16796875
2509.5871291160583,2509.5871291160583,NoButton,Move,929.6640625,688.73828125
2509.5949721336365,2509.5949721336365,NoButton,Move,929.6640625,688.99609375
2509.6180090904236,2509.6180090904236,Left,Pressed,929.6640625,688.99609375
2509.717357158661,2509.717357158661,Left,Released,929.6640625,688.99609375
2511.7750301361084,2511.7750301361084,NoButton,Move,927.578125,688.99609375
2511.7750861644745,2511.7750861644745,NoButton,Move,911.796875,688.99609375
2511.775125980377,2511.775125980377,NoButton,Move,871.48828125,688.99609375
2511.775166273117,2511.775166273117,NoButton,Move,833.3046875,690.15234375
2511.775202035904,2511.775202035904,NoButton,Move,786.27734375,691.421875
2511.775237083435,2511.775237083435,NoButton,Move,734.4765625,692.75
2511.775271177292,2511.775271177292,NoButton,Move,677.671875,694.1328125
2511.7753052711487,2511.7753052711487,NoButton,Move,623.3984375,694.1328125
2511.7753400802612,2511.7753400802612,NoButton,Move,601.75390625,694.1328125
2511.775374174118,2511.775374174118,NoButton,Move,559.265625,694.1328125
2511.775409221649,2511.775409221649,NoButton,Move,523.15234375,688.48828125
2511.775442123413,2511.775442123413,NoButton,Move,511.171875,684.96484375
2511.780020236969,2511.780020236969,NoButton,Move,485.51953125,677.0703125
2512.069645166397,2512.069645166397,NoButton,Move,484.58203125,677.0703125
2512.0768342018127,2512.0768342018127,NoButton,Move,478.6796875,677.0703125
2512.083862066269,2512.083862066269,NoButton,Move,468.953125,677.0703125
2512.0922112464905,2512.0922112464905,NoButton,Move,451.79296875,677.0703125
2512.1003041267395,2512.1003041267395,NoButton,Move,415.6796875,677.0703125
2512.1086473464966,2512.1086473464966,NoButton,Move,398.51953125,677.0703125
2512.116743326187,2512.116743326187,NoButton,Move,339.125,674.2421875
2512.1249883174896,2512.1249883174896,NoButton,Move,298.81640625,669.5
2512.1328241825104,2512.1328241825104,NoButton,Move,277.171875,664.98828125
2512.1409091949463,2512.1409091949463,NoButton,Move,238.98828125,655.73046875
2512.1494841575623,2512.1494841575623,NoButton,Move,202.875,646.69921875
2512.157650232315,2512.157650232315,NoButton,Move,188.41796875,642.1328125
2512.1658601760864,2512.1658601760864,NoButton,Move,161.01171875,631.98046875
2512.1738963127136,2512.1738963127136,NoButton,Move,140.26953125,623.86328125
2512.182200193405,2512.182200193405,NoButton,Move,134.05859375,620.4765625
2512.190345287323,2512.190345287323,NoButton,Move,119.85546875,613.375
2513.917948246002,2513.917948246002,NoButton,Move,119.85546875,611.984375
2513.9256341457367,2513.9256341457367,NoButton,Move,119.234375,603.296875
2513.934713125229,2513.934713125229,NoButton,Move,118.61328125,594.609375
2513.942274093628,2513.942274093628,NoButton,Move,117.2578125,583.78515625
2513.9540700912476,2513.9540700912476,NoButton,Move,117.2578125,570.59375
2513.958675146103,2513.958675146103,NoButton,Move,117.2578125,556.13671875
2513.9663763046265,2513.9663763046265,NoButton,Move,117.2578125,540.35546875
2513.974706172943,2513.974706172943,NoButton,Move,117.2578125,523.1953125
2513.984992980957,2513.984992980957,NoButton,Move,119.34375,492.9375
2513.9910430908203,2513.9910430908203,NoButton,Move,124.84375,458.83203125
2514.001447200775,2514.001447200775,NoButton,Move,132.14453125,428.57421875
2514.007508277893,2514.007508277893,NoButton,Move,135.07421875,415.3828125
2514.021705389023,2514.021705389023,NoButton,Move,141.78125,390.46484375
2514.0240111351013,2514.0240111351013,NoButton,Move,148.2890625,367.2109375
2514.0347514152527,2514.0347514152527,NoButton,Move,154.40234375,347.9921875
2514.0401000976562,2514.0401000976562,NoButton,Move,156.0078125,342.08984375
2514.0526251792908,2514.0526251792908,NoButton,Move,159.66796875,328.8984375
2514.0568890571594,2514.0568890571594,NoButton,Move,162.90625,319.171875
2514.068325281143,2514.068325281143,NoButton,Move,164.765625,310.484375
2514.073482275009,2514.073482275009,NoButton,Move,166.45703125,303.7109375
2514.082674264908,2514.082674264908,NoButton,Move,166.82421875,301.86328125
2514.089979171753,2514.089979171753,NoButton,Move,167.33203125,296.77734375
2514.101090192795,2514.101090192795,NoButton,Move,167.78125,293.15234375
2514.1057920455933,2514.1057920455933,NoButton,Move,168.203125,290.17578125
2514.1223952770233,2514.1223952770233,NoButton,Move,168.203125,287.79296875
2514.1661801338196,2514.1661801338196,NoButton,Move,168.203125,285.9453125
2514.1662361621857,2514.1662361621857,NoButton,Move,168.203125,284.578125
2514.1662781238556,2514.1662781238556,NoButton,Move,167.859375,283.2109375
2514.166319131851,2514.166319131851,NoButton,Move,167.23046875,282.26953125
2514.1663591861725,2514.1663591861725,NoButton,Move,166.65625,281.6953125
2514.1664221286774,2514.1664221286774,NoButton,Move,166.08203125,281.12109375
2514.180876016617,2514.180876016617,NoButton,Move,165.79296875,280.546875
2514.1809163093567,2514.1809163093567,NoButton,Move,165.21875,280.2578125
2514.1873190402985,2514.1873190402985,NoButton,Move,164.58984375,279.31640625
2514.195536136627,2514.195536136627,NoButton,Move,163.48046875,277.8359375
2514.2038831710815,2514.2038831710815,NoButton,Move,162.73828125,275.98828125
2514.2119352817535,2514.2119352817535,NoButton,Move,161.4609375,273.01171875
2514.22003030777,2514.22003030777,NoButton,Move,160.1015625,269.38671875
2514.2283391952515,2514.2283391952515,NoButton,Move,158.17578125,265.05859375
2514.2364501953125,2514.2364501953125,NoButton,Move,156.140625,259.97265625
2514.244695186615,2514.244695186615,NoButton,Move,154.10546875,254.88671875
2514.2528750896454,2514.2528750896454,NoButton,Move,152.0703125,249.80078125
2514.2611651420593,2514.2611651420593,NoButton,Move,151.2734375,247.41796875
2514.269317150116,2514.269317150116,NoButton,Move,149.828125,243.08984375
2514.277453184128,2514.277453184128,NoButton,Move,148.9765625,240.11328125
2514.2856352329254,2514.2856352329254,NoButton,Move,148.1796875,237.73046875
2514.2938492298126,2514.2938492298126,NoButton,Move,147.4375,235.8828125
2514.3174912929535,2514.3174912929535,Left,Pressed,147.4375,235.8828125
2514.3339200019836,2514.3339200019836,NoButton,Move,147.28125,235.26953125
2514.4007732868195,2514.4007732868195,Left,Released,147.28125,235.26953125
2524.009766101837,2524.009766101837,NoButton,Move,143.3515625,230.6484375
2524.017975091934,2524.017975091934,NoButton,Move,129.93359375,208.60546875
2524.026043176651,2524.026043176651,NoButton,Move,117.75390625,182.21484375
2524.0341811180115,2524.0341811180115,NoButton,Move,109.40625,153.0
2524.042234182358,2524.042234182358,NoButton,Move,107.8828125,138.54296875
2524.050404071808,2524.050404071808,NoButton,Move,105.08984375,115.2890625
2524.058682203293,2524.058682203293,NoButton,Move,105.08984375,95.1953125
2524.0672540664673,2524.0672540664673,NoButton,Move,105.875,79.4453125
2524.075356245041,2524.075356245041,NoButton,Move,112.97265625,65.2421875
2524.0836169719696,2524.0836169719696,NoButton,Move,121.76171875,54.984375
2524.09187912941,2524.09187912941,NoButton,Move,133.48046875,47.65625
2524.1143882274628,2524.1143882274628,NoButton,Move,158.14453125,36.80078125
2524.114538192749,2524.114538192749,NoButton,Move,176.73828125,35.109375
2524.1161482334137,2524.1161482334137,NoButton,Move,198.37890625,35.109375
2524.1245760917664,2524.1245760917664,NoButton,Move,221.62890625,35.109375
2524.136283159256,2524.136283159256,NoButton,Move,246.54296875,40.85546875
2524.1408743858337,2524.1408743858337,NoButton,Move,268.86328125,49.22265625
2524.149423122406,2524.149423122406,NoButton,Move,291.859375,59.76171875
2524.157217025757,2524.157217025757,NoButton,Move,301.328125,65.171875
2524.166424036026,2524.166424036026,NoButton,Move,320.26171875,75.9921875
2524.173897266388,2524.173897266388,NoButton,Move,336.85546875,87.34765625
2524.18190407753,2524.18190407753,NoButton,Move,351.22265625,100.0234375
2524.190268278122,2524.190268278122,NoButton,Move,364.29296875,112.27734375
2524.198575258255,2524.198575258255,NoButton,Move,376.546875,124.53125
2524.206763982773,2524.206763982773,NoButton,Move,386.80078125,137.15234375
2524.215231180191,2524.215231180191,NoButton,Move,395.4765625,150.5625
2524.223064184189,2524.223064184189,NoButton,Move,404.15234375,163.97265625
2524.231136083603,2524.231136083603,NoButton,Move,411.7578125,176.90234375
2524.239448070526,2524.239448070526,NoButton,Move,419.92578125,192.42578125
2524.247637987137,2524.247637987137,NoButton,Move,427.27734375,207.94921875
2524.2558732032776,2524.2558732032776,NoButton,Move,432.6015625,221.640625
2524.263981103897,2524.263981103897,NoButton,Move,436.40234375,236.09375
2524.2724783420563,2524.2724783420563,NoButton,Move,438.68359375,250.546875
2524.280724287033,2524.280724287033,NoButton,Move,439.44140625,265.0
2524.288898229599,2524.288898229599,NoButton,Move,439.44140625,276.9765625
2524.2970921993256,2524.2970921993256,NoButton,Move,438.76171875,287.796875
2524.305337190628,2524.305337190628,NoButton,Move,434.41796875,295.859375
2524.3135201931,2524.3135201931,NoButton,Move,427.93359375,303.63671875
2524.3218879699707,2524.3218879699707,NoButton,Move,419.50390625,309.46875
2524.3300290107727,2524.3300290107727,NoButton,Move,399.6640625,318.484375
2524.5016582012177,2524.5016582012177,NoButton,Move,399.8984375,319.66796875
2524.509972333908,2524.509972333908,NoButton,Move,405.9765625,329.12109375
2524.5181891918182,2524.5181891918182,NoButton,Move,412.0625,338.58984375
2524.526292324066,2524.526292324066,NoButton,Move,419.10546875,348.453125
2524.5339682102203,2524.5339682102203,NoButton,Move,427.89453125,358.70703125
2524.542015314102,2524.542015314102,NoButton,Move,437.359375,372.1171875
2524.550492286682,2524.550492286682,NoButton,Move,447.61328125,384.73828125
2524.5586681365967,2524.5586681365967,NoButton,Move,457.078125,397.359375
2524.567003250122,2524.567003250122,NoButton,Move,476.3671875,424.1484375
2524.575029373169,2524.575029373169,NoButton,Move,495.65625,449.8671875
2524.5831270217896,2524.5831270217896,NoButton,Move,504.0234375,462.0390625
2524.591678380966,2524.591678380966,NoButton,Move,519.29296875,482.08203125
2524.5999252796173,2524.5999252796173,NoButton,Move,524.4765625,490.5078125
2524.6083111763,2524.6083111763,NoButton,Move,535.09765625,504.3984375
2524.6162481307983,2524.6162481307983,NoButton,Move,542.421875,515.38671875
2524.6244192123413,2524.6244192123413,NoButton,Move,544.23046875,518.5546875
2524.632537126541,2524.632537126541,NoButton,Move,548.1796875,524.1953125
2524.640776157379,2524.640776157379,NoButton,Move,551.23046875,528.26171875
2524.649096250534,2524.649096250534,NoButton,Move,552.81640625,530.24609375
2524.6571662425995,2524.6571662425995,NoButton,Move,553.921875,532.08984375
2524.6654291152954,2524.6654291152954,NoButton,Move,554.4921875,532.66015625
2524.6736612319946,2524.6736612319946,NoButton,Move,555.0625,533.23046875
2524.701478242874,2524.701478242874,Left,Pressed,555.0625,533.23046875
2524.717520236969,2524.717520236969,NoButton,Move,555.18359375,533.3515625
2524.813103199005,2524.813103199005,Left,Released,555.18359375,533.3515625
2524.9765932559967,2524.9765932559967,NoButton,Move,555.18359375,532.88671875
2524.984660387039,2524.984660387039,NoButton,Move,555.18359375,531.0390625
2524.992778301239,2524.992778301239,NoButton,Move,556.5390625,527.4140625
2525.001270055771,2525.001270055771,NoButton,Move,559.21875,522.046875
2525.009333372116,2525.009333372116,NoButton,Move,562.0390625,515.8359375
2525.0177133083344,2525.0177133083344,NoButton,Move,564.859375,509.625
2525.0257472991943,2525.0257472991943,NoButton,Move,571.453125,497.90234375
2525.034371137619,2525.034371137619,NoButton,Move,578.55078125,483.69921875
2525.042214155197,2525.042214155197,NoButton,Move,585.6484375,469.49609375
2525.050094127655,2525.050094127655,NoButton,Move,593.53515625,455.29296875
2525.0583143234253,2525.0583143234253,NoButton,Move,596.75,449.92578125
2525.066478252411,2525.066478252411,NoButton,Move,603.08984375,439.35546875
2525.074656009674,2525.074656009674,NoButton,Move,608.5,429.8828125
2525.082955121994,2525.082955121994,NoButton,Move,613.4609375,422.4375
2525.0912203788757,2525.0912203788757,NoButton,Move,615.16015625,419.88671875
2525.099547147751,2525.099547147751,NoButton,Move,618.2109375,415.30859375
2525.1078732013702,2525.1078732013702,NoButton,Move,620.47265625,412.140625
2525.115782260895,2525.115782260895,NoButton,Move,622.05859375,410.15234375
2525.1240582466125,2525.1240582466125,NoButton,Move,623.1640625,408.671875
2525.1321980953217,2525.1321980953217,NoButton,Move,624.1875,407.64453125
2525.1403193473816,2525.1403193473816,NoButton,Move,624.47265625,407.0703125
2525.1485681533813,2525.1485681533813,NoButton,Move,624.73046875,406.80859375
2525.1568953990936,2525.1568953990936,NoButton,Move,624.98828125,406.546875
2525.1651451587677,2525.1651451587677,NoButton,Move,625.24609375,406.28515625
2525.1732301712036,2525.1732301712036,NoButton,Move,625.50390625,406.28515625
2525.2303302288055,2525.2303302288055,NoButton,Move,625.73828125,406.28515625
2525.3047301769257,2525.3047301769257,NoButton,Move,625.96875,406.28515625
2525.3444731235504,2525.3444731235504,NoButton,Move,626.203125,406.28515625
2525.344824075699,2525.344824075699,NoButton,Move,626.203125,407.22265625
2525.3536751270294,2525.3536751270294,NoButton,Move,626.515625,408.16015625
2525.3616592884064,2525.3616592884064,NoButton,Move,626.515625,409.5234375
2525.370027065277,2525.370027065277,NoButton,Move,626.515625,410.88671875
2525.3780841827393,2525.3780841827393,NoButton,Move,626.515625,412.25
2525.386730194092,2525.386730194092,NoButton,Move,626.515625,414.09375
2525.3943951129913,2525.3943951129913,NoButton,Move,626.515625,415.9375
2525.4026012420654,2525.4026012420654,NoButton,Move,626.515625,417.78125
2525.410811185837,2525.410811185837,NoButton,Move,626.515625,419.625
2525.419046163559,2525.419046163559,NoButton,Move,626.515625,421.46875
2525.4272351264954,2525.4272351264954,NoButton,Move,626.515625,423.3125
2525.435519218445,2525.435519218445,NoButton,Move,626.515625,424.67578125
2525.4435760974884,2525.4435760974884,NoButton,Move,626.515625,426.0390625
2525.4517102241516,2525.4517102241516,NoButton,Move,626.515625,426.9765625
2525.459780216217,2525.459780216217,NoButton,Move,626.515625,428.33984375
2525.467869281769,2525.467869281769,NoButton,Move,626.515625,428.91015625
2525.4761831760406,2525.4761831760406,NoButton,Move,626.515625,429.48046875
2525.4843521118164,2525.4843521118164,NoButton,Move,626.515625,430.05078125
2525.492376089096,2525.492376089096,NoButton,Move,626.515625,430.30859375
2525.50057220459,2525.50057220459,NoButton,Move,626.515625,430.87890625
2525.508726119995,2525.508726119995,NoButton,Move,626.515625,431.13671875
2525.5172021389008,2525.5172021389008,NoButton,Move,626.515625,431.39453125
2525.525292158127,2525.525292158127,NoButton,Move,626.515625,431.65234375
2525.6807811260223,2525.6807811260223,NoButton,Move,626.515625,431.8828125
2525.6885550022125,2525.6885550022125,NoButton,Move,626.515625,432.140625
2525.6973402500153,2525.6973402500153,NoButton,Move,626.515625,432.7109375
2525.704973220825,2525.704973220825,NoButton,Move,626.515625,432.96875
2525.71350812912,2525.71350812912,NoButton,Move,626.515625,433.5390625
2525.7218561172485,2525.7218561172485,NoButton,Move,626.515625,433.796875
2525.7298612594604,2525.7298612594604,NoButton,Move,626.515625,434.0546875
2525.7378771305084,2525.7378771305084,NoButton,Move,626.515625,434.3125
2525.746262073517,2525.746262073517,NoButton,Move,626.515625,434.5703125
2525.7542972564697,2525.7542972564697,NoButton,Move,626.515625,434.828125
2525.762358188629,2525.762358188629,NoButton,Move,626.515625,435.0859375
2525.770575284958,2525.770575284958,NoButton,Move,626.515625,435.34375
2525.7788891792297,2525.7788891792297,NoButton,Move,626.25390625,435.6015625
2525.7868700027466,2525.7868700027466,NoButton,Move,626.25390625,435.859375
2525.79531621933,2525.79531621933,NoButton,Move,626.25390625,436.1171875
2525.803372144699,2525.803372144699,NoButton,Move,626.25390625,436.375
2525.8115932941437,2525.8115932941437,NoButton,Move,626.25390625,436.6328125
2525.820059299469,2525.820059299469,NoButton,Move,626.25390625,436.890625
2525.8282091617584,2525.8282091617584,NoButton,Move,626.25390625,437.1484375
2525.836421251297,2525.836421251297,NoButton,Move,626.25390625,437.40625
2525.845043182373,2525.845043182373,NoButton,Move,625.9921875,437.6640625
2525.860784292221,2525.860784292221,NoButton,Move,625.9921875,437.90625
2525.89377117157,2525.89377117157,NoButton,Move,625.75390625,438.140625
2526.1890790462494,2526.1890790462494,NoButton,Move,625.75390625,437.90625
2526.2214410305023,2526.2214410305023,NoButton,Move,625.75390625,437.66796875
2526.2464492321014,2526.2464492321014,NoButton,Move,625.75390625,437.42578125
2526.335180044174,2526.335180044174,Left,Pressed,625.75390625,437.42578125
2526.551066160202,2526.551066160202,NoButton,Move,625.75390625,436.99609375
2526.567611217499,2526.567611217499,NoButton,Move,625.75390625,435.66796875
2526.5842962265015,2526.5842962265015,NoButton,Move,625.75390625,433.67578125
2526.6009652614594,2526.6009652614594,NoButton,Move,625.75390625,431.62890625
2526.620185136795,2526.620185136795,NoButton,Move,625.75390625,429.97265625
2526.6623542308807,2526.6623542308807,NoButton,Move,625.75390625,428.57421875
2526.6624631881714,2526.6624631881714,NoButton,Move,625.75390625,427.2890625
2526.7324023246765,2526.7324023246765,NoButton,Move,625.75390625,426.01953125
2526.7325172424316,2526.7325172424316,NoButton,Move,625.75390625,424.46875
2526.7326033115387,2526.7326033115387,NoButton,Move,625.75390625,422.62890625
2526.732679128647,2526.732679128647,NoButton,Move,625.75390625,420.7109375
2526.7339441776276,2526.7339441776276,NoButton,Move,625.75390625,419.10546875
2526.751989364624,2526.751989364624,NoButton,Move,625.75390625,417.984375
2526.7683341503143,2526.7683341503143,NoButton,Move,625.75390625,417.13671875
2526.7840411663055,2526.7840411663055,NoButton,Move,625.75390625,416.328125
2526.8006961345673,2526.8006961345673,NoButton,Move,625.75390625,415.3203125
2526.817390203476,2526.817390203476,NoButton,Move,625.75390625,414.15625
2526.8340232372284,2526.8340232372284,NoButton,Move,625.75390625,413.1328125
2526.850814342499,2526.850814342499,NoButton,Move,625.75390625,412.2734375
2526.867475271225,2526.867475271225,NoButton,Move,625.75390625,411.4375
2526.883956193924,2526.883956193924,NoButton,Move,625.75390625,410.75390625
2526.900647163391,2526.900647163391,NoButton,Move,625.75390625,410.22265625
2526.917465209961,2526.917465209961,NoButton,Move,625.75390625,409.6953125
2526.934281349182,2526.934281349182,NoButton,Move,625.75390625,409.16796875
2526.950729370117,2526.950729370117,NoButton,Move,625.75390625,408.77734375
2527.3845591545105,2527.3845591545105,NoButton,Move,625.75390625,408.65625
2527.400992155075,2527.400992155075,NoButton,Move,625.75390625,408.83203125
2527.417647123337,2527.417647123337,NoButton,Move,625.75390625,409.22265625
2527.4345252513885,2527.4345252513885,NoButton,Move,625.75390625,409.70703125
2527.451014280319,2527.451014280319,NoButton,Move,625.75390625,410.2265625
2527.477816104889,2527.477816104889,NoButton,Move,625.75390625,410.90625
2527.4842460155487,2527.4842460155487,NoButton,Move,625.75390625,411.734375
2527.500934123993,2527.500934123993,NoButton,Move,625.75390625,412.46484375
2527.51775932312,2527.51775932312,NoButton,Move,625.75390625,413.15625
2527.5345191955566,2527.5345191955566,NoButton,Move,625.75390625,413.7890625
2527.5511071681976,2527.5511071681976,NoButton,Move,625.46484375,414.328125
2527.5681552886963,2527.5681552886963,NoButton,Move,625.17578125,415.0234375
2527.5843431949615,2527.5843431949615,NoButton,Move,625.17578125,415.703125
2527.6041400432587,2527.6041400432587,NoButton,Move,625.17578125,416.19140625
2527.6176311969757,2527.6176311969757,NoButton,Move,625.17578125,416.49609375
2527.6508700847626,2527.6508700847626,NoButton,Move,625.17578125,416.75
2527.967750310898,2527.967750310898,NoButton,Move,625.17578125,417.11328125
2528.001429080963,2528.001429080963,NoButton,Move,625.17578125,417.421875
2528.0343861579895,2528.0343861579895,NoButton,Move,625.17578125,417.6640625
2528.067668199539,2528.067668199539,NoButton,Move,625.17578125,417.88671875
2528.0843000411987,2528.0843000411987,NoButton,Move,625.17578125,418.046875
2528.117964029312,2528.117964029312,NoButton,Move,625.17578125,418.27734375
2528.1343910694122,2528.1343910694122,NoButton,Move,625.17578125,418.55859375
2528.1509943008423,2528.1509943008423,NoButton,Move,625.17578125,418.79296875
2528.1677753925323,2528.1677753925323,NoButton,Move,625.17578125,419.04296875
2528.1900379657745,2528.1900379657745,NoButton,Move,625.17578125,419.2890625
2528.217695236206,2528.217695236206,NoButton,Move,625.17578125,419.546875
2528.351277112961,2528.351277112961,Left,Released,625.17578125,419.546875
2528.6941339969635,2528.6941339969635,NoButton,Move,626.828125,422.3828125
2528.7022020816803,2528.7022020816803,NoButton,Move,630.2109375,428.58984375
2528.7102720737457,2528.7102720737457,NoButton,Move,633.03125,434.796875
2528.7184813022614,2528.7184813022614,NoButton,Move,636.58203125,441.90234375
2528.726699113846,2528.726699113846,NoButton,Move,640.30078125,449.96484375
2528.734760284424,2528.734760284424,NoButton,Move,643.8515625,457.0703125
2528.7433540821075,2528.7433540821075,NoButton,Move,646.953125,465.75390625
2528.7509512901306,2528.7509512901306,NoButton,Move,650.0546875,474.4375
2528.759462118149,2528.759462118149,NoButton,Move,653.1484375,483.109375
2528.7675321102142,2528.7675321102142,NoButton,Move,659.0625,500.859375
2528.775791168213,2528.775791168213,NoButton,Move,663.96484375,518.015625
2528.7903270721436,2528.7903270721436,NoButton,Move,667.23046875,535.171875
2528.791855096817,2528.791855096817,NoButton,Move,670.3828125,550.94921875
2528.800090074539,2528.800090074539,NoButton,Move,670.91796875,556.84765625
2528.8082983493805,2528.8082983493805,NoButton,Move,672.3828125,570.03515625
2528.8164331912994,2528.8164331912994,NoButton,Move,673.0859375,582.01171875
2528.824517250061,2528.824517250061,NoButton,Move,673.73046875,591.734375
2528.832756280899,2528.832756280899,NoButton,Move,673.73046875,599.43359375
2528.8408641815186,2528.8408641815186,NoButton,Move,673.73046875,606.203125
2528.8490250110626,2528.8490250110626,NoButton,Move,673.21875,611.28515625
2528.857311964035,2528.857311964035,NoButton,Move,670.53515625,616.6484375
2528.865544319153,2528.865544319153,NoButton,Move,668.12890625,620.4921875
2528.873830318451,2528.873830318451,NoButton,Move,664.56640625,624.55859375
2528.8820152282715,2528.8820152282715,NoButton,Move,658.921875,629.0703125
2528.8900871276855,2528.8900871276855,NoButton,Move,651.8125,632.03125
2528.8983891010284,2528.8983891010284,NoButton,Move,643.125,633.890625
2528.90771317482,2528.90771317482,NoButton,Move,632.3515625,635.234375
2528.9155440330505,2528.9155440330505,NoButton,Move,617.89453125,635.9921875
2528.9229102134705,2528.9229102134705,NoButton,Move,592.9765625,635.9921875
2528.9315791130066,2528.9315791130066,NoButton,Move,572.8828125,635.9921875
2528.9393062591553,2528.9393062591553,NoButton,Move,562.05859375,635.3125
2528.9482691287994,2528.9482691287994,NoButton,Move,541.96484375,631.81640625
2528.9562890529633,2528.9562890529633,NoButton,Move,523.3671875,627.58984375
2528.9642691612244,2528.9642691612244,NoButton,Move,506.20703125,622.68359375
2528.9723813533783,2528.9723813533783,NoButton,Move,488.453125,616.765625
2528.9804821014404,2528.9804821014404,NoButton,Move,474.7578125,610.67578125
2528.9887821674347,2528.9887821674347,NoButton,Move,461.34375,601.99609375
2528.9968881607056,2528.9968881607056,NoButton,Move,450.3515625,593.93359375
2529.0051832199097,2529.0051832199097,NoButton,Move,441.19140625,585.4765625
2529.0133492946625,2529.0133492946625,NoButton,Move,432.734375,576.31640625
2529.22652220726,2529.22652220726,NoButton,Move,433.43359375,576.31640625
2529.2344760894775,2529.2344760894775,NoButton,Move,437.0546875,576.31640625
2529.2425541877747,2529.2425541877747,NoButton,Move,440.02734375,576.31640625
2529.2506811618805,2529.2506811618805,NoButton,Move,443.6484375,576.765625
2529.258982181549,2529.258982181549,NoButton,Move,447.97265625,577.24609375
2529.267040014267,2529.267040014267,NoButton,Move,451.59375,577.6953125
2529.2752351760864,2529.2752351760864,NoButton,Move,456.67578125,578.7109375
2529.2830951213837,2529.2830951213837,NoButton,Move,462.57421875,579.78125
2529.2912361621857,2529.2912361621857,NoButton,Move,468.47265625,580.31640625
2529.2994480133057,2529.2994480133057,NoButton,Move,480.44921875,582.4296875
2529.3076741695404,2529.3076741695404,NoButton,Move,493.63671875,584.625
2529.315959215164,2529.315959215164,NoButton,Move,506.82421875,586.8203125
2529.3242280483246,2529.3242280483246,NoButton,Move,518.80078125,588.2265625
2529.3326122760773,2529.3326122760773,NoButton,Move,531.98828125,590.421875
2529.3405990600586,2529.3405990600586,NoButton,Move,537.0703125,590.9296875
2529.348909139633,2529.348909139633,NoButton,Move,546.79296875,592.22265625
2529.3570680618286,2529.3570680618286,NoButton,Move,555.4765625,593.4609375
2529.3653230667114,2529.3653230667114,NoButton,Move,557.85546875,593.85546875
2529.373510122299,2529.373510122299,NoButton,Move,563.75390625,594.390625
2529.381514310837,2529.381514310837,NoButton,Move,567.375,594.83984375
2529.389872074127,2529.389872074127,NoButton,Move,570.34765625,594.83984375
2529.398094177246,2529.398094177246,NoButton,Move,571.7109375,595.1796875
2529.406254053116,2529.406254053116,NoButton,Move,573.07421875,595.1796875
2529.414406299591,2529.414406299591,NoButton,Move,574.01171875,595.1796875
2529.4225351810455,2529.4225351810455,NoButton,Move,574.26953125,595.1796875
2529.4307980537415,2529.4307980537415,NoButton,Move,574.83984375,595.1796875
2529.4390211105347,2529.4390211105347,NoButton,Move,575.09765625,595.1796875
2529.4471883773804,2529.4471883773804,NoButton,Move,575.35546875,595.1796875
2529.455280303955,2529.455280303955,NoButton,Move,575.35546875,595.4375
2529.4847543239594,2529.4847543239594,Left,Pressed,575.35546875,595.4375
2529.5510561466217,2529.5510561466217,Left,Released,575.35546875,595.4375
2529.7258150577545,2529.7258150577545,NoButton,Move,574.1796875,595.4375
2529.7339391708374,2529.7339391708374,NoButton,Move,569.10546875,594.421875
2529.741954088211,2529.741954088211,NoButton,Move,560.02734375,589.8828125
2529.7497730255127,2529.7497730255127,NoButton,Move,548.75390625,584.94921875
2529.75776219368,2529.75776219368,NoButton,Move,524.0859375,573.109375
2529.76585316658,2529.76585316658,NoButton,Move,507.7421875,565.75390625
2529.7743260860443,2529.7743260860443,NoButton,Move,450.0390625,542.671875
2529.782373189926,2529.782373189926,NoButton,Move,407.79296875,527.76171875
2529.790598154068,2529.790598154068,NoButton,Move,365.546875,512.8515625
2529.7988431453705,2529.7988431453705,NoButton,Move,346.94921875,509.46875
2529.807124376297,2529.807124376297,NoButton,Move,310.8359375,501.56640625
2529.815345287323,2529.815345287323,NoButton,Move,296.37890625,500.04296875
2529.8236792087555,2529.8236792087555,NoButton,Move,269.73828125,499.0546875
2529.8320372104645,2529.8320372104645,NoButton,Move,261.05078125,499.0546875
2529.8400871753693,2529.8400871753693,NoButton,Move,243.890625,499.0546875
2529.8484420776367,2529.8484420776367,NoButton,Move,230.69921875,499.0546875
2529.856558084488,2529.856558084488,NoButton,Move,220.97265625,501.64453125
2529.8647611141205,2529.8647611141205,NoButton,Move,213.86328125,504.60546875
2529.8729541301727,2529.8729541301727,NoButton,Move,208.21875,508.5546875
2529.881119251251,2529.881119251251,NoButton,Move,204.1484375,511.60546875
2529.8893270492554,2529.8893270492554,NoButton,Move,200.5859375,515.671875
2529.897547006607,2529.897547006607,NoButton,Move,197.53125,520.24609375
2529.9083302021027,2529.9083302021027,NoButton,Move,192.34375,528.671875
2529.9142940044403,2529.9142940044403,NoButton,Move,191.06640625,531.64453125
2529.9218983650208,2529.9218983650208,NoButton,Move,187.6796875,537.8515625
2529.930931329727,2529.930931329727,NoButton,Move,184.4609375,543.21484375
2529.9382581710815,2529.9382581710815,NoButton,Move,181.77734375,548.578125
2529.9467120170593,2529.9467120170593,NoButton,Move,180.07421875,551.125
2529.954574108124,2529.954574108124,NoButton,Move,177.80859375,554.29296875
2529.9629282951355,2529.9629282951355,NoButton,Move,175.54296875,557.4609375
2529.970598220825,2529.970598220825,NoButton,Move,173.953125,559.4453125
2529.978947162628,2529.978947162628,NoButton,Move,172.47265625,560.921875
2529.9872262477875,2529.9872262477875,NoButton,Move,171.4453125,561.9453125
2529.995535135269,2529.995535135269,NoButton,Move,170.81640625,562.8828125
2530.0037870407104,2530.0037870407104,NoButton,Move,170.2421875,563.16796875
2530.01211810112,2530.01211810112,NoButton,Move,169.98046875,563.42578125
2530.020315170288,2530.020315170288,NoButton,Move,169.71875,563.68359375
2530.0283682346344,2530.0283682346344,NoButton,Move,169.45703125,563.94140625
2530.0367302894592,2530.0367302894592,NoButton,Move,169.45703125,564.19921875
2530.044865131378,2530.044865131378,NoButton,Move,169.1953125,564.19921875
2530.085296154022,2530.085296154022,Left,Pressed,169.1953125,564.19921875
2530.0854630470276,2530.0854630470276,NoButton,Move,169.07421875,564.31640625
2530.152803182602,2530.152803182602,Left,Released,169.07421875,564.31640625
2531.0269632339478,2531.0269632339478,NoButton,Move,169.3046875,564.31640625
2531.035185098648,2531.035185098648,NoButton,Move,172.92578125,564.31640625
2531.043561220169,2531.043561220169,NoButton,Move,177.25,564.31640625
2531.051954269409,2531.051954269409,NoButton,Move,183.1328125,564.31640625
2531.0600802898407,2531.0600802898407,NoButton,Move,195.109375,564.31640625
2531.0682721138,2531.0682721138,NoButton,Move,213.703125,564.31640625
2531.076520204544,2531.076520204544,NoButton,Move,236.953125,563.3828125
2531.084629058838,2531.084629058838,NoButton,Move,291.22265625,560.66796875
2531.0927443504333,2531.0927443504333,NoButton,Move,333.70703125,558.23828125
2531.1014261245728,2531.1014261245728,NoButton,Move,385.50390625,558.23828125
2531.1093270778656,2531.1093270778656,NoButton,Move,441.65234375,558.23828125
2531.1173062324524,2531.1173062324524,NoButton,Move,503.6796875,558.23828125
2531.12539434433,2531.12539434433,NoButton,Move,530.31640625,558.23828125
2531.133488178253,2531.133488178253,NoButton,Move,584.5859375,563.6640625
2531.1418092250824,2531.1418092250824,NoButton,Move,631.609375,568.74609375
2531.150048971176,2531.150048971176,NoButton,Move,647.38671875,569.53125
2534.5034680366516,2534.5034680366516,NoButton,Move,647.15234375,579.08984375
2534.511278152466,2534.511278152466,NoButton,Move,646.0234375,585.859375
2534.5195672512054,2534.5195672512054,NoButton,Move,644.09765625,590.18359375
2534.5276510715485,2534.5276510715485,NoButton,Move,642.171875,594.5078125
2534.53564119339,2534.53564119339,NoButton,Move,639.62890625,599.08203125
2534.5440611839294,2534.5440611839294,NoButton,Move,636.57421875,603.1484375
2534.5523750782013,2534.5523750782013,NoButton,Move,634.30859375,606.31640625
2534.560450077057,2534.560450077057,NoButton,Move,632.18359375,608.86328125
2534.568515062332,2534.568515062332,NoButton,Move,628.81640625,611.74609375
2534.5766961574554,2534.5766961574554,NoButton,Move,623.734375,616.82421875
2534.584856033325,2534.584856033325,NoButton,Move,616.625,620.96875
2534.5930280685425,2534.5930280685425,NoButton,Move,607.546875,625.50390625
2534.6012811660767,2534.6012811660767,NoButton,Move,597.8203125,628.7421875
2534.609565258026,2534.609565258026,NoButton,Move,584.62890625,632.40234375
2534.61766910553,2534.61766910553,NoButton,Move,568.84765625,635.5546875
2534.6259531974792,2534.6259531974792,NoButton,Move,554.390625,638.59765625
2534.634154319763,2534.634154319763,NoButton,Move,539.93359375,640.87890625
2534.642229318619,2534.642229318619,NoButton,Move,534.03125,641.4140625
2534.650381088257,2534.650381088257,NoButton,Move,522.05078125,642.1171875
2534.658679008484,2534.658679008484,NoButton,Move,512.32421875,642.76171875
2534.6666560173035,2534.6666560173035,NoButton,Move,503.63671875,643.37890625
2534.675367116928,2534.675367116928,NoButton,Move,496.86328125,643.37890625
2534.7023191452026,2534.7023191452026,NoButton,Move,490.08984375,643.37890625
2534.7024850845337,2534.7024850845337,NoButton,Move,484.1875,641.76953125
2534.7025542259216,2534.7025542259216,NoButton,Move,478.296875,639.625
2534.707353115082,2534.707353115082,NoButton,Move,472.9296875,636.94140625
2534.7154421806335,2534.7154421806335,NoButton,Move,470.546875,635.75
2534.723675251007,2534.723675251007,NoButton,Move,466.921875,634.390625
2534.7318761348724,2534.7318761348724,NoButton,Move,461.01953125,632.2421875
2534.7403082847595,2534.7403082847595,NoButton,Move,458.04296875,632.2421875
2534.753066301346,2534.753066301346,NoButton,Move,455.06640625,632.2421875
2534.756270170212,2534.756270170212,NoButton,Move,452.08984375,632.2421875
2534.7646012306213,2534.7646012306213,NoButton,Move,446.1875,634.38671875
2534.7727789878845,2534.7727789878845,NoButton,Move,441.359375,638.140625
2534.780915260315,2534.780915260315,NoButton,Move,433.9140625,643.1015625
2534.7891850471497,2534.7891850471497,NoButton,Move,423.34375,648.734375
2534.7973561286926,2534.7973561286926,NoButton,Move,412.0703125,654.3671875
2534.8056721687317,2534.8056721687317,NoButton,Move,399.61328125,659.4921875
2534.813887357712,2534.813887357712,NoButton,Move,387.15625,664.6171875
2534.8220920562744,2534.8220920562744,NoButton,Move,381.25390625,665.6875
2534.8301482200623,2534.8301482200623,NoButton,Move,371.52734375,668.27734375
2534.838570356369,2534.838570356369,NoButton,Move,361.80078125,670.21875
2534.8467121124268,2534.8467121124268,NoButton,Move,358.82421875,670.640625
2534.8548781871796,2534.8548781871796,NoButton,Move,352.921875,671.7109375
2534.8634910583496,2534.8634910583496,NoButton,Move,348.59375,672.671875
2534.871849298477,2534.871849298477,NoButton,Move,344.96875,673.57421875
2534.879903316498,2534.879903316498,NoButton,Move,342.5859375,674.3671875
2534.8885843753815,2534.8885843753815,NoButton,Move,340.73828125,675.47265625
2535.08473610878,2535.08473610878,NoButton,Move,339.3125,675.47265625
2535.0930342674255,2535.0930342674255,NoButton,Move,333.41015625,676.0078125
2535.1008660793304,2535.1008660793304,NoButton,Move,325.70703125,677.78125
2535.1091561317444,2535.1091561317444,NoButton,Move,315.98046875,679.72265625
2535.1172840595245,2535.1172840595245,NoButton,Move,304.0,681.12890625
2535.1256000995636,2535.1256000995636,NoButton,Move,289.54296875,683.41015625
2535.133665084839,2535.133665084839,NoButton,Move,262.90234375,687.35546875
2535.1418633461,2535.1418633461,NoButton,Move,234.48046875,691.4140625
2535.150301218033,2535.150301218033,NoButton,Move,207.83984375,695.359375
2535.158183336258,2535.158183336258,NoButton,Move,195.859375,697.47265625
2535.166479110718,2535.166479110718,NoButton,Move,186.1328125,698.765625
2535.1746621131897,2535.1746621131897,NoButton,Move,167.53515625,702.14453125
2535.1827092170715,2535.1827092170715,NoButton,Move,154.34375,705.07421875
2535.1909770965576,2535.1909770965576,NoButton,Move,150.71875,705.5234375
2535.199136018753,2535.199136018753,NoButton,Move,143.015625,707.296875
2535.207291126251,2535.207291126251,NoButton,Move,138.6875,708.2578125
2535.2155151367188,2535.2155151367188,NoButton,Move,135.0625,708.70703125
2535.2236642837524,2535.2236642837524,NoButton,Move,133.21484375,709.07421875
2535.251583337784,2535.251583337784,Left,Pressed,133.21484375,709.07421875
2535.267562389374,2535.267562389374,NoButton,Move,132.78125,709.21484375
2535.334923028946,2535.334923028946,Left,Released,132.78125,709.21484375
2537.8766000270844,2537.8766000270844,NoButton,Move,132.78125,708.98046875
2537.884761095047,2537.884761095047,NoButton,Move,132.78125,707.61328125
2537.8926672935486,2537.8926672935486,NoButton,Move,132.78125,704.63671875
2537.900903224945,2537.900903224945,NoButton,Move,132.78125,701.66015625
2537.9118242263794,2537.9118242263794,NoButton,Move,132.78125,699.8125
2537.917251110077,2537.917251110077,NoButton,Move,132.78125,697.4296875
2537.9256250858307,2537.9256250858307,NoButton,Move,132.78125,695.58203125
2537.951934337616,2537.951934337616,Left,Pressed,132.78125,695.58203125
2537.967749118805,2537.967749118805,NoButton,Move,132.93359375,694.96875
2538.0681920051575,2538.0681920051575,Left,Released,132.93359375,694.96875
2538.760857105255,2538.760857105255,NoButton,Move,132.93359375,695.19921875
2538.7688403129578,2538.7688403129578,NoButton,Move,133.19140625,695.19921875
2538.785254240036,2538.785254240036,NoButton,Move,133.19140625,695.44140625
2538.79345035553,2538.79345035553,NoButton,Move,133.44921875,695.44140625
2538.809666156769,2538.809666156769,NoButton,Move,133.69140625,695.44140625
2538.8179631233215,2538.8179631233215,NoButton,Move,133.69140625,695.69921875
2538.834213256836,2538.834213256836,NoButton,Move,133.93359375,695.69921875
2538.850520133972,2538.850520133972,NoButton,Move,134.17578125,695.69921875
2538.858859062195,2538.858859062195,NoButton,Move,134.43359375,695.69921875
2538.8669481277466,2538.8669481277466,NoButton,Move,134.69140625,695.69921875
2538.8752312660217,2538.8752312660217,NoButton,Move,134.94921875,695.69921875
2538.883364200592,2538.883364200592,NoButton,Move,135.20703125,695.95703125
2538.8914983272552,2538.8914983272552,NoButton,Move,135.46484375,695.95703125
2538.8998222351074,2538.8998222351074,NoButton,Move,135.72265625,695.95703125
2538.908554315567,2538.908554315567,NoButton,Move,135.98046875,695.95703125
2538.915610074997,2538.915610074997,NoButton,Move,136.23828125,695.95703125
2538.9236781597137,2538.9236781597137,NoButton,Move,136.80859375,695.95703125
2538.9320073127747,2538.9320073127747,NoButton,Move,137.06640625,695.95703125
2538.939924955368,2538.939924955368,NoButton,Move,137.63671875,695.95703125
2538.948244333267,2538.948244333267,NoButton,Move,137.89453125,695.95703125
2538.9567720890045,2538.9567720890045,NoButton,Move,138.46484375,695.95703125
2538.964942216873,2538.964942216873,NoButton,Move,138.72265625,695.95703125
2538.9729840755463,2538.9729840755463,NoButton,Move,138.98046875,695.95703125
2538.981252193451,2538.981252193451,NoButton,Move,139.55078125,695.95703125
2538.9897181987762,2538.9897181987762,NoButton,Move,139.80859375,695.95703125
2538.99795126915,2538.99795126915,NoButton,Move,140.06640625,695.95703125
2539.006239414215,2539.006239414215,NoButton,Move,140.32421875,695.95703125
2539.015417098999,2539.015417098999,NoButton,Move,140.58203125,695.95703125
2539.022655248642,2539.022655248642,NoButton,Move,140.83984375,695.95703125
2539.0307409763336,2539.0307409763336,NoButton,Move,141.09765625,695.95703125
2539.0472292900085,2539.0472292900085,NoButton,Move,141.33984375,695.95703125
2540.668505191803,2540.668505191803,NoButton,Move,141.33984375,695.26171875
2540.6762652397156,2540.6762652397156,NoButton,Move,145.6796875,687.1953125
2540.684449195862,2540.684449195862,NoButton,Move,153.00390625,676.203125
2540.6925551891327,2540.6925551891327,NoButton,Move,162.1328125,664.7890625
2540.7006583213806,2540.7006583213806,NoButton,Move,173.96484375,650.41796875
2540.7091541290283,2540.7091541290283,NoButton,Move,189.29296875,635.0859375
2540.7173380851746,2540.7173380851746,NoButton,Move,220.8515625,605.94921875
2540.7255852222443,2540.7255852222443,NoButton,Move,259.8359375,574.7578125
2540.733894109726,2540.733894109726,NoButton,Move,279.36328125,561.734375
2540.7419152259827,2540.7419152259827,NoButton,Move,349.47265625,516.078125
2540.750043153763,2540.750043153763,NoButton,Move,369.30859375,506.15625
2540.758279323578,2540.758279323578,NoButton,Move,409.3671875,489.16015625
2540.766428232193,2540.766428232193,NoButton,Move,446.38671875,477.58984375
2540.7746102809906,2540.7746102809906,NoButton,Move,479.38671875,468.7890625
2540.782578229904,2540.782578229904,NoButton,Move,509.640625,464.61328125
2540.790734052658,2540.790734052658,NoButton,Move,521.6171875,464.61328125
2540.799114227295,2540.799114227295,NoButton,Move,543.2578125,464.61328125
2540.8073122501373,2540.8073122501373,NoButton,Move,550.95703125,464.61328125
2540.815467119217,2540.815467119217,NoButton,Move,565.41015625,464.61328125
2540.9632120132446,2540.9632120132446,NoButton,Move,565.41015625,464.14453125
2540.970548391342,2540.970548391342,NoButton,Move,565.41015625,459.81640625
2540.979301214218,2540.979301214218,NoButton,Move,568.6171875,454.46484375
2540.987245082855,2540.987245082855,NoButton,Move,572.76171875,447.9453125
2540.995821237564,2540.995821237564,NoButton,Move,578.08984375,442.01953125
2541.003871202469,2541.003871202469,NoButton,Move,584.9140625,435.8125
2541.0120062828064,2541.0120062828064,NoButton,Move,597.984375,423.5546875
2541.020267009735,2541.020267009735,NoButton,Move,617.51171875,410.53125
2541.0284361839294,2541.0284361839294,NoButton,Move,639.55078125,398.0703125
2541.036623239517,2541.036623239517,NoButton,Move,664.21484375,387.21484375
2541.044771194458,2541.044771194458,NoButton,Move,693.42578125,377.82421875
2541.0529630184174,2541.0529630184174,NoButton,Move,720.0625,371.90234375
2541.061056137085,2541.061056137085,NoButton,Move,733.25,370.43359375
2541.0691771507263,2541.0691771507263,NoButton,Move,756.5,367.640625
2541.077359199524,2541.077359199524,NoButton,Move,765.18359375,367.640625
2541.085554122925,2541.085554122925,NoButton,Move,780.9609375,366.0625
2541.0938580036163,2541.0938580036163,NoButton,Move,785.28515625,366.0625
2541.1022481918335,2541.1022481918335,NoButton,Move,792.984375,366.0625
2541.1103522777557,2541.1103522777557,NoButton,Move,797.30859375,365.578125
2541.2003121376038,2541.2003121376038,NoButton,Move,796.34375,365.578125
2541.2086493968964,2541.2086493968964,NoButton,Move,792.49609375,367.98046875
2541.216747045517,2541.216747045517,NoButton,Move,788.42578125,371.03125
2541.224894285202,2541.224894285202,NoButton,Move,784.35546875,374.08203125
2541.232931137085,2541.232931137085,NoButton,Move,780.28515625,377.1328125
2541.241187095642,2541.241187095642,NoButton,Move,777.11328125,379.39453125
2541.2513389587402,2541.2513389587402,NoButton,Move,773.265625,381.796875
2541.2580111026764,2541.2580111026764,NoButton,Move,768.6875,384.3359375
2541.279867172241,2541.279867172241,NoButton,Move,764.359375,386.2578125
2541.280122280121,2541.280122280121,NoButton,Move,760.03125,387.69921875
2541.283492088318,2541.283492088318,NoButton,Move,751.96484375,391.41796875
2541.290266275406,2541.290266275406,NoButton,Move,744.26171875,394.37890625
2541.300544977188,2541.300544977188,NoButton,Move,735.57421875,396.859375
2541.306769132614,2541.306769132614,NoButton,Move,727.875,399.81640625
2541.3177530765533,2541.3177530765533,NoButton,Move,720.171875,402.18359375
2541.3228652477264,2541.3228652477264,NoButton,Move,713.3984375,404.4375
2541.3336193561554,2541.3336193561554,NoButton,Move,707.49609375,406.04296875
2541.3394792079926,2541.3394792079926,NoButton,Move,701.59375,408.1875
2541.350137233734,2541.350137233734,NoButton,Move,697.265625,409.62890625
2541.3560214042664,2541.3560214042664,NoButton,Move,692.9375,411.55078125
2541.3642983436584,2541.3642983436584,NoButton,Move,688.609375,412.9921875
2541.3719942569733,2541.3719942569733,NoButton,Move,685.6328125,414.265625
2541.3803441524506,2541.3803441524506,NoButton,Move,682.0078125,415.62109375
2541.3886761665344,2541.3886761665344,NoButton,Move,680.16015625,415.98828125
2541.3969321250916,2541.3969321250916,NoButton,Move,677.77734375,416.78125
2541.4048120975494,2541.4048120975494,NoButton,Move,675.39453125,417.17578125
2541.4130051136017,2541.4130051136017,NoButton,Move,673.546875,417.54296875
2541.4210691452026,2541.4210691452026,NoButton,Move,671.69921875,417.91015625
2541.4293990135193,2541.4293990135193,NoButton,Move,670.7578125,417.91015625
2541.437751054764,2541.437751054764,NoButton,Move,669.81640625,417.91015625
2541.445887327194,2541.445887327194,NoButton,Move,669.2421875,417.91015625
2541.4685759544373,2541.4685759544373,Left,Pressed,669.2421875,417.91015625
2541.484525203705,2541.484525203705,NoButton,Move,668.97265625,417.91015625
2541.5970191955566,2541.5970191955566,Left,Released,668.97265625,417.91015625
2541.909954071045,2541.909954071045,NoButton,Move,668.97265625,417.67578125
2541.91263628006,2541.91263628006,NoButton,Move,668.97265625,416.30859375
2541.9212033748627,2541.9212033748627,NoButton,Move,668.97265625,414.94140625
2541.9291932582855,2541.9291932582855,NoButton,Move,669.65234375,413.57421875
2541.9372820854187,2541.9372820854187,NoButton,Move,670.33203125,412.20703125
2541.9454061985016,2541.9454061985016,NoButton,Move,670.95703125,411.265625
2541.9536621570587,2541.9536621570587,NoButton,Move,672.14453125,408.8828125
2542.0742502212524,2542.0742502212524,NoButton,Move,673.25,407.40234375
2542.0743832588196,2542.0743832588196,NoButton,Move,673.9296875,406.03515625
2542.0744853019714,2542.0744853019714,NoButton,Move,674.609375,404.66796875
2542.0746841430664,2542.0746841430664,NoButton,Move,675.1796875,404.09375
2542.0752460956573,2542.0752460956573,NoButton,Move,675.75,403.51953125
2542.0753593444824,2542.0753593444824,NoButton,Move,676.03515625,402.9453125
2542.0754160881042,2542.0754160881042,NoButton,Move,676.29296875,402.68359375
2542.075534105301,2542.075534105301,Left,Pressed,676.29296875,402.68359375
2542.075626373291,2542.075626373291,NoButton,Move,676.4140625,402.68359375
2542.13436126709,2542.13436126709,Left,Released,676.4140625,402.68359375
2542.30589222908,2542.30589222908,NoButton,Move,676.4140625,402.9140625
2542.3137142658234,2542.3137142658234,NoButton,Move,676.4140625,403.8515625
2542.321920156479,2542.321920156479,NoButton,Move,676.75390625,405.21484375
2542.3301911354065,2542.3301911354065,NoButton,Move,677.37890625,406.15234375
2542.33837723732,2542.33837723732,NoButton,Move,678.56640625,408.53125
2542.3465871810913,2542.3465871810913,NoButton,Move,679.24609375,409.89453125
2542.3547220230103,2542.3547220230103,NoButton,Move,680.83203125,411.87890625
2542.362675189972,2542.362675189972,NoButton,Move,681.9375,413.35546875
2542.370849132538,2542.370849132538,NoButton,Move,683.4140625,414.83203125
2542.37934422493,2542.37934422493,NoButton,Move,684.15234375,416.67578125
2542.3874971866608,2542.3874971866608,NoButton,Move,685.08984375,417.30078125
2542.3952391147614,2542.3952391147614,NoButton,Move,685.71484375,418.23828125
2542.4032833576202,2542.4032833576202,NoButton,Move,686.28515625,418.23828125
2542.4114141464233,2542.4114141464233,NoButton,Move,686.28515625,418.49609375
2542.4196033477783,2542.4196033477783,NoButton,Move,686.85546875,418.78125
2542.4278151988983,2542.4278151988983,NoButton,Move,687.11328125,418.78125
2542.4361431598663,2542.4361431598663,NoButton,Move,687.37109375,418.78125
2542.4444811344147,2542.4444811344147,NoButton,Move,687.62890625,418.78125
2542.468891143799,2542.468891143799,NoButton,Move,687.8671875,418.78125
2542.501631259918,2542.501631259918,Left,Pressed,687.8671875,418.78125
2542.6014683246613,2542.6014683246613,Left,Released,687.8671875,418.78125
2542.854484319687,2542.854484319687,NoButton,Move,688.328125,418.78125
2542.861871242523,2542.861871242523,NoButton,Move,688.5859375,418.78125
2542.8704953193665,2542.8704953193665,NoButton,Move,689.15625,418.78125
2542.8787491321564,2542.8787491321564,NoButton,Move,690.09375,418.78125
2542.88694024086,2542.88694024086,NoButton,Move,691.03125,418.46484375
2542.8951573371887,2542.8951573371887,NoButton,Move,691.96875,417.8359375
2542.9030141830444,2542.9030141830444,NoButton,Move,693.33203125,417.4921875
2542.911506175995,2542.911506175995,NoButton,Move,694.26953125,416.86328125
2542.919543027878,2542.919543027878,NoButton,Move,695.6328125,416.51953125
2542.9275641441345,2542.9275641441345,NoButton,Move,696.5703125,415.890625
2542.9358813762665,2542.9358813762665,NoButton,Move,697.5078125,415.57421875
2542.9442710876465,2542.9442710876465,NoButton,Move,698.87109375,414.890625
2542.9521663188934,2542.9521663188934,NoButton,Move,699.80859375,414.57421875
2542.960461139679,2542.960461139679,NoButton,Move,700.74609375,414.2578125
2542.968784093857,2542.968784093857,NoButton,Move,701.68359375,413.94140625
2542.976944208145,2542.976944208145,NoButton,Move,702.25390625,413.65234375
2542.9850511550903,2542.9850511550903,NoButton,Move,702.82421875,413.65234375
2542.9933412075043,2542.9933412075043,NoButton,Move,703.39453125,413.36328125
2543.001676082611,2543.001676082611,NoButton,Move,703.96484375,413.36328125
2543.0097053050995,2543.0097053050995,NoButton,Move,704.22265625,413.36328125
2543.0178961753845,2543.0178961753845,NoButton,Move,704.48046875,413.36328125
2543.0260372161865,2543.0260372161865,NoButton,Move,705.05078125,413.36328125
2543.034210205078,2543.034210205078,NoButton,Move,705.30859375,413.36328125
2543.042380094528,2543.042380094528,NoButton,Move,705.56640625,413.36328125
2543.0505180358887,2543.0505180358887,NoButton,Move,705.82421875,413.36328125
2543.058839082718,2543.058839082718,NoButton,Move,706.08203125,413.36328125
2543.0669910907745,2543.0669910907745,NoButton,Move,706.33984375,413.36328125
2543.091791152954,2543.091791152954,NoButton,Move,706.578125,413.36328125
2543.1182823181152,2543.1182823181152,Left,Pressed,706.578125,413.36328125
2543.2180831432343,2543.2180831432343,Left,Released,706.578125,413.36328125
2544.245637178421,2544.245637178421,NoButton,Move,706.578125,424.6328125
2544.2538170814514,2544.2538170814514,NoButton,Move,707.28125,436.609375
2544.261934041977,2544.261934041977,NoButton,Move,707.984375,448.5859375
2544.2707302570343,2544.2707302570343,NoButton,Move,709.3359375,459.40625
2544.278703212738,2544.278703212738,NoButton,Move,709.98046875,469.12890625
2544.2868251800537,2544.2868251800537,NoButton,Move,710.625,478.8515625
2544.29482626915,2544.29482626915,NoButton,Move,711.2421875,487.53515625
2544.303253173828,2544.303253173828,NoButton,Move,711.859375,496.21875
2544.311172246933,2544.311172246933,NoButton,Move,711.859375,502.98828125
2544.3197021484375,2544.3197021484375,NoButton,Move,711.859375,517.41015625
2544.3276600837708,2544.3276600837708,NoButton,Move,709.66015625,530.59765625
2544.3358681201935,2544.3358681201935,NoButton,Move,705.26171875,543.78515625
2544.344164133072,2544.344164133072,NoButton,Move,698.6640625,555.50390625
2544.352672100067,2544.352672100067,NoButton,Move,690.29296875,567.67578125
2544.3604822158813,2544.3604822158813,NoButton,Move,671.0078125,588.98828125
2544.36874628067,2544.36874628067,NoButton,Move,654.7734375,603.4140625
2544.376909017563,2544.376909017563,NoButton,Move,633.6875,617.78515625
2544.385060071945,2544.385060071945,NoButton,Move,607.6015625,633.43359375
2544.3932070732117,2544.3932070732117,NoButton,Move,578.6640625,648.43359375
2544.4013271331787,2544.4013271331787,NoButton,Move,546.7578125,662.734375
2544.409692287445,2544.409692287445,NoButton,Move,513.75390625,674.83203125
2544.417815208435,2544.417815208435,NoButton,Move,482.671875,685.546875
2544.4260473251343,2544.4260473251343,NoButton,Move,470.69140625,689.06640625
2544.4341611862183,2544.4341611862183,NoButton,Move,460.96484375,691.0078125
2544.7291271686554,2544.7291271686554,NoButton,Move,460.5,691.0078125
2544.73717713356,2544.73717713356,NoButton,Move,455.4140625,691.0078125
2544.745322227478,2544.745322227478,NoButton,Move,449.51171875,691.0078125
2544.753488302231,2544.753488302231,NoButton,Move,440.82421875,691.0078125
2544.76171207428,2544.76171207428,NoButton,Move,422.2265625,691.0078125
2544.769790172577,2544.769790172577,NoButton,Move,398.97265625,689.14453125
2544.7780582904816,2544.7780582904816,NoButton,Move,368.71484375,684.96875
2544.7862322330475,2544.7862322330475,NoButton,Move,336.5625,680.6796875
2544.794503211975,2544.794503211975,NoButton,Move,302.45703125,674.078125
2544.8025929927826,2544.8025929927826,NoButton,Move,270.3046875,668.71875
2544.8107471466064,2544.8107471466064,NoButton,Move,257.11328125,666.51953125
2544.818996191025,2544.818996191025,NoButton,Move,233.859375,661.8671875
2544.827177286148,2544.827177286148,NoButton,Move,226.15625,660.08984375
2544.835662126541,2544.835662126541,NoButton,Move,211.69921875,657.04296875
2544.843665122986,2544.843665122986,NoButton,Move,199.71875,654.22265625
2544.866473197937,2544.866473197937,NoButton,Move,191.03125,651.73828125
2544.8666973114014,2544.8666973114014,NoButton,Move,188.0546875,650.88671875
2544.8681361675262,2544.8681361675262,NoButton,Move,182.96875,649.359375
2544.875965356827,2544.875965356827,NoButton,Move,178.640625,647.9140625
2544.8903522491455,2544.8903522491455,NoButton,Move,175.6640625,646.63671875
2544.892438173294,2544.892438173294,NoButton,Move,173.28125,645.83984375
2544.900656223297,2544.900656223297,NoButton,Move,171.43359375,645.09765625
2544.909977197647,2544.909977197647,NoButton,Move,169.59375,644.359375
2544.917090177536,2544.917090177536,NoButton,Move,168.2265625,643.67578125
2544.925394296646,2544.925394296646,NoButton,Move,167.28515625,643.046875
2544.9339661598206,2544.9339661598206,NoButton,Move,166.34375,642.73046875
2544.941727399826,2544.941727399826,NoButton,Move,165.76953125,642.44140625
2544.9499173164368,2544.9499173164368,NoButton,Move,165.5078125,642.1796875
2544.95813703537,2544.95813703537,NoButton,Move,165.24609375,642.1796875
2544.984724998474,2544.984724998474,Left,Pressed,165.24609375,642.1796875
2545.101193189621,2545.101193189621,Left,Released,165.24609375,642.1796875
2545.3921983242035,2545.3921983242035,NoButton,Move,165.24609375,641.24609375
2545.653920173645,2545.653920173645,NoButton,Move,164.515625,644.640625
2545.6619832515717,2545.6619832515717,NoButton,Move,163.609375,648.26171875
2545.670354127884,2545.670354127884,NoButton,Move,161.83203125,655.9609375
2545.6785593032837,2545.6785593032837,NoButton,Move,160.0546875,663.66015625
2545.6870200634003,2545.6870200634003,NoButton,Move,158.92578125,670.4296875
2545.6949853897095,2545.6949853897095,NoButton,Move,157.23046875,677.19921875
2545.7027640342712,2545.7027640342712,NoButton,Move,155.62109375,683.09765625
2545.7111160755157,2545.7111160755157,NoButton,Move,153.47265625,688.99609375
2545.719449043274,2545.719449043274,NoButton,Move,151.9453125,694.078125
2545.727613210678,2545.727613210678,NoButton,Move,150.41796875,699.16015625
2545.735989332199,2545.735989332199,NoButton,Move,148.4921875,703.484375
2545.7441442012787,2545.7441442012787,NoButton,Move,147.1328125,707.10546875
2545.7523691654205,2545.7523691654205,NoButton,Move,145.6875,711.4296875
2545.760452270508,2545.760452270508,NoButton,Move,144.328125,715.05078125
2545.7686581611633,2545.7686581611633,NoButton,Move,143.05078125,718.0234375
2545.7767221927643,2545.7767221927643,NoButton,Move,141.69140625,721.64453125
2545.7852153778076,2545.7852153778076,NoButton,Move,141.0078125,723.0078125
2545.793163061142,2545.793163061142,NoButton,Move,140.2109375,725.38671875
2545.8014299869537,2545.8014299869537,NoButton,Move,139.01953125,727.765625
2545.8098380565643,2545.8098380565643,NoButton,Move,138.27734375,729.609375
2545.8178622722626,2545.8178622722626,NoButton,Move,137.93359375,730.97265625
2545.825928211212,2545.825928211212,NoButton,Move,137.6171875,731.91015625
2545.834185361862,2545.834185361862,NoButton,Move,137.328125,732.48046875
2545.8423161506653,2545.8423161506653,NoButton,Move,137.0390625,733.05078125
2545.850654363632,2545.850654363632,NoButton,Move,137.0390625,733.30859375
2545.8683502674103,2545.8683502674103,Left,Pressed,137.0390625,733.30859375
2545.884387254715,2545.884387254715,NoButton,Move,137.0390625,733.4296875
2545.968341112137,2545.968341112137,Left,Released,137.0390625,733.4296875
2548.7725360393524,2548.7725360393524,NoButton,Move,137.0390625,730.8828125
2548.780553340912,2548.780553340912,NoButton,Move,137.0390625,726.5546875
2548.788774251938,2548.788774251938,NoButton,Move,137.0390625,724.171875
2548.797034263611,2548.797034263611,NoButton,Move,137.0390625,722.8046875
2548.8052232265472,2548.8052232265472,NoButton,Move,137.0390625,721.86328125
2548.813716173172,2548.813716173172,NoButton,Move,137.0390625,721.2890625
2548.8215701580048,2548.8215701580048,NoButton,Move,137.0390625,721.02734375
2548.8299741744995,2548.8299741744995,NoButton,Move,137.0390625,720.765625
2549.5755541324615,2549.5755541324615,NoButton,Move,137.0390625,720.30078125
2549.5838420391083,2549.5838420391083,NoButton,Move,137.0390625,717.91796875
2549.5917801856995,2549.5917801856995,NoButton,Move,139.16015625,715.3671875
2549.5999569892883,2549.5999569892883,NoButton,Move,145.36328125,708.5390625
2549.608160018921,2549.608160018921,NoButton,Move,153.81640625,699.37890625
2549.6163182258606,2549.6163182258606,NoButton,Move,168.18359375,686.69921875
2549.6243891716003,2549.6243891716003,NoButton,Move,200.1875,661.8046875
2549.632805109024,2549.632805109024,NoButton,Move,230.65625,641.48828125
2549.640798330307,2549.640798330307,NoButton,Move,268.28515625,619.63671875
2549.648933172226,2549.648933172226,NoButton,Move,312.46875,597.54296875
2549.657235145569,2549.657235145569,NoButton,Move,356.953125,579.74609375
2549.6653921604156,2549.6653921604156,NoButton,Move,405.03515625,564.1484375
2549.6736283302307,2549.6736283302307,NoButton,Move,428.28515625,559.49609375
2549.6817951202393,2549.6817951202393,NoButton,Move,470.76953125,552.2109375
2549.6897451877594,2549.6897451877594,NoButton,Move,506.87890625,547.6953125
2549.6976959705353,2549.6976959705353,NoButton,Move,520.06640625,547.6953125
2549.7056744098663,2549.7056744098663,NoButton,Move,544.98046875,547.6953125
2549.713864326477,2549.713864326477,NoButton,Move,552.6796875,547.6953125
2549.72208404541,2549.72208404541,NoButton,Move,567.1328125,547.6953125
2549.7302491664886,2549.7302491664886,NoButton,Move,570.75390625,548.59765625
2549.7384402751923,2549.7384402751923,NoButton,Move,578.453125,550.37109375
2549.7470252513885,2549.7470252513885,NoButton,Move,582.07421875,552.1796875
2550.0012662410736,2550.0012662410736,NoButton,Move,581.83984375,552.1796875
2550.00923538208,2550.00923538208,NoButton,Move,579.9921875,551.80859375
2550.017766237259,2550.017766237259,NoButton,Move,577.609375,551.01171875
2550.0256340503693,2550.0256340503693,NoButton,Move,574.6328125,549.734375
2550.0338962078094,2550.0338962078094,NoButton,Move,571.4609375,547.921875
2550.0420281887054,2550.0420281887054,NoButton,Move,567.1328125,546.4765625
2550.0501902103424,2550.0501902103424,NoButton,Move,562.8046875,544.55078125
2550.0583782196045,2550.0583782196045,NoButton,Move,558.4765625,543.10546875
2550.066491127014,2550.066491127014,NoButton,Move,554.1484375,541.66015625
2550.0747051239014,2550.0747051239014,NoButton,Move,549.0625,540.1328125
2550.082777261734,2550.082777261734,NoButton,Move,543.9765625,538.60546875
2550.0910382270813,2550.0910382270813,NoButton,Move,538.07421875,537.53125
2550.099275112152,2550.099275112152,NoButton,Move,532.98828125,536.51171875
2550.107144355774,2550.107144355774,NoButton,Move,527.90234375,535.4921875
2550.1152942180634,2550.1152942180634,NoButton,Move,522.81640625,534.98046875
2550.12388920784,2550.12388920784,NoButton,Move,517.73046875,533.9609375
2550.132009267807,2550.132009267807,NoButton,Move,512.64453125,533.44921875
2550.1404242515564,2550.1404242515564,NoButton,Move,510.796875,533.078125
2550.148376226425,2550.148376226425,NoButton,Move,507.171875,532.625
2550.1566021442413,2550.1566021442413,NoButton,Move,503.546875,532.625
2550.169485092163,2550.169485092163,NoButton,Move,500.5703125,531.7734375
2550.5088560581207,2550.5088560581207,NoButton,Move,500.3359375,531.7734375
2550.5166993141174,2550.5166993141174,NoButton,Move,497.359375,531.7734375
2550.5246613025665,2550.5246613025665,NoButton,Move,487.6328125,531.7734375
2550.5329332351685,2550.5329332351685,NoButton,Move,474.44140625,533.23828125
2550.5412123203278,2550.5412123203278,NoButton,Move,442.2890625,538.59375
2550.5494079589844,2550.5494079589844,NoButton,Move,408.18359375,545.19140625
2550.557694196701,2550.557694196701,NoButton,Move,367.875,552.30078125
2550.565821170807,2550.565821170807,NoButton,Move,319.7890625,563.99609375
2550.5741333961487,2550.5741333961487,NoButton,Move,269.31640625,575.94921875
2550.5822291374207,2550.5822291374207,NoButton,Move,247.671875,581.359375
2550.5903041362762,2550.5903041362762,NoButton,Move,206.39453125,592.28125
2550.5980410575867,2550.5980410575867,NoButton,Move,191.9375,596.84375
2550.6062331199646,2550.6062331199646,NoButton,Move,164.53125,604.9609375
2550.6146092414856,2550.6146092414856,NoButton,Move,155.84375,607.44140625
2550.6227571964264,2550.6227571964264,NoButton,Move,140.0625,612.171875
2550.63107919693,2550.63107919693,NoButton,Move,135.734375,613.61328125
2550.6395540237427,2550.6395540237427,NoButton,Move,127.046875,615.47265625
2553.4232261180878,2553.4232261180878,NoButton,Move,127.046875,616.625
2553.4311842918396,2553.4311842918396,NoButton,Move,127.046875,618.46875
2553.4393022060394,2553.4393022060394,NoButton,Move,127.46875,621.44140625
2553.4476301670074,2553.4476301670074,NoButton,Move,127.86328125,623.8203125
2553.455709218979,2553.455709218979,NoButton,Move,128.7109375,626.79296875
2553.4639213085175,2553.4639213085175,NoButton,Move,129.16015625,630.4140625
2553.472122192383,2553.472122192383,NoButton,Move,130.17578125,635.49609375
2553.4801852703094,2553.4801852703094,NoButton,Move,130.7109375,641.39453125
2553.488596200943,2553.488596200943,NoButton,Move,131.24609375,647.29296875
2553.4967732429504,2553.4967732429504,NoButton,Move,131.75390625,652.375
2553.505053281784,2553.505053281784,NoButton,Move,132.12109375,654.21875
2553.512959957123,2553.512959957123,NoButton,Move,132.12109375,658.54296875
2553.5208191871643,2553.5208191871643,NoButton,Move,132.12109375,662.1640625
2553.52889418602,2553.52889418602,NoButton,Move,132.12109375,664.54296875
2553.5371429920197,2553.5371429920197,NoButton,Move,132.12109375,666.921875
2553.545236349106,2553.545236349106,NoButton,Move,132.12109375,668.765625
2553.553705215454,2553.553705215454,NoButton,Move,132.12109375,670.12890625
2553.5617411136627,2553.5617411136627,NoButton,Move,132.12109375,671.06640625
2553.5701792240143,2553.5701792240143,NoButton,Move,132.12109375,672.00390625
2553.5784640312195,2553.5784640312195,NoButton,Move,132.12109375,672.26171875
2553.5866260528564,2553.5866260528564,NoButton,Move,132.12109375,672.83203125
2553.5947551727295,2553.5947551727295,NoButton,Move,132.12109375,673.08984375
2553.6028871536255,2553.6028871536255,NoButton,Move,132.12109375,673.34765625
2553.7518362998962,2553.7518362998962,Left,Pressed,132.12109375,673.34765625
2553.9018862247467,2553.9018862247467,Left,Released,132.12109375,673.34765625
2556.135414123535,2556.135414123535,Left,Pressed,132.12109375,673.34765625
2556.2683231830597,2556.2683231830597,NoButton,Move,132.12109375,672.921875
2556.284701347351,2556.284701347351,NoButton,Move,132.12109375,671.7578125
2556.3012611865997,2556.3012611865997,NoButton,Move,132.12109375,667.546875
2556.329521179199,2556.329521179199,NoButton,Move,132.12109375,656.7890625
2556.3391852378845,2556.3391852378845,NoButton,Move,132.12109375,640.0
2556.353392124176,2556.353392124176,NoButton,Move,132.9296875,619.57421875
2556.3677191734314,2556.3677191734314,NoButton,Move,134.5234375,597.7109375
2556.384443283081,2556.384443283081,NoButton,Move,135.8828125,576.484375
2556.4010512828827,2556.4010512828827,NoButton,Move,136.59765625,559.53125
2556.417691230774,2556.417691230774,NoButton,Move,137.1875,545.69921875
2556.4343631267548,2556.4343631267548,NoButton,Move,137.72265625,534.70703125
2556.4510991573334,2556.4510991573334,NoButton,Move,138.0,527.6015625
2556.4677402973175,2556.4677402973175,NoButton,Move,138.2109375,522.12109375
2556.4843780994415,2556.4843780994415,NoButton,Move,138.23046875,518.72265625
2556.5012600421906,2556.5012600421906,NoButton,Move,138.23046875,516.94921875
2556.5177142620087,2556.5177142620087,NoButton,Move,138.23046875,516.09765625
2556.5343091487885,2556.5343091487885,NoButton,Move,138.23046875,515.5703125
2556.5509870052338,2556.5509870052338,NoButton,Move,138.23046875,514.83984375
2556.5677621364594,2556.5677621364594,NoButton,Move,138.23046875,512.96484375
2556.584452152252,2556.584452152252,NoButton,Move,138.23046875,510.0546875
2556.6011011600494,2556.6011011600494,NoButton,Move,138.23046875,506.97265625
2556.61802816391,2556.61802816391,NoButton,Move,138.23046875,504.05859375
2556.63454413414,2556.63454413414,NoButton,Move,138.23046875,501.87109375
2556.652333021164,2556.652333021164,NoButton,Move,138.0859375,500.6171875
2556.9186832904816,2556.9186832904816,Left,Released,138.0859375,500.6171875
2558.0904252529144,2558.0904252529144,NoButton,Move,138.0859375,500.3828125
2558.0979623794556,2558.0979623794556,NoButton,Move,138.0859375,500.12109375
2558.1059951782227,2558.1059951782227,NoButton,Move,138.0859375,499.859375
2558.1144852638245,2558.1144852638245,NoButton,Move,138.0859375,499.28515625
2558.1221652030945,2558.1221652030945,NoButton,Move,138.0859375,498.34375
2558.130768299103,2558.130768299103,NoButton,Move,138.0859375,496.9765625
2558.138946056366,2558.138946056366,NoButton,Move,138.0859375,495.12890625
2558.1472980976105,2558.1472980976105,NoButton,Move,137.66015625,492.1640625
2558.1553201675415,2558.1553201675415,NoButton,Move,137.234375,489.1875
2558.1633982658386,2558.1633982658386,NoButton,Move,136.328125,485.5625
2558.171731233597,2558.171731233597,NoButton,Move,135.81640625,480.4765625
2558.1799490451813,2558.1799490451813,NoButton,Move,134.796875,475.390625
2558.18768119812,2558.18768119812,NoButton,Move,133.77734375,470.3046875
2558.1957070827484,2558.1957070827484,NoButton,Move,132.703125,464.40234375
2558.204124212265,2558.204124212265,NoButton,Move,131.68359375,459.31640625
2558.212312221527,2558.212312221527,NoButton,Move,130.609375,453.4140625
2558.2204473018646,2558.2204473018646,NoButton,Move,129.58984375,448.328125
2558.2289032936096,2558.2289032936096,NoButton,Move,128.515625,442.42578125
2558.237112045288,2558.237112045288,NoButton,Move,127.44140625,436.5234375
2558.245497226715,2558.245497226715,NoButton,Move,126.421875,431.4375
2558.277871131897,2558.277871131897,NoButton,Move,125.91015625,426.3515625
2558.2780153751373,2558.2780153751373,NoButton,Move,125.5390625,424.50390625
2558.2781221866608,2558.2781221866608,NoButton,Move,125.0546875,420.17578125
2558.2782261371613,2558.2782261371613,NoButton,Move,124.62890625,417.19921875
2558.285885334015,2558.285885334015,NoButton,Move,124.62890625,414.22265625
2558.2942950725555,2558.2942950725555,NoButton,Move,124.62890625,411.24609375
2558.3022191524506,2558.3022191524506,NoButton,Move,124.2578125,409.3984375
2558.310389995575,2558.310389995575,NoButton,Move,124.2578125,407.55078125
2558.3187613487244,2558.3187613487244,NoButton,Move,124.2578125,406.609375
2558.32706618309,2558.32706618309,NoButton,Move,124.2578125,405.66796875
2558.33535528183,2558.33535528183,NoButton,Move,124.2578125,404.7265625
2558.3435781002045,2558.3435781002045,NoButton,Move,124.2578125,404.15234375
2558.351788043976,2558.351788043976,NoButton,Move,124.2578125,403.578125
2558.3603262901306,2558.3603262901306,NoButton,Move,124.2578125,403.00390625
2558.368129014969,2558.368129014969,NoButton,Move,124.2578125,402.7421875
2558.3762781620026,2558.3762781620026,NoButton,Move,124.2578125,402.16796875
2558.3844363689423,2558.3844363689423,NoButton,Move,124.2578125,401.90625
2558.392669200897,2558.392669200897,NoButton,Move,124.2578125,401.64453125
2558.4002962112427,2558.4002962112427,NoButton,Move,124.2578125,401.3828125
2558.418045282364,2558.418045282364,Left,Pressed,124.2578125,401.3828125
2558.4344341754913,2558.4344341754913,NoButton,Move,124.2578125,401.2578125
2558.5515472888947,2558.5515472888947,Left,Released,124.2578125,401.2578125
2560.096159219742,2560.096159219742,NoButton,Move,124.2578125,402.41015625
2560.103856086731,2560.103856086731,NoButton,Move,124.2578125,404.7890625
2560.1122481822968,2560.1122481822968,NoButton,Move,124.2578125,407.16796875
2560.120296239853,2560.120296239853,NoButton,Move,124.2578125,410.140625
2560.1283860206604,2560.1283860206604,NoButton,Move,124.2578125,416.0390625
2560.1365761756897,2560.1365761756897,NoButton,Move,124.2578125,424.72265625
2560.1447882652283,2560.1447882652283,NoButton,Move,124.2578125,432.421875
2560.152951002121,2560.152951002121,NoButton,Move,124.2578125,441.10546875
2560.16109418869,2560.16109418869,NoButton,Move,124.2578125,446.1875
2560.169265270233,2560.169265270233,NoButton,Move,124.2578125,453.88671875
2560.177476167679,2560.177476167679,NoButton,Move,124.2578125,462.5703125
2560.1857442855835,2560.1857442855835,NoButton,Move,124.2578125,478.34765625
2560.1940972805023,2560.1940972805023,NoButton,Move,124.2578125,488.0703125
2560.2020611763,2560.2020611763,NoButton,Move,124.2578125,497.79296875
2560.2101790905,2560.2101790905,NoButton,Move,124.2578125,502.875
2560.218457221985,2560.218457221985,NoButton,Move,124.2578125,518.65234375
2560.2266471385956,2560.2266471385956,NoButton,Move,124.90234375,528.375
2560.2606041431427,2560.2606041431427,NoButton,Move,125.546875,538.09765625
2560.260750055313,2560.260750055313,NoButton,Move,126.02734375,542.421875
2560.260857105255,2560.260857105255,NoButton,Move,127.2109375,550.12109375
2560.2609581947327,2560.2609581947327,NoButton,Move,127.7734375,556.890625
2560.267145395279,2560.267145395279,NoButton,Move,128.62109375,559.86328125
2560.2754983901978,2560.2754983901978,NoButton,Move,129.63671875,564.9453125
2560.283750295639,2560.283750295639,NoButton,Move,130.5390625,568.56640625
2560.2916610240936,2560.2916610240936,NoButton,Move,131.38671875,571.5390625
2560.2999782562256,2560.2999782562256,NoButton,Move,132.125,573.3828125
2560.308214187622,2560.308214187622,NoButton,Move,132.4921875,575.2265625
2560.3167111873627,2560.3167111873627,NoButton,Move,133.1171875,576.1640625
2560.3249111175537,2560.3249111175537,NoButton,Move,133.40234375,576.734375
2560.333069086075,2560.333069086075,NoButton,Move,133.66015625,576.9921875
2560.34125828743,2560.34125828743,NoButton,Move,133.91796875,577.25
2560.349431037903,2560.349431037903,NoButton,Move,134.17578125,577.5078125
2560.357730150223,2560.357730150223,NoButton,Move,134.17578125,577.765625
2560.38525223732,2560.38525223732,Left,Pressed,134.17578125,577.765625
2560.401167154312,2560.401167154312,NoButton,Move,134.29296875,577.765625
2560.4848561286926,2560.4848561286926,Left,Released,134.29296875,577.765625
2563.272022008896,2563.272022008896,NoButton,Move,134.29296875,577.99609375
2563.279768228531,2563.279768228531,NoButton,Move,134.29296875,580.375
2563.288070201874,2563.288070201874,NoButton,Move,134.29296875,583.34765625
2563.2962172031403,2563.2962172031403,NoButton,Move,134.7421875,586.96875
2563.3043472766876,2563.3043472766876,NoButton,Move,135.7578125,592.05078125
2563.312510251999,2563.312510251999,NoButton,Move,136.828125,597.94921875
2563.32061624527,2563.32061624527,NoButton,Move,138.51953125,604.71875
2563.328864097595,2563.328864097595,NoButton,Move,139.703125,612.41796875
2563.337059020996,2563.337059020996,NoButton,Move,140.29296875,620.1171875
2563.3452672958374,2563.3452672958374,NoButton,Move,141.7578125,633.3046875
2563.3534321784973,2563.3534321784973,NoButton,Move,142.8828125,640.07421875
2563.3617141246796,2563.3617141246796,NoButton,Move,143.5859375,652.05078125
2563.3698241710663,2563.3698241710663,NoButton,Move,144.26171875,662.87109375
2563.378044128418,2563.378044128418,NoButton,Move,144.87890625,671.5546875
2563.3861770629883,2563.3861770629883,NoButton,Move,145.46875,679.25390625
2563.394385099411,2563.394385099411,NoButton,Move,145.46875,681.6328125
2563.4023883342743,2563.4023883342743,NoButton,Move,145.46875,686.71484375
2563.4106521606445,2563.4106521606445,NoButton,Move,145.46875,690.3359375
2563.418935060501,2563.418935060501,NoButton,Move,145.890625,693.30859375
2563.427022218704,2563.427022218704,NoButton,Move,145.890625,695.15234375
2563.4352781772614,2563.4352781772614,NoButton,Move,146.23046875,696.515625
2563.4434790611267,2563.4434790611267,NoButton,Move,146.54296875,697.453125
2563.4516541957855,2563.4516541957855,NoButton,Move,146.54296875,698.390625
2563.459836244583,2563.459836244583,NoButton,Move,146.80078125,698.6484375
2563.467635154724,2563.467635154724,NoButton,Move,146.80078125,698.90625
2563.4755630493164,2563.4755630493164,NoButton,Move,146.80078125,699.1640625
2563.483738183975,2563.483738183975,NoButton,Move,147.05859375,699.421875
2563.4919562339783,2563.4919562339783,NoButton,Move,147.05859375,699.6796875
2563.5181941986084,2563.5181941986084,Left,Pressed,147.05859375,699.6796875
2563.651724100113,2563.651724100113,Left,Released,147.05859375,699.6796875
2567.2136821746826,2567.2136821746826,NoButton,Move,147.05859375,698.29296875
2567.221260070801,2567.221260070801,NoButton,Move,147.05859375,693.20703125
2567.22979927063,2567.22979927063,NoButton,Move,147.05859375,688.87890625
2567.237799167633,2567.237799167633,NoButton,Move,147.05859375,685.25390625
2567.2460312843323,2567.2460312843323,NoButton,Move,147.05859375,680.92578125
2567.2542300224304,2567.2542300224304,NoButton,Move,147.05859375,677.30078125
2567.26234126091,2567.26234126091,NoButton,Move,147.05859375,672.97265625
2567.2705721855164,2567.2705721855164,NoButton,Move,147.05859375,668.64453125
2567.278701066971,2567.278701066971,NoButton,Move,147.05859375,665.01953125
2567.287009000778,2567.287009000778,NoButton,Move,147.05859375,656.33203125
2567.295390367508,2567.295390367508,NoButton,Move,147.05859375,652.00390625
2567.3030903339386,2567.3030903339386,NoButton,Move,146.46484375,644.30078125
2567.311241388321,2567.311241388321,NoButton,Move,145.703125,629.84375
2567.3194880485535,2567.3194880485535,NoButton,Move,145.08203125,621.15625
2567.3273820877075,2567.3273820877075,NoButton,Move,144.43359375,611.4296875
2567.336079120636,2567.336079120636,NoButton,Move,143.46875,607.1015625
2567.3442492485046,2567.3442492485046,NoButton,Move,142.84765625,598.4140625
2567.352427005768,2567.352427005768,NoButton,Move,141.66015625,590.7109375
2567.3605632781982,2567.3605632781982,NoButton,Move,141.06640625,583.0078125
2567.3686730861664,2567.3686730861664,NoButton,Move,140.52734375,577.10546875
2567.3769102096558,2567.3769102096558,NoButton,Move,140.12890625,574.72265625
2567.3852412700653,2567.3852412700653,NoButton,Move,139.64453125,570.39453125
2567.3929641246796,2567.3929641246796,NoButton,Move,139.64453125,567.41796875
2567.400947332382,2567.400947332382,NoButton,Move,139.24609375,565.03515625
2567.409238100052,2567.409238100052,NoButton,Move,139.24609375,563.1875
2567.4175951480865,2567.4175951480865,NoButton,Move,139.24609375,562.24609375
2567.425775051117,2567.425775051117,NoButton,Move,139.24609375,561.3046875
2567.4339849948883,2567.4339849948883,NoButton,Move,139.24609375,560.73046875
2567.442323207855,2567.442323207855,NoButton,Move,139.24609375,560.46875
2567.4503622055054,2567.4503622055054,NoButton,Move,139.24609375,560.20703125
2567.458925008774,2567.458925008774,NoButton,Move,139.24609375,559.9453125
2567.4669580459595,2567.4669580459595,NoButton,Move,139.24609375,559.68359375
2567.485332250595,2567.485332250595,Left,Pressed,139.24609375,559.68359375
2567.568379163742,2567.568379163742,Left,Released,139.24609375,559.68359375
2568.4335260391235,2568.4335260391235,NoButton,Move,139.24609375,560.375
2568.4413952827454,2568.4413952827454,NoButton,Move,139.24609375,562.75390625
2568.449748277664,2568.449748277664,NoButton,Move,139.24609375,564.59765625
2568.4577581882477,2568.4577581882477,NoButton,Move,139.24609375,566.9765625
2568.4659790992737,2568.4659790992737,NoButton,Move,139.24609375,570.59765625
2568.4741542339325,2568.4741542339325,NoButton,Move,139.24609375,574.21875
2568.4822692871094,2568.4822692871094,NoButton,Move,139.24609375,578.54296875
2568.490493297577,2568.490493297577,NoButton,Move,139.24609375,582.8671875
2568.498656988144,2568.498656988144,NoButton,Move,139.24609375,588.765625
2568.5067591667175,2568.5067591667175,NoButton,Move,138.70703125,594.6640625
2568.5149891376495,2568.5149891376495,NoButton,Move,138.16796875,600.5625
2568.523196220398,2568.523196220398,NoButton,Move,137.6015625,607.33203125
2568.53138422966,2568.53138422966,NoButton,Move,136.52734375,613.23046875
2568.539614200592,2568.539614200592,NoButton,Move,135.98828125,619.12890625
2568.5477423667908,2568.5477423667908,NoButton,Move,134.9140625,625.02734375
2568.5562121868134,2568.5562121868134,NoButton,Move,133.89453125,630.109375
2568.564194202423,2568.564194202423,NoButton,Move,133.41015625,634.43359375
2568.57235622406,2568.57235622406,NoButton,Move,133.0390625,636.27734375
2568.5805201530457,2568.5805201530457,NoButton,Move,132.1328125,639.8984375
2568.5887081623077,2568.5887081623077,NoButton,Move,131.70703125,642.87109375
2568.597093105316,2568.597093105316,NoButton,Move,131.28125,645.84375
2568.605276107788,2568.605276107788,NoButton,Move,130.8828125,648.22265625
2568.6136071681976,2568.6136071681976,NoButton,Move,130.51171875,650.06640625
2568.6214752197266,2568.6214752197266,NoButton,Move,130.51171875,651.4296875
2568.6296701431274,2568.6296701431274,NoButton,Move,130.1953125,652.3671875
2568.6378262043,2568.6378262043,NoButton,Move,130.1953125,653.73046875
2568.6463253498077,2568.6463253498077,NoButton,Move,129.90625,654.30078125
2568.6542823314667,2568.6542823314667,NoButton,Move,129.90625,655.23828125
2568.662341117859,2568.662341117859,NoButton,Move,129.6171875,655.80859375
2568.694883108139,2568.694883108139,NoButton,Move,129.6171875,656.37890625
2568.695025205612,2568.695025205612,NoButton,Move,129.328125,656.94921875
2568.69513130188,2568.69513130188,NoButton,Move,129.328125,657.51953125
2568.695233106613,2568.695233106613,NoButton,Move,129.328125,657.77734375
2568.702965259552,2568.702965259552,NoButton,Move,129.0390625,658.34765625
2568.711203098297,2568.711203098297,NoButton,Move,129.0390625,658.60546875
2568.719446182251,2568.719446182251,NoButton,Move,129.0390625,658.86328125
2568.7278282642365,2568.7278282642365,NoButton,Move,129.0390625,659.12109375
2568.7359952926636,2568.7359952926636,NoButton,Move,129.0390625,659.37890625
2568.7440481185913,2568.7440481185913,NoButton,Move,129.0390625,659.63671875
2568.7604241371155,2568.7604241371155,NoButton,Move,129.0390625,659.87890625
2568.80202126503,2568.80202126503,Left,Pressed,129.0390625,659.87890625
2568.868208169937,2568.868208169937,Left,Released,129.0390625,659.87890625
2569.0721352100372,2569.0721352100372,NoButton,Move,129.0390625,660.33984375
2569.0803241729736,2569.0803241729736,NoButton,Move,129.0390625,663.3125
2569.0884931087494,2569.0884931087494,NoButton,Move,129.0390625,666.93359375
2569.097148180008,2569.097148180008,NoButton,Move,129.0390625,672.015625
2569.104448080063,2569.104448080063,NoButton,Move,129.0390625,676.33984375
2569.1123571395874,2569.1123571395874,NoButton,Move,129.0390625,683.109375
2569.120488166809,2569.120488166809,NoButton,Move,129.57421875,689.0078125
2569.12873005867,2569.12873005867,NoButton,Move,130.27734375,700.984375
2569.1368551254272,2569.1368551254272,NoButton,Move,130.98046875,712.9609375
2569.1452231407166,2569.1452231407166,NoButton,Move,131.65625,723.78125
2569.1533901691437,2569.1533901691437,NoButton,Move,132.19140625,729.6796875
2569.161420106888,2569.161420106888,NoButton,Move,132.8671875,740.5
2569.170252084732,2569.170252084732,NoButton,Move,132.8671875,749.18359375
2569.1779792308807,2569.1779792308807,NoButton,Move,133.484375,757.8671875
2569.186591386795,2569.186591386795,NoButton,Move,134.046875,764.63671875
2569.194593191147,2569.194593191147,NoButton,Move,134.58203125,770.53515625
2569.202755212784,2569.202755212784,NoButton,Move,135.0625,774.859375
2569.210377216339,2569.210377216339,NoButton,Move,135.4296875,776.703125
2569.218641281128,2569.218641281128,NoButton,Move,135.87890625,780.32421875
2569.226819038391,2569.226819038391,NoButton,Move,136.2734375,782.703125
2569.235116004944,2569.235116004944,NoButton,Move,136.640625,784.546875
2569.2432403564453,2569.2432403564453,NoButton,Move,136.98046875,785.91015625
2569.25151515007,2569.25151515007,NoButton,Move,137.29296875,786.84765625
2569.259868144989,2569.259868144989,NoButton,Move,137.578125,787.41796875
2569.2853360176086,2569.2853360176086,Left,Pressed,137.578125,787.41796875
2569.3012132644653,2569.3012132644653,NoButton,Move,137.7109375,787.68359375
2569.3849601745605,2569.3849601745605,Left,Released,137.7109375,787.68359375
2570.7095580101013,2570.7095580101013,NoButton,Move,137.7109375,789.53515625
2570.7175590991974,2570.7175590991974,NoButton,Move,137.7109375,796.3046875
2571.978464126587,2571.978464126587,NoButton,Move,138.8671875,796.3046875
2571.986284017563,2571.986284017563,NoButton,Move,148.58984375,793.0625
2571.994547367096,2571.994547367096,NoButton,Move,161.04296875,788.6640625
2572.0025861263275,2572.0025861263275,NoButton,Move,175.49609375,784.09765625
2572.010824203491,2572.010824203491,NoButton,Move,194.08984375,779.0234375
2572.019010066986,2572.019010066986,NoButton,Move,211.24609375,774.9375
2572.0271751880646,2572.0271751880646,NoButton,Move,274.44140625,760.23828125
2572.0354931354523,2572.0354931354523,NoButton,Move,296.08203125,757.53125
2572.043713092804,2572.043713092804,NoButton,Move,336.38671875,752.7890625
2572.0517151355743,2572.0517151355743,NoButton,Move,374.56640625,750.47265625
2572.059569120407,2572.059569120407,NoButton,Move,412.74609375,748.15625
2572.0675671100616,2572.0675671100616,NoButton,Move,425.93359375,748.15625
2572.0759930610657,2572.0759930610657,NoButton,Move,435.65625,748.15625
2572.084109067917,2572.084109067917,NoButton,Move,455.74609375,747.28125
2572.092437982559,2572.092437982559,NoButton,Move,470.19921875,746.51953125
2573.394515275955,2573.394515275955,NoButton,Move,470.19921875,746.75
2573.405410051346,2573.405410051346,NoButton,Move,470.19921875,749.72265625
2573.4100852012634,2573.4100852012634,NoButton,Move,470.19921875,752.6953125
2573.418335199356,2573.418335199356,NoButton,Move,470.19921875,756.31640625
2573.4264743328094,2573.4264743328094,NoButton,Move,470.19921875,759.9375
2573.4376242160797,2573.4376242160797,NoButton,Move,470.19921875,763.55859375
2573.4429202079773,2573.4429202079773,NoButton,Move,470.59375,765.9375
2573.4535541534424,2573.4535541534424,NoButton,Move,470.59375,768.91015625
2573.4592423439026,2573.4592423439026,NoButton,Move,470.59375,773.9921875
2573.4710190296173,2573.4710190296173,NoButton,Move,471.1015625,779.07421875
2573.4754972457886,2573.4754972457886,NoButton,Move,471.1015625,784.15625
2573.4846823215485,2573.4846823215485,NoButton,Move,471.58203125,788.48046875
2573.4919271469116,2573.4919271469116,NoButton,Move,472.0625,792.8046875
2573.4985930919647,2573.4985930919647,NoButton,Move,472.0625,792.8046875
2573.5777032375336,2573.5777032375336,NoButton,Move,472.0625,794.6484375
2573.5777320861816,2573.5777320861816,NoButton,Move,472.484375,797.62109375
2573.577749967575,2573.577749967575,NoButton,Move,473.27734375,800.0
2573.577765226364,2573.577765226364,NoButton,Move,473.671875,802.37890625
2573.577781200409,2573.577781200409,NoButton,Move,474.3515625,803.7421875
2573.5779733657837,2573.5779733657837,NoButton,Move,474.9765625,804.6796875
2573.5779950618744,2573.5779950618744,NoButton,Move,475.26171875,805.25
2573.57825422287,2573.57825422287,NoButton,Move,475.546875,805.8203125
2573.578310251236,2573.578310251236,NoButton,Move,476.1171875,806.10546875
2573.5783791542053,2573.5783791542053,NoButton,Move,476.375,806.36328125
2573.5820801258087,2573.5820801258087,NoButton,Move,476.9453125,806.36328125
2573.590358018875,2573.590358018875,NoButton,Move,477.203125,806.36328125
2573.599057197571,2573.599057197571,NoButton,Move,477.4609375,806.36328125
2573.611435174942,2573.611435174942,NoButton,Move,478.03125,806.36328125
2573.622036218643,2573.622036218643,NoButton,Move,478.2890625,806.36328125
2573.625322341919,2573.625322341919,NoButton,Move,478.859375,806.36328125
2573.6317880153656,2573.6317880153656,NoButton,Move,479.1171875,806.36328125
2573.6393053531647,2573.6393053531647,NoButton,Move,479.375,806.36328125
2573.647519350052,2573.647519350052,NoButton,Move,479.6328125,806.36328125
2573.6560320854187,2573.6560320854187,NoButton,Move,479.890625,806.36328125
2573.6638572216034,2573.6638572216034,NoButton,Move,480.1484375,806.36328125
2573.697904109955,2573.697904109955,NoButton,Move,480.40625,806.36328125
