0.437,0.437,NoButton,Move,680,656
0.457,0.457,NoButton,Move,666,621
0.475,0.475,NoButton,Move,624,559
0.491,0.491,NoButton,Move,552,488
0.508,0.508,NoButton,Move,497,460
0.524,0.524,NoButton,Move,430,450
0.541,0.541,NoButton,Move,379,458
0.558,0.558,NoButton,Move,338,487
0.574,0.574,NoButton,Move,318,512
0.59,0.59,NoButton,Move,301,544
0.607,0.607,NoButton,Move,293,572
2.685,2.685,NoButton,Move,901,426
3.517,3.517,NoButton,Move,900,426
3.54,3.54,NoButton,Move,883,428
3.557,3.557,NoButton,Move,806,427
3.575,3.575,NoButton,Move,725,412
3.607,3.607,NoButton,Move,565,378
3.624,3.624,NoButton,Move,488,367
3.641,3.641,NoButton,Move,456,365
3.656,3.656,NoButton,Move,398,364
3.673,3.673,NoButton,Move,377,364
3.69,3.69,NoButton,Move,364,364
3.707,3.707,NoButton,Move,352,364
3.869,3.869,NoButton,Move,352,364
3.876,3.876,NoButton,Move,348,363
3.891,3.891,NoButton,Move,342,362
3.907,3.907,NoButton,Move,319,353
3.924,3.924,NoButton,Move,274,336
3.94,3.94,NoButton,Move,224,319
3.958,3.958,NoButton,Move,190,308
3.974,3.974,NoButton,Move,150,299
3.991,3.991,NoButton,Move,136,297
4.006,4.006,NoButton,Move,125,297
4.023,4.023,NoButton,Move,120,297
4.039,4.039,NoButton,Move,118,297
4.056,4.056,NoButton,Move,118,297
4.074,4.074,NoButton,Move,117,297
4.089,4.089,NoButton,Move,117,298
4.106,4.106,NoButton,Move,116,298
4.123,4.123,NoButton,Move,115,299
4.141,4.141,NoButton,Move,115,299
4.154,4.154,Left,Pressed,115,299
4.174,4.174,NoButton,Move,114,299
4.253,4.253,Left,Released,114,299
4.58,4.58,NoButton,Move,115,299
4.589,4.589,NoButton,Move,118,299
4.607,4.607,NoButton,Move,136,298
4.624,4.624,NoButton,Move,197,295
4.641,4.641,NoButton,Move,278,294
4.658,4.658,NoButton,Move,344,294
4.674,4.674,NoButton,Move,423,294
4.691,4.691,NoButton,Move,464,293
4.708,4.708,NoButton,Move,489,288
5.57,5.57,Left,Pressed,489,288
5.671,5.671,Left,Released,489,288
6.179,6.179,NoButton,Move,489,288
6.191,6.191,NoButton,Move,486,290
6.208,6.208,NoButton,Move,483,295
6.224,6.224,NoButton,Move,480,301
6.241,6.241,NoButton,Move,477,308
6.257,6.257,NoButton,Move,472,320
6.275,6.275,NoButton,Move,468,330
6.291,6.291,NoButton,Move,465,337
6.308,6.308,NoButton,Move,463,343
6.324,6.324,NoButton,Move,462,347
6.34,6.34,NoButton,Move,461,349
6.357,6.357,NoButton,Move,461,350
6.374,6.374,NoButton,Move,461,350
6.454,6.454,Left,Pressed,461,350
6.554,6.554,Left,Released,461,350
6.916,6.916,NoButton,Move,462,351
6.924,6.924,NoButton,Move,468,354
6.942,6.942,NoButton,Move,480,361
6.957,6.957,NoButton,Move,510,377
6.974,6.974,NoButton,Move,616,436
6.99,6.99,NoButton,Move,697,493
7.007,7.007,NoButton,Move,753,534
7.024,7.024,NoButton,Move,789,564
7.041,7.041,NoButton,Move,807,583
7.057,7.057,NoButton,Move,818,601
7.074,7.074,NoButton,Move,820,608
7.091,7.091,NoButton,Move,817,627
7.107,7.107,NoButton,Move,809,636
7.124,7.124,NoButton,Move,798,646
7.139,7.139,NoButton,Move,788,653
7.156,7.156,NoButton,Move,782,655
7.174,7.174,NoButton,Move,776,658
7.19,7.19,NoButton,Move,773,659
7.207,7.207,NoButton,Move,772,659
7.223,7.223,NoButton,Move,771,659
7.241,7.241,NoButton,Move,771,659
7.274,7.274,NoButton,Move,770,659
7.29,7.29,NoButton,Move,770,658
7.307,7.307,NoButton,Move,770,658
7.324,7.324,NoButton,Move,770,658
7.341,7.341,NoButton,Move,770,658
7.52,7.52,NoButton,Move,769,658
7.536,7.536,NoButton,Move,769,658
7.544,7.544,NoButton,Move,769,658
7.557,7.557,NoButton,Move,768,658
7.574,7.574,NoButton,Move,768,658
7.59,7.59,NoButton,Move,767,658
7.607,7.607,NoButton,Move,767,657
7.804,7.804,Left,Pressed,767,657
7.887,7.887,Left,Released,767,657
8.056,8.056,NoButton,Move,767,657
8.074,8.074,NoButton,Move,771,652
8.091,8.091,NoButton,Move,780,644
8.106,8.106,NoButton,Move,801,626
8.123,8.123,NoButton,Move,837,602
8.14,8.14,NoButton,Move,880,574
8.163,8.163,NoButton,Move,924,543
8.173,8.173,NoButton,Move,939,534
8.189,8.189,NoButton,Move,955,522
8.206,8.206,NoButton,Move,971,510
8.224,8.224,NoButton,Move,972,508
8.439,8.439,NoButton,Move,973,508
8.446,8.446,NoButton,Move,976,505
8.458,8.458,NoButton,Move,980,502
8.473,8.473,NoButton,Move,990,493
8.491,8.491,NoButton,Move,1003,481
8.506,8.506,NoButton,Move,1016,470
8.524,8.524,NoButton,Move,1030,455
8.541,8.541,NoButton,Move,1038,442
8.557,8.557,NoButton,Move,1043,431
8.574,8.574,NoButton,Move,1045,425
8.59,8.59,NoButton,Move,1046,419
8.607,8.607,NoButton,Move,1046,415
8.623,8.623,NoButton,Move,1046,413
8.639,8.639,NoButton,Move,1046,413
8.656,8.656,NoButton,Move,1045,413
8.673,8.673,NoButton,Move,1044,413
8.691,8.691,NoButton,Move,1044,413
8.707,8.707,NoButton,Move,1043,413
8.723,8.723,NoButton,Move,1043,413
8.774,8.774,NoButton,Move,1043,413
8.821,8.821,Left,Pressed,1043,413
8.887,8.887,Left,Released,1043,413
9.28,9.28,NoButton,Move,1043,414
9.29,9.29,NoButton,Move,1041,416
9.307,9.307,NoButton,Move,1037,423
9.324,9.324,NoButton,Move,1026,436
9.34,9.34,NoButton,Move,1005,459
9.357,9.357,NoButton,Move,978,483
9.374,9.374,NoButton,Move,942,512
9.39,9.39,NoButton,Move,904,543
9.407,9.407,NoButton,Move,877,565
9.424,9.424,NoButton,Move,842,591
9.44,9.44,NoButton,Move,814,612
9.457,9.457,NoButton,Move,798,623
9.474,9.474,NoButton,Move,781,634
9.49,9.49,NoButton,Move,773,639
9.507,9.507,NoButton,Move,767,643
9.524,9.524,NoButton,Move,763,646
9.541,9.541,NoButton,Move,761,647
9.557,9.557,NoButton,Move,761,647
9.574,9.574,NoButton,Move,761,648
9.591,9.591,NoButton,Move,760,648
9.673,9.673,NoButton,Move,760,648
10.069,10.069,NoButton,Move,760,648
10.075,10.075,NoButton,Move,760,648
10.091,10.091,NoButton,Move,760,649
10.107,10.107,NoButton,Move,760,651
10.124,10.124,NoButton,Move,760,653
10.141,10.141,NoButton,Move,760,655
10.157,10.157,NoButton,Move,760,656
10.174,10.174,NoButton,Move,760,657
10.191,10.191,NoButton,Move,760,657
10.22,10.22,Left,Pressed,760,657
10.338,10.338,Left,Released,760,657
10.591,10.591,NoButton,Move,761,657
10.606,10.606,NoButton,Move,763,656
10.623,10.623,NoButton,Move,772,648
10.641,10.641,NoButton,Move,809,621
10.657,10.657,NoButton,Move,848,597
10.674,10.674,NoButton,Move,894,574
10.69,10.69,NoButton,Move,932,559
10.706,10.706,NoButton,Move,973,545
10.723,10.723,NoButton,Move,997,537
10.74,10.74,NoButton,Move,1010,534
10.954,10.954,Scroll,Down,0,1
10.974,10.974,Scroll,Down,0,4
10.991,10.991,Scroll,Down,0,10
11.007,11.007,Scroll,Down,0,14
11.024,11.024,Scroll,Down,0,17
11.041,11.041,Scroll,Down,0,20
11.074,11.074,Scroll,Down,0,37
11.09,11.09,Scroll,Down,0,13
11.106,11.106,Scroll,Down,0,11
11.124,11.124,Scroll,Down,0,6
11.141,11.141,Scroll,Down,0,4
11.157,11.157,Scroll,Down,0,2
11.174,11.174,Scroll,Down,0,1
11.591,11.591,NoButton,Move,1011,535
11.606,11.606,NoButton,Move,1018,542
11.624,11.624,NoButton,Move,1026,548
11.641,11.641,NoButton,Move,1039,559
11.657,11.657,NoButton,Move,1051,571
11.674,11.674,NoButton,Move,1058,578
11.69,11.69,NoButton,Move,1064,585
11.707,11.707,NoButton,Move,1067,589
11.724,11.724,NoButton,Move,1069,593
11.74,11.74,NoButton,Move,1070,595
11.758,11.758,NoButton,Move,1070,597
11.773,11.773,NoButton,Move,1071,599
11.791,11.791,NoButton,Move,1071,600
11.806,11.806,NoButton,Move,1071,602
11.823,11.823,NoButton,Move,1072,602
11.841,11.841,NoButton,Move,1072,603
11.856,11.856,NoButton,Move,1072,604
12.05,12.05,NoButton,Move,1072,605
12.058,12.058,NoButton,Move,1072,608
12.074,12.074,NoButton,Move,1073,618
12.091,12.091,NoButton,Move,1075,638
12.108,12.108,NoButton,Move,1078,665
12.124,12.124,NoButton,Move,1080,697
12.141,12.141,NoButton,Move,1080,717
12.157,12.157,NoButton,Move,1080,739
12.174,12.174,NoButton,Move,1080,758
12.19,12.19,NoButton,Move,1080,777
12.207,12.207,NoButton,Move,1080,791
12.224,12.224,NoButton,Move,1080,797
12.771,12.771,Left,Pressed,1080,797
12.92,12.92,Left,Released,1080,797
13.172,13.172,NoButton,Move,1080,796
13.18,13.18,NoButton,Move,1080,789
13.193,13.193,NoButton,Move,1078,781
13.207,13.207,NoButton,Move,1072,759
13.225,13.225,NoButton,Move,1065,735
13.241,13.241,NoButton,Move,1052,695
13.258,13.258,NoButton,Move,1032,638
13.274,13.274,NoButton,Move,1018,602
13.291,13.291,NoButton,Move,1001,567
13.307,13.307,NoButton,Move,991,551
13.324,13.324,NoButton,Move,977,536
13.341,13.341,NoButton,Move,960,526
13.357,13.357,NoButton,Move,944,525
13.374,13.374,NoButton,Move,923,525
13.391,13.391,NoButton,Move,898,536
13.407,13.407,NoButton,Move,870,551
13.424,13.424,NoButton,Move,845,566
13.441,13.441,NoButton,Move,830,576
13.457,13.457,NoButton,Move,815,587
13.474,13.474,NoButton,Move,807,593
13.491,13.491,NoButton,Move,801,597
13.507,13.507,NoButton,Move,797,600
13.524,13.524,NoButton,Move,796,601
13.542,13.542,NoButton,Move,795,603
13.557,13.557,NoButton,Move,795,606
13.575,13.575,NoButton,Move,794,612
13.591,13.591,NoButton,Move,791,620
13.607,13.607,NoButton,Move,789,629
13.625,13.625,NoButton,Move,787,634
13.641,13.641,NoButton,Move,785,640
13.656,13.656,NoButton,Move,784,643
13.673,13.673,NoButton,Move,783,644
13.691,13.691,NoButton,Move,783,645
13.706,13.706,NoButton,Move,783,645
13.721,13.721,Left,Pressed,783,645
13.802,13.802,Left,Released,783,645
14.328,14.328,NoButton,Move,783,645
14.341,14.341,NoButton,Move,788,644
14.359,14.359,NoButton,Move,804,636
14.374,14.374,NoButton,Move,812,631
14.391,14.391,NoButton,Move,830,618
14.408,14.408,NoButton,Move,888,566
14.719,14.719,NoButton,Move,888,566
14.726,14.726,NoButton,Move,890,564
14.74,14.74,NoButton,Move,893,562
14.757,14.757,NoButton,Move,900,554
14.774,14.774,NoButton,Move,906,547
14.791,14.791,NoButton,Move,918,531
14.808,14.808,NoButton,Move,925,519
14.824,14.824,NoButton,Move,932,506
14.841,14.841,NoButton,Move,937,494
14.858,14.858,NoButton,Move,939,489
14.873,14.873,NoButton,Move,941,484
14.89,14.89,NoButton,Move,941,479
14.906,14.906,NoButton,Move,942,477
14.923,14.923,NoButton,Move,942,475
14.939,14.939,NoButton,Move,942,473
14.957,14.957,NoButton,Move,942,473
14.974,14.974,NoButton,Move,942,472
14.991,14.991,NoButton,Move,942,471
15.007,15.007,NoButton,Move,941,471
15.024,15.024,NoButton,Move,941,470
15.04,15.04,NoButton,Move,941,470
15.057,15.057,NoButton,Move,940,469
15.074,15.074,NoButton,Move,939,467
15.091,15.091,NoButton,Move,938,464
15.107,15.107,NoButton,Move,937,462
15.124,15.124,NoButton,Move,936,460
15.141,15.141,NoButton,Move,936,459
15.154,15.154,Left,Pressed,936,459
15.173,15.173,NoButton,Move,936,459
15.303,15.303,Left,Released,936,459
15.654,15.654,NoButton,Move,936,460
15.661,15.661,NoButton,Move,936,463
15.675,15.675,NoButton,Move,936,468
15.691,15.691,NoButton,Move,936,477
15.708,15.708,NoButton,Move,936,487
15.724,15.724,NoButton,Move,930,508
15.74,15.74,NoButton,Move,918,531
15.757,15.757,NoButton,Move,898,559
15.774,15.774,NoButton,Move,875,584
15.791,15.791,NoButton,Move,852,609
15.807,15.807,NoButton,Move,829,630
15.825,15.825,NoButton,Move,807,650
15.839,15.839,NoButton,Move,801,655
15.857,15.857,NoButton,Move,792,663
15.873,15.873,NoButton,Move,788,667
15.89,15.89,NoButton,Move,786,668
15.906,15.906,NoButton,Move,785,669
15.923,15.923,NoButton,Move,785,670
15.939,15.939,NoButton,Move,784,671
15.956,15.956,NoButton,Move,784,672
15.974,15.974,NoButton,Move,783,673
15.99,15.99,NoButton,Move,782,674
16.007,16.007,NoButton,Move,781,675
16.024,16.024,NoButton,Move,781,676
16.04,16.04,NoButton,Move,781,676
16.066,16.066,Left,Pressed,781,676
16.074,16.074,NoButton,Move,781,676
16.253,16.253,Left,Released,781,676
16.465,16.465,NoButton,Move,781,675
16.474,16.474,NoButton,Move,783,671
16.491,16.491,NoButton,Move,793,662
16.508,16.508,NoButton,Move,808,647
16.524,16.524,NoButton,Move,844,613
16.541,16.541,NoButton,Move,890,574
16.556,16.556,NoButton,Move,942,529
16.574,16.574,NoButton,Move,987,490
16.589,16.589,NoButton,Move,1011,467
16.607,16.607,NoButton,Move,1027,451
16.623,16.623,NoButton,Move,1040,435
16.639,16.639,NoButton,Move,1045,426
16.656,16.656,NoButton,Move,1049,418
16.674,16.674,NoButton,Move,1050,413
16.69,16.69,NoButton,Move,1050,408
16.707,16.707,NoButton,Move,1050,406
16.723,16.723,NoButton,Move,1050,405
16.741,16.741,NoButton,Move,1050,404
16.756,16.756,NoButton,Move,1050,404
16.774,16.774,NoButton,Move,1049,404
16.79,16.79,NoButton,Move,1048,404
16.806,16.806,NoButton,Move,1048,404
16.823,16.823,NoButton,Move,1047,404
16.839,16.839,NoButton,Move,1045,404
16.857,16.857,NoButton,Move,1043,404
16.874,16.874,NoButton,Move,1041,405
16.891,16.891,NoButton,Move,1039,405
16.907,16.907,NoButton,Move,1038,405
16.925,16.925,NoButton,Move,1036,405
16.94,16.94,NoButton,Move,1035,405
16.958,16.958,NoButton,Move,1034,405
16.974,16.974,NoButton,Move,1033,405
16.991,16.991,NoButton,Move,1032,403
17.008,17.008,NoButton,Move,1031,402
17.023,17.023,NoButton,Move,1030,400
17.04,17.04,NoButton,Move,1028,399
17.057,17.057,NoButton,Move,1028,399
17.075,17.075,NoButton,Move,1028,398
17.086,17.086,Left,Pressed,1028,398
17.221,17.221,Left,Released,1028,398
17.538,17.538,NoButton,Move,1028,399
17.545,17.545,NoButton,Move,1028,402
17.558,17.558,NoButton,Move,1028,405
17.573,17.573,NoButton,Move,1027,413
17.59,17.59,NoButton,Move,1023,427
17.608,17.608,NoButton,Move,1015,446
17.623,17.623,NoButton,Move,1004,470
17.641,17.641,NoButton,Move,987,496
17.658,17.658,NoButton,Move,968,525
17.673,17.673,NoButton,Move,946,554
17.69,17.69,NoButton,Move,922,583
17.706,17.706,NoButton,Move,899,611
17.724,17.724,NoButton,Move,877,634
17.742,17.742,NoButton,Move,858,654
17.757,17.757,NoButton,Move,847,664
17.774,17.774,NoButton,Move,841,669
17.791,17.791,NoButton,Move,836,673
17.807,17.807,NoButton,Move,832,674
17.823,17.823,NoButton,Move,830,675
17.84,17.84,NoButton,Move,829,676
17.857,17.857,NoButton,Move,829,676
17.873,17.873,NoButton,Move,828,676
17.891,17.891,NoButton,Move,828,676
17.906,17.906,NoButton,Move,828,676
17.938,17.938,NoButton,Move,828,676
18.255,18.255,Left,Pressed,828,676
18.404,18.404,Left,Released,828,676
18.626,18.626,NoButton,Move,828,676
18.641,18.641,NoButton,Move,831,674
18.657,18.657,NoButton,Move,838,669
18.674,18.674,NoButton,Move,856,656
18.691,18.691,NoButton,Move,891,631
18.707,18.707,NoButton,Move,959,583
18.725,18.725,NoButton,Move,1073,505
18.741,18.741,NoButton,Move,1134,460
18.757,18.757,NoButton,Move,1204,406
18.774,18.774,NoButton,Move,1245,372
18.79,18.79,NoButton,Move,1284,337
18.806,18.806,NoButton,Move,1301,318
18.824,18.824,NoButton,Move,1312,307
18.84,18.84,NoButton,Move,1319,296
18.857,18.857,NoButton,Move,1321,291
18.874,18.874,NoButton,Move,1322,290
18.89,18.89,NoButton,Move,1321,288
18.906,18.906,NoButton,Move,1316,288
18.923,18.923,NoButton,Move,1310,288
18.94,18.94,NoButton,Move,1306,289
18.957,18.957,NoButton,Move,1300,290
18.974,18.974,NoButton,Move,1297,292
18.992,18.992,NoButton,Move,1294,293
19.007,19.007,NoButton,Move,1292,293
19.024,19.024,NoButton,Move,1291,293
19.041,19.041,NoButton,Move,1291,293
19.058,19.058,NoButton,Move,1291,293
19.073,19.073,NoButton,Move,1290,293
19.091,19.091,NoButton,Move,1289,290
19.108,19.108,NoButton,Move,1285,284
19.124,19.124,NoButton,Move,1283,281
19.141,19.141,NoButton,Move,1279,275
19.157,19.157,NoButton,Move,1276,272
19.173,19.173,NoButton,Move,1273,268
19.191,19.191,NoButton,Move,1267,263
19.207,19.207,NoButton,Move,1264,261
19.224,19.224,NoButton,Move,1261,259
19.241,19.241,NoButton,Move,1260,259
19.257,19.257,NoButton,Move,1258,258
19.274,19.274,NoButton,Move,1258,258
19.29,19.29,NoButton,Move,1258,258
19.363,19.363,NoButton,Move,1257,258
19.38,19.38,NoButton,Move,1257,258
19.391,19.391,NoButton,Move,1257,258
19.407,19.407,NoButton,Move,1255,258
19.425,19.425,NoButton,Move,1253,259
19.441,19.441,NoButton,Move,1251,259
19.458,19.458,NoButton,Move,1249,260
19.473,19.473,NoButton,Move,1248,260
19.491,19.491,NoButton,Move,1247,260
19.505,19.505,Left,Pressed,1247,260
19.524,19.524,NoButton,Move,1247,260
19.62,19.62,Left,Released,1247,260
19.937,19.937,NoButton,Move,1247,261
19.944,19.944,NoButton,Move,1250,265
19.957,19.957,NoButton,Move,1252,270
19.974,19.974,NoButton,Move,1258,280
19.991,19.991,NoButton,Move,1262,292
20.007,20.007,NoButton,Move,1264,305
20.025,20.025,NoButton,Move,1268,342
20.04,20.04,NoButton,Move,1268,376
20.058,20.058,NoButton,Move,1262,396
20.074,20.074,NoButton,Move,1225,467
20.09,20.09,NoButton,Move,1181,516
20.107,20.107,NoButton,Move,1115,573
20.124,20.124,NoButton,Move,1006,649
20.14,20.14,NoButton,Move,974,667
20.157,20.157,NoButton,Move,926,690
20.174,20.174,NoButton,Move,897,703
20.191,20.191,NoButton,Move,887,706
20.207,20.207,NoButton,Move,880,708
20.224,20.224,NoButton,Move,877,708
20.453,20.453,NoButton,Move,877,708
20.46,20.46,NoButton,Move,875,708
20.474,20.474,NoButton,Move,873,706
20.491,20.491,NoButton,Move,863,700
20.507,20.507,NoButton,Move,851,693
20.525,20.525,NoButton,Move,840,686
20.541,20.541,NoButton,Move,835,683
20.558,20.558,NoButton,Move,831,680
20.574,20.574,NoButton,Move,829,679
20.591,20.591,NoButton,Move,828,679
20.605,20.605,Left,Pressed,828,679
20.704,20.704,Left,Released,828,679
21.042,21.042,NoButton,Move,828,679
21.058,21.058,NoButton,Move,825,675
21.089,21.089,NoButton,Move,817,666
21.106,21.106,NoButton,Move,814,663
21.123,21.123,NoButton,Move,811,661
21.14,21.14,NoButton,Move,810,659
21.17,21.17,Left,Pressed,810,659
21.173,21.173,NoButton,Move,810,659
21.287,21.287,Left,Released,810,659
21.508,21.508,NoButton,Move,811,658
21.524,21.524,NoButton,Move,816,655
21.542,21.542,NoButton,Move,841,639
21.558,21.558,NoButton,Move,883,614
21.573,21.573,NoButton,Move,911,601
21.591,21.591,NoButton,Move,1005,555
21.607,21.607,NoButton,Move,1043,536
21.624,21.624,NoButton,Move,1082,516
21.64,21.64,NoButton,Move,1099,508
21.657,21.657,NoButton,Move,1108,502
21.674,21.674,NoButton,Move,1114,498
21.69,21.69,NoButton,Move,1116,496
21.707,21.707,NoButton,Move,1116,496
21.724,21.724,NoButton,Move,1115,496
21.74,21.74,NoButton,Move,1111,496
21.756,21.756,NoButton,Move,1105,496
21.773,21.773,NoButton,Move,1100,496
21.791,21.791,NoButton,Move,1094,496
21.807,21.807,NoButton,Move,1090,496
21.824,21.824,NoButton,Move,1087,496
21.84,21.84,NoButton,Move,1085,495
21.857,21.857,NoButton,Move,1083,495
21.874,21.874,NoButton,Move,1081,494
21.891,21.891,NoButton,Move,1081,493
21.907,21.907,NoButton,Move,1079,492
21.925,21.925,NoButton,Move,1078,492
21.941,21.941,NoButton,Move,1078,491
21.954,21.954,Left,Pressed,1078,491
21.974,21.974,NoButton,Move,1078,491
22.104,22.104,Left,Released,1078,491
22.467,22.467,NoButton,Move,1078,491
22.474,22.474,NoButton,Move,1075,495
22.49,22.49,NoButton,Move,1070,499
22.507,22.507,NoButton,Move,1042,525
22.524,22.524,NoButton,Move,1014,548
22.541,22.541,NoButton,Move,976,575
22.557,22.557,NoButton,Move,956,591
22.574,22.574,NoButton,Move,909,622
22.591,22.591,NoButton,Move,877,642
22.607,22.607,NoButton,Move,859,653
22.624,22.624,NoButton,Move,839,663
22.64,22.64,NoButton,Move,830,668
22.656,22.656,NoButton,Move,822,671
22.673,22.673,NoButton,Move,818,672
22.689,22.689,NoButton,Move,816,673
22.706,22.706,NoButton,Move,815,673
22.723,22.723,NoButton,Move,814,673
22.74,22.74,NoButton,Move,813,672
22.757,22.757,NoButton,Move,812,671
22.774,22.774,NoButton,Move,810,670
22.791,22.791,NoButton,Move,808,668
22.807,22.807,NoButton,Move,806,666
22.824,22.824,NoButton,Move,805,665
22.841,22.841,NoButton,Move,804,665
22.854,22.854,Left,Pressed,804,665
22.874,22.874,NoButton,Move,804,665
23.005,23.005,Left,Released,804,665
23.778,23.778,NoButton,Move,805,665
23.791,23.791,NoButton,Move,807,663
23.807,23.807,NoButton,Move,813,657
23.824,23.824,NoButton,Move,823,647
23.841,23.841,NoButton,Move,834,634
23.856,23.856,NoButton,Move,847,618
23.874,23.874,NoButton,Move,857,607
23.891,23.891,NoButton,Move,870,593
23.907,23.907,NoButton,Move,881,579
23.923,23.923,NoButton,Move,891,568
23.939,23.939,NoButton,Move,899,561
23.956,23.956,NoButton,Move,905,555
23.973,23.973,NoButton,Move,909,552
23.99,23.99,NoButton,Move,910,551
24.007,24.007,NoButton,Move,911,550
24.024,24.024,NoButton,Move,912,550
24.041,24.041,NoButton,Move,912,550
24.073,24.073,NoButton,Move,912,550
24.09,24.09,NoButton,Move,912,549
24.107,24.107,NoButton,Move,913,549
24.124,24.124,NoButton,Move,913,549
24.141,24.141,NoButton,Move,913,548
24.157,24.157,NoButton,Move,914,548
24.178,24.178,NoButton,Move,914,548
24.224,24.224,NoButton,Move,914,548
24.241,24.241,NoButton,Move,914,547
24.257,24.257,NoButton,Move,915,546
24.274,24.274,NoButton,Move,915,545
24.291,24.291,NoButton,Move,916,544
24.307,24.307,NoButton,Move,916,543
24.324,24.324,NoButton,Move,917,543
24.341,24.341,NoButton,Move,917,542
24.498,24.498,NoButton,Move,917,543
24.508,24.508,NoButton,Move,917,543
24.555,24.555,Left,Pressed,917,543
24.62,24.62,Left,Released,917,543
24.924,24.924,NoButton,Move,917,544
24.941,24.941,NoButton,Move,917,546
24.957,24.957,NoButton,Move,918,550
24.975,24.975,NoButton,Move,916,555
24.991,24.991,NoButton,Move,908,566
25.007,25.007,NoButton,Move,895,577
25.024,25.024,NoButton,Move,877,590
25.041,25.041,NoButton,Move,867,597
25.057,25.057,NoButton,Move,847,610
25.075,25.075,NoButton,Move,817,627
25.091,25.091,NoButton,Move,804,635
25.107,25.107,NoButton,Move,790,643
25.124,25.124,NoButton,Move,782,648
25.14,25.14,NoButton,Move,776,651
25.157,25.157,NoButton,Move,773,653
25.174,25.174,NoButton,Move,772,653
25.19,25.19,NoButton,Move,772,654
25.207,25.207,NoButton,Move,772,654
25.241,25.241,NoButton,Move,772,654
25.257,25.257,NoButton,Move,772,654
25.274,25.274,NoButton,Move,772,654
25.291,25.291,NoButton,Move,771,655
25.307,25.307,NoButton,Move,770,658
25.324,25.324,NoButton,Move,768,659
25.34,25.34,NoButton,Move,767,660
25.357,25.357,NoButton,Move,767,661
25.388,25.388,Left,Pressed,767,661
25.393,25.393,NoButton,Move,767,661
25.52,25.52,Left,Released,767,661
26.237,26.237,Scroll,Down,0,1
26.241,26.241,Scroll,Down,0,1
26.258,26.258,Scroll,Down,0,7
26.274,26.274,Scroll,Down,0,8
26.29,26.29,Scroll,Down,0,13
26.307,26.307,Scroll,Down,0,23
26.324,26.324,Scroll,Down,0,21
26.341,26.341,Scroll,Down,0,24
26.357,26.357,Scroll,Down,0,22
26.374,26.374,Scroll,Down,0,21
26.391,26.391,Scroll,Down,0,14
26.407,26.407,Scroll,Down,0,14
26.423,26.423,Scroll,Down,0,7
26.441,26.441,Scroll,Down,0,6
26.457,26.457,Scroll,Down,0,3
26.473,26.473,Scroll,Down,0,2
26.49,26.49,Scroll,Down,0,1
26.806,26.806,NoButton,Move,772,661
26.823,26.823,NoButton,Move,777,660
26.84,26.84,NoButton,Move,785,658
26.857,26.857,NoButton,Move,794,656
26.875,26.875,NoButton,Move,803,653
26.89,26.89,NoButton,Move,811,650
26.907,26.907,NoButton,Move,816,649
26.924,26.924,NoButton,Move,820,647
26.941,26.941,NoButton,Move,824,646
26.958,26.958,NoButton,Move,825,646
26.974,26.974,NoButton,Move,826,645
26.991,26.991,NoButton,Move,826,645
27.241,27.241,NoButton,Move,826,646
27.307,27.307,NoButton,Move,826,646
27.439,27.439,Left,Pressed,826,646
27.553,27.553,Left,Released,826,646
28.217,28.217,NoButton,Move,826,646
28.224,28.224,NoButton,Move,825,646
28.242,28.242,NoButton,Move,824,647
28.256,28.256,NoButton,Move,823,648
28.274,28.274,NoButton,Move,823,649
28.305,28.305,Left,Pressed,823,649
28.31,28.31,NoButton,Move,823,649
28.405,28.405,Left,Released,823,649
28.688,28.688,Scroll,Up,0,1
28.708,28.708,Scroll,Up,0,10
28.723,28.723,Scroll,Up,0,18
28.741,28.741,Scroll,Up,0,25
28.758,28.758,Scroll,Up,0,39
28.774,28.774,Scroll,Up,0,48
28.791,28.791,Scroll,Up,0,31
28.806,28.806,Scroll,Up,0,24
28.823,28.823,Scroll,Up,0,52
28.841,28.841,Scroll,Up,0,62
28.857,28.857,Scroll,Up,0,65
28.873,28.873,Scroll,Up,0,64
28.89,28.89,Scroll,Up,0,63
28.906,28.906,Scroll,Up,0,60
28.924,28.924,Scroll,Up,0,64
28.941,28.941,Scroll,Up,0,61
28.957,28.957,Scroll,Up,0,57
29.031,29.031,NoButton,Move,823,644
29.047,29.047,NoButton,Move,821,640
29.063,29.063,NoButton,Move,798,594
29.08,29.08,NoButton,Move,751,532
29.097,29.097,NoButton,Move,709,494
29.113,29.113,NoButton,Move,650,453
29.13,29.13,NoButton,Move,608,433
29.147,29.147,NoButton,Move,560,417
29.163,29.163,NoButton,Move,521,409
29.18,29.18,NoButton,Move,491,405
29.196,29.196,NoButton,Move,467,398
29.213,29.213,NoButton,Move,457,394
29.229,29.229,NoButton,Move,449,389
29.246,29.246,NoButton,Move,446,388
29.263,29.263,NoButton,Move,443,384
29.28,29.28,NoButton,Move,442,382
29.297,29.297,NoButton,Move,442,380
29.313,29.313,NoButton,Move,442,376
29.33,29.33,NoButton,Move,442,370
29.346,29.346,NoButton,Move,442,362
29.363,29.363,NoButton,Move,442,351
29.379,29.379,NoButton,Move,442,339
29.397,29.397,NoButton,Move,442,326
29.414,29.414,NoButton,Move,442,318
29.429,29.429,NoButton,Move,442,311
29.447,29.447,NoButton,Move,442,307
29.464,29.464,NoButton,Move,442,305
29.48,29.48,NoButton,Move,442,305
29.503,29.503,Left,Pressed,442,305
29.524,29.524,NoButton,Move,442,304
29.553,29.553,Left,Released,442,304
29.808,29.808,NoButton,Move,442,305
29.824,29.824,NoButton,Move,443,311
29.841,29.841,NoButton,Move,445,319
29.857,29.857,NoButton,Move,448,330
29.874,29.874,NoButton,Move,450,341
29.89,29.89,NoButton,Move,453,363
29.907,29.907,NoButton,Move,456,391
29.924,29.924,NoButton,Move,457,421
29.941,29.941,NoButton,Move,458,450
29.958,29.958,NoButton,Move,458,468
29.973,29.973,NoButton,Move,458,488
29.99,29.99,NoButton,Move,458,497
30.007,30.007,NoButton,Move,457,505
30.024,30.024,NoButton,Move,457,509
30.041,30.041,NoButton,Move,457,511
30.058,30.058,NoButton,Move,457,512
30.28,30.28,NoButton,Move,457,512
30.291,30.291,NoButton,Move,457,510
30.309,30.309,NoButton,Move,457,505
30.324,30.324,NoButton,Move,457,500
30.341,30.341,NoButton,Move,457,495
30.358,30.358,NoButton,Move,457,492
30.374,30.374,NoButton,Move,457,490
30.391,30.391,NoButton,Move,457,489
30.407,30.407,NoButton,Move,457,489
30.424,30.424,NoButton,Move,457,488
30.457,30.457,NoButton,Move,457,488
31.405,31.405,Left,Pressed,457,488
31.57,31.57,Left,Released,457,488
31.86,31.86,NoButton,Move,457,488
31.874,31.874,NoButton,Move,459,488
31.891,31.891,NoButton,Move,468,493
31.907,31.907,NoButton,Move,481,503
31.925,31.925,NoButton,Move,497,518
31.94,31.94,NoButton,Move,514,536
31.958,31.958,NoButton,Move,534,568
31.974,31.974,NoButton,Move,543,591
31.99,31.99,NoButton,Move,549,616
32.007,32.007,NoButton,Move,550,636
32.253,32.253,Scroll,Down,0,1
32.274,32.274,Scroll,Down,0,3
32.29,32.29,Scroll,Down,0,9
32.307,32.307,Scroll,Down,0,11
32.324,32.324,Scroll,Down,0,12
32.339,32.339,Scroll,Down,0,12
32.357,32.357,Scroll,Down,0,10
32.374,32.374,Scroll,Down,0,5
32.391,32.391,Scroll,Down,0,5
32.407,32.407,Scroll,Down,0,2
32.424,32.424,Scroll,Down,0,1
32.44,32.44,Scroll,Down,0,1
32.642,32.642,NoButton,Move,550,631
32.663,32.663,NoButton,Move,550,624
32.681,32.681,NoButton,Move,549,620
32.697,32.697,NoButton,Move,548,617
32.714,32.714,NoButton,Move,548,616
32.73,32.73,NoButton,Move,548,615
32.746,32.746,NoButton,Move,548,614
32.754,32.754,Left,Pressed,548,614
32.87,32.87,Left,Released,548,614
33.474,33.474,NoButton,Move,548,614
33.491,33.491,NoButton,Move,562,614
33.507,33.507,NoButton,Move,599,614
33.524,33.524,NoButton,Move,651,614
33.541,33.541,NoButton,Move,710,623
33.557,33.557,NoButton,Move,750,630
33.575,33.575,NoButton,Move,794,639
33.59,33.59,NoButton,Move,813,643
33.607,33.607,NoButton,Move,824,646
33.624,33.624,NoButton,Move,831,648
33.641,33.641,NoButton,Move,834,650
33.656,33.656,NoButton,Move,835,650
33.673,33.673,NoButton,Move,835,651
33.691,33.691,NoButton,Move,835,651
33.707,33.707,NoButton,Move,835,652
33.723,33.723,NoButton,Move,835,652
33.74,33.74,NoButton,Move,834,652
33.757,33.757,NoButton,Move,834,652
33.774,33.774,NoButton,Move,833,653
33.791,33.791,NoButton,Move,832,653
33.807,33.807,NoButton,Move,831,653
33.824,33.824,NoButton,Move,828,655
33.84,33.84,NoButton,Move,824,657
33.857,33.857,NoButton,Move,819,659
33.888,33.888,Left,Pressed,819,659
33.893,33.893,NoButton,Move,819,660
33.986,33.986,Left,Released,819,660
34.308,34.308,NoButton,Move,819,660
34.324,34.324,NoButton,Move,813,663
34.341,34.341,NoButton,Move,805,669
34.356,34.356,NoButton,Move,795,674
34.374,34.374,NoButton,Move,743,697
34.39,34.39,NoButton,Move,700,710
34.407,34.407,NoButton,Move,649,723
34.424,34.424,NoButton,Move,601,737
34.44,34.44,NoButton,Move,568,746
34.457,34.457,NoButton,Move,531,757
34.474,34.474,NoButton,Move,510,762
34.49,34.49,NoButton,Move,491,766
34.507,34.507,NoButton,Move,477,768
34.524,34.524,NoButton,Move,472,769
34.8,34.8,NoButton,Move,472,770
34.808,34.808,NoButton,Move,471,772
34.823,34.823,NoButton,Move,471,774
34.84,34.84,NoButton,Move,464,785
34.856,34.856,NoButton,Move,460,790
34.874,34.874,NoButton,Move,457,795
34.89,34.89,NoButton,Move,454,798
34.921,34.921,Left,Pressed,454,798
34.94,34.94,NoButton,Move,454,798
35.037,35.037,Left,Released,454,798
35.454,35.454,Scroll,Down,0,1
35.473,35.473,Scroll,Down,0,8
35.49,35.49,Scroll,Down,0,17
35.507,35.507,Scroll,Down,0,45
35.524,35.524,Scroll,Down,0,54
35.541,35.541,Scroll,Down,0,62
35.557,35.557,Scroll,Down,0,48
35.574,35.574,Scroll,Down,0,47
35.589,35.589,Scroll,Down,0,25
35.607,35.607,Scroll,Down,0,12
35.624,35.624,Scroll,Down,0,12
35.64,35.64,Scroll,Down,0,6
35.657,35.657,Scroll,Down,0,2
35.675,35.675,Scroll,Down,0,1
35.69,35.69,Scroll,Down,0,1
35.914,35.914,NoButton,Move,459,798
35.929,35.929,NoButton,Move,482,788
35.947,35.947,NoButton,Move,515,775
35.962,35.962,NoButton,Move,566,756
35.98,35.98,NoButton,Move,597,745
35.997,35.997,NoButton,Move,621,736
36.013,36.013,NoButton,Move,634,732
36.03,36.03,NoButton,Move,644,729
36.047,36.047,NoButton,Move,648,727
36.08,36.08,NoButton,Move,650,727
36.097,36.097,NoButton,Move,650,727
36.103,36.103,Left,Pressed,650,727
36.22,36.22,Left,Released,650,727
36.749,36.749,NoButton,Move,651,727
36.774,36.774,NoButton,Move,655,725
36.79,36.79,NoButton,Move,658,723
36.808,36.808,NoButton,Move,660,721
36.824,36.824,NoButton,Move,663,719
36.841,36.841,NoButton,Move,665,716
36.857,36.857,NoButton,Move,668,714
36.874,36.874,NoButton,Move,670,711
36.89,36.89,NoButton,Move,672,708
36.907,36.907,NoButton,Move,673,705
36.924,36.924,NoButton,Move,674,703
36.941,36.941,NoButton,Move,675,700
36.957,36.957,NoButton,Move,675,697
36.974,36.974,NoButton,Move,675,695
36.991,36.991,NoButton,Move,675,692
37.007,37.007,NoButton,Move,675,691
37.025,37.025,NoButton,Move,675,689
37.04,37.04,NoButton,Move,675,688
37.057,37.057,NoButton,Move,675,688
37.074,37.074,NoButton,Move,675,687
37.09,37.09,NoButton,Move,675,686
37.108,37.108,NoButton,Move,675,685
37.124,37.124,NoButton,Move,675,685
37.14,37.14,NoButton,Move,675,685
37.158,37.158,NoButton,Move,675,684
37.174,37.174,NoButton,Move,675,684
37.19,37.19,NoButton,Move,675,683
37.208,37.208,NoButton,Move,675,682
37.224,37.224,NoButton,Move,675,681
37.241,37.241,NoButton,Move,675,680
37.257,37.257,NoButton,Move,675,679
37.274,37.274,NoButton,Move,675,678
37.291,37.291,NoButton,Move,675,678
37.307,37.307,NoButton,Move,675,677
37.387,37.387,Left,Pressed,675,677
37.554,37.554,Left,Released,675,677
38.189,38.189,NoButton,Move,675,677
38.207,38.207,NoButton,Move,675,676
38.224,38.224,NoButton,Move,676,671
38.24,38.24,NoButton,Move,678,667
38.257,38.257,NoButton,Move,679,665
38.274,38.274,NoButton,Move,679,664
38.29,38.29,NoButton,Move,680,663
38.321,38.321,Left,Pressed,680,663
38.34,38.34,NoButton,Move,680,663
38.437,38.437,Left,Released,680,663
39.083,39.083,NoButton,Move,682,663
39.107,39.107,NoButton,Move,694,663
39.124,39.124,NoButton,Move,711,663
39.141,39.141,NoButton,Move,752,664
39.157,39.157,NoButton,Move,800,667
39.174,39.174,NoButton,Move,860,676
39.191,39.191,NoButton,Move,921,689
39.208,39.208,NoButton,Move,959,698
39.224,39.224,NoButton,Move,983,704
39.241,39.241,NoButton,Move,1004,710
39.258,39.258,NoButton,Move,1011,713
39.566,39.566,NoButton,Move,1012,713
39.574,39.574,NoButton,Move,1015,713
39.591,39.591,NoButton,Move,1026,711
39.608,39.608,NoButton,Move,1051,707
39.624,39.624,NoButton,Move,1087,703
39.641,39.641,NoButton,Move,1137,701
39.656,39.656,NoButton,Move,1197,700
39.674,39.674,NoButton,Move,1257,700
39.69,39.69,NoButton,Move,1292,699
39.708,39.708,NoButton,Move,1316,699
39.724,39.724,NoButton,Move,1339,699
39.741,39.741,NoButton,Move,1356,699
39.756,39.756,NoButton,Move,1368,699
40.402,40.402,NoButton,Move,1368,699
40.423,40.423,NoButton,Move,1367,695
40.441,40.441,NoButton,Move,1363,688
40.457,40.457,NoButton,Move,1355,676
40.474,40.474,NoButton,Move,1348,669
40.491,40.491,NoButton,Move,1347,668
40.507,40.507,NoButton,Move,1340,663
40.524,40.524,NoButton,Move,1338,662
40.541,40.541,NoButton,Move,1336,661
41.253,41.253,NoButton,Move,1336,661
41.26,41.26,NoButton,Move,1334,661
41.274,41.274,NoButton,Move,1331,659
41.291,41.291,NoButton,Move,1312,651
41.307,41.307,NoButton,Move,1279,636
41.324,41.324,NoButton,Move,1195,605
41.34,41.34,NoButton,Move,1149,590
41.357,41.357,NoButton,Move,994,554
41.374,41.374,NoButton,Move,919,553
41.391,41.391,NoButton,Move,869,560
41.407,41.407,NoButton,Move,851,566
41.954,41.954,Scroll,Up,0,1
41.974,41.974,Scroll,Up,0,5
41.991,41.991,Scroll,Up,0,7
42.007,42.007,Scroll,Up,0,12
42.024,42.024,Scroll,Up,0,22
42.041,42.041,Scroll,Up,0,18
42.057,42.057,Scroll,Up,0,21
42.074,42.074,Scroll,Up,0,15
42.091,42.091,Scroll,Up,0,12
42.107,42.107,Scroll,Up,0,8
42.124,42.124,Scroll,Up,0,5
42.141,42.141,Scroll,Up,0,2
42.157,42.157,Scroll,Up,0,1
42.173,42.173,Scroll,Up,0,1
42.54,42.54,NoButton,Move,850,565
42.557,42.557,NoButton,Move,832,551
42.574,42.574,NoButton,Move,769,514
42.591,42.591,NoButton,Move,619,439
42.607,42.607,NoButton,Move,461,375
42.624,42.624,NoButton,Move,334,329
42.641,42.641,NoButton,Move,231,298
42.658,42.658,NoButton,Move,134,283
42.674,42.674,NoButton,Move,122,283
42.89,42.89,NoButton,Move,121,279
42.907,42.907,NoButton,Move,118,276
42.923,42.923,NoButton,Move,113,266
42.94,42.94,NoButton,Move,111,261
42.957,42.957,NoButton,Move,110,258
42.974,42.974,NoButton,Move,108,254
42.99,42.99,NoButton,Move,108,252
43.007,43.007,NoButton,Move,107,250
43.024,43.024,NoButton,Move,106,248
43.04,43.04,NoButton,Move,106,247
43.056,43.056,NoButton,Move,105,245
43.074,43.074,NoButton,Move,105,244
43.09,43.09,NoButton,Move,104,242
43.106,43.106,NoButton,Move,103,240
43.124,43.124,NoButton,Move,102,237
43.14,43.14,NoButton,Move,102,232
43.158,43.158,NoButton,Move,101,229
43.173,43.173,NoButton,Move,100,227
43.2,43.2,Left,Pressed,100,227
43.207,43.207,NoButton,Move,100,227
43.27,43.27,Left,Released,100,227
43.627,43.627,NoButton,Move,102,227
43.64,43.64,NoButton,Move,103,227
43.657,43.657,NoButton,Move,109,227
43.674,43.674,NoButton,Move,122,225
43.691,43.691,NoButton,Move,138,222
43.707,43.707,NoButton,Move,157,217
43.723,43.723,NoButton,Move,195,211
43.743,43.743,NoButton,Move,238,211
43.757,43.757,NoButton,Move,368,229
43.775,43.775,NoButton,Move,458,260
43.79,43.79,NoButton,Move,515,288
43.807,43.807,NoButton,Move,561,310
43.824,43.824,NoButton,Move,570,315
44.651,44.651,NoButton,Move,570,316
44.674,44.674,NoButton,Move,562,325
44.69,44.69,NoButton,Move,557,330
44.707,44.707,NoButton,Move,545,341
44.724,44.724,NoButton,Move,527,353
44.741,44.741,NoButton,Move,510,364
44.758,44.758,NoButton,Move,495,370
44.773,44.773,NoButton,Move,492,371
44.791,44.791,NoButton,Move,481,374
44.806,44.806,NoButton,Move,477,375
44.825,44.825,NoButton,Move,476,376
44.841,44.841,NoButton,Move,474,376
44.856,44.856,NoButton,Move,473,376
44.874,44.874,NoButton,Move,472,377
44.89,44.89,NoButton,Move,471,378
44.907,44.907,NoButton,Move,468,380
44.924,44.924,NoButton,Move,464,383
44.94,44.94,NoButton,Move,460,387
44.958,44.958,NoButton,Move,457,389
44.974,44.974,NoButton,Move,454,392
44.991,44.991,NoButton,Move,451,395
45.008,45.008,NoButton,Move,450,396
45.023,45.023,NoButton,Move,449,397
45.04,45.04,NoButton,Move,449,397
45.057,45.057,NoButton,Move,448,397
45.087,45.087,Left,Pressed,448,397
45.187,45.187,Left,Released,448,397
48.627,48.627,NoButton,Move,450,397
48.64,48.64,NoButton,Move,456,397
48.657,48.657,NoButton,Move,477,401
48.674,48.674,NoButton,Move,507,406
48.69,48.69,NoButton,Move,571,422
48.707,48.707,NoButton,Move,691,463
48.724,48.724,NoButton,Move,742,486
48.741,48.741,NoButton,Move,758,495
48.757,48.757,NoButton,Move,779,509
48.774,48.774,NoButton,Move,790,521
48.791,48.791,NoButton,Move,791,532
48.806,48.806,NoButton,Move,788,547
48.823,48.823,NoButton,Move,777,566
48.84,48.84,NoButton,Move,761,587
48.857,48.857,NoButton,Move,740,608
48.873,48.873,NoButton,Move,716,623
48.891,48.891,NoButton,Move,691,633
48.906,48.906,NoButton,Move,674,638
48.924,48.924,NoButton,Move,657,642
48.94,48.94,NoButton,Move,646,645
48.957,48.957,NoButton,Move,637,647
48.974,48.974,NoButton,Move,631,648
48.989,48.989,NoButton,Move,628,648
49.007,49.007,NoButton,Move,627,648
49.02,49.02,Left,Pressed,627,648
49.074,49.074,NoButton,Move,626,648
49.122,49.122,Left,Released,626,648
49.29,49.29,NoButton,Move,626,648
49.298,49.298,NoButton,Move,624,644
49.308,49.308,NoButton,Move,618,637
49.324,49.324,NoButton,Move,600,621
49.341,49.341,NoButton,Move,517,544
49.356,49.356,NoButton,Move,401,439
49.374,49.374,NoButton,Move,308,358
49.391,49.391,NoButton,Move,235,300
49.407,49.407,NoButton,Move,194,271
49.423,49.423,NoButton,Move,169,260
49.439,49.439,NoButton,Move,157,255
49.456,49.456,NoButton,Move,147,253
49.473,49.473,NoButton,Move,142,253
49.49,49.49,NoButton,Move,140,253
49.507,49.507,NoButton,Move,138,254
49.524,49.524,NoButton,Move,136,257
49.54,49.54,NoButton,Move,134,259
49.556,49.556,NoButton,Move,130,262
49.574,49.574,NoButton,Move,126,263
49.589,49.589,NoButton,Move,122,263
49.606,49.606,NoButton,Move,119,263
49.628,49.628,Left,Pressed,119,263
49.64,49.64,NoButton,Move,119,263
49.736,49.736,Left,Released,119,263
50.109,50.109,NoButton,Move,119,264
50.124,50.124,NoButton,Move,120,265
50.141,50.141,NoButton,Move,126,269
50.157,50.157,NoButton,Move,144,274
50.174,50.174,NoButton,Move,153,276
50.19,50.19,NoButton,Move,236,290
50.207,50.207,NoButton,Move,307,300
50.223,50.223,NoButton,Move,383,311
50.24,50.24,NoButton,Move,455,321
50.257,50.257,NoButton,Move,493,326
50.273,50.273,NoButton,Move,521,328
50.291,50.291,NoButton,Move,534,329
50.591,50.591,NoButton,Move,534,330
50.607,50.607,NoButton,Move,535,331
50.624,50.624,NoButton,Move,536,333
50.641,50.641,NoButton,Move,537,335
50.657,50.657,NoButton,Move,537,338
50.674,50.674,NoButton,Move,537,342
50.69,50.69,NoButton,Move,536,345
50.707,50.707,NoButton,Move,534,349
50.724,50.724,NoButton,Move,531,354
50.741,50.741,NoButton,Move,529,357
50.757,50.757,NoButton,Move,526,360
50.774,50.774,NoButton,Move,522,363
50.791,50.791,NoButton,Move,519,366
50.807,50.807,NoButton,Move,512,368
50.824,50.824,NoButton,Move,499,368
50.84,50.84,NoButton,Move,486,367
50.857,50.857,NoButton,Move,471,360
50.874,50.874,NoButton,Move,459,352
50.891,50.891,NoButton,Move,446,341
50.907,50.907,NoButton,Move,436,331
50.924,50.924,NoButton,Move,430,326
50.94,50.94,NoButton,Move,425,320
50.957,50.957,NoButton,Move,422,317
50.974,50.974,NoButton,Move,421,315
50.99,50.99,NoButton,Move,421,315
51.007,51.007,NoButton,Move,420,314
51.024,51.024,NoButton,Move,420,314
51.041,51.041,NoButton,Move,420,314
51.057,51.057,NoButton,Move,420,313
51.073,51.073,NoButton,Move,420,313
51.107,51.107,NoButton,Move,419,313
51.124,51.124,NoButton,Move,419,313
51.355,51.355,NoButton,Move,419,313
51.452,51.452,NoButton,Move,420,313
51.509,51.509,NoButton,Move,420,313
51.533,51.533,NoButton,Move,420,313
51.574,51.574,NoButton,Move,420,313
51.624,51.624,NoButton,Move,420,313
51.641,51.641,NoButton,Move,420,313
51.657,51.657,NoButton,Move,420,313
51.68,51.68,NoButton,Move,421,313
51.705,51.705,NoButton,Move,421,314
51.74,51.74,NoButton,Move,421,314
51.762,51.762,NoButton,Move,421,314
51.775,51.775,NoButton,Move,421,314
51.789,51.789,NoButton,Move,421,317
51.806,51.806,NoButton,Move,422,324
51.824,51.824,NoButton,Move,424,334
51.84,51.84,NoButton,Move,427,353
51.857,51.857,NoButton,Move,435,389
51.874,51.874,NoButton,Move,446,432
51.89,51.89,NoButton,Move,461,492
51.907,51.907,NoButton,Move,476,556
51.924,51.924,NoButton,Move,485,592
51.94,51.94,NoButton,Move,489,618
51.957,51.957,NoButton,Move,492,642
51.973,51.973,NoButton,Move,493,659
51.99,51.99,NoButton,Move,493,665
52.174,52.174,NoButton,Move,493,661
52.191,52.191,NoButton,Move,493,650
52.207,52.207,NoButton,Move,495,635
52.224,52.224,NoButton,Move,495,601
52.24,52.24,NoButton,Move,495,556
52.257,52.257,NoButton,Move,491,506
52.273,52.273,NoButton,Move,484,473
52.29,52.29,NoButton,Move,480,449
52.307,52.307,NoButton,Move,477,435
52.323,52.323,NoButton,Move,474,425
52.34,52.34,NoButton,Move,473,420
52.356,52.356,NoButton,Move,473,418
52.373,52.373,NoButton,Move,471,417
52.39,52.39,NoButton,Move,470,417
52.407,52.407,NoButton,Move,468,416
52.423,52.423,NoButton,Move,465,414
52.44,52.44,NoButton,Move,461,409
52.457,52.457,NoButton,Move,457,404
52.473,52.473,NoButton,Move,451,396
52.49,52.49,NoButton,Move,447,388
52.507,52.507,NoButton,Move,445,384
52.524,52.524,NoButton,Move,442,376
52.54,52.54,NoButton,Move,440,369
52.557,52.557,NoButton,Move,438,362
52.852,52.852,NoButton,Move,436,362
52.873,52.873,NoButton,Move,426,362
52.891,52.891,NoButton,Move,410,362
52.908,52.908,NoButton,Move,379,362
52.924,52.924,NoButton,Move,325,357
52.94,52.94,NoButton,Move,265,351
52.957,52.957,NoButton,Move,220,349
52.973,52.973,NoButton,Move,170,346
52.99,52.99,NoButton,Move,128,343
53.007,53.007,NoButton,Move,115,343
53.023,53.023,NoButton,Move,104,342
53.04,53.04,NoButton,Move,98,342
53.056,53.056,NoButton,Move,95,340
53.074,53.074,NoButton,Move,92,339
53.089,53.089,NoButton,Move,90,337
53.106,53.106,NoButton,Move,87,333
53.124,53.124,NoButton,Move,83,330
53.14,53.14,NoButton,Move,80,326
53.157,53.157,NoButton,Move,77,323
53.174,53.174,NoButton,Move,76,321
53.205,53.205,Left,Pressed,76,321
53.213,53.213,NoButton,Move,76,321
53.303,53.303,Left,Released,76,321
53.598,53.598,NoButton,Move,77,321
53.607,53.607,NoButton,Move,81,321
53.624,53.624,NoButton,Move,93,320
53.64,53.64,NoButton,Move,127,319
53.657,53.657,NoButton,Move,203,318
53.674,53.674,NoButton,Move,286,320
53.692,53.692,NoButton,Move,383,334
53.707,53.707,NoButton,Move,440,345
53.724,53.724,NoButton,Move,481,352
53.741,53.741,NoButton,Move,506,356
54.039,54.039,NoButton,Move,506,355
54.057,54.057,NoButton,Move,506,354
54.074,54.074,NoButton,Move,505,348
54.09,54.09,NoButton,Move,505,345
54.107,54.107,NoButton,Move,505,341
54.124,54.124,NoButton,Move,504,336
54.141,54.141,NoButton,Move,503,333
54.157,54.157,NoButton,Move,503,331
54.174,54.174,NoButton,Move,503,330
54.187,54.187,Left,Pressed,503,330
54.191,54.191,Left,Released,503,330
61.751,61.751,NoButton,Move,406,437
61.756,61.756,NoButton,Move,418,429
61.773,61.773,NoButton,Move,405,437
61.792,61.792,NoButton,Move,405,437
61.808,61.808,NoButton,Move,405,436
61.822,61.822,NoButton,Move,405,435
61.84,61.84,NoButton,Move,405,434
61.857,61.857,NoButton,Move,405,433
61.873,61.873,NoButton,Move,405,432
61.89,61.89,NoButton,Move,405,431
61.907,61.907,NoButton,Move,405,429
61.923,61.923,NoButton,Move,405,428
61.94,61.94,NoButton,Move,405,425
61.957,61.957,NoButton,Move,405,424
61.973,61.973,NoButton,Move,405,423
61.991,61.991,NoButton,Move,405,423
62.02,62.02,Left,Pressed,405,423
62.021,62.021,Left,Released,405,423
62.024,62.024,NoButton,Move,405,422
63.242,63.242,NoButton,Move,538,585
63.262,63.262,NoButton,Move,538,584
63.273,63.273,NoButton,Move,523,547
63.291,63.291,NoButton,Move,481,503
63.307,63.307,NoButton,Move,479,503
63.323,63.323,NoButton,Move,476,501
63.34,63.34,NoButton,Move,473,501
63.357,63.357,NoButton,Move,473,500
63.369,63.369,Left,Pressed,473,500
63.39,63.39,NoButton,Move,473,500
63.47,63.47,Left,Released,473,500
64.466,64.466,NoButton,Move,474,503
64.49,64.49,NoButton,Move,482,517
64.508,64.508,NoButton,Move,487,523
64.523,64.523,NoButton,Move,491,529
64.54,64.54,NoButton,Move,496,537
64.557,64.557,NoButton,Move,502,547
64.574,64.574,NoButton,Move,506,557
64.591,64.591,NoButton,Move,508,565
64.607,64.607,NoButton,Move,510,570
64.624,64.624,NoButton,Move,511,577
64.641,64.641,NoButton,Move,511,582
64.656,64.656,NoButton,Move,511,585
64.674,64.674,NoButton,Move,511,588
64.69,64.69,NoButton,Move,511,589
64.707,64.707,NoButton,Move,511,590
64.724,64.724,NoButton,Move,511,590
64.74,64.74,NoButton,Move,511,591
64.882,64.882,NoButton,Move,511,591
64.891,64.891,NoButton,Move,511,592
64.906,64.906,NoButton,Move,511,595
64.924,64.924,NoButton,Move,511,600
64.94,64.94,NoButton,Move,510,606
64.957,64.957,NoButton,Move,510,613
64.975,64.975,NoButton,Move,508,618
64.99,64.99,NoButton,Move,507,623
65.007,65.007,NoButton,Move,505,627
65.024,65.024,NoButton,Move,504,629
65.039,65.039,NoButton,Move,503,631
65.057,65.057,NoButton,Move,503,631
65.073,65.073,NoButton,Move,502,633
66.183,66.183,NoButton,Move,502,631
66.191,66.191,NoButton,Move,502,630
66.207,66.207,NoButton,Move,502,627
66.224,66.224,NoButton,Move,504,618
66.241,66.241,NoButton,Move,506,603
66.257,66.257,NoButton,Move,506,595
66.273,66.273,NoButton,Move,506,593
66.29,66.29,NoButton,Move,506,585
66.306,66.306,NoButton,Move,506,582
66.323,66.323,NoButton,Move,506,580
66.339,66.339,NoButton,Move,506,579
66.356,66.356,NoButton,Move,506,578
66.374,66.374,NoButton,Move,506,577
66.404,66.404,Left,Pressed,506,577
66.494,66.494,NoButton,Move,506,577
66.494,66.494,Left,Released,506,577
71.68,71.68,NoButton,Move,506,592
71.69,71.69,NoButton,Move,508,600
71.707,71.707,NoButton,Move,513,614
71.724,71.724,NoButton,Move,517,623
71.74,71.74,NoButton,Move,521,630
71.756,71.756,NoButton,Move,523,633
71.774,71.774,NoButton,Move,526,638
71.79,71.79,NoButton,Move,529,640
71.807,71.807,NoButton,Move,532,642
71.824,71.824,NoButton,Move,536,643
71.841,71.841,NoButton,Move,541,645
71.857,71.857,NoButton,Move,545,646
71.873,71.873,NoButton,Move,549,647
71.891,71.891,NoButton,Move,553,648
71.907,71.907,NoButton,Move,555,649
71.924,71.924,NoButton,Move,556,649
71.941,71.941,NoButton,Move,557,649
71.957,71.957,NoButton,Move,558,649
71.987,71.987,Left,Pressed,558,649
71.993,71.993,NoButton,Move,558,649
72.103,72.103,Left,Released,558,649
73.448,73.448,NoButton,Move,558,649
73.474,73.474,NoButton,Move,558,638
73.491,73.491,NoButton,Move,545,583
73.508,73.508,NoButton,Move,522,527
73.524,73.524,NoButton,Move,508,495
73.54,73.54,NoButton,Move,480,441
73.557,73.557,NoButton,Move,467,419
73.573,73.573,NoButton,Move,459,404
73.59,73.59,NoButton,Move,455,398
73.607,73.607,NoButton,Move,453,397
73.623,73.623,NoButton,Move,452,397
73.64,73.64,NoButton,Move,451,397
73.656,73.656,NoButton,Move,450,397
73.674,73.674,NoButton,Move,450,397
73.69,73.69,NoButton,Move,449,397
74.472,74.472,NoButton,Move,449,396
74.49,74.49,NoButton,Move,449,395
74.507,74.507,NoButton,Move,449,394
74.524,74.524,NoButton,Move,449,391
74.541,74.541,NoButton,Move,448,388
74.557,74.557,NoButton,Move,447,385
74.574,74.574,NoButton,Move,446,382
74.59,74.59,NoButton,Move,445,380
74.607,74.607,NoButton,Move,445,378
74.624,74.624,NoButton,Move,445,378
74.641,74.641,NoButton,Move,444,377
74.658,74.658,NoButton,Move,444,377
74.678,74.678,Left,Pressed,444,377
74.68,74.68,Left,Released,444,377
77.495,77.495,NoButton,Move,444,376
77.508,77.508,NoButton,Move,444,376
77.745,77.745,NoButton,Move,445,377
77.757,77.757,NoButton,Move,449,381
77.773,77.773,NoButton,Move,454,387
77.79,77.79,NoButton,Move,458,390
77.808,77.808,NoButton,Move,459,393
77.823,77.823,NoButton,Move,460,395
77.841,77.841,NoButton,Move,460,402
77.856,77.856,NoButton,Move,449,409
77.874,77.874,NoButton,Move,415,417
77.89,77.89,NoButton,Move,340,418
77.908,77.908,NoButton,Move,209,376
77.924,77.924,NoButton,Move,123,328
77.94,77.94,NoButton,Move,58,283
77.956,77.956,NoButton,Move,37,267
77.973,77.973,NoButton,Move,14,250
77.991,77.991,NoButton,Move,0,237
78.007,78.007,NoButton,Move,0,223
78.023,78.023,NoButton,Move,0,216
78.039,78.039,NoButton,Move,1,213
78.057,78.057,NoButton,Move,9,206
78.073,78.073,NoButton,Move,15,204
78.09,78.09,NoButton,Move,22,204
78.107,78.107,NoButton,Move,26,204
78.123,78.123,NoButton,Move,29,206
78.14,78.14,NoButton,Move,31,207
78.157,78.157,NoButton,Move,32,208
78.174,78.174,NoButton,Move,33,209
78.19,78.19,NoButton,Move,33,209
78.208,78.208,NoButton,Move,33,210
78.223,78.223,NoButton,Move,34,210
78.241,78.241,NoButton,Move,34,211
78.272,78.272,Left,Pressed,34,211
78.289,78.289,NoButton,Move,34,211
78.37,78.37,Left,Released,34,211
78.44,78.44,NoButton,Move,34,212
78.456,78.456,NoButton,Move,34,216
78.474,78.474,NoButton,Move,36,219
78.492,78.492,NoButton,Move,38,223
78.507,78.507,NoButton,Move,40,225
78.54,78.54,NoButton,Move,45,233
78.557,78.557,NoButton,Move,46,233
78.586,78.586,Left,Pressed,46,233
78.687,78.687,Left,Released,46,233
78.89,78.89,NoButton,Move,46,233
78.907,78.907,NoButton,Move,56,233
78.924,78.924,NoButton,Move,74,232
78.94,78.94,NoButton,Move,137,223
78.957,78.957,NoButton,Move,218,218
78.974,78.974,NoButton,Move,309,218
78.99,78.99,NoButton,Move,376,220
79.007,79.007,NoButton,Move,448,230
79.024,79.024,NoButton,Move,471,234
79.188,79.188,NoButton,Move,471,234
79.196,79.196,NoButton,Move,471,238
79.208,79.208,NoButton,Move,471,241
79.223,79.223,NoButton,Move,471,245
79.239,79.239,NoButton,Move,471,250
79.257,79.257,NoButton,Move,471,256
79.274,79.274,NoButton,Move,471,267
79.29,79.29,NoButton,Move,466,282
79.307,79.307,NoButton,Move,457,302
79.325,79.325,NoButton,Move,445,322
79.34,79.34,NoButton,Move,435,338
79.357,79.357,NoButton,Move,423,353
79.374,79.374,NoButton,Move,416,360
79.391,79.391,NoButton,Move,408,369
79.407,79.407,NoButton,Move,407,371
79.423,79.423,NoButton,Move,405,374
79.44,79.44,NoButton,Move,405,375
79.457,79.457,NoButton,Move,405,377
79.474,79.474,NoButton,Move,405,379
79.491,79.491,NoButton,Move,405,379
79.507,79.507,NoButton,Move,406,381
79.564,79.564,NoButton,Move,426,392
79.607,79.607,NoButton,Move,500,407
79.623,79.623,NoButton,Move,532,408
79.64,79.64,NoButton,Move,572,408
79.657,79.657,NoButton,Move,599,408
79.673,79.673,NoButton,Move,626,408
79.69,79.69,NoButton,Move,646,408
79.707,79.707,NoButton,Move,655,408
79.723,79.723,NoButton,Move,661,408
79.74,79.74,NoButton,Move,664,408
79.757,79.757,NoButton,Move,665,409
79.773,79.773,NoButton,Move,666,410
79.789,79.789,NoButton,Move,666,412
79.806,79.806,NoButton,Move,667,414
79.823,79.823,NoButton,Move,668,416
79.84,79.84,NoButton,Move,669,417
79.857,79.857,NoButton,Move,669,418
79.874,79.874,NoButton,Move,669,419
79.937,79.937,Left,Pressed,669,419
80.042,80.042,Left,Released,669,419
80.466,80.466,NoButton,Move,670,419
80.49,80.49,NoButton,Move,671,423
80.507,80.507,NoButton,Move,673,427
80.556,80.556,NoButton,Move,676,457
80.573,80.573,NoButton,Move,676,467
80.59,80.59,NoButton,Move,673,477
80.607,80.607,NoButton,Move,669,486
80.623,80.623,NoButton,Move,665,494
80.641,80.641,NoButton,Move,662,498
80.656,80.656,NoButton,Move,657,501
80.672,80.672,NoButton,Move,653,503
80.689,80.689,NoButton,Move,650,505
80.706,80.706,NoButton,Move,646,506
80.723,80.723,NoButton,Move,643,508
80.74,80.74,NoButton,Move,639,509
80.757,80.757,NoButton,Move,635,511
80.775,80.775,NoButton,Move,629,513
83.416,83.416,NoButton,Move,630,517
83.44,83.44,NoButton,Move,642,534
83.457,83.457,NoButton,Move,650,542
83.473,83.473,NoButton,Move,658,548
83.49,83.49,NoButton,Move,668,556
83.507,83.507,NoButton,Move,675,562
83.523,83.523,NoButton,Move,681,568
83.54,83.54,NoButton,Move,683,571
83.557,83.557,NoButton,Move,685,575
83.612,83.612,NoButton,Move,688,587
83.647,83.647,NoButton,Move,689,589
83.685,83.685,Left,Pressed,689,589
83.802,83.802,Left,Released,689,589
86.583,86.583,NoButton,Move,690,589
86.606,86.606,NoButton,Move,707,595
86.69,86.69,NoButton,Move,844,619
86.707,86.707,NoButton,Move,860,623
86.722,86.722,NoButton,Move,872,626
86.74,86.74,NoButton,Move,884,628
86.757,86.757,NoButton,Move,888,630
86.773,86.773,NoButton,Move,891,631
86.79,86.79,NoButton,Move,891,632
86.807,86.807,NoButton,Move,891,632
86.823,86.823,NoButton,Move,891,633
86.84,86.84,NoButton,Move,889,633
86.856,86.856,NoButton,Move,888,633
86.873,86.873,NoButton,Move,887,633
86.889,86.889,NoButton,Move,886,634
86.906,86.906,NoButton,Move,884,635
86.924,86.924,NoButton,Move,881,635
86.941,86.941,NoButton,Move,879,636
86.958,86.958,NoButton,Move,877,637
86.974,86.974,NoButton,Move,874,637
86.99,86.99,NoButton,Move,871,639
87.007,87.007,NoButton,Move,869,640
87.023,87.023,NoButton,Move,865,641
87.041,87.041,NoButton,Move,863,642
87.057,87.057,NoButton,Move,862,642
87.071,87.071,Left,Pressed,862,642
87.173,87.173,NoButton,Move,861,642
87.202,87.202,Left,Released,861,642
87.509,87.509,NoButton,Move,861,642
87.524,87.524,NoButton,Move,858,643
87.54,87.54,NoButton,Move,846,646
87.557,87.557,NoButton,Move,821,647
87.573,87.573,NoButton,Move,710,625
87.59,87.59,NoButton,Move,590,577
87.607,87.607,NoButton,Move,487,518
87.624,87.624,NoButton,Move,453,497
87.64,87.64,NoButton,Move,302,402
87.657,87.657,NoButton,Move,270,386
87.673,87.673,NoButton,Move,245,375
87.69,87.69,NoButton,Move,239,375
87.887,87.887,NoButton,Move,239,375
87.893,87.893,NoButton,Move,236,375
87.907,87.907,NoButton,Move,232,375
87.925,87.925,NoButton,Move,222,375
87.94,87.94,NoButton,Move,203,372
87.957,87.957,NoButton,Move,180,364
87.974,87.974,NoButton,Move,165,358
87.991,87.991,NoButton,Move,150,350
88.007,88.007,NoButton,Move,140,344
88.023,88.023,NoButton,Move,132,338
88.04,88.04,NoButton,Move,124,328
88.057,88.057,NoButton,Move,123,327
88.072,88.072,NoButton,Move,119,320
88.09,88.09,NoButton,Move,118,317
88.106,88.106,NoButton,Move,117,315
88.122,88.122,NoButton,Move,117,313
88.139,88.139,NoButton,Move,117,312
88.157,88.157,NoButton,Move,116,310
88.173,88.173,NoButton,Move,116,309
88.19,88.19,NoButton,Move,115,306
88.207,88.207,NoButton,Move,115,304
88.223,88.223,NoButton,Move,115,303
88.255,88.255,Left,Pressed,115,303
88.273,88.273,NoButton,Move,115,303
88.354,88.354,Left,Released,115,303
88.684,88.684,NoButton,Move,115,303
88.69,88.69,NoButton,Move,115,304
88.707,88.707,NoButton,Move,115,307
88.723,88.723,NoButton,Move,115,311
88.74,88.74,NoButton,Move,114,316
88.756,88.756,NoButton,Move,114,320
88.774,88.774,NoButton,Move,113,324
88.79,88.79,NoButton,Move,112,327
88.807,88.807,NoButton,Move,112,327
88.824,88.824,NoButton,Move,112,328
88.855,88.855,Left,Pressed,112,328
88.953,88.953,Left,Released,112,328
89.335,89.335,NoButton,Move,112,328
89.342,89.342,NoButton,Move,112,329
89.357,89.357,NoButton,Move,112,330
89.373,89.373,NoButton,Move,113,331
89.39,89.39,NoButton,Move,114,333
89.407,89.407,NoButton,Move,115,334
89.424,89.424,NoButton,Move,116,334
89.44,89.44,NoButton,Move,122,335
89.457,89.457,NoButton,Move,135,335
89.474,89.474,NoButton,Move,194,330
89.491,89.491,NoButton,Move,252,327
89.507,89.507,NoButton,Move,315,324
89.524,89.524,NoButton,Move,374,323
89.54,89.54,NoButton,Move,406,323
89.557,89.557,NoButton,Move,431,323
89.574,89.574,NoButton,Move,447,323
89.735,89.735,NoButton,Move,447,324
89.743,89.743,NoButton,Move,447,326
89.757,89.757,NoButton,Move,446,328
89.774,89.774,NoButton,Move,445,334
89.79,89.79,NoButton,Move,443,339
89.808,89.808,NoButton,Move,442,348
89.824,89.824,NoButton,Move,440,353
89.841,89.841,NoButton,Move,439,359
89.857,89.857,NoButton,Move,438,362
89.874,89.874,NoButton,Move,437,363
89.89,89.89,NoButton,Move,437,364
89.907,89.907,NoButton,Move,437,364
89.957,89.957,NoButton,Move,437,363
89.974,89.974,NoButton,Move,437,361
90.392,90.392,NoButton,Move,437,362
90.407,90.407,NoButton,Move,437,364
90.424,90.424,NoButton,Move,437,367
90.439,90.439,NoButton,Move,437,368
90.456,90.456,NoButton,Move,438,369
90.473,90.473,NoButton,Move,439,370
90.49,90.49,NoButton,Move,439,371
90.521,90.521,Left,Pressed,439,371
90.524,90.524,Left,Released,439,371
90.539,90.539,NoButton,Move,439,371
92.009,92.009,NoButton,Move,438,434
92.023,92.023,NoButton,Move,438,439
92.04,92.04,NoButton,Move,438,445
92.057,92.057,NoButton,Move,438,449
92.074,92.074,NoButton,Move,438,452
92.09,92.09,NoButton,Move,438,453
92.107,92.107,NoButton,Move,438,453
92.123,92.123,NoButton,Move,438,454
92.169,92.169,Left,Pressed,438,454
92.173,92.173,Left,Released,438,454
93.735,93.735,NoButton,Move,436,522
93.74,93.74,NoButton,Move,434,527
93.757,93.757,NoButton,Move,430,533
93.773,93.773,NoButton,Move,424,540
93.79,93.79,NoButton,Move,421,545
93.807,93.807,NoButton,Move,419,548
93.824,93.824,NoButton,Move,417,549
93.84,93.84,NoButton,Move,417,551
93.858,93.858,NoButton,Move,416,551
93.873,93.873,NoButton,Move,416,552
93.89,93.89,NoButton,Move,416,552
93.907,93.907,NoButton,Move,415,552
93.919,93.919,Left,Pressed,415,552
94.047,94.047,Left,Released,415,552
95.306,95.306,NoButton,Move,415,553
95.324,95.324,NoButton,Move,419,560
95.341,95.341,NoButton,Move,424,569
95.356,95.356,NoButton,Move,428,578
95.374,95.374,NoButton,Move,433,591
95.391,95.391,NoButton,Move,439,607
95.407,95.407,NoButton,Move,441,616
95.424,95.424,NoButton,Move,442,625
95.441,95.441,NoButton,Move,443,631
95.456,95.456,NoButton,Move,443,633
95.474,95.474,NoButton,Move,443,634
95.491,95.491,NoButton,Move,443,635
95.507,95.507,NoButton,Move,444,635
95.525,95.525,NoButton,Move,444,636
95.54,95.54,NoButton,Move,444,636
95.557,95.557,NoButton,Move,445,636
95.575,95.575,NoButton,Move,445,636
95.589,95.589,Left,Pressed,445,636
95.607,95.607,NoButton,Move,445,636
95.703,95.703,Left,Released,445,636
104.774,104.774,NoButton,Move,446,636
104.79,104.79,NoButton,Move,447,637
104.807,104.807,NoButton,Move,449,638
104.824,104.824,NoButton,Move,451,639
104.841,104.841,NoButton,Move,454,641
104.857,104.857,NoButton,Move,457,643
104.875,104.875,NoButton,Move,460,645
104.89,104.89,NoButton,Move,463,647
104.907,104.907,NoButton,Move,466,650
104.924,104.924,NoButton,Move,469,652
104.941,104.941,NoButton,Move,471,654
104.957,104.957,NoButton,Move,472,655
104.974,104.974,NoButton,Move,473,656
104.99,104.99,NoButton,Move,473,656
105.007,105.007,NoButton,Move,473,657
105.024,105.024,NoButton,Move,474,657
105.044,105.044,NoButton,Move,474,658
105.057,105.057,NoButton,Move,474,658
105.074,105.074,NoButton,Move,474,658
105.09,105.09,NoButton,Move,475,658
105.108,105.108,NoButton,Move,475,659
105.124,105.124,NoButton,Move,475,659
105.14,105.14,NoButton,Move,475,659
105.995,105.995,NoButton,Move,474,659
106.018,106.018,NoButton,Move,474,659
106.026,106.026,NoButton,Move,474,659
106.04,106.04,NoButton,Move,474,659
106.057,106.057,NoButton,Move,474,658
106.073,106.073,NoButton,Move,473,658
106.09,106.09,NoButton,Move,473,656
106.107,106.107,NoButton,Move,472,655
106.124,106.124,NoButton,Move,472,655
106.141,106.141,NoButton,Move,472,654
106.157,106.157,NoButton,Move,471,654
106.174,106.174,NoButton,Move,471,653
106.191,106.191,NoButton,Move,471,652
106.207,106.207,NoButton,Move,470,651
106.224,106.224,NoButton,Move,470,651
106.24,106.24,NoButton,Move,470,650
106.257,106.257,NoButton,Move,470,650
106.274,106.274,NoButton,Move,470,649
106.29,106.29,NoButton,Move,469,649
106.388,106.388,NoButton,Move,469,650
106.395,106.395,NoButton,Move,469,651
106.407,106.407,NoButton,Move,469,652
106.424,106.424,NoButton,Move,469,657
106.44,106.44,NoButton,Move,470,662
106.457,106.457,NoButton,Move,471,666
106.475,106.475,NoButton,Move,471,671
106.491,106.491,NoButton,Move,472,674
106.506,106.506,NoButton,Move,472,677
106.524,106.524,NoButton,Move,473,679
106.541,106.541,NoButton,Move,473,680
106.557,106.557,NoButton,Move,473,680
106.574,106.574,NoButton,Move,473,680
106.604,106.604,Left,Pressed,473,680
107.221,107.221,Left,Released,473,680
108.796,108.796,NoButton,Move,473,680
108.807,108.807,NoButton,Move,473,679
108.824,108.824,NoButton,Move,473,679
108.84,108.84,NoButton,Move,473,677
108.858,108.858,NoButton,Move,474,676
108.872,108.872,NoButton,Move,474,672
108.89,108.89,NoButton,Move,477,663
108.907,108.907,NoButton,Move,480,645
108.923,108.923,NoButton,Move,489,604
108.94,108.94,NoButton,Move,493,588
108.957,108.957,NoButton,Move,498,557
108.974,108.974,NoButton,Move,502,536
108.991,108.991,NoButton,Move,509,506
109.007,109.007,NoButton,Move,512,495
109.023,109.023,NoButton,Move,515,489
109.04,109.04,NoButton,Move,517,484
109.056,109.056,NoButton,Move,518,482
109.073,109.073,NoButton,Move,518,480
109.09,109.09,NoButton,Move,519,480
109.106,109.106,NoButton,Move,519,480
109.122,109.122,NoButton,Move,522,478
109.139,109.139,NoButton,Move,533,474
109.156,109.156,NoButton,Move,552,469
109.173,109.173,NoButton,Move,579,466
109.189,109.189,NoButton,Move,611,466
109.207,109.207,NoButton,Move,640,466
109.224,109.224,NoButton,Move,656,471
109.241,109.241,NoButton,Move,669,478
109.258,109.258,NoButton,Move,674,483
109.274,109.274,NoButton,Move,679,488
109.29,109.29,NoButton,Move,680,493
109.307,109.307,NoButton,Move,680,496
109.324,109.324,NoButton,Move,678,499
109.339,109.339,NoButton,Move,676,500
109.356,109.356,NoButton,Move,674,500
109.373,109.373,NoButton,Move,673,500
109.39,109.39,NoButton,Move,672,499
109.407,109.407,NoButton,Move,672,496
109.424,109.424,NoButton,Move,672,493
109.441,109.441,NoButton,Move,672,491
109.454,109.454,Left,Pressed,672,491
109.473,109.473,NoButton,Move,672,491
109.587,109.587,Left,Released,672,491
110.819,110.819,NoButton,Move,672,491
110.84,110.84,NoButton,Move,671,491
110.857,110.857,NoButton,Move,665,488
110.874,110.874,NoButton,Move,662,487
110.89,110.89,NoButton,Move,657,484
110.906,110.906,NoButton,Move,656,483
110.924,110.924,NoButton,Move,654,482
110.94,110.94,NoButton,Move,654,482
110.957,110.957,NoButton,Move,653,481
110.974,110.974,NoButton,Move,653,481
110.991,110.991,NoButton,Move,652,480
111.007,111.007,NoButton,Move,651,478
111.024,111.024,NoButton,Move,650,477
111.04,111.04,NoButton,Move,649,476
111.057,111.057,NoButton,Move,649,475
111.074,111.074,NoButton,Move,648,474
111.09,111.09,NoButton,Move,648,473
111.106,111.106,NoButton,Move,648,473
111.123,111.123,NoButton,Move,648,472
111.14,111.14,NoButton,Move,647,471
111.156,111.156,NoButton,Move,647,470
111.174,111.174,NoButton,Move,647,469
111.189,111.189,NoButton,Move,646,468
111.207,111.207,NoButton,Move,645,467
111.224,111.224,NoButton,Move,644,466
111.24,111.24,NoButton,Move,643,465
111.258,111.258,NoButton,Move,643,464
111.274,111.274,NoButton,Move,642,463
111.291,111.291,NoButton,Move,641,462
111.307,111.307,NoButton,Move,640,462
111.324,111.324,NoButton,Move,640,461
111.341,111.341,NoButton,Move,640,461
111.357,111.357,NoButton,Move,639,461
111.415,111.415,NoButton,Move,639,461
111.472,111.472,NoButton,Move,639,460
111.48,111.48,NoButton,Move,639,460
111.988,111.988,Left,Pressed,639,460
112.103,112.103,Left,Released,639,460
114.151,114.151,NoButton,Move,639,460
114.158,114.158,NoButton,Move,639,458
114.174,114.174,NoButton,Move,638,455
114.191,114.191,NoButton,Move,635,443
114.207,114.207,NoButton,Move,633,439
114.224,114.224,NoButton,Move,630,434
114.242,114.242,NoButton,Move,626,428
114.257,114.257,NoButton,Move,624,425
114.274,114.274,NoButton,Move,621,423
114.291,114.291,NoButton,Move,620,422
114.307,114.307,NoButton,Move,618,420
114.324,114.324,NoButton,Move,617,420
114.34,114.34,NoButton,Move,617,420
114.357,114.357,NoButton,Move,617,419
114.38,114.38,NoButton,Move,617,419
114.429,114.429,NoButton,Move,616,419
114.473,114.473,NoButton,Move,616,419
114.493,114.493,NoButton,Move,616,419
114.54,114.54,NoButton,Move,616,419
114.558,114.558,NoButton,Move,616,419
114.573,114.573,NoButton,Move,615,419
114.59,114.59,NoButton,Move,615,419
114.607,114.607,NoButton,Move,615,419
114.623,114.623,NoButton,Move,615,419
114.64,114.64,NoButton,Move,614,418
114.657,114.657,NoButton,Move,614,418
114.673,114.673,NoButton,Move,613,418
114.69,114.69,NoButton,Move,610,417
114.707,114.707,NoButton,Move,605,415
114.724,114.724,NoButton,Move,593,412
114.739,114.739,NoButton,Move,572,408
114.757,114.757,NoButton,Move,542,404
114.774,114.774,NoButton,Move,509,402
114.79,114.79,NoButton,Move,476,402
114.807,114.807,NoButton,Move,455,404
115.15,115.15,NoButton,Move,455,404
115.173,115.173,NoButton,Move,446,404
115.19,115.19,NoButton,Move,416,401
115.207,115.207,NoButton,Move,341,380
115.224,115.224,NoButton,Move,258,346
115.241,115.241,NoButton,Move,201,319
115.258,115.258,NoButton,Move,161,301
115.273,115.273,NoButton,Move,138,290
115.289,115.289,NoButton,Move,126,285
115.307,115.307,NoButton,Move,118,282
115.324,115.324,NoButton,Move,115,281
115.34,115.34,NoButton,Move,114,280
115.357,115.357,NoButton,Move,114,280
115.374,115.374,NoButton,Move,114,280
115.389,115.389,NoButton,Move,114,280
115.406,115.406,NoButton,Move,114,279
115.424,115.424,NoButton,Move,114,279
115.44,115.44,NoButton,Move,114,278
115.457,115.457,NoButton,Move,114,276
115.474,115.474,NoButton,Move,114,271
115.49,115.49,NoButton,Move,116,263
115.507,115.507,NoButton,Move,118,252
115.523,115.523,NoButton,Move,119,246
115.541,115.541,NoButton,Move,120,241
115.557,115.557,NoButton,Move,121,238
115.574,115.574,NoButton,Move,121,237
115.587,115.587,Left,Pressed,121,237
115.607,115.607,NoButton,Move,121,237
115.687,115.687,Left,Released,121,237
116.036,116.036,NoButton,Move,123,237
116.041,116.041,NoButton,Move,126,238
116.069,116.069,NoButton,Move,149,245
116.074,116.074,NoButton,Move,169,250
116.09,116.09,NoButton,Move,213,260
116.107,116.107,NoButton,Move,360,290
116.124,116.124,NoButton,Move,498,317
116.14,116.14,NoButton,Move,592,337
116.157,116.157,NoButton,Move,663,352
116.174,116.174,NoButton,Move,686,356
116.19,116.19,NoButton,Move,716,361
116.208,116.208,NoButton,Move,729,362
116.452,116.452,NoButton,Move,729,363
116.473,116.473,NoButton,Move,729,368
116.49,116.49,NoButton,Move,729,373
116.508,116.508,NoButton,Move,727,379
116.524,116.524,NoButton,Move,718,390
116.541,116.541,NoButton,Move,699,401
116.557,116.557,NoButton,Move,637,419
116.574,116.574,NoButton,Move,587,422
116.59,116.59,NoButton,Move,549,422
116.607,116.607,NoButton,Move,507,419
116.622,116.622,NoButton,Move,483,414
116.64,116.64,NoButton,Move,461,410
116.657,116.657,NoButton,Move,452,407
116.674,116.674,NoButton,Move,444,404
116.691,116.691,NoButton,Move,440,402
116.707,116.707,NoButton,Move,437,402
116.723,116.723,NoButton,Move,435,402
116.74,116.74,NoButton,Move,433,402
116.757,116.757,NoButton,Move,432,402
116.773,116.773,NoButton,Move,432,402
116.79,116.79,NoButton,Move,431,402
116.808,116.808,NoButton,Move,431,402
116.824,116.824,NoButton,Move,431,403
116.84,116.84,NoButton,Move,431,405
116.857,116.857,NoButton,Move,434,409
116.875,116.875,NoButton,Move,439,414
116.89,116.89,NoButton,Move,450,421
116.908,116.908,NoButton,Move,465,426
116.924,116.924,NoButton,Move,485,429
116.94,116.94,NoButton,Move,511,429
116.956,116.956,NoButton,Move,537,429
116.974,116.974,NoButton,Move,564,424
116.991,116.991,NoButton,Move,582,420
117.007,117.007,NoButton,Move,610,417
117.022,117.022,NoButton,Move,624,416
117.039,117.039,NoButton,Move,639,416
117.057,117.057,NoButton,Move,652,416
117.073,117.073,NoButton,Move,663,416
117.09,117.09,NoButton,Move,669,417
117.106,117.106,NoButton,Move,673,417
117.123,117.123,NoButton,Move,674,418
117.14,117.14,NoButton,Move,675,418
117.157,117.157,NoButton,Move,676,418
117.187,117.187,Left,Pressed,676,418
117.303,117.303,Left,Released,676,418
117.689,117.689,NoButton,Move,676,419
117.696,117.696,NoButton,Move,676,423
117.707,117.707,NoButton,Move,677,426
117.723,117.723,NoButton,Move,678,433
117.74,117.74,NoButton,Move,679,444
117.757,117.757,NoButton,Move,679,455
117.774,117.774,NoButton,Move,678,465
117.79,117.79,NoButton,Move,675,473
117.807,117.807,NoButton,Move,670,482
117.824,117.824,NoButton,Move,667,490
117.84,117.84,NoButton,Move,664,495
117.857,117.857,NoButton,Move,660,501
117.874,117.874,NoButton,Move,656,505
117.89,117.89,NoButton,Move,653,507
118.688,118.688,NoButton,Move,652,526
118.707,118.707,NoButton,Move,655,545
118.723,118.723,NoButton,Move,665,560
118.74,118.74,NoButton,Move,676,573
118.758,118.758,NoButton,Move,693,588
118.773,118.773,NoButton,Move,717,607
118.791,118.791,NoButton,Move,739,623
118.806,118.806,NoButton,Move,753,634
118.823,118.823,NoButton,Move,766,644
118.84,118.84,NoButton,Move,772,651
118.856,118.856,NoButton,Move,776,656
118.874,118.874,NoButton,Move,777,659
118.891,118.891,NoButton,Move,778,660
118.907,118.907,NoButton,Move,778,661
118.924,118.924,NoButton,Move,778,662
119.007,119.007,NoButton,Move,778,661
119.023,119.023,NoButton,Move,778,660
119.04,119.04,NoButton,Move,778,659
119.058,119.058,NoButton,Move,778,657
119.073,119.073,NoButton,Move,778,653
119.089,119.089,NoButton,Move,778,650
119.107,119.107,NoButton,Move,778,648
119.123,119.123,NoButton,Move,779,646
119.139,119.139,NoButton,Move,779,645
119.157,119.157,NoButton,Move,780,644
119.174,119.174,NoButton,Move,780,644
119.189,119.189,NoButton,Move,780,644
119.539,119.539,NoButton,Move,780,644
119.546,119.546,NoButton,Move,779,644
119.557,119.557,NoButton,Move,777,644
119.574,119.574,NoButton,Move,769,642
119.59,119.59,NoButton,Move,755,635
119.607,119.607,NoButton,Move,726,616
119.624,119.624,NoButton,Move,712,605
119.641,119.641,NoButton,Move,693,590
119.657,119.657,NoButton,Move,684,583
119.674,119.674,NoButton,Move,676,577
119.69,119.69,NoButton,Move,672,575
119.706,119.706,NoButton,Move,671,574
119.723,119.723,NoButton,Move,671,573
119.741,119.741,NoButton,Move,671,573
119.753,119.753,Left,Pressed,671,573
119.869,119.869,Left,Released,671,573
125.171,125.171,NoButton,Move,671,574
125.18,125.18,NoButton,Move,672,578
125.191,125.191,NoButton,Move,675,582
125.207,125.207,NoButton,Move,684,590
125.223,125.223,NoButton,Move,695,595
125.24,125.24,NoButton,Move,710,600
125.258,125.258,NoButton,Move,741,608
125.274,125.274,NoButton,Move,776,614
125.29,125.29,NoButton,Move,806,619
125.307,125.307,NoButton,Move,822,622
125.323,125.323,NoButton,Move,832,624
125.34,125.34,NoButton,Move,841,626
125.356,125.356,NoButton,Move,846,626
125.373,125.373,NoButton,Move,847,627
125.39,125.39,NoButton,Move,849,627
125.407,125.407,NoButton,Move,849,627
125.423,125.423,NoButton,Move,849,627
125.439,125.439,NoButton,Move,849,627
125.47,125.47,Left,Pressed,849,627
125.572,125.572,Left,Released,849,627
128.161,128.161,NoButton,Move,850,627
128.173,128.173,NoButton,Move,851,627
128.191,128.191,NoButton,Move,852,627
128.207,128.207,NoButton,Move,852,627
128.224,128.224,NoButton,Move,853,627
128.274,128.274,NoButton,Move,853,623
128.29,128.29,NoButton,Move,853,616
128.307,128.307,NoButton,Move,850,603
128.325,128.325,NoButton,Move,839,587
128.34,128.34,NoButton,Move,810,563
128.357,128.357,NoButton,Move,741,537
128.373,128.373,NoButton,Move,663,522
128.619,128.619,NoButton,Move,670,522
128.64,128.64,NoButton,Move,678,522
128.658,128.658,NoButton,Move,684,521
128.674,128.674,NoButton,Move,687,518
128.69,128.69,NoButton,Move,688,516
128.707,128.707,NoButton,Move,687,506
128.724,128.724,NoButton,Move,653,475
128.741,128.741,NoButton,Move,509,375
128.757,128.757,NoButton,Move,412,328
128.774,128.774,NoButton,Move,334,304
128.791,128.791,NoButton,Move,257,298
128.806,128.806,NoButton,Move,207,310
128.824,128.824,NoButton,Move,199,317
128.839,128.839,NoButton,Move,160,354
128.857,128.857,NoButton,Move,146,366
128.873,128.873,NoButton,Move,130,379
128.889,128.889,NoButton,Move,117,384
128.906,128.906,NoButton,Move,108,385
128.924,128.924,NoButton,Move,102,385
128.939,128.939,NoButton,Move,95,377
128.956,128.956,NoButton,Move,93,364
128.974,128.974,NoButton,Move,91,344
128.99,128.99,NoButton,Move,91,323
129.007,129.007,NoButton,Move,91,309
129.024,129.024,NoButton,Move,91,301
129.04,129.04,NoButton,Move,91,292
129.057,129.057,NoButton,Move,92,288
129.073,129.073,NoButton,Move,92,286
129.09,129.09,NoButton,Move,92,285
129.107,129.107,NoButton,Move,92,284
129.124,129.124,NoButton,Move,92,282
129.14,129.14,NoButton,Move,92,279
129.156,129.156,NoButton,Move,92,276
129.173,129.173,NoButton,Move,92,273
129.19,129.19,NoButton,Move,93,272
129.204,129.204,Left,Pressed,93,272
129.223,129.223,NoButton,Move,93,272
129.303,129.303,Left,Released,93,272
129.584,129.584,NoButton,Move,93,272
129.592,129.592,NoButton,Move,97,272
129.607,129.607,NoButton,Move,102,273
129.623,129.623,NoButton,Move,116,276
129.64,129.64,NoButton,Move,146,280
129.657,129.657,NoButton,Move,194,285
129.674,129.674,NoButton,Move,263,290
129.69,129.69,NoButton,Move,288,291
129.707,129.707,NoButton,Move,341,294
129.723,129.723,NoButton,Move,358,295
129.739,129.739,NoButton,Move,374,297
129.757,129.757,NoButton,Move,382,298
129.773,129.773,NoButton,Move,388,298
129.789,129.789,NoButton,Move,391,299
129.807,129.807,NoButton,Move,392,299
129.824,129.824,NoButton,Move,393,300
129.839,129.839,NoButton,Move,393,300
129.89,129.89,NoButton,Move,393,300
129.952,129.952,NoButton,Move,392,300
129.96,129.96,NoButton,Move,390,300
129.973,129.973,NoButton,Move,386,300
129.99,129.99,NoButton,Move,364,302
130.007,130.007,NoButton,Move,323,311
130.023,130.023,NoButton,Move,260,330
130.04,130.04,NoButton,Move,215,343
130.057,130.057,NoButton,Move,164,357
130.073,130.073,NoButton,Move,141,361
130.089,130.089,NoButton,Move,125,364
130.106,130.106,NoButton,Move,112,365
130.123,130.123,NoButton,Move,106,365
130.14,130.14,NoButton,Move,104,365
130.157,130.157,NoButton,Move,102,365
130.174,130.174,NoButton,Move,102,365
130.19,130.19,NoButton,Move,101,364
130.207,130.207,NoButton,Move,101,363
130.223,130.223,NoButton,Move,100,362
130.241,130.241,NoButton,Move,99,361
130.257,130.257,NoButton,Move,99,361
130.354,130.354,Left,Pressed,99,361
130.357,130.357,NoButton,Move,99,361
130.453,130.453,Left,Released,99,361
130.607,130.607,NoButton,Move,100,361
130.624,130.624,NoButton,Move,109,361
130.64,130.64,NoButton,Move,134,360
130.657,130.657,NoButton,Move,180,353
130.674,130.674,NoButton,Move,239,344
130.691,130.691,NoButton,Move,283,338
130.707,130.707,NoButton,Move,331,334
130.724,130.724,NoButton,Move,353,334
130.741,130.741,NoButton,Move,376,334
130.757,130.757,NoButton,Move,390,335
130.774,130.774,NoButton,Move,395,336
130.79,130.79,NoButton,Move,398,337
130.807,130.807,NoButton,Move,399,338
130.824,130.824,NoButton,Move,400,339
130.84,130.84,NoButton,Move,400,339
131.009,131.009,NoButton,Move,400,339
131.024,131.024,NoButton,Move,398,339
131.04,131.04,NoButton,Move,395,341
131.057,131.057,NoButton,Move,390,349
131.074,131.074,NoButton,Move,388,353
131.091,131.091,NoButton,Move,387,368
131.107,131.107,NoButton,Move,387,372
131.124,131.124,NoButton,Move,394,392
131.14,131.14,NoButton,Move,415,416
131.157,131.157,NoButton,Move,444,442
131.174,131.174,NoButton,Move,483,474
131.19,131.19,NoButton,Move,510,492
131.207,131.207,NoButton,Move,520,500
131.224,131.224,NoButton,Move,529,505
131.24,131.24,NoButton,Move,534,509
131.336,131.336,Scroll,Down,0,1
131.357,131.357,Scroll,Down,0,11
131.374,131.374,Scroll,Down,0,19
131.39,131.39,Scroll,Down,0,33
131.407,131.407,Scroll,Down,0,47
131.424,131.424,Scroll,Down,0,41
131.44,131.44,Scroll,Down,0,33
131.457,131.457,Scroll,Down,0,27
131.473,131.473,Scroll,Down,0,21
131.49,131.49,Scroll,Down,0,8
131.507,131.507,Scroll,Down,0,7
131.562,131.562,Scroll,Down,0,5
131.606,131.606,Scroll,Up,0,0
131.69,131.69,NoButton,Move,532,514
131.697,131.697,NoButton,Move,530,517
131.713,131.713,NoButton,Move,525,526
131.729,131.729,NoButton,Move,522,532
131.746,131.746,NoButton,Move,509,567
131.763,131.763,NoButton,Move,500,591
131.779,131.779,NoButton,Move,495,607
131.807,131.807,NoButton,Move,484,631
131.813,131.813,NoButton,Move,483,633
131.84,131.84,NoButton,Move,478,643
131.846,131.846,NoButton,Move,476,645
131.874,131.874,NoButton,Move,474,649
131.891,131.891,NoButton,Move,474,650
131.895,131.895,NoButton,Move,474,650
131.924,131.924,NoButton,Move,473,651
131.939,131.939,NoButton,Move,473,651
131.956,131.956,NoButton,Move,473,652
131.975,131.975,NoButton,Move,472,653
131.979,131.979,NoButton,Move,471,654
131.991,131.991,NoButton,Move,471,655
132.006,132.006,NoButton,Move,470,656
132.023,132.023,NoButton,Move,469,657
132.04,132.04,NoButton,Move,468,658
132.073,132.073,NoButton,Move,465,651
132.09,132.09,NoButton,Move,462,638
132.107,132.107,NoButton,Move,460,621
132.122,132.122,NoButton,Move,458,605
132.14,132.14,NoButton,Move,457,588
132.157,132.157,NoButton,Move,457,577
132.173,132.173,NoButton,Move,457,569
132.19,132.19,NoButton,Move,457,566
132.206,132.206,NoButton,Move,457,564
132.223,132.223,NoButton,Move,458,563
132.309,132.309,Left,Pressed,458,563
132.31,132.31,Left,Released,458,563
132.467,132.467,NoButton,Move,458,562
132.474,132.474,NoButton,Move,456,558
132.49,132.49,NoButton,Move,448,547
132.507,132.507,NoButton,Move,414,506
132.524,132.524,NoButton,Move,356,443
132.54,132.54,NoButton,Move,236,316
132.557,132.557,NoButton,Move,189,266
132.573,132.573,NoButton,Move,157,232
132.59,132.59,NoButton,Move,138,211
132.607,132.607,NoButton,Move,123,195
132.624,132.624,NoButton,Move,116,189
132.641,132.641,NoButton,Move,107,180
132.657,132.657,NoButton,Move,102,174
132.673,132.673,NoButton,Move,97,168
132.69,132.69,NoButton,Move,92,161
132.706,132.706,NoButton,Move,88,155
132.724,132.724,NoButton,Move,84,148
132.739,132.739,NoButton,Move,81,142
132.756,132.756,NoButton,Move,79,139
132.773,132.773,NoButton,Move,78,136
132.79,132.79,NoButton,Move,77,135
132.807,132.807,NoButton,Move,76,134
132.854,132.854,Left,Pressed,76,134
132.904,132.904,Left,Released,76,134
132.916,132.916,NoButton,Move,76,135
132.923,132.923,NoButton,Move,76,137
132.94,132.94,NoButton,Move,76,139
132.957,132.957,NoButton,Move,76,140
132.973,132.973,NoButton,Move,76,142
132.99,132.99,NoButton,Move,76,142
133.037,133.037,Left,Pressed,76,142
133.17,133.17,Left,Released,76,142
133.27,133.27,NoButton,Move,77,142
133.278,133.278,NoButton,Move,81,145
133.291,133.291,NoButton,Move,84,149
133.306,133.306,NoButton,Move,93,163
133.324,133.324,NoButton,Move,109,193
133.341,133.341,NoButton,Move,121,225
133.356,133.356,NoButton,Move,132,263
133.373,133.373,NoButton,Move,142,307
133.39,133.39,NoButton,Move,145,333
133.408,133.408,NoButton,Move,145,351
133.423,133.423,NoButton,Move,146,361
133.44,133.44,NoButton,Move,146,369
133.457,133.457,NoButton,Move,146,373
133.473,133.473,NoButton,Move,146,373
133.49,133.49,NoButton,Move,146,374
133.523,133.523,NoButton,Move,145,374
133.54,133.54,NoButton,Move,145,374
133.557,133.557,NoButton,Move,143,370
133.573,133.573,NoButton,Move,140,364
133.59,133.59,NoButton,Move,136,354
133.607,133.607,NoButton,Move,134,349
133.624,133.624,NoButton,Move,133,345
133.641,133.641,NoButton,Move,133,343
133.656,133.656,NoButton,Move,133,342
133.674,133.674,NoButton,Move,133,342
133.703,133.703,Left,Pressed,133,342
133.789,133.789,Left,Released,133,342
134.013,134.013,NoButton,Move,134,342
134.023,134.023,NoButton,Move,136,341
134.04,134.04,NoButton,Move,148,336
134.057,134.057,NoButton,Move,181,325
134.073,134.073,NoButton,Move,249,312
134.091,134.091,NoButton,Move,330,306
134.107,134.107,NoButton,Move,395,306
134.123,134.123,NoButton,Move,453,306
134.14,134.14,NoButton,Move,507,311
134.157,134.157,NoButton,Move,519,312
134.173,134.173,NoButton,Move,536,315
134.19,134.19,NoButton,Move,542,316
134.207,134.207,NoButton,Move,544,316
134.223,134.223,NoButton,Move,544,317
134.24,134.24,NoButton,Move,543,317
134.257,134.257,NoButton,Move,541,317
134.273,134.273,NoButton,Move,539,318
134.291,134.291,NoButton,Move,538,318
134.307,134.307,NoButton,Move,538,318
134.354,134.354,Left,Pressed,538,318
134.357,134.357,Left,Released,538,318
135.596,135.596,NoButton,Move,462,446
135.607,135.607,NoButton,Move,461,446
135.624,135.624,NoButton,Move,460,447
135.64,135.64,NoButton,Move,460,447
135.656,135.656,NoButton,Move,459,446
135.673,135.673,NoButton,Move,458,441
135.691,135.691,NoButton,Move,458,436
135.706,135.706,NoButton,Move,458,431
135.723,135.723,NoButton,Move,458,428
135.74,135.74,NoButton,Move,458,425
135.756,135.756,NoButton,Move,459,424
135.773,135.773,NoButton,Move,459,421
135.79,135.79,NoButton,Move,460,418
135.807,135.807,NoButton,Move,460,416
135.823,135.823,NoButton,Move,461,415
135.853,135.853,Left,Pressed,461,415
135.854,135.854,Left,Released,461,415
135.874,135.874,NoButton,Move,461,415
138.489,138.489,NoButton,Move,450,491
138.49,138.49,NoButton,Move,466,497
138.508,138.508,NoButton,Move,448,489
138.523,138.523,NoButton,Move,447,487
138.54,138.54,NoButton,Move,447,487
138.556,138.556,NoButton,Move,446,486
138.573,138.573,NoButton,Move,446,486
138.59,138.59,NoButton,Move,446,486
138.607,138.607,NoButton,Move,445,488
138.623,138.623,NoButton,Move,444,490
138.641,138.641,NoButton,Move,443,492
138.669,138.669,Left,Pressed,443,492
138.674,138.674,NoButton,Move,443,492
138.767,138.767,Left,Released,443,492
139.659,139.659,NoButton,Move,443,504
139.674,139.674,NoButton,Move,443,524
139.69,139.69,NoButton,Move,445,545
139.707,139.707,NoButton,Move,449,553
139.724,139.724,NoButton,Move,452,559
139.74,139.74,NoButton,Move,457,569
139.757,139.757,NoButton,Move,460,575
139.772,139.772,NoButton,Move,464,581
139.789,139.789,NoButton,Move,466,584
139.807,139.807,NoButton,Move,466,586
139.824,139.824,NoButton,Move,467,587
139.841,139.841,NoButton,Move,467,588
139.857,139.857,NoButton,Move,467,588
139.927,139.927,NoButton,Move,467,588
139.941,139.941,NoButton,Move,467,587
139.956,139.956,NoButton,Move,467,587
139.973,139.973,NoButton,Move,467,585
139.99,139.99,NoButton,Move,468,585
140.003,140.003,Left,Pressed,468,585
140.092,140.092,NoButton,Move,468,584
140.092,140.092,Left,Released,468,584
142.607,142.607,NoButton,Move,468,587
142.621,142.621,NoButton,Move,473,597
142.723,142.723,NoButton,Move,587,634
142.739,142.739,NoButton,Move,613,635
142.756,142.756,NoButton,Move,637,635
142.773,142.773,NoButton,Move,652,635
142.79,142.79,NoButton,Move,669,636
142.807,142.807,NoButton,Move,682,637
142.823,142.823,NoButton,Move,689,638
142.84,142.84,NoButton,Move,695,639
142.856,142.856,NoButton,Move,698,639
142.874,142.874,NoButton,Move,700,639
142.89,142.89,NoButton,Move,701,639
142.908,142.908,NoButton,Move,701,639
142.923,142.923,NoButton,Move,702,639
142.937,142.937,Left,Pressed,702,639
143.069,143.069,Left,Released,702,639
143.443,143.443,NoButton,Move,702,639
143.457,143.457,NoButton,Move,702,636
143.473,143.473,NoButton,Move,697,616
143.49,143.49,NoButton,Move,695,602
143.507,143.507,NoButton,Move,692,584
143.523,143.523,NoButton,Move,690,569
143.54,143.54,NoButton,Move,690,561
143.557,143.557,NoButton,Move,689,554
143.573,143.573,NoButton,Move,688,549
143.591,143.591,NoButton,Move,687,545
143.607,143.607,NoButton,Move,686,542
143.623,143.623,NoButton,Move,686,539
143.64,143.64,NoButton,Move,686,537
143.657,143.657,NoButton,Move,686,535
143.674,143.674,NoButton,Move,686,532
143.691,143.691,NoButton,Move,686,530
143.707,143.707,NoButton,Move,686,526
143.723,143.723,NoButton,Move,686,523
143.74,143.74,NoButton,Move,686,520
143.757,143.757,NoButton,Move,686,516
143.774,143.774,NoButton,Move,686,514
143.79,143.79,NoButton,Move,686,513
143.803,143.803,Left,Pressed,686,513
143.824,143.824,NoButton,Move,686,513
143.903,143.903,Left,Released,686,513
144.129,144.129,NoButton,Move,685,513
144.14,144.14,NoButton,Move,683,513
144.156,144.156,NoButton,Move,675,513
144.173,144.173,NoButton,Move,661,509
144.19,144.19,NoButton,Move,629,494
144.207,144.207,NoButton,Move,595,478
144.224,144.224,NoButton,Move,567,466
144.239,144.239,NoButton,Move,544,457
144.256,144.256,NoButton,Move,523,450
144.273,144.273,NoButton,Move,513,448
144.29,144.29,NoButton,Move,505,447
144.307,144.307,NoButton,Move,500,447
144.323,144.323,NoButton,Move,499,447
144.34,144.34,NoButton,Move,497,447
144.357,144.357,NoButton,Move,497,447
144.389,144.389,NoButton,Move,497,447
144.416,144.416,NoButton,Move,497,447
144.424,144.424,NoButton,Move,496,447
144.44,144.44,NoButton,Move,495,447
144.457,144.457,NoButton,Move,494,448
144.473,144.473,NoButton,Move,492,449
144.49,144.49,NoButton,Move,491,450
144.507,144.507,NoButton,Move,490,450
144.523,144.523,NoButton,Move,489,451
144.54,144.54,NoButton,Move,489,451
144.558,144.558,NoButton,Move,489,451
144.604,144.604,Left,Pressed,489,451
145.37,145.37,Left,Released,489,451
145.637,145.637,NoButton,Move,489,451
145.657,145.657,NoButton,Move,489,448
145.675,145.675,NoButton,Move,489,437
145.691,145.691,NoButton,Move,489,420
145.707,145.707,NoButton,Move,489,406
145.725,145.725,NoButton,Move,489,387
145.74,145.74,NoButton,Move,489,373
145.757,145.757,NoButton,Move,489,365
145.774,145.774,NoButton,Move,489,359
145.79,145.79,NoButton,Move,489,355
145.808,145.808,NoButton,Move,489,353
145.823,145.823,NoButton,Move,488,352
145.84,145.84,NoButton,Move,488,352
145.857,145.857,NoButton,Move,488,352
145.889,145.889,NoButton,Move,488,352
145.897,145.897,NoButton,Move,488,351
145.908,145.908,NoButton,Move,488,351
145.924,145.924,NoButton,Move,487,349
145.941,145.941,NoButton,Move,487,347
145.957,145.957,NoButton,Move,486,345
145.975,145.975,NoButton,Move,485,342
145.989,145.989,NoButton,Move,485,340
146.007,146.007,NoButton,Move,485,338
146.023,146.023,NoButton,Move,484,335
146.04,146.04,NoButton,Move,484,333
146.057,146.057,NoButton,Move,483,332
146.073,146.073,NoButton,Move,483,330
146.091,146.091,NoButton,Move,483,329
146.106,146.106,NoButton,Move,483,328
146.157,146.157,NoButton,Move,482,328
146.206,146.206,NoButton,Move,482,328
146.22,146.22,Left,Pressed,482,328
146.224,146.224,Left,Released,482,328
147.508,147.508,NoButton,Move,480,343
147.523,147.523,NoButton,Move,480,343
147.667,147.667,NoButton,Move,480,343
147.945,147.945,NoButton,Move,480,343
148.004,148.004,NoButton,Move,480,342
148.625,148.625,NoButton,Move,480,342
148.641,148.641,NoButton,Move,480,343
148.657,148.657,NoButton,Move,480,343
148.673,148.673,NoButton,Move,480,345
148.69,148.69,NoButton,Move,480,347
148.708,148.708,NoButton,Move,479,350
149.527,149.527,NoButton,Move,480,350
149.539,149.539,NoButton,Move,481,350
149.557,149.557,NoButton,Move,482,351
149.573,149.573,NoButton,Move,483,352
149.591,149.591,NoButton,Move,485,356
149.606,149.606,NoButton,Move,486,358
149.623,149.623,NoButton,Move,487,363
149.639,149.639,NoButton,Move,488,369
149.656,149.656,NoButton,Move,489,376
149.674,149.674,NoButton,Move,489,388
149.689,149.689,NoButton,Move,489,392
149.707,149.707,NoButton,Move,488,400
149.723,149.723,NoButton,Move,487,404
149.74,149.74,NoButton,Move,487,405
149.77,149.77,Left,Pressed,487,405
149.773,149.773,Left,Released,487,405
149.789,149.789,NoButton,Move,487,406
151.241,151.241,NoButton,Move,464,484
151.256,151.256,NoButton,Move,464,484
151.375,151.375,NoButton,Move,464,485
151.39,151.39,NoButton,Move,463,486
151.406,151.406,NoButton,Move,462,488
151.419,151.419,Left,Pressed,462,488
151.44,151.44,NoButton,Move,462,488
151.543,151.543,Left,Released,462,488
157.407,157.407,NoButton,Move,464,496
157.423,157.423,NoButton,Move,467,502
157.44,157.44,NoButton,Move,469,507
157.456,157.456,NoButton,Move,469,509
157.473,157.473,NoButton,Move,470,511
157.49,157.49,NoButton,Move,470,514
157.507,157.507,NoButton,Move,470,516
157.523,157.523,NoButton,Move,468,518
157.541,157.541,NoButton,Move,466,521
157.556,157.556,NoButton,Move,464,524
157.573,157.573,NoButton,Move,462,528
157.59,157.59,NoButton,Move,460,531
157.607,157.607,NoButton,Move,459,533
157.623,157.623,NoButton,Move,458,534
157.641,157.641,NoButton,Move,458,535
157.657,157.657,NoButton,Move,457,538
157.673,157.673,NoButton,Move,456,544
157.69,157.69,NoButton,Move,454,553
157.708,157.708,NoButton,Move,452,563
157.723,157.723,NoButton,Move,450,568
157.74,157.74,NoButton,Move,449,572
157.753,157.753,Left,Pressed,449,572
157.838,157.838,NoButton,Move,449,572
157.839,157.839,Left,Released,449,572
162.356,162.356,NoButton,Move,450,572
162.373,162.373,NoButton,Move,457,573
162.39,162.39,NoButton,Move,467,575
162.407,162.407,NoButton,Move,479,576
162.423,162.423,NoButton,Move,493,578
162.44,162.44,NoButton,Move,509,579
162.457,162.457,NoButton,Move,522,582
162.472,162.472,NoButton,Move,535,585
162.49,162.49,NoButton,Move,546,588
162.507,162.507,NoButton,Move,554,591
162.523,162.523,NoButton,Move,561,594
162.54,162.54,NoButton,Move,565,596
162.557,162.557,NoButton,Move,568,597
162.573,162.573,NoButton,Move,570,599
162.59,162.59,NoButton,Move,571,600
162.607,162.607,NoButton,Move,572,600
162.624,162.624,NoButton,Move,572,601
162.672,162.672,NoButton,Move,572,601
163.461,163.461,NoButton,Move,572,601
163.473,163.473,NoButton,Move,573,601
163.49,163.49,NoButton,Move,573,601
163.508,163.508,NoButton,Move,574,601
163.522,163.522,NoButton,Move,575,601
163.54,163.54,NoButton,Move,576,601
163.557,163.557,NoButton,Move,580,601
163.573,163.573,NoButton,Move,582,601
163.59,163.59,NoButton,Move,587,600
163.607,163.607,NoButton,Move,596,599
163.623,163.623,NoButton,Move,604,599
163.639,163.639,NoButton,Move,606,599
163.657,163.657,NoButton,Move,614,599
163.673,163.673,NoButton,Move,618,599
163.69,163.69,NoButton,Move,619,599
163.707,163.707,NoButton,Move,620,600
163.723,163.723,NoButton,Move,620,600
163.74,163.74,NoButton,Move,620,600
163.757,163.757,NoButton,Move,620,600
163.773,163.773,NoButton,Move,620,601
163.79,163.79,NoButton,Move,620,601
163.808,163.808,NoButton,Move,619,603
163.823,163.823,NoButton,Move,616,604
163.84,163.84,NoButton,Move,614,606
163.857,163.857,NoButton,Move,611,607
163.874,163.874,NoButton,Move,607,609
163.89,163.89,NoButton,Move,603,613
163.908,163.908,NoButton,Move,599,618
163.924,163.924,NoButton,Move,595,625
163.94,163.94,NoButton,Move,591,631
163.956,163.956,NoButton,Move,588,634
163.973,163.973,NoButton,Move,585,637
163.989,163.989,NoButton,Move,584,638
164.003,164.003,Left,Pressed,584,638
164.04,164.04,NoButton,Move,584,638
164.088,164.088,Left,Released,584,638
164.312,164.312,NoButton,Move,584,637
164.324,164.324,NoButton,Move,584,634
164.34,164.34,NoButton,Move,584,626
164.357,164.357,NoButton,Move,584,596
164.373,164.373,NoButton,Move,584,556
164.39,164.39,NoButton,Move,582,525
164.408,164.408,NoButton,Move,580,501
164.424,164.424,NoButton,Move,579,485
164.44,164.44,NoButton,Move,579,472
164.457,164.457,NoButton,Move,579,467
164.473,164.473,NoButton,Move,579,465
164.506,164.506,NoButton,Move,579,467
164.523,164.523,NoButton,Move,580,474
164.541,164.541,NoButton,Move,585,486
164.557,164.557,NoButton,Move,595,502
164.574,164.574,NoButton,Move,599,506
164.59,164.59,NoButton,Move,602,509
164.606,164.606,NoButton,Move,605,511
164.623,164.623,NoButton,Move,606,511
164.654,164.654,Left,Pressed,606,511
164.672,164.672,NoButton,Move,606,511
164.753,164.753,Left,Released,606,511
165.001,165.001,NoButton,Move,606,511
165.008,165.008,NoButton,Move,605,509
165.024,165.024,NoButton,Move,601,503
165.04,165.04,NoButton,Move,592,491
165.057,165.057,NoButton,Move,577,473
165.073,165.073,NoButton,Move,567,463
165.09,165.09,NoButton,Move,556,453
165.106,165.106,NoButton,Move,550,450
165.122,165.122,NoButton,Move,544,447
165.14,165.14,NoButton,Move,541,446
165.156,165.156,NoButton,Move,538,445
165.173,165.173,NoButton,Move,536,445
165.19,165.19,NoButton,Move,535,445
165.207,165.207,NoButton,Move,535,445
165.22,165.22,Left,Pressed,535,445
165.239,165.239,NoButton,Move,534,445
165.319,165.319,Left,Released,534,445
165.663,165.663,NoButton,Move,534,445
165.672,165.672,NoButton,Move,534,444
165.689,165.689,NoButton,Move,533,439
165.706,165.706,NoButton,Move,531,435
165.723,165.723,NoButton,Move,526,427
165.74,165.74,NoButton,Move,521,420
165.758,165.758,NoButton,Move,517,415
165.773,165.773,NoButton,Move,513,410
165.791,165.791,NoButton,Move,510,407
165.806,165.806,NoButton,Move,508,405
165.824,165.824,NoButton,Move,507,405
165.84,165.84,NoButton,Move,507,405
165.857,165.857,NoButton,Move,506,405
165.873,165.873,NoButton,Move,506,405
165.89,165.89,NoButton,Move,505,405
165.906,165.906,NoButton,Move,503,408
165.924,165.924,NoButton,Move,501,411
165.941,165.941,NoButton,Move,498,417
165.957,165.957,NoButton,Move,496,419
165.974,165.974,NoButton,Move,494,424
165.99,165.99,NoButton,Move,493,426
166.007,166.007,NoButton,Move,492,426
166.024,166.024,NoButton,Move,492,427
166.064,166.064,Left,Pressed,492,427
166.073,166.073,Left,Released,492,427
166.753,166.753,NoButton,Move,492,306
166.756,166.756,NoButton,Move,492,306
166.773,166.773,NoButton,Move,492,307
166.79,166.79,NoButton,Move,492,311
166.806,166.806,NoButton,Move,493,316
166.823,166.823,NoButton,Move,494,320
166.84,166.84,NoButton,Move,495,325
166.856,166.856,NoButton,Move,495,327
166.873,166.873,NoButton,Move,495,328
166.902,166.902,Left,Pressed,495,328
166.903,166.903,Left,Released,495,328
166.907,166.907,NoButton,Move,495,328
168.657,168.657,NoButton,Move,456,352
168.673,168.673,NoButton,Move,456,352
168.69,168.69,NoButton,Move,456,352
168.706,168.706,NoButton,Move,456,355
168.723,168.723,NoButton,Move,456,360
168.74,168.74,NoButton,Move,454,369
168.756,168.756,NoButton,Move,453,374
168.773,168.773,NoButton,Move,450,381
168.79,168.79,NoButton,Move,448,388
168.806,168.806,NoButton,Move,446,392
168.823,168.823,NoButton,Move,445,396
168.84,168.84,NoButton,Move,443,399
168.856,168.856,NoButton,Move,443,401
168.873,168.873,NoButton,Move,442,402
168.89,168.89,NoButton,Move,442,402
168.92,168.92,Left,Pressed,442,402
168.923,168.923,Left,Released,442,402
170.612,170.612,NoButton,Move,454,478
170.623,170.623,NoButton,Move,451,479
170.64,170.64,NoButton,Move,454,479
170.652,170.652,Left,Pressed,454,479
170.673,170.673,NoButton,Move,454,480
170.752,170.752,Left,Released,454,480
171.363,171.363,NoButton,Move,452,489
171.373,171.373,NoButton,Move,449,507
171.39,171.39,NoButton,Move,449,522
171.406,171.406,NoButton,Move,449,532
171.423,171.423,NoButton,Move,450,537
171.44,171.44,NoButton,Move,451,541
171.457,171.457,NoButton,Move,451,547
171.474,171.474,NoButton,Move,451,553
171.489,171.489,NoButton,Move,451,557
171.507,171.507,NoButton,Move,450,562
171.524,171.524,NoButton,Move,449,566
171.54,171.54,NoButton,Move,447,571
171.557,171.557,NoButton,Move,445,575
171.573,171.573,NoButton,Move,445,576
171.587,171.587,Left,Pressed,445,576
171.673,171.673,NoButton,Move,445,576
171.676,171.676,Left,Released,445,576
176.255,176.255,NoButton,Move,446,577
176.26,176.26,NoButton,Move,449,579
176.276,176.276,NoButton,Move,456,583
176.293,176.293,NoButton,Move,465,588
176.31,176.31,NoButton,Move,475,592
176.326,176.326,NoButton,Move,487,595
176.343,176.343,NoButton,Move,501,597
176.36,176.36,NoButton,Move,513,599
176.412,176.412,NoButton,Move,553,601
176.427,176.427,NoButton,Move,559,601
176.444,176.444,NoButton,Move,566,601
176.46,176.46,NoButton,Move,571,601
176.477,176.477,NoButton,Move,575,601
176.493,176.493,NoButton,Move,578,602
176.511,176.511,NoButton,Move,581,604
176.526,176.526,NoButton,Move,584,605
176.544,176.544,NoButton,Move,586,606
176.56,176.56,NoButton,Move,588,607
176.577,176.577,NoButton,Move,590,608
176.593,176.593,NoButton,Move,591,608
176.611,176.611,NoButton,Move,592,609
176.626,176.626,NoButton,Move,593,610
176.644,176.644,NoButton,Move,595,610
176.659,176.659,NoButton,Move,596,612
176.676,176.676,NoButton,Move,597,613
176.692,176.692,NoButton,Move,597,614
176.71,176.71,NoButton,Move,598,615
176.727,176.727,NoButton,Move,599,617
176.743,176.743,NoButton,Move,599,618
176.76,176.76,NoButton,Move,599,618
178.509,178.509,NoButton,Move,600,618
178.527,178.527,NoButton,Move,601,618
178.544,178.544,NoButton,Move,603,619
178.561,178.561,NoButton,Move,604,620
178.577,178.577,NoButton,Move,605,620
178.593,178.593,NoButton,Move,606,621
178.611,178.611,NoButton,Move,607,621
178.627,178.627,NoButton,Move,608,621
178.644,178.644,NoButton,Move,609,622
178.66,178.66,NoButton,Move,609,622
178.677,178.677,NoButton,Move,610,622
178.693,178.693,NoButton,Move,611,623
178.71,178.71,NoButton,Move,611,623
178.727,178.727,NoButton,Move,612,623
178.743,178.743,NoButton,Move,612,623
179.096,179.096,Left,Pressed,612,623
179.507,179.507,Left,Released,612,623
180.613,180.613,NoButton,Move,612,623
180.629,180.629,NoButton,Move,617,621
180.642,180.642,NoButton,Move,619,618
180.66,180.66,NoButton,Move,627,606
180.677,180.677,NoButton,Move,633,587
180.693,180.693,NoButton,Move,634,567
180.71,180.71,NoButton,Move,634,540
180.726,180.726,NoButton,Move,633,524
180.744,180.744,NoButton,Move,632,513
180.76,180.76,NoButton,Move,632,503
180.776,180.776,NoButton,Move,632,499
180.793,180.793,NoButton,Move,632,498
180.81,180.81,NoButton,Move,632,497
180.826,180.826,NoButton,Move,633,497
180.843,180.843,NoButton,Move,633,497
180.86,180.86,NoButton,Move,633,500
180.876,180.876,NoButton,Move,633,505
180.892,180.892,NoButton,Move,633,510
180.91,180.91,NoButton,Move,633,514
180.926,180.926,NoButton,Move,632,517
180.943,180.943,NoButton,Move,632,517
180.956,180.956,Left,Pressed,632,517
180.977,180.977,NoButton,Move,632,518
181.056,181.056,Left,Released,632,518
181.333,181.333,NoButton,Move,632,517
181.359,181.359,NoButton,Move,627,509
181.377,181.377,NoButton,Move,614,493
181.394,181.394,NoButton,Move,598,473
181.41,181.41,NoButton,Move,583,460
181.427,181.427,NoButton,Move,574,452
181.444,181.444,NoButton,Move,565,447
181.46,181.46,NoButton,Move,561,444
181.476,181.476,NoButton,Move,558,444
181.494,181.494,NoButton,Move,557,444
181.51,181.51,NoButton,Move,555,444
181.527,181.527,NoButton,Move,555,445
181.543,181.543,NoButton,Move,554,445
181.557,181.557,Left,Pressed,554,445
181.577,181.577,NoButton,Move,554,446
181.672,181.672,Left,Released,554,446
181.979,181.979,NoButton,Move,554,445
181.993,181.993,NoButton,Move,553,443
182.01,182.01,NoButton,Move,546,435
182.027,182.027,NoButton,Move,534,422
182.043,182.043,NoButton,Move,516,405
182.06,182.06,NoButton,Move,496,385
182.077,182.077,NoButton,Move,482,373
182.093,182.093,NoButton,Move,467,361
182.11,182.11,NoButton,Move,460,356
182.126,182.126,NoButton,Move,454,352
182.143,182.143,NoButton,Move,449,349
182.16,182.16,NoButton,Move,447,347
182.177,182.177,NoButton,Move,445,345
182.193,182.193,NoButton,Move,443,344
182.211,182.211,NoButton,Move,442,343
182.227,182.227,NoButton,Move,441,343
182.243,182.243,NoButton,Move,440,342
182.259,182.259,NoButton,Move,439,342
182.276,182.276,NoButton,Move,437,341
182.293,182.293,NoButton,Move,435,339
182.31,182.31,NoButton,Move,433,337
182.327,182.327,NoButton,Move,432,336
182.343,182.343,NoButton,Move,431,335
182.36,182.36,NoButton,Move,430,334
182.373,182.373,Left,Pressed,430,334
182.377,182.377,Left,Released,430,334
187.893,187.893,NoButton,Move,431,341
187.91,187.91,NoButton,Move,433,348
187.926,187.926,NoButton,Move,434,357
187.943,187.943,NoButton,Move,435,367
187.96,187.96,NoButton,Move,435,378
187.977,187.977,NoButton,Move,435,389
187.992,187.992,NoButton,Move,433,397
188.01,188.01,NoButton,Move,431,405
188.026,188.026,NoButton,Move,429,410
188.043,188.043,NoButton,Move,428,414
188.06,188.06,NoButton,Move,428,416
188.077,188.077,NoButton,Move,428,418
188.093,188.093,NoButton,Move,428,418
188.111,188.111,Left,Pressed,428,418
188.113,188.113,Left,Released,428,418
189.993,189.993,NoButton,Move,432,518
190.01,190.01,NoButton,Move,432,517
190.026,190.026,NoButton,Move,432,515
190.043,190.043,NoButton,Move,432,513
190.06,190.06,NoButton,Move,431,511
190.076,190.076,NoButton,Move,430,508
190.094,190.094,NoButton,Move,429,508
190.11,190.11,NoButton,Move,429,507
190.126,190.126,NoButton,Move,429,507
190.144,190.144,NoButton,Move,428,507
190.159,190.159,NoButton,Move,428,508
190.176,190.176,NoButton,Move,427,511
190.193,190.193,NoButton,Move,425,514
190.21,190.21,NoButton,Move,424,516
190.227,190.227,NoButton,Move,424,517
190.239,190.239,Left,Pressed,424,517
190.26,190.26,NoButton,Move,424,517
190.339,190.339,Left,Released,424,517
190.603,190.603,NoButton,Move,424,517
190.61,190.61,NoButton,Move,424,516
190.627,190.627,NoButton,Move,424,515
190.645,190.645,NoButton,Move,422,512
190.66,190.66,NoButton,Move,421,510
190.678,190.678,NoButton,Move,420,508
190.693,190.693,NoButton,Move,420,508
190.71,190.71,NoButton,Move,420,507
190.727,190.727,NoButton,Move,419,507
190.743,190.743,NoButton,Move,419,507
190.931,190.931,NoButton,Move,419,507
190.943,190.943,NoButton,Move,419,506
190.96,190.96,NoButton,Move,418,505
190.977,190.977,NoButton,Move,417,504
190.993,190.993,NoButton,Move,416,503
191.01,191.01,NoButton,Move,415,502
191.028,191.028,NoButton,Move,414,501
191.043,191.043,NoButton,Move,414,501
191.06,191.06,NoButton,Move,414,501
191.077,191.077,NoButton,Move,413,501
191.094,191.094,NoButton,Move,413,500
191.121,191.121,NoButton,Move,413,500
191.127,191.127,NoButton,Move,412,500
191.15,191.15,NoButton,Move,412,500
191.422,191.422,NoButton,Move,412,499
191.443,191.443,NoButton,Move,412,499
191.459,191.459,NoButton,Move,411,498
191.476,191.476,NoButton,Move,411,497
191.493,191.493,NoButton,Move,410,496
191.509,191.509,NoButton,Move,410,496
191.527,191.527,NoButton,Move,410,496
191.545,191.545,NoButton,Move,410,496
191.764,191.764,NoButton,Move,410,496
191.856,191.856,NoButton,Move,410,496
191.897,191.897,NoButton,Move,410,496
192.258,192.258,Left,Pressed,410,496
192.455,192.455,Left,Released,410,496
192.945,192.945,NoButton,Move,410,497
192.96,192.96,NoButton,Move,410,497
192.977,192.977,NoButton,Move,410,499
192.993,192.993,NoButton,Move,411,502
193.01,193.01,NoButton,Move,412,509
193.027,193.027,NoButton,Move,415,518
193.043,193.043,NoButton,Move,418,528
193.06,193.06,NoButton,Move,420,538
193.077,193.077,NoButton,Move,422,547
193.094,193.094,NoButton,Move,423,555
193.111,193.111,NoButton,Move,424,559
193.126,193.126,NoButton,Move,425,567
193.143,193.143,NoButton,Move,425,573
193.16,193.16,NoButton,Move,425,577
193.177,193.177,NoButton,Move,425,580
193.193,193.193,NoButton,Move,425,581
193.21,193.21,NoButton,Move,425,582
193.227,193.227,NoButton,Move,425,582
193.374,193.374,Left,Pressed,425,582
193.472,193.472,Left,Released,425,582
198.57,198.57,NoButton,Move,426,585
198.591,198.591,NoButton,Move,436,599
198.66,198.66,NoButton,Move,586,639
198.677,198.677,NoButton,Move,619,641
198.693,198.693,NoButton,Move,641,642
198.71,198.71,NoButton,Move,656,642
198.727,198.727,NoButton,Move,668,642
198.742,198.742,NoButton,Move,674,641
198.76,198.76,NoButton,Move,677,640
198.777,198.777,NoButton,Move,678,640
198.794,198.794,NoButton,Move,678,640
198.811,198.811,NoButton,Move,678,640
198.827,198.827,NoButton,Move,678,638
198.844,198.844,NoButton,Move,678,637
198.86,198.86,NoButton,Move,678,636
198.878,198.878,NoButton,Move,678,636
198.893,198.893,NoButton,Move,678,636
198.91,198.91,NoButton,Move,678,635
198.927,198.927,NoButton,Move,678,635
198.958,198.958,Left,Pressed,678,635
199.139,199.139,Left,Released,678,635
199.772,199.772,NoButton,Move,678,635
199.794,199.794,NoButton,Move,678,629
199.811,199.811,NoButton,Move,679,614
199.827,199.827,NoButton,Move,681,602
199.844,199.844,NoButton,Move,684,579
199.86,199.86,NoButton,Move,687,566
199.877,199.877,NoButton,Move,690,553
199.895,199.895,NoButton,Move,693,542
199.909,199.909,NoButton,Move,694,539
199.927,199.927,NoButton,Move,695,535
199.943,199.943,NoButton,Move,696,531
199.96,199.96,NoButton,Move,696,528
199.977,199.977,NoButton,Move,696,525
199.994,199.994,NoButton,Move,696,521
200.01,200.01,NoButton,Move,696,518
200.027,200.027,NoButton,Move,697,514
200.042,200.042,NoButton,Move,698,511
200.059,200.059,NoButton,Move,698,509
200.091,200.091,Left,Pressed,698,509
200.11,200.11,NoButton,Move,698,509
200.223,200.223,Left,Released,698,509
200.518,200.518,NoButton,Move,698,508
200.544,200.544,NoButton,Move,686,497
200.561,200.561,NoButton,Move,668,482
200.578,200.578,NoButton,Move,651,471
200.593,200.593,NoButton,Move,635,464
200.61,200.61,NoButton,Move,622,462
200.626,200.626,NoButton,Move,612,462
200.643,200.643,NoButton,Move,607,462
200.66,200.66,NoButton,Move,603,463
200.677,200.677,NoButton,Move,600,464
200.689,200.689,Left,Pressed,600,464
200.709,200.709,NoButton,Move,600,464
200.823,200.823,Left,Released,600,464
201.139,201.139,NoButton,Move,599,464
201.16,201.16,NoButton,Move,592,467
201.177,201.177,NoButton,Move,578,471
201.193,201.193,NoButton,Move,573,472
201.21,201.21,NoButton,Move,549,478
201.228,201.228,NoButton,Move,533,481
201.243,201.243,NoButton,Move,519,484
201.261,201.261,NoButton,Move,509,488
201.277,201.277,NoButton,Move,505,490
201.294,201.294,NoButton,Move,501,491
201.31,201.31,NoButton,Move,499,493
201.327,201.327,NoButton,Move,498,493
201.34,201.34,Left,Pressed,498,493
201.377,201.377,NoButton,Move,498,493
201.472,201.472,Left,Released,498,493
201.606,201.606,NoButton,Move,498,493
201.613,201.613,NoButton,Move,498,491
201.627,201.627,NoButton,Move,498,488
201.643,201.643,NoButton,Move,498,477
201.66,201.66,NoButton,Move,498,460
201.677,201.677,NoButton,Move,496,436
201.694,201.694,NoButton,Move,494,418
201.71,201.71,NoButton,Move,492,409
201.727,201.727,NoButton,Move,491,401
201.744,201.744,NoButton,Move,491,397
201.76,201.76,NoButton,Move,491,396
201.777,201.777,NoButton,Move,490,395
201.794,201.794,NoButton,Move,490,395
201.86,201.86,NoButton,Move,490,395
201.878,201.878,NoButton,Move,490,394
201.894,201.894,NoButton,Move,489,390
201.911,201.911,NoButton,Move,487,383
201.927,201.927,NoButton,Move,484,372
201.944,201.944,NoButton,Move,482,360
201.96,201.96,NoButton,Move,479,347
201.978,201.978,NoButton,Move,478,340
201.994,201.994,NoButton,Move,477,334
202.011,202.011,NoButton,Move,476,330
202.027,202.027,NoButton,Move,476,329
202.058,202.058,Left,Pressed,476,329
202.062,202.062,Left,Released,476,329
202.064,202.064,NoButton,Move,476,329
203.074,203.074,NoButton,Move,468,403
203.076,203.076,NoButton,Move,468,403
203.475,203.475,Left,Pressed,468,403
203.478,203.478,Left,Released,468,403
207.172,207.172,NoButton,Move,469,531
207.177,207.177,NoButton,Move,469,531
208.232,208.232,NoButton,Move,469,530
208.243,208.243,NoButton,Move,469,529
208.261,208.261,NoButton,Move,469,524
208.276,208.276,NoButton,Move,466,516
208.293,208.293,NoButton,Move,459,503
208.31,208.31,NoButton,Move,457,499
208.327,208.327,NoButton,Move,445,485
208.344,208.344,NoButton,Move,439,478
208.361,208.361,NoButton,Move,435,475
208.377,208.377,NoButton,Move,432,474
208.394,208.394,NoButton,Move,430,474
208.411,208.411,NoButton,Move,427,476
208.426,208.426,NoButton,Move,426,478
208.444,208.444,NoButton,Move,424,481
208.461,208.461,NoButton,Move,421,483
208.477,208.477,NoButton,Move,421,484
208.491,208.491,Left,Pressed,421,484
208.51,208.51,NoButton,Move,421,484
208.622,208.622,Left,Released,421,484
209.313,209.313,NoButton,Move,421,490
209.327,209.327,NoButton,Move,421,496
209.343,209.343,NoButton,Move,421,500
209.36,209.36,NoButton,Move,421,502
209.377,209.377,NoButton,Move,422,504
209.394,209.394,NoButton,Move,422,510
209.411,209.411,NoButton,Move,422,516
209.427,209.427,NoButton,Move,422,521
209.445,209.445,NoButton,Move,420,525
209.459,209.459,NoButton,Move,419,528
209.477,209.477,NoButton,Move,419,530
209.494,209.494,NoButton,Move,418,530
209.51,209.51,NoButton,Move,418,531
209.54,209.54,Left,Pressed,418,531
209.626,209.626,Left,Released,418,531
209.676,209.676,NoButton,Move,418,531
209.693,209.693,NoButton,Move,418,535
209.71,209.71,NoButton,Move,418,541
209.726,209.726,NoButton,Move,418,549
209.744,209.744,NoButton,Move,418,557
209.761,209.761,NoButton,Move,418,565
209.776,209.776,NoButton,Move,418,570
209.793,209.793,NoButton,Move,418,573
209.81,209.81,NoButton,Move,418,575
209.824,209.824,Left,Pressed,418,575
209.926,209.926,NoButton,Move,418,575
209.932,209.932,Left,Released,418,575
213.699,213.699,NoButton,Move,420,574
213.71,213.71,NoButton,Move,421,572
213.728,213.728,NoButton,Move,426,569
213.743,213.743,NoButton,Move,431,565
213.76,213.76,NoButton,Move,438,562
213.777,213.777,NoButton,Move,446,559
213.794,213.794,NoButton,Move,455,558
213.81,213.81,NoButton,Move,466,558
213.827,213.827,NoButton,Move,479,560
213.844,213.844,NoButton,Move,491,566
213.861,213.861,NoButton,Move,506,577
213.877,213.877,NoButton,Move,513,585
213.894,213.894,NoButton,Move,516,591
213.911,213.911,NoButton,Move,518,597
213.927,213.927,NoButton,Move,519,603
213.944,213.944,NoButton,Move,519,607
213.961,213.961,NoButton,Move,519,613
213.977,213.977,NoButton,Move,517,618
213.994,213.994,NoButton,Move,515,623
214.01,214.01,NoButton,Move,512,627
214.027,214.027,NoButton,Move,510,631
214.044,214.044,NoButton,Move,507,635
214.061,214.061,NoButton,Move,505,639
214.077,214.077,NoButton,Move,503,640
214.093,214.093,NoButton,Move,502,642
214.11,214.11,NoButton,Move,502,642
214.126,214.126,NoButton,Move,501,643
214.143,214.143,NoButton,Move,501,643
215.742,215.742,Left,Pressed,501,643
215.907,215.907,Left,Released,501,643
216.441,216.441,NoButton,Move,501,642
216.46,216.46,NoButton,Move,504,634
216.477,216.477,NoButton,Move,510,623
216.494,216.494,NoButton,Move,518,609
216.511,216.511,NoButton,Move,532,590
216.528,216.528,NoButton,Move,544,576
216.544,216.544,NoButton,Move,556,561
216.561,216.561,NoButton,Move,564,550
216.577,216.577,NoButton,Move,569,544
216.594,216.594,NoButton,Move,574,539
216.61,216.61,NoButton,Move,578,537
216.628,216.628,NoButton,Move,581,534
216.643,216.643,NoButton,Move,584,533
216.661,216.661,NoButton,Move,587,531
216.677,216.677,NoButton,Move,590,530
216.694,216.694,NoButton,Move,593,528
216.711,216.711,NoButton,Move,597,525
216.727,216.727,NoButton,Move,599,523
216.744,216.744,NoButton,Move,600,522
216.762,216.762,NoButton,Move,603,519
216.777,216.777,NoButton,Move,604,518
216.794,216.794,NoButton,Move,605,517
216.81,216.81,NoButton,Move,605,516
216.827,216.827,NoButton,Move,606,515
216.844,216.844,NoButton,Move,607,513
216.86,216.86,NoButton,Move,608,510
216.877,216.877,NoButton,Move,609,508
216.894,216.894,NoButton,Move,610,506
216.911,216.911,NoButton,Move,610,505
216.927,216.927,NoButton,Move,611,505
216.941,216.941,Left,Pressed,611,505
216.961,216.961,NoButton,Move,611,505
217.057,217.057,Left,Released,611,505
219.397,219.397,NoButton,Move,615,504
219.418,219.418,NoButton,Move,628,502
219.427,219.427,NoButton,Move,634,501
219.444,219.444,NoButton,Move,650,497
219.46,219.46,NoButton,Move,658,494
219.477,219.477,NoButton,Move,667,489
219.494,219.494,NoButton,Move,678,482
219.511,219.511,NoButton,Move,686,473
219.527,219.527,NoButton,Move,691,466
219.543,219.543,NoButton,Move,692,464
219.56,219.56,NoButton,Move,694,457
219.577,219.577,NoButton,Move,694,453
219.594,219.594,NoButton,Move,692,452
219.61,219.61,NoButton,Move,685,450
219.626,219.626,NoButton,Move,675,449
219.643,219.643,NoButton,Move,661,448
219.66,219.66,NoButton,Move,646,448
219.677,219.677,NoButton,Move,633,448
219.693,219.693,NoButton,Move,623,448
219.711,219.711,NoButton,Move,616,450
219.727,219.727,NoButton,Move,610,453
219.744,219.744,NoButton,Move,607,455
219.76,219.76,NoButton,Move,604,457
219.777,219.777,NoButton,Move,603,458
219.794,219.794,NoButton,Move,602,458
219.81,219.81,NoButton,Move,602,459
219.827,219.827,NoButton,Move,602,459
219.896,219.896,NoButton,Move,602,459
220.017,220.017,NoButton,Move,601,459
220.027,220.027,NoButton,Move,594,458
220.044,220.044,NoButton,Move,551,445
220.061,220.061,NoButton,Move,467,413
220.076,220.076,NoButton,Move,351,371
220.093,220.093,NoButton,Move,271,340
220.109,220.109,NoButton,Move,226,319
220.126,220.126,NoButton,Move,171,290
220.143,220.143,NoButton,Move,151,277
220.346,220.346,NoButton,Move,149,277
220.36,220.36,NoButton,Move,146,276
220.378,220.378,NoButton,Move,137,274
220.393,220.393,NoButton,Move,135,273
220.411,220.411,NoButton,Move,130,271
220.427,220.427,NoButton,Move,126,269
220.444,220.444,NoButton,Move,123,268
220.46,220.46,NoButton,Move,122,268
220.478,220.478,NoButton,Move,122,267
220.493,220.493,NoButton,Move,121,266
220.51,220.51,NoButton,Move,121,266
220.528,220.528,NoButton,Move,121,266
220.543,220.543,NoButton,Move,124,266
220.56,220.56,NoButton,Move,141,268
220.578,220.578,NoButton,Move,173,283
220.594,220.594,NoButton,Move,247,320
220.61,220.61,NoButton,Move,302,352
220.627,220.627,NoButton,Move,378,394
220.644,220.644,NoButton,Move,423,416
220.661,220.661,NoButton,Move,453,430
220.677,220.677,NoButton,Move,471,437
220.694,220.694,NoButton,Move,484,442
220.711,220.711,NoButton,Move,489,443
220.727,220.727,NoButton,Move,491,444
220.76,220.76,NoButton,Move,487,442
220.777,220.777,NoButton,Move,480,437
220.794,220.794,NoButton,Move,473,434
220.81,220.81,NoButton,Move,468,430
220.827,220.827,NoButton,Move,464,428
220.844,220.844,NoButton,Move,463,428
220.861,220.861,NoButton,Move,463,428
220.943,220.943,NoButton,Move,463,429
220.962,220.962,NoButton,Move,463,436
220.977,220.977,NoButton,Move,463,444
220.994,220.994,NoButton,Move,462,450
221.01,221.01,NoButton,Move,461,456
221.027,221.027,NoButton,Move,460,459
221.044,221.044,NoButton,Move,460,460
221.074,221.074,Left,Pressed,460,460
221.093,221.093,NoButton,Move,460,460
221.156,221.156,Left,Released,460,460
221.205,221.205,NoButton,Move,460,460
221.214,221.214,NoButton,Move,457,460
221.227,221.227,NoButton,Move,453,460
221.244,221.244,NoButton,Move,443,460
221.259,221.259,NoButton,Move,414,451
221.276,221.276,NoButton,Move,361,427
221.293,221.293,NoButton,Move,301,396
221.309,221.309,NoButton,Move,251,366
221.326,221.326,NoButton,Move,210,341
221.343,221.343,NoButton,Move,181,324
221.359,221.359,NoButton,Move,155,312
221.377,221.377,NoButton,Move,142,308
221.393,221.393,NoButton,Move,136,307
221.41,221.41,NoButton,Move,133,307
221.427,221.427,NoButton,Move,131,307
221.444,221.444,NoButton,Move,130,306
221.46,221.46,NoButton,Move,127,305
221.478,221.478,NoButton,Move,124,303
221.494,221.494,NoButton,Move,121,298
221.51,221.51,NoButton,Move,117,290
221.527,221.527,NoButton,Move,112,281
221.543,221.543,NoButton,Move,108,272
221.56,221.56,NoButton,Move,106,265
221.576,221.576,NoButton,Move,104,259
221.594,221.594,NoButton,Move,102,254
221.61,221.61,NoButton,Move,101,251
221.626,221.626,NoButton,Move,100,249
221.643,221.643,NoButton,Move,100,248
221.656,221.656,Left,Pressed,100,248
221.676,221.676,NoButton,Move,100,248
221.74,221.74,Left,Released,100,248
221.968,221.968,NoButton,Move,100,249
221.978,221.978,NoButton,Move,101,249
221.994,221.994,NoButton,Move,102,251
222.011,222.011,NoButton,Move,103,252
222.028,222.028,NoButton,Move,107,256
222.044,222.044,NoButton,Move,110,260
222.061,222.061,NoButton,Move,113,264
222.076,222.076,NoButton,Move,116,267
222.094,222.094,NoButton,Move,119,270
222.111,222.111,NoButton,Move,121,271
222.127,222.127,NoButton,Move,123,273
222.143,222.143,NoButton,Move,123,274
222.16,222.16,NoButton,Move,124,274
222.177,222.177,NoButton,Move,124,275
222.193,222.193,NoButton,Move,124,275
222.207,222.207,Left,Pressed,124,275
222.226,222.226,NoButton,Move,124,275
222.29,222.29,Left,Released,124,275
222.51,222.51,NoButton,Move,126,275
222.527,222.527,NoButton,Move,134,275
222.543,222.543,NoButton,Move,164,275
222.561,222.561,NoButton,Move,206,275
222.578,222.578,NoButton,Move,263,275
222.594,222.594,NoButton,Move,329,282
222.611,222.611,NoButton,Move,393,297
222.627,222.627,NoButton,Move,434,309
222.643,222.643,NoButton,Move,476,322
222.66,222.66,NoButton,Move,496,327
222.677,222.677,NoButton,Move,507,331
222.693,222.693,NoButton,Move,514,333
222.71,222.71,NoButton,Move,517,334
222.727,222.727,NoButton,Move,518,334
222.744,222.744,NoButton,Move,518,334
222.761,222.761,NoButton,Move,515,328
222.778,222.778,NoButton,Move,509,316
222.794,222.794,NoButton,Move,503,304
222.811,222.811,NoButton,Move,500,297
222.828,222.828,NoButton,Move,498,293
222.844,222.844,NoButton,Move,497,292
222.861,222.861,NoButton,Move,497,291
222.907,222.907,Left,Pressed,497,291
223.024,223.024,Left,Released,497,291
223.377,223.377,NoButton,Move,498,291
223.394,223.394,NoButton,Move,504,295
223.411,223.411,NoButton,Move,518,300
223.427,223.427,NoButton,Move,537,306
223.444,223.444,NoButton,Move,560,312
223.461,223.461,NoButton,Move,585,318
223.478,223.478,NoButton,Move,602,322
223.494,223.494,NoButton,Move,620,327
223.511,223.511,NoButton,Move,633,330
223.526,223.526,NoButton,Move,639,333
223.544,223.544,NoButton,Move,644,335
223.559,223.559,NoButton,Move,647,337
223.576,223.576,NoButton,Move,648,339
223.593,223.593,NoButton,Move,649,341
223.61,223.61,NoButton,Move,650,343
223.627,223.627,NoButton,Move,650,344
223.644,223.644,NoButton,Move,650,345
223.66,223.66,NoButton,Move,650,345
223.677,223.677,NoButton,Move,650,346
223.694,223.694,NoButton,Move,650,346
223.775,223.775,Left,Pressed,650,346
223.958,223.958,Left,Released,650,346
224.538,224.538,NoButton,Move,651,347
224.56,224.56,NoButton,Move,653,352
224.577,224.577,NoButton,Move,686,423
224.594,224.594,NoButton,Move,729,506
224.611,224.611,NoButton,Move,769,576
224.628,224.628,NoButton,Move,798,629
224.644,224.644,NoButton,Move,807,646
224.66,224.66,NoButton,Move,819,671
224.677,224.677,NoButton,Move,824,683
224.693,224.693,NoButton,Move,825,688
224.711,224.711,NoButton,Move,825,690
224.727,224.727,NoButton,Move,824,691
224.744,224.744,NoButton,Move,823,691
224.76,224.76,NoButton,Move,820,691
224.777,224.777,NoButton,Move,819,690
224.794,224.794,NoButton,Move,818,689
224.81,224.81,NoButton,Move,817,689
224.827,224.827,NoButton,Move,817,688
224.844,224.844,NoButton,Move,816,687
224.861,224.861,NoButton,Move,815,686
224.877,224.877,NoButton,Move,815,686
224.895,224.895,NoButton,Move,814,685
224.91,224.91,NoButton,Move,814,684
224.927,224.927,NoButton,Move,814,682
224.945,224.945,NoButton,Move,813,680
224.961,224.961,NoButton,Move,812,677
224.977,224.977,NoButton,Move,812,674
224.994,224.994,NoButton,Move,811,671
225.011,225.011,NoButton,Move,811,668
225.026,225.026,NoButton,Move,811,666
225.043,225.043,NoButton,Move,811,665
225.06,225.06,NoButton,Move,811,665
225.076,225.076,NoButton,Move,811,664
225.111,225.111,NoButton,Move,811,664
225.144,225.144,NoButton,Move,811,664
225.327,225.327,NoButton,Move,811,664
225.333,225.333,NoButton,Move,811,663
225.344,225.344,NoButton,Move,811,662
225.36,225.36,NoButton,Move,811,660
225.377,225.377,NoButton,Move,810,659
225.394,225.394,NoButton,Move,809,657
225.411,225.411,NoButton,Move,809,657
225.427,225.427,NoButton,Move,809,656
225.444,225.444,NoButton,Move,809,656
225.808,225.808,Left,Pressed,809,656
225.941,225.941,Left,Released,809,656
226.144,226.144,NoButton,Move,809,656
226.16,226.16,NoButton,Move,815,647
226.177,226.177,NoButton,Move,825,633
226.194,226.194,NoButton,Move,851,599
226.21,226.21,NoButton,Move,883,545
226.228,226.228,NoButton,Move,916,487
226.244,226.244,NoButton,Move,939,451
226.261,226.261,NoButton,Move,964,412
226.277,226.277,NoButton,Move,980,395
226.294,226.294,NoButton,Move,990,384
226.311,226.311,NoButton,Move,1000,376
226.327,226.327,NoButton,Move,1004,373
226.344,226.344,NoButton,Move,1006,371
226.36,226.36,NoButton,Move,1007,371
226.377,226.377,NoButton,Move,1007,371
226.393,226.393,NoButton,Move,1007,371
226.411,226.411,NoButton,Move,1007,375
226.427,226.427,NoButton,Move,1006,381
226.444,226.444,NoButton,Move,1003,388
226.46,226.46,NoButton,Move,1000,395
226.477,226.477,NoButton,Move,996,402
226.494,226.494,NoButton,Move,994,406
226.509,226.509,NoButton,Move,991,411
226.526,226.526,NoButton,Move,990,413
226.544,226.544,NoButton,Move,989,414
226.559,226.559,NoButton,Move,989,414
226.636,226.636,NoButton,Move,989,414
226.651,226.651,NoButton,Move,989,414
226.675,226.675,NoButton,Move,989,414
226.71,226.71,NoButton,Move,989,415
226.728,226.728,NoButton,Move,989,417
226.743,226.743,NoButton,Move,989,422
226.76,226.76,NoButton,Move,988,429
226.777,226.777,NoButton,Move,985,437
226.794,226.794,NoButton,Move,981,446
226.81,226.81,NoButton,Move,978,454
226.827,226.827,NoButton,Move,976,459
226.844,226.844,NoButton,Move,974,462
226.86,226.86,NoButton,Move,973,464
226.878,226.878,NoButton,Move,973,465
226.894,226.894,NoButton,Move,973,465
227.074,227.074,Left,Pressed,973,465
227.258,227.258,Left,Released,973,465
227.619,227.619,NoButton,Move,973,467
227.63,227.63,NoButton,Move,970,471
227.644,227.644,NoButton,Move,963,484
227.661,227.661,NoButton,Move,951,503
227.677,227.677,NoButton,Move,925,535
227.694,227.694,NoButton,Move,904,557
227.711,227.711,NoButton,Move,876,582
227.727,227.727,NoButton,Move,847,605
227.744,227.744,NoButton,Move,820,626
227.76,227.76,NoButton,Move,798,643
227.777,227.777,NoButton,Move,786,653
227.794,227.794,NoButton,Move,779,659
227.811,227.811,NoButton,Move,773,664
227.827,227.827,NoButton,Move,771,666
227.844,227.844,NoButton,Move,770,667
227.86,227.86,NoButton,Move,770,668
227.878,227.878,NoButton,Move,770,669
227.894,227.894,NoButton,Move,770,670
227.911,227.911,NoButton,Move,770,673
227.928,227.928,NoButton,Move,769,675
227.945,227.945,NoButton,Move,767,677
227.961,227.961,NoButton,Move,767,678
227.976,227.976,NoButton,Move,766,678
227.994,227.994,NoButton,Move,765,678
228.01,228.01,NoButton,Move,765,678
228.108,228.108,Left,Pressed,765,678
228.224,228.224,Left,Released,765,678
228.372,228.372,NoButton,Move,765,678
228.395,228.395,NoButton,Move,767,665
228.411,228.411,NoButton,Move,774,650
228.426,228.426,NoButton,Move,785,628
228.443,228.443,NoButton,Move,800,598
228.461,228.461,NoButton,Move,823,549
228.476,228.476,NoButton,Move,830,535
228.493,228.493,NoButton,Move,839,521
228.51,228.51,NoButton,Move,848,507
228.527,228.527,NoButton,Move,850,506
228.584,228.584,NoButton,Move,850,506
228.594,228.594,NoButton,Move,848,516
228.611,228.611,NoButton,Move,841,537
228.627,228.627,NoButton,Move,832,561
228.644,228.644,NoButton,Move,825,584
228.661,228.661,NoButton,Move,819,602
228.678,228.678,NoButton,Move,817,614
228.694,228.694,NoButton,Move,814,623
228.711,228.711,NoButton,Move,813,627
228.728,228.728,NoButton,Move,812,629
228.743,228.743,NoButton,Move,812,630
228.76,228.76,NoButton,Move,812,630
228.777,228.777,NoButton,Move,811,631
228.794,228.794,NoButton,Move,811,631
228.811,228.811,NoButton,Move,811,633
228.828,228.828,NoButton,Move,810,634
228.843,228.843,NoButton,Move,809,635
228.861,228.861,NoButton,Move,807,635
228.877,228.877,NoButton,Move,806,635
228.891,228.891,Left,Pressed,806,635
228.911,228.911,NoButton,Move,805,635
229.024,229.024,Left,Released,805,635
229.193,229.193,NoButton,Move,805,635
229.211,229.211,NoButton,Move,810,629
229.226,229.226,NoButton,Move,820,621
229.244,229.244,NoButton,Move,831,610
229.261,229.261,NoButton,Move,855,587
229.278,229.278,NoButton,Move,879,560
229.294,229.294,NoButton,Move,903,531
229.312,229.312,NoButton,Move,923,504
229.327,229.327,NoButton,Move,934,489
229.344,229.344,NoButton,Move,945,472
229.36,229.36,NoButton,Move,950,465
229.378,229.378,NoButton,Move,952,459
229.394,229.394,NoButton,Move,953,454
229.409,229.409,NoButton,Move,953,453
229.426,229.426,NoButton,Move,951,451
229.443,229.443,NoButton,Move,945,450
229.46,229.46,NoButton,Move,942,449
229.477,229.477,NoButton,Move,939,449
229.494,229.494,NoButton,Move,937,449
229.509,229.509,NoButton,Move,936,449
229.527,229.527,NoButton,Move,936,449
229.543,229.543,NoButton,Move,936,449
229.56,229.56,NoButton,Move,935,449
229.583,229.583,NoButton,Move,935,449
229.625,229.625,Left,Pressed,935,449
229.644,229.644,NoButton,Move,935,449
229.707,229.707,Left,Released,935,449
230.01,230.01,NoButton,Move,935,452
230.017,230.017,NoButton,Move,937,459
230.028,230.028,NoButton,Move,939,467
230.044,230.044,NoButton,Move,944,482
230.061,230.061,NoButton,Move,947,494
230.078,230.078,NoButton,Move,948,506
230.094,230.094,NoButton,Move,949,517
230.111,230.111,NoButton,Move,949,537
230.127,230.127,NoButton,Move,935,573
230.145,230.145,NoButton,Move,921,599
230.16,230.16,NoButton,Move,903,625
230.177,230.177,NoButton,Move,882,648
230.194,230.194,NoButton,Move,861,666
230.211,230.211,NoButton,Move,846,676
230.227,230.227,NoButton,Move,830,683
230.243,230.243,NoButton,Move,822,684
230.261,230.261,NoButton,Move,814,686
230.276,230.276,NoButton,Move,810,686
230.295,230.295,NoButton,Move,808,686
230.311,230.311,NoButton,Move,808,686
230.328,230.328,NoButton,Move,807,686
230.36,230.36,NoButton,Move,807,686
230.385,230.385,NoButton,Move,807,686
230.401,230.401,NoButton,Move,807,685
230.411,230.411,NoButton,Move,807,685
230.428,230.428,NoButton,Move,807,684
230.443,230.443,NoButton,Move,807,683
230.46,230.46,NoButton,Move,807,683
230.478,230.478,NoButton,Move,807,681
230.493,230.493,NoButton,Move,807,680
230.511,230.511,NoButton,Move,807,678
230.528,230.528,NoButton,Move,807,675
230.543,230.543,NoButton,Move,809,672
230.561,230.561,NoButton,Move,810,669
230.577,230.577,NoButton,Move,810,667
230.59,230.59,Left,Pressed,810,667
230.61,230.61,NoButton,Move,811,667
230.707,230.707,Left,Released,811,667
230.976,230.976,NoButton,Move,812,667
230.983,230.983,NoButton,Move,814,666
230.994,230.994,NoButton,Move,816,666
231.011,231.011,NoButton,Move,825,661
231.027,231.027,NoButton,Move,838,653
231.046,231.046,NoButton,Move,856,640
231.061,231.061,NoButton,Move,878,623
231.077,231.077,NoButton,Move,899,604
231.093,231.093,NoButton,Move,914,592
231.11,231.11,NoButton,Move,922,586
231.127,231.127,NoButton,Move,937,573
231.144,231.144,NoButton,Move,945,568
231.161,231.161,NoButton,Move,949,565
231.177,231.177,NoButton,Move,950,564
231.193,231.193,NoButton,Move,951,564
231.211,231.211,NoButton,Move,951,563
231.244,231.244,NoButton,Move,951,563
231.261,231.261,NoButton,Move,951,561
231.277,231.277,NoButton,Move,951,558
231.294,231.294,NoButton,Move,950,555
231.312,231.312,NoButton,Move,949,549
231.327,231.327,NoButton,Move,949,545
231.344,231.344,NoButton,Move,949,543
231.36,231.36,NoButton,Move,949,542
231.377,231.377,NoButton,Move,949,541
231.393,231.393,NoButton,Move,949,541
231.703,231.703,NoButton,Move,949,540
231.726,231.726,NoButton,Move,947,534
231.743,231.743,NoButton,Move,943,518
231.761,231.761,NoButton,Move,934,492
231.778,231.778,NoButton,Move,923,453
231.794,231.794,NoButton,Move,918,439
231.811,231.811,NoButton,Move,915,428
231.827,231.827,NoButton,Move,914,423
231.843,231.843,NoButton,Move,913,421
231.86,231.86,NoButton,Move,913,421
231.894,231.894,NoButton,Move,913,421
231.911,231.911,NoButton,Move,913,421
231.926,231.926,NoButton,Move,912,422
231.944,231.944,NoButton,Move,911,426
231.961,231.961,NoButton,Move,910,431
231.977,231.977,NoButton,Move,909,435
231.994,231.994,NoButton,Move,908,439
232.011,232.011,NoButton,Move,908,442
232.027,232.027,NoButton,Move,908,444
232.044,232.044,NoButton,Move,908,446
232.061,232.061,NoButton,Move,908,447
232.076,232.076,NoButton,Move,908,447
232.094,232.094,NoButton,Move,908,448
232.108,232.108,Left,Pressed,908,448
232.224,232.224,Left,Released,908,448
232.434,232.434,NoButton,Move,908,448
232.444,232.444,NoButton,Move,908,451
232.461,232.461,NoButton,Move,908,458
232.477,232.477,NoButton,Move,908,467
232.494,232.494,NoButton,Move,908,485
232.512,232.512,NoButton,Move,908,513
232.527,232.527,NoButton,Move,905,546
232.544,232.544,NoButton,Move,896,580
232.561,232.561,NoButton,Move,882,612
232.578,232.578,NoButton,Move,867,640
232.593,232.593,NoButton,Move,856,657
232.611,232.611,NoButton,Move,842,673
232.628,232.628,NoButton,Move,830,683
232.644,232.644,NoButton,Move,823,686
232.661,232.661,NoButton,Move,815,689
232.677,232.677,NoButton,Move,810,690
232.694,232.694,NoButton,Move,807,690
232.71,232.71,NoButton,Move,805,690
232.727,232.727,NoButton,Move,804,690
232.744,232.744,NoButton,Move,804,690
232.817,232.817,NoButton,Move,804,690
232.828,232.828,NoButton,Move,804,690
232.843,232.843,NoButton,Move,804,690
232.867,232.867,NoButton,Move,804,689
232.877,232.877,NoButton,Move,804,689
232.894,232.894,NoButton,Move,804,688
232.91,232.91,NoButton,Move,803,684
232.927,232.927,NoButton,Move,803,679
232.944,232.944,NoButton,Move,803,673
232.96,232.96,NoButton,Move,803,668
232.977,232.977,NoButton,Move,803,664
232.993,232.993,NoButton,Move,803,662
233.01,233.01,NoButton,Move,803,662
233.024,233.024,Left,Pressed,803,662
233.14,233.14,Left,Released,803,662
233.392,233.392,NoButton,Move,804,662
233.399,233.399,NoButton,Move,806,662
233.411,233.411,NoButton,Move,809,662
233.428,233.428,NoButton,Move,822,661
233.443,233.443,NoButton,Move,834,659
233.459,233.459,NoButton,Move,856,655
233.476,233.476,NoButton,Move,876,651
233.493,233.493,NoButton,Move,891,648
233.511,233.511,NoButton,Move,912,644
233.526,233.526,NoButton,Move,928,640
233.544,233.544,NoButton,Move,935,638
233.56,233.56,NoButton,Move,943,636
233.577,233.577,NoButton,Move,947,634
233.594,233.594,NoButton,Move,950,632
233.611,233.611,NoButton,Move,952,631
233.627,233.627,NoButton,Move,953,629
233.644,233.644,NoButton,Move,955,628
233.66,233.66,NoButton,Move,955,627
233.677,233.677,NoButton,Move,956,627
234.242,234.242,NoButton,Move,955,627
234.25,234.25,NoButton,Move,955,626
234.261,234.261,NoButton,Move,955,626
234.277,234.277,NoButton,Move,955,626
234.294,234.294,NoButton,Move,955,626
234.465,234.465,NoButton,Move,955,626
234.477,234.477,NoButton,Move,954,626
234.495,234.495,NoButton,Move,953,625
234.511,234.511,NoButton,Move,953,625
234.528,234.528,NoButton,Move,953,625
234.544,234.544,NoButton,Move,952,625
234.561,234.561,NoButton,Move,952,625
234.578,234.578,NoButton,Move,951,625
234.593,234.593,NoButton,Move,950,627
234.611,234.611,NoButton,Move,949,630
234.824,234.824,Scroll,Down,0,1
234.843,234.843,Scroll,Down,0,2
234.877,234.877,Scroll,Down,0,19
234.893,234.893,Scroll,Down,0,14
234.911,234.911,Scroll,Down,0,17
234.927,234.927,Scroll,Down,0,14
234.944,234.944,Scroll,Down,0,11
234.961,234.961,Scroll,Down,0,7
234.976,234.976,Scroll,Down,0,6
234.994,234.994,Scroll,Down,0,3
235.011,235.011,Scroll,Down,0,1
235.026,235.026,Scroll,Down,0,1
235.095,235.095,Scroll,Down,0,1
235.127,235.127,Scroll,Down,0,1
235.46,235.46,NoButton,Move,952,624
235.478,235.478,NoButton,Move,958,611
235.495,235.495,NoButton,Move,970,585
235.511,235.511,NoButton,Move,992,514
235.527,235.527,NoButton,Move,1012,433
235.545,235.545,NoButton,Move,1025,361
235.56,235.56,NoButton,Move,1031,333
235.576,235.576,NoButton,Move,1037,300
235.593,235.593,NoButton,Move,1042,274
235.611,235.611,NoButton,Move,1045,253
235.626,235.626,NoButton,Move,1046,238
235.644,235.644,NoButton,Move,1045,220
235.66,235.66,NoButton,Move,1039,195
235.676,235.676,NoButton,Move,1034,169
235.694,235.694,NoButton,Move,1029,152
235.709,235.709,NoButton,Move,1026,142
235.727,235.727,NoButton,Move,1023,135
235.744,235.744,NoButton,Move,1020,132
235.76,235.76,NoButton,Move,1019,130
235.777,235.777,NoButton,Move,1017,130
235.793,235.793,NoButton,Move,1016,130
235.81,235.81,NoButton,Move,1014,130
235.826,235.826,NoButton,Move,1012,130
235.844,235.844,NoButton,Move,1010,130
235.86,235.86,NoButton,Move,1008,131
235.876,235.876,NoButton,Move,1004,135
235.893,235.893,NoButton,Move,998,144
235.91,235.91,NoButton,Move,992,154
235.927,235.927,NoButton,Move,984,167
235.944,235.944,NoButton,Move,979,175
235.961,235.961,NoButton,Move,974,182
235.978,235.978,NoButton,Move,971,186
235.994,235.994,NoButton,Move,970,188
236.011,236.011,NoButton,Move,969,189
236.027,236.027,NoButton,Move,969,189
236.042,236.042,Left,Pressed,969,189
236.06,236.06,NoButton,Move,969,189
236.123,236.123,Left,Released,969,189
236.345,236.345,NoButton,Move,969,191
236.361,236.361,NoButton,Move,969,198
236.378,236.378,NoButton,Move,967,206
236.394,236.394,NoButton,Move,962,215
236.411,236.411,NoButton,Move,955,225
236.428,236.428,NoButton,Move,931,258
236.443,236.443,NoButton,Move,903,288
236.46,236.46,NoButton,Move,866,324
236.478,236.478,NoButton,Move,839,347
236.494,236.494,NoButton,Move,791,386
236.511,236.511,NoButton,Move,775,397
236.527,236.527,NoButton,Move,758,407
236.543,236.543,NoButton,Move,756,408
236.561,236.561,NoButton,Move,744,413
236.576,236.576,NoButton,Move,740,414
236.594,236.594,NoButton,Move,738,414
236.611,236.611,NoButton,Move,736,414
236.627,236.627,NoButton,Move,734,411
236.644,236.644,NoButton,Move,732,405
236.66,236.66,NoButton,Move,730,397
236.677,236.677,NoButton,Move,728,388
236.694,236.694,NoButton,Move,727,384
236.711,236.711,NoButton,Move,726,381
236.727,236.727,NoButton,Move,726,380
236.744,236.744,NoButton,Move,726,379
236.757,236.757,Left,Pressed,726,379
236.84,236.84,Left,Released,726,379
237.207,237.207,NoButton,Move,727,379
237.214,237.214,NoButton,Move,735,381
237.227,237.227,NoButton,Move,747,385
237.244,237.244,NoButton,Move,780,395
237.262,237.262,NoButton,Move,861,420
237.278,237.278,NoButton,Move,964,452
237.294,237.294,NoButton,Move,1067,485
237.311,237.311,NoButton,Move,1132,506
237.328,237.328,NoButton,Move,1180,525
237.343,237.343,NoButton,Move,1213,544
237.361,237.361,NoButton,Move,1229,553
237.691,237.691,NoButton,Move,1229,553
237.698,237.698,NoButton,Move,1229,555
237.711,237.711,NoButton,Move,1228,557
237.728,237.728,NoButton,Move,1228,561
237.743,237.743,NoButton,Move,1226,564
237.761,237.761,NoButton,Move,1225,569
237.777,237.777,NoButton,Move,1222,575
237.794,237.794,NoButton,Move,1220,580
237.811,237.811,NoButton,Move,1219,583
237.827,237.827,NoButton,Move,1218,585
237.844,237.844,NoButton,Move,1218,586
237.862,237.862,NoButton,Move,1217,587
237.877,237.877,NoButton,Move,1217,587
237.994,237.994,NoButton,Move,1217,587
238.011,238.011,NoButton,Move,1217,586
238.027,238.027,NoButton,Move,1217,585
238.044,238.044,NoButton,Move,1216,584
238.061,238.061,NoButton,Move,1216,584
238.078,238.078,NoButton,Move,1216,584
238.094,238.094,NoButton,Move,1216,583
238.111,238.111,NoButton,Move,1216,583
238.127,238.127,NoButton,Move,1215,582
238.145,238.145,NoButton,Move,1215,582
238.161,238.161,NoButton,Move,1215,582
238.177,238.177,NoButton,Move,1215,581
238.195,238.195,NoButton,Move,1215,581
238.211,238.211,NoButton,Move,1214,581
238.227,238.227,NoButton,Move,1214,580
238.244,238.244,NoButton,Move,1214,580
238.261,238.261,NoButton,Move,1214,579
238.277,238.277,NoButton,Move,1214,579
238.295,238.295,NoButton,Move,1214,579
238.321,238.321,NoButton,Move,1213,579
238.337,238.337,NoButton,Move,1213,578
238.534,238.534,NoButton,Move,1213,578
238.544,238.544,NoButton,Move,1213,578
238.561,238.561,NoButton,Move,1213,577
238.579,238.579,NoButton,Move,1212,575
238.593,238.593,NoButton,Move,1211,574
238.611,238.611,NoButton,Move,1211,574
238.628,238.628,NoButton,Move,1211,574
238.674,238.674,Left,Pressed,1211,574
238.841,238.841,Left,Released,1211,574
240.065,240.065,NoButton,Move,1211,574
240.077,240.077,NoButton,Move,1211,577
240.094,240.094,NoButton,Move,1209,580
240.111,240.111,NoButton,Move,1191,602
240.127,240.127,NoButton,Move,1173,622
240.145,240.145,NoButton,Move,1145,648
240.16,240.16,NoButton,Move,1106,686
240.177,240.177,NoButton,Move,1081,707
240.194,240.194,NoButton,Move,1050,732
240.211,240.211,NoButton,Move,1030,746
240.227,240.227,NoButton,Move,1010,757
240.245,240.245,NoButton,Move,990,763
240.26,240.26,NoButton,Move,979,763
240.277,240.277,NoButton,Move,961,763
240.294,240.294,NoButton,Move,913,757
240.311,240.311,NoButton,Move,886,755
240.327,240.327,NoButton,Move,850,755
240.344,240.344,NoButton,Move,829,755
240.36,240.36,NoButton,Move,806,755
240.377,240.377,NoButton,Move,790,755
240.394,240.394,NoButton,Move,779,755
240.411,240.411,NoButton,Move,771,757
240.427,240.427,NoButton,Move,767,760
240.444,240.444,NoButton,Move,762,763
240.461,240.461,NoButton,Move,758,764
240.477,240.477,NoButton,Move,755,765
240.495,240.495,NoButton,Move,752,765
240.511,240.511,NoButton,Move,749,757
240.526,240.526,NoButton,Move,749,742
240.544,240.544,NoButton,Move,749,724
240.561,240.561,NoButton,Move,749,711
240.577,240.577,NoButton,Move,753,697
240.595,240.595,NoButton,Move,756,687
240.61,240.61,NoButton,Move,758,682
240.627,240.627,NoButton,Move,761,676
240.644,240.644,NoButton,Move,762,673
240.661,240.661,NoButton,Move,763,671
240.677,240.677,NoButton,Move,763,669
240.694,240.694,NoButton,Move,764,669
240.71,240.71,NoButton,Move,764,669
240.774,240.774,Left,Pressed,764,669
240.873,240.873,Left,Released,764,669
241.146,241.146,NoButton,Move,765,669
241.161,241.161,NoButton,Move,769,669
241.177,241.177,NoButton,Move,778,670
241.194,241.194,NoButton,Move,786,672
241.211,241.211,NoButton,Move,794,674
241.227,241.227,NoButton,Move,795,674
241.244,241.244,NoButton,Move,798,674
241.261,241.261,NoButton,Move,799,674
241.277,241.277,NoButton,Move,785,671
241.295,241.295,NoButton,Move,730,654
241.31,241.31,NoButton,Move,651,633
241.328,241.328,NoButton,Move,583,617
241.343,241.343,NoButton,Move,525,611
241.36,241.36,NoButton,Move,468,611
241.377,241.377,NoButton,Move,408,635
241.574,241.574,Scroll,Down,0,2
241.595,241.595,Scroll,Down,0,13
241.61,241.61,Scroll,Down,0,22
241.627,241.627,Scroll,Down,0,25
241.644,241.644,Scroll,Down,0,34
241.66,241.66,Scroll,Down,0,32
241.677,241.677,Scroll,Down,0,16
241.694,241.694,Scroll,Down,0,43
241.711,241.711,Scroll,Down,0,50
241.727,241.727,Scroll,Down,0,54
241.743,241.743,Scroll,Down,0,54
241.761,241.761,Scroll,Down,0,53
241.777,241.777,Scroll,Down,0,52
241.794,241.794,Scroll,Down,0,55
241.811,241.811,Scroll,Down,0,53
241.828,241.828,Scroll,Down,0,49
241.843,241.843,Scroll,Down,0,45
241.96,241.96,NoButton,Move,405,636
241.978,241.978,NoButton,Move,395,641
241.995,241.995,NoButton,Move,386,646
242.028,242.028,NoButton,Move,367,655
242.044,242.044,NoButton,Move,363,658
242.061,242.061,NoButton,Move,356,663
242.077,242.077,NoButton,Move,351,667
242.094,242.094,NoButton,Move,344,672
242.11,242.11,NoButton,Move,340,675
242.127,242.127,NoButton,Move,329,682
242.144,242.144,NoButton,Move,318,687
242.16,242.16,NoButton,Move,310,689
242.177,242.177,NoButton,Move,301,690
242.194,242.194,NoButton,Move,291,690
242.21,242.21,NoButton,Move,286,690
242.227,242.227,NoButton,Move,273,688
242.244,242.244,NoButton,Move,267,687
242.26,242.26,NoButton,Move,265,686
242.445,242.445,Scroll,Down,0,1
242.445,242.445,Scroll,Down,0,1
242.461,242.461,Scroll,Down,0,10
242.476,242.476,Scroll,Down,0,15
242.493,242.493,Scroll,Down,0,17
242.511,242.511,Scroll,Down,0,20
242.527,242.527,Scroll,Down,0,15
242.544,242.544,Scroll,Down,0,14
242.559,242.559,Scroll,Down,0,24
242.578,242.578,Scroll,Down,0,28
242.594,242.594,Scroll,Down,0,29
242.611,242.611,Scroll,Down,0,29
242.627,242.627,Scroll,Down,0,28
242.65,242.65,Scroll,Down,0,27
242.7,242.7,NoButton,Move,265,689
242.716,242.716,NoButton,Move,260,696
242.732,242.732,NoButton,Move,250,711
242.75,242.75,NoButton,Move,215,764
242.766,242.766,NoButton,Move,201,783
242.782,242.782,NoButton,Move,180,810
242.8,242.8,NoButton,Move,141,853
242.816,242.816,NoButton,Move,136,856
242.844,242.844,NoButton,Move,105,874
242.849,242.849,NoButton,Move,100,875
242.867,242.867,NoButton,Move,94,876
242.894,242.894,NoButton,Move,86,877
242.9,242.9,NoButton,Move,84,877
242.926,242.926,NoButton,Move,80,876
242.943,242.943,NoButton,Move,78,874
242.96,242.96,NoButton,Move,75,872
242.966,242.966,NoButton,Move,74,871
242.995,242.995,NoButton,Move,70,868
243.011,243.011,NoButton,Move,68,865
243.027,243.027,NoButton,Move,65,859
243.045,243.045,NoButton,Move,62,851
243.062,243.062,NoButton,Move,60,845
243.077,243.077,NoButton,Move,59,839
243.094,243.094,NoButton,Move,58,835
243.123,243.123,NoButton,Move,58,834
243.123,243.123,Left,Pressed,58,834
243.144,243.144,NoButton,Move,58,834
243.207,243.207,Left,Released,58,834
