2.05,2.05,NoButton,Move,905,427
4.284,4.284,NoButton,Move,903,427
4.302,4.302,NoButton,Move,895,430
4.317,4.317,NoButton,Move,869,437
4.334,4.334,NoButton,Move,823,444
4.351,4.351,NoButton,Move,731,445
4.368,4.368,NoButton,Move,640,440
4.385,4.385,NoButton,Move,578,428
4.401,4.401,NoButton,Move,528,418
4.417,4.417,NoButton,Move,482,410
4.701,4.701,NoButton,Move,479,410
4.718,4.718,NoButton,Move,477,411
4.735,4.735,NoButton,Move,475,412
4.752,4.752,NoButton,Move,473,413
4.767,4.767,NoButton,Move,472,413
4.784,4.784,NoButton,Move,472,413
4.802,4.802,NoButton,Move,472,413
4.818,4.818,NoButton,Move,471,413
5.283,5.283,NoButton,Move,471,413
8.493,8.493,NoButton,Move,472,413
8.518,8.518,NoButton,Move,479,414
8.535,8.535,NoButton,Move,481,415
8.552,8.552,NoButton,Move,482,416
8.568,8.568,NoButton,Move,483,416
8.585,8.585,NoButton,Move,483,417
8.602,8.602,NoButton,Move,483,417
8.619,8.619,NoButton,Move,471,418
8.635,8.635,NoButton,Move,418,418
8.651,8.651,NoButton,Move,337,414
8.668,8.668,NoButton,Move,223,400
8.684,8.684,NoButton,Move,164,391
8.702,8.702,NoButton,Move,41,368
8.718,8.718,NoButton,Move,0,358
8.735,8.735,NoButton,Move,0,354
8.751,8.751,NoButton,Move,0,352
8.934,8.934,NoButton,Move,1,351
8.942,8.942,NoButton,Move,5,349
8.953,8.953,NoButton,Move,10,346
8.968,8.968,NoButton,Move,21,341
8.985,8.985,NoButton,Move,33,335
9.001,9.001,NoButton,Move,55,325
9.018,9.018,NoButton,Move,69,318
9.035,9.035,NoButton,Move,84,309
9.052,9.052,NoButton,Move,91,304
9.068,9.068,NoButton,Move,97,298
9.084,9.084,NoButton,Move,101,294
9.1,9.1,NoButton,Move,102,291
9.118,9.118,NoButton,Move,103,288
9.135,9.135,NoButton,Move,103,287
9.152,9.152,NoButton,Move,103,285
9.168,9.168,NoButton,Move,103,284
9.185,9.185,NoButton,Move,103,284
9.201,9.201,NoButton,Move,103,283
9.252,9.252,NoButton,Move,103,283
9.542,9.542,NoButton,Move,102,283
9.585,9.585,NoButton,Move,102,283
9.602,9.602,NoButton,Move,102,284
9.618,9.618,NoButton,Move,101,284
9.635,9.635,NoButton,Move,101,284
9.699,9.699,Left,Pressed,101,284
9.764,9.764,Left,Released,101,284
10.287,10.287,NoButton,Move,101,285
10.302,10.302,NoButton,Move,101,286
10.317,10.317,NoButton,Move,101,287
10.334,10.334,NoButton,Move,102,289
10.351,10.351,NoButton,Move,103,291
10.367,10.367,NoButton,Move,103,294
10.385,10.385,NoButton,Move,104,297
10.401,10.401,NoButton,Move,104,300
10.419,10.419,NoButton,Move,104,302
10.434,10.434,NoButton,Move,105,303
10.451,10.451,NoButton,Move,105,304
10.469,10.469,NoButton,Move,105,305
10.485,10.485,NoButton,Move,105,305
10.5,10.5,NoButton,Move,106,306
10.517,10.517,NoButton,Move,106,306
10.535,10.535,NoButton,Move,106,306
10.548,10.548,Left,Pressed,106,306
10.648,10.648,Left,Released,106,306
10.926,10.926,NoButton,Move,107,306
10.935,10.935,NoButton,Move,110,306
10.952,10.952,NoButton,Move,126,306
10.968,10.968,NoButton,Move,159,306
10.986,10.986,NoButton,Move,214,306
11.003,11.003,NoButton,Move,283,306
11.019,11.019,NoButton,Move,317,309
11.035,11.035,NoButton,Move,364,312
11.051,11.051,NoButton,Move,420,319
11.068,11.068,NoButton,Move,425,320
11.491,11.491,NoButton,Move,427,321
11.501,11.501,NoButton,Move,433,325
11.518,11.518,NoButton,Move,444,334
11.535,11.535,NoButton,Move,456,344
11.551,11.551,NoButton,Move,468,353
11.568,11.568,NoButton,Move,493,371
11.584,11.584,NoButton,Move,509,383
11.602,11.602,NoButton,Move,526,395
11.618,11.618,NoButton,Move,532,400
12.375,12.375,NoButton,Move,532,400
12.402,12.402,NoButton,Move,530,404
12.419,12.419,NoButton,Move,526,409
12.434,12.434,NoButton,Move,522,412
12.451,12.451,NoButton,Move,517,416
12.469,12.469,NoButton,Move,512,419
12.485,12.485,NoButton,Move,508,422
12.501,12.501,NoButton,Move,504,424
12.519,12.519,NoButton,Move,500,425
12.535,12.535,NoButton,Move,497,426
12.551,12.551,NoButton,Move,491,427
12.568,12.568,NoButton,Move,486,428
12.585,12.585,NoButton,Move,483,429
12.604,12.604,NoButton,Move,471,435
12.618,12.618,NoButton,Move,464,438
12.635,12.635,NoButton,Move,453,447
12.651,12.651,NoButton,Move,433,474
12.668,12.668,NoButton,Move,421,495
12.685,12.685,NoButton,Move,414,507
12.701,12.701,NoButton,Move,409,515
12.717,12.717,NoButton,Move,407,519
12.735,12.735,NoButton,Move,404,523
12.989,12.989,NoButton,Move,404,522
13.002,13.002,NoButton,Move,404,521
13.018,13.018,NoButton,Move,404,517
13.035,13.035,NoButton,Move,404,515
13.052,13.052,NoButton,Move,404,508
13.067,13.067,NoButton,Move,404,503
13.084,13.084,NoButton,Move,404,500
13.101,13.101,NoButton,Move,404,498
13.118,13.118,NoButton,Move,404,497
13.131,13.131,Left,Pressed,404,497
13.151,13.151,NoButton,Move,404,497
13.263,13.263,Left,Released,404,497
14.735,14.735,NoButton,Move,404,496
14.752,14.752,NoButton,Move,404,488
14.768,14.768,NoButton,Move,404,479
14.785,14.785,NoButton,Move,404,469
14.802,14.802,NoButton,Move,404,456
14.818,14.818,NoButton,Move,405,445
14.835,14.835,NoButton,Move,405,436
14.851,14.851,NoButton,Move,405,430
14.869,14.869,NoButton,Move,406,427
14.884,14.884,NoButton,Move,406,425
14.902,14.902,NoButton,Move,406,425
14.914,14.914,Left,Pressed,406,425
14.919,14.919,Left,Released,406,425
18.298,18.298,NoButton,Move,378,512
18.301,18.301,NoButton,Move,378,512
19.295,19.295,NoButton,Move,378,511
19.384,19.384,NoButton,Move,378,511
19.433,19.433,NoButton,Move,378,511
19.467,19.467,NoButton,Move,378,511
19.485,19.485,NoButton,Move,378,510
19.501,19.501,NoButton,Move,378,510
19.518,19.518,NoButton,Move,378,510
19.54,19.54,NoButton,Move,378,510
19.585,19.585,NoButton,Move,378,509
19.655,19.655,NoButton,Move,378,509
19.668,19.668,NoButton,Move,378,509
19.685,19.685,NoButton,Move,378,509
19.702,19.702,NoButton,Move,378,508
19.718,19.718,NoButton,Move,378,507
19.735,19.735,NoButton,Move,378,506
19.751,19.751,NoButton,Move,378,505
19.768,19.768,NoButton,Move,377,503
19.785,19.785,NoButton,Move,377,499
19.801,19.801,NoButton,Move,376,496
19.818,19.818,NoButton,Move,376,493
19.835,19.835,NoButton,Move,376,489
19.851,19.851,NoButton,Move,376,486
19.869,19.869,NoButton,Move,375,483
19.885,19.885,NoButton,Move,375,478
19.901,19.901,NoButton,Move,374,472
19.919,19.919,NoButton,Move,372,458
19.935,19.935,NoButton,Move,368,442
19.951,19.951,NoButton,Move,364,432
20.63,20.63,NoButton,Move,364,431
20.652,20.652,NoButton,Move,364,428
20.668,20.668,NoButton,Move,365,425
20.685,20.685,NoButton,Move,367,421
20.702,20.702,NoButton,Move,369,417
20.719,20.719,NoButton,Move,371,415
20.734,20.734,NoButton,Move,372,414
20.751,20.751,NoButton,Move,373,414
20.768,20.768,NoButton,Move,374,414
20.785,20.785,NoButton,Move,376,419
20.802,20.802,NoButton,Move,379,425
20.818,20.818,NoButton,Move,382,435
20.835,20.835,NoButton,Move,385,445
20.852,20.852,NoButton,Move,386,450
20.868,20.868,NoButton,Move,387,457
20.885,20.885,NoButton,Move,388,463
20.902,20.902,NoButton,Move,388,467
20.918,20.918,NoButton,Move,388,471
20.935,20.935,NoButton,Move,388,474
20.952,20.952,NoButton,Move,388,476
20.968,20.968,NoButton,Move,388,477
20.986,20.986,NoButton,Move,388,478
21.002,21.002,NoButton,Move,388,479
21.018,21.018,NoButton,Move,387,480
21.035,21.035,NoButton,Move,387,482
21.051,21.051,NoButton,Move,386,483
21.068,21.068,NoButton,Move,386,484
21.085,21.085,NoButton,Move,385,484
21.102,21.102,NoButton,Move,385,485
21.114,21.114,Left,Pressed,385,485
21.135,21.135,NoButton,Move,385,485
21.263,21.263,Left,Released,385,485
23.864,23.864,NoButton,Move,385,491
23.884,23.884,NoButton,Move,386,499
23.902,23.902,NoButton,Move,387,503
23.917,23.917,NoButton,Move,388,505
23.935,23.935,NoButton,Move,389,507
23.951,23.951,NoButton,Move,390,512
23.968,23.968,NoButton,Move,392,516
23.985,23.985,NoButton,Move,394,521
24.002,24.002,NoButton,Move,395,525
24.017,24.017,NoButton,Move,396,531
24.034,24.034,NoButton,Move,396,533
24.051,24.051,NoButton,Move,396,541
24.068,24.068,NoButton,Move,396,544
24.085,24.085,NoButton,Move,396,547
24.101,24.101,NoButton,Move,396,552
24.119,24.119,NoButton,Move,395,559
24.134,24.134,NoButton,Move,395,565
24.151,24.151,NoButton,Move,394,570
24.168,24.168,NoButton,Move,393,574
24.186,24.186,NoButton,Move,393,576
24.215,24.215,Left,Pressed,393,576
24.234,24.234,NoButton,Move,393,576
24.296,24.296,Left,Released,393,576
26.511,26.511,NoButton,Move,395,576
26.518,26.518,NoButton,Move,398,577
26.535,26.535,NoButton,Move,405,579
26.551,26.551,NoButton,Move,414,582
26.568,26.568,NoButton,Move,431,588
26.584,26.584,NoButton,Move,452,595
26.597,26.597,NoButton,Move,463,598
26.752,26.752,NoButton,Move,553,623
26.768,26.768,NoButton,Move,554,624
26.784,26.784,NoButton,Move,554,624
26.802,26.802,NoButton,Move,554,624
26.818,26.818,NoButton,Move,555,624
26.958,26.958,NoButton,Move,555,624
26.968,26.968,NoButton,Move,555,625
26.985,26.985,NoButton,Move,556,626
27.002,27.002,NoButton,Move,556,628
27.018,27.018,NoButton,Move,557,630
27.035,27.035,NoButton,Move,557,631
27.051,27.051,NoButton,Move,558,631
27.068,27.068,NoButton,Move,558,632
27.616,27.616,Left,Pressed,558,632
27.813,27.813,Left,Released,558,632
28.055,28.055,NoButton,Move,558,631
28.068,28.068,NoButton,Move,558,629
28.084,28.084,NoButton,Move,558,622
28.101,28.101,NoButton,Move,560,606
28.118,28.118,NoButton,Move,561,584
28.134,28.134,NoButton,Move,561,569
28.151,28.151,NoButton,Move,560,553
28.169,28.169,NoButton,Move,558,546
28.185,28.185,NoButton,Move,555,539
28.202,28.202,NoButton,Move,553,535
28.218,28.218,NoButton,Move,551,532
28.235,28.235,NoButton,Move,550,531
28.251,28.251,NoButton,Move,549,530
28.269,28.269,NoButton,Move,549,530
28.294,28.294,NoButton,Move,550,530
28.301,28.301,NoButton,Move,553,530
28.318,28.318,NoButton,Move,562,529
28.334,28.334,NoButton,Move,574,528
28.351,28.351,NoButton,Move,586,527
28.368,28.368,NoButton,Move,593,526
28.384,28.384,NoButton,Move,600,525
28.402,28.402,NoButton,Move,604,523
28.417,28.417,NoButton,Move,607,522
28.449,28.449,Left,Pressed,607,522
28.454,28.454,NoButton,Move,607,521
28.564,28.564,Left,Released,607,521
28.678,28.678,NoButton,Move,607,521
28.685,28.685,NoButton,Move,607,520
28.701,28.701,NoButton,Move,607,520
28.718,28.718,NoButton,Move,607,518
28.736,28.736,NoButton,Move,607,516
28.75,28.75,NoButton,Move,607,513
28.768,28.768,NoButton,Move,607,512
28.785,28.785,NoButton,Move,607,511
28.932,28.932,Left,Pressed,607,511
29.016,29.016,Left,Released,607,511
29.228,29.228,NoButton,Move,606,511
29.235,29.235,NoButton,Move,605,511
29.252,29.252,NoButton,Move,602,511
29.267,29.267,NoButton,Move,591,503
29.284,29.284,NoButton,Move,567,485
29.301,29.301,NoButton,Move,537,458
29.318,29.318,NoButton,Move,514,436
29.334,29.334,NoButton,Move,498,421
29.351,29.351,NoButton,Move,489,414
29.368,29.368,NoButton,Move,481,408
29.385,29.385,NoButton,Move,478,407
29.4,29.4,NoButton,Move,476,406
29.418,29.418,NoButton,Move,475,406
29.435,29.435,NoButton,Move,474,406
29.452,29.452,NoButton,Move,473,409
29.468,29.468,NoButton,Move,473,414
29.485,29.485,NoButton,Move,473,422
29.503,29.503,NoButton,Move,473,432
29.518,29.518,NoButton,Move,473,438
29.534,29.534,NoButton,Move,474,443
29.551,29.551,NoButton,Move,474,446
29.564,29.564,Left,Pressed,474,446
29.583,29.583,NoButton,Move,474,446
29.697,29.697,Left,Released,474,446
30.021,30.021,NoButton,Move,473,446
30.043,30.043,NoButton,Move,469,444
30.052,30.052,NoButton,Move,467,443
30.067,30.067,NoButton,Move,463,440
30.084,30.084,NoButton,Move,453,434
30.101,30.101,NoButton,Move,443,427
30.118,30.118,NoButton,Move,437,423
30.135,30.135,NoButton,Move,428,417
30.151,30.151,NoButton,Move,427,416
30.169,30.169,NoButton,Move,425,414
30.181,30.181,Left,Pressed,425,414
30.185,30.185,Left,Released,425,414
31.485,31.485,NoButton,Move,412,471
31.501,31.501,NoButton,Move,413,472
31.534,31.534,NoButton,Move,411,471
31.542,31.542,NoButton,Move,411,471
31.551,31.551,NoButton,Move,411,471
31.568,31.568,NoButton,Move,410,471
31.584,31.584,NoButton,Move,408,474
31.601,31.601,NoButton,Move,406,478
31.619,31.619,NoButton,Move,404,483
31.633,31.633,NoButton,Move,402,486
31.65,31.65,NoButton,Move,401,489
31.667,31.667,NoButton,Move,401,489
31.68,31.68,Left,Pressed,401,489
31.701,31.701,NoButton,Move,401,489
31.788,31.788,Left,Released,401,489
34.908,34.908,NoButton,Move,401,492
34.918,34.918,NoButton,Move,403,500
34.934,34.934,NoButton,Move,406,507
34.951,34.951,NoButton,Move,408,514
34.969,34.969,NoButton,Move,410,519
34.984,34.984,NoButton,Move,412,524
35.001,35.001,NoButton,Move,414,534
35.019,35.019,NoButton,Move,415,541
35.034,35.034,NoButton,Move,416,547
35.051,35.051,NoButton,Move,416,550
35.067,35.067,NoButton,Move,415,557
35.083,35.083,NoButton,Move,412,561
35.101,35.101,NoButton,Move,409,564
35.117,35.117,NoButton,Move,404,568
35.135,35.135,NoButton,Move,400,571
35.151,35.151,NoButton,Move,397,573
35.167,35.167,NoButton,Move,392,576
35.184,35.184,NoButton,Move,385,578
35.201,35.201,NoButton,Move,381,579
35.217,35.217,NoButton,Move,376,579
35.234,35.234,NoButton,Move,373,579
35.251,35.251,NoButton,Move,370,578
35.268,35.268,NoButton,Move,369,577
35.284,35.284,NoButton,Move,369,576
35.301,35.301,NoButton,Move,369,576
35.349,35.349,Left,Pressed,369,576
35.463,35.463,Left,Released,369,576
40.74,40.74,NoButton,Move,370,577
40.751,40.751,NoButton,Move,378,587
40.767,40.767,NoButton,Move,386,596
40.784,40.784,NoButton,Move,390,601
40.801,40.801,NoButton,Move,394,606
40.818,40.818,NoButton,Move,396,609
40.834,40.834,NoButton,Move,396,611
40.851,40.851,NoButton,Move,397,611
40.867,40.867,NoButton,Move,397,612
40.884,40.884,NoButton,Move,397,612
40.901,40.901,NoButton,Move,397,613
40.918,40.918,NoButton,Move,397,615
40.935,40.935,NoButton,Move,397,620
40.951,40.951,NoButton,Move,397,622
40.968,40.968,NoButton,Move,397,624
40.984,40.984,NoButton,Move,397,626
41.001,41.001,NoButton,Move,397,627
41.018,41.018,NoButton,Move,397,628
41.047,41.047,Left,Pressed,397,628
41.051,41.051,NoButton,Move,397,628
41.132,41.132,Left,Released,397,628
43.191,43.191,NoButton,Move,397,627
43.202,43.202,NoButton,Move,397,623
43.218,43.218,NoButton,Move,400,613
43.234,43.234,NoButton,Move,404,600
43.251,43.251,NoButton,Move,409,567
43.268,43.268,NoButton,Move,413,536
43.285,43.285,NoButton,Move,416,499
43.301,43.301,NoButton,Move,417,483
43.317,43.317,NoButton,Move,419,452
43.333,43.333,NoButton,Move,420,440
43.351,43.351,NoButton,Move,420,432
43.368,43.368,NoButton,Move,420,427
43.383,43.383,NoButton,Move,420,425
43.401,43.401,NoButton,Move,419,425
43.418,43.418,NoButton,Move,417,425
43.434,43.434,NoButton,Move,416,427
43.451,43.451,NoButton,Move,415,433
43.468,43.468,NoButton,Move,423,440
43.484,43.484,NoButton,Move,430,443
43.502,43.502,NoButton,Move,478,459
43.517,43.517,NoButton,Move,506,465
43.534,43.534,NoButton,Move,542,469
43.551,43.551,NoButton,Move,563,471
43.568,43.568,NoButton,Move,586,471
43.584,43.584,NoButton,Move,597,471
43.601,43.601,NoButton,Move,606,471
43.618,43.618,NoButton,Move,611,471
43.634,43.634,NoButton,Move,613,471
43.652,43.652,NoButton,Move,614,471
43.668,43.668,NoButton,Move,614,471
43.685,43.685,NoButton,Move,614,472
43.701,43.701,NoButton,Move,614,473
43.718,43.718,NoButton,Move,612,475
43.734,43.734,NoButton,Move,611,476
43.752,43.752,NoButton,Move,610,478
43.767,43.767,NoButton,Move,609,479
43.781,43.781,Left,Pressed,609,479
43.8,43.8,NoButton,Move,609,479
43.881,43.881,Left,Released,609,479
44.305,44.305,NoButton,Move,609,480
44.318,44.318,NoButton,Move,608,480
44.335,44.335,NoButton,Move,606,482
44.351,44.351,NoButton,Move,605,482
44.368,44.368,NoButton,Move,603,482
44.385,44.385,NoButton,Move,597,483
44.401,44.401,NoButton,Move,596,483
44.418,44.418,NoButton,Move,587,483
44.433,44.433,NoButton,Move,584,483
44.451,44.451,NoButton,Move,577,481
44.468,44.468,NoButton,Move,572,480
44.484,44.484,NoButton,Move,568,479
44.502,44.502,NoButton,Move,565,478
44.518,44.518,NoButton,Move,563,477
44.534,44.534,NoButton,Move,562,477
44.551,44.551,NoButton,Move,561,477
44.581,44.581,Left,Pressed,561,477
44.586,44.586,NoButton,Move,561,477
44.698,44.698,Left,Released,561,477
44.845,44.845,NoButton,Move,561,476
44.868,44.868,NoButton,Move,561,474
44.885,44.885,NoButton,Move,560,472
44.901,44.901,NoButton,Move,560,470
44.916,44.916,NoButton,Move,560,469
44.93,44.93,Left,Pressed,560,469
44.951,44.951,NoButton,Move,560,469
45.03,45.03,Left,Released,560,469
45.426,45.426,NoButton,Move,559,469
45.451,45.451,NoButton,Move,552,469
45.468,45.468,NoButton,Move,545,472
45.484,45.484,NoButton,Move,538,475
45.501,45.501,NoButton,Move,530,480
45.517,45.517,NoButton,Move,522,484
45.534,45.534,NoButton,Move,515,489
45.551,45.551,NoButton,Move,511,492
45.568,45.568,NoButton,Move,506,495
45.584,45.584,NoButton,Move,504,496
45.602,45.602,NoButton,Move,502,497
45.618,45.618,NoButton,Move,502,498
45.635,45.635,NoButton,Move,501,498
45.648,45.648,Left,Pressed,501,498
45.773,45.773,Left,Released,501,498
45.783,45.783,NoButton,Move,501,498
46.089,46.089,NoButton,Move,502,498
46.101,46.101,NoButton,Move,503,498
46.118,46.118,NoButton,Move,506,500
46.134,46.134,NoButton,Move,509,502
46.151,46.151,NoButton,Move,512,504
46.168,46.168,NoButton,Move,515,506
46.184,46.184,NoButton,Move,517,507
46.201,46.201,NoButton,Move,520,509
46.218,46.218,NoButton,Move,521,511
46.234,46.234,NoButton,Move,523,512
46.251,46.251,NoButton,Move,523,512
46.268,46.268,NoButton,Move,524,513
46.285,46.285,NoButton,Move,524,513
46.701,46.701,NoButton,Move,524,513
46.777,46.777,NoButton,Move,523,513
46.933,46.933,NoButton,Move,523,513
46.949,46.949,NoButton,Move,523,513
46.957,46.957,NoButton,Move,522,513
46.969,46.969,NoButton,Move,522,513
46.984,46.984,NoButton,Move,522,513
47.002,47.002,NoButton,Move,522,513
47.018,47.018,NoButton,Move,521,513
47.034,47.034,NoButton,Move,521,513
47.826,47.826,NoButton,Move,521,513
47.849,47.849,NoButton,Move,520,513
47.857,47.857,NoButton,Move,520,513
47.868,47.868,NoButton,Move,520,513
47.885,47.885,NoButton,Move,519,513
47.901,47.901,NoButton,Move,519,513
47.919,47.919,NoButton,Move,519,513
47.934,47.934,NoButton,Move,519,513
47.955,47.955,NoButton,Move,518,513
48.225,48.225,NoButton,Move,518,513
48.233,48.233,NoButton,Move,518,513
48.25,48.25,NoButton,Move,517,513
48.268,48.268,NoButton,Move,515,513
48.284,48.284,NoButton,Move,514,512
48.301,48.301,NoButton,Move,513,512
48.318,48.318,NoButton,Move,512,511
48.335,48.335,NoButton,Move,511,511
48.342,48.342,NoButton,Move,510,511
48.351,48.351,NoButton,Move,510,511
48.367,48.367,NoButton,Move,509,510
48.384,48.384,NoButton,Move,508,509
48.401,48.401,NoButton,Move,507,508
48.417,48.417,NoButton,Move,506,507
48.434,48.434,NoButton,Move,506,507
48.442,48.442,NoButton,Move,505,507
48.452,48.452,NoButton,Move,505,507
48.467,48.467,NoButton,Move,504,507
48.484,48.484,NoButton,Move,501,508
48.502,48.502,NoButton,Move,496,511
48.518,48.518,NoButton,Move,490,515
48.534,48.534,NoButton,Move,482,519
48.551,48.551,NoButton,Move,473,523
48.567,48.567,NoButton,Move,464,526
48.584,48.584,NoButton,Move,458,528
48.602,48.602,NoButton,Move,446,529
48.618,48.618,NoButton,Move,443,529
48.634,48.634,NoButton,Move,435,522
48.651,48.651,NoButton,Move,424,497
48.668,48.668,NoButton,Move,416,473
48.684,48.684,NoButton,Move,411,455
48.701,48.701,NoButton,Move,406,434
48.718,48.718,NoButton,Move,404,425
48.734,48.734,NoButton,Move,403,417
48.751,48.751,NoButton,Move,402,414
48.767,48.767,NoButton,Move,402,412
48.784,48.784,NoButton,Move,402,411
48.801,48.801,NoButton,Move,401,410
48.831,48.831,Left,Pressed,401,410
48.835,48.835,Left,Released,401,410
50.047,50.047,NoButton,Move,423,526
50.051,50.051,NoButton,Move,444,590
50.067,50.067,NoButton,Move,444,591
50.084,50.084,NoButton,Move,444,591
50.174,50.174,NoButton,Move,444,591
50.184,50.184,NoButton,Move,444,590
50.201,50.201,NoButton,Move,444,589
50.217,50.217,NoButton,Move,444,587
50.234,50.234,NoButton,Move,444,585
50.251,50.251,NoButton,Move,444,584
50.268,50.268,NoButton,Move,444,583
50.285,50.285,NoButton,Move,444,582
50.301,50.301,NoButton,Move,444,582
50.318,50.318,NoButton,Move,444,581
50.335,50.335,NoButton,Move,444,580
50.351,50.351,NoButton,Move,444,580
50.368,50.368,NoButton,Move,444,580
50.382,50.382,Left,Pressed,444,580
50.47,50.47,Left,Released,444,580
53.717,53.717,NoButton,Move,450,580
53.734,53.734,NoButton,Move,456,580
53.751,53.751,NoButton,Move,465,580
53.768,53.768,NoButton,Move,476,581
53.783,53.783,NoButton,Move,485,583
53.8,53.8,NoButton,Move,493,585
53.817,53.817,NoButton,Move,498,588
53.835,53.835,NoButton,Move,502,591
53.85,53.85,NoButton,Move,503,593
53.868,53.868,NoButton,Move,504,594
53.884,53.884,NoButton,Move,505,596
53.901,53.901,NoButton,Move,505,598
53.919,53.919,NoButton,Move,506,599
53.934,53.934,NoButton,Move,506,600
53.951,53.951,NoButton,Move,506,600
53.968,53.968,NoButton,Move,506,602
53.984,53.984,NoButton,Move,506,606
54.002,54.002,NoButton,Move,506,612
54.018,54.018,NoButton,Move,504,619
54.034,54.034,NoButton,Move,503,626
54.051,54.051,NoButton,Move,502,631
54.067,54.067,NoButton,Move,500,637
54.084,54.084,NoButton,Move,500,638
54.097,54.097,Left,Pressed,500,638
54.134,54.134,NoButton,Move,500,639
54.23,54.23,Left,Released,500,639
54.529,54.529,NoButton,Move,500,639
54.551,54.551,NoButton,Move,500,633
54.567,54.567,NoButton,Move,500,623
54.584,54.584,NoButton,Move,500,593
54.601,54.601,NoButton,Move,500,569
54.617,54.617,NoButton,Move,499,553
54.634,54.634,NoButton,Move,498,535
54.651,54.651,NoButton,Move,498,528
54.669,54.669,NoButton,Move,498,517
54.684,54.684,NoButton,Move,502,512
54.701,54.701,NoButton,Move,508,508
54.717,54.717,NoButton,Move,521,502
54.735,54.735,NoButton,Move,536,497
54.75,54.75,NoButton,Move,555,493
54.768,54.768,NoButton,Move,570,490
54.784,54.784,NoButton,Move,586,488
54.8,54.8,NoButton,Move,599,488
54.817,54.817,NoButton,Move,606,488
54.834,54.834,NoButton,Move,612,488
54.851,54.851,NoButton,Move,615,490
54.868,54.868,NoButton,Move,616,492
54.884,54.884,NoButton,Move,617,493
54.901,54.901,NoButton,Move,617,494
54.918,54.918,NoButton,Move,617,495
54.934,54.934,NoButton,Move,617,496
54.952,54.952,NoButton,Move,617,497
54.967,54.967,NoButton,Move,617,499
54.985,54.985,NoButton,Move,617,499
55.001,55.001,NoButton,Move,617,500
55.015,55.015,Left,Pressed,617,500
55.039,55.039,NoButton,Move,617,500
55.164,55.164,Left,Released,617,500
60.842,60.842,NoButton,Move,617,499
60.867,60.867,NoButton,Move,611,488
60.883,60.883,NoButton,Move,599,476
60.9,60.9,NoButton,Move,571,450
60.918,60.918,NoButton,Move,557,438
60.934,60.934,NoButton,Move,516,399
60.951,60.951,NoButton,Move,506,390
60.967,60.967,NoButton,Move,493,378
60.983,60.983,NoButton,Move,487,374
61,61,NoButton,Move,486,373
61.017,61.017,NoButton,Move,486,373
61.035,61.035,NoButton,Move,486,377
61.051,61.051,NoButton,Move,489,386
61.068,61.068,NoButton,Move,494,399
61.084,61.084,NoButton,Move,500,414
61.102,61.102,NoButton,Move,508,433
61.134,61.134,NoButton,Move,513,451
61.151,61.151,NoButton,Move,514,455
61.167,61.167,NoButton,Move,515,458
61.184,61.184,NoButton,Move,515,459
61.201,61.201,NoButton,Move,515,459
61.23,61.23,Left,Pressed,515,459
61.33,61.33,Left,Released,515,459
61.692,61.692,NoButton,Move,515,460
61.717,61.717,NoButton,Move,513,463
61.734,61.734,NoButton,Move,508,467
61.752,61.752,NoButton,Move,501,473
61.768,61.768,NoButton,Move,491,480
61.785,61.785,NoButton,Move,482,486
61.801,61.801,NoButton,Move,475,490
61.818,61.818,NoButton,Move,469,493
61.834,61.834,NoButton,Move,466,494
61.852,61.852,NoButton,Move,464,495
61.867,61.867,NoButton,Move,463,495
61.884,61.884,NoButton,Move,462,495
61.897,61.897,Left,Pressed,462,495
62.046,62.046,Left,Released,462,495
64.681,64.681,NoButton,Move,459,512
64.687,64.687,NoButton,Move,457,520
64.701,64.701,NoButton,Move,456,527
64.716,64.716,NoButton,Move,453,538
64.733,64.733,NoButton,Move,451,545
64.751,64.751,NoButton,Move,450,551
64.767,64.767,NoButton,Move,448,561
64.784,64.784,NoButton,Move,447,566
64.801,64.801,NoButton,Move,445,572
64.818,64.818,NoButton,Move,445,575
64.835,64.835,NoButton,Move,444,578
64.851,64.851,NoButton,Move,443,578
64.867,64.867,NoButton,Move,442,580
64.885,64.885,NoButton,Move,441,581
64.901,64.901,NoButton,Move,440,583
64.917,64.917,NoButton,Move,439,584
64.948,64.948,Left,Pressed,439,584
64.967,64.967,NoButton,Move,439,584
65.062,65.062,Left,Released,439,584
67.285,67.285,NoButton,Move,439,591
67.3,67.3,NoButton,Move,440,596
67.392,67.392,NoButton,Move,439,592
67.401,67.401,NoButton,Move,432,579
67.417,67.417,NoButton,Move,423,562
67.434,67.434,NoButton,Move,400,520
67.45,67.45,NoButton,Move,387,500
67.466,67.466,NoButton,Move,372,480
67.484,67.484,NoButton,Move,361,467
67.501,67.501,NoButton,Move,352,458
67.517,67.517,NoButton,Move,344,448
67.534,67.534,NoButton,Move,337,438
67.551,67.551,NoButton,Move,330,428
67.566,67.566,NoButton,Move,327,422
67.584,67.584,NoButton,Move,324,418
67.601,67.601,NoButton,Move,323,415
67.617,67.617,NoButton,Move,322,414
67.634,67.634,NoButton,Move,321,414
67.651,67.651,NoButton,Move,319,414
67.667,67.667,NoButton,Move,317,414
67.684,67.684,NoButton,Move,314,414
67.701,67.701,NoButton,Move,312,414
67.717,67.717,NoButton,Move,311,414
67.734,67.734,NoButton,Move,311,414
67.752,67.752,NoButton,Move,311,413
67.764,67.764,Left,Pressed,311,413
67.768,67.768,Left,Released,311,413
69.148,69.148,NoButton,Move,402,542
69.15,69.15,NoButton,Move,395,523
69.167,69.167,NoButton,Move,403,545
69.184,69.184,NoButton,Move,403,547
69.2,69.2,NoButton,Move,404,549
69.217,69.217,NoButton,Move,404,551
69.234,69.234,NoButton,Move,404,551
69.284,69.284,NoButton,Move,404,551
69.3,69.3,NoButton,Move,404,550
69.317,69.317,NoButton,Move,404,550
69.334,69.334,NoButton,Move,404,551
69.35,69.35,NoButton,Move,404,554
69.367,69.367,NoButton,Move,404,558
69.385,69.385,NoButton,Move,404,561
69.401,69.401,NoButton,Move,404,562
69.414,69.414,Left,Pressed,404,562
69.499,69.499,NoButton,Move,404,562
69.499,69.499,Left,Released,404,562
83.866,83.866,NoButton,Move,406,565
83.884,83.884,NoButton,Move,407,566
83.901,83.901,NoButton,Move,409,569
83.916,83.916,NoButton,Move,411,573
83.934,83.934,NoButton,Move,412,577
83.95,83.95,NoButton,Move,412,580
83.968,83.968,NoButton,Move,412,584
83.983,83.983,NoButton,Move,411,587
84,84,NoButton,Move,405,590
84.016,84.016,NoButton,Move,394,596
84.034,84.034,NoButton,Move,378,598
84.05,84.05,NoButton,Move,364,600
84.067,84.067,NoButton,Move,348,600
84.083,84.083,NoButton,Move,339,600
84.1,84.1,NoButton,Move,332,600
84.117,84.117,NoButton,Move,328,600
84.134,84.134,NoButton,Move,327,600
84.151,84.151,NoButton,Move,327,600
84.179,84.179,NoButton,Move,327,599
84.186,84.186,NoButton,Move,327,598
84.2,84.2,NoButton,Move,327,597
84.218,84.218,NoButton,Move,328,594
84.233,84.233,NoButton,Move,330,591
84.25,84.25,NoButton,Move,331,590
84.268,84.268,NoButton,Move,332,588
84.284,84.284,NoButton,Move,332,587
84.301,84.301,NoButton,Move,331,584
84.316,84.316,NoButton,Move,330,583
84.334,84.334,NoButton,Move,327,579
84.35,84.35,NoButton,Move,325,576
84.366,84.366,NoButton,Move,324,576
84.38,84.38,Left,Pressed,324,576
84.399,84.399,NoButton,Move,324,575
84.496,84.496,Left,Released,324,575
84.548,84.548,Left,Pressed,324,575
84.613,84.613,Left,Released,324,575
85.925,85.925,NoButton,Move,324,586
85.937,85.937,NoButton,Move,324,594
85.95,85.95,NoButton,Move,326,604
85.967,85.967,NoButton,Move,330,611
85.985,85.985,NoButton,Move,335,619
86,86,NoButton,Move,343,628
86.017,86.017,NoButton,Move,349,635
86.033,86.033,NoButton,Move,353,639
86.05,86.05,NoButton,Move,361,649
86.066,86.066,NoButton,Move,364,654
86.083,86.083,NoButton,Move,366,660
86.101,86.101,NoButton,Move,367,664
86.117,86.117,NoButton,Move,368,668
86.133,86.133,NoButton,Move,368,670
86.151,86.151,NoButton,Move,368,671
86.166,86.166,NoButton,Move,368,672
86.181,86.181,Left,Pressed,368,672
86.216,86.216,NoButton,Move,368,672
86.281,86.281,Left,Released,368,672
86.473,86.473,NoButton,Move,368,672
86.484,86.484,NoButton,Move,368,671
86.5,86.5,NoButton,Move,368,668
86.517,86.517,NoButton,Move,368,662
86.534,86.534,NoButton,Move,368,659
86.551,86.551,NoButton,Move,368,655
86.567,86.567,NoButton,Move,368,653
86.58,86.58,Left,Pressed,368,653
86.601,86.601,NoButton,Move,368,653
86.663,86.663,Left,Released,368,653
86.684,86.684,NoButton,Move,368,654
86.833,86.833,NoButton,Move,368,654
86.84,86.84,NoButton,Move,368,652
86.85,86.85,NoButton,Move,368,649
86.867,86.867,NoButton,Move,368,640
86.884,86.884,NoButton,Move,368,622
86.9,86.9,NoButton,Move,368,603
86.917,86.917,NoButton,Move,368,590
86.935,86.935,NoButton,Move,368,573
86.95,86.95,NoButton,Move,368,556
86.967,86.967,NoButton,Move,366,541
86.984,86.984,NoButton,Move,365,533
87.001,87.001,NoButton,Move,364,526
87.017,87.017,NoButton,Move,363,523
87.034,87.034,NoButton,Move,362,522
87.051,87.051,NoButton,Move,362,521
87.067,87.067,NoButton,Move,362,521
87.083,87.083,NoButton,Move,362,521
87.1,87.1,NoButton,Move,363,521
87.117,87.117,NoButton,Move,371,519
87.134,87.134,NoButton,Move,414,517
87.151,87.151,NoButton,Move,466,517
87.166,87.166,NoButton,Move,496,517
87.184,87.184,NoButton,Move,557,517
87.2,87.2,NoButton,Move,595,518
87.217,87.217,NoButton,Move,641,518
87.233,87.233,NoButton,Move,654,518
87.25,87.25,NoButton,Move,658,518
87.397,87.397,NoButton,Move,658,517
87.405,87.405,NoButton,Move,658,517
87.417,87.417,NoButton,Move,658,516
87.435,87.435,NoButton,Move,660,512
87.45,87.45,NoButton,Move,661,509
87.468,87.468,NoButton,Move,663,505
87.484,87.484,NoButton,Move,664,503
87.501,87.501,NoButton,Move,664,502
87.514,87.514,Left,Pressed,664,502
87.534,87.534,NoButton,Move,664,502
87.58,87.58,Left,Released,664,502
87.717,87.717,NoButton,Move,663,502
87.724,87.724,NoButton,Move,660,502
87.734,87.734,NoButton,Move,656,504
87.75,87.75,NoButton,Move,649,508
87.768,87.768,NoButton,Move,638,510
87.784,87.784,NoButton,Move,626,512
87.799,87.799,NoButton,Move,601,516
87.817,87.817,NoButton,Move,574,518
87.834,87.834,NoButton,Move,548,522
87.85,87.85,NoButton,Move,530,523
87.867,87.867,NoButton,Move,512,524
87.885,87.885,NoButton,Move,497,524
87.9,87.9,NoButton,Move,484,522
87.917,87.917,NoButton,Move,472,519
87.934,87.934,NoButton,Move,462,516
87.951,87.951,NoButton,Move,453,513
87.967,87.967,NoButton,Move,448,511
87.984,87.984,NoButton,Move,444,508
88.001,88.001,NoButton,Move,441,506
88.017,88.017,NoButton,Move,440,504
88.034,88.034,NoButton,Move,440,503
88.05,88.05,NoButton,Move,440,499
88.067,88.067,NoButton,Move,440,495
88.084,88.084,NoButton,Move,451,482
88.1,88.1,NoButton,Move,460,474
88.117,88.117,NoButton,Move,467,469
88.132,88.132,NoButton,Move,474,465
88.15,88.15,NoButton,Move,477,463
88.167,88.167,NoButton,Move,479,462
88.197,88.197,Left,Pressed,479,462
88.2,88.2,NoButton,Move,479,462
88.28,88.28,Left,Released,479,462
88.479,88.479,NoButton,Move,479,464
88.486,88.486,NoButton,Move,479,467
88.501,88.501,NoButton,Move,479,469
88.516,88.516,NoButton,Move,479,475
88.534,88.534,NoButton,Move,478,480
88.55,88.55,NoButton,Move,475,484
88.568,88.568,NoButton,Move,468,493
88.584,88.584,NoButton,Move,466,495
88.601,88.601,NoButton,Move,457,503
88.617,88.617,NoButton,Move,451,508
88.634,88.634,NoButton,Move,445,515
88.65,88.65,NoButton,Move,442,517
88.667,88.667,NoButton,Move,435,523
88.684,88.684,NoButton,Move,431,526
88.7,88.7,NoButton,Move,425,527
88.717,88.717,NoButton,Move,421,527
88.735,88.735,NoButton,Move,416,521
88.75,88.75,NoButton,Move,412,517
88.767,88.767,NoButton,Move,409,512
88.784,88.784,NoButton,Move,407,508
88.8,88.8,NoButton,Move,405,505
88.818,88.818,NoButton,Move,405,503
88.834,88.834,NoButton,Move,404,502
88.851,88.851,NoButton,Move,404,501
88.931,88.931,Left,Pressed,404,501
88.951,88.951,NoButton,Move,404,501
89.032,89.032,Left,Released,404,501
90.877,90.877,NoButton,Move,402,506
90.899,90.899,NoButton,Move,398,519
90.916,90.916,NoButton,Move,396,528
90.933,90.933,NoButton,Move,396,534
90.95,90.95,NoButton,Move,394,544
90.967,90.967,NoButton,Move,393,553
90.985,90.985,NoButton,Move,392,559
91,91,NoButton,Move,391,565
91.017,91.017,NoButton,Move,389,570
91.033,91.033,NoButton,Move,388,574
91.05,91.05,NoButton,Move,387,577
91.067,91.067,NoButton,Move,386,578
91.084,91.084,NoButton,Move,385,578
91.099,91.099,NoButton,Move,385,579
91.114,91.114,Left,Pressed,385,579
91.2,91.2,NoButton,Move,385,579
91.204,91.204,Left,Released,385,579
99.447,99.447,NoButton,Move,385,583
99.467,99.467,NoButton,Move,389,602
99.483,99.483,NoButton,Move,391,608
99.5,99.5,NoButton,Move,394,613
99.517,99.517,NoButton,Move,396,616
99.533,99.533,NoButton,Move,400,624
99.55,99.55,NoButton,Move,401,629
99.567,99.567,NoButton,Move,403,634
99.584,99.584,NoButton,Move,404,639
99.6,99.6,NoButton,Move,405,644
99.616,99.616,NoButton,Move,405,648
99.633,99.633,NoButton,Move,405,651
99.65,99.65,NoButton,Move,405,651
99.667,99.667,NoButton,Move,405,652
99.764,99.764,Left,Pressed,405,652
99.847,99.847,Left,Released,405,652
100.322,100.322,NoButton,Move,406,652
100.335,100.335,NoButton,Move,407,652
100.35,100.35,NoButton,Move,410,652
100.367,100.367,NoButton,Move,413,652
100.384,100.384,NoButton,Move,415,653
100.401,100.401,NoButton,Move,416,653
100.417,100.417,NoButton,Move,417,653
100.434,100.434,NoButton,Move,418,653
100.45,100.45,NoButton,Move,418,653
100.467,100.467,NoButton,Move,418,653
100.912,100.912,NoButton,Move,418,653
100.933,100.933,NoButton,Move,418,647
100.95,100.95,NoButton,Move,418,632
100.968,100.968,NoButton,Move,421,598
100.984,100.984,NoButton,Move,424,554
101,101,NoButton,Move,430,474
101.017,101.017,NoButton,Move,437,416
101.033,101.033,NoButton,Move,439,405
101.05,101.05,NoButton,Move,440,394
101.575,101.575,NoButton,Move,440,395
101.601,101.601,NoButton,Move,444,408
101.617,101.617,NoButton,Move,446,416
101.635,101.635,NoButton,Move,446,424
101.651,101.651,NoButton,Move,447,435
101.668,101.668,NoButton,Move,448,447
101.683,101.683,NoButton,Move,448,454
101.7,101.7,NoButton,Move,448,459
101.718,101.718,NoButton,Move,448,462
101.734,101.734,NoButton,Move,448,463
101.747,101.747,Left,Pressed,448,463
101.751,101.751,Left,Released,448,463
103.771,103.771,NoButton,Move,437,552
103.783,103.783,NoButton,Move,437,552
104.367,104.367,NoButton,Move,437,553
104.384,104.384,NoButton,Move,437,564
104.401,104.401,NoButton,Move,439,575
104.416,104.416,NoButton,Move,440,589
104.433,104.433,NoButton,Move,441,603
104.45,104.45,NoButton,Move,444,631
104.467,104.467,NoButton,Move,446,651
104.484,104.484,NoButton,Move,446,683
104.5,104.5,NoButton,Move,446,697
104.516,104.516,NoButton,Move,446,712
104.532,104.532,NoButton,Move,446,720
104.55,104.55,NoButton,Move,446,727
104.566,104.566,NoButton,Move,446,731
104.584,104.584,NoButton,Move,445,733
104.6,104.6,NoButton,Move,445,733
104.617,104.617,NoButton,Move,445,734
104.669,104.669,NoButton,Move,444,734
104.685,104.685,NoButton,Move,444,733
104.7,104.7,NoButton,Move,444,733
104.717,104.717,NoButton,Move,444,729
104.733,104.733,NoButton,Move,444,724
104.749,104.749,NoButton,Move,444,716
104.767,104.767,NoButton,Move,445,712
104.784,104.784,NoButton,Move,446,706
104.8,104.8,NoButton,Move,447,704
104.817,104.817,NoButton,Move,447,702
104.833,104.833,NoButton,Move,447,701
104.85,104.85,NoButton,Move,447,700
104.867,104.867,NoButton,Move,447,699
104.882,104.882,NoButton,Move,447,698
104.9,104.9,NoButton,Move,448,697
104.917,104.917,NoButton,Move,448,696
104.934,104.934,NoButton,Move,448,696
104.951,104.951,NoButton,Move,448,695
104.982,104.982,Left,Pressed,448,695
105,105,NoButton,Move,448,695
105.062,105.062,Left,Released,448,695
105.521,105.521,NoButton,Move,448,694
105.534,105.534,NoButton,Move,449,689
105.55,105.55,NoButton,Move,459,675
105.567,105.567,NoButton,Move,474,660
105.583,105.583,NoButton,Move,496,638
105.601,105.601,NoButton,Move,534,607
105.617,105.617,NoButton,Move,576,578
105.634,105.634,NoButton,Move,603,561
105.649,105.649,NoButton,Move,627,546
105.666,105.666,NoButton,Move,650,532
105.683,105.683,NoButton,Move,660,525
105.7,105.7,NoButton,Move,670,517
105.717,105.717,NoButton,Move,674,510
105.733,105.733,NoButton,Move,674,507
105.75,105.75,NoButton,Move,672,506
105.767,105.767,NoButton,Move,670,505
105.783,105.783,NoButton,Move,668,505
105.8,105.8,NoButton,Move,666,504
105.817,105.817,NoButton,Move,666,504
105.833,105.833,NoButton,Move,666,503
105.85,105.85,NoButton,Move,666,502
105.866,105.866,NoButton,Move,666,501
105.883,105.883,NoButton,Move,666,500
105.9,105.9,NoButton,Move,666,499
105.918,105.918,NoButton,Move,666,499
105.933,105.933,NoButton,Move,666,499
105.95,105.95,NoButton,Move,666,499
105.963,105.963,Left,Pressed,666,499
106.129,106.129,Left,Released,666,499
108.3,108.3,NoButton,Move,666,498
108.317,108.317,NoButton,Move,664,496
108.334,108.334,NoButton,Move,659,491
108.35,108.35,NoButton,Move,647,482
108.367,108.367,NoButton,Move,641,477
108.384,108.384,NoButton,Move,635,474
108.399,108.399,NoButton,Move,633,472
108.417,108.417,NoButton,Move,629,470
108.432,108.432,NoButton,Move,628,469
108.449,108.449,NoButton,Move,627,468
108.467,108.467,NoButton,Move,626,468
108.483,108.483,NoButton,Move,626,467
108.5,108.5,NoButton,Move,625,466
108.516,108.516,NoButton,Move,625,465
108.53,108.53,Left,Pressed,625,465
108.697,108.697,Left,Released,625,465
109.226,109.226,NoButton,Move,625,465
109.25,109.25,NoButton,Move,622,465
109.267,109.267,NoButton,Move,612,465
109.283,109.283,NoButton,Move,602,465
109.3,109.3,NoButton,Move,584,464
109.316,109.316,NoButton,Move,565,464
109.333,109.333,NoButton,Move,542,463
109.35,109.35,NoButton,Move,518,461
109.366,109.366,NoButton,Move,494,459
109.383,109.383,NoButton,Move,473,456
109.4,109.4,NoButton,Move,460,453
109.417,109.417,NoButton,Move,446,447
109.434,109.434,NoButton,Move,435,442
109.45,109.45,NoButton,Move,430,437
109.467,109.467,NoButton,Move,424,430
109.484,109.484,NoButton,Move,422,427
109.501,109.501,NoButton,Move,421,422
109.517,109.517,NoButton,Move,420,418
109.533,109.533,NoButton,Move,419,415
109.55,109.55,NoButton,Move,419,413
109.567,109.567,NoButton,Move,419,411
109.584,109.584,NoButton,Move,419,411
109.6,109.6,NoButton,Move,419,411
109.767,109.767,NoButton,Move,421,412
109.783,109.783,NoButton,Move,424,415
109.8,109.8,NoButton,Move,430,420
109.817,109.817,NoButton,Move,439,427
109.834,109.834,NoButton,Move,451,442
109.85,109.85,NoButton,Move,460,457
109.868,109.868,NoButton,Move,464,469
109.883,109.883,NoButton,Move,467,483
109.9,109.9,NoButton,Move,469,496
109.917,109.917,NoButton,Move,469,503
109.933,109.933,NoButton,Move,469,509
109.95,109.95,NoButton,Move,467,512
109.967,109.967,NoButton,Move,466,514
109.983,109.983,NoButton,Move,465,515
110.001,110.001,NoButton,Move,464,515
110.017,110.017,NoButton,Move,463,515
110.033,110.033,NoButton,Move,462,515
110.05,110.05,NoButton,Move,461,515
110.066,110.066,NoButton,Move,460,514
110.083,110.083,NoButton,Move,458,510
110.1,110.1,NoButton,Move,456,505
110.117,110.117,NoButton,Move,453,499
110.133,110.133,NoButton,Move,450,490
110.15,110.15,NoButton,Move,447,479
110.166,110.166,NoButton,Move,445,466
110.183,110.183,NoButton,Move,443,454
110.201,110.201,NoButton,Move,443,440
110.217,110.217,NoButton,Move,443,427
110.233,110.233,NoButton,Move,443,416
110.251,110.251,NoButton,Move,443,409
110.266,110.266,NoButton,Move,444,403
110.284,110.284,NoButton,Move,445,399
110.299,110.299,NoButton,Move,445,397
110.316,110.316,NoButton,Move,445,396
110.333,110.333,NoButton,Move,446,396
110.383,110.383,NoButton,Move,446,396
110.601,110.601,NoButton,Move,446,395
110.617,110.617,NoButton,Move,448,391
110.634,110.634,NoButton,Move,452,384
110.651,110.651,NoButton,Move,460,366
110.667,110.667,NoButton,Move,466,353
110.683,110.683,NoButton,Move,469,346
110.701,110.701,NoButton,Move,473,339
110.717,110.717,NoButton,Move,475,335
110.734,110.734,NoButton,Move,476,333
110.75,110.75,NoButton,Move,476,332
110.767,110.767,NoButton,Move,477,332
110.798,110.798,Left,Pressed,477,332
110.801,110.801,Left,Released,477,332
112.803,112.803,NoButton,Move,476,354
112.816,112.816,NoButton,Move,476,354
113.057,113.057,NoButton,Move,476,356
113.083,113.083,NoButton,Move,476,372
113.101,113.101,NoButton,Move,476,392
113.117,113.117,NoButton,Move,476,405
113.134,113.134,NoButton,Move,474,441
113.149,113.149,NoButton,Move,470,462
113.166,113.166,NoButton,Move,465,480
113.182,113.182,NoButton,Move,462,489
113.2,113.2,NoButton,Move,458,496
113.216,113.216,NoButton,Move,457,501
113.233,113.233,NoButton,Move,455,502
113.25,113.25,NoButton,Move,455,503
113.266,113.266,NoButton,Move,455,504
113.335,113.335,NoButton,Move,454,504
113.363,113.363,Left,Pressed,454,504
113.512,113.512,Left,Released,454,504
114.787,114.787,NoButton,Move,454,504
114.8,114.8,NoButton,Move,456,512
114.818,114.818,NoButton,Move,458,518
114.832,114.832,NoButton,Move,459,521
114.849,114.849,NoButton,Move,461,529
114.867,114.867,NoButton,Move,465,543
114.883,114.883,NoButton,Move,467,553
114.9,114.9,NoButton,Move,469,562
114.917,114.917,NoButton,Move,471,571
114.934,114.934,NoButton,Move,473,579
114.95,114.95,NoButton,Move,475,584
114.968,114.968,NoButton,Move,477,588
114.983,114.983,NoButton,Move,478,590
115.001,115.001,NoButton,Move,479,591
115.016,115.016,NoButton,Move,479,591
115.034,115.034,NoButton,Move,479,591
115.121,115.121,NoButton,Move,479,591
115.134,115.134,NoButton,Move,479,591
115.15,115.15,NoButton,Move,479,589
115.167,115.167,NoButton,Move,479,585
115.184,115.184,NoButton,Move,480,577
115.199,115.199,NoButton,Move,480,562
115.217,115.217,NoButton,Move,480,541
115.234,115.234,NoButton,Move,480,514
115.25,115.25,NoButton,Move,480,496
115.267,115.267,NoButton,Move,480,475
115.283,115.283,NoButton,Move,479,457
115.299,115.299,NoButton,Move,479,452
115.316,115.316,NoButton,Move,477,443
115.334,115.334,NoButton,Move,476,440
115.35,115.35,NoButton,Move,475,438
115.366,115.366,NoButton,Move,474,437
115.383,115.383,NoButton,Move,474,437
115.4,115.4,NoButton,Move,473,437
115.417,115.417,NoButton,Move,473,436
115.434,115.434,NoButton,Move,473,436
115.449,115.449,NoButton,Move,473,436
115.467,115.467,NoButton,Move,472,435
115.483,115.483,NoButton,Move,471,434
115.501,115.501,NoButton,Move,470,433
115.517,115.517,NoButton,Move,469,431
115.534,115.534,NoButton,Move,468,429
115.549,115.549,NoButton,Move,467,427
115.566,115.566,NoButton,Move,466,425
115.583,115.583,NoButton,Move,465,422
115.6,115.6,NoButton,Move,464,421
115.617,115.617,NoButton,Move,463,419
115.633,115.633,NoButton,Move,462,418
115.65,115.65,NoButton,Move,462,418
115.667,115.667,NoButton,Move,462,417
115.727,115.727,NoButton,Move,462,417
115.743,115.743,NoButton,Move,461,417
115.752,115.752,NoButton,Move,461,419
115.768,115.768,NoButton,Move,460,427
115.784,115.784,NoButton,Move,459,432
115.8,115.8,NoButton,Move,457,459
115.817,115.817,NoButton,Move,455,482
115.834,115.834,NoButton,Move,454,506
115.85,115.85,NoButton,Move,453,529
115.867,115.867,NoButton,Move,452,543
115.884,115.884,NoButton,Move,450,560
115.9,115.9,NoButton,Move,447,573
115.917,115.917,NoButton,Move,447,581
115.934,115.934,NoButton,Move,445,588
115.95,115.95,NoButton,Move,444,592
115.967,115.967,NoButton,Move,444,594
115.983,115.983,NoButton,Move,444,595
116,116,NoButton,Move,443,596
116.017,116.017,NoButton,Move,443,597
116.033,116.033,NoButton,Move,443,598
116.05,116.05,NoButton,Move,442,600
116.066,116.066,NoButton,Move,442,600
116.083,116.083,NoButton,Move,442,601
116.1,116.1,NoButton,Move,442,601
116.116,116.116,NoButton,Move,442,601
116.133,116.133,NoButton,Move,441,602
116.15,116.15,NoButton,Move,441,602
116.166,116.166,NoButton,Move,440,603
116.183,116.183,NoButton,Move,440,604
116.201,116.201,NoButton,Move,440,604
116.217,116.217,NoButton,Move,440,604
116.233,116.233,NoButton,Move,439,603
116.25,116.25,NoButton,Move,438,600
116.267,116.267,NoButton,Move,438,599
116.283,116.283,NoButton,Move,438,594
116.3,116.3,NoButton,Move,437,592
116.316,116.316,NoButton,Move,437,588
116.333,116.333,NoButton,Move,437,585
116.35,116.35,NoButton,Move,437,582
116.366,116.366,NoButton,Move,437,581
116.383,116.383,NoButton,Move,437,580
116.4,116.4,NoButton,Move,437,580
116.498,116.498,Left,Pressed,437,580
116.662,116.662,Left,Released,437,580
116.799,116.799,NoButton,Move,437,580
116.807,116.807,NoButton,Move,437,580
116.817,116.817,NoButton,Move,439,581
116.834,116.834,NoButton,Move,444,585
116.85,116.85,NoButton,Move,449,589
116.868,116.868,NoButton,Move,455,592
116.883,116.883,NoButton,Move,459,595
116.9,116.9,NoButton,Move,465,596
116.917,116.917,NoButton,Move,469,598
116.933,116.933,NoButton,Move,472,598
121.913,121.913,NoButton,Move,473,604
121.933,121.933,NoButton,Move,480,619
121.949,121.949,NoButton,Move,486,626
121.966,121.966,NoButton,Move,492,631
121.983,121.983,NoButton,Move,498,636
121.999,121.999,NoButton,Move,509,645
122.016,122.016,NoButton,Move,517,652
122.032,122.032,NoButton,Move,521,655
122.05,122.05,NoButton,Move,529,663
122.065,122.065,NoButton,Move,530,664
122.083,122.083,NoButton,Move,532,668
122.1,122.1,NoButton,Move,533,669
122.116,122.116,NoButton,Move,533,670
122.134,122.134,NoButton,Move,534,670
122.15,122.15,NoButton,Move,534,670
122.183,122.183,NoButton,Move,534,670
122.201,122.201,NoButton,Move,534,668
122.216,122.216,NoButton,Move,534,664
122.233,122.233,NoButton,Move,534,660
122.251,122.251,NoButton,Move,533,656
122.267,122.267,NoButton,Move,533,653
122.283,122.283,NoButton,Move,532,650
122.3,122.3,NoButton,Move,532,649
122.317,122.317,NoButton,Move,532,648
122.333,122.333,NoButton,Move,532,647
122.35,122.35,NoButton,Move,532,647
122.366,122.366,NoButton,Move,532,647
122.417,122.417,NoButton,Move,532,647
122.431,122.431,Left,Pressed,532,647
122.798,122.798,Left,Released,532,647
124.073,124.073,NoButton,Move,532,645
124.083,124.083,NoButton,Move,537,640
124.1,124.1,NoButton,Move,548,627
124.116,124.116,NoButton,Move,561,613
124.133,124.133,NoButton,Move,579,593
124.15,124.15,NoButton,Move,601,569
124.167,124.167,NoButton,Move,615,553
124.183,124.183,NoButton,Move,629,536
124.2,124.2,NoButton,Move,636,527
124.216,124.216,NoButton,Move,642,521
124.233,124.233,NoButton,Move,643,519
124.25,124.25,NoButton,Move,645,517
124.266,124.266,NoButton,Move,646,516
124.283,124.283,NoButton,Move,646,516
124.316,124.316,NoButton,Move,646,515
124.333,124.333,NoButton,Move,646,515
124.383,124.383,NoButton,Move,646,514
124.4,124.4,NoButton,Move,647,512
124.416,124.416,NoButton,Move,648,508
124.433,124.433,NoButton,Move,649,503
124.45,124.45,NoButton,Move,651,496
124.466,124.466,NoButton,Move,652,491
124.483,124.483,NoButton,Move,653,489
124.5,124.5,NoButton,Move,654,487
124.517,124.517,NoButton,Move,654,487
124.533,124.533,NoButton,Move,654,486
124.564,124.564,Left,Pressed,654,486
125.363,125.363,NoButton,Move,655,486
125.396,125.396,NoButton,Move,655,486
125.964,125.964,Left,Released,655,486
126.761,126.761,NoButton,Move,655,486
126.783,126.783,NoButton,Move,654,484
126.799,126.799,NoButton,Move,647,476
126.817,126.817,NoButton,Move,643,472
126.833,126.833,NoButton,Move,639,468
126.85,126.85,NoButton,Move,635,465
126.866,126.866,NoButton,Move,634,464
126.883,126.883,NoButton,Move,633,464
126.917,126.917,NoButton,Move,633,464
126.93,126.93,Left,Pressed,633,464
128.247,128.247,Left,Released,633,464
129.488,129.488,NoButton,Move,633,464
129.5,129.5,NoButton,Move,633,463
129.517,129.517,NoButton,Move,633,461
129.533,129.533,NoButton,Move,633,453
129.55,129.55,NoButton,Move,633,446
129.568,129.568,NoButton,Move,631,438
129.584,129.584,NoButton,Move,628,423
129.6,129.6,NoButton,Move,625,416
129.617,129.617,NoButton,Move,614,387
129.634,129.634,NoButton,Move,601,363
129.65,129.65,NoButton,Move,577,329
129.666,129.666,NoButton,Move,559,311
129.684,129.684,NoButton,Move,522,289
129.7,129.7,NoButton,Move,505,285
129.717,129.717,NoButton,Move,485,283
129.733,129.733,NoButton,Move,466,285
129.75,129.75,NoButton,Move,453,291
129.767,129.767,NoButton,Move,443,297
129.782,129.782,NoButton,Move,438,301
129.799,129.799,NoButton,Move,434,304
129.816,129.816,NoButton,Move,432,307
129.833,129.833,NoButton,Move,431,308
129.851,129.851,NoButton,Move,431,309
129.866,129.866,NoButton,Move,431,309
129.897,129.897,Left,Pressed,431,309
129.899,129.899,Left,Released,431,309
133.131,133.131,NoButton,Move,427,382
133.133,133.133,NoButton,Move,427,382
133.149,133.149,NoButton,Move,428,382
133.167,133.167,NoButton,Move,430,382
133.183,133.183,NoButton,Move,433,385
133.199,133.199,NoButton,Move,438,389
133.216,133.216,NoButton,Move,442,392
133.233,133.233,NoButton,Move,445,395
133.249,133.249,NoButton,Move,448,398
133.266,133.266,NoButton,Move,450,401
133.283,133.283,NoButton,Move,451,401
133.295,133.295,Left,Pressed,451,401
133.3,133.3,Left,Released,451,401
139.112,139.112,NoButton,Move,437,409
139.116,139.116,NoButton,Move,437,409
139.133,139.133,NoButton,Move,437,409
139.149,139.149,NoButton,Move,438,414
139.166,139.166,NoButton,Move,441,422
139.183,139.183,NoButton,Move,446,434
139.199,139.199,NoButton,Move,451,453
139.216,139.216,NoButton,Move,454,466
139.233,139.233,NoButton,Move,457,484
139.249,139.249,NoButton,Move,458,499
139.266,139.266,NoButton,Move,458,508
139.284,139.284,NoButton,Move,458,517
139.299,139.299,NoButton,Move,458,521
139.316,139.316,NoButton,Move,458,524
139.333,139.333,NoButton,Move,458,524
139.349,139.349,NoButton,Move,457,525
139.4,139.4,NoButton,Move,457,525
139.425,139.425,NoButton,Move,457,525
139.434,139.434,NoButton,Move,457,524
139.45,139.45,NoButton,Move,456,524
139.466,139.466,NoButton,Move,456,523
139.484,139.484,NoButton,Move,456,522
139.499,139.499,NoButton,Move,456,522
139.516,139.516,NoButton,Move,455,521
139.533,139.533,NoButton,Move,455,521
139.55,139.55,NoButton,Move,455,520
139.566,139.566,NoButton,Move,455,520
139.583,139.583,NoButton,Move,455,519
139.601,139.601,NoButton,Move,455,519
139.616,139.616,NoButton,Move,455,519
139.633,139.633,NoButton,Move,454,518
139.651,139.651,NoButton,Move,454,518
139.666,139.666,NoButton,Move,454,518
139.684,139.684,NoButton,Move,454,517
139.699,139.699,NoButton,Move,453,517
139.716,139.716,NoButton,Move,453,516
139.733,139.733,NoButton,Move,453,516
139.75,139.75,NoButton,Move,453,515
139.767,139.767,NoButton,Move,452,515
139.782,139.782,NoButton,Move,452,514
139.8,139.8,NoButton,Move,451,514
139.816,139.816,NoButton,Move,450,513
139.833,139.833,NoButton,Move,450,513
139.85,139.85,NoButton,Move,450,512
139.866,139.866,NoButton,Move,449,511
139.883,139.883,NoButton,Move,449,511
139.9,139.9,NoButton,Move,448,510
139.916,139.916,NoButton,Move,448,510
139.933,139.933,NoButton,Move,448,509
139.951,139.951,NoButton,Move,448,509
139.966,139.966,NoButton,Move,447,509
139.983,139.983,NoButton,Move,447,508
140,140,NoButton,Move,447,508
140.016,140.016,NoButton,Move,447,508
140.033,140.033,NoButton,Move,447,508
140.05,140.05,NoButton,Move,446,507
140.066,140.066,NoButton,Move,446,507
140.083,140.083,NoButton,Move,446,507
144.115,144.115,Left,Pressed,446,507
144.295,144.295,Left,Released,446,507
145.604,145.604,NoButton,Move,446,508
145.617,145.617,NoButton,Move,446,512
145.633,145.633,NoButton,Move,446,516
145.65,145.65,NoButton,Move,448,521
145.666,145.666,NoButton,Move,451,530
145.683,145.683,NoButton,Move,453,537
145.7,145.7,NoButton,Move,455,544
145.716,145.716,NoButton,Move,457,550
145.733,145.733,NoButton,Move,458,554
145.75,145.75,NoButton,Move,458,558
145.767,145.767,NoButton,Move,458,561
145.784,145.784,NoButton,Move,458,564
145.8,145.8,NoButton,Move,458,567
145.816,145.816,NoButton,Move,458,569
145.833,145.833,NoButton,Move,458,569
145.85,145.85,NoButton,Move,457,570
145.866,145.866,NoButton,Move,457,571
145.883,145.883,NoButton,Move,456,572
145.9,145.9,NoButton,Move,456,572
145.916,145.916,NoButton,Move,456,573
145.933,145.933,NoButton,Move,456,573
145.964,145.964,Left,Pressed,456,573
146.049,146.049,NoButton,Move,455,573
146.128,146.128,Left,Released,455,573
156.912,156.912,NoButton,Move,456,577
156.916,156.916,NoButton,Move,457,580
156.933,156.933,NoButton,Move,458,586
156.948,156.948,NoButton,Move,459,588
156.966,156.966,NoButton,Move,463,601
156.983,156.983,NoButton,Move,465,609
157,157,NoButton,Move,466,614
157.017,157.017,NoButton,Move,466,620
157.032,157.032,NoButton,Move,467,625
157.049,157.049,NoButton,Move,467,631
157.066,157.066,NoButton,Move,467,634
157.083,157.083,NoButton,Move,467,636
157.099,157.099,NoButton,Move,467,637
157.116,157.116,NoButton,Move,467,638
157.132,157.132,NoButton,Move,467,638
157.232,157.232,NoButton,Move,467,638
157.249,157.249,NoButton,Move,467,636
157.266,157.266,NoButton,Move,467,635
157.283,157.283,NoButton,Move,467,633
157.3,157.3,NoButton,Move,467,631
157.316,157.316,NoButton,Move,467,630
157.334,157.334,NoButton,Move,467,630
157.349,157.349,NoButton,Move,467,629
157.368,157.368,NoButton,Move,467,629
157.615,157.615,NoButton,Move,467,629
157.632,157.632,NoButton,Move,467,630
157.649,157.649,NoButton,Move,467,631
157.667,157.667,NoButton,Move,466,632
157.683,157.683,NoButton,Move,466,633
157.699,157.699,NoButton,Move,466,633
157.717,157.717,NoButton,Move,466,634
157.733,157.733,NoButton,Move,466,634
157.75,157.75,NoButton,Move,466,635
157.767,157.767,NoButton,Move,466,635
157.783,157.783,NoButton,Move,465,636
157.868,157.868,NoButton,Move,465,636
158.147,158.147,Left,Pressed,465,636
158.546,158.546,Left,Released,465,636
158.909,158.909,NoButton,Move,465,634
158.933,158.933,NoButton,Move,465,623
158.95,158.95,NoButton,Move,469,605
158.966,158.966,NoButton,Move,491,569
158.983,158.983,NoButton,Move,515,545
158.999,158.999,NoButton,Move,544,523
159.018,159.018,NoButton,Move,572,505
159.033,159.033,NoButton,Move,584,497
159.049,159.049,NoButton,Move,605,483
159.065,159.065,NoButton,Move,611,477
159.082,159.082,NoButton,Move,616,473
159.1,159.1,NoButton,Move,618,470
159.116,159.116,NoButton,Move,618,469
159.133,159.133,NoButton,Move,619,468
159.148,159.148,NoButton,Move,619,468
159.167,159.167,Left,Pressed,619,468
159.312,159.312,Left,Released,619,468
159.383,159.383,NoButton,Move,619,469
159.399,159.399,NoButton,Move,619,472
159.416,159.416,NoButton,Move,619,475
159.434,159.434,NoButton,Move,618,480
159.449,159.449,NoButton,Move,616,482
159.466,159.466,NoButton,Move,615,484
159.482,159.482,NoButton,Move,615,486
159.514,159.514,Left,Pressed,615,486
159.533,159.533,NoButton,Move,615,486
159.596,159.596,Left,Released,615,486
159.867,159.867,NoButton,Move,614,486
159.883,159.883,NoButton,Move,605,482
159.899,159.899,NoButton,Move,596,476
159.918,159.918,NoButton,Move,583,469
159.933,159.933,NoButton,Move,571,464
159.949,159.949,NoButton,Move,564,461
159.966,159.966,NoButton,Move,557,459
159.982,159.982,NoButton,Move,553,458
159.999,159.999,NoButton,Move,551,457
160.016,160.016,NoButton,Move,551,457
160.031,160.031,Left,Pressed,551,457
160.048,160.048,NoButton,Move,551,457
160.128,160.128,Left,Released,551,457
160.391,160.391,NoButton,Move,549,457
160.415,160.415,NoButton,Move,542,455
160.433,160.433,NoButton,Move,537,453
160.45,160.45,NoButton,Move,530,450
160.466,160.466,NoButton,Move,521,446
160.483,160.483,NoButton,Move,511,440
160.499,160.499,NoButton,Move,500,433
160.516,160.516,NoButton,Move,489,426
160.532,160.532,NoButton,Move,482,421
160.549,160.549,NoButton,Move,477,418
160.566,160.566,NoButton,Move,475,416
160.584,160.584,NoButton,Move,474,415
160.599,160.599,NoButton,Move,473,415
160.652,160.652,NoButton,Move,473,415
160.699,160.699,NoButton,Move,473,414
160.716,160.716,NoButton,Move,473,413
160.733,160.733,NoButton,Move,471,408
160.749,160.749,NoButton,Move,470,400
160.766,160.766,NoButton,Move,469,390
160.784,160.784,NoButton,Move,467,371
160.8,160.8,NoButton,Move,466,351
160.816,160.816,NoButton,Move,465,338
160.832,160.832,NoButton,Move,465,329
160.848,160.848,NoButton,Move,465,320
160.866,160.866,NoButton,Move,465,315
160.883,160.883,NoButton,Move,465,314
160.899,160.899,NoButton,Move,465,313
160.916,160.916,NoButton,Move,465,313
160.987,160.987,NoButton,Move,465,313
160.999,160.999,NoButton,Move,465,314
161.016,161.016,NoButton,Move,464,317
161.034,161.034,NoButton,Move,463,321
161.049,161.049,NoButton,Move,462,324
161.066,161.066,NoButton,Move,461,329
161.083,161.083,NoButton,Move,460,335
161.101,161.101,NoButton,Move,459,351
161.116,161.116,NoButton,Move,459,361
161.133,161.133,NoButton,Move,458,385
161.149,161.149,NoButton,Move,458,400
161.166,161.166,NoButton,Move,458,407
161.183,161.183,NoButton,Move,457,412
161.2,161.2,NoButton,Move,457,414
161.216,161.216,NoButton,Move,457,414
161.23,161.23,Left,Pressed,457,414
161.233,161.233,Left,Released,457,414
163.088,163.088,NoButton,Move,447,458
163.098,163.098,NoButton,Move,447,458
163.495,163.495,NoButton,Move,446,461
163.516,163.516,NoButton,Move,446,461
163.543,163.543,NoButton,Move,446,461
163.55,163.55,NoButton,Move,446,459
163.566,163.566,NoButton,Move,446,456
163.583,163.583,NoButton,Move,446,447
163.599,163.599,NoButton,Move,446,434
163.617,163.617,NoButton,Move,446,427
163.633,163.633,NoButton,Move,445,424
163.649,163.649,NoButton,Move,444,423
163.666,163.666,NoButton,Move,444,422
163.697,163.697,Left,Pressed,444,422
163.698,163.698,Left,Released,444,422
164.82,164.82,NoButton,Move,392,479
164.832,164.832,NoButton,Move,372,512
164.85,164.85,NoButton,Move,367,507
164.866,164.866,NoButton,Move,367,505
164.882,164.882,NoButton,Move,366,504
164.899,164.899,NoButton,Move,366,503
164.917,164.917,NoButton,Move,366,503
164.928,164.928,Left,Pressed,366,503
165.028,165.028,Left,Released,366,503
165.803,165.803,NoButton,Move,365,513
165.816,165.816,NoButton,Move,364,533
165.832,165.832,NoButton,Move,364,549
165.849,165.849,NoButton,Move,369,562
165.866,165.866,NoButton,Move,374,570
165.883,165.883,NoButton,Move,377,575
165.9,165.9,NoButton,Move,382,583
165.916,165.916,NoButton,Move,383,584
165.933,165.933,NoButton,Move,384,585
165.95,165.95,NoButton,Move,384,586
165.999,165.999,NoButton,Move,384,586
166.019,166.019,Left,Pressed,384,586
166.097,166.097,Left,Released,384,586
173.427,173.427,NoButton,Move,385,586
173.449,173.449,NoButton,Move,386,585
173.466,173.466,NoButton,Move,388,584
173.482,173.482,NoButton,Move,389,583
173.499,173.499,NoButton,Move,392,582
173.516,173.516,NoButton,Move,393,581
173.532,173.532,NoButton,Move,395,580
173.549,173.549,NoButton,Move,396,579
173.566,173.566,NoButton,Move,396,579
173.583,173.583,NoButton,Move,398,578
173.599,173.599,NoButton,Move,399,578
173.617,173.617,NoButton,Move,399,577
173.633,173.633,NoButton,Move,401,577
173.65,173.65,NoButton,Move,402,577
173.665,173.665,NoButton,Move,403,577
173.682,173.682,NoButton,Move,403,577
173.699,173.699,NoButton,Move,404,577
173.716,173.716,NoButton,Move,404,577
173.977,173.977,NoButton,Move,404,577
173.999,173.999,NoButton,Move,405,577
174.016,174.016,NoButton,Move,407,577
174.032,174.032,NoButton,Move,413,576
174.049,174.049,NoButton,Move,418,574
174.066,174.066,NoButton,Move,426,573
174.082,174.082,NoButton,Move,436,572
174.099,174.099,NoButton,Move,447,572
174.116,174.116,NoButton,Move,457,572
174.132,174.132,NoButton,Move,467,573
174.149,174.149,NoButton,Move,472,574
174.166,174.166,NoButton,Move,477,576
174.183,174.183,NoButton,Move,481,578
174.199,174.199,NoButton,Move,484,581
174.216,174.216,NoButton,Move,485,584
174.233,174.233,NoButton,Move,486,589
174.25,174.25,NoButton,Move,487,594
174.265,174.265,NoButton,Move,487,600
174.283,174.283,NoButton,Move,486,604
174.299,174.299,NoButton,Move,484,607
174.316,174.316,NoButton,Move,481,610
174.333,174.333,NoButton,Move,477,612
174.349,174.349,NoButton,Move,474,614
174.367,174.367,NoButton,Move,470,616
174.384,174.384,NoButton,Move,468,618
174.4,174.4,NoButton,Move,465,621
174.415,174.415,NoButton,Move,463,625
174.433,174.433,NoButton,Move,460,628
174.449,174.449,NoButton,Move,458,632
174.466,174.466,NoButton,Move,456,635
174.482,174.482,NoButton,Move,455,637
174.499,174.499,NoButton,Move,455,637
174.513,174.513,Left,Pressed,455,637
174.549,174.549,NoButton,Move,455,637
174.645,174.645,Left,Released,455,637
174.934,174.934,NoButton,Move,455,636
174.949,174.949,NoButton,Move,465,626
174.966,174.966,NoButton,Move,478,612
174.983,174.983,NoButton,Move,515,582
174.999,174.999,NoButton,Move,561,551
175.016,175.016,NoButton,Move,595,530
175.034,175.034,NoButton,Move,634,506
175.048,175.048,NoButton,Move,641,502
175.066,175.066,NoButton,Move,667,488
175.082,175.082,NoButton,Move,676,483
175.099,175.099,NoButton,Move,680,481
175.115,175.115,NoButton,Move,681,480
175.133,175.133,NoButton,Move,680,480
175.148,175.148,NoButton,Move,675,480
175.166,175.166,NoButton,Move,667,484
175.183,175.183,NoButton,Move,659,489
175.199,175.199,NoButton,Move,653,493
175.216,175.216,NoButton,Move,649,495
175.234,175.234,NoButton,Move,646,496
175.248,175.248,NoButton,Move,645,497
175.266,175.266,NoButton,Move,645,497
175.279,175.279,Left,Pressed,645,497
175.396,175.396,Left,Released,645,497
175.795,175.795,NoButton,Move,644,497
175.816,175.816,NoButton,Move,642,497
175.833,175.833,NoButton,Move,628,487
175.85,175.85,NoButton,Move,620,479
175.866,175.866,NoButton,Move,614,474
175.883,175.883,NoButton,Move,610,470
175.9,175.9,NoButton,Move,608,468
175.93,175.93,Left,Pressed,608,468
175.949,175.949,NoButton,Move,608,467
176.042,176.042,Left,Released,608,467
176.245,176.245,NoButton,Move,607,467
176.252,176.252,NoButton,Move,605,465
176.266,176.266,NoButton,Move,603,463
176.283,176.283,NoButton,Move,596,456
176.299,176.299,NoButton,Move,573,432
176.317,176.317,NoButton,Move,554,413
176.333,176.333,NoButton,Move,527,387
176.35,176.35,NoButton,Move,509,372
176.366,176.366,NoButton,Move,490,356
176.383,176.383,NoButton,Move,484,352
176.399,176.399,NoButton,Move,475,346
176.416,176.416,NoButton,Move,471,343
176.433,176.433,NoButton,Move,469,341
176.449,176.449,NoButton,Move,468,340
176.466,176.466,NoButton,Move,468,340
176.483,176.483,NoButton,Move,468,339
176.499,176.499,NoButton,Move,468,339
176.516,176.516,NoButton,Move,468,338
176.529,176.529,Left,Pressed,468,338
176.533,176.533,Left,Released,468,338
179.363,179.363,NoButton,Move,464,367
179.366,179.366,NoButton,Move,449,345
179.382,179.382,NoButton,Move,466,372
179.399,179.399,NoButton,Move,467,376
179.415,179.415,NoButton,Move,467,379
179.432,179.432,NoButton,Move,468,381
179.449,179.449,NoButton,Move,468,383
179.467,179.467,NoButton,Move,468,384
179.482,179.482,NoButton,Move,468,384
179.499,179.499,NoButton,Move,468,385
179.516,179.516,NoButton,Move,469,386
179.532,179.532,NoButton,Move,469,387
179.55,179.55,NoButton,Move,469,389
179.561,179.561,Left,Pressed,469,389
179.566,179.566,Left,Released,469,389
181.565,181.565,NoButton,Move,465,462
181.565,181.565,NoButton,Move,465,462
181.755,181.755,NoButton,Move,465,463
181.766,181.766,NoButton,Move,465,466
181.783,181.783,NoButton,Move,465,470
181.799,181.799,NoButton,Move,464,475
181.816,181.816,NoButton,Move,462,480
181.833,181.833,NoButton,Move,460,484
181.85,181.85,NoButton,Move,458,487
181.866,181.866,NoButton,Move,457,489
181.883,181.883,NoButton,Move,457,489
181.896,181.896,Left,Pressed,457,489
181.916,181.916,NoButton,Move,457,489
182.042,182.042,Left,Released,457,489
183.057,183.057,NoButton,Move,455,497
183.082,183.082,NoButton,Move,453,512
183.099,183.099,NoButton,Move,453,515
183.116,183.116,NoButton,Move,453,518
183.132,183.132,NoButton,Move,454,520
183.149,183.149,NoButton,Move,455,524
183.166,183.166,NoButton,Move,456,527
183.183,183.183,NoButton,Move,457,530
183.198,183.198,NoButton,Move,457,534
183.215,183.215,NoButton,Move,457,537
183.232,183.232,NoButton,Move,455,542
183.249,183.249,NoButton,Move,453,546
183.266,183.266,NoButton,Move,452,551
183.283,183.283,NoButton,Move,451,557
183.299,183.299,NoButton,Move,449,561
183.315,183.315,NoButton,Move,448,567
183.333,183.333,NoButton,Move,446,572
183.349,183.349,NoButton,Move,445,575
183.367,183.367,NoButton,Move,445,578
183.379,183.379,Left,Pressed,445,578
183.482,183.482,NoButton,Move,444,578
183.485,183.485,Left,Released,444,578
188.259,188.259,NoButton,Move,445,582
188.282,188.282,NoButton,Move,449,589
188.299,188.299,NoButton,Move,453,594
188.399,188.399,NoButton,Move,582,634
188.416,188.416,NoButton,Move,611,632
188.432,188.432,NoButton,Move,637,625
188.449,188.449,NoButton,Move,653,619
188.466,188.466,NoButton,Move,670,610
188.483,188.483,NoButton,Move,678,606
188.499,188.499,NoButton,Move,685,604
188.515,188.515,NoButton,Move,689,603
188.533,188.533,NoButton,Move,689,603
188.549,188.549,NoButton,Move,690,605
188.566,188.566,NoButton,Move,689,609
188.583,188.583,NoButton,Move,687,613
188.6,188.6,NoButton,Move,685,617
188.616,188.616,NoButton,Move,682,621
188.633,188.633,NoButton,Move,680,624
188.649,188.649,NoButton,Move,679,626
188.665,188.665,NoButton,Move,678,627
188.683,188.683,NoButton,Move,677,628
188.699,188.699,NoButton,Move,676,630
188.715,188.715,NoButton,Move,675,633
188.733,188.733,NoButton,Move,674,635
188.748,188.748,NoButton,Move,673,636
188.766,188.766,NoButton,Move,673,637
188.78,188.78,Left,Pressed,673,637
188.788,188.788,NoButton,Move,673,637
188.928,188.928,Left,Released,673,637
188.932,188.932,NoButton,Move,673,637
189.216,189.216,NoButton,Move,673,636
189.232,189.232,NoButton,Move,673,634
189.249,189.249,NoButton,Move,677,619
189.266,189.266,NoButton,Move,684,603
189.282,189.282,NoButton,Move,691,584
189.299,189.299,NoButton,Move,699,564
189.316,189.316,NoButton,Move,703,550
189.333,189.333,NoButton,Move,705,540
189.349,189.349,NoButton,Move,706,529
189.367,189.367,NoButton,Move,707,524
189.382,189.382,NoButton,Move,708,522
189.4,189.4,NoButton,Move,708,521
189.415,189.415,NoButton,Move,708,521
189.432,189.432,NoButton,Move,708,521
189.449,189.449,NoButton,Move,708,521
189.481,189.481,NoButton,Move,708,520
189.499,189.499,NoButton,Move,708,520
189.675,189.675,NoButton,Move,708,520
189.683,189.683,NoButton,Move,708,519
189.699,189.699,NoButton,Move,707,518
189.715,189.715,NoButton,Move,707,517
189.733,189.733,NoButton,Move,706,514
189.75,189.75,NoButton,Move,705,512
189.766,189.766,NoButton,Move,704,510
189.782,189.782,NoButton,Move,703,508
189.799,189.799,NoButton,Move,703,507
189.816,189.816,NoButton,Move,703,507
189.831,189.831,NoButton,Move,702,506
189.863,189.863,NoButton,Move,702,506
189.921,189.921,NoButton,Move,702,506
189.966,189.966,NoButton,Move,702,506
189.982,189.982,NoButton,Move,701,506
189.998,189.998,NoButton,Move,701,506
190.016,190.016,NoButton,Move,701,506
190.032,190.032,NoButton,Move,700,506
190.049,190.049,NoButton,Move,700,506
190.24,190.24,NoButton,Move,700,506
190.249,190.249,NoButton,Move,700,505
190.266,190.266,NoButton,Move,698,504
190.281,190.281,NoButton,Move,697,502
190.298,190.298,NoButton,Move,695,500
190.316,190.316,NoButton,Move,694,499
190.332,190.332,NoButton,Move,693,499
190.349,190.349,NoButton,Move,692,498
190.379,190.379,Left,Pressed,692,498
190.679,190.679,Left,Released,692,498
193.155,193.155,NoButton,Move,691,498
193.199,193.199,NoButton,Move,662,493
193.215,193.215,NoButton,Move,641,482
193.233,193.233,NoButton,Move,627,472
193.249,193.249,NoButton,Move,614,464
193.265,193.265,NoButton,Move,604,457
193.282,193.282,NoButton,Move,600,454
193.299,193.299,NoButton,Move,598,452
193.315,193.315,NoButton,Move,597,452
193.332,193.332,NoButton,Move,597,452
193.346,193.346,Left,Pressed,597,452
193.512,193.512,Left,Released,597,452
194.168,194.168,NoButton,Move,596,452
194.182,194.182,NoButton,Move,594,451
194.199,194.199,NoButton,Move,588,449
194.215,194.215,NoButton,Move,580,445
194.232,194.232,NoButton,Move,569,442
194.249,194.249,NoButton,Move,557,439
194.265,194.265,NoButton,Move,538,433
194.282,194.282,NoButton,Move,520,430
194.299,194.299,NoButton,Move,500,425
194.315,194.315,NoButton,Move,488,422
194.332,194.332,NoButton,Move,475,419
194.348,194.348,NoButton,Move,473,419
194.366,194.366,NoButton,Move,469,418
194.382,194.382,NoButton,Move,468,418
194.399,194.399,NoButton,Move,468,418
194.455,194.455,NoButton,Move,468,417
194.466,194.466,NoButton,Move,468,417
194.481,194.481,NoButton,Move,468,415
194.498,194.498,NoButton,Move,468,410
194.516,194.516,NoButton,Move,468,401
194.532,194.532,NoButton,Move,468,384
194.549,194.549,NoButton,Move,470,371
194.566,194.566,NoButton,Move,472,355
194.583,194.583,NoButton,Move,475,342
194.599,194.599,NoButton,Move,476,335
194.616,194.616,NoButton,Move,478,329
194.632,194.632,NoButton,Move,480,326
194.649,194.649,NoButton,Move,480,325
194.666,194.666,NoButton,Move,481,324
194.683,194.683,NoButton,Move,481,324
194.699,194.699,NoButton,Move,481,323
194.726,194.726,NoButton,Move,481,323
194.765,194.765,NoButton,Move,481,323
194.782,194.782,NoButton,Move,481,323
194.799,194.799,NoButton,Move,481,322
194.816,194.816,NoButton,Move,481,322
195.226,195.226,NoButton,Move,481,323
195.249,195.249,NoButton,Move,481,329
195.266,195.266,NoButton,Move,481,343
195.283,195.283,NoButton,Move,480,364
195.303,195.303,NoButton,Move,477,380
195.316,195.316,NoButton,Move,474,393
195.332,195.332,NoButton,Move,471,401
195.349,195.349,NoButton,Move,468,407
195.366,195.366,NoButton,Move,466,412
195.383,195.383,NoButton,Move,465,414
195.399,195.399,NoButton,Move,465,415
195.416,195.416,NoButton,Move,464,416
195.447,195.447,Left,Pressed,464,416
195.449,195.449,Left,Released,464,416
195.466,195.466,NoButton,Move,464,416
197.393,197.393,NoButton,Move,82,248
197.399,197.399,NoButton,Move,82,248
197.756,197.756,NoButton,Move,82,248
197.766,197.766,NoButton,Move,81,247
197.783,197.783,NoButton,Move,80,246
197.799,197.799,NoButton,Move,79,245
197.816,197.816,NoButton,Move,78,244
197.832,197.832,NoButton,Move,77,244
197.849,197.849,NoButton,Move,77,243
197.863,197.863,Left,Pressed,77,243
197.882,197.882,NoButton,Move,77,243
198.014,198.014,Left,Released,77,243
199.19,199.19,NoButton,Move,78,243
199.216,199.216,NoButton,Move,90,248
199.24,199.24,NoButton,Move,151,275
199.248,199.248,NoButton,Move,178,287
199.265,199.265,NoButton,Move,238,318
199.282,199.282,NoButton,Move,295,349
199.298,199.298,NoButton,Move,329,368
199.316,199.316,NoButton,Move,351,381
199.331,199.331,NoButton,Move,355,383
199.656,199.656,NoButton,Move,357,383
199.681,199.681,NoButton,Move,383,384
199.698,199.698,NoButton,Move,433,384
199.715,199.715,NoButton,Move,545,384
199.732,199.732,NoButton,Move,666,384
199.749,199.749,NoButton,Move,814,392
199.767,199.767,NoButton,Move,908,408
199.781,199.781,NoButton,Move,977,420
199.799,199.799,NoButton,Move,1013,430
199.815,199.815,NoButton,Move,1019,432
200.188,200.188,NoButton,Move,1021,432
200.199,200.199,NoButton,Move,1024,432
200.216,200.216,NoButton,Move,1035,430
200.233,200.233,NoButton,Move,1054,427
200.249,200.249,NoButton,Move,1085,422
200.267,200.267,NoButton,Move,1118,418
200.283,200.283,NoButton,Move,1159,415
200.299,200.299,NoButton,Move,1197,415
200.315,200.315,NoButton,Move,1221,415
200.332,200.332,NoButton,Move,1243,416
200.349,200.349,NoButton,Move,1254,417
200.366,200.366,NoButton,Move,1262,418
200.382,200.382,NoButton,Move,1265,419
200.399,200.399,NoButton,Move,1266,419
200.415,200.415,NoButton,Move,1267,419
200.532,200.532,NoButton,Move,1266,419
200.539,200.539,NoButton,Move,1266,419
200.549,200.549,NoButton,Move,1265,419
200.566,200.566,NoButton,Move,1262,419
200.583,200.583,NoButton,Move,1255,419
200.599,200.599,NoButton,Move,1242,419
200.616,200.616,NoButton,Move,1223,419
200.633,200.633,NoButton,Move,1199,419
200.648,200.648,NoButton,Move,1172,418
200.665,200.665,NoButton,Move,1145,417
200.682,200.682,NoButton,Move,1130,415
200.699,200.699,NoButton,Move,1109,415
200.716,200.716,NoButton,Move,1090,415
200.733,200.733,NoButton,Move,1072,414
200.749,200.749,NoButton,Move,1056,413
200.766,200.766,NoButton,Move,1038,410
200.783,200.783,NoButton,Move,1024,408
200.798,200.798,NoButton,Move,1012,405
200.815,200.815,NoButton,Move,1006,404
201.276,201.276,NoButton,Move,1005,404
201.298,201.298,NoButton,Move,999,405
201.316,201.316,NoButton,Move,989,406
201.333,201.333,NoButton,Move,969,408
201.348,201.348,NoButton,Move,940,409
201.366,201.366,NoButton,Move,905,409
201.383,201.383,NoButton,Move,854,409
201.415,201.415,NoButton,Move,809,409
201.432,201.432,NoButton,Move,793,409
201.449,201.449,NoButton,Move,782,409
201.465,201.465,NoButton,Move,775,409
201.482,201.482,NoButton,Move,770,409
201.499,201.499,NoButton,Move,766,409
201.515,201.515,NoButton,Move,764,409
201.532,201.532,NoButton,Move,762,409
201.549,201.549,NoButton,Move,761,409
201.566,201.566,NoButton,Move,760,409
201.583,201.583,NoButton,Move,759,409
201.599,201.599,NoButton,Move,759,409
201.695,201.695,NoButton,Move,758,409
201.702,201.702,NoButton,Move,758,409
201.715,201.715,NoButton,Move,758,410
201.732,201.732,NoButton,Move,758,412
201.749,201.749,NoButton,Move,757,414
201.766,201.766,NoButton,Move,757,415
201.782,201.782,NoButton,Move,757,416
201.796,201.796,Left,Pressed,757,416
201.815,201.815,NoButton,Move,757,416
201.962,201.962,Left,Released,757,416
202.374,202.374,NoButton,Move,757,416
202.382,202.382,NoButton,Move,757,419
202.399,202.399,NoButton,Move,757,421
202.417,202.417,NoButton,Move,757,428
202.432,202.432,NoButton,Move,757,436
202.449,202.449,NoButton,Move,755,444
202.465,202.465,NoButton,Move,750,453
202.482,202.482,NoButton,Move,743,461
202.499,202.499,NoButton,Move,735,467
202.515,202.515,NoButton,Move,726,472
202.532,202.532,NoButton,Move,720,475
202.549,202.549,NoButton,Move,713,477
202.566,202.566,NoButton,Move,709,479
202.582,202.582,NoButton,Move,706,479
202.599,202.599,NoButton,Move,705,480
202.616,202.616,NoButton,Move,704,480
202.631,202.631,NoButton,Move,704,480
202.649,202.649,NoButton,Move,704,480
204.202,204.202,NoButton,Move,705,488
204.216,204.216,NoButton,Move,709,498
204.232,204.232,NoButton,Move,713,510
204.249,204.249,NoButton,Move,717,521
204.265,204.265,NoButton,Move,720,529
204.282,204.282,NoButton,Move,723,545
204.299,204.299,NoButton,Move,725,556
204.315,204.315,NoButton,Move,725,565
204.332,204.332,NoButton,Move,725,573
204.349,204.349,NoButton,Move,725,578
204.366,204.366,NoButton,Move,725,582
204.382,204.382,NoButton,Move,724,584
204.399,204.399,NoButton,Move,723,584
204.416,204.416,NoButton,Move,723,585
204.431,204.431,NoButton,Move,723,585
204.462,204.462,NoButton,Move,723,585
204.502,204.502,NoButton,Move,722,585
204.897,204.897,Left,Pressed,722,585
205.077,205.077,Left,Released,722,585
211.367,211.367,NoButton,Move,724,588
211.381,211.381,NoButton,Move,731,598
211.399,211.399,NoButton,Move,741,609
211.415,211.415,NoButton,Move,749,614
211.431,211.431,NoButton,Move,765,622
211.449,211.449,NoButton,Move,786,630
211.464,211.464,NoButton,Move,800,632
211.481,211.481,NoButton,Move,816,635
211.498,211.498,NoButton,Move,823,636
211.515,211.515,NoButton,Move,828,636
211.532,211.532,NoButton,Move,831,636
211.548,211.548,NoButton,Move,832,636
211.566,211.566,NoButton,Move,832,636
211.582,211.582,NoButton,Move,833,636
211.78,211.78,Left,Pressed,833,636
212.645,212.645,Left,Released,833,636
213.373,213.373,NoButton,Move,833,635
213.399,213.399,NoButton,Move,832,628
213.415,213.415,NoButton,Move,830,621
213.432,213.432,NoButton,Move,828,612
213.449,213.449,NoButton,Move,825,602
213.465,213.465,NoButton,Move,822,595
213.482,213.482,NoButton,Move,810,565
213.499,213.499,NoButton,Move,793,530
213.515,213.515,NoButton,Move,768,489
213.532,213.532,NoButton,Move,737,435
213.549,213.549,NoButton,Move,701,371
215.567,215.567,NoButton,Move,700,375
215.582,215.582,NoButton,Move,699,381
215.599,215.599,NoButton,Move,695,395
215.616,215.616,NoButton,Move,688,407
215.632,215.632,NoButton,Move,659,432
215.649,215.649,NoButton,Move,591,464
215.665,215.665,NoButton,Move,503,480
215.682,215.682,NoButton,Move,374,482
215.698,215.698,NoButton,Move,234,465
215.715,215.715,NoButton,Move,148,441
215.732,215.732,NoButton,Move,89,417
215.749,215.749,NoButton,Move,54,399
215.766,215.766,NoButton,Move,30,382
215.781,215.781,NoButton,Move,24,372
215.976,215.976,NoButton,Move,24,371
215.984,215.984,NoButton,Move,24,369
215.999,215.999,NoButton,Move,26,367
216.015,216.015,NoButton,Move,32,361
216.032,216.032,NoButton,Move,37,356
216.049,216.049,NoButton,Move,59,332
216.065,216.065,NoButton,Move,68,321
216.082,216.082,NoButton,Move,73,314
216.098,216.098,NoButton,Move,78,308
216.115,216.115,NoButton,Move,81,305
216.132,216.132,NoButton,Move,82,303
216.149,216.149,NoButton,Move,82,302
216.165,216.165,NoButton,Move,83,302
216.181,216.181,NoButton,Move,83,301
216.199,216.199,NoButton,Move,83,300
216.215,216.215,NoButton,Move,83,299
216.231,216.231,NoButton,Move,83,298
216.248,216.248,NoButton,Move,83,296
216.265,216.265,NoButton,Move,84,294
216.282,216.282,NoButton,Move,84,291
216.299,216.299,NoButton,Move,84,290
216.312,216.312,Left,Pressed,84,290
216.332,216.332,NoButton,Move,84,290
216.412,216.412,Left,Released,84,290
216.681,216.681,NoButton,Move,85,290
216.688,216.688,NoButton,Move,88,290
216.699,216.699,NoButton,Move,92,290
216.715,216.715,NoButton,Move,105,289
216.732,216.732,NoButton,Move,141,286
216.75,216.75,NoButton,Move,189,283
216.765,216.765,NoButton,Move,284,282
216.782,216.782,NoButton,Move,378,282
216.799,216.799,NoButton,Move,481,296
216.815,216.815,NoButton,Move,540,308
216.832,216.832,NoButton,Move,563,315
216.849,216.849,NoButton,Move,598,325
217.311,217.311,Left,Pressed,598,325
217.462,217.462,Left,Released,598,325
217.901,217.901,NoButton,Move,598,326
217.915,217.915,NoButton,Move,598,327
217.931,217.931,NoButton,Move,598,329
217.949,217.949,NoButton,Move,598,334
217.965,217.965,NoButton,Move,599,339
217.981,217.981,NoButton,Move,600,344
217.998,217.998,NoButton,Move,600,346
218.015,218.015,NoButton,Move,601,354
218.032,218.032,NoButton,Move,602,356
218.049,218.049,NoButton,Move,602,360
218.065,218.065,NoButton,Move,602,362
218.082,218.082,NoButton,Move,602,362
218.099,218.099,NoButton,Move,602,363
218.115,218.115,NoButton,Move,603,364
218.133,218.133,NoButton,Move,603,366
218.149,218.149,NoButton,Move,603,366
218.165,218.165,NoButton,Move,603,367
218.182,218.182,NoButton,Move,603,367
218.412,218.412,Left,Pressed,603,367
218.562,218.562,Left,Released,603,367
218.999,218.999,NoButton,Move,603,368
219.015,219.015,NoButton,Move,606,372
219.032,219.032,NoButton,Move,620,392
219.049,219.049,NoButton,Move,656,442
219.065,219.065,NoButton,Move,698,502
219.082,219.082,NoButton,Move,737,559
219.1,219.1,NoButton,Move,763,596
219.114,219.114,NoButton,Move,780,622
219.132,219.132,NoButton,Move,790,638
219.149,219.149,NoButton,Move,797,651
219.166,219.166,NoButton,Move,799,657
219.182,219.182,NoButton,Move,800,660
219.199,219.199,NoButton,Move,800,660
219.216,219.216,NoButton,Move,800,661
219.232,219.232,NoButton,Move,799,661
219.249,219.249,NoButton,Move,798,661
219.266,219.266,NoButton,Move,797,661
219.282,219.282,NoButton,Move,796,661
219.299,219.299,NoButton,Move,796,661
219.316,219.316,NoButton,Move,794,661
219.333,219.333,NoButton,Move,792,660
219.349,219.349,NoButton,Move,792,660
219.365,219.365,NoButton,Move,791,659
219.382,219.382,NoButton,Move,790,658
219.399,219.399,NoButton,Move,790,658
219.415,219.415,NoButton,Move,790,658
219.447,219.447,NoButton,Move,789,658
219.455,219.455,NoButton,Move,789,658
219.465,219.465,NoButton,Move,789,659
219.482,219.482,NoButton,Move,787,660
219.499,219.499,NoButton,Move,786,662
219.515,219.515,NoButton,Move,785,664
219.532,219.532,NoButton,Move,784,665
219.548,219.548,NoButton,Move,784,666
219.565,219.565,NoButton,Move,783,666
219.582,219.582,NoButton,Move,783,666
219.746,219.746,Left,Pressed,783,666
219.828,219.828,Left,Released,783,666
220.045,220.045,NoButton,Move,783,666
220.053,220.053,NoButton,Move,783,665
220.065,220.065,NoButton,Move,783,663
220.082,220.082,NoButton,Move,786,657
220.098,220.098,NoButton,Move,789,649
220.116,220.116,NoButton,Move,793,638
220.132,220.132,NoButton,Move,800,621
220.149,220.149,NoButton,Move,805,602
220.166,220.166,NoButton,Move,811,581
220.182,220.182,NoButton,Move,814,564
220.199,220.199,NoButton,Move,816,546
220.216,220.216,NoButton,Move,817,532
220.233,220.233,NoButton,Move,817,519
220.696,220.696,Scroll,Down,0,1
220.716,220.716,Scroll,Down,0,6
220.732,220.732,Scroll,Down,0,4
220.749,220.749,Scroll,Down,0,4
220.766,220.766,Scroll,Down,0,4
220.782,220.782,Scroll,Down,0,3
220.799,220.799,Scroll,Down,0,2
220.815,220.815,Scroll,Down,0,2
220.832,220.832,Scroll,Down,0,1
220.848,220.848,Scroll,Down,0,1
220.866,220.866,Scroll,Down,0,1
220.882,220.882,Scroll,Down,0,1
220.914,220.914,Scroll,Down,0,1
220.932,220.932,Scroll,Down,0,1
221.531,221.531,NoButton,Move,817,517
221.548,221.548,NoButton,Move,816,513
221.565,221.565,NoButton,Move,810,504
221.581,221.581,NoButton,Move,797,488
221.599,221.599,NoButton,Move,779,468
221.616,221.616,NoButton,Move,760,450
221.632,221.632,NoButton,Move,749,441
221.649,221.649,NoButton,Move,741,435
221.665,221.665,NoButton,Move,733,431
221.682,221.682,NoButton,Move,729,428
221.698,221.698,NoButton,Move,727,427
221.715,221.715,NoButton,Move,726,426
222.247,222.247,Left,Pressed,726,426
222.395,222.395,Left,Released,726,426
222.782,222.782,NoButton,Move,726,426
222.798,222.798,NoButton,Move,728,427
222.815,222.815,NoButton,Move,732,431
222.833,222.833,NoButton,Move,744,440
222.847,222.847,NoButton,Move,757,451
222.864,222.864,NoButton,Move,774,468
222.881,222.881,NoButton,Move,803,502
222.898,222.898,NoButton,Move,823,528
222.915,222.915,NoButton,Move,856,581
222.933,222.933,NoButton,Move,872,611
222.949,222.949,NoButton,Move,886,637
222.965,222.965,NoButton,Move,898,658
222.982,222.982,NoButton,Move,902,669
223.501,223.501,NoButton,Move,902,669
223.515,223.515,NoButton,Move,899,669
223.532,223.532,NoButton,Move,895,669
223.548,223.548,NoButton,Move,890,667
223.565,223.565,NoButton,Move,885,666
223.582,223.582,NoButton,Move,881,665
223.599,223.599,NoButton,Move,878,665
223.617,223.617,NoButton,Move,871,664
223.631,223.631,NoButton,Move,869,664
223.648,223.648,NoButton,Move,866,664
223.665,223.665,NoButton,Move,864,664
223.682,223.682,NoButton,Move,863,664
223.697,223.697,NoButton,Move,862,664
223.714,223.714,NoButton,Move,861,664
229.196,229.196,NoButton,Move,861,664
229.215,229.215,NoButton,Move,860,665
229.232,229.232,NoButton,Move,859,666
229.249,229.249,NoButton,Move,859,666
229.265,229.265,NoButton,Move,859,666
229.282,229.282,NoButton,Move,858,666
229.301,229.301,NoButton,Move,858,666
229.348,229.348,NoButton,Move,858,666
229.396,229.396,Left,Pressed,858,666
229.415,229.415,NoButton,Move,858,666
229.511,229.511,Left,Released,858,666
229.715,229.715,NoButton,Move,858,663
229.732,229.732,NoButton,Move,858,654
229.748,229.748,NoButton,Move,859,636
229.766,229.766,NoButton,Move,865,599
229.783,229.783,NoButton,Move,870,558
229.799,229.799,NoButton,Move,875,523
229.816,229.816,NoButton,Move,881,471
229.832,229.832,NoButton,Move,885,427
229.849,229.849,NoButton,Move,888,389
229.864,229.864,NoButton,Move,889,370
229.881,229.881,NoButton,Move,891,351
229.897,229.897,NoButton,Move,892,344
229.915,229.915,NoButton,Move,893,336
229.931,229.931,NoButton,Move,893,335
229.949,229.949,NoButton,Move,893,334
229.965,229.965,NoButton,Move,893,333
230.047,230.047,NoButton,Move,891,335
230.065,230.065,NoButton,Move,889,339
230.082,230.082,NoButton,Move,886,345
230.098,230.098,NoButton,Move,883,349
230.115,230.115,NoButton,Move,880,354
230.132,230.132,NoButton,Move,878,356
230.149,230.149,NoButton,Move,877,358
230.165,230.165,NoButton,Move,876,359
230.181,230.181,NoButton,Move,876,359
230.198,230.198,NoButton,Move,876,360
230.215,230.215,NoButton,Move,876,360
230.231,230.231,NoButton,Move,876,362
230.249,230.249,NoButton,Move,875,365
230.265,230.265,NoButton,Move,875,367
230.282,230.282,NoButton,Move,874,368
230.299,230.299,NoButton,Move,874,369
230.316,230.316,NoButton,Move,874,370
230.38,230.38,Left,Pressed,874,370
230.546,230.546,Left,Released,874,370
230.989,230.989,NoButton,Move,874,371
231.002,231.002,NoButton,Move,874,374
231.016,231.016,NoButton,Move,877,382
231.032,231.032,NoButton,Move,878,386
231.048,231.048,NoButton,Move,884,434
231.065,231.065,NoButton,Move,886,479
231.082,231.082,NoButton,Move,887,537
231.098,231.098,NoButton,Move,887,579
231.115,231.115,NoButton,Move,886,611
231.132,231.132,NoButton,Move,882,640
231.149,231.149,NoButton,Move,879,657
231.167,231.167,NoButton,Move,876,665
231.182,231.182,NoButton,Move,874,671
231.198,231.198,NoButton,Move,872,675
231.215,231.215,NoButton,Move,871,678
231.232,231.232,NoButton,Move,868,679
231.249,231.249,NoButton,Move,866,680
231.265,231.265,NoButton,Move,864,680
231.282,231.282,NoButton,Move,863,680
231.298,231.298,NoButton,Move,860,680
231.316,231.316,NoButton,Move,855,678
231.332,231.332,NoButton,Move,853,676
231.348,231.348,NoButton,Move,850,674
231.365,231.365,NoButton,Move,848,672
231.381,231.381,NoButton,Move,845,670
231.398,231.398,NoButton,Move,843,668
231.415,231.415,NoButton,Move,841,666
231.432,231.432,NoButton,Move,839,664
231.448,231.448,NoButton,Move,837,663
231.465,231.465,NoButton,Move,835,661
231.481,231.481,NoButton,Move,834,659
231.498,231.498,NoButton,Move,833,658
231.515,231.515,NoButton,Move,831,657
231.532,231.532,NoButton,Move,831,656
231.549,231.549,NoButton,Move,830,656
231.566,231.566,NoButton,Move,830,656
231.582,231.582,NoButton,Move,830,655
231.598,231.598,NoButton,Move,830,655
231.619,231.619,NoButton,Move,829,655
235.152,235.152,NoButton,Move,829,656
235.166,235.166,NoButton,Move,829,656
235.182,235.182,NoButton,Move,829,658
235.199,235.199,NoButton,Move,828,659
235.215,235.215,NoButton,Move,828,659
235.231,235.231,NoButton,Move,827,660
235.307,235.307,NoButton,Move,827,660
235.322,235.322,NoButton,Move,827,660
235.338,235.338,NoButton,Move,827,659
235.348,235.348,NoButton,Move,826,659
235.366,235.366,NoButton,Move,826,658
235.381,235.381,NoButton,Move,825,656
235.398,235.398,NoButton,Move,824,655
235.415,235.415,NoButton,Move,823,654
235.432,235.432,NoButton,Move,823,653
235.448,235.448,NoButton,Move,823,653
235.679,235.679,Left,Pressed,823,653
235.829,235.829,Left,Released,823,653
235.985,235.985,NoButton,Move,823,653
235.999,235.999,NoButton,Move,824,648
236.016,236.016,NoButton,Move,832,631
236.032,236.032,NoButton,Move,842,615
236.049,236.049,NoButton,Move,883,544
236.065,236.065,NoButton,Move,917,492
236.082,236.082,NoButton,Move,941,464
236.097,236.097,NoButton,Move,971,436
236.116,236.116,NoButton,Move,990,424
236.132,236.132,NoButton,Move,1009,412
236.148,236.148,NoButton,Move,1018,408
236.164,236.164,NoButton,Move,1021,407
236.182,236.182,NoButton,Move,1024,406
236.198,236.198,NoButton,Move,1024,406
236.232,236.232,NoButton,Move,1024,406
236.249,236.249,NoButton,Move,1022,407
236.265,236.265,NoButton,Move,1019,409
236.282,236.282,NoButton,Move,1017,411
236.299,236.299,NoButton,Move,1015,412
236.315,236.315,NoButton,Move,1013,413
236.333,236.333,NoButton,Move,1013,414
236.348,236.348,NoButton,Move,1012,414
236.396,236.396,Left,Pressed,1012,414
236.511,236.511,Left,Released,1012,414
237.133,237.133,NoButton,Move,1012,415
237.149,237.149,NoButton,Move,1010,417
237.166,237.166,NoButton,Move,998,428
237.182,237.182,NoButton,Move,982,439
237.197,237.197,NoButton,Move,950,457
237.214,237.214,NoButton,Move,913,474
237.232,237.232,NoButton,Move,873,491
237.248,237.248,NoButton,Move,845,501
237.266,237.266,NoButton,Move,813,513
237.282,237.282,NoButton,Move,795,518
237.298,237.298,NoButton,Move,784,522
237.315,237.315,NoButton,Move,775,525
237.632,237.632,NoButton,Move,775,526
237.648,237.648,NoButton,Move,776,532
237.666,237.666,NoButton,Move,777,538
237.682,237.682,NoButton,Move,779,546
237.699,237.699,NoButton,Move,783,559
237.714,237.714,NoButton,Move,785,571
237.732,237.732,NoButton,Move,789,596
237.748,237.748,NoButton,Move,792,614
237.765,237.765,NoButton,Move,793,631
237.783,237.783,NoButton,Move,794,648
237.797,237.797,NoButton,Move,794,655
237.814,237.814,NoButton,Move,794,667
237.831,237.831,NoButton,Move,794,673
237.847,237.847,NoButton,Move,794,676
237.864,237.864,NoButton,Move,794,677
237.882,237.882,NoButton,Move,793,678
237.898,237.898,NoButton,Move,793,678
238.164,238.164,NoButton,Move,793,678
238.18,238.18,NoButton,Move,793,677
238.189,238.189,NoButton,Move,793,677
238.198,238.198,NoButton,Move,793,677
238.215,238.215,NoButton,Move,793,676
238.232,238.232,NoButton,Move,793,676
238.249,238.249,NoButton,Move,793,676
238.265,238.265,NoButton,Move,793,675
238.282,238.282,NoButton,Move,793,675
240.171,240.171,NoButton,Move,793,675
240.182,240.182,NoButton,Move,792,675
240.199,240.199,NoButton,Move,792,674
240.215,240.215,NoButton,Move,791,674
240.232,240.232,NoButton,Move,791,674
241.685,241.685,NoButton,Move,791,674
241.697,241.697,NoButton,Move,791,673
241.714,241.714,NoButton,Move,791,670
241.732,241.732,NoButton,Move,791,666
241.748,241.748,NoButton,Move,790,659
241.765,241.765,NoButton,Move,787,646
243.012,243.012,Left,Pressed,787,646
243.412,243.412,Left,Released,787,646
243.789,243.789,NoButton,Move,787,645
243.815,243.815,NoButton,Move,795,630
243.833,243.833,NoButton,Move,810,610
243.849,243.849,NoButton,Move,843,569
243.866,243.866,NoButton,Move,877,532
243.882,243.882,NoButton,Move,919,493
243.899,243.899,NoButton,Move,966,452
243.914,243.914,NoButton,Move,1000,424
243.932,243.932,NoButton,Move,1036,394
243.947,243.947,NoButton,Move,1056,379
243.964,243.964,NoButton,Move,1074,367
243.98,243.98,NoButton,Move,1083,362
243.997,243.997,NoButton,Move,1090,358
244.015,244.015,NoButton,Move,1093,357
244.03,244.03,NoButton,Move,1093,356
244.047,244.047,NoButton,Move,1094,356
244.065,244.065,NoButton,Move,1095,356
244.108,244.108,NoButton,Move,1095,356
244.149,244.149,NoButton,Move,1095,355
244.165,244.165,NoButton,Move,1095,355
244.182,244.182,NoButton,Move,1094,355
244.199,244.199,NoButton,Move,1094,354
244.214,244.214,NoButton,Move,1092,353
244.232,244.232,NoButton,Move,1090,352
244.248,244.248,NoButton,Move,1088,349
244.266,244.266,NoButton,Move,1085,347
244.282,244.282,NoButton,Move,1081,344
244.299,244.299,NoButton,Move,1078,341
244.315,244.315,NoButton,Move,1074,337
244.332,244.332,NoButton,Move,1071,334
244.349,244.349,NoButton,Move,1068,332
244.364,244.364,NoButton,Move,1066,330
244.381,244.381,NoButton,Move,1066,329
244.398,244.398,NoButton,Move,1065,329
244.414,244.414,NoButton,Move,1065,328
244.431,244.431,NoButton,Move,1065,328
244.468,244.468,NoButton,Move,1065,328
244.544,244.544,Left,Pressed,1065,328
244.661,244.661,Left,Released,1065,328
245.213,245.213,NoButton,Move,1065,328
245.231,245.231,NoButton,Move,1065,330
245.248,245.248,NoButton,Move,1065,335
245.265,245.265,NoButton,Move,1065,344
245.282,245.282,NoButton,Move,1064,360
245.299,245.299,NoButton,Move,1057,379
245.315,245.315,NoButton,Move,1038,414
245.332,245.332,NoButton,Move,1011,453
245.347,245.347,NoButton,Move,972,501
245.365,245.365,NoButton,Move,924,555
245.382,245.382,NoButton,Move,889,591
245.398,245.398,NoButton,Move,850,631
245.416,245.416,NoButton,Move,829,650
245.432,245.432,NoButton,Move,810,667
245.448,245.448,NoButton,Move,802,673
245.465,245.465,NoButton,Move,796,677
245.482,245.482,NoButton,Move,792,680
245.499,245.499,NoButton,Move,789,682
245.515,245.515,NoButton,Move,786,684
245.532,245.532,NoButton,Move,782,688
245.549,245.549,NoButton,Move,778,692
245.564,245.564,NoButton,Move,775,695
245.582,245.582,NoButton,Move,771,699
245.598,245.598,NoButton,Move,770,700
245.615,245.615,NoButton,Move,769,700
245.631,245.631,NoButton,Move,769,700
245.648,245.648,NoButton,Move,769,700
245.681,245.681,NoButton,Move,768,699
245.688,245.688,NoButton,Move,768,698
245.698,245.698,NoButton,Move,768,697
245.716,245.716,NoButton,Move,768,691
245.731,245.731,NoButton,Move,768,684
245.748,245.748,NoButton,Move,768,678
245.766,245.766,NoButton,Move,768,671
245.782,245.782,NoButton,Move,768,667
245.799,245.799,NoButton,Move,769,664
245.814,245.814,NoButton,Move,769,662
245.831,245.831,NoButton,Move,769,661
245.849,245.849,NoButton,Move,769,661
245.862,245.862,Left,Pressed,769,661
245.995,245.995,Left,Released,769,661
246.443,246.443,NoButton,Move,769,660
246.466,246.466,NoButton,Move,777,650
246.481,246.481,NoButton,Move,794,626
246.499,246.499,NoButton,Move,817,598
246.515,246.515,NoButton,Move,866,546
246.532,246.532,NoButton,Move,903,514
246.548,246.548,NoButton,Move,932,497
246.565,246.565,NoButton,Move,969,480
246.582,246.582,NoButton,Move,1004,469
246.598,246.598,NoButton,Move,1027,466
246.614,246.614,NoButton,Move,1051,464
246.632,246.632,NoButton,Move,1061,463
246.941,246.941,NoButton,Move,1062,464
246.949,246.949,NoButton,Move,1065,466
246.966,246.966,NoButton,Move,1079,470
246.982,246.982,NoButton,Move,1088,472
246.998,246.998,NoButton,Move,1124,473
247.728,247.728,NoButton,Move,1124,473
247.748,247.748,NoButton,Move,1142,478
247.765,247.765,NoButton,Move,1156,484
247.781,247.781,NoButton,Move,1303,548
247.799,247.799,NoButton,Move,1387,578
249.375,249.375,NoButton,Move,1386,581
249.397,249.397,NoButton,Move,1386,587
249.415,249.415,NoButton,Move,1386,602
249.433,249.433,NoButton,Move,1388,616
249.449,249.449,NoButton,Move,1389,625
249.482,249.482,NoButton,Move,1397,682
249.498,249.498,NoButton,Move,1397,707
249.514,249.514,NoButton,Move,1397,729
249.661,249.661,Scroll,Down,0,1
249.681,249.681,Scroll,Down,0,6
249.697,249.697,Scroll,Down,0,15
249.715,249.715,Scroll,Down,0,18
249.732,249.732,Scroll,Down,0,28
249.748,249.748,Scroll,Down,0,21
249.764,249.764,Scroll,Down,0,22
249.782,249.782,Scroll,Down,0,18
249.798,249.798,Scroll,Down,0,15
249.815,249.815,Scroll,Down,0,12
249.831,249.831,Scroll,Down,0,8
249.847,249.847,Scroll,Down,0,6
249.865,249.865,Scroll,Down,0,3
249.882,249.882,Scroll,Down,0,1
249.898,249.898,Scroll,Down,0,1
249.915,249.915,Scroll,Down,0,1
249.964,249.964,Scroll,Up,0,0
249.981,249.981,Scroll,Up,0,0
250.015,250.015,Scroll,Down,0,1
250.048,250.048,Scroll,Down,0,1
250.229,250.229,NoButton,Move,1397,728
250.234,250.234,NoButton,Move,1397,726
250.248,250.248,NoButton,Move,1398,723
250.265,250.265,NoButton,Move,1400,708
250.282,250.282,NoButton,Move,1400,701
250.297,250.297,NoButton,Move,1400,665
250.315,250.315,NoButton,Move,1386,576
250.331,250.331,NoButton,Move,1378,542
250.349,250.349,NoButton,Move,1357,460
250.365,250.365,NoButton,Move,1348,431
250.381,250.381,NoButton,Move,1344,418
250.398,250.398,NoButton,Move,1341,409
250.415,250.415,NoButton,Move,1339,407
250.43,250.43,NoButton,Move,1337,407
250.448,250.448,NoButton,Move,1335,408
250.465,250.465,NoButton,Move,1332,412
250.481,250.481,NoButton,Move,1328,416
250.498,250.498,NoButton,Move,1324,421
250.514,250.514,NoButton,Move,1321,424
250.532,250.532,NoButton,Move,1316,430
250.549,250.549,NoButton,Move,1313,436
250.564,250.564,NoButton,Move,1310,439
250.582,250.582,NoButton,Move,1308,442
250.599,250.599,NoButton,Move,1307,444
250.615,250.615,NoButton,Move,1306,444
250.631,250.631,NoButton,Move,1306,444
250.648,250.648,NoButton,Move,1305,441
250.665,250.665,NoButton,Move,1303,435
250.682,250.682,NoButton,Move,1302,430
250.698,250.698,NoButton,Move,1301,427
250.715,250.715,NoButton,Move,1300,424
250.732,250.732,NoButton,Move,1300,423
250.748,250.748,NoButton,Move,1300,422
250.761,250.761,Left,Pressed,1300,422
250.861,250.861,Left,Released,1300,422
251.134,251.134,NoButton,Move,1300,423
251.148,251.148,NoButton,Move,1301,425
251.165,251.165,NoButton,Move,1302,429
251.182,251.182,NoButton,Move,1303,435
251.199,251.199,NoButton,Move,1302,451
251.216,251.216,NoButton,Move,1278,490
251.232,251.232,NoButton,Move,1263,504
251.248,251.248,NoButton,Move,1201,545
251.265,251.265,NoButton,Move,1104,577
251.281,251.281,NoButton,Move,1024,592
251.298,251.298,NoButton,Move,972,600
251.315,251.315,NoButton,Move,922,607
251.332,251.332,NoButton,Move,900,612
251.52,251.52,NoButton,Move,900,612
251.531,251.531,NoButton,Move,900,615
251.548,251.548,NoButton,Move,900,618
251.565,251.565,NoButton,Move,898,622
251.582,251.582,NoButton,Move,895,625
251.598,251.598,NoButton,Move,889,631
251.616,251.616,NoButton,Move,880,636
251.632,251.632,NoButton,Move,870,641
251.649,251.649,NoButton,Move,858,644
251.664,251.664,NoButton,Move,854,645
251.68,251.68,NoButton,Move,850,646
251.697,251.697,NoButton,Move,848,647
251.715,251.715,NoButton,Move,848,647
251.727,251.727,Left,Pressed,848,647
251.747,251.747,NoButton,Move,847,647
251.828,251.828,Left,Released,847,647
252.062,252.062,Scroll,Down,0,1
252.065,252.065,Scroll,Down,0,1
252.082,252.082,Scroll,Down,0,6
252.098,252.098,Scroll,Down,0,10
252.115,252.115,Scroll,Down,0,16
252.132,252.132,Scroll,Down,0,19
252.148,252.148,Scroll,Down,0,19
252.165,252.165,Scroll,Down,0,17
252.181,252.181,Scroll,Down,0,13
252.198,252.198,Scroll,Down,0,10
252.215,252.215,Scroll,Down,0,6
252.232,252.232,Scroll,Down,0,5
252.248,252.248,Scroll,Down,0,3
252.265,252.265,Scroll,Down,0,2
252.282,252.282,Scroll,Down,0,1
252.298,252.298,Scroll,Down,0,1
252.332,252.332,Scroll,Down,0,1
252.664,252.664,NoButton,Move,847,646
252.681,252.681,NoButton,Move,851,637
252.697,252.697,NoButton,Move,856,629
252.715,252.715,NoButton,Move,864,611
252.731,252.731,NoButton,Move,873,587
252.748,252.748,NoButton,Move,881,558
252.765,252.765,NoButton,Move,887,525
252.781,252.781,NoButton,Move,892,492
252.799,252.799,NoButton,Move,895,472
252.814,252.814,NoButton,Move,896,458
252.832,252.832,NoButton,Move,897,445
252.848,252.848,NoButton,Move,897,438
252.865,252.865,NoButton,Move,897,435
252.881,252.881,NoButton,Move,897,434
252.899,252.899,NoButton,Move,897,433
252.915,252.915,NoButton,Move,897,432
252.932,252.932,NoButton,Move,896,432
252.948,252.948,NoButton,Move,896,432
252.965,252.965,NoButton,Move,896,432
252.998,252.998,NoButton,Move,896,432
253.047,253.047,NoButton,Move,895,431
253.245,253.245,Scroll,Up,0,1
253.265,253.265,Scroll,Up,0,3
253.281,253.281,Scroll,Up,0,9
253.298,253.298,Scroll,Up,0,17
253.314,253.314,Scroll,Up,0,17
253.332,253.332,Scroll,Up,0,21
253.348,253.348,Scroll,Up,0,14
253.365,253.365,Scroll,Up,0,11
253.382,253.382,Scroll,Up,0,12
253.397,253.397,Scroll,Up,0,4
253.415,253.415,Scroll,Up,0,4
253.432,253.432,Scroll,Up,0,0
253.698,253.698,NoButton,Move,898,431
253.715,253.715,NoButton,Move,902,432
253.732,253.732,NoButton,Move,903,433
253.748,253.748,NoButton,Move,904,436
253.766,253.766,NoButton,Move,905,442
253.782,253.782,NoButton,Move,906,455
253.798,253.798,NoButton,Move,906,478
253.814,253.814,NoButton,Move,903,504
253.831,253.831,NoButton,Move,892,545
253.849,253.849,NoButton,Move,885,564
253.864,253.864,NoButton,Move,881,580
253.882,253.882,NoButton,Move,875,602
254.087,254.087,Scroll,Up,0,2
254.098,254.098,Scroll,Up,0,8
254.115,254.115,Scroll,Up,0,22
254.132,254.132,Scroll,Up,0,24
254.148,254.148,Scroll,Up,0,31
254.165,254.165,Scroll,Up,0,25
254.182,254.182,Scroll,Up,0,22
254.182,254.182,Scroll,Up,0,37
254.198,254.198,Scroll,Up,0,43
254.214,254.214,Scroll,Up,0,45
254.237,254.237,Scroll,Up,0,45
254.253,254.253,Scroll,Up,0,45
254.27,254.27,Scroll,Up,0,43
254.281,254.281,Scroll,Up,0,47
254.315,254.315,Scroll,Up,0,86
254.331,254.331,Scroll,Up,0,39
254.348,254.348,Scroll,Up,0,35
254.365,254.365,Scroll,Up,0,33
254.421,254.421,NoButton,Move,869,598
254.438,254.438,NoButton,Move,852,585
254.455,254.455,NoButton,Move,800,546
254.471,254.471,NoButton,Move,664,450
254.489,254.489,NoButton,Move,505,350
254.504,254.504,NoButton,Move,400,294
254.521,254.521,NoButton,Move,325,261
254.538,254.538,NoButton,Move,276,246
254.554,254.554,NoButton,Move,245,238
254.571,254.571,NoButton,Move,219,236
254.587,254.587,NoButton,Move,211,236
254.738,254.738,NoButton,Move,210,239
254.755,254.755,NoButton,Move,207,243
254.765,254.765,NoButton,Move,206,244
254.782,254.782,NoButton,Move,201,245
254.798,254.798,NoButton,Move,192,245
254.815,254.815,NoButton,Move,182,244
254.832,254.832,NoButton,Move,170,239
254.848,254.848,NoButton,Move,163,237
254.865,254.865,NoButton,Move,158,235
254.882,254.882,NoButton,Move,156,235
254.895,254.895,Left,Pressed,156,235
254.914,254.914,NoButton,Move,156,235
254.995,254.995,Left,Released,156,235
255.148,255.148,NoButton,Move,160,233
255.165,255.165,NoButton,Move,165,233
255.182,255.182,NoButton,Move,171,233
255.198,255.198,NoButton,Move,176,236
255.216,255.216,NoButton,Move,183,241
255.232,255.232,NoButton,Move,193,254
255.248,255.248,NoButton,Move,202,271
255.265,255.265,NoButton,Move,216,305
255.281,255.281,NoButton,Move,230,349
255.298,255.298,NoButton,Move,245,408
255.314,255.314,NoButton,Move,263,507
255.332,255.332,NoButton,Move,266,567
255.348,255.348,NoButton,Move,266,645
255.365,255.365,NoButton,Move,257,718
255.382,255.382,NoButton,Move,238,778
255.398,255.398,NoButton,Move,220,813
255.416,255.416,NoButton,Move,197,845
255.431,255.431,NoButton,Move,179,860
255.448,255.448,NoButton,Move,160,871
255.465,255.465,NoButton,Move,138,876
255.482,255.482,NoButton,Move,127,876
255.498,255.498,NoButton,Move,117,876
255.514,255.514,NoButton,Move,105,872
255.531,255.531,NoButton,Move,95,866
255.548,255.548,NoButton,Move,83,860
255.566,255.566,NoButton,Move,76,857
255.58,255.58,NoButton,Move,68,855
255.597,255.597,NoButton,Move,63,854
255.614,255.614,NoButton,Move,59,854
255.631,255.631,NoButton,Move,56,853
255.648,255.648,NoButton,Move,53,851
255.665,255.665,NoButton,Move,51,848
255.682,255.682,NoButton,Move,49,845
255.698,255.698,NoButton,Move,49,843
255.714,255.714,NoButton,Move,49,841
255.732,255.732,NoButton,Move,49,840
255.748,255.748,NoButton,Move,49,839
255.764,255.764,NoButton,Move,49,839
255.778,255.778,Left,Pressed,49,839
255.928,255.928,Left,Released,49,839
