1.953,1.953,NoButton,Move,910,420
2.037,2.037,NoButton,Move,909,420
2.053,2.053,NoButton,Move,877,418
2.07,2.07,NoButton,Move,809,406
2.087,2.087,NoButton,Move,710,387
2.103,2.103,NoButton,Move,535,356
2.12,2.12,NoButton,Move,421,344
2.137,2.137,NoButton,Move,283,336
2.153,2.153,NoButton,Move,204,336
2.17,2.17,NoButton,Move,147,336
2.187,2.187,NoButton,Move,92,338
2.203,2.203,NoButton,Move,69,343
2.221,2.221,NoButton,Move,46,347
2.237,2.237,NoButton,Move,36,349
2.253,2.253,NoButton,Move,27,351
2.27,2.27,NoButton,Move,23,351
2.287,2.287,NoButton,Move,20,351
2.303,2.303,NoButton,Move,19,351
2.32,2.32,NoButton,Move,18,351
2.337,2.337,NoButton,Move,16,350
2.354,2.354,NoButton,Move,16,346
2.371,2.371,NoButton,Move,16,340
2.387,2.387,NoButton,Move,16,332
2.404,2.404,NoButton,Move,18,325
2.42,2.42,NoButton,Move,22,318
2.437,2.437,NoButton,Move,28,312
2.454,2.454,NoButton,Move,34,306
2.469,2.469,NoButton,Move,41,300
2.486,2.486,NoButton,Move,48,293
2.502,2.502,NoButton,Move,53,288
2.52,2.52,NoButton,Move,58,284
2.537,2.537,NoButton,Move,61,281
2.552,2.552,NoButton,Move,62,280
2.569,2.569,NoButton,Move,63,280
2.586,2.586,NoButton,Move,63,280
2.6,2.6,Left,Pressed,63,280
2.7,2.7,Left,Released,63,280
2.981,2.981,NoButton,Move,63,281
2.987,2.987,NoButton,Move,63,282
3.004,3.004,NoButton,Move,64,284
3.021,3.021,NoButton,Move,69,287
3.037,3.037,NoButton,Move,71,288
3.054,3.054,NoButton,Move,85,293
3.071,3.071,NoButton,Move,133,309
3.086,3.086,NoButton,Move,184,328
3.104,3.104,NoButton,Move,274,364
3.12,3.12,NoButton,Move,328,388
3.136,3.136,NoButton,Move,396,421
3.153,3.153,NoButton,Move,436,441
3.169,3.169,NoButton,Move,474,460
3.187,3.187,NoButton,Move,491,470
3.303,3.303,NoButton,Move,491,470
3.32,3.32,NoButton,Move,491,463
3.336,3.336,NoButton,Move,491,454
3.354,3.354,NoButton,Move,491,443
3.371,3.371,NoButton,Move,490,429
3.387,3.387,NoButton,Move,489,401
3.404,3.404,NoButton,Move,487,372
3.42,3.42,NoButton,Move,486,355
3.436,3.436,NoButton,Move,484,343
3.454,3.454,NoButton,Move,483,336
3.47,3.47,NoButton,Move,482,328
3.487,3.487,NoButton,Move,479,322
3.503,3.503,NoButton,Move,478,321
3.52,3.52,NoButton,Move,477,320
3.537,3.537,NoButton,Move,476,319
3.553,3.553,NoButton,Move,475,318
3.57,3.57,NoButton,Move,474,316
3.587,3.587,NoButton,Move,474,312
3.602,3.602,NoButton,Move,473,307
3.619,3.619,NoButton,Move,473,303
3.637,3.637,NoButton,Move,473,297
3.654,3.654,NoButton,Move,472,293
3.669,3.669,NoButton,Move,472,290
3.686,3.686,NoButton,Move,472,290
3.7,3.7,Left,Pressed,472,290
3.716,3.716,NoButton,Move,472,290
3.817,3.817,Left,Released,472,290
4.177,4.177,NoButton,Move,472,290
4.187,4.187,NoButton,Move,472,291
4.204,4.204,NoButton,Move,472,294
4.221,4.221,NoButton,Move,472,299
4.236,4.236,NoButton,Move,472,305
4.253,4.253,NoButton,Move,472,312
4.269,4.269,NoButton,Move,470,317
4.287,4.287,NoButton,Move,469,325
4.304,4.304,NoButton,Move,467,331
4.321,4.321,NoButton,Move,465,336
4.337,4.337,NoButton,Move,462,342
4.354,4.354,NoButton,Move,459,349
4.371,4.371,NoButton,Move,456,357
4.387,4.387,NoButton,Move,453,365
4.403,4.403,NoButton,Move,451,372
4.421,4.421,NoButton,Move,449,379
4.437,4.437,NoButton,Move,447,385
4.454,4.454,NoButton,Move,446,390
4.47,4.47,NoButton,Move,445,395
4.487,4.487,NoButton,Move,443,403
4.503,4.503,NoButton,Move,442,407
4.519,4.519,NoButton,Move,442,411
4.537,4.537,NoButton,Move,442,414
4.553,4.553,NoButton,Move,442,417
4.57,4.57,NoButton,Move,442,419
4.587,4.587,NoButton,Move,442,422
4.603,4.603,NoButton,Move,442,425
4.62,4.62,NoButton,Move,442,427
4.637,4.637,NoButton,Move,442,429
4.653,4.653,NoButton,Move,442,431
4.669,4.669,NoButton,Move,442,431
4.687,4.687,NoButton,Move,442,432
5.028,5.028,NoButton,Move,443,431
5.054,5.054,NoButton,Move,453,423
5.071,5.071,NoButton,Move,464,415
5.087,5.087,NoButton,Move,474,409
5.104,5.104,NoButton,Move,487,401
5.12,5.12,NoButton,Move,499,394
5.137,5.137,NoButton,Move,508,389
5.153,5.153,NoButton,Move,517,384
5.17,5.17,NoButton,Move,521,381
5.187,5.187,NoButton,Move,525,377
5.204,5.204,NoButton,Move,528,374
5.22,5.22,NoButton,Move,530,372
5.237,5.237,NoButton,Move,531,371
5.253,5.253,NoButton,Move,532,370
5.269,5.269,NoButton,Move,532,369
5.287,5.287,NoButton,Move,532,369
5.304,5.304,NoButton,Move,533,369
5.32,5.32,NoButton,Move,533,368
5.336,5.336,NoButton,Move,533,367
5.354,5.354,NoButton,Move,533,366
5.371,5.371,NoButton,Move,533,365
5.386,5.386,NoButton,Move,533,365
5.404,5.404,NoButton,Move,533,364
5.42,5.42,NoButton,Move,533,364
5.519,5.519,NoButton,Move,533,364
5.527,5.527,NoButton,Move,533,366
5.537,5.537,NoButton,Move,533,368
5.554,5.554,NoButton,Move,533,376
5.571,5.571,NoButton,Move,533,386
5.587,5.587,NoButton,Move,533,403
5.604,5.604,NoButton,Move,534,415
5.621,5.621,NoButton,Move,536,433
5.636,5.636,NoButton,Move,539,448
5.653,5.653,NoButton,Move,542,462
5.671,5.671,NoButton,Move,544,473
5.686,5.686,NoButton,Move,546,479
5.704,5.704,NoButton,Move,546,485
5.719,5.719,NoButton,Move,547,489
6.527,6.527,NoButton,Move,548,489
6.536,6.536,NoButton,Move,549,489
6.554,6.554,NoButton,Move,550,489
6.57,6.57,NoButton,Move,553,490
6.587,6.587,NoButton,Move,556,490
6.603,6.603,NoButton,Move,562,490
6.62,6.62,NoButton,Move,567,490
6.638,6.638,NoButton,Move,572,490
6.654,6.654,NoButton,Move,578,490
6.67,6.67,NoButton,Move,585,489
6.687,6.687,NoButton,Move,591,489
6.704,6.704,NoButton,Move,598,488
6.721,6.721,NoButton,Move,606,487
6.736,6.736,NoButton,Move,614,485
6.754,6.754,NoButton,Move,622,482
6.77,6.77,NoButton,Move,629,480
6.787,6.787,NoButton,Move,635,478
6.804,6.804,NoButton,Move,642,476
6.821,6.821,NoButton,Move,648,475
6.837,6.837,NoButton,Move,652,474
6.854,6.854,NoButton,Move,655,474
6.87,6.87,NoButton,Move,656,474
6.887,6.887,NoButton,Move,657,474
6.906,6.906,NoButton,Move,658,474
6.92,6.92,NoButton,Move,658,474
6.977,6.977,NoButton,Move,658,474
6.993,6.993,NoButton,Move,658,474
7.004,7.004,NoButton,Move,658,475
7.02,7.02,NoButton,Move,659,476
7.038,7.038,NoButton,Move,660,478
7.054,7.054,NoButton,Move,660,479
7.07,7.07,NoButton,Move,661,481
7.088,7.088,NoButton,Move,661,482
7.104,7.104,NoButton,Move,662,483
7.12,7.12,NoButton,Move,662,483
7.137,7.137,NoButton,Move,663,483
7.154,7.154,NoButton,Move,663,483
7.17,7.17,NoButton,Move,664,483
9.529,9.529,NoButton,Move,665,483
9.537,9.537,NoButton,Move,666,484
9.554,9.554,NoButton,Move,670,487
9.57,9.57,NoButton,Move,676,492
9.587,9.587,NoButton,Move,683,499
9.605,9.605,NoButton,Move,691,508
9.62,9.62,NoButton,Move,695,513
9.637,9.637,NoButton,Move,704,523
9.653,9.653,NoButton,Move,716,541
9.67,9.67,NoButton,Move,725,554
9.687,9.687,NoButton,Move,732,568
9.702,9.702,NoButton,Move,739,582
9.72,9.72,NoButton,Move,745,597
9.984,9.984,Scroll,Down,0,1
9.987,9.987,Scroll,Down,0,1
10.004,10.004,Scroll,Down,0,5
10.02,10.02,Scroll,Down,0,4
10.037,10.037,Scroll,Down,0,5
10.054,10.054,Scroll,Down,0,4
10.07,10.07,Scroll,Down,0,4
10.087,10.087,Scroll,Down,0,3
10.104,10.104,Scroll,Down,0,4
10.12,10.12,Scroll,Down,0,4
10.137,10.137,Scroll,Down,0,5
10.154,10.154,Scroll,Down,0,5
10.17,10.17,Scroll,Down,0,6
10.187,10.187,Scroll,Down,0,6
10.204,10.204,Scroll,Down,0,6
10.22,10.22,Scroll,Down,0,6
10.237,10.237,Scroll,Down,0,6
10.254,10.254,Scroll,Down,0,5
10.27,10.27,Scroll,Down,0,5
10.287,10.287,Scroll,Down,0,3
10.303,10.303,Scroll,Down,0,2
10.32,10.32,Scroll,Down,0,2
10.336,10.336,Scroll,Down,0,2
10.354,10.354,Scroll,Down,0,1
10.371,10.371,Scroll,Down,0,2
10.387,10.387,Scroll,Down,0,2
10.404,10.404,Scroll,Down,0,4
10.42,10.42,Scroll,Down,0,5
10.436,10.436,Scroll,Down,0,8
10.455,10.455,Scroll,Down,0,8
10.47,10.47,Scroll,Down,0,10
10.487,10.487,Scroll,Down,0,10
10.503,10.503,Scroll,Down,0,10
10.519,10.519,Scroll,Down,0,7
10.536,10.536,Scroll,Down,0,6
10.554,10.554,Scroll,Down,0,4
10.57,10.57,Scroll,Down,0,3
10.587,10.587,Scroll,Down,0,2
10.603,10.603,Scroll,Down,0,1
10.62,10.62,Scroll,Down,0,1
10.637,10.637,Scroll,Down,0,1
10.77,10.77,Scroll,Down,0,1
10.787,10.787,Scroll,Down,0,1
10.804,10.804,Scroll,Down,0,1
10.82,10.82,Scroll,Down,0,4
10.837,10.837,Scroll,Down,0,6
10.854,10.854,Scroll,Down,0,7
10.871,10.871,Scroll,Down,0,10
10.887,10.887,Scroll,Down,0,8
10.903,10.903,Scroll,Down,0,7
10.921,10.921,Scroll,Down,0,5
10.937,10.937,Scroll,Down,0,4
10.954,10.954,Scroll,Down,0,2
10.969,10.969,Scroll,Down,0,1
10.986,10.986,Scroll,Down,0,1
11.003,11.003,Scroll,Down,0,1
11.36,11.36,Scroll,Down,0,1
11.371,11.371,Scroll,Down,0,5
11.387,11.387,Scroll,Down,0,11
11.404,11.404,Scroll,Down,0,14
11.42,11.42,Scroll,Down,0,15
11.437,11.437,Scroll,Down,0,11
11.453,11.453,Scroll,Down,0,8
11.471,11.471,Scroll,Down,0,7
11.486,11.486,Scroll,Down,0,4
11.503,11.503,Scroll,Down,0,2
11.52,11.52,Scroll,Down,0,1
11.537,11.537,Scroll,Down,0,1
11.554,11.554,Scroll,Down,0,1
11.57,11.57,Scroll,Down,0,1
11.621,11.621,NoButton,Move,745,598
11.626,11.626,NoButton,Move,744,601
11.643,11.643,NoButton,Move,744,606
11.66,11.66,NoButton,Move,744,612
11.67,11.67,NoButton,Move,744,614
11.687,11.687,NoButton,Move,745,620
11.704,11.704,NoButton,Move,748,625
11.721,11.721,NoButton,Move,750,629
11.737,11.737,NoButton,Move,752,633
11.754,11.754,NoButton,Move,753,635
11.787,11.787,NoButton,Move,754,637
11.872,11.872,NoButton,Move,755,637
11.985,11.985,Left,Pressed,755,637
12.116,12.116,Left,Released,755,637
12.748,12.748,NoButton,Move,755,637
12.769,12.769,NoButton,Move,755,639
12.787,12.787,NoButton,Move,755,641
12.804,12.804,NoButton,Move,755,643
12.82,12.82,NoButton,Move,755,644
12.837,12.837,NoButton,Move,755,645
12.854,12.854,NoButton,Move,755,646
12.871,12.871,NoButton,Move,755,646
12.936,12.936,NoButton,Move,757,638
12.953,12.953,NoButton,Move,759,631
12.969,12.969,NoButton,Move,770,586
12.986,12.986,NoButton,Move,779,541
13.002,13.002,NoButton,Move,785,505
13.02,13.02,NoButton,Move,790,479
13.037,13.037,NoButton,Move,793,461
13.053,13.053,NoButton,Move,797,447
13.07,13.07,NoButton,Move,798,440
13.087,13.087,NoButton,Move,799,437
13.104,13.104,NoButton,Move,799,436
13.119,13.119,NoButton,Move,800,435
13.137,13.137,NoButton,Move,800,435
13.222,13.222,NoButton,Move,800,436
13.237,13.237,NoButton,Move,800,438
13.254,13.254,NoButton,Move,800,445
13.27,13.27,NoButton,Move,801,460
13.288,13.288,NoButton,Move,803,488
13.304,13.304,NoButton,Move,804,493
13.321,13.321,NoButton,Move,808,521
13.337,13.337,NoButton,Move,811,536
13.354,13.354,NoButton,Move,813,549
13.371,13.371,NoButton,Move,815,558
13.387,13.387,NoButton,Move,816,563
13.404,13.404,NoButton,Move,817,569
13.42,13.42,NoButton,Move,817,572
13.438,13.438,NoButton,Move,817,573
13.454,13.454,NoButton,Move,817,574
13.471,13.471,NoButton,Move,817,574
13.534,13.534,NoButton,Move,817,574
13.558,13.558,NoButton,Move,817,574
13.57,13.57,NoButton,Move,817,575
13.587,13.587,NoButton,Move,817,578
13.605,13.605,NoButton,Move,817,582
13.621,13.621,NoButton,Move,816,588
13.637,13.637,NoButton,Move,814,592
13.654,13.654,NoButton,Move,812,597
13.67,13.67,NoButton,Move,811,600
13.687,13.687,NoButton,Move,810,602
13.704,13.704,NoButton,Move,809,602
13.721,13.721,NoButton,Move,809,603
13.77,13.77,NoButton,Move,809,603
13.788,13.788,NoButton,Move,809,603
13.804,13.804,NoButton,Move,809,604
13.82,13.82,NoButton,Move,808,606
13.837,13.837,NoButton,Move,807,611
13.854,13.854,NoButton,Move,806,617
13.869,13.869,NoButton,Move,805,623
13.887,13.887,NoButton,Move,803,629
13.904,13.904,NoButton,Move,803,633
13.921,13.921,NoButton,Move,801,636
13.937,13.937,NoButton,Move,801,638
13.953,13.953,NoButton,Move,800,639
13.97,13.97,NoButton,Move,799,640
13.987,13.987,NoButton,Move,798,640
14.003,14.003,NoButton,Move,797,640
14.02,14.02,NoButton,Move,797,640
14.036,14.036,NoButton,Move,797,640
15.877,15.877,NoButton,Move,797,640
15.887,15.887,NoButton,Move,797,641
15.904,15.904,NoButton,Move,797,642
15.921,15.921,NoButton,Move,797,643
15.937,15.937,NoButton,Move,797,644
15.955,15.955,NoButton,Move,797,644
15.97,15.97,NoButton,Move,797,645
16.021,16.021,NoButton,Move,797,645
16.047,16.047,NoButton,Move,797,645
16.064,16.064,NoButton,Move,797,645
16.079,16.079,NoButton,Move,797,646
16.119,16.119,NoButton,Move,797,646
16.638,16.638,NoButton,Move,797,646
16.654,16.654,NoButton,Move,797,647
16.67,16.67,NoButton,Move,797,647
16.687,16.687,NoButton,Move,796,647
16.704,16.704,NoButton,Move,796,647
16.754,16.754,NoButton,Move,796,648
16.784,16.784,Left,Pressed,796,648
16.866,16.866,Left,Released,796,648
18.617,18.617,Scroll,Up,0,1
18.637,18.637,Scroll,Up,0,1
18.654,18.654,Scroll,Up,0,3
18.67,18.67,Scroll,Up,0,3
18.687,18.687,Scroll,Up,0,3
18.702,18.702,Scroll,Up,0,2
18.719,18.719,Scroll,Up,0,3
18.736,18.736,Scroll,Up,0,3
18.753,18.753,Scroll,Up,0,3
18.77,18.77,Scroll,Up,0,2
18.787,18.787,Scroll,Up,0,2
18.803,18.803,Scroll,Up,0,1
18.82,18.82,Scroll,Up,0,1
18.837,18.837,Scroll,Up,0,1
18.853,18.853,Scroll,Up,0,1
18.87,18.87,Scroll,Up,0,1
18.887,18.887,Scroll,Up,0,1
18.904,18.904,Scroll,Up,0,2
18.92,18.92,Scroll,Up,0,2
18.937,18.937,Scroll,Up,0,3
18.954,18.954,Scroll,Up,0,3
18.97,18.97,Scroll,Up,0,3
18.987,18.987,Scroll,Up,0,4
19.003,19.003,Scroll,Up,0,3
19.02,19.02,Scroll,Up,0,4
19.037,19.037,Scroll,Up,0,4
19.054,19.054,Scroll,Up,0,4
19.07,19.07,Scroll,Up,0,4
19.087,19.087,Scroll,Up,0,5
19.103,19.103,Scroll,Up,0,6
19.119,19.119,Scroll,Up,0,7
19.137,19.137,Scroll,Up,0,7
19.154,19.154,Scroll,Up,0,7
19.17,19.17,Scroll,Up,0,5
19.187,19.187,Scroll,Up,0,5
19.204,19.204,Scroll,Up,0,3
19.22,19.22,Scroll,Up,0,2
19.236,19.236,Scroll,Up,0,1
19.254,19.254,Scroll,Up,0,1
19.604,19.604,Scroll,Down,0,1
19.62,19.62,Scroll,Down,0,1
19.636,19.636,Scroll,Down,0,1
19.654,19.654,Scroll,Down,0,1
19.67,19.67,Scroll,Down,0,1
19.687,19.687,Scroll,Down,0,1
19.737,19.737,Scroll,Down,0,1
19.754,19.754,Scroll,Down,0,1
19.77,19.77,Scroll,Down,0,3
19.787,19.787,Scroll,Down,0,5
19.804,19.804,Scroll,Down,0,9
19.821,19.821,Scroll,Down,0,10
19.837,19.837,Scroll,Down,0,10
19.854,19.854,Scroll,Down,0,7
19.871,19.871,Scroll,Down,0,7
19.887,19.887,Scroll,Down,0,4
19.904,19.904,Scroll,Down,0,2
19.921,19.921,Scroll,Down,0,1
19.936,19.936,Scroll,Down,0,1
19.953,19.953,Scroll,Down,0,1
19.97,19.97,Scroll,Down,0,1
20.138,20.138,NoButton,Move,800,647
20.155,20.155,NoButton,Move,809,643
20.171,20.171,NoButton,Move,818,640
20.186,20.186,NoButton,Move,831,635
20.204,20.204,NoButton,Move,849,630
20.22,20.22,NoButton,Move,862,626
20.236,20.236,NoButton,Move,876,623
20.254,20.254,NoButton,Move,884,622
20.269,20.269,NoButton,Move,892,620
20.287,20.287,NoButton,Move,897,619
20.304,20.304,NoButton,Move,900,619
20.32,20.32,NoButton,Move,901,619
20.337,20.337,NoButton,Move,902,619
20.353,20.353,NoButton,Move,902,619
20.428,20.428,NoButton,Move,902,618
20.5,20.5,Left,Pressed,902,618
20.617,20.617,Left,Released,902,618
21.026,21.026,NoButton,Move,902,618
21.038,21.038,NoButton,Move,901,618
21.054,21.054,NoButton,Move,897,619
21.071,21.071,NoButton,Move,894,619
21.086,21.086,NoButton,Move,889,620
21.103,21.103,NoButton,Move,883,621
21.12,21.12,NoButton,Move,875,622
21.138,21.138,NoButton,Move,865,623
21.153,21.153,NoButton,Move,856,625
21.169,21.169,NoButton,Move,851,627
21.187,21.187,NoButton,Move,844,629
21.204,21.204,NoButton,Move,839,630
21.221,21.221,NoButton,Move,836,632
21.237,21.237,NoButton,Move,832,632
21.254,21.254,NoButton,Move,829,633
21.27,21.27,NoButton,Move,827,633
21.287,21.287,NoButton,Move,824,633
21.304,21.304,NoButton,Move,822,633
21.32,21.32,NoButton,Move,822,633
21.337,21.337,NoButton,Move,821,633
21.354,21.354,NoButton,Move,821,633
23.284,23.284,Left,Pressed,821,633
23.384,23.384,Left,Released,821,633
23.779,23.779,NoButton,Move,821,633
23.804,23.804,NoButton,Move,824,634
23.821,23.821,NoButton,Move,826,634
23.836,23.836,NoButton,Move,829,635
23.854,23.854,NoButton,Move,831,636
23.87,23.87,NoButton,Move,832,636
23.886,23.886,NoButton,Move,832,636
23.903,23.903,NoButton,Move,833,637
23.92,23.92,NoButton,Move,833,637
23.936,23.936,NoButton,Move,834,638
23.954,23.954,NoButton,Move,835,639
23.97,23.97,NoButton,Move,836,641
23.987,23.987,NoButton,Move,836,642
24.004,24.004,NoButton,Move,837,645
24.02,24.02,NoButton,Move,837,648
24.037,24.037,NoButton,Move,838,652
24.054,24.054,NoButton,Move,839,658
24.07,24.07,NoButton,Move,839,661
24.087,24.087,NoButton,Move,840,665
24.103,24.103,NoButton,Move,840,667
24.12,24.12,NoButton,Move,840,668
24.15,24.15,Left,Pressed,840,668
24.267,24.267,Left,Released,840,668
24.483,24.483,NoButton,Move,841,668
24.488,24.488,NoButton,Move,845,666
24.504,24.504,NoButton,Move,851,663
24.521,24.521,NoButton,Move,889,639
24.537,24.537,NoButton,Move,906,631
24.553,24.553,NoButton,Move,952,609
24.57,24.57,NoButton,Move,1008,587
24.587,24.587,NoButton,Move,1103,565
24.603,24.603,NoButton,Move,1133,562
24.621,24.621,NoButton,Move,1198,558
24.637,24.637,NoButton,Move,1235,558
24.653,24.653,NoButton,Move,1253,557
24.67,24.67,NoButton,Move,1264,557
24.693,24.693,NoButton,Move,1276,555
24.704,24.704,NoButton,Move,1277,555
24.72,24.72,NoButton,Move,1279,555
24.736,24.736,NoButton,Move,1279,555
24.77,24.77,NoButton,Move,1278,555
24.787,24.787,NoButton,Move,1275,555
24.802,24.802,NoButton,Move,1274,555
24.82,24.82,NoButton,Move,1273,555
24.837,24.837,NoButton,Move,1272,555
24.853,24.853,NoButton,Move,1271,555
24.87,24.87,NoButton,Move,1271,556
24.887,24.887,NoButton,Move,1271,556
24.904,24.904,NoButton,Move,1271,556
24.971,24.971,NoButton,Move,1271,556
24.987,24.987,NoButton,Move,1271,556
25.034,25.034,Left,Pressed,1271,556
25.053,25.053,NoButton,Move,1271,556
25.117,25.117,Left,Released,1271,556
25.537,25.537,NoButton,Move,1270,556
25.554,25.554,NoButton,Move,1270,556
25.571,25.571,NoButton,Move,1260,559
25.586,25.586,NoButton,Move,1245,563
25.604,25.604,NoButton,Move,1209,571
25.621,25.621,NoButton,Move,1161,579
25.637,25.637,NoButton,Move,1098,591
25.654,25.654,NoButton,Move,1030,603
25.671,25.671,NoButton,Move,966,616
25.686,25.686,NoButton,Move,930,623
25.703,25.703,NoButton,Move,907,628
25.719,25.719,NoButton,Move,892,632
25.737,25.737,NoButton,Move,881,634
25.754,25.754,NoButton,Move,878,635
25.769,25.769,NoButton,Move,877,636
26.087,26.087,NoButton,Move,876,636
26.103,26.103,NoButton,Move,874,636
26.121,26.121,NoButton,Move,871,636
26.137,26.137,NoButton,Move,869,637
26.152,26.152,NoButton,Move,866,637
26.17,26.17,NoButton,Move,863,638
26.186,26.186,NoButton,Move,860,639
26.204,26.204,NoButton,Move,858,639
26.22,26.22,NoButton,Move,856,640
26.236,26.236,NoButton,Move,854,641
26.253,26.253,NoButton,Move,853,642
26.271,26.271,NoButton,Move,852,642
26.286,26.286,NoButton,Move,851,643
26.303,26.303,NoButton,Move,850,644
26.321,26.321,NoButton,Move,849,645
26.338,26.338,NoButton,Move,847,645
26.354,26.354,NoButton,Move,846,646
26.371,26.371,NoButton,Move,845,647
26.386,26.386,NoButton,Move,844,647
26.404,26.404,NoButton,Move,844,648
26.42,26.42,NoButton,Move,843,649
26.437,26.437,NoButton,Move,843,649
26.454,26.454,NoButton,Move,843,649
26.478,26.478,NoButton,Move,843,649
26.816,26.816,NoButton,Move,843,649
27.267,27.267,Left,Pressed,843,649
27.4,27.4,Left,Released,843,649
29.714,29.714,NoButton,Move,843,649
29.736,29.736,NoButton,Move,843,649
29.754,29.754,NoButton,Move,843,649
29.77,29.77,NoButton,Move,844,649
29.787,29.787,NoButton,Move,844,650
29.804,29.804,NoButton,Move,844,650
29.82,29.82,NoButton,Move,844,650
29.853,29.853,NoButton,Move,845,650
29.86,29.86,NoButton,Move,845,650
29.871,29.871,NoButton,Move,845,650
29.886,29.886,NoButton,Move,847,649
29.904,29.904,NoButton,Move,850,645
29.92,29.92,NoButton,Move,860,636
29.937,29.937,NoButton,Move,865,631
29.953,29.953,NoButton,Move,886,612
29.971,29.971,NoButton,Move,904,598
29.986,29.986,NoButton,Move,922,584
30.004,30.004,NoButton,Move,934,576
30.021,30.021,NoButton,Move,948,568
30.037,30.037,NoButton,Move,959,562
30.054,30.054,NoButton,Move,965,559
30.071,30.071,NoButton,Move,972,556
30.088,30.088,NoButton,Move,976,554
30.104,30.104,NoButton,Move,977,554
30.499,30.499,NoButton,Move,977,554
30.507,30.507,NoButton,Move,977,557
30.52,30.52,NoButton,Move,977,562
30.537,30.537,NoButton,Move,977,571
30.554,30.554,NoButton,Move,976,587
30.571,30.571,NoButton,Move,976,611
30.587,30.587,NoButton,Move,976,654
30.603,30.603,NoButton,Move,976,674
30.786,30.786,NoButton,Move,976,673
30.794,30.794,NoButton,Move,976,671
30.804,30.804,NoButton,Move,976,668
30.821,30.821,NoButton,Move,978,664
30.837,30.837,Scroll,Down,0,1
30.854,30.854,Scroll,Down,0,5
30.871,30.871,Scroll,Down,0,16
30.887,30.887,Scroll,Down,0,24
30.904,30.904,Scroll,Down,0,26
30.921,30.921,Scroll,Down,0,21
30.937,30.937,Scroll,Down,0,17
30.954,30.954,Scroll,Down,0,13
30.97,30.97,Scroll,Down,0,12
30.986,30.986,Scroll,Down,0,5
31.004,31.004,Scroll,Down,0,6
31.02,31.02,Scroll,Down,0,4
31.036,31.036,Scroll,Down,0,2
31.054,31.054,Scroll,Down,0,1
31.07,31.07,Scroll,Down,0,1
31.086,31.086,Scroll,Down,0,1
31.103,31.103,Scroll,Down,0,1
31.12,31.12,Scroll,Down,0,1
31.604,31.604,NoButton,Move,983,637
31.621,31.621,Scroll,Down,0,1
31.638,31.638,Scroll,Down,0,10
31.653,31.653,Scroll,Down,0,29
31.67,31.67,Scroll,Down,0,37
31.687,31.687,Scroll,Down,0,31
31.704,31.704,Scroll,Down,0,27
31.721,31.721,Scroll,Down,0,18
31.737,31.737,Scroll,Down,0,13
31.754,31.754,Scroll,Down,0,6
31.77,31.77,Scroll,Down,0,3
31.787,31.787,Scroll,Down,0,1
31.803,31.803,Scroll,Down,0,1
31.836,31.836,Scroll,Up,0,0
31.853,31.853,Scroll,Up,0,0
32.851,32.851,Scroll,Up,0,1
32.87,32.87,Scroll,Up,0,8
32.888,32.888,Scroll,Up,0,9
32.904,32.904,Scroll,Up,0,9
32.92,32.92,Scroll,Up,0,9
32.937,32.937,Scroll,Up,0,8
32.954,32.954,Scroll,Up,0,8
32.97,32.97,Scroll,Up,0,7
32.987,32.987,Scroll,Up,0,7
33.003,33.003,Scroll,Up,0,7
33.021,33.021,Scroll,Up,0,5
33.037,33.037,Scroll,Up,0,4
33.054,33.054,Scroll,Up,0,3
33.07,33.07,Scroll,Up,0,2
33.087,33.087,Scroll,Up,0,1
33.103,33.103,Scroll,Up,0,1
33.154,33.154,Scroll,Down,0,1
33.169,33.169,Scroll,Down,0,1
33.187,33.187,Scroll,Down,0,1
33.204,33.204,Scroll,Down,0,1
33.221,33.221,Scroll,Down,0,1
33.237,33.237,Scroll,Down,0,1
33.421,33.421,NoButton,Move,983,634
33.438,33.438,NoButton,Move,988,627
33.455,33.455,NoButton,Move,1001,602
33.487,33.487,NoButton,Move,1042,527
33.504,33.504,NoButton,Move,1065,483
33.52,33.52,NoButton,Move,1091,435
33.537,33.537,NoButton,Move,1106,403
33.554,33.554,NoButton,Move,1124,368
33.57,33.57,NoButton,Move,1131,351
33.587,33.587,NoButton,Move,1135,341
33.604,33.604,NoButton,Move,1138,333
33.62,33.62,NoButton,Move,1139,330
33.637,33.637,NoButton,Move,1139,328
33.654,33.654,NoButton,Move,1139,327
33.671,33.671,NoButton,Move,1139,326
33.687,33.687,NoButton,Move,1139,325
33.704,33.704,NoButton,Move,1139,324
33.72,33.72,NoButton,Move,1139,323
33.737,33.737,NoButton,Move,1139,322
33.753,33.753,NoButton,Move,1138,321
33.77,33.77,NoButton,Move,1138,320
33.787,33.787,NoButton,Move,1138,320
33.836,33.836,NoButton,Move,1138,320
33.854,33.854,NoButton,Move,1138,319
33.87,33.87,NoButton,Move,1138,316
33.886,33.886,NoButton,Move,1138,314
33.904,33.904,NoButton,Move,1138,311
33.92,33.92,NoButton,Move,1138,309
33.936,33.936,NoButton,Move,1138,307
33.954,33.954,NoButton,Move,1137,306
33.97,33.97,NoButton,Move,1136,304
33.988,33.988,NoButton,Move,1136,303
34.004,34.004,NoButton,Move,1135,302
34.019,34.019,NoButton,Move,1134,301
34.037,34.037,NoButton,Move,1133,299
34.053,34.053,NoButton,Move,1132,297
34.07,34.07,NoButton,Move,1131,296
34.087,34.087,NoButton,Move,1130,294
34.104,34.104,NoButton,Move,1129,293
34.119,34.119,NoButton,Move,1128,292
34.136,34.136,NoButton,Move,1128,292
34.154,34.154,NoButton,Move,1128,292
34.17,34.17,NoButton,Move,1128,291
34.191,34.191,NoButton,Move,1128,291
34.274,34.274,NoButton,Move,1128,291
34.301,34.301,Left,Pressed,1128,291
34.383,34.383,Left,Released,1128,291
34.668,34.668,NoButton,Move,1128,292
34.674,34.674,NoButton,Move,1126,296
34.693,34.693,NoButton,Move,1121,305
34.704,34.704,NoButton,Move,1117,310
34.721,34.721,NoButton,Move,1103,327
34.737,34.737,NoButton,Move,1076,356
34.754,34.754,NoButton,Move,1039,391
34.77,34.77,NoButton,Move,992,433
34.788,34.788,NoButton,Move,939,478
34.804,34.804,NoButton,Move,880,526
34.821,34.821,NoButton,Move,824,573
34.837,34.837,NoButton,Move,771,617
34.855,34.855,NoButton,Move,727,662
34.87,34.87,NoButton,Move,699,692
34.887,34.887,NoButton,Move,687,703
34.904,34.904,NoButton,Move,680,710
34.92,34.92,NoButton,Move,676,713
34.937,34.937,NoButton,Move,675,714
34.953,34.953,NoButton,Move,675,714
34.97,34.97,NoButton,Move,675,714
34.987,34.987,NoButton,Move,675,713
35.004,35.004,NoButton,Move,675,713
35.027,35.027,NoButton,Move,675,712
35.207,35.207,NoButton,Move,675,712
35.221,35.221,NoButton,Move,675,711
35.236,35.236,NoButton,Move,677,708
35.254,35.254,NoButton,Move,681,703
35.27,35.27,NoButton,Move,685,697
35.287,35.287,NoButton,Move,688,693
35.304,35.304,NoButton,Move,692,688
35.32,35.32,NoButton,Move,695,685
35.337,35.337,NoButton,Move,698,682
35.354,35.354,NoButton,Move,700,680
35.37,35.37,NoButton,Move,701,679
35.388,35.388,NoButton,Move,702,677
35.403,35.403,NoButton,Move,703,676
35.42,35.42,NoButton,Move,704,674
35.437,35.437,NoButton,Move,705,672
35.453,35.453,NoButton,Move,706,671
35.47,35.47,NoButton,Move,708,670
35.486,35.486,NoButton,Move,708,669
35.504,35.504,NoButton,Move,709,668
35.521,35.521,NoButton,Move,709,668
35.554,35.554,NoButton,Move,709,667
35.674,35.674,NoButton,Move,709,667
35.689,35.689,NoButton,Move,708,667
35.704,35.704,NoButton,Move,708,667
35.72,35.72,NoButton,Move,708,667
35.751,35.751,Left,Pressed,708,667
35.766,35.766,NoButton,Move,707,667
35.817,35.817,Left,Released,707,667
35.97,35.97,NoButton,Move,707,667
35.986,35.986,NoButton,Move,709,659
36.004,36.004,NoButton,Move,716,644
36.021,36.021,NoButton,Move,729,625
36.038,36.038,NoButton,Move,768,570
36.054,36.054,NoButton,Move,830,498
36.071,36.071,NoButton,Move,903,419
36.087,36.087,NoButton,Move,951,368
36.104,36.104,NoButton,Move,1011,319
36.12,36.12,NoButton,Move,1045,294
36.136,36.136,NoButton,Move,1071,279
36.153,36.153,NoButton,Move,1095,267
36.171,36.171,NoButton,Move,1105,262
36.187,36.187,NoButton,Move,1112,257
36.204,36.204,NoButton,Move,1115,255
36.221,36.221,NoButton,Move,1116,254
36.237,36.237,NoButton,Move,1116,253
36.254,36.254,NoButton,Move,1116,252
36.27,36.27,NoButton,Move,1114,252
36.287,36.287,NoButton,Move,1113,252
36.303,36.303,NoButton,Move,1112,252
36.32,36.32,NoButton,Move,1111,252
36.337,36.337,NoButton,Move,1109,252
36.353,36.353,NoButton,Move,1106,255
36.371,36.371,NoButton,Move,1103,257
36.387,36.387,NoButton,Move,1101,258
36.404,36.404,NoButton,Move,1100,259
36.42,36.42,NoButton,Move,1099,259
36.437,36.437,NoButton,Move,1099,259
36.487,36.487,NoButton,Move,1099,258
36.504,36.504,NoButton,Move,1099,257
36.52,36.52,NoButton,Move,1099,255
36.537,36.537,NoButton,Move,1101,252
36.554,36.554,NoButton,Move,1101,249
36.57,36.57,NoButton,Move,1102,247
36.586,36.586,NoButton,Move,1103,246
36.603,36.603,NoButton,Move,1103,245
36.617,36.617,Left,Pressed,1103,245
36.638,36.638,NoButton,Move,1103,245
36.716,36.716,Left,Released,1103,245
36.92,36.92,NoButton,Move,1102,250
36.937,36.937,NoButton,Move,1100,257
36.954,36.954,NoButton,Move,1097,266
36.971,36.971,NoButton,Move,1092,277
36.987,36.987,NoButton,Move,1076,314
37.004,37.004,NoButton,Move,1055,353
37.021,37.021,NoButton,Move,1030,405
37.037,37.037,NoButton,Move,996,462
37.054,37.054,NoButton,Move,962,518
37.071,37.071,NoButton,Move,928,567
37.087,37.087,NoButton,Move,898,613
37.105,37.105,NoButton,Move,877,642
37.12,37.12,NoButton,Move,861,659
37.137,37.137,NoButton,Move,844,671
37.154,37.154,NoButton,Move,837,675
37.171,37.171,NoButton,Move,832,676
37.187,37.187,NoButton,Move,828,676
37.204,37.204,NoButton,Move,827,676
37.221,37.221,NoButton,Move,826,676
37.237,37.237,NoButton,Move,826,676
37.253,37.253,NoButton,Move,826,676
37.27,37.27,NoButton,Move,823,674
37.287,37.287,NoButton,Move,816,668
37.305,37.305,NoButton,Move,810,664
37.32,37.32,NoButton,Move,805,661
37.336,37.336,NoButton,Move,800,659
37.353,37.353,NoButton,Move,796,658
37.37,37.37,NoButton,Move,795,658
37.387,37.387,NoButton,Move,794,657
37.404,37.404,NoButton,Move,794,657
37.42,37.42,NoButton,Move,794,657
37.471,37.471,NoButton,Move,794,656
38.221,38.221,NoButton,Move,794,656
38.27,38.27,NoButton,Move,794,656
38.712,38.712,NoButton,Move,794,655
38.752,38.752,NoButton,Move,794,655
38.787,38.787,NoButton,Move,794,655
38.85,38.85,NoButton,Move,794,654
38.908,38.908,NoButton,Move,794,654
38.974,38.974,NoButton,Move,794,654
39.03,39.03,NoButton,Move,794,654
39.067,39.067,Left,Pressed,794,654
39.917,39.917,Left,Released,794,654
40.742,40.742,NoButton,Move,794,654
40.753,40.753,NoButton,Move,791,654
40.77,40.77,NoButton,Move,779,650
40.787,40.787,NoButton,Move,754,645
40.804,40.804,NoButton,Move,726,639
40.821,40.821,NoButton,Move,672,631
40.837,40.837,NoButton,Move,641,627
40.854,40.854,NoButton,Move,602,622
40.871,40.871,NoButton,Move,583,618
40.887,40.887,NoButton,Move,566,611
41.011,41.011,Scroll,Up,0,2
41.021,41.021,Scroll,Up,0,6
41.037,41.037,Scroll,Up,0,15
41.053,41.053,Scroll,Up,0,26
41.07,41.07,Scroll,Up,0,49
41.086,41.086,Scroll,Up,0,50
41.104,41.104,Scroll,Up,0,53
41.12,41.12,Scroll,Up,0,94
41.137,41.137,Scroll,Up,0,102
41.154,41.154,Scroll,Up,0,102
41.171,41.171,Scroll,Up,0,99
41.187,41.187,Scroll,Up,0,96
41.204,41.204,Scroll,Up,0,91
41.221,41.221,Scroll,Up,0,90
41.236,41.236,Scroll,Up,0,85
41.253,41.253,Scroll,Up,0,81
41.271,41.271,Scroll,Up,0,76
41.287,41.287,Scroll,Up,0,72
41.304,41.304,Scroll,Up,0,66
41.321,41.321,Scroll,Up,0,62
41.737,41.737,NoButton,Move,569,611
41.743,41.743,NoButton,Move,571,611
41.76,41.76,NoButton,Move,574,611
41.777,41.777,NoButton,Move,577,612
41.793,41.793,NoButton,Move,580,612
41.81,41.81,NoButton,Move,582,612
41.827,41.827,NoButton,Move,584,612
41.842,41.842,NoButton,Move,586,612
41.854,41.854,NoButton,Move,586,612
41.869,41.869,NoButton,Move,586,612
41.921,41.921,NoButton,Move,586,611
41.937,41.937,NoButton,Move,584,610
41.955,41.955,NoButton,Move,580,609
41.97,41.97,NoButton,Move,575,607
41.987,41.987,NoButton,Move,570,606
42.004,42.004,NoButton,Move,566,606
42.021,42.021,NoButton,Move,564,606
42.036,42.036,NoButton,Move,562,606
42.054,42.054,NoButton,Move,562,606
42.071,42.071,NoButton,Move,562,606
42.683,42.683,NoButton,Move,561,606
42.69,42.69,NoButton,Move,559,605
42.704,42.704,NoButton,Move,554,603
42.721,42.721,NoButton,Move,528,593
42.737,42.737,NoButton,Move,487,576
42.755,42.755,NoButton,Move,434,553
42.771,42.771,NoButton,Move,397,537
42.786,42.786,NoButton,Move,353,519
42.803,42.803,NoButton,Move,331,511
42.821,42.821,NoButton,Move,310,503
42.837,42.837,NoButton,Move,305,501
43.117,43.117,NoButton,Move,305,501
43.124,43.124,NoButton,Move,303,499
43.136,43.136,NoButton,Move,301,497
43.153,43.153,NoButton,Move,296,492
43.171,43.171,NoButton,Move,283,480
43.187,43.187,NoButton,Move,273,471
43.205,43.205,NoButton,Move,261,460
43.22,43.22,NoButton,Move,252,451
43.236,43.236,NoButton,Move,244,444
43.254,43.254,NoButton,Move,240,440
43.271,43.271,NoButton,Move,235,434
43.286,43.286,NoButton,Move,233,431
43.304,43.304,NoButton,Move,230,427
43.32,43.32,NoButton,Move,230,425
43.336,43.336,NoButton,Move,230,424
43.354,43.354,NoButton,Move,230,421
43.37,43.37,NoButton,Move,230,418
43.387,43.387,NoButton,Move,235,414
43.404,43.404,NoButton,Move,241,408
43.421,43.421,NoButton,Move,248,400
43.437,43.437,NoButton,Move,254,392
43.454,43.454,NoButton,Move,255,390
43.47,43.47,NoButton,Move,259,384
43.487,43.487,NoButton,Move,259,375
43.504,43.504,NoButton,Move,252,368
43.52,43.52,NoButton,Move,236,361
43.538,43.538,NoButton,Move,213,352
43.554,43.554,NoButton,Move,185,344
43.57,43.57,NoButton,Move,166,340
43.587,43.587,NoButton,Move,146,336
43.604,43.604,NoButton,Move,135,334
43.621,43.621,NoButton,Move,125,333
43.637,43.637,NoButton,Move,121,332
43.653,43.653,NoButton,Move,119,331
43.671,43.671,NoButton,Move,118,331
43.755,43.755,NoButton,Move,118,331
43.77,43.77,NoButton,Move,118,332
43.787,43.787,NoButton,Move,118,333
43.804,43.804,NoButton,Move,118,336
43.82,43.82,NoButton,Move,118,340
43.838,43.838,NoButton,Move,117,347
43.853,43.853,NoButton,Move,115,354
43.87,43.87,NoButton,Move,113,362
43.886,43.886,NoButton,Move,112,367
43.903,43.903,NoButton,Move,111,371
43.919,43.919,NoButton,Move,110,374
43.936,43.936,NoButton,Move,110,376
43.967,43.967,Left,Pressed,110,376
43.987,43.987,NoButton,Move,110,376
44.05,44.05,Left,Released,110,376
44.353,44.353,NoButton,Move,111,376
44.369,44.369,NoButton,Move,119,374
44.387,44.387,NoButton,Move,141,368
44.404,44.404,NoButton,Move,178,363
44.421,44.421,NoButton,Move,234,363
44.437,44.437,NoButton,Move,333,391
44.454,44.454,NoButton,Move,431,454
44.47,44.47,NoButton,Move,533,548
44.487,44.487,NoButton,Move,580,601
44.503,44.503,NoButton,Move,679,724
44.519,44.519,NoButton,Move,712,770
44.537,44.537,NoButton,Move,720,783
44.554,44.554,NoButton,Move,736,821
44.57,44.57,NoButton,Move,734,832
44.587,44.587,NoButton,Move,708,847
44.604,44.604,NoButton,Move,669,860
44.621,44.621,NoButton,Move,618,875
44.637,44.637,NoButton,Move,558,893
44.653,44.653,NoButton,Move,500,899
44.67,44.67,NoButton,Move,445,899
44.686,44.686,NoButton,Move,425,899
44.704,44.704,NoButton,Move,393,899
44.72,44.72,NoButton,Move,384,899
44.737,44.737,NoButton,Move,369,889
44.753,44.753,NoButton,Move,367,887
44.77,44.77,NoButton,Move,361,875
44.787,44.787,NoButton,Move,361,870
44.804,44.804,NoButton,Move,361,864
44.821,44.821,NoButton,Move,365,858
44.837,44.837,NoButton,Move,370,851
44.854,44.854,NoButton,Move,376,843
44.871,44.871,NoButton,Move,383,835
44.887,44.887,NoButton,Move,390,829
44.904,44.904,NoButton,Move,397,824
44.92,44.92,NoButton,Move,401,822
44.937,44.937,NoButton,Move,405,820
44.954,44.954,NoButton,Move,409,819
44.97,44.97,NoButton,Move,410,819
44.987,44.987,NoButton,Move,411,819
45.004,45.004,NoButton,Move,411,819
45.101,45.101,Left,Pressed,411,819
45.211,45.211,Left,Released,411,819
49.121,49.121,Scroll,Down,0,5
49.121,49.121,Scroll,Down,0,5
49.137,49.137,Scroll,Down,0,11
49.154,49.154,Scroll,Down,0,19
49.17,49.17,Scroll,Down,0,17
49.187,49.187,Scroll,Down,0,16
49.204,49.204,Scroll,Down,0,13
49.22,49.22,Scroll,Down,0,10
49.237,49.237,Scroll,Down,0,7
49.253,49.253,Scroll,Down,0,5
49.271,49.271,Scroll,Down,0,4
49.286,49.286,Scroll,Down,0,2
49.304,49.304,Scroll,Down,0,1
49.321,49.321,Scroll,Down,0,2
49.321,49.321,Scroll,Down,0,4
49.337,49.337,Scroll,Down,0,4
49.354,49.354,Scroll,Down,0,4
49.371,49.371,Scroll,Down,0,4
49.386,49.386,Scroll,Down,0,4
49.453,49.453,NoButton,Move,411,822
49.471,49.471,NoButton,Move,414,828
49.486,49.486,NoButton,Move,415,832
49.504,49.504,NoButton,Move,416,834
49.52,49.52,NoButton,Move,418,838
49.537,49.537,NoButton,Move,418,839
49.554,49.554,NoButton,Move,419,840
49.57,49.57,NoButton,Move,419,839
49.587,49.587,NoButton,Move,419,834
49.604,49.604,NoButton,Move,419,825
49.621,49.621,NoButton,Move,419,809
49.637,49.637,NoButton,Move,419,804
49.654,49.654,NoButton,Move,417,790
49.67,49.67,NoButton,Move,416,781
49.687,49.687,NoButton,Move,413,770
49.704,49.704,NoButton,Move,411,762
49.719,49.719,NoButton,Move,410,758
49.737,49.737,NoButton,Move,409,756
49.754,49.754,NoButton,Move,409,755
49.77,49.77,NoButton,Move,409,755
49.787,49.787,NoButton,Move,409,755
49.8,49.8,Left,Pressed,409,755
49.805,49.805,Left,Released,409,755
50.9,50.9,NoButton,Move,378,791
50.903,50.903,NoButton,Move,378,791
52.227,52.227,NoButton,Move,379,791
52.237,52.237,NoButton,Move,382,791
52.254,52.254,NoButton,Move,388,791
52.27,52.27,NoButton,Move,400,791
52.287,52.287,NoButton,Move,414,791
52.304,52.304,NoButton,Move,435,791
52.321,52.321,NoButton,Move,459,798
52.338,52.338,NoButton,Move,486,807
52.354,52.354,NoButton,Move,511,817
52.37,52.37,NoButton,Move,515,820
52.387,52.387,NoButton,Move,539,831
52.404,52.404,NoButton,Move,545,835
52.419,52.419,NoButton,Move,551,840
52.437,52.437,NoButton,Move,555,844
52.453,52.453,NoButton,Move,556,845
52.47,52.47,NoButton,Move,556,848
52.486,52.486,NoButton,Move,556,849
52.503,52.503,NoButton,Move,556,850
52.52,52.52,NoButton,Move,555,851
52.537,52.537,NoButton,Move,554,852
52.554,52.554,NoButton,Move,553,852
52.57,52.57,NoButton,Move,551,852
52.587,52.587,NoButton,Move,549,852
52.604,52.604,NoButton,Move,547,852
52.62,52.62,NoButton,Move,545,851
52.637,52.637,NoButton,Move,544,850
52.654,52.654,NoButton,Move,543,850
52.671,52.671,NoButton,Move,542,849
52.687,52.687,NoButton,Move,541,848
52.704,52.704,NoButton,Move,541,847
52.72,52.72,NoButton,Move,540,847
52.738,52.738,NoButton,Move,539,845
52.753,52.753,NoButton,Move,539,844
52.771,52.771,NoButton,Move,538,842
52.787,52.787,NoButton,Move,537,841
52.804,52.804,NoButton,Move,536,839
52.821,52.821,NoButton,Move,536,838
52.837,52.837,NoButton,Move,535,838
52.854,52.854,NoButton,Move,535,837
52.871,52.871,NoButton,Move,535,837
52.886,52.886,NoButton,Move,535,837
52.904,52.904,NoButton,Move,535,836
52.921,52.921,NoButton,Move,534,835
52.937,52.937,NoButton,Move,533,834
52.954,52.954,NoButton,Move,533,832
52.971,52.971,NoButton,Move,532,831
52.987,52.987,NoButton,Move,531,831
53.004,53.004,NoButton,Move,530,830
53.021,53.021,NoButton,Move,530,830
53.037,53.037,NoButton,Move,529,830
53.055,53.055,NoButton,Move,529,830
53.084,53.084,Left,Pressed,529,830
53.2,53.2,Left,Released,529,830
53.617,53.617,NoButton,Move,529,829
53.624,53.624,NoButton,Move,525,823
53.637,53.637,NoButton,Move,519,816
53.654,53.654,NoButton,Move,500,795
53.67,53.67,NoButton,Move,474,762
53.688,53.688,NoButton,Move,381,636
53.703,53.703,NoButton,Move,320,536
53.72,53.72,NoButton,Move,269,443
53.738,53.738,NoButton,Move,234,372
53.754,53.754,NoButton,Move,213,327
54.084,54.084,Scroll,Up,0,1
54.104,54.104,Scroll,Up,0,5
54.12,54.12,Scroll,Up,0,8
54.137,54.137,Scroll,Up,0,8
54.154,54.154,Scroll,Up,0,5
54.171,54.171,Scroll,Up,0,6
54.187,54.187,Scroll,Up,0,4
54.204,54.204,Scroll,Up,0,7
54.221,54.221,Scroll,Up,0,7
54.289,54.289,NoButton,Move,211,325
54.304,54.304,NoButton,Move,207,319
54.321,54.321,NoButton,Move,186,291
54.338,54.338,NoButton,Move,159,253
54.354,54.354,NoButton,Move,146,234
54.371,54.371,NoButton,Move,131,217
54.387,54.387,NoButton,Move,125,210
54.404,54.404,NoButton,Move,117,201
54.421,54.421,NoButton,Move,113,196
54.437,54.437,NoButton,Move,108,191
54.454,54.454,NoButton,Move,104,185
54.469,54.469,NoButton,Move,103,182
54.487,54.487,NoButton,Move,99,175
54.504,54.504,NoButton,Move,97,172
54.521,54.521,NoButton,Move,97,171
54.537,54.537,NoButton,Move,97,170
54.553,54.553,NoButton,Move,97,169
54.57,54.57,NoButton,Move,97,169
54.587,54.587,NoButton,Move,97,169
54.604,54.604,NoButton,Move,97,168
54.62,54.62,NoButton,Move,97,168
54.637,54.637,NoButton,Move,97,167
54.653,54.653,NoButton,Move,97,167
54.666,54.666,Left,Pressed,97,167
54.75,54.75,Left,Released,97,167
54.92,54.92,NoButton,Move,97,167
54.937,54.937,NoButton,Move,100,167
54.953,54.953,NoButton,Move,103,167
54.97,54.97,NoButton,Move,108,167
54.987,54.987,NoButton,Move,113,167
55.004,55.004,NoButton,Move,121,167
55.02,55.02,NoButton,Move,132,167
55.037,55.037,NoButton,Move,149,168
55.055,55.055,NoButton,Move,171,173
55.071,55.071,NoButton,Move,210,183
55.087,55.087,NoButton,Move,253,199
55.104,55.104,NoButton,Move,303,224
55.121,55.121,NoButton,Move,352,254
55.137,55.137,NoButton,Move,385,274
55.154,55.154,NoButton,Move,409,290
55.17,55.17,NoButton,Move,423,299
55.187,55.187,NoButton,Move,434,305
55.204,55.204,NoButton,Move,438,308
55.221,55.221,NoButton,Move,439,309
55.246,55.246,NoButton,Move,439,308
55.254,55.254,NoButton,Move,438,307
55.27,55.27,NoButton,Move,437,306
55.288,55.288,NoButton,Move,435,305
55.558,55.558,NoButton,Move,437,306
55.57,55.57,NoButton,Move,442,310
55.588,55.588,NoButton,Move,452,320
55.604,55.604,NoButton,Move,471,338
55.62,55.62,NoButton,Move,503,370
55.636,55.636,NoButton,Move,543,412
55.653,55.653,NoButton,Move,586,456
55.67,55.67,NoButton,Move,612,482
55.688,55.688,NoButton,Move,634,503
55.703,55.703,NoButton,Move,652,520
55.721,55.721,NoButton,Move,670,534
55.736,55.736,NoButton,Move,671,535
55.754,55.754,NoButton,Move,681,542
55.771,55.771,NoButton,Move,683,545
55.787,55.787,NoButton,Move,685,545
55.804,55.804,NoButton,Move,686,546
55.82,55.82,NoButton,Move,686,547
55.837,55.837,NoButton,Move,687,547
55.854,55.854,NoButton,Move,687,548
55.87,55.87,NoButton,Move,688,550
55.887,55.887,NoButton,Move,689,552
55.905,55.905,NoButton,Move,689,553
55.92,55.92,NoButton,Move,690,554
55.937,55.937,NoButton,Move,690,554
55.954,55.954,NoButton,Move,690,555
56.001,56.001,Left,Pressed,690,555
56.066,56.066,Left,Released,690,555
56.5,56.5,NoButton,Move,690,554
56.508,56.508,NoButton,Move,690,552
56.521,56.521,NoButton,Move,690,549
56.537,56.537,NoButton,Move,690,542
56.554,56.554,NoButton,Move,689,534
56.571,56.571,NoButton,Move,688,527
56.587,56.587,NoButton,Move,688,519
56.605,56.605,NoButton,Move,688,507
56.62,56.62,NoButton,Move,688,503
56.637,56.637,NoButton,Move,689,488
56.654,56.654,NoButton,Move,691,480
58.898,58.898,NoButton,Move,692,480
58.919,58.919,NoButton,Move,704,486
58.937,58.937,NoButton,Move,722,492
58.953,58.953,NoButton,Move,743,498
58.97,58.97,NoButton,Move,774,510
58.987,58.987,NoButton,Move,808,526
59.003,59.003,NoButton,Move,837,542
59.02,59.02,NoButton,Move,854,552
59.037,59.037,NoButton,Move,870,563
59.053,59.053,NoButton,Move,882,571
59.07,59.07,NoButton,Move,887,577
59.087,59.087,NoButton,Move,891,583
59.104,59.104,NoButton,Move,893,589
59.12,59.12,NoButton,Move,894,595
59.137,59.137,NoButton,Move,894,602
59.154,59.154,NoButton,Move,894,611
59.171,59.171,NoButton,Move,891,619
59.187,59.187,NoButton,Move,887,627
59.205,59.205,NoButton,Move,881,635
59.221,59.221,NoButton,Move,875,641
59.236,59.236,NoButton,Move,869,647
59.253,59.253,NoButton,Move,865,650
59.27,59.27,NoButton,Move,859,653
59.286,59.286,NoButton,Move,856,656
59.304,59.304,NoButton,Move,853,657
59.321,59.321,NoButton,Move,851,658
59.337,59.337,NoButton,Move,850,658
59.354,59.354,NoButton,Move,849,659
59.783,59.783,NoButton,Move,849,658
59.832,59.832,NoButton,Move,849,658
59.848,59.848,NoButton,Move,849,658
59.887,59.887,NoButton,Move,849,658
59.978,59.978,NoButton,Move,849,657
59.987,59.987,NoButton,Move,850,657
60.004,60.004,NoButton,Move,850,657
60.021,60.021,NoButton,Move,850,657
60.037,60.037,NoButton,Move,851,657
60.054,60.054,NoButton,Move,851,656
60.071,60.071,NoButton,Move,851,656
60.086,60.086,NoButton,Move,852,656
60.103,60.103,NoButton,Move,852,656
60.12,60.12,NoButton,Move,852,656
60.137,60.137,NoButton,Move,852,656
60.314,60.314,NoButton,Move,852,655
60.321,60.321,NoButton,Move,852,654
60.338,60.338,NoButton,Move,851,653
60.353,60.353,NoButton,Move,851,652
60.37,60.37,NoButton,Move,849,650
60.387,60.387,NoButton,Move,848,648
60.404,60.404,NoButton,Move,847,647
60.42,60.42,NoButton,Move,847,646
60.438,60.438,NoButton,Move,846,646
60.454,60.454,NoButton,Move,846,646
60.471,60.471,NoButton,Move,846,645
60.487,60.487,NoButton,Move,846,645
60.504,60.504,NoButton,Move,846,645
60.526,60.526,NoButton,Move,846,644
60.57,60.57,NoButton,Move,846,644
67.785,67.785,Left,Pressed,846,644
68.518,68.518,Left,Released,846,644
69.273,69.273,NoButton,Move,846,643
69.286,69.286,NoButton,Move,843,640
69.303,69.303,NoButton,Move,832,624
69.321,69.321,NoButton,Move,803,594
69.337,69.337,NoButton,Move,774,569
69.355,69.355,NoButton,Move,745,546
69.37,69.37,NoButton,Move,719,528
69.387,69.387,NoButton,Move,705,519
69.404,69.404,NoButton,Move,691,510
69.42,69.42,NoButton,Move,683,504
69.437,69.437,NoButton,Move,676,499
69.454,69.454,NoButton,Move,672,495
69.47,69.47,NoButton,Move,669,492
78.827,78.827,NoButton,Move,670,493
78.837,78.837,NoButton,Move,671,494
78.854,78.854,NoButton,Move,676,499
78.871,78.871,NoButton,Move,687,510
78.887,78.887,NoButton,Move,698,521
78.904,78.904,NoButton,Move,707,530
78.922,78.922,NoButton,Move,716,539
78.936,78.936,NoButton,Move,719,543
78.954,78.954,NoButton,Move,721,545
78.971,78.971,NoButton,Move,724,548
78.987,78.987,NoButton,Move,725,549
79.004,79.004,NoButton,Move,725,550
79.104,79.104,NoButton,Move,723,549
79.12,79.12,NoButton,Move,675,540
79.137,79.137,NoButton,Move,587,527
79.154,79.154,NoButton,Move,463,517
79.17,79.17,NoButton,Move,320,506
79.187,79.187,NoButton,Move,238,495
79.204,79.204,NoButton,Move,183,484
79.22,79.22,NoButton,Move,150,474
79.237,79.237,NoButton,Move,131,466
79.456,79.456,NoButton,Move,131,465
79.481,79.481,NoButton,Move,135,452
79.489,79.489,NoButton,Move,136,447
79.504,79.504,NoButton,Move,137,443
79.521,79.521,NoButton,Move,139,415
79.537,79.537,NoButton,Move,139,404
79.554,79.554,NoButton,Move,139,381
79.571,79.571,NoButton,Move,134,357
79.587,79.587,NoButton,Move,129,342
79.604,79.604,NoButton,Move,121,320
79.621,79.621,NoButton,Move,118,313
79.637,79.637,NoButton,Move,115,307
79.654,79.654,NoButton,Move,111,300
79.671,79.671,NoButton,Move,108,297
79.687,79.687,NoButton,Move,103,293
79.704,79.704,NoButton,Move,98,287
79.721,79.721,NoButton,Move,90,275
79.737,79.737,NoButton,Move,86,265
79.754,79.754,NoButton,Move,82,256
79.77,79.77,NoButton,Move,80,250
79.787,79.787,NoButton,Move,79,247
79.804,79.804,NoButton,Move,79,246
79.821,79.821,NoButton,Move,79,246
79.851,79.851,Left,Pressed,79,246
79.95,79.95,Left,Released,79,246
80.711,80.711,NoButton,Move,80,246
80.721,80.721,NoButton,Move,84,249
80.737,80.737,NoButton,Move,95,256
80.754,80.754,NoButton,Move,142,288
80.771,80.771,NoButton,Move,213,340
80.788,80.788,NoButton,Move,313,403
80.805,80.805,NoButton,Move,379,441
80.821,80.821,NoButton,Move,426,464
80.837,80.837,NoButton,Move,460,478
80.854,80.854,NoButton,Move,475,485
81.161,81.161,NoButton,Move,473,485
81.187,81.187,NoButton,Move,457,479
81.204,81.204,NoButton,Move,442,469
81.22,81.22,NoButton,Move,423,455
81.237,81.237,NoButton,Move,402,437
81.254,81.254,NoButton,Move,391,426
81.271,81.271,NoButton,Move,380,414
81.287,81.287,NoButton,Move,372,404
81.304,81.304,NoButton,Move,369,399
81.321,81.321,NoButton,Move,367,394
81.337,81.337,NoButton,Move,365,390
81.355,81.355,NoButton,Move,364,385
81.371,81.371,NoButton,Move,364,379
81.387,81.387,NoButton,Move,364,373
81.404,81.404,NoButton,Move,364,368
81.422,81.422,NoButton,Move,364,362
81.437,81.437,NoButton,Move,364,358
81.454,81.454,NoButton,Move,367,353
81.473,81.473,NoButton,Move,367,352
81.487,81.487,NoButton,Move,369,350
81.503,81.503,NoButton,Move,370,348
81.52,81.52,NoButton,Move,371,347
81.537,81.537,NoButton,Move,372,346
81.554,81.554,NoButton,Move,374,345
81.571,81.571,NoButton,Move,375,344
81.586,81.586,NoButton,Move,376,343
81.603,81.603,NoButton,Move,377,342
81.621,81.621,NoButton,Move,378,341
81.638,81.638,NoButton,Move,379,339
81.654,81.654,NoButton,Move,380,338
81.671,81.671,NoButton,Move,381,336
81.687,81.687,NoButton,Move,382,335
81.704,81.704,NoButton,Move,383,334
81.721,81.721,NoButton,Move,383,333
81.737,81.737,NoButton,Move,384,333
81.766,81.766,NoButton,Move,384,333
81.856,81.856,NoButton,Move,384,332
81.93,81.93,NoButton,Move,384,332
81.971,81.971,NoButton,Move,384,332
82.078,82.078,NoButton,Move,384,333
82.087,82.087,NoButton,Move,383,335
82.104,82.104,NoButton,Move,381,342
82.121,82.121,NoButton,Move,380,350
82.136,82.136,NoButton,Move,379,362
82.153,82.153,NoButton,Move,379,374
82.17,82.17,NoButton,Move,379,386
82.187,82.187,NoButton,Move,379,393
82.204,82.204,NoButton,Move,379,398
82.22,82.22,NoButton,Move,379,401
82.234,82.234,Left,Pressed,379,401
82.238,82.238,Left,Released,379,401
84.554,84.554,NoButton,Move,433,454
84.57,84.57,NoButton,Move,433,449
84.588,84.588,NoButton,Move,433,447
84.604,84.604,NoButton,Move,433,445
84.62,84.62,NoButton,Move,433,441
84.638,84.638,NoButton,Move,432,434
84.654,84.654,NoButton,Move,432,432
84.67,84.67,NoButton,Move,431,427
84.687,84.687,NoButton,Move,431,426
84.704,84.704,NoButton,Move,431,426
84.72,84.72,NoButton,Move,430,427
84.737,84.737,NoButton,Move,429,435
84.754,84.754,NoButton,Move,428,447
84.77,84.77,NoButton,Move,425,461
84.787,84.787,NoButton,Move,423,473
84.804,84.804,NoButton,Move,422,479
84.82,84.82,NoButton,Move,421,484
84.837,84.837,NoButton,Move,420,486
84.855,84.855,NoButton,Move,419,487
84.87,84.87,NoButton,Move,419,487
84.901,84.901,Left,Pressed,419,487
85.007,85.007,Left,Released,419,487
92.151,92.151,NoButton,Move,420,487
92.17,92.17,NoButton,Move,429,490
92.187,92.187,NoButton,Move,437,493
92.204,92.204,NoButton,Move,450,500
92.22,92.22,NoButton,Move,462,506
92.237,92.237,NoButton,Move,479,518
92.254,92.254,NoButton,Move,493,530
92.271,92.271,NoButton,Move,503,540
92.288,92.288,NoButton,Move,514,556
92.304,92.304,NoButton,Move,516,561
92.321,92.321,NoButton,Move,520,573
92.337,92.337,NoButton,Move,520,579
92.354,92.354,NoButton,Move,520,588
92.37,92.37,NoButton,Move,515,593
92.388,92.388,NoButton,Move,510,596
92.405,92.405,NoButton,Move,502,599
92.42,92.42,NoButton,Move,496,602
92.437,92.437,NoButton,Move,488,604
92.455,92.455,NoButton,Move,484,606
92.471,92.471,NoButton,Move,481,606
92.487,92.487,NoButton,Move,474,608
92.505,92.505,NoButton,Move,470,609
92.52,92.52,NoButton,Move,466,612
92.537,92.537,NoButton,Move,464,613
92.554,92.554,NoButton,Move,461,615
92.571,92.571,NoButton,Move,459,616
92.588,92.588,NoButton,Move,459,617
92.603,92.603,NoButton,Move,458,617
92.621,92.621,NoButton,Move,457,618
92.654,92.654,NoButton,Move,457,618
92.67,92.67,NoButton,Move,457,618
92.704,92.704,NoButton,Move,457,618
92.721,92.721,NoButton,Move,457,619
92.736,92.736,NoButton,Move,457,619
92.754,92.754,NoButton,Move,457,621
92.77,92.77,NoButton,Move,457,622
92.787,92.787,NoButton,Move,456,623
92.804,92.804,NoButton,Move,456,624
92.821,92.821,NoButton,Move,456,624
92.837,92.837,NoButton,Move,455,624
92.854,92.854,NoButton,Move,453,619
92.871,92.871,NoButton,Move,451,611
92.886,92.886,NoButton,Move,450,606
92.904,92.904,NoButton,Move,446,594
92.919,92.919,NoButton,Move,444,588
92.936,92.936,NoButton,Move,443,585
92.954,92.954,NoButton,Move,442,583
92.971,92.971,NoButton,Move,442,583
93.004,93.004,NoButton,Move,442,583
93.054,93.054,NoButton,Move,441,583
93.068,93.068,Left,Pressed,441,583
93.159,93.159,Left,Released,441,583
95.369,95.369,NoButton,Move,443,584
95.387,95.387,NoButton,Move,450,590
95.405,95.405,NoButton,Move,453,591
95.419,95.419,NoButton,Move,455,593
95.436,95.436,NoButton,Move,458,594
95.453,95.453,NoButton,Move,461,596
95.471,95.471,NoButton,Move,462,596
95.487,95.487,NoButton,Move,467,598
95.504,95.504,NoButton,Move,470,600
95.521,95.521,NoButton,Move,474,602
95.536,95.536,NoButton,Move,475,603
95.554,95.554,NoButton,Move,477,605
95.571,95.571,NoButton,Move,477,606
95.587,95.587,NoButton,Move,478,607
95.604,95.604,NoButton,Move,478,607
95.621,95.621,NoButton,Move,478,607
95.635,95.635,Left,Pressed,478,607
95.64,95.64,NoButton,Move,478,607
95.749,95.749,Left,Released,478,607
95.964,95.964,NoButton,Move,478,608
95.972,95.972,NoButton,Move,478,610
95.987,95.987,NoButton,Move,478,612
96.004,96.004,NoButton,Move,477,616
96.021,96.021,NoButton,Move,474,622
96.037,96.037,NoButton,Move,472,627
96.054,96.054,NoButton,Move,470,631
96.07,96.07,NoButton,Move,469,633
96.087,96.087,NoButton,Move,469,634
96.104,96.104,NoButton,Move,469,635
96.134,96.134,Left,Pressed,469,635
96.217,96.217,Left,Released,469,635
96.678,96.678,NoButton,Move,469,635
96.687,96.687,NoButton,Move,469,632
96.704,96.704,NoButton,Move,472,624
96.72,96.72,NoButton,Move,481,609
96.737,96.737,NoButton,Move,507,575
96.755,96.755,NoButton,Move,540,543
96.771,96.771,NoButton,Move,578,515
96.788,96.788,NoButton,Move,606,498
96.804,96.804,NoButton,Move,640,480
96.821,96.821,NoButton,Move,660,471
96.837,96.837,NoButton,Move,673,467
96.853,96.853,NoButton,Move,684,463
96.871,96.871,NoButton,Move,689,462
96.886,96.886,NoButton,Move,691,462
96.903,96.903,NoButton,Move,691,462
96.921,96.921,NoButton,Move,691,465
96.937,96.937,NoButton,Move,687,469
96.955,96.955,NoButton,Move,681,475
96.971,96.971,NoButton,Move,678,477
96.988,96.988,NoButton,Move,673,481
97.003,97.003,NoButton,Move,670,483
97.02,97.02,NoButton,Move,667,486
97.037,97.037,NoButton,Move,666,487
97.067,97.067,Left,Pressed,666,487
97.087,97.087,NoButton,Move,666,487
97.184,97.184,Left,Released,666,487
97.807,97.807,NoButton,Move,665,487
97.827,97.827,NoButton,Move,660,486
97.837,97.837,NoButton,Move,654,485
97.855,97.855,NoButton,Move,644,482
97.871,97.871,NoButton,Move,631,478
97.887,97.887,NoButton,Move,617,476
97.905,97.905,NoButton,Move,606,474
97.92,97.92,NoButton,Move,600,474
97.937,97.937,NoButton,Move,594,474
97.953,97.953,NoButton,Move,590,474
97.971,97.971,NoButton,Move,586,474
97.988,97.988,NoButton,Move,584,474
98.004,98.004,NoButton,Move,583,473
98.021,98.021,NoButton,Move,582,473
98.037,98.037,NoButton,Move,580,472
98.054,98.054,NoButton,Move,579,471
98.071,98.071,NoButton,Move,579,471
98.101,98.101,Left,Pressed,579,471
98.106,98.106,NoButton,Move,578,471
98.251,98.251,Left,Released,578,471
98.716,98.716,NoButton,Move,578,471
98.736,98.736,NoButton,Move,579,475
98.753,98.753,NoButton,Move,580,479
98.77,98.77,NoButton,Move,580,485
98.787,98.787,NoButton,Move,581,489
98.804,98.804,NoButton,Move,581,493
98.82,98.82,NoButton,Move,581,495
98.837,98.837,NoButton,Move,581,496
98.854,98.854,NoButton,Move,581,497
98.935,98.935,Left,Pressed,581,497
99.057,99.057,Left,Released,581,497
102.43,102.43,NoButton,Move,581,500
102.454,102.454,NoButton,Move,580,502
102.471,102.471,NoButton,Move,579,503
102.487,102.487,NoButton,Move,578,502
102.505,102.505,NoButton,Move,573,490
102.52,102.52,NoButton,Move,556,446
102.537,102.537,NoButton,Move,537,402
102.554,102.554,NoButton,Move,503,325
102.57,102.57,NoButton,Move,483,282
102.587,102.587,NoButton,Move,476,271
102.605,102.605,NoButton,Move,465,255
102.621,102.621,NoButton,Move,460,250
102.637,102.637,NoButton,Move,457,249
102.654,102.654,NoButton,Move,455,249
102.671,102.671,NoButton,Move,453,250
102.687,102.687,NoButton,Move,451,254
102.704,102.704,NoButton,Move,447,262
102.72,102.72,NoButton,Move,444,272
102.737,102.737,NoButton,Move,441,284
102.754,102.754,NoButton,Move,439,294
102.772,102.772,NoButton,Move,437,302
102.787,102.787,NoButton,Move,436,307
102.804,102.804,NoButton,Move,436,309
102.823,102.823,NoButton,Move,435,310
102.833,102.833,Left,Pressed,435,310
102.837,102.837,Left,Released,435,310
103.868,103.868,NoButton,Move,435,440
103.87,103.87,NoButton,Move,439,420
103.887,103.887,NoButton,Move,434,444
103.904,103.904,NoButton,Move,433,447
103.92,103.92,NoButton,Move,433,449
103.937,103.937,NoButton,Move,433,450
103.954,103.954,NoButton,Move,433,450
104.016,104.016,Left,Pressed,433,450
104.1,104.1,Left,Released,433,450
104.221,104.221,NoButton,Move,433,449
104.238,104.238,NoButton,Move,433,438
104.254,104.254,NoButton,Move,433,432
104.271,104.271,NoButton,Move,432,418
104.287,104.287,NoButton,Move,432,409
104.304,104.304,NoButton,Move,432,406
104.335,104.335,Left,Pressed,432,406
104.338,104.338,Left,Released,432,406
104.354,104.354,NoButton,Move,432,405
106.713,106.713,NoButton,Move,425,466
106.72,106.72,NoButton,Move,423,462
106.737,106.737,NoButton,Move,422,457
106.754,106.754,NoButton,Move,420,454
106.77,106.77,NoButton,Move,419,453
106.787,106.787,NoButton,Move,417,453
106.804,106.804,NoButton,Move,413,459
106.82,106.82,NoButton,Move,408,469
106.837,106.837,NoButton,Move,403,482
106.854,106.854,NoButton,Move,400,488
106.87,106.87,NoButton,Move,398,494
106.887,106.887,NoButton,Move,397,496
106.904,106.904,NoButton,Move,396,497
106.92,106.92,NoButton,Move,396,498
106.933,106.933,Left,Pressed,396,498
107.065,107.065,Left,Released,396,498
110.458,110.458,NoButton,Move,395,501
110.482,110.482,NoButton,Move,393,507
110.489,110.489,NoButton,Move,392,508
110.504,110.504,NoButton,Move,392,508
110.521,110.521,NoButton,Move,392,508
110.537,110.537,NoButton,Move,391,504
110.554,110.554,NoButton,Move,388,479
110.571,110.571,NoButton,Move,382,408
110.588,110.588,NoButton,Move,376,350
110.604,110.604,NoButton,Move,371,271
110.62,110.62,NoButton,Move,370,244
110.637,110.637,NoButton,Move,369,231
110.654,110.654,NoButton,Move,368,223
110.67,110.67,NoButton,Move,368,219
110.687,110.687,NoButton,Move,368,219
110.704,110.704,NoButton,Move,368,219
110.721,110.721,NoButton,Move,367,219
110.745,110.745,NoButton,Move,367,219
110.754,110.754,NoButton,Move,367,219
110.771,110.771,NoButton,Move,367,226
110.787,110.787,NoButton,Move,367,237
110.804,110.804,NoButton,Move,367,257
110.82,110.82,NoButton,Move,368,270
110.838,110.838,NoButton,Move,370,287
110.854,110.854,NoButton,Move,371,299
110.871,110.871,NoButton,Move,372,310
110.887,110.887,NoButton,Move,373,320
110.904,110.904,NoButton,Move,374,328
110.922,110.922,NoButton,Move,374,335
110.936,110.936,NoButton,Move,374,339
110.954,110.954,NoButton,Move,375,342
110.97,110.97,NoButton,Move,375,344
110.983,110.983,Left,Pressed,375,344
111.019,111.019,NoButton,Move,375,344
111.116,111.116,Left,Released,375,344
111.286,111.286,NoButton,Move,375,343
111.293,111.293,NoButton,Move,375,342
111.304,111.304,NoButton,Move,375,340
111.322,111.322,NoButton,Move,374,334
111.337,111.337,NoButton,Move,374,330
111.354,111.354,NoButton,Move,374,327
111.371,111.371,NoButton,Move,374,325
111.384,111.384,Left,Pressed,374,325
111.388,111.388,Left,Released,374,325
113.271,113.271,NoButton,Move,412,444
113.286,113.286,NoButton,Move,413,472
113.304,113.304,NoButton,Move,411,475
113.32,113.32,NoButton,Move,410,479
113.337,113.337,NoButton,Move,409,482
113.354,113.354,NoButton,Move,409,484
113.37,113.37,NoButton,Move,409,486
113.387,113.387,NoButton,Move,408,486
113.412,113.412,NoButton,Move,408,485
113.42,113.42,NoButton,Move,408,485
113.438,113.438,NoButton,Move,408,484
113.517,113.517,Left,Pressed,408,484
113.616,113.616,Left,Released,408,484
113.723,113.723,NoButton,Move,409,484
113.737,113.737,NoButton,Move,411,484
113.754,113.754,NoButton,Move,415,484
114.438,114.438,NoButton,Move,417,486
114.454,114.454,NoButton,Move,432,504
114.47,114.47,NoButton,Move,440,514
114.487,114.487,NoButton,Move,463,547
114.504,114.504,NoButton,Move,475,568
114.52,114.52,NoButton,Move,481,583
114.537,114.537,NoButton,Move,487,599
114.554,114.554,NoButton,Move,490,613
114.571,114.571,NoButton,Move,491,620
114.587,114.587,NoButton,Move,492,626
114.604,114.604,NoButton,Move,493,630
114.621,114.621,NoButton,Move,493,631
114.636,114.636,NoButton,Move,493,631
114.803,114.803,NoButton,Move,493,631
114.821,114.821,NoButton,Move,493,631
114.838,114.838,NoButton,Move,493,630
114.854,114.854,NoButton,Move,493,630
114.871,114.871,NoButton,Move,492,629
114.887,114.887,NoButton,Move,492,629
114.903,114.903,NoButton,Move,491,629
114.928,114.928,NoButton,Move,491,629
119.113,119.113,NoButton,Move,491,629
119.194,119.194,NoButton,Move,491,629
119.504,119.504,NoButton,Move,491,629
119.52,119.52,NoButton,Move,491,628
119.537,119.537,NoButton,Move,490,626
119.554,119.554,NoButton,Move,487,621
119.57,119.57,NoButton,Move,485,619
119.587,119.587,NoButton,Move,482,615
119.604,119.604,NoButton,Move,479,612
119.62,119.62,NoButton,Move,477,610
119.637,119.637,NoButton,Move,474,607
119.654,119.654,NoButton,Move,471,604
119.67,119.67,NoButton,Move,468,601
119.687,119.687,NoButton,Move,466,597
119.704,119.704,NoButton,Move,464,595
119.72,119.72,NoButton,Move,462,592
119.738,119.738,NoButton,Move,461,591
119.753,119.753,NoButton,Move,461,591
119.77,119.77,NoButton,Move,461,590
119.787,119.787,NoButton,Move,461,590
119.804,119.804,NoButton,Move,460,588
119.821,119.821,NoButton,Move,460,588
119.834,119.834,Left,Pressed,460,588
119.937,119.937,NoButton,Move,460,587
119.949,119.949,Left,Released,460,587
122.654,122.654,NoButton,Move,461,589
122.67,122.67,NoButton,Move,477,597
122.721,122.721,NoButton,Move,572,623
122.737,122.737,NoButton,Move,597,628
122.753,122.753,NoButton,Move,622,633
122.769,122.769,NoButton,Move,634,635
122.787,122.787,NoButton,Move,643,636
122.804,122.804,NoButton,Move,647,637
122.82,122.82,NoButton,Move,648,637
122.837,122.837,NoButton,Move,649,637
122.854,122.854,NoButton,Move,649,638
122.888,122.888,NoButton,Move,648,638
122.904,122.904,NoButton,Move,647,638
122.921,122.921,NoButton,Move,647,638
122.951,122.951,Left,Pressed,647,638
123.07,123.07,Left,Released,647,638
123.259,123.259,NoButton,Move,647,638
123.271,123.271,NoButton,Move,644,638
123.287,123.287,NoButton,Move,636,634
123.304,123.304,NoButton,Move,620,626
123.321,123.321,NoButton,Move,569,595
123.337,123.337,NoButton,Move,507,550
123.356,123.356,NoButton,Move,431,481
123.371,123.371,NoButton,Move,374,424
123.388,123.388,NoButton,Move,333,383
123.405,123.405,NoButton,Move,319,372
123.421,123.421,NoButton,Move,300,356
123.438,123.438,NoButton,Move,289,350
123.604,123.604,NoButton,Move,289,350
123.621,123.621,NoButton,Move,299,352
123.637,123.637,NoButton,Move,313,357
123.654,123.654,NoButton,Move,353,372
123.671,123.671,NoButton,Move,439,401
123.687,123.687,NoButton,Move,524,432
123.705,123.705,NoButton,Move,582,453
123.721,123.721,NoButton,Move,624,469
123.739,123.739,NoButton,Move,669,483
123.754,123.754,NoButton,Move,680,486
123.77,123.77,NoButton,Move,688,488
123.92,123.92,NoButton,Move,688,489
123.937,123.937,NoButton,Move,688,492
123.954,123.954,NoButton,Move,688,496
123.97,123.97,NoButton,Move,688,497
123.987,123.987,NoButton,Move,686,502
124.004,124.004,NoButton,Move,685,505
124.021,124.021,NoButton,Move,685,506
124.037,124.037,NoButton,Move,685,506
124.051,124.051,Left,Pressed,685,506
124.071,124.071,NoButton,Move,685,506
124.151,124.151,Left,Released,685,506
124.841,124.841,NoButton,Move,684,506
124.858,124.858,NoButton,Move,678,506
124.871,124.871,NoButton,Move,672,506
124.887,124.887,NoButton,Move,644,507
124.904,124.904,NoButton,Move,546,500
124.921,124.921,NoButton,Move,452,484
124.938,124.938,NoButton,Move,344,458
124.954,124.954,NoButton,Move,274,436
124.988,124.988,NoButton,Move,195,406
125.004,125.004,NoButton,Move,176,399
125.021,125.021,NoButton,Move,162,393
125.038,125.038,NoButton,Move,157,391
125.053,125.053,NoButton,Move,155,391
125.357,125.357,NoButton,Move,155,391
125.371,125.371,NoButton,Move,154,391
125.388,125.388,NoButton,Move,149,388
125.404,125.404,NoButton,Move,146,387
125.421,125.421,NoButton,Move,141,383
125.437,125.437,NoButton,Move,138,380
125.453,125.453,NoButton,Move,136,378
125.471,125.471,NoButton,Move,135,377
125.487,125.487,NoButton,Move,134,376
125.504,125.504,NoButton,Move,134,376
125.521,125.521,NoButton,Move,134,375
125.553,125.553,NoButton,Move,134,375
125.587,125.587,NoButton,Move,134,375
125.604,125.604,NoButton,Move,134,375
125.798,125.798,NoButton,Move,134,374
125.814,125.814,NoButton,Move,134,374
125.83,125.83,NoButton,Move,134,374
125.88,125.88,NoButton,Move,134,374
126.509,126.509,NoButton,Move,134,374
126.525,126.525,NoButton,Move,134,374
126.536,126.536,NoButton,Move,134,374
126.554,126.554,NoButton,Move,134,375
126.571,126.571,NoButton,Move,135,375
126.587,126.587,NoButton,Move,135,376
126.605,126.605,NoButton,Move,135,376
126.621,126.621,NoButton,Move,135,376
126.636,126.636,NoButton,Move,136,376
126.656,126.656,NoButton,Move,136,376
126.701,126.701,Left,Pressed,136,376
126.716,126.716,NoButton,Move,136,376
126.817,126.817,Left,Released,136,376
128.008,128.008,NoButton,Move,136,375
128.021,128.021,NoButton,Move,136,374
128.037,128.037,NoButton,Move,136,371
128.055,128.055,NoButton,Move,137,359
128.071,128.071,NoButton,Move,138,349
128.088,128.088,NoButton,Move,138,341
128.104,128.104,NoButton,Move,138,338
128.121,128.121,NoButton,Move,138,329
128.137,128.137,NoButton,Move,138,327
128.153,128.153,NoButton,Move,138,326
128.171,128.171,NoButton,Move,138,325
128.187,128.187,NoButton,Move,138,325
128.204,128.204,NoButton,Move,138,325
128.253,128.253,NoButton,Move,137,325
128.295,128.295,NoButton,Move,137,325
128.311,128.311,NoButton,Move,137,325
128.321,128.321,NoButton,Move,137,325
128.337,128.337,NoButton,Move,136,325
128.355,128.355,NoButton,Move,135,326
128.371,128.371,NoButton,Move,135,326
128.388,128.388,NoButton,Move,134,327
128.403,128.403,NoButton,Move,133,327
128.42,128.42,NoButton,Move,133,327
128.437,128.437,NoButton,Move,133,327
128.458,128.458,NoButton,Move,133,327
128.516,128.516,NoButton,Move,132,327
128.554,128.554,NoButton,Move,132,327
128.571,128.571,NoButton,Move,132,326
128.588,128.588,NoButton,Move,132,323
128.604,128.604,NoButton,Move,131,321
128.62,128.62,NoButton,Move,131,313
128.636,128.636,NoButton,Move,131,310
128.654,128.654,NoButton,Move,131,303
128.67,128.67,NoButton,Move,131,295
128.688,128.688,NoButton,Move,131,285
128.703,128.703,NoButton,Move,131,282
128.721,128.721,NoButton,Move,132,276
128.737,128.737,NoButton,Move,132,275
128.753,128.753,NoButton,Move,132,274
128.787,128.787,NoButton,Move,132,274
128.804,128.804,NoButton,Move,132,275
128.821,128.821,NoButton,Move,132,277
128.837,128.837,NoButton,Move,131,282
128.855,128.855,NoButton,Move,128,287
128.871,128.871,NoButton,Move,126,294
128.888,128.888,NoButton,Move,123,302
128.903,128.903,NoButton,Move,122,308
128.921,128.921,NoButton,Move,120,313
128.937,128.937,NoButton,Move,119,316
128.954,128.954,NoButton,Move,119,319
128.971,128.971,NoButton,Move,118,320
128.986,128.986,NoButton,Move,118,322
129.004,129.004,NoButton,Move,118,323
129.021,129.021,NoButton,Move,118,324
129.037,129.037,NoButton,Move,118,324
129.051,129.051,Left,Pressed,118,324
129.07,129.07,NoButton,Move,118,324
129.151,129.151,Left,Released,118,324
129.371,129.371,NoButton,Move,122,324
129.388,129.388,NoButton,Move,129,324
129.404,129.404,NoButton,Move,146,325
129.421,129.421,NoButton,Move,176,326
129.438,129.438,NoButton,Move,228,328
129.454,129.454,NoButton,Move,276,334
129.471,129.471,NoButton,Move,303,339
129.488,129.488,NoButton,Move,379,357
129.504,129.504,NoButton,Move,432,374
129.522,129.522,NoButton,Move,461,386
129.537,129.537,NoButton,Move,491,401
129.554,129.554,NoButton,Move,515,416
129.571,129.571,NoButton,Move,529,426
129.587,129.587,NoButton,Move,533,429
129.605,129.605,NoButton,Move,538,435
129.62,129.62,NoButton,Move,539,436
129.638,129.638,NoButton,Move,539,437
129.653,129.653,NoButton,Move,539,437
129.671,129.671,NoButton,Move,538,439
129.687,129.687,NoButton,Move,537,439
129.703,129.703,NoButton,Move,535,441
129.721,129.721,NoButton,Move,534,442
129.736,129.736,NoButton,Move,532,444
129.754,129.754,NoButton,Move,530,446
129.771,129.771,NoButton,Move,529,447
129.787,129.787,NoButton,Move,529,448
129.801,129.801,Left,Pressed,529,448
129.82,129.82,NoButton,Move,529,448
129.9,129.9,Left,Released,529,448
130.203,130.203,NoButton,Move,529,446
130.221,130.221,NoButton,Move,526,440
130.237,130.237,NoButton,Move,521,431
130.255,130.255,NoButton,Move,508,417
130.27,130.27,NoButton,Move,498,408
130.288,130.288,NoButton,Move,485,399
130.304,130.304,NoButton,Move,472,393
130.321,130.321,NoButton,Move,460,386
130.338,130.338,NoButton,Move,448,380
130.353,130.353,NoButton,Move,439,373
130.37,130.37,NoButton,Move,431,365
130.387,130.387,NoButton,Move,424,358
130.405,130.405,NoButton,Move,421,353
130.421,130.421,NoButton,Move,418,348
130.438,130.438,NoButton,Move,416,343
130.454,130.454,NoButton,Move,415,337
130.47,130.47,NoButton,Move,415,334
130.487,130.487,NoButton,Move,415,326
130.504,130.504,NoButton,Move,415,321
130.52,130.52,NoButton,Move,415,320
130.537,130.537,NoButton,Move,415,319
130.554,130.554,NoButton,Move,415,319
130.583,130.583,Left,Pressed,415,319
130.585,130.585,Left,Released,415,319
132.14,132.14,NoButton,Move,409,435
132.153,132.153,NoButton,Move,409,435
132.347,132.347,NoButton,Move,410,435
132.355,132.355,NoButton,Move,411,435
132.371,132.371,NoButton,Move,413,435
132.387,132.387,NoButton,Move,416,436
132.404,132.404,NoButton,Move,422,437
132.421,132.421,NoButton,Move,425,437
132.438,132.438,NoButton,Move,426,437
132.453,132.453,NoButton,Move,429,436
132.471,132.471,NoButton,Move,432,433
132.487,132.487,NoButton,Move,434,431
132.504,132.504,NoButton,Move,435,428
132.52,132.52,NoButton,Move,436,426
132.537,132.537,NoButton,Move,436,425
132.554,132.554,NoButton,Move,437,423
132.571,132.571,NoButton,Move,437,421
132.587,132.587,NoButton,Move,438,420
132.604,132.604,NoButton,Move,438,420
132.621,132.621,NoButton,Move,438,419
132.643,132.643,NoButton,Move,438,419
132.667,132.667,NoButton,Move,438,419
132.873,132.873,NoButton,Move,438,419
132.888,132.888,NoButton,Move,438,418
132.904,132.904,NoButton,Move,438,417
132.92,132.92,NoButton,Move,438,416
132.937,132.937,NoButton,Move,438,413
132.954,132.954,NoButton,Move,438,412
132.971,132.971,NoButton,Move,438,411
132.987,132.987,NoButton,Move,438,410
133.052,133.052,Left,Pressed,438,410
133.053,133.053,Left,Released,438,410
135.605,135.605,NoButton,Move,445,452
135.619,135.619,NoButton,Move,444,452
135.637,135.637,NoButton,Move,439,455
135.654,135.654,NoButton,Move,434,461
135.67,135.67,NoButton,Move,430,465
135.687,135.687,NoButton,Move,422,475
135.704,135.704,NoButton,Move,418,479
135.72,135.72,NoButton,Move,416,482
135.737,135.737,NoButton,Move,415,484
135.755,135.755,NoButton,Move,415,484
135.784,135.784,Left,Pressed,415,484
135.788,135.788,NoButton,Move,415,484
135.882,135.882,Left,Released,415,484
138.087,138.087,NoButton,Move,415,490
138.104,138.104,NoButton,Move,414,511
138.121,138.121,NoButton,Move,414,522
138.136,138.136,NoButton,Move,414,531
138.154,138.154,NoButton,Move,415,538
138.17,138.17,NoButton,Move,415,544
138.188,138.188,NoButton,Move,415,550
138.203,138.203,NoButton,Move,415,552
138.219,138.219,NoButton,Move,415,553
138.237,138.237,NoButton,Move,415,554
138.253,138.253,NoButton,Move,415,554
138.308,138.308,NoButton,Move,415,554
138.321,138.321,NoButton,Move,415,554
138.337,138.337,NoButton,Move,415,555
138.355,138.355,NoButton,Move,415,556
138.37,138.37,NoButton,Move,415,557
138.387,138.387,NoButton,Move,415,557
138.404,138.404,NoButton,Move,415,558
138.484,138.484,Left,Pressed,415,558
138.586,138.586,Left,Released,415,558
149.075,149.075,NoButton,Move,415,560
149.087,149.087,NoButton,Move,417,569
149.104,149.104,NoButton,Move,419,578
149.12,149.12,NoButton,Move,421,583
149.137,149.137,NoButton,Move,425,592
149.154,149.154,NoButton,Move,427,596
149.169,149.169,NoButton,Move,427,597
149.187,149.187,NoButton,Move,430,602
149.204,149.204,NoButton,Move,431,605
149.22,149.22,NoButton,Move,433,608
149.237,149.237,NoButton,Move,435,612
149.254,149.254,NoButton,Move,437,616
149.272,149.272,NoButton,Move,439,619
149.288,149.288,NoButton,Move,442,623
149.303,149.303,NoButton,Move,446,627
149.321,149.321,NoButton,Move,450,630
149.338,149.338,NoButton,Move,454,635
149.354,149.354,NoButton,Move,458,639
149.37,149.37,NoButton,Move,463,644
149.387,149.387,NoButton,Move,466,650
149.404,149.404,NoButton,Move,470,653
149.42,149.42,NoButton,Move,475,659
149.438,149.438,NoButton,Move,478,662
149.453,149.453,NoButton,Move,480,664
149.471,149.471,NoButton,Move,483,667
149.487,149.487,NoButton,Move,488,671
149.504,149.504,NoButton,Move,489,673
149.52,149.52,NoButton,Move,490,674
149.537,149.537,NoButton,Move,490,674
149.553,149.553,NoButton,Move,490,674
149.604,149.604,NoButton,Move,490,672
149.621,149.621,NoButton,Move,489,670
149.637,149.637,NoButton,Move,488,666
149.653,149.653,NoButton,Move,486,662
149.672,149.672,NoButton,Move,483,656
149.688,149.688,NoButton,Move,481,651
149.704,149.704,NoButton,Move,479,647
149.719,149.719,NoButton,Move,477,644
149.737,149.737,NoButton,Move,475,642
149.753,149.753,NoButton,Move,474,641
149.771,149.771,NoButton,Move,473,640
149.786,149.786,NoButton,Move,473,639
149.918,149.918,Left,Pressed,473,639
150.401,150.401,Left,Released,473,639
150.859,150.859,NoButton,Move,474,639
150.876,150.876,NoButton,Move,484,634
150.887,150.887,NoButton,Move,491,629
150.904,150.904,NoButton,Move,511,616
150.921,150.921,NoButton,Move,549,595
150.937,150.937,NoButton,Move,575,582
150.954,150.954,NoButton,Move,609,567
150.971,150.971,NoButton,Move,632,558
150.988,150.988,NoButton,Move,654,550
151.004,151.004,NoButton,Move,669,544
151.021,151.021,NoButton,Move,679,539
151.036,151.036,NoButton,Move,681,537
151.053,151.053,NoButton,Move,686,532
151.071,151.071,NoButton,Move,687,526
151.087,151.087,NoButton,Move,688,523
151.105,151.105,NoButton,Move,688,520
151.121,151.121,NoButton,Move,688,518
151.137,151.137,NoButton,Move,688,517
151.153,151.153,NoButton,Move,687,516
151.17,151.17,NoButton,Move,686,514
151.187,151.187,NoButton,Move,685,511
151.204,151.204,NoButton,Move,684,510
151.22,151.22,NoButton,Move,683,509
151.237,151.237,NoButton,Move,683,508
151.254,151.254,NoButton,Move,683,508
151.271,151.271,NoButton,Move,683,508
151.288,151.288,NoButton,Move,683,507
151.301,151.301,Left,Pressed,683,507
151.32,151.32,NoButton,Move,683,507
151.384,151.384,Left,Released,683,507
151.834,151.834,NoButton,Move,683,507
151.854,151.854,NoButton,Move,676,502
151.871,151.871,NoButton,Move,667,491
151.887,151.887,NoButton,Move,655,479
151.905,151.905,NoButton,Move,645,468
151.921,151.921,NoButton,Move,633,457
151.937,151.937,NoButton,Move,627,452
151.954,151.954,NoButton,Move,621,448
151.971,151.971,NoButton,Move,618,447
151.987,151.987,NoButton,Move,617,446
152.004,152.004,NoButton,Move,615,446
152.021,152.021,NoButton,Move,614,446
152.037,152.037,NoButton,Move,613,446
152.054,152.054,NoButton,Move,611,447
152.07,152.07,NoButton,Move,609,448
152.088,152.088,NoButton,Move,607,450
152.103,152.103,NoButton,Move,605,452
152.12,152.12,NoButton,Move,603,454
152.137,152.137,NoButton,Move,601,455
152.154,152.154,NoButton,Move,600,456
152.171,152.171,NoButton,Move,599,457
152.187,152.187,NoButton,Move,598,457
152.205,152.205,NoButton,Move,598,458
152.259,152.259,NoButton,Move,598,458
152.307,152.307,NoButton,Move,598,458
152.321,152.321,NoButton,Move,597,458
152.337,152.337,NoButton,Move,597,458
152.355,152.355,NoButton,Move,595,459
152.37,152.37,NoButton,Move,589,461
152.387,152.387,NoButton,Move,570,461
152.405,152.405,NoButton,Move,506,456
152.421,152.421,NoButton,Move,479,448
152.437,152.437,NoButton,Move,441,435
152.455,152.455,NoButton,Move,399,418
152.471,152.471,NoButton,Move,393,415
152.486,152.486,NoButton,Move,365,402
152.504,152.504,NoButton,Move,360,400
152.52,152.52,NoButton,Move,358,399
152.537,152.537,NoButton,Move,357,399
152.586,152.586,NoButton,Move,359,401
152.604,152.604,NoButton,Move,363,404
152.62,152.62,NoButton,Move,369,409
152.637,152.637,NoButton,Move,374,413
152.654,152.654,NoButton,Move,378,416
152.671,152.671,NoButton,Move,383,419
152.687,152.687,NoButton,Move,386,422
152.704,152.704,NoButton,Move,389,423
152.721,152.721,NoButton,Move,391,425
152.738,152.738,NoButton,Move,391,425
152.753,152.753,NoButton,Move,392,426
152.771,152.771,NoButton,Move,392,426
152.801,152.801,Left,Pressed,392,426
152.817,152.817,NoButton,Move,392,426
152.867,152.867,Left,Released,392,426
153.584,153.584,NoButton,Move,393,426
153.592,153.592,NoButton,Move,395,426
153.603,153.603,NoButton,Move,397,427
153.621,153.621,NoButton,Move,402,430
153.638,153.638,NoButton,Move,409,435
153.654,153.654,NoButton,Move,413,438
153.671,153.671,NoButton,Move,420,445
153.687,153.687,NoButton,Move,422,447
153.704,153.704,NoButton,Move,428,452
153.721,153.721,NoButton,Move,429,454
153.738,153.738,NoButton,Move,430,454
153.754,153.754,NoButton,Move,431,455
153.767,153.767,Left,Pressed,431,455
153.786,153.786,NoButton,Move,431,455
153.9,153.9,Left,Released,431,455
154.519,154.519,NoButton,Move,431,455
154.526,154.526,NoButton,Move,433,455
154.538,154.538,NoButton,Move,435,455
154.553,154.553,NoButton,Move,443,454
154.57,154.57,NoButton,Move,459,448
154.587,154.587,NoButton,Move,475,442
154.605,154.605,NoButton,Move,488,435
154.621,154.621,NoButton,Move,505,426
154.637,154.637,NoButton,Move,525,413
154.653,154.653,NoButton,Move,539,400
154.671,154.671,NoButton,Move,551,385
154.689,154.689,NoButton,Move,559,368
154.703,154.703,NoButton,Move,563,354
154.721,154.721,NoButton,Move,567,336
154.738,154.738,NoButton,Move,568,321
155.149,155.149,NoButton,Move,567,321
155.171,155.171,NoButton,Move,563,318
155.188,155.188,NoButton,Move,557,313
155.204,155.204,NoButton,Move,545,304
155.221,155.221,NoButton,Move,536,298
155.238,155.238,NoButton,Move,524,290
155.254,155.254,NoButton,Move,514,284
155.271,155.271,NoButton,Move,505,280
155.287,155.287,NoButton,Move,493,277
155.304,155.304,NoButton,Move,487,276
155.321,155.321,NoButton,Move,480,276
155.338,155.338,NoButton,Move,477,276
155.354,155.354,NoButton,Move,472,276
155.37,155.37,NoButton,Move,470,276
155.387,155.387,NoButton,Move,467,277
155.404,155.404,NoButton,Move,465,281
155.421,155.421,NoButton,Move,462,289
155.438,155.438,NoButton,Move,458,298
155.454,155.454,NoButton,Move,455,307
155.471,155.471,NoButton,Move,453,314
155.488,155.488,NoButton,Move,451,317
155.504,155.504,NoButton,Move,449,322
155.521,155.521,NoButton,Move,449,324
155.537,155.537,NoButton,Move,449,324
155.55,155.55,Left,Pressed,449,324
155.555,155.555,Left,Released,449,324
158.554,158.554,NoButton,Move,440,402
158.554,158.554,NoButton,Move,441,400
158.57,158.57,NoButton,Move,440,400
158.586,158.586,NoButton,Move,440,397
158.603,158.603,NoButton,Move,440,396
158.619,158.619,NoButton,Move,440,395
158.637,158.637,NoButton,Move,440,394
158.666,158.666,Left,Pressed,440,394
158.667,158.667,Left,Released,440,394
159.769,159.769,NoButton,Move,436,437
159.77,159.77,NoButton,Move,436,437
159.787,159.787,NoButton,Move,437,437
159.805,159.805,NoButton,Move,438,437
159.819,159.819,NoButton,Move,439,437
159.837,159.837,NoButton,Move,439,437
159.854,159.854,NoButton,Move,440,437
159.869,159.869,NoButton,Move,441,437
159.887,159.887,NoButton,Move,442,437
159.904,159.904,NoButton,Move,442,437
159.92,159.92,NoButton,Move,443,438
159.937,159.937,NoButton,Move,443,439
159.954,159.954,NoButton,Move,443,440
159.97,159.97,NoButton,Move,443,442
159.987,159.987,NoButton,Move,443,444
160.004,160.004,NoButton,Move,444,447
160.021,160.021,NoButton,Move,444,452
160.037,160.037,NoButton,Move,444,457
160.055,160.055,NoButton,Move,444,462
160.071,160.071,NoButton,Move,444,467
160.087,160.087,NoButton,Move,444,471
160.103,160.103,NoButton,Move,444,475
160.121,160.121,NoButton,Move,443,477
160.137,160.137,NoButton,Move,443,479
160.155,160.155,NoButton,Move,443,480
160.171,160.171,NoButton,Move,443,480
160.185,160.185,Left,Pressed,443,480
160.219,160.219,NoButton,Move,443,480
160.316,160.316,Left,Released,443,480
163.678,163.678,NoButton,Move,443,483
163.704,163.704,NoButton,Move,443,495
163.72,163.72,NoButton,Move,443,498
163.737,163.737,NoButton,Move,444,502
163.754,163.754,NoButton,Move,445,504
163.771,163.771,NoButton,Move,446,508
163.787,163.787,NoButton,Move,447,511
163.803,163.803,NoButton,Move,448,514
163.821,163.821,NoButton,Move,449,518
163.838,163.838,NoButton,Move,451,521
163.854,163.854,NoButton,Move,454,526
163.872,163.872,NoButton,Move,458,530
163.888,163.888,NoButton,Move,461,532
163.904,163.904,NoButton,Move,464,536
163.921,163.921,NoButton,Move,468,538
163.937,163.937,NoButton,Move,473,543
163.954,163.954,NoButton,Move,475,545
163.971,163.971,NoButton,Move,478,547
163.987,163.987,NoButton,Move,479,548
164.004,164.004,NoButton,Move,480,550
164.021,164.021,NoButton,Move,481,552
164.037,164.037,NoButton,Move,481,554
164.054,164.054,NoButton,Move,482,559
164.071,164.071,NoButton,Move,482,562
164.087,164.087,NoButton,Move,482,568
164.104,164.104,NoButton,Move,482,573
164.122,164.122,NoButton,Move,482,580
164.137,164.137,NoButton,Move,480,588
164.154,164.154,NoButton,Move,478,593
164.171,164.171,NoButton,Move,475,598
164.187,164.187,NoButton,Move,473,602
164.205,164.205,NoButton,Move,470,605
164.221,164.221,NoButton,Move,469,606
164.237,164.237,NoButton,Move,468,607
164.255,164.255,NoButton,Move,467,608
164.282,164.282,NoButton,Move,467,608
164.337,164.337,NoButton,Move,467,607
164.354,164.354,NoButton,Move,466,605
164.371,164.371,NoButton,Move,465,603
164.388,164.388,NoButton,Move,465,600
164.404,164.404,NoButton,Move,465,600
164.421,164.421,NoButton,Move,465,599
164.437,164.437,NoButton,Move,465,599
164.455,164.455,NoButton,Move,465,598
164.486,164.486,NoButton,Move,465,598
164.493,164.493,NoButton,Move,465,598
164.504,164.504,NoButton,Move,464,598
164.521,164.521,NoButton,Move,464,596
164.538,164.538,NoButton,Move,463,594
164.554,164.554,NoButton,Move,461,592
164.571,164.571,NoButton,Move,460,589
164.587,164.587,NoButton,Move,460,588
164.604,164.604,NoButton,Move,459,587
164.621,164.621,NoButton,Move,459,586
164.638,164.638,NoButton,Move,458,586
164.654,164.654,NoButton,Move,458,585
164.671,164.671,NoButton,Move,457,584
164.687,164.687,NoButton,Move,457,584
164.704,164.704,NoButton,Move,457,583
164.734,164.734,Left,Pressed,457,583
164.835,164.835,Left,Released,457,583
169.245,169.245,NoButton,Move,457,583
169.271,169.271,NoButton,Move,457,594
169.288,169.288,NoButton,Move,458,597
169.304,169.304,NoButton,Move,459,600
169.321,169.321,NoButton,Move,460,603
169.337,169.337,NoButton,Move,461,609
169.354,169.354,NoButton,Move,462,614
169.372,169.372,NoButton,Move,462,620
169.387,169.387,NoButton,Move,462,624
169.403,169.403,NoButton,Move,462,629
169.421,169.421,NoButton,Move,462,633
169.437,169.437,NoButton,Move,462,635
169.454,169.454,NoButton,Move,462,636
169.47,169.47,NoButton,Move,462,637
169.483,169.483,Left,Pressed,462,637
169.521,169.521,NoButton,Move,462,637
169.586,169.586,Left,Released,462,637
169.94,169.94,NoButton,Move,462,637
169.954,169.954,NoButton,Move,464,637
169.971,169.971,NoButton,Move,473,631
169.987,169.987,NoButton,Move,490,621
170.004,170.004,NoButton,Move,508,611
170.021,170.021,NoButton,Move,533,601
170.037,170.037,NoButton,Move,562,591
170.054,170.054,NoButton,Move,595,583
170.071,170.071,NoButton,Move,627,575
170.087,170.087,NoButton,Move,654,568
170.104,170.104,NoButton,Move,669,564
170.121,170.121,NoButton,Move,679,560
170.137,170.137,NoButton,Move,686,557
170.154,170.154,NoButton,Move,691,553
170.171,170.171,NoButton,Move,692,552
170.187,170.187,NoButton,Move,692,550
170.204,170.204,NoButton,Move,692,549
170.221,170.221,NoButton,Move,692,549
170.237,170.237,NoButton,Move,691,549
170.254,170.254,NoButton,Move,689,549
170.271,170.271,NoButton,Move,686,549
170.287,170.287,NoButton,Move,685,549
170.305,170.305,NoButton,Move,679,547
170.32,170.32,NoButton,Move,671,539
170.338,170.338,NoButton,Move,663,526
170.354,170.354,NoButton,Move,661,522
170.371,170.371,NoButton,Move,656,514
170.387,170.387,NoButton,Move,656,512
170.404,170.404,NoButton,Move,656,511
170.42,170.42,NoButton,Move,656,511
170.452,170.452,Left,Pressed,656,511
170.567,170.567,Left,Released,656,511
170.914,170.914,NoButton,Move,655,510
170.937,170.937,NoButton,Move,651,506
170.955,170.955,NoButton,Move,625,485
170.969,170.969,NoButton,Move,612,475
170.988,170.988,NoButton,Move,602,468
171.004,171.004,NoButton,Move,594,463
171.021,171.021,NoButton,Move,590,460
171.037,171.037,NoButton,Move,589,460
171.054,171.054,NoButton,Move,588,460
171.083,171.083,Left,Pressed,588,460
171.183,171.183,Left,Released,588,460
171.412,171.412,NoButton,Move,588,460
171.421,171.421,NoButton,Move,586,457
171.437,171.437,NoButton,Move,576,449
171.455,171.455,NoButton,Move,559,436
171.471,171.471,NoButton,Move,548,428
171.487,171.487,NoButton,Move,523,409
171.504,171.504,NoButton,Move,507,397
171.52,171.52,NoButton,Move,495,389
171.537,171.537,NoButton,Move,488,385
171.554,171.554,NoButton,Move,480,379
171.571,171.571,NoButton,Move,475,374
171.587,171.587,NoButton,Move,470,367
171.604,171.604,NoButton,Move,464,357
171.621,171.621,NoButton,Move,458,347
171.639,171.639,NoButton,Move,454,339
171.654,171.654,NoButton,Move,451,334
171.672,171.672,NoButton,Move,449,329
171.687,171.687,NoButton,Move,448,327
171.704,171.704,NoButton,Move,447,325
171.721,171.721,NoButton,Move,447,325
171.737,171.737,NoButton,Move,447,325
171.929,171.929,NoButton,Move,447,324
171.971,171.971,NoButton,Move,447,324
171.987,171.987,NoButton,Move,447,324
172.019,172.019,NoButton,Move,447,324
172.035,172.035,NoButton,Move,447,324
172.289,172.289,NoButton,Move,447,324
172.304,172.304,NoButton,Move,447,325
172.321,172.321,NoButton,Move,447,329
172.337,172.337,NoButton,Move,447,331
176.985,176.985,Left,Pressed,447,331
176.988,176.988,Left,Released,447,331
179.535,179.535,NoButton,Move,254,385
179.537,179.537,NoButton,Move,255,385
179.554,179.554,NoButton,Move,225,354
179.57,179.57,NoButton,Move,202,331
179.587,179.587,NoButton,Move,182,309
179.604,179.604,NoButton,Move,171,297
179.62,179.62,NoButton,Move,159,285
179.637,179.637,NoButton,Move,151,276
179.654,179.654,NoButton,Move,147,271
179.67,179.67,NoButton,Move,145,266
179.687,179.687,NoButton,Move,143,263
179.704,179.704,NoButton,Move,142,261
179.72,179.72,NoButton,Move,141,259
179.737,179.737,NoButton,Move,141,259
179.754,179.754,NoButton,Move,141,258
179.769,179.769,NoButton,Move,141,258
179.784,179.784,Left,Pressed,141,258
179.883,179.883,Left,Released,141,258
180.109,180.109,NoButton,Move,142,258
180.12,180.12,NoButton,Move,143,258
180.137,180.137,NoButton,Move,147,258
180.154,180.154,NoButton,Move,157,258
180.17,180.17,NoButton,Move,175,259
180.187,180.187,NoButton,Move,199,262
180.204,180.204,NoButton,Move,233,268
180.221,180.221,NoButton,Move,282,281
180.238,180.238,NoButton,Move,313,294
180.253,180.253,NoButton,Move,356,313
180.271,180.271,NoButton,Move,393,332
180.287,180.287,NoButton,Move,423,349
180.305,180.305,NoButton,Move,439,359
180.32,180.32,NoButton,Move,454,369
180.337,180.337,NoButton,Move,460,373
180.354,180.354,NoButton,Move,464,376
180.765,180.765,NoButton,Move,464,377
180.787,180.787,NoButton,Move,464,380
180.804,180.804,NoButton,Move,465,382
180.821,180.821,NoButton,Move,465,385
180.837,180.837,NoButton,Move,466,388
180.854,180.854,NoButton,Move,466,391
180.871,180.871,NoButton,Move,466,394
180.888,180.888,NoButton,Move,466,398
180.905,180.905,NoButton,Move,466,403
180.921,180.921,NoButton,Move,466,406
180.937,180.937,NoButton,Move,466,409
180.954,180.954,NoButton,Move,466,411
180.971,180.971,NoButton,Move,466,413
180.987,180.987,NoButton,Move,466,414
181.004,181.004,NoButton,Move,466,414
181.02,181.02,NoButton,Move,466,415
181.05,181.05,Left,Pressed,466,415
181.167,181.167,Left,Released,466,415
181.32,181.32,NoButton,Move,466,415
181.517,181.517,NoButton,Move,466,415
181.525,181.525,NoButton,Move,469,415
181.537,181.537,NoButton,Move,474,415
181.554,181.554,NoButton,Move,485,416
181.57,181.57,NoButton,Move,516,424
181.587,181.587,NoButton,Move,552,440
181.604,181.604,NoButton,Move,583,455
181.62,181.62,NoButton,Move,623,471
181.637,181.637,NoButton,Move,646,479
181.654,181.654,NoButton,Move,669,484
181.67,181.67,NoButton,Move,683,486
183.488,183.488,NoButton,Move,685,486
183.504,183.504,NoButton,Move,690,490
183.521,183.521,NoButton,Move,700,496
183.537,183.537,NoButton,Move,720,508
183.554,183.554,NoButton,Move,744,522
183.571,183.571,NoButton,Move,772,541
183.587,183.587,NoButton,Move,800,560
183.605,183.605,NoButton,Move,825,579
183.621,183.621,NoButton,Move,840,590
183.638,183.638,NoButton,Move,854,602
183.655,183.655,NoButton,Move,862,611
183.672,183.672,NoButton,Move,865,617
183.687,183.687,NoButton,Move,868,623
183.703,183.703,NoButton,Move,868,625
183.72,183.72,NoButton,Move,868,627
183.738,183.738,NoButton,Move,866,628
183.754,183.754,NoButton,Move,863,628
183.771,183.771,NoButton,Move,858,626
183.787,183.787,NoButton,Move,853,620
183.803,183.803,NoButton,Move,846,612
183.82,183.82,NoButton,Move,841,606
183.837,183.837,NoButton,Move,836,601
183.854,183.854,NoButton,Move,833,598
183.87,183.87,NoButton,Move,832,596
183.887,183.887,NoButton,Move,831,596
183.904,183.904,NoButton,Move,831,596
183.92,183.92,NoButton,Move,831,595
183.938,183.938,NoButton,Move,831,595
183.951,183.951,Left,Pressed,831,595
184.035,184.035,Left,Released,831,595
188.658,188.658,NoButton,Move,832,595
188.671,188.671,NoButton,Move,835,595
188.703,188.703,NoButton,Move,838,594
188.74,188.74,NoButton,Move,853,589
188.754,188.754,NoButton,Move,856,588
188.77,188.77,NoButton,Move,858,588
188.787,188.787,NoButton,Move,861,587
188.804,188.804,NoButton,Move,863,586
188.82,188.82,NoButton,Move,865,586
188.837,188.837,NoButton,Move,868,585
188.854,188.854,NoButton,Move,869,585
188.87,188.87,NoButton,Move,872,585
188.887,188.887,NoButton,Move,874,584
188.904,188.904,NoButton,Move,875,583
188.92,188.92,NoButton,Move,877,583
188.937,188.937,NoButton,Move,880,582
188.954,188.954,NoButton,Move,884,581
188.971,188.971,NoButton,Move,888,580
188.987,188.987,NoButton,Move,893,579
189.005,189.005,NoButton,Move,899,578
189.02,189.02,NoButton,Move,907,578
189.037,189.037,NoButton,Move,912,577
189.055,189.055,NoButton,Move,919,577
189.071,189.071,NoButton,Move,925,577
189.088,189.088,NoButton,Move,931,577
189.104,189.104,NoButton,Move,934,578
189.121,189.121,NoButton,Move,937,579
189.138,189.138,NoButton,Move,938,580
189.154,189.154,NoButton,Move,939,582
189.171,189.171,NoButton,Move,939,583
189.187,189.187,NoButton,Move,936,585
189.204,189.204,NoButton,Move,930,586
189.221,189.221,NoButton,Move,925,586
189.238,189.238,NoButton,Move,921,586
189.254,189.254,NoButton,Move,916,587
189.271,189.271,NoButton,Move,915,590
189.287,189.287,NoButton,Move,913,597
189.304,189.304,NoButton,Move,910,606
189.321,189.321,NoButton,Move,905,614
189.338,189.338,NoButton,Move,898,621
189.354,189.354,NoButton,Move,884,627
189.371,189.371,NoButton,Move,873,630
189.387,189.387,NoButton,Move,857,633
189.404,189.404,NoButton,Move,840,634
189.42,189.42,NoButton,Move,825,636
189.437,189.437,NoButton,Move,812,637
189.453,189.453,NoButton,Move,807,638
189.47,189.47,NoButton,Move,802,638
189.487,189.487,NoButton,Move,802,638
189.5,189.5,Left,Pressed,802,638
189.536,189.536,NoButton,Move,801,638
189.603,189.603,Left,Released,801,638
190.238,190.238,NoButton,Move,801,638
190.254,190.254,NoButton,Move,801,630
190.271,190.271,NoButton,Move,797,618
190.288,190.288,NoButton,Move,780,587
190.304,190.304,NoButton,Move,739,530
190.322,190.322,NoButton,Move,685,462
190.338,190.338,NoButton,Move,635,404
190.355,190.355,NoButton,Move,570,335
190.37,190.37,NoButton,Move,535,304
190.388,190.388,NoButton,Move,524,295
190.404,190.404,NoButton,Move,499,280
190.421,190.421,NoButton,Move,491,280
190.687,190.687,NoButton,Move,492,280
190.694,190.694,NoButton,Move,493,282
190.704,190.704,NoButton,Move,495,283
190.721,190.721,NoButton,Move,501,286
190.738,190.738,NoButton,Move,515,293
190.755,190.755,NoButton,Move,538,302
190.77,190.77,NoButton,Move,581,315
190.787,190.787,NoButton,Move,624,329
190.804,190.804,NoButton,Move,673,342
190.821,190.821,NoButton,Move,706,351
190.838,190.838,NoButton,Move,745,359
191.638,191.638,NoButton,Move,745,360
191.654,191.654,NoButton,Move,745,363
191.672,191.672,NoButton,Move,745,365
191.687,191.687,NoButton,Move,745,367
191.704,191.704,NoButton,Move,746,369
191.721,191.721,NoButton,Move,749,371
191.737,191.737,NoButton,Move,754,372
191.754,191.754,NoButton,Move,761,372
191.771,191.771,NoButton,Move,771,372
191.788,191.788,NoButton,Move,782,370
191.804,191.804,NoButton,Move,792,369
191.821,191.821,NoButton,Move,802,368
191.837,191.837,NoButton,Move,812,368
191.855,191.855,NoButton,Move,824,368
191.871,191.871,NoButton,Move,842,368
191.887,191.887,NoButton,Move,863,368
191.905,191.905,NoButton,Move,886,368
191.92,191.92,NoButton,Move,911,368
191.937,191.937,NoButton,Move,926,367
191.954,191.954,NoButton,Move,945,364
191.971,191.971,NoButton,Move,959,361
192.484,192.484,Left,Pressed,959,361
192.583,192.583,NoButton,Move,959,362
192.6,192.6,NoButton,Move,952,369
193.963,193.963,NoButton,Move,800,578
193.988,193.988,NoButton,Move,788,579
194.004,194.004,NoButton,Move,773,581
194.021,194.021,NoButton,Move,746,583
194.037,194.037,NoButton,Move,701,583
194.054,194.054,NoButton,Move,671,583
194.071,194.071,NoButton,Move,624,583
194.088,194.088,NoButton,Move,586,578
194.104,194.104,NoButton,Move,553,570
194.122,194.122,NoButton,Move,537,565
194.137,194.137,NoButton,Move,518,560
194.153,194.153,NoButton,Move,511,559
194.314,194.314,NoButton,Move,513,559
194.322,194.322,NoButton,Move,520,557
194.338,194.338,NoButton,Move,530,554
194.354,194.354,NoButton,Move,550,546
194.371,194.371,NoButton,Move,594,531
194.387,194.387,NoButton,Move,674,507
194.404,194.404,NoButton,Move,823,470
194.421,194.421,NoButton,Move,875,460
194.437,194.437,NoButton,Move,992,437
194.454,194.454,NoButton,Move,1071,421
194.471,194.471,NoButton,Move,1111,412
194.487,194.487,NoButton,Move,1149,401
194.503,194.503,NoButton,Move,1153,398
194.724,194.724,NoButton,Move,1153,398
194.738,194.738,NoButton,Move,1154,396
194.754,194.754,NoButton,Move,1158,392
194.772,194.772,NoButton,Move,1161,387
194.788,194.788,NoButton,Move,1163,382
194.804,194.804,NoButton,Move,1166,376
194.821,194.821,NoButton,Move,1167,372
194.838,194.838,NoButton,Move,1167,368
194.855,194.855,NoButton,Move,1168,364
194.87,194.87,NoButton,Move,1168,363
194.887,194.887,NoButton,Move,1169,359
194.904,194.904,NoButton,Move,1170,355
194.921,194.921,NoButton,Move,1171,352
194.937,194.937,NoButton,Move,1174,347
194.954,194.954,NoButton,Move,1177,342
194.972,194.972,NoButton,Move,1182,338
194.987,194.987,NoButton,Move,1187,334
195.004,195.004,NoButton,Move,1193,330
195.022,195.022,NoButton,Move,1198,328
195.038,195.038,NoButton,Move,1205,325
195.054,195.054,NoButton,Move,1208,323
195.072,195.072,NoButton,Move,1212,322
195.087,195.087,NoButton,Move,1214,321
195.105,195.105,NoButton,Move,1215,321
195.121,195.121,NoButton,Move,1215,321
195.138,195.138,NoButton,Move,1216,321
195.224,195.224,NoButton,Move,1216,321
195.27,195.27,NoButton,Move,1216,321
195.287,195.287,NoButton,Move,1216,321
195.335,195.335,Left,Pressed,1216,321
195.418,195.418,NoButton,Move,1216,321
195.434,195.434,NoButton,Move,1214,321
196.076,196.076,NoButton,Move,969,344
196.088,196.088,NoButton,Move,972,344
196.104,196.104,NoButton,Move,983,344
196.122,196.122,NoButton,Move,1000,344
196.137,196.137,NoButton,Move,1025,344
196.155,196.155,NoButton,Move,1066,344
196.171,196.171,NoButton,Move,1093,344
196.188,196.188,NoButton,Move,1127,345
196.205,196.205,NoButton,Move,1158,350
196.221,196.221,NoButton,Move,1174,353
196.238,196.238,NoButton,Move,1201,360
196.254,196.254,NoButton,Move,1209,364
196.271,196.271,NoButton,Move,1217,368
196.288,196.288,NoButton,Move,1221,371
197.058,197.058,NoButton,Move,1220,372
197.071,197.071,NoButton,Move,1218,374
197.088,197.088,NoButton,Move,1209,381
197.105,197.105,NoButton,Move,1179,401
197.121,197.121,NoButton,Move,1157,410
197.138,197.138,NoButton,Move,1027,456
197.154,197.154,NoButton,Move,916,488
197.17,197.17,NoButton,Move,784,523
197.188,197.188,NoButton,Move,587,575
197.203,197.203,NoButton,Move,565,581
197.22,197.22,NoButton,Move,512,593
197.238,197.238,NoButton,Move,460,600
197.254,197.254,NoButton,Move,446,600
197.271,197.271,NoButton,Move,436,600
197.287,197.287,NoButton,Move,431,599
197.304,197.304,NoButton,Move,429,597
197.321,197.321,NoButton,Move,428,597
197.338,197.338,NoButton,Move,427,596
197.355,197.355,NoButton,Move,424,595
197.371,197.371,NoButton,Move,419,595
197.388,197.388,NoButton,Move,414,595
197.404,197.404,NoButton,Move,409,597
197.422,197.422,NoButton,Move,404,598
197.438,197.438,NoButton,Move,402,598
197.454,197.454,NoButton,Move,401,598
197.48,197.48,Left,Pressed,401,598
197.487,197.487,NoButton,Move,401,598
197.55,197.55,NoButton,Move,401,598
197.566,197.566,NoButton,Move,408,596
198.558,198.558,NoButton,Move,1292,428
198.571,198.571,NoButton,Move,1290,428
198.588,198.588,NoButton,Move,1286,431
198.603,198.603,NoButton,Move,1267,440
198.62,198.62,NoButton,Move,1251,447
198.637,198.637,NoButton,Move,1154,484
198.654,198.654,NoButton,Move,1055,519
198.671,198.671,NoButton,Move,929,563
198.687,198.687,NoButton,Move,793,609
198.704,198.704,NoButton,Move,666,649
198.72,198.72,NoButton,Move,597,669
198.737,198.737,NoButton,Move,555,680
198.754,198.754,NoButton,Move,527,685
198.771,198.771,NoButton,Move,514,686
200.284,200.284,NoButton,Move,514,686
200.304,200.304,NoButton,Move,519,683
200.32,200.32,NoButton,Move,528,673
200.337,200.337,NoButton,Move,539,661
200.354,200.354,NoButton,Move,553,643
200.371,200.371,NoButton,Move,567,623
200.387,200.387,NoButton,Move,581,605
200.404,200.404,NoButton,Move,591,593
200.421,200.421,NoButton,Move,602,581
200.438,200.438,NoButton,Move,610,573
200.454,200.454,NoButton,Move,618,568
200.471,200.471,NoButton,Move,621,566
200.488,200.488,NoButton,Move,623,565
200.504,200.504,NoButton,Move,624,565
200.52,200.52,NoButton,Move,625,565
200.537,200.537,NoButton,Move,625,565
200.554,200.554,NoButton,Move,625,565
200.571,200.571,NoButton,Move,625,565
200.587,200.587,NoButton,Move,626,565
200.605,200.605,NoButton,Move,628,564
200.621,200.621,NoButton,Move,630,564
200.637,200.637,NoButton,Move,634,563
200.655,200.655,NoButton,Move,638,562
200.671,200.671,NoButton,Move,642,561
200.687,200.687,NoButton,Move,646,561
200.704,200.704,NoButton,Move,649,560
200.721,200.721,NoButton,Move,652,560
200.738,200.738,NoButton,Move,654,560
200.754,200.754,NoButton,Move,655,560
200.771,200.771,NoButton,Move,656,560
200.787,200.787,NoButton,Move,656,560
200.848,200.848,NoButton,Move,656,560
202.649,202.649,NoButton,Move,656,560
202.688,202.688,NoButton,Move,655,560
202.704,202.704,NoButton,Move,655,560
202.722,202.722,NoButton,Move,655,560
202.737,202.737,NoButton,Move,654,560
202.822,202.822,NoButton,Move,654,560
203.018,203.018,NoButton,Move,654,560
203.025,203.025,NoButton,Move,654,560
203.037,203.037,NoButton,Move,653,560
203.055,203.055,NoButton,Move,650,560
203.07,203.07,NoButton,Move,646,559
203.087,203.087,NoButton,Move,640,558
203.105,203.105,NoButton,Move,631,557
203.12,203.12,NoButton,Move,607,556
203.138,203.138,NoButton,Move,578,554
203.154,203.154,NoButton,Move,557,554
203.445,203.445,NoButton,Move,556,554
203.471,203.471,NoButton,Move,542,552
203.487,203.487,NoButton,Move,499,532
203.505,203.505,NoButton,Move,431,497
203.52,203.52,NoButton,Move,319,438
203.537,203.537,NoButton,Move,208,383
203.553,203.553,NoButton,Move,185,374
203.571,203.571,NoButton,Move,92,339
203.586,203.586,NoButton,Move,62,330
203.604,203.604,NoButton,Move,45,325
203.62,203.62,NoButton,Move,33,323
203.636,203.636,NoButton,Move,28,322
203.654,203.654,NoButton,Move,27,322
203.704,203.704,NoButton,Move,29,322
203.72,203.72,NoButton,Move,31,322
203.738,203.738,NoButton,Move,35,320
203.754,203.754,NoButton,Move,39,317
203.771,203.771,NoButton,Move,45,312
203.787,203.787,NoButton,Move,51,307
203.805,203.805,NoButton,Move,58,303
203.821,203.821,NoButton,Move,65,300
203.838,203.838,NoButton,Move,71,298
203.854,203.854,NoButton,Move,76,297
203.871,203.871,NoButton,Move,79,296
203.901,203.901,Left,Pressed,79,296
203.921,203.921,NoButton,Move,80,295
203.983,203.983,Left,Released,80,295
204.246,204.246,NoButton,Move,80,295
204.255,204.255,NoButton,Move,87,295
204.271,204.271,NoButton,Move,105,295
204.288,204.288,NoButton,Move,144,295
204.304,204.304,NoButton,Move,236,296
204.322,204.322,NoButton,Move,334,315
204.337,204.337,NoButton,Move,440,348
204.354,204.354,NoButton,Move,513,377
204.371,204.371,NoButton,Move,590,409
204.388,204.388,NoButton,Move,624,424
204.403,204.403,NoButton,Move,630,427
204.524,204.524,NoButton,Move,628,427
204.538,204.538,NoButton,Move,624,423
204.554,204.554,NoButton,Move,617,416
204.571,204.571,NoButton,Move,611,407
204.587,204.587,NoButton,Move,605,397
204.603,204.603,NoButton,Move,596,381
204.621,204.621,NoButton,Move,586,361
204.637,204.637,NoButton,Move,579,349
204.654,204.654,NoButton,Move,575,341
204.67,204.67,NoButton,Move,573,335
204.686,204.686,NoButton,Move,571,332
204.704,204.704,NoButton,Move,571,331
204.734,204.734,Left,Pressed,571,331
204.754,204.754,NoButton,Move,571,331
204.8,204.8,Left,Released,571,331
204.902,204.902,NoButton,Move,571,330
204.909,204.909,NoButton,Move,571,329
204.921,204.921,NoButton,Move,570,328
204.938,204.938,NoButton,Move,567,325
204.954,204.954,NoButton,Move,565,321
204.971,204.971,NoButton,Move,561,318
204.988,204.988,NoButton,Move,559,315
205.004,205.004,NoButton,Move,557,313
205.021,205.021,NoButton,Move,557,313
205.034,205.034,Left,Pressed,557,313
205.054,205.054,NoButton,Move,557,313
205.134,205.134,Left,Released,557,313
206.106,206.106,NoButton,Move,557,312
206.154,206.154,NoButton,Move,557,312
206.179,206.179,NoButton,Move,557,312
206.194,206.194,NoButton,Move,557,312
206.205,206.205,NoButton,Move,557,311
206.221,206.221,NoButton,Move,557,310
206.237,206.237,NoButton,Move,557,308
206.254,206.254,NoButton,Move,558,305
206.272,206.272,NoButton,Move,560,301
206.288,206.288,NoButton,Move,562,296
206.305,206.305,NoButton,Move,565,292
206.321,206.321,NoButton,Move,570,288
206.338,206.338,NoButton,Move,576,286
206.354,206.354,NoButton,Move,583,286
206.37,206.37,NoButton,Move,593,294
206.387,206.387,NoButton,Move,606,310
206.405,206.405,NoButton,Move,621,331
206.42,206.42,NoButton,Move,628,341
206.437,206.437,NoButton,Move,644,368
206.454,206.454,NoButton,Move,657,394
206.471,206.471,NoButton,Move,662,407
206.487,206.487,NoButton,Move,664,415
206.801,206.801,Scroll,Down,0,1
206.821,206.821,Scroll,Down,0,5
206.837,206.837,Scroll,Down,0,8
206.854,206.854,Scroll,Down,0,11
206.87,206.87,Scroll,Down,0,7
206.888,206.888,Scroll,Down,0,5
206.903,206.903,Scroll,Down,0,5
206.921,206.921,Scroll,Down,0,3
206.938,206.938,Scroll,Down,0,1
206.954,206.954,Scroll,Down,0,1
206.987,206.987,Scroll,Up,0,0
207.004,207.004,Scroll,Up,0,0
207.155,207.155,NoButton,Move,665,412
207.17,207.17,NoButton,Move,669,406
207.188,207.188,NoButton,Move,675,400
207.205,207.205,NoButton,Move,683,391
207.22,207.22,NoButton,Move,694,380
207.238,207.238,NoButton,Move,705,369
207.254,207.254,NoButton,Move,715,360
207.27,207.27,NoButton,Move,723,353
207.288,207.288,NoButton,Move,727,349
207.304,207.304,NoButton,Move,730,345
207.321,207.321,NoButton,Move,731,344
207.338,207.338,NoButton,Move,732,342
207.353,207.353,NoButton,Move,733,342
207.387,207.387,NoButton,Move,733,342
207.402,207.402,Left,Pressed,733,342
207.517,207.517,Left,Released,733,342
207.857,207.857,NoButton,Move,733,344
207.872,207.872,NoButton,Move,733,348
207.888,207.888,NoButton,Move,734,360
207.905,207.905,NoButton,Move,739,386
207.921,207.921,NoButton,Move,743,404
207.938,207.938,NoButton,Move,759,474
207.954,207.954,NoButton,Move,774,527
207.971,207.971,NoButton,Move,784,561
207.988,207.988,NoButton,Move,796,604
208.005,208.005,NoButton,Move,801,625
208.022,208.022,NoButton,Move,804,645
208.038,208.038,NoButton,Move,805,653
208.053,208.053,NoButton,Move,805,657
208.268,208.268,Left,Pressed,805,657
208.384,208.384,Left,Released,805,657
208.488,208.488,NoButton,Move,805,654
208.503,208.503,NoButton,Move,805,648
208.521,208.521,NoButton,Move,805,613
208.538,208.538,NoButton,Move,805,550
208.554,208.554,NoButton,Move,805,497
208.571,208.571,NoButton,Move,805,423
208.588,208.588,NoButton,Move,804,379
208.605,208.605,NoButton,Move,801,332
208.621,208.621,NoButton,Move,799,312
208.637,208.637,NoButton,Move,798,300
208.654,208.654,NoButton,Move,796,291
208.67,208.67,NoButton,Move,794,286
208.688,208.688,NoButton,Move,793,284
208.704,208.704,NoButton,Move,792,283
208.72,208.72,NoButton,Move,791,283
208.738,208.738,NoButton,Move,791,283
208.754,208.754,NoButton,Move,790,283
208.771,208.771,NoButton,Move,789,283
208.788,208.788,NoButton,Move,787,285
208.804,208.804,NoButton,Move,785,288
208.821,208.821,NoButton,Move,781,294
208.838,208.838,NoButton,Move,777,302
208.855,208.855,NoButton,Move,774,308
208.871,208.871,NoButton,Move,771,315
208.888,208.888,NoButton,Move,771,316
208.904,208.904,NoButton,Move,770,318
208.921,208.921,NoButton,Move,770,318
208.978,208.978,NoButton,Move,770,318
208.988,208.988,NoButton,Move,770,317
209.004,209.004,NoButton,Move,770,317
209.021,209.021,NoButton,Move,770,316
209.038,209.038,NoButton,Move,770,314
209.054,209.054,NoButton,Move,771,312
209.071,209.071,NoButton,Move,772,310
209.088,209.088,NoButton,Move,773,310
209.119,209.119,Left,Pressed,773,310
209.124,209.124,NoButton,Move,773,310
209.201,209.201,Left,Released,773,310
209.404,209.404,NoButton,Move,773,313
209.421,209.421,NoButton,Move,773,322
209.437,209.437,NoButton,Move,773,347
209.454,209.454,NoButton,Move,773,366
209.47,209.47,NoButton,Move,774,414
209.487,209.487,NoButton,Move,787,507
209.504,209.504,NoButton,Move,800,567
209.521,209.521,NoButton,Move,807,602
209.537,209.537,NoButton,Move,811,628
209.555,209.555,NoButton,Move,815,651
209.571,209.571,NoButton,Move,815,661
209.588,209.588,NoButton,Move,815,668
209.604,209.604,NoButton,Move,815,671
209.621,209.621,NoButton,Move,814,673
209.638,209.638,NoButton,Move,813,674
209.654,209.654,NoButton,Move,813,675
209.671,209.671,NoButton,Move,812,675
209.705,209.705,NoButton,Move,812,675
209.748,209.748,NoButton,Move,812,675
209.763,209.763,NoButton,Move,811,674
209.772,209.772,NoButton,Move,811,672
209.787,209.787,NoButton,Move,811,671
209.804,209.804,NoButton,Move,809,666
209.821,209.821,NoButton,Move,809,665
209.838,209.838,NoButton,Move,809,662
209.854,209.854,NoButton,Move,808,661
209.871,209.871,NoButton,Move,808,661
210.235,210.235,Left,Pressed,808,661
210.368,210.368,Left,Released,808,661
210.553,210.553,NoButton,Move,808,654
210.571,210.571,NoButton,Move,808,642
210.587,210.587,NoButton,Move,808,616
210.604,210.604,NoButton,Move,807,567
210.62,210.62,NoButton,Move,801,494
210.637,210.637,NoButton,Move,789,419
210.653,210.653,NoButton,Move,775,359
210.67,210.67,NoButton,Move,763,327
210.687,210.687,NoButton,Move,753,306
210.704,210.704,NoButton,Move,743,290
210.721,210.721,NoButton,Move,733,283
210.736,210.736,NoButton,Move,728,281
210.753,210.753,NoButton,Move,722,279
210.771,210.771,NoButton,Move,714,279
210.787,210.787,NoButton,Move,710,279
210.803,210.803,NoButton,Move,706,280
210.821,210.821,NoButton,Move,703,280
210.837,210.837,NoButton,Move,699,280
210.854,210.854,NoButton,Move,695,280
210.87,210.87,NoButton,Move,692,280
210.888,210.888,NoButton,Move,690,279
210.905,210.905,NoButton,Move,688,277
210.921,210.921,NoButton,Move,686,272
210.937,210.937,NoButton,Move,684,265
210.954,210.954,NoButton,Move,682,257
210.97,210.97,NoButton,Move,680,252
210.987,210.987,NoButton,Move,678,247
211.004,211.004,NoButton,Move,677,245
211.018,211.018,Left,Pressed,677,245
211.037,211.037,NoButton,Move,677,244
211.117,211.117,Left,Released,677,244
211.304,211.304,NoButton,Move,677,246
211.321,211.321,NoButton,Move,677,252
211.336,211.336,NoButton,Move,675,261
211.354,211.354,NoButton,Move,673,270
211.371,211.371,NoButton,Move,665,286
211.387,211.387,NoButton,Move,655,306
211.404,211.404,NoButton,Move,643,324
211.421,211.421,NoButton,Move,627,348
211.437,211.437,NoButton,Move,611,372
211.454,211.454,NoButton,Move,593,398
211.471,211.471,NoButton,Move,585,411
211.486,211.486,NoButton,Move,569,437
211.504,211.504,NoButton,Move,559,452
211.521,211.521,NoButton,Move,555,459
211.537,211.537,NoButton,Move,549,465
211.554,211.554,NoButton,Move,546,468
211.57,211.57,NoButton,Move,544,470
211.588,211.588,NoButton,Move,541,470
211.604,211.604,NoButton,Move,539,470
211.621,211.621,NoButton,Move,536,468
211.638,211.638,NoButton,Move,533,464
211.654,211.654,NoButton,Move,529,459
211.671,211.671,NoButton,Move,525,453
211.688,211.688,NoButton,Move,518,443
211.703,211.703,NoButton,Move,516,440
211.72,211.72,NoButton,Move,512,433
211.738,211.738,NoButton,Move,508,424
211.753,211.753,NoButton,Move,507,421
211.771,211.771,NoButton,Move,505,412
211.804,211.804,NoButton,Move,504,403
211.821,211.821,NoButton,Move,504,402
211.838,211.838,NoButton,Move,504,401
211.853,211.853,NoButton,Move,504,400
211.871,211.871,NoButton,Move,504,400
211.888,211.888,NoButton,Move,504,399
211.904,211.904,NoButton,Move,504,397
211.921,211.921,NoButton,Move,504,396
211.938,211.938,NoButton,Move,504,395
211.953,211.953,NoButton,Move,504,395
211.968,211.968,Left,Pressed,504,395
212.084,212.084,Left,Released,504,395
212.376,212.376,NoButton,Move,504,395
212.388,212.388,NoButton,Move,503,397
212.404,212.404,NoButton,Move,502,401
212.421,212.421,NoButton,Move,501,405
212.438,212.438,NoButton,Move,499,409
212.454,212.454,NoButton,Move,498,411
212.471,212.471,NoButton,Move,493,419
212.487,212.487,NoButton,Move,487,430
212.504,212.504,NoButton,Move,484,437
212.521,212.521,NoButton,Move,481,442
212.537,212.537,NoButton,Move,478,446
212.554,212.554,NoButton,Move,476,449
212.57,212.57,NoButton,Move,476,450
212.587,212.587,NoButton,Move,476,451
212.604,212.604,NoButton,Move,476,451
212.617,212.617,Left,Pressed,476,451
212.637,212.637,NoButton,Move,476,452
212.734,212.734,Left,Released,476,452
213.065,213.065,NoButton,Move,477,452
213.072,213.072,NoButton,Move,479,452
213.088,213.088,NoButton,Move,482,452
213.105,213.105,NoButton,Move,504,458
213.121,213.121,NoButton,Move,535,473
213.139,213.139,NoButton,Move,572,499
213.153,213.153,NoButton,Move,611,527
213.171,213.171,NoButton,Move,680,580
213.188,213.188,NoButton,Move,732,619
213.206,213.206,NoButton,Move,763,636
213.221,213.221,NoButton,Move,785,648
213.238,213.238,NoButton,Move,805,657
213.885,213.885,Left,Pressed,805,657
213.984,213.984,Left,Released,805,657
214.103,214.103,NoButton,Move,804,657
214.121,214.121,NoButton,Move,797,650
214.138,214.138,NoButton,Move,779,630
214.153,214.153,NoButton,Move,755,605
214.171,214.171,NoButton,Move,719,574
214.188,214.188,NoButton,Move,691,551
214.204,214.204,NoButton,Move,659,529
214.22,214.22,NoButton,Move,643,520
214.238,214.238,NoButton,Move,633,516
214.254,214.254,NoButton,Move,625,512
214.271,214.271,NoButton,Move,622,511
214.287,214.287,NoButton,Move,620,511
214.303,214.303,NoButton,Move,618,511
214.321,214.321,NoButton,Move,615,511
214.337,214.337,NoButton,Move,612,510
214.354,214.354,NoButton,Move,608,509
214.371,214.371,NoButton,Move,603,508
214.389,214.389,NoButton,Move,599,507
214.404,214.404,NoButton,Move,597,506
214.421,214.421,NoButton,Move,596,506
214.438,214.438,NoButton,Move,595,506
214.454,214.454,NoButton,Move,594,505
214.471,214.471,NoButton,Move,594,504
214.487,214.487,NoButton,Move,592,502
214.504,214.504,NoButton,Move,592,500
214.521,214.521,NoButton,Move,591,499
214.537,214.537,NoButton,Move,591,499
214.554,214.554,NoButton,Move,591,499
214.571,214.571,NoButton,Move,591,499
214.594,214.594,NoButton,Move,591,498
214.823,214.823,NoButton,Move,591,499
214.838,214.838,NoButton,Move,591,499
214.854,214.854,NoButton,Move,591,499
214.871,214.871,NoButton,Move,591,500
214.888,214.888,NoButton,Move,591,503
214.904,214.904,NoButton,Move,591,504
214.92,214.92,NoButton,Move,591,505
214.937,214.937,NoButton,Move,592,506
214.954,214.954,NoButton,Move,593,507
215.298,215.298,NoButton,Move,593,505
215.321,215.321,NoButton,Move,594,497
215.337,215.337,NoButton,Move,595,482
215.355,215.355,NoButton,Move,595,449
215.37,215.37,NoButton,Move,588,425
215.388,215.388,NoButton,Move,572,389
215.404,215.404,NoButton,Move,559,371
215.421,215.421,NoButton,Move,551,365
215.437,215.437,NoButton,Move,542,359
215.454,215.454,NoButton,Move,537,357
215.471,215.471,NoButton,Move,535,357
215.487,215.487,NoButton,Move,532,357
215.517,215.517,Left,Pressed,532,357
215.536,215.536,NoButton,Move,532,357
215.617,215.617,Left,Released,532,357
216.087,216.087,Scroll,Down,0,1
216.104,216.104,Scroll,Down,0,1
216.121,216.121,Scroll,Down,0,5
216.138,216.138,Scroll,Down,0,4
216.154,216.154,Scroll,Down,0,5
216.171,216.171,Scroll,Down,0,5
216.187,216.187,Scroll,Down,0,5
216.204,216.204,Scroll,Down,0,4
216.221,216.221,Scroll,Down,0,3
216.237,216.237,Scroll,Down,0,2
216.253,216.253,Scroll,Down,0,2
216.271,216.271,Scroll,Down,0,1
216.287,216.287,Scroll,Down,0,2
217.158,217.158,NoButton,Move,532,357
217.171,217.171,NoButton,Move,531,360
217.188,217.188,NoButton,Move,527,365
217.205,217.205,NoButton,Move,517,378
217.221,217.221,NoButton,Move,503,392
217.238,217.238,NoButton,Move,471,419
217.255,217.255,NoButton,Move,411,461
217.27,217.27,NoButton,Move,385,477
217.287,217.287,NoButton,Move,298,530
217.303,217.303,NoButton,Move,244,561
217.321,217.321,NoButton,Move,224,574
217.337,217.337,NoButton,Move,196,592
217.354,217.354,NoButton,Move,180,602
217.371,217.371,NoButton,Move,169,610
217.617,217.617,Scroll,Down,0,1
217.62,217.62,Scroll,Down,0,1
217.637,217.637,Scroll,Down,0,6
217.654,217.654,Scroll,Down,0,8
217.671,217.671,Scroll,Down,0,11
217.687,217.687,Scroll,Down,0,15
217.704,217.704,Scroll,Down,0,17
217.721,217.721,Scroll,Down,0,17
217.737,217.737,Scroll,Down,0,13
217.754,217.754,Scroll,Down,0,10
217.77,217.77,Scroll,Down,0,6
217.787,217.787,Scroll,Down,0,4
217.804,217.804,Scroll,Down,0,2
217.821,217.821,Scroll,Down,0,2
217.821,217.821,Scroll,Down,0,5
217.838,217.838,Scroll,Down,0,6
217.854,217.854,Scroll,Down,0,6
217.876,217.876,Scroll,Down,0,6
217.909,217.909,NoButton,Move,169,615
217.927,217.927,NoButton,Move,170,639
217.943,217.943,NoButton,Move,170,658
217.971,217.971,NoButton,Move,169,699
217.977,217.977,NoButton,Move,167,709
218.005,218.005,NoButton,Move,154,762
218.01,218.01,NoButton,Move,149,775
218.038,218.038,NoButton,Move,135,800
218.054,218.054,NoButton,Move,124,810
218.072,218.072,NoButton,Move,115,816
218.087,218.087,NoButton,Move,108,818
218.104,218.104,NoButton,Move,103,819
218.121,218.121,NoButton,Move,99,820
218.139,218.139,NoButton,Move,95,820
218.155,218.155,NoButton,Move,92,820
218.171,218.171,NoButton,Move,89,820
218.188,218.188,NoButton,Move,86,820
218.205,218.205,NoButton,Move,82,821
218.221,218.221,NoButton,Move,78,823
218.238,218.238,NoButton,Move,76,825
218.253,218.253,NoButton,Move,76,826
218.271,218.271,NoButton,Move,75,826
218.285,218.285,Left,Pressed,75,826
218.304,218.304,NoButton,Move,75,826
218.368,218.368,Left,Released,75,826
