2.364,2.364,NoButton,Move,905,423
3.795,3.795,NoButton,Move,905,423
3.811,3.811,NoButton,Move,910,428
3.827,3.827,NoButton,Move,917,433
3.844,3.844,NoButton,Move,934,444
3.861,3.861,NoButton,Move,955,455
3.877,3.877,NoButton,Move,979,464
3.894,3.894,NoButton,Move,994,469
3.911,3.911,NoButton,Move,1011,472
3.927,3.927,NoButton,Move,1019,473
3.944,3.944,NoButton,Move,1025,473
3.961,3.961,NoButton,Move,1029,473
3.978,3.978,NoButton,Move,1029,466
3.994,3.994,NoButton,Move,1020,445
4.011,4.011,NoButton,Move,974,404
4.028,4.028,NoButton,Move,898,370
4.044,4.044,NoButton,Move,788,354
4.061,4.061,NoButton,Move,712,354
4.078,4.078,NoButton,Move,626,370
4.094,4.094,NoButton,Move,561,400
4.111,4.111,NoButton,Move,527,424
4.128,4.128,NoButton,Move,492,458
4.144,4.144,NoButton,Move,485,468
7.592,7.592,NoButton,Move,481,468
7.611,7.611,NoButton,Move,473,466
7.629,7.629,NoButton,Move,465,462
7.645,7.645,NoButton,Move,458,459
7.661,7.661,NoButton,Move,452,456
7.678,7.678,NoButton,Move,445,451
7.695,7.695,NoButton,Move,439,447
7.711,7.711,NoButton,Move,433,443
7.728,7.728,NoButton,Move,429,440
7.744,7.744,NoButton,Move,426,438
7.761,7.761,NoButton,Move,423,435
7.777,7.777,NoButton,Move,422,433
7.794,7.794,NoButton,Move,420,432
7.811,7.811,NoButton,Move,420,430
7.828,7.828,NoButton,Move,419,428
7.844,7.844,NoButton,Move,417,426
7.861,7.861,NoButton,Move,416,424
7.877,7.877,NoButton,Move,416,423
7.894,7.894,NoButton,Move,415,422
7.924,7.924,Left,Pressed,415,422
8.04,8.04,Left,Released,415,422
8.352,8.352,NoButton,Move,416,423
8.363,8.363,NoButton,Move,419,425
8.378,8.378,NoButton,Move,435,436
8.394,8.394,NoButton,Move,470,454
8.411,8.411,NoButton,Move,507,468
8.427,8.427,NoButton,Move,552,483
8.444,8.444,NoButton,Move,580,493
8.461,8.461,NoButton,Move,615,503
8.477,8.477,NoButton,Move,634,509
8.494,8.494,NoButton,Move,645,513
8.511,8.511,NoButton,Move,656,516
8.527,8.527,NoButton,Move,660,518
8.544,8.544,NoButton,Move,662,518
8.561,8.561,NoButton,Move,663,519
8.578,8.578,NoButton,Move,663,519
8.647,8.647,NoButton,Move,663,519
8.662,8.662,NoButton,Move,664,519
8.678,8.678,NoButton,Move,664,519
8.694,8.694,NoButton,Move,665,519
8.711,8.711,NoButton,Move,665,519
8.728,8.728,NoButton,Move,666,520
8.745,8.745,NoButton,Move,668,521
8.761,8.761,NoButton,Move,670,522
8.778,8.778,NoButton,Move,671,523
10.205,10.205,NoButton,Move,670,528
10.228,10.228,NoButton,Move,666,556
10.244,10.244,NoButton,Move,666,567
10.261,10.261,NoButton,Move,667,576
10.278,10.278,NoButton,Move,669,583
10.294,10.294,NoButton,Move,672,592
10.311,10.311,NoButton,Move,673,596
10.327,10.327,NoButton,Move,675,598
10.344,10.344,NoButton,Move,676,599
10.361,10.361,NoButton,Move,676,599
10.481,10.481,NoButton,Move,676,599
10.494,10.494,NoButton,Move,676,597
10.511,10.511,NoButton,Move,677,591
10.528,10.528,NoButton,Move,677,590
10.544,10.544,NoButton,Move,678,586
10.561,10.561,NoButton,Move,678,583
10.578,10.578,NoButton,Move,678,582
10.592,10.592,Left,Pressed,678,582
10.679,10.679,NoButton,Move,678,582
10.679,10.679,Left,Released,678,582
13.191,13.191,NoButton,Move,679,582
13.211,13.211,NoButton,Move,682,582
13.228,13.228,NoButton,Move,688,582
13.244,13.244,NoButton,Move,697,582
13.261,13.261,NoButton,Move,715,582
13.278,13.278,NoButton,Move,724,582
13.294,13.294,NoButton,Move,756,582
13.311,13.311,NoButton,Move,782,584
13.327,13.327,NoButton,Move,806,588
13.344,13.344,NoButton,Move,835,596
13.361,13.361,NoButton,Move,851,602
13.378,13.378,NoButton,Move,858,605
13.394,13.394,NoButton,Move,862,607
13.699,13.699,NoButton,Move,862,608
13.711,13.711,NoButton,Move,862,609
13.728,13.728,NoButton,Move,862,612
13.745,13.745,NoButton,Move,862,616
13.761,13.761,NoButton,Move,862,619
13.778,13.778,NoButton,Move,862,624
13.795,13.795,NoButton,Move,862,628
13.811,13.811,NoButton,Move,861,631
13.828,13.828,NoButton,Move,860,632
13.845,13.845,NoButton,Move,859,633
13.861,13.861,NoButton,Move,858,633
13.878,13.878,NoButton,Move,858,633
13.928,13.928,NoButton,Move,858,633
13.945,13.945,NoButton,Move,857,634
13.961,13.961,NoButton,Move,857,634
13.979,13.979,NoButton,Move,857,635
14.026,14.026,Left,Pressed,857,635
14.033,14.033,NoButton,Move,857,635
14.145,14.145,Left,Released,857,635
15.058,15.058,NoButton,Move,857,635
15.078,15.078,NoButton,Move,857,635
15.095,15.095,NoButton,Move,857,635
15.111,15.111,NoButton,Move,858,635
15.14,15.14,NoButton,Move,858,635
15.156,15.156,NoButton,Move,858,634
15.197,15.197,NoButton,Move,858,634
15.244,15.244,NoButton,Move,858,634
15.852,15.852,NoButton,Move,858,634
16.327,16.327,NoButton,Move,858,634
16.409,16.409,NoButton,Move,858,633
16.416,16.416,NoButton,Move,859,633
16.622,16.622,NoButton,Move,858,633
16.629,16.629,NoButton,Move,857,633
16.645,16.645,NoButton,Move,853,631
16.661,16.661,NoButton,Move,835,626
16.678,16.678,NoButton,Move,747,617
16.695,16.695,NoButton,Move,657,612
16.711,16.711,NoButton,Move,603,608
16.728,16.728,NoButton,Move,551,603
16.744,16.744,NoButton,Move,416,584
16.761,16.761,NoButton,Move,390,580
16.779,16.779,NoButton,Move,361,576
16.794,16.794,NoButton,Move,342,573
16.81,16.81,NoButton,Move,339,572
17.063,17.063,NoButton,Move,339,572
17.078,17.078,NoButton,Move,335,572
17.095,17.095,NoButton,Move,316,568
17.111,17.111,NoButton,Move,287,560
17.128,17.128,NoButton,Move,186,531
17.144,17.144,NoButton,Move,80,502
17.161,17.161,NoButton,Move,3,487
17.179,17.179,NoButton,Move,0,478
17.195,17.195,NoButton,Move,0,473
17.212,17.212,NoButton,Move,0,473
17.228,17.228,NoButton,Move,0,474
17.375,17.375,NoButton,Move,0,474
17.382,17.382,NoButton,Move,0,472
17.395,17.395,NoButton,Move,2,468
17.411,17.411,NoButton,Move,10,459
17.428,17.428,NoButton,Move,29,443
17.445,17.445,NoButton,Move,53,426
17.461,17.461,NoButton,Move,78,410
17.478,17.478,NoButton,Move,92,401
17.495,17.495,NoButton,Move,107,392
17.511,17.511,NoButton,Move,113,388
17.529,17.529,NoButton,Move,116,385
17.544,17.544,NoButton,Move,117,384
17.561,17.561,NoButton,Move,118,383
17.578,17.578,NoButton,Move,118,382
17.594,17.594,NoButton,Move,118,381
17.611,17.611,NoButton,Move,117,376
17.628,17.628,NoButton,Move,115,370
17.644,17.644,NoButton,Move,112,362
17.661,17.661,NoButton,Move,110,354
17.678,17.678,NoButton,Move,108,348
17.695,17.695,NoButton,Move,105,342
17.711,17.711,NoButton,Move,103,337
17.728,17.728,NoButton,Move,102,335
17.745,17.745,NoButton,Move,102,333
17.761,17.761,NoButton,Move,101,333
17.774,17.774,Left,Pressed,101,333
17.795,17.795,NoButton,Move,101,333
17.857,17.857,Left,Released,101,333
18.095,18.095,NoButton,Move,102,333
18.111,18.111,NoButton,Move,107,333
18.128,18.128,NoButton,Move,122,333
18.145,18.145,NoButton,Move,143,332
18.161,18.161,NoButton,Move,185,328
18.178,18.178,NoButton,Move,228,328
18.195,18.195,NoButton,Move,264,328
18.212,18.212,NoButton,Move,329,333
18.228,18.228,NoButton,Move,360,341
18.245,18.245,NoButton,Move,384,346
18.261,18.261,NoButton,Move,397,349
18.278,18.278,NoButton,Move,415,352
18.294,18.294,NoButton,Move,422,353
18.311,18.311,NoButton,Move,425,353
18.328,18.328,NoButton,Move,426,353
18.344,18.344,NoButton,Move,426,353
18.372,18.372,NoButton,Move,427,353
18.38,18.38,NoButton,Move,427,352
18.395,18.395,NoButton,Move,427,351
18.411,18.411,NoButton,Move,429,349
18.428,18.428,NoButton,Move,431,346
18.445,18.445,NoButton,Move,434,343
18.461,18.461,NoButton,Move,437,341
18.478,18.478,NoButton,Move,442,338
18.494,18.494,NoButton,Move,444,336
18.511,18.511,NoButton,Move,446,333
18.528,18.528,NoButton,Move,448,332
18.545,18.545,NoButton,Move,449,330
18.561,18.561,NoButton,Move,449,329
18.578,18.578,NoButton,Move,450,328
18.609,18.609,Left,Pressed,450,328
18.611,18.611,Left,Released,450,328
18.611,18.611,NoButton,Move,450,328
19.749,19.749,NoButton,Move,434,403
19.756,19.756,NoButton,Move,434,403
19.757,19.757,Left,Pressed,434,403
19.761,19.761,Left,Released,434,403
21.051,21.051,NoButton,Move,440,412
21.061,21.061,NoButton,Move,440,412
21.122,21.122,NoButton,Move,440,411
21.13,21.13,NoButton,Move,437,401
21.144,21.144,NoButton,Move,434,391
21.161,21.161,NoButton,Move,427,367
21.177,21.177,NoButton,Move,419,349
21.194,21.194,NoButton,Move,415,337
21.211,21.211,NoButton,Move,411,328
21.228,21.228,NoButton,Move,410,324
21.244,21.244,NoButton,Move,409,322
21.261,21.261,NoButton,Move,409,322
21.273,21.273,Left,Pressed,409,322
21.278,21.278,Left,Released,409,322
22.43,22.43,NoButton,Move,409,380
22.431,22.431,Left,Pressed,409,380
22.444,22.444,NoButton,Move,409,379
22.523,22.523,Left,Released,409,380
22.663,22.663,NoButton,Move,409,381
22.678,22.678,NoButton,Move,409,382
22.695,22.695,NoButton,Move,409,386
22.711,22.711,NoButton,Move,409,392
22.728,22.728,NoButton,Move,409,395
22.745,22.745,NoButton,Move,409,397
22.775,22.775,Left,Pressed,409,397
22.777,22.777,Left,Released,409,397
22.795,22.795,NoButton,Move,409,397
23.861,23.861,NoButton,Move,509,481
23.878,23.878,NoButton,Move,504,483
23.894,23.894,NoButton,Move,499,483
23.912,23.912,NoButton,Move,495,483
23.928,23.928,NoButton,Move,492,482
23.944,23.944,NoButton,Move,492,481
23.962,23.962,NoButton,Move,492,480
23.973,23.973,Left,Pressed,492,480
23.994,23.994,NoButton,Move,492,480
24.081,24.081,Left,Released,492,480
24.974,24.974,NoButton,Move,491,481
24.994,24.994,NoButton,Move,491,490
25.011,25.011,NoButton,Move,491,498
25.028,25.028,NoButton,Move,493,506
25.044,25.044,NoButton,Move,494,512
25.061,25.061,NoButton,Move,495,518
25.078,25.078,NoButton,Move,496,522
25.095,25.095,NoButton,Move,496,528
25.111,25.111,NoButton,Move,496,533
25.128,25.128,NoButton,Move,496,537
25.145,25.145,NoButton,Move,496,542
25.161,25.161,NoButton,Move,495,546
25.178,25.178,NoButton,Move,495,548
25.195,25.195,NoButton,Move,494,550
25.211,25.211,NoButton,Move,494,553
25.228,25.228,NoButton,Move,492,561
25.245,25.245,NoButton,Move,491,572
25.261,25.261,NoButton,Move,490,582
25.278,25.278,NoButton,Move,488,587
25.294,25.294,NoButton,Move,486,595
25.311,25.311,NoButton,Move,486,597
25.328,25.328,NoButton,Move,486,597
25.398,25.398,NoButton,Move,486,597
25.414,25.414,NoButton,Move,486,597
25.428,25.428,NoButton,Move,486,596
25.446,25.446,NoButton,Move,487,594
25.461,25.461,NoButton,Move,488,592
25.479,25.479,NoButton,Move,491,587
25.495,25.495,NoButton,Move,492,585
25.511,25.511,NoButton,Move,494,582
25.528,25.528,NoButton,Move,495,582
25.542,25.542,Left,Pressed,495,582
25.639,25.639,NoButton,Move,495,581
25.639,25.639,Left,Released,495,581
30.499,30.499,NoButton,Move,497,581
30.511,30.511,NoButton,Move,503,584
30.528,30.528,NoButton,Move,512,588
30.544,30.544,NoButton,Move,520,590
30.561,30.561,NoButton,Move,531,592
30.578,30.578,NoButton,Move,544,593
30.594,30.594,NoButton,Move,563,594
30.611,30.611,NoButton,Move,576,594
30.628,30.628,NoButton,Move,606,594
30.644,30.644,NoButton,Move,623,594
30.661,30.661,NoButton,Move,638,595
30.678,30.678,NoButton,Move,650,599
30.695,30.695,NoButton,Move,655,602
30.711,30.711,NoButton,Move,660,605
30.728,30.728,NoButton,Move,661,608
30.745,30.745,NoButton,Move,662,611
30.761,30.761,NoButton,Move,661,613
30.779,30.779,NoButton,Move,656,615
30.796,30.796,NoButton,Move,649,616
30.812,30.812,NoButton,Move,640,616
30.828,30.828,NoButton,Move,631,616
30.845,30.845,NoButton,Move,626,617
30.861,30.861,NoButton,Move,620,618
30.878,30.878,NoButton,Move,617,621
30.895,30.895,NoButton,Move,614,622
30.911,30.911,NoButton,Move,612,624
30.928,30.928,NoButton,Move,610,625
30.945,30.945,NoButton,Move,608,628
30.961,30.961,NoButton,Move,606,630
30.978,30.978,NoButton,Move,604,633
30.994,30.994,NoButton,Move,603,635
31.007,31.007,Left,Pressed,603,635
31.045,31.045,NoButton,Move,602,635
31.091,31.091,Left,Released,602,635
31.318,31.318,NoButton,Move,602,635
31.329,31.329,NoButton,Move,602,634
31.345,31.345,NoButton,Move,602,625
31.361,31.361,NoButton,Move,602,607
31.378,31.378,NoButton,Move,604,585
31.395,31.395,NoButton,Move,614,560
31.412,31.412,NoButton,Move,629,536
31.429,31.429,NoButton,Move,649,514
31.445,31.445,NoButton,Move,669,495
31.462,31.462,NoButton,Move,680,486
31.478,31.478,NoButton,Move,688,481
31.495,31.495,NoButton,Move,693,476
31.512,31.512,NoButton,Move,696,473
31.528,31.528,NoButton,Move,697,472
31.545,31.545,NoButton,Move,698,472
31.562,31.562,NoButton,Move,698,472
31.608,31.608,Left,Pressed,698,472
31.707,31.707,Left,Released,698,472
31.793,31.793,NoButton,Move,698,472
31.8,31.8,NoButton,Move,698,473
31.811,31.811,NoButton,Move,698,475
31.829,31.829,NoButton,Move,696,482
31.845,31.845,NoButton,Move,693,490
31.862,31.862,NoButton,Move,691,499
31.878,31.878,NoButton,Move,691,503
31.895,31.895,NoButton,Move,691,505
31.908,31.908,Left,Pressed,691,505
31.928,31.928,NoButton,Move,691,506
31.974,31.974,Left,Released,691,506
32.135,32.135,NoButton,Move,690,506
32.144,32.144,NoButton,Move,690,506
32.161,32.161,NoButton,Move,687,506
32.178,32.178,NoButton,Move,683,504
32.195,32.195,NoButton,Move,678,503
32.211,32.211,NoButton,Move,668,498
32.228,32.228,NoButton,Move,643,485
32.245,32.245,NoButton,Move,615,467
32.261,32.261,NoButton,Move,582,443
32.278,32.278,NoButton,Move,554,424
32.295,32.295,NoButton,Move,533,412
32.311,32.311,NoButton,Move,519,405
32.328,32.328,NoButton,Move,508,402
32.345,32.345,NoButton,Move,502,402
32.361,32.361,NoButton,Move,500,402
32.378,32.378,NoButton,Move,499,410
32.395,32.395,NoButton,Move,499,422
32.412,32.412,NoButton,Move,500,434
32.428,32.428,NoButton,Move,502,447
32.445,32.445,NoButton,Move,502,454
32.462,32.462,NoButton,Move,503,459
32.478,32.478,NoButton,Move,503,461
32.491,32.491,Left,Pressed,503,461
32.511,32.511,NoButton,Move,503,461
32.59,32.59,Left,Released,503,461
32.751,32.751,NoButton,Move,503,460
32.761,32.761,NoButton,Move,503,458
32.778,32.778,NoButton,Move,501,449
32.795,32.795,NoButton,Move,497,438
32.811,32.811,NoButton,Move,492,425
32.828,32.828,NoButton,Move,486,414
32.845,32.845,NoButton,Move,481,404
32.861,32.861,NoButton,Move,476,397
32.878,32.878,NoButton,Move,470,388
32.895,32.895,NoButton,Move,463,378
32.912,32.912,NoButton,Move,459,373
32.928,32.928,NoButton,Move,455,368
32.945,32.945,NoButton,Move,453,366
32.962,32.962,NoButton,Move,452,365
32.978,32.978,NoButton,Move,451,365
32.995,32.995,NoButton,Move,451,364
33.011,33.011,NoButton,Move,451,364
33.029,33.029,NoButton,Move,451,363
33.053,33.053,NoButton,Move,451,364
33.061,33.061,NoButton,Move,451,366
33.078,33.078,NoButton,Move,451,377
33.095,33.095,NoButton,Move,451,387
33.111,33.111,NoButton,Move,452,400
33.128,33.128,NoButton,Move,453,407
33.145,33.145,NoButton,Move,453,412
33.161,33.161,NoButton,Move,453,415
33.178,33.178,NoButton,Move,453,416
33.208,33.208,Left,Pressed,453,416
33.211,33.211,Left,Released,453,416
33.228,33.228,NoButton,Move,453,416
34.511,34.511,NoButton,Move,433,554
34.528,34.528,NoButton,Move,430,553
34.545,34.545,NoButton,Move,425,547
34.561,34.561,NoButton,Move,420,537
34.578,34.578,NoButton,Move,415,529
34.594,34.594,NoButton,Move,411,519
34.611,34.611,NoButton,Move,407,509
34.628,34.628,NoButton,Move,405,504
34.645,34.645,NoButton,Move,404,500
34.661,34.661,NoButton,Move,403,498
34.678,34.678,NoButton,Move,403,498
34.69,34.69,Left,Pressed,403,498
34.711,34.711,NoButton,Move,403,497
34.796,34.796,Left,Released,403,497
39.197,39.197,NoButton,Move,403,498
39.211,39.211,NoButton,Move,403,508
39.228,39.228,NoButton,Move,404,515
39.245,39.245,NoButton,Move,405,523
39.261,39.261,NoButton,Move,405,533
39.278,39.278,NoButton,Move,405,554
39.295,39.295,NoButton,Move,405,566
39.311,39.311,NoButton,Move,402,580
39.328,39.328,NoButton,Move,397,593
39.345,39.345,NoButton,Move,392,602
39.361,39.361,NoButton,Move,385,608
39.378,39.378,NoButton,Move,378,613
39.396,39.396,NoButton,Move,371,616
39.412,39.412,NoButton,Move,367,618
39.429,39.429,NoButton,Move,363,619
39.446,39.446,NoButton,Move,360,620
39.461,39.461,NoButton,Move,358,620
39.478,39.478,NoButton,Move,356,618
39.495,39.495,NoButton,Move,353,612
39.511,39.511,NoButton,Move,349,603
39.528,39.528,NoButton,Move,346,597
39.545,39.545,NoButton,Move,344,592
39.561,39.561,NoButton,Move,343,590
39.578,39.578,NoButton,Move,343,589
39.595,39.595,NoButton,Move,343,589
39.628,39.628,NoButton,Move,344,588
39.645,39.645,NoButton,Move,346,587
39.661,39.661,NoButton,Move,348,586
39.678,39.678,NoButton,Move,351,584
39.695,39.695,NoButton,Move,354,582
39.712,39.712,NoButton,Move,357,580
39.728,39.728,NoButton,Move,360,577
39.745,39.745,NoButton,Move,363,575
39.762,39.762,NoButton,Move,365,573
39.778,39.778,NoButton,Move,365,573
39.792,39.792,Left,Pressed,365,573
39.891,39.891,NoButton,Move,366,573
39.892,39.892,Left,Released,366,573
43.422,43.422,NoButton,Move,366,574
43.428,43.428,NoButton,Move,369,576
43.445,43.445,NoButton,Move,375,578
43.461,43.461,NoButton,Move,391,583
43.478,43.478,NoButton,Move,426,588
43.495,43.495,NoButton,Move,468,590
43.511,43.511,NoButton,Move,505,590
43.528,43.528,NoButton,Move,548,585
43.545,43.545,NoButton,Move,573,580
43.561,43.561,NoButton,Move,598,576
43.578,43.578,NoButton,Move,614,574
43.595,43.595,NoButton,Move,621,573
43.613,43.613,NoButton,Move,626,572
43.628,43.628,NoButton,Move,629,572
43.645,43.645,NoButton,Move,629,572
43.662,43.662,NoButton,Move,630,572
43.678,43.678,NoButton,Move,630,572
43.695,43.695,NoButton,Move,630,573
43.712,43.712,NoButton,Move,630,578
43.728,43.728,NoButton,Move,630,586
43.745,43.745,NoButton,Move,630,596
43.762,43.762,NoButton,Move,630,604
43.778,43.778,NoButton,Move,629,610
43.796,43.796,NoButton,Move,627,616
43.812,43.812,NoButton,Move,625,621
43.828,43.828,NoButton,Move,624,622
43.845,43.845,NoButton,Move,624,622
43.858,43.858,Left,Pressed,624,622
43.96,43.96,NoButton,Move,624,622
43.96,43.96,Left,Released,624,622
44.264,44.264,NoButton,Move,624,622
44.278,44.278,NoButton,Move,630,614
44.295,44.295,NoButton,Move,642,603
44.311,44.311,NoButton,Move,658,588
44.328,44.328,NoButton,Move,679,566
44.346,44.346,NoButton,Move,692,551
44.362,44.362,NoButton,Move,700,540
44.378,44.378,NoButton,Move,706,532
44.395,44.395,NoButton,Move,708,529
44.413,44.413,NoButton,Move,709,527
44.428,44.428,NoButton,Move,709,526
44.445,44.445,NoButton,Move,709,526
44.492,44.492,Left,Pressed,709,526
44.592,44.592,Left,Released,709,526
44.721,44.721,NoButton,Move,709,526
44.728,44.728,NoButton,Move,709,524
44.745,44.745,NoButton,Move,709,517
44.762,44.762,NoButton,Move,709,504
44.778,44.778,NoButton,Move,709,498
44.795,44.795,NoButton,Move,709,490
44.811,44.811,NoButton,Move,709,486
44.828,44.828,NoButton,Move,709,484
44.859,44.859,Left,Pressed,709,484
44.878,44.878,NoButton,Move,709,484
44.924,44.924,Left,Released,709,484
45.188,45.188,NoButton,Move,709,484
45.195,45.195,NoButton,Move,707,484
45.212,45.212,NoButton,Move,706,484
45.228,45.228,NoButton,Move,696,484
45.246,45.246,NoButton,Move,685,481
45.262,45.262,NoButton,Move,674,475
45.279,45.279,NoButton,Move,667,472
45.295,45.295,NoButton,Move,654,467
45.312,45.312,NoButton,Move,649,466
45.328,45.328,NoButton,Move,646,465
45.345,45.345,NoButton,Move,644,465
45.362,45.362,NoButton,Move,643,464
45.379,45.379,NoButton,Move,643,464
45.395,45.395,NoButton,Move,643,463
45.425,45.425,Left,Pressed,643,463
45.445,45.445,NoButton,Move,643,463
45.49,45.49,Left,Released,643,463
45.754,45.754,NoButton,Move,641,463
45.778,45.778,NoButton,Move,628,454
45.795,45.795,NoButton,Move,614,441
45.812,45.812,NoButton,Move,598,427
45.829,45.829,NoButton,Move,575,410
45.845,45.845,NoButton,Move,556,396
45.862,45.862,NoButton,Move,536,383
45.878,45.878,NoButton,Move,520,374
45.895,45.895,NoButton,Move,508,366
45.912,45.912,NoButton,Move,503,363
45.928,45.928,NoButton,Move,498,361
45.945,45.945,NoButton,Move,495,359
45.962,45.962,NoButton,Move,494,359
45.979,45.979,NoButton,Move,493,359
45.995,45.995,NoButton,Move,493,359
46.012,46.012,NoButton,Move,493,358
46.028,46.028,NoButton,Move,493,358
46.045,46.045,NoButton,Move,493,358
46.062,46.062,NoButton,Move,493,356
46.078,46.078,NoButton,Move,493,353
46.095,46.095,NoButton,Move,493,345
46.112,46.112,NoButton,Move,492,330
46.128,46.128,NoButton,Move,492,313
46.145,46.145,NoButton,Move,492,305
46.162,46.162,NoButton,Move,492,302
46.175,46.175,Left,Pressed,492,302
46.179,46.179,Left,Released,492,302
51.669,51.669,NoButton,Move,455,440
51.678,51.678,NoButton,Move,454,441
51.752,51.752,NoButton,Move,453,441
51.761,51.761,NoButton,Move,453,440
51.778,51.778,NoButton,Move,453,438
51.795,51.795,NoButton,Move,453,432
51.812,51.812,NoButton,Move,453,428
51.828,51.828,NoButton,Move,453,423
51.845,51.845,NoButton,Move,453,420
51.862,51.862,NoButton,Move,453,416
51.878,51.878,NoButton,Move,453,413
51.895,51.895,NoButton,Move,454,411
51.912,51.912,NoButton,Move,454,410
51.925,51.925,Left,Pressed,454,410
51.929,51.929,Left,Released,454,410
59.284,59.284,NoButton,Move,405,485
59.295,59.295,NoButton,Move,405,479
59.312,59.312,NoButton,Move,406,475
59.328,59.328,NoButton,Move,407,472
59.345,59.345,NoButton,Move,407,471
59.362,59.362,NoButton,Move,407,471
59.413,59.413,NoButton,Move,407,471
59.428,59.428,NoButton,Move,407,472
59.445,59.445,NoButton,Move,407,472
59.457,59.457,Left,Pressed,407,472
59.478,59.478,NoButton,Move,406,472
59.574,59.574,Left,Released,406,472
60.847,60.847,NoButton,Move,406,479
60.862,60.862,NoButton,Move,406,491
60.878,60.878,NoButton,Move,406,504
60.895,60.895,NoButton,Move,408,519
60.912,60.912,NoButton,Move,415,544
60.929,60.929,NoButton,Move,420,559
60.945,60.945,NoButton,Move,425,569
60.962,60.962,NoButton,Move,428,579
60.979,60.979,NoButton,Move,430,584
60.995,60.995,NoButton,Move,430,587
61.012,61.012,NoButton,Move,430,590
61.029,61.029,NoButton,Move,430,592
61.045,61.045,NoButton,Move,430,594
61.062,61.062,NoButton,Move,430,595
61.079,61.079,NoButton,Move,430,596
61.096,61.096,NoButton,Move,430,596
61.125,61.125,Left,Pressed,430,596
61.242,61.242,Left,Released,430,596
65.276,65.276,NoButton,Move,431,597
65.286,65.286,NoButton,Move,437,599
65.346,65.346,NoButton,Move,569,643
65.362,65.362,NoButton,Move,603,652
65.379,65.379,NoButton,Move,631,657
65.395,65.395,NoButton,Move,655,659
65.412,65.412,NoButton,Move,665,659
65.429,65.429,NoButton,Move,674,659
65.445,65.445,NoButton,Move,679,659
65.462,65.462,NoButton,Move,680,659
65.479,65.479,NoButton,Move,682,658
65.496,65.496,NoButton,Move,684,658
65.512,65.512,NoButton,Move,686,658
65.529,65.529,NoButton,Move,687,657
65.545,65.545,NoButton,Move,688,656
65.562,65.562,NoButton,Move,689,654
65.579,65.579,NoButton,Move,691,650
65.595,65.595,NoButton,Move,693,645
65.612,65.612,NoButton,Move,695,641
65.628,65.628,NoButton,Move,697,637
65.646,65.646,NoButton,Move,698,636
65.676,65.676,Left,Pressed,698,636
65.685,65.685,NoButton,Move,698,636
65.787,65.787,Left,Released,698,636
66.748,66.748,NoButton,Move,694,636
66.762,66.762,NoButton,Move,692,634
66.778,66.778,NoButton,Move,689,631
66.795,66.795,NoButton,Move,687,624
66.812,66.812,NoButton,Move,686,614
66.829,66.829,NoButton,Move,686,602
66.845,66.845,NoButton,Move,686,588
66.862,66.862,NoButton,Move,686,580
66.878,66.878,NoButton,Move,695,553
66.895,66.895,NoButton,Move,698,543
66.913,66.913,NoButton,Move,701,537
66.929,66.929,NoButton,Move,703,531
66.945,66.945,NoButton,Move,705,527
66.963,66.963,NoButton,Move,706,524
66.979,66.979,NoButton,Move,707,522
66.996,66.996,NoButton,Move,707,520
67.012,67.012,NoButton,Move,707,518
67.029,67.029,NoButton,Move,707,515
67.044,67.044,NoButton,Move,708,512
67.062,67.062,NoButton,Move,708,511
67.084,67.084,Left,Pressed,708,511
67.095,67.095,NoButton,Move,708,511
67.174,67.174,Left,Released,708,511
68.723,68.723,NoButton,Move,708,510
68.745,68.745,NoButton,Move,709,505
68.762,68.762,NoButton,Move,711,497
68.779,68.779,NoButton,Move,712,490
68.796,68.796,NoButton,Move,713,476
68.813,68.813,NoButton,Move,713,473
68.829,68.829,NoButton,Move,713,471
68.846,68.846,NoButton,Move,713,465
68.862,68.862,NoButton,Move,713,462
68.879,68.879,NoButton,Move,711,459
68.896,68.896,NoButton,Move,711,457
68.912,68.912,NoButton,Move,710,455
68.929,68.929,NoButton,Move,710,452
68.946,68.946,NoButton,Move,710,450
68.962,68.962,NoButton,Move,710,446
68.979,68.979,NoButton,Move,710,443
68.996,68.996,NoButton,Move,710,440
69.012,69.012,NoButton,Move,710,437
69.029,69.029,NoButton,Move,710,434
69.046,69.046,NoButton,Move,710,432
69.062,69.062,NoButton,Move,710,431
69.076,69.076,Left,Pressed,710,431
69.096,69.096,NoButton,Move,710,430
69.258,69.258,Left,Released,710,430
69.458,69.458,NoButton,Move,710,432
69.468,69.468,NoButton,Move,710,435
69.479,69.479,NoButton,Move,710,440
69.496,69.496,NoButton,Move,710,444
69.512,69.512,NoButton,Move,710,448
69.525,69.525,Left,Pressed,710,448
69.545,69.545,NoButton,Move,710,448
69.608,69.608,Left,Released,710,448
71.989,71.989,NoButton,Move,710,448
72.012,72.012,NoButton,Move,701,438
72.03,72.03,NoButton,Move,689,427
72.045,72.045,NoButton,Move,680,419
72.063,72.063,NoButton,Move,635,376
72.079,72.079,NoButton,Move,604,341
72.095,72.095,NoButton,Move,590,326
72.112,72.112,NoButton,Move,579,315
72.129,72.129,NoButton,Move,570,307
72.145,72.145,NoButton,Move,567,303
72.162,72.162,NoButton,Move,566,303
72.179,72.179,NoButton,Move,565,303
72.196,72.196,NoButton,Move,564,303
72.212,72.212,NoButton,Move,563,304
72.229,72.229,NoButton,Move,561,307
72.246,72.246,NoButton,Move,559,309
72.262,72.262,NoButton,Move,558,311
72.279,72.279,NoButton,Move,557,311
72.296,72.296,NoButton,Move,555,311
72.312,72.312,NoButton,Move,554,311
72.329,72.329,NoButton,Move,553,311
72.345,72.345,NoButton,Move,553,311
72.395,72.395,NoButton,Move,552,311
72.412,72.412,NoButton,Move,551,312
72.429,72.429,NoButton,Move,549,317
72.445,72.445,NoButton,Move,546,322
72.462,72.462,NoButton,Move,544,326
72.48,72.48,NoButton,Move,542,329
72.495,72.495,NoButton,Move,541,330
72.512,72.512,NoButton,Move,540,330
72.529,72.529,NoButton,Move,539,330
72.546,72.546,NoButton,Move,539,330
72.576,72.576,Left,Pressed,539,330
72.579,72.579,Left,Released,539,330
73.443,73.443,NoButton,Move,483,517
73.446,73.446,NoButton,Move,483,516
73.462,73.462,NoButton,Move,478,425
73.479,73.479,NoButton,Move,478,423
73.495,73.495,NoButton,Move,478,422
73.524,73.524,Left,Pressed,478,422
73.525,73.525,Left,Released,478,422
74.764,74.764,NoButton,Move,477,487
74.778,74.778,NoButton,Move,478,490
74.874,74.874,Left,Pressed,477,487
74.979,74.979,Left,Released,477,487
81.312,81.312,NoButton,Move,479,495
81.329,81.329,NoButton,Move,481,502
81.345,81.345,NoButton,Move,483,511
81.362,81.362,NoButton,Move,484,523
81.379,81.379,NoButton,Move,484,532
81.395,81.395,NoButton,Move,484,541
81.412,81.412,NoButton,Move,481,548
81.429,81.429,NoButton,Move,478,554
81.446,81.446,NoButton,Move,474,560
81.462,81.462,NoButton,Move,471,565
81.479,81.479,NoButton,Move,467,570
81.496,81.496,NoButton,Move,464,574
81.512,81.512,NoButton,Move,462,577
81.529,81.529,NoButton,Move,460,582
81.546,81.546,NoButton,Move,459,586
81.562,81.562,NoButton,Move,457,592
81.579,81.579,NoButton,Move,457,594
81.596,81.596,NoButton,Move,456,595
81.612,81.612,NoButton,Move,456,596
81.629,81.629,NoButton,Move,455,596
81.646,81.646,NoButton,Move,454,594
81.662,81.662,NoButton,Move,452,591
81.679,81.679,NoButton,Move,451,586
81.695,81.695,NoButton,Move,449,583
81.712,81.712,NoButton,Move,448,579
81.729,81.729,NoButton,Move,448,577
81.746,81.746,NoButton,Move,448,576
81.762,81.762,NoButton,Move,448,575
81.779,81.779,NoButton,Move,448,575
81.793,81.793,Left,Pressed,448,575
81.891,81.891,Left,Released,448,575
85.295,85.295,NoButton,Move,447,578
85.298,85.298,NoButton,Move,446,584
85.312,85.312,NoButton,Move,445,592
85.329,85.329,NoButton,Move,444,596
85.346,85.346,NoButton,Move,444,600
85.362,85.362,NoButton,Move,444,605
85.379,85.379,NoButton,Move,444,609
85.395,85.395,NoButton,Move,444,611
85.412,85.412,NoButton,Move,444,612
85.429,85.429,NoButton,Move,444,614
85.446,85.446,NoButton,Move,443,617
85.463,85.463,NoButton,Move,442,622
85.479,85.479,NoButton,Move,438,631
85.496,85.496,NoButton,Move,436,635
85.512,85.512,NoButton,Move,434,638
85.542,85.542,Left,Pressed,434,638
85.548,85.548,NoButton,Move,434,639
85.658,85.658,Left,Released,434,639
85.808,85.808,NoButton,Move,434,639
85.816,85.816,NoButton,Move,435,636
85.829,85.829,NoButton,Move,437,633
85.846,85.846,NoButton,Move,446,623
85.862,85.862,NoButton,Move,469,596
85.879,85.879,NoButton,Move,495,568
85.896,85.896,NoButton,Move,520,547
85.912,85.912,NoButton,Move,553,522
85.93,85.93,NoButton,Move,585,505
85.946,85.946,NoButton,Move,625,491
85.963,85.963,NoButton,Move,641,487
85.979,85.979,NoButton,Move,656,484
85.996,85.996,NoButton,Move,663,483
86.013,86.013,NoButton,Move,668,482
86.029,86.029,NoButton,Move,670,482
86.045,86.045,NoButton,Move,671,482
86.062,86.062,NoButton,Move,671,482
86.079,86.079,NoButton,Move,671,484
86.095,86.095,NoButton,Move,671,487
86.112,86.112,NoButton,Move,671,490
86.13,86.13,NoButton,Move,670,493
86.146,86.146,NoButton,Move,670,496
86.163,86.163,NoButton,Move,669,499
86.179,86.179,NoButton,Move,668,501
86.21,86.21,Left,Pressed,668,501
86.214,86.214,NoButton,Move,667,502
86.292,86.292,Left,Released,667,502
86.684,86.684,NoButton,Move,667,502
86.697,86.697,NoButton,Move,663,502
86.712,86.712,NoButton,Move,656,500
86.729,86.729,NoButton,Move,645,493
86.746,86.746,NoButton,Move,632,483
86.763,86.763,NoButton,Move,613,468
86.779,86.779,NoButton,Move,587,449
86.796,86.796,NoButton,Move,579,443
86.812,86.812,NoButton,Move,569,435
86.829,86.829,NoButton,Move,565,432
86.846,86.846,NoButton,Move,563,431
86.862,86.862,NoButton,Move,562,431
86.879,86.879,NoButton,Move,562,431
86.892,86.892,Left,Pressed,562,431
86.992,86.992,Left,Released,562,431
87.216,87.216,NoButton,Move,562,432
87.23,87.23,NoButton,Move,562,433
87.246,87.246,NoButton,Move,561,436
87.262,87.262,NoButton,Move,558,439
87.279,87.279,NoButton,Move,554,444
87.296,87.296,NoButton,Move,552,447
87.312,87.312,NoButton,Move,551,447
87.326,87.326,Left,Pressed,551,447
87.346,87.346,NoButton,Move,551,448
87.408,87.408,Left,Released,551,448
87.856,87.856,NoButton,Move,551,447
87.879,87.879,NoButton,Move,546,440
87.896,87.896,NoButton,Move,532,416
87.912,87.912,NoButton,Move,514,384
87.929,87.929,NoButton,Move,497,356
87.946,87.946,NoButton,Move,484,336
87.962,87.962,NoButton,Move,477,324
87.979,87.979,NoButton,Move,471,315
87.996,87.996,NoButton,Move,468,311
88.012,88.012,NoButton,Move,467,310
88.029,88.029,NoButton,Move,466,310
88.046,88.046,NoButton,Move,466,309
88.143,88.143,Left,Pressed,466,309
88.147,88.147,Left,Released,466,309
92.237,92.237,NoButton,Move,454,401
92.241,92.241,NoButton,Move,455,396
92.241,92.241,Left,Pressed,454,401
92.246,92.246,Left,Released,454,401
94.13,94.13,NoButton,Move,452,452
94.145,94.145,NoButton,Move,452,456
94.162,94.162,NoButton,Move,452,462
94.179,94.179,NoButton,Move,452,468
94.196,94.196,NoButton,Move,451,471
94.212,94.212,NoButton,Move,451,474
94.229,94.229,NoButton,Move,450,477
94.246,94.246,NoButton,Move,449,480
94.262,94.262,NoButton,Move,449,482
94.279,94.279,NoButton,Move,448,483
94.296,94.296,NoButton,Move,448,485
94.312,94.312,NoButton,Move,447,486
94.329,94.329,NoButton,Move,447,488
94.346,94.346,NoButton,Move,446,490
94.362,94.362,NoButton,Move,446,493
94.379,94.379,NoButton,Move,445,494
94.396,94.396,NoButton,Move,445,496
94.412,94.412,NoButton,Move,445,497
94.429,94.429,NoButton,Move,445,498
94.446,94.446,NoButton,Move,444,498
94.459,94.459,Left,Pressed,444,498
94.479,94.479,NoButton,Move,444,498
94.586,94.586,Left,Released,444,498
98.437,98.437,NoButton,Move,444,498
98.446,98.446,NoButton,Move,444,497
98.463,98.463,NoButton,Move,445,494
98.48,98.48,NoButton,Move,447,488
98.496,98.496,NoButton,Move,449,480
98.513,98.513,NoButton,Move,451,470
98.531,98.531,NoButton,Move,454,459
98.546,98.546,NoButton,Move,456,446
98.563,98.563,NoButton,Move,459,434
98.58,98.58,NoButton,Move,461,420
98.596,98.596,NoButton,Move,465,408
98.613,98.613,NoButton,Move,466,401
98.63,98.63,NoButton,Move,467,394
98.647,98.647,NoButton,Move,469,390
98.663,98.663,NoButton,Move,469,387
98.68,98.68,NoButton,Move,469,386
98.696,98.696,NoButton,Move,470,386
99.402,99.402,NoButton,Move,470,386
99.413,99.413,NoButton,Move,470,387
99.43,99.43,NoButton,Move,470,387
99.446,99.446,NoButton,Move,470,388
99.463,99.463,NoButton,Move,470,388
99.479,99.479,NoButton,Move,469,388
99.607,99.607,NoButton,Move,469,388
99.614,99.614,NoButton,Move,468,386
99.629,99.629,NoButton,Move,468,384
99.646,99.646,NoButton,Move,465,375
99.663,99.663,NoButton,Move,463,364
99.679,99.679,NoButton,Move,460,353
99.696,99.696,NoButton,Move,458,342
99.713,99.713,NoButton,Move,456,336
99.729,99.729,NoButton,Move,455,330
99.746,99.746,NoButton,Move,454,327
99.762,99.762,NoButton,Move,454,326
99.779,99.779,NoButton,Move,454,325
99.796,99.796,NoButton,Move,454,324
99.844,99.844,Left,Pressed,454,324
99.847,99.847,Left,Released,454,324
112.429,112.429,NoButton,Move,365,439
112.446,112.446,NoButton,Move,354,455
112.463,112.463,NoButton,Move,346,469
112.479,112.479,NoButton,Move,341,475
112.496,112.496,NoButton,Move,337,480
112.514,112.514,NoButton,Move,333,484
112.528,112.528,NoButton,Move,330,487
112.546,112.546,NoButton,Move,329,489
112.563,112.563,NoButton,Move,328,490
112.579,112.579,NoButton,Move,328,490
112.596,112.596,NoButton,Move,328,491
112.715,112.715,NoButton,Move,328,490
112.73,112.73,NoButton,Move,330,490
112.746,112.746,NoButton,Move,333,488
112.763,112.763,NoButton,Move,337,486
112.78,112.78,NoButton,Move,341,485
112.796,112.796,NoButton,Move,346,483
112.813,112.813,NoButton,Move,348,483
112.83,112.83,NoButton,Move,351,483
112.846,112.846,NoButton,Move,353,483
112.863,112.863,NoButton,Move,354,483
112.88,112.88,NoButton,Move,354,483
112.896,112.896,NoButton,Move,355,483
112.919,112.919,NoButton,Move,355,483
112.93,112.93,NoButton,Move,355,483
112.946,112.946,NoButton,Move,355,484
112.963,112.963,NoButton,Move,355,484
112.98,112.98,NoButton,Move,355,485
112.996,112.996,NoButton,Move,355,486
113.013,113.013,NoButton,Move,355,486
113.03,113.03,NoButton,Move,354,488
113.046,113.046,NoButton,Move,353,489
113.063,113.063,NoButton,Move,353,490
113.08,113.08,NoButton,Move,352,491
113.097,113.097,NoButton,Move,351,493
113.113,113.113,NoButton,Move,350,493
113.13,113.13,NoButton,Move,350,494
113.146,113.146,NoButton,Move,349,495
113.163,113.163,NoButton,Move,349,495
113.18,113.18,NoButton,Move,349,495
113.595,113.595,Left,Pressed,349,495
113.758,113.758,Left,Released,349,495
115.582,115.582,NoButton,Move,350,503
115.596,115.596,NoButton,Move,355,516
115.613,115.613,NoButton,Move,362,528
115.629,115.629,NoButton,Move,368,536
115.646,115.646,NoButton,Move,376,547
115.663,115.663,NoButton,Move,383,556
115.679,115.679,NoButton,Move,387,560
115.696,115.696,NoButton,Move,389,564
115.713,115.713,NoButton,Move,392,567
115.73,115.73,NoButton,Move,393,571
115.746,115.746,NoButton,Move,394,575
115.763,115.763,NoButton,Move,396,580
115.78,115.78,NoButton,Move,396,585
115.796,115.796,NoButton,Move,396,589
115.813,115.813,NoButton,Move,396,592
115.83,115.83,NoButton,Move,396,593
115.846,115.846,NoButton,Move,396,593
115.877,115.877,Left,Pressed,396,593
115.975,115.975,Left,Released,396,593
121.126,121.126,NoButton,Move,396,597
121.131,121.131,NoButton,Move,396,598
121.146,121.146,NoButton,Move,396,600
121.163,121.163,NoButton,Move,396,604
121.179,121.179,NoButton,Move,396,607
121.196,121.196,NoButton,Move,396,612
121.214,121.214,NoButton,Move,397,616
121.23,121.23,NoButton,Move,397,620
121.246,121.246,NoButton,Move,397,621
121.263,121.263,NoButton,Move,397,625
121.28,121.28,NoButton,Move,397,629
121.296,121.296,NoButton,Move,396,632
121.313,121.313,NoButton,Move,396,634
121.344,121.344,Left,Pressed,396,634
121.349,121.349,NoButton,Move,396,634
121.443,121.443,Left,Released,396,634
121.599,121.599,NoButton,Move,396,633
121.613,121.613,NoButton,Move,396,631
121.629,121.629,NoButton,Move,400,624
121.646,121.646,NoButton,Move,412,609
121.663,121.663,NoButton,Move,437,583
121.679,121.679,NoButton,Move,471,560
121.696,121.696,NoButton,Move,516,536
121.713,121.713,NoButton,Move,569,513
121.729,121.729,NoButton,Move,633,492
121.746,121.746,NoButton,Move,672,480
121.763,121.763,NoButton,Move,693,476
121.78,121.78,NoButton,Move,706,472
121.796,121.796,NoButton,Move,717,470
121.813,121.813,NoButton,Move,722,469
121.829,121.829,NoButton,Move,724,469
121.846,121.846,NoButton,Move,723,471
121.863,121.863,NoButton,Move,717,476
121.88,121.88,NoButton,Move,710,482
121.897,121.897,NoButton,Move,702,489
121.913,121.913,NoButton,Move,697,494
121.93,121.93,NoButton,Move,692,498
121.947,121.947,NoButton,Move,690,500
121.963,121.963,NoButton,Move,689,500
121.98,121.98,NoButton,Move,689,501
121.993,121.993,Left,Pressed,689,501
122.013,122.013,NoButton,Move,689,501
122.076,122.076,Left,Released,689,501
122.705,122.705,NoButton,Move,688,500
122.73,122.73,NoButton,Move,683,496
122.746,122.746,NoButton,Move,679,491
122.763,122.763,NoButton,Move,676,487
122.78,122.78,NoButton,Move,673,482
122.796,122.796,NoButton,Move,671,479
122.814,122.814,NoButton,Move,669,474
122.83,122.83,NoButton,Move,668,471
122.847,122.847,NoButton,Move,667,470
122.86,122.86,Left,Pressed,667,470
122.88,122.88,NoButton,Move,667,469
122.959,122.959,Left,Released,667,469
124.04,124.04,NoButton,Move,667,470
124.063,124.063,NoButton,Move,661,472
124.08,124.08,NoButton,Move,642,475
124.096,124.096,NoButton,Move,623,475
124.113,124.113,NoButton,Move,599,473
124.13,124.13,NoButton,Move,562,459
124.146,124.146,NoButton,Move,539,446
124.163,124.163,NoButton,Move,512,429
124.18,124.18,NoButton,Move,499,419
124.197,124.197,NoButton,Move,485,408
124.213,124.213,NoButton,Move,480,403
124.23,124.23,NoButton,Move,475,399
124.246,124.246,NoButton,Move,473,395
124.263,124.263,NoButton,Move,471,390
124.28,124.28,NoButton,Move,471,388
124.297,124.297,NoButton,Move,470,378
124.313,124.313,NoButton,Move,468,367
124.33,124.33,NoButton,Move,467,360
124.346,124.346,NoButton,Move,466,351
124.363,124.363,NoButton,Move,464,342
124.38,124.38,NoButton,Move,462,335
124.396,124.396,NoButton,Move,461,331
124.413,124.413,NoButton,Move,460,327
124.43,124.43,NoButton,Move,460,325
124.443,124.443,Left,Pressed,460,325
124.447,124.447,Left,Released,460,325
128.567,128.567,NoButton,Move,78,240
128.572,128.572,Left,Pressed,78,240
128.58,128.58,NoButton,Move,78,240
128.596,128.596,NoButton,Move,78,240
128.625,128.625,Left,Released,78,240
128.907,128.907,NoButton,Move,79,240
128.914,128.914,NoButton,Move,80,240
128.93,128.93,NoButton,Move,82,240
128.947,128.947,NoButton,Move,91,243
128.963,128.963,NoButton,Move,95,244
128.98,128.98,NoButton,Move,105,245
128.996,128.996,NoButton,Move,132,248
129.013,129.013,NoButton,Move,156,252
129.03,129.03,NoButton,Move,197,261
129.047,129.047,NoButton,Move,238,274
129.064,129.064,NoButton,Move,286,292
129.08,129.08,NoButton,Move,334,310
129.096,129.096,NoButton,Move,362,321
129.113,129.113,NoButton,Move,383,330
129.13,129.13,NoButton,Move,396,336
129.146,129.146,NoButton,Move,404,340
129.163,129.163,NoButton,Move,407,341
129.956,129.956,NoButton,Move,409,341
129.98,129.98,NoButton,Move,426,341
129.996,129.996,NoButton,Move,448,344
130.013,130.013,NoButton,Move,496,353
130.031,130.031,NoButton,Move,526,359
130.047,130.047,NoButton,Move,563,366
130.063,130.063,NoButton,Move,584,368
130.08,130.08,NoButton,Move,599,370
130.096,130.096,NoButton,Move,610,371
130.114,130.114,NoButton,Move,614,372
130.129,130.129,NoButton,Move,617,372
130.146,130.146,NoButton,Move,617,372
130.163,130.163,NoButton,Move,618,373
130.18,130.18,NoButton,Move,618,373
130.197,130.197,NoButton,Move,618,373
130.213,130.213,NoButton,Move,619,374
130.231,130.231,NoButton,Move,623,378
130.247,130.247,NoButton,Move,628,383
130.264,130.264,NoButton,Move,633,389
130.28,130.28,NoButton,Move,635,392
130.297,130.297,NoButton,Move,641,402
130.313,130.313,NoButton,Move,642,404
130.33,130.33,NoButton,Move,643,407
130.346,130.346,NoButton,Move,643,409
130.363,130.363,NoButton,Move,643,409
130.376,130.376,Left,Pressed,643,409
130.396,130.396,NoButton,Move,643,409
130.476,130.476,Left,Released,643,409
130.849,130.849,NoButton,Move,643,410
130.864,130.864,NoButton,Move,643,412
130.88,130.88,NoButton,Move,644,422
130.897,130.897,NoButton,Move,645,429
130.913,130.913,NoButton,Move,646,440
130.93,130.93,NoButton,Move,646,449
130.947,130.947,NoButton,Move,647,458
130.964,130.964,NoButton,Move,648,465
130.98,130.98,NoButton,Move,649,472
130.997,130.997,NoButton,Move,650,474
133.546,133.546,NoButton,Move,651,474
133.563,133.563,NoButton,Move,653,477
133.58,133.58,NoButton,Move,656,481
133.596,133.596,NoButton,Move,660,486
133.613,133.613,NoButton,Move,665,491
133.63,133.63,NoButton,Move,669,496
133.646,133.646,NoButton,Move,674,501
133.663,133.663,NoButton,Move,678,506
133.68,133.68,NoButton,Move,683,512
133.697,133.697,NoButton,Move,689,517
133.713,133.713,NoButton,Move,692,520
133.73,133.73,NoButton,Move,698,526
133.747,133.747,NoButton,Move,701,530
133.763,133.763,NoButton,Move,705,536
133.78,133.78,NoButton,Move,708,542
133.798,133.798,NoButton,Move,711,549
133.813,133.813,NoButton,Move,713,553
133.83,133.83,NoButton,Move,715,559
133.847,133.847,NoButton,Move,716,563
133.863,133.863,NoButton,Move,717,567
133.881,133.881,NoButton,Move,718,571
133.897,133.897,NoButton,Move,719,575
133.913,133.913,NoButton,Move,720,578
133.93,133.93,NoButton,Move,721,581
133.947,133.947,NoButton,Move,722,583
133.963,133.963,NoButton,Move,723,584
133.98,133.98,NoButton,Move,724,586
133.997,133.997,NoButton,Move,724,588
134.013,134.013,NoButton,Move,725,590
134.03,134.03,NoButton,Move,725,593
134.047,134.047,NoButton,Move,725,595
134.063,134.063,NoButton,Move,726,599
134.08,134.08,NoButton,Move,726,602
134.097,134.097,NoButton,Move,726,604
134.113,134.113,NoButton,Move,726,606
134.13,134.13,NoButton,Move,726,608
134.147,134.147,NoButton,Move,724,609
134.753,134.753,NoButton,Move,725,610
134.763,134.763,NoButton,Move,726,612
134.78,134.78,NoButton,Move,730,614
134.798,134.798,NoButton,Move,734,616
134.814,134.814,NoButton,Move,739,619
134.831,134.831,NoButton,Move,747,622
134.847,134.847,NoButton,Move,755,624
134.863,134.863,NoButton,Move,764,625
134.88,134.88,NoButton,Move,773,626
134.896,134.896,NoButton,Move,783,626
134.913,134.913,NoButton,Move,791,626
134.93,134.93,NoButton,Move,799,626
134.947,134.947,NoButton,Move,806,626
134.963,134.963,NoButton,Move,813,626
134.98,134.98,NoButton,Move,820,626
134.997,134.997,NoButton,Move,823,626
135.013,135.013,NoButton,Move,826,626
135.03,135.03,NoButton,Move,827,626
135.047,135.047,NoButton,Move,827,626
135.094,135.094,Left,Pressed,827,626
135.194,135.194,Left,Released,827,626
135.456,135.456,NoButton,Move,826,626
135.464,135.464,NoButton,Move,820,626
135.48,135.48,NoButton,Move,810,626
135.496,135.496,NoButton,Move,699,608
135.513,135.513,NoButton,Move,551,550
135.53,135.53,NoButton,Move,425,493
135.547,135.547,NoButton,Move,274,414
135.564,135.564,NoButton,Move,202,374
135.58,135.58,NoButton,Move,177,360
135.597,135.597,NoButton,Move,151,346
135.73,135.73,NoButton,Move,151,346
135.747,135.747,NoButton,Move,154,346
135.763,135.763,NoButton,Move,154,346
135.843,135.843,Left,Pressed,154,346
135.943,135.943,Left,Released,154,346
136.331,136.331,NoButton,Move,155,346
136.347,136.347,NoButton,Move,157,346
136.364,136.364,NoButton,Move,165,349
136.38,136.38,NoButton,Move,174,352
136.396,136.396,NoButton,Move,184,357
136.413,136.413,NoButton,Move,195,363
136.43,136.43,NoButton,Move,212,374
136.446,136.446,NoButton,Move,221,381
136.463,136.463,NoButton,Move,240,394
136.48,136.48,NoButton,Move,257,407
136.497,136.497,NoButton,Move,278,426
136.514,136.514,NoButton,Move,302,448
136.53,136.53,NoButton,Move,330,473
136.546,136.546,NoButton,Move,369,508
136.563,136.563,NoButton,Move,391,528
136.579,136.579,NoButton,Move,418,553
136.596,136.596,NoButton,Move,435,569
136.613,136.613,NoButton,Move,452,585
136.63,136.63,NoButton,Move,462,597
136.646,136.646,NoButton,Move,468,603
136.663,136.663,NoButton,Move,472,609
136.68,136.68,NoButton,Move,473,613
136.697,136.697,NoButton,Move,474,615
136.713,136.713,NoButton,Move,468,615
136.73,136.73,NoButton,Move,464,615
139.147,139.147,NoButton,Move,464,614
139.164,139.164,NoButton,Move,463,611
139.18,139.18,NoButton,Move,460,606
139.197,139.197,NoButton,Move,458,602
139.214,139.214,NoButton,Move,456,599
139.23,139.23,NoButton,Move,454,596
139.247,139.247,NoButton,Move,453,595
139.263,139.263,NoButton,Move,453,594
139.28,139.28,NoButton,Move,452,593
139.297,139.297,NoButton,Move,452,593
139.313,139.313,NoButton,Move,451,593
139.523,139.523,NoButton,Move,451,593
139.53,139.53,NoButton,Move,451,593
139.546,139.546,NoButton,Move,450,593
139.563,139.563,NoButton,Move,449,593
139.58,139.58,NoButton,Move,448,593
139.597,139.597,NoButton,Move,447,593
139.613,139.613,NoButton,Move,446,593
139.63,139.63,NoButton,Move,445,594
139.647,139.647,NoButton,Move,445,594
139.663,139.663,NoButton,Move,445,594
139.686,139.686,NoButton,Move,444,594
140.014,140.014,NoButton,Move,444,594
140.03,140.03,NoButton,Move,444,594
140.047,140.047,NoButton,Move,442,594
140.064,140.064,NoButton,Move,442,594
140.08,140.08,NoButton,Move,441,594
140.097,140.097,NoButton,Move,440,594
140.113,140.113,NoButton,Move,440,594
140.137,140.137,NoButton,Move,439,594
140.259,140.259,NoButton,Move,439,594
140.267,140.267,NoButton,Move,439,593
140.28,140.28,NoButton,Move,439,592
140.297,140.297,NoButton,Move,439,589
140.313,140.313,NoButton,Move,439,584
140.33,140.33,NoButton,Move,438,577
140.347,140.347,NoButton,Move,437,567
140.363,140.363,NoButton,Move,435,549
140.38,140.38,NoButton,Move,431,527
140.398,140.398,NoButton,Move,425,487
140.413,140.413,NoButton,Move,423,477
140.431,140.431,NoButton,Move,409,423
140.447,140.447,NoButton,Move,399,395
140.464,140.464,NoButton,Move,387,374
140.48,140.48,NoButton,Move,378,364
140.801,140.801,NoButton,Move,378,363
140.813,140.813,NoButton,Move,378,361
140.83,140.83,NoButton,Move,378,352
140.848,140.848,NoButton,Move,379,340
140.864,140.864,NoButton,Move,382,329
140.88,140.88,NoButton,Move,383,323
140.897,140.897,NoButton,Move,385,317
140.913,140.913,NoButton,Move,386,315
140.93,140.93,NoButton,Move,386,314
140.944,140.944,Left,Pressed,386,314
140.947,140.947,Left,Released,386,314
142.055,142.055,NoButton,Move,394,347
142.063,142.063,NoButton,Move,394,347
142.503,142.503,NoButton,Move,394,347
142.513,142.513,NoButton,Move,394,347
142.53,142.53,NoButton,Move,394,348
142.547,142.547,NoButton,Move,395,348
142.564,142.564,NoButton,Move,395,348
142.58,142.58,NoButton,Move,396,349
142.597,142.597,NoButton,Move,396,349
142.614,142.614,NoButton,Move,396,349
142.631,142.631,NoButton,Move,397,350
142.647,142.647,NoButton,Move,398,350
142.664,142.664,NoButton,Move,398,350
142.683,142.683,NoButton,Move,398,351
142.905,142.905,NoButton,Move,398,351
142.913,142.913,NoButton,Move,398,352
142.93,142.93,NoButton,Move,398,356
142.947,142.947,NoButton,Move,398,363
142.964,142.964,NoButton,Move,399,371
142.98,142.98,NoButton,Move,399,376
142.997,142.997,NoButton,Move,399,383
143.014,143.014,NoButton,Move,399,388
143.03,143.03,NoButton,Move,399,391
143.047,143.047,NoButton,Move,399,394
143.06,143.06,Left,Pressed,399,394
143.065,143.065,Left,Released,399,394
144.356,144.356,NoButton,Move,436,489
144.363,144.363,NoButton,Move,436,489
145.478,145.478,Left,Pressed,436,489
145.615,145.615,Left,Released,436,489
149.525,149.525,NoButton,Move,436,492
149.547,149.547,NoButton,Move,436,509
149.563,149.563,NoButton,Move,436,513
149.58,149.58,NoButton,Move,436,515
149.597,149.597,NoButton,Move,437,517
149.613,149.613,NoButton,Move,437,519
149.63,149.63,NoButton,Move,437,519
149.686,149.686,NoButton,Move,437,519
149.697,149.697,NoButton,Move,437,520
149.714,149.714,NoButton,Move,437,521
149.73,149.73,NoButton,Move,435,524
149.747,149.747,NoButton,Move,432,529
149.764,149.764,NoButton,Move,429,535
149.78,149.78,NoButton,Move,425,542
149.797,149.797,NoButton,Move,422,548
149.814,149.814,NoButton,Move,420,553
149.83,149.83,NoButton,Move,418,557
149.847,149.847,NoButton,Move,417,560
149.864,149.864,NoButton,Move,416,561
149.877,149.877,Left,Pressed,416,561
149.98,149.98,NoButton,Move,416,561
150.009,150.009,Left,Released,416,561
156.527,156.527,NoButton,Move,416,565
156.547,156.547,NoButton,Move,420,595
156.563,156.563,NoButton,Move,423,604
156.58,156.58,NoButton,Move,424,610
156.597,156.597,NoButton,Move,425,614
156.614,156.614,NoButton,Move,427,621
156.63,156.63,NoButton,Move,428,626
156.647,156.647,NoButton,Move,428,628
156.663,156.663,NoButton,Move,429,629
156.68,156.68,NoButton,Move,429,630
156.711,156.711,Left,Pressed,429,630
156.717,156.717,NoButton,Move,429,630
156.793,156.793,Left,Released,429,630
156.998,156.998,NoButton,Move,429,630
157.014,157.014,NoButton,Move,430,627
157.031,157.031,NoButton,Move,442,614
157.047,157.047,NoButton,Move,456,600
157.064,157.064,NoButton,Move,508,564
157.08,157.08,NoButton,Move,559,537
157.097,157.097,NoButton,Move,613,514
157.113,157.113,NoButton,Move,646,503
157.13,157.13,NoButton,Move,671,495
157.147,157.147,NoButton,Move,685,491
157.163,157.163,NoButton,Move,695,488
157.18,157.18,NoButton,Move,698,487
157.197,157.197,NoButton,Move,700,487
157.213,157.213,NoButton,Move,700,487
157.227,157.227,Left,Pressed,700,487
157.247,157.247,NoButton,Move,700,487
157.343,157.343,Left,Released,700,487
158.211,158.211,NoButton,Move,700,486
158.231,158.231,NoButton,Move,700,484
158.247,158.247,NoButton,Move,697,474
158.264,158.264,NoButton,Move,694,466
158.28,158.28,NoButton,Move,692,459
158.297,158.297,NoButton,Move,690,455
158.313,158.313,NoButton,Move,689,452
158.33,158.33,NoButton,Move,688,451
158.347,158.347,NoButton,Move,688,451
158.36,158.36,Left,Pressed,688,451
158.38,158.38,NoButton,Move,688,451
158.459,158.459,Left,Released,688,451
158.8,158.8,NoButton,Move,688,451
158.814,158.814,NoButton,Move,687,456
158.831,158.831,NoButton,Move,681,474
158.847,158.847,NoButton,Move,675,493
158.864,158.864,NoButton,Move,669,512
158.881,158.881,NoButton,Move,660,534
158.897,158.897,NoButton,Move,644,566
158.914,158.914,NoButton,Move,635,582
158.93,158.93,NoButton,Move,630,589
158.947,158.947,NoButton,Move,626,596
158.964,158.964,NoButton,Move,622,604
158.98,158.98,NoButton,Move,620,606
159.003,159.003,NoButton,Move,616,616
159.014,159.014,NoButton,Move,615,618
159.03,159.03,NoButton,Move,613,620
159.047,159.047,NoButton,Move,611,622
159.063,159.063,NoButton,Move,610,623
159.08,159.08,NoButton,Move,608,625
159.097,159.097,NoButton,Move,607,627
159.113,159.113,NoButton,Move,606,628
159.127,159.127,Left,Pressed,606,628
159.147,159.147,NoButton,Move,605,629
159.243,159.243,Left,Released,605,629
159.938,159.938,NoButton,Move,605,629
159.964,159.964,NoButton,Move,604,630
159.981,159.981,NoButton,Move,602,631
162.532,162.532,NoButton,Move,602,631
162.547,162.547,NoButton,Move,594,631
162.564,162.564,NoButton,Move,558,624
162.581,162.581,NoButton,Move,493,600
162.597,162.597,NoButton,Move,404,555
162.614,162.614,NoButton,Move,391,545
162.63,162.63,NoButton,Move,349,507
162.647,162.647,NoButton,Move,336,485
162.664,162.664,NoButton,Move,331,471
162.68,162.68,NoButton,Move,331,469
162.95,162.95,NoButton,Move,331,468
162.964,162.964,NoButton,Move,330,461
162.981,162.981,NoButton,Move,326,444
162.997,162.997,NoButton,Move,318,418
163.014,163.014,NoButton,Move,288,338
163.03,163.03,NoButton,Move,245,247
163.047,163.047,NoButton,Move,219,207
163.063,163.063,NoButton,Move,190,172
163.08,163.08,NoButton,Move,165,154
163.098,163.098,NoButton,Move,142,147
163.114,163.114,NoButton,Move,126,147
163.131,163.131,NoButton,Move,109,147
163.147,163.147,NoButton,Move,100,149
163.164,163.164,NoButton,Move,93,151
163.18,163.18,NoButton,Move,89,152
163.197,163.197,NoButton,Move,86,154
163.214,163.214,NoButton,Move,85,157
163.23,163.23,NoButton,Move,84,162
163.247,163.247,NoButton,Move,83,171
163.264,163.264,NoButton,Move,83,181
163.28,163.28,NoButton,Move,83,188
163.297,163.297,NoButton,Move,84,212
163.314,163.314,NoButton,Move,86,225
163.33,163.33,NoButton,Move,88,233
163.347,163.347,NoButton,Move,89,240
163.364,163.364,NoButton,Move,90,245
163.38,163.38,NoButton,Move,91,247
163.397,163.397,NoButton,Move,91,248
163.414,163.414,NoButton,Move,91,249
163.431,163.431,NoButton,Move,91,249
163.444,163.444,Left,Pressed,91,249
163.464,163.464,NoButton,Move,91,249
163.543,163.543,Left,Released,91,249
163.764,163.764,NoButton,Move,98,249
163.78,163.78,NoButton,Move,119,249
163.797,163.797,NoButton,Move,176,247
163.814,163.814,NoButton,Move,255,247
163.831,163.831,NoButton,Move,357,266
163.847,163.847,NoButton,Move,438,296
163.864,163.864,NoButton,Move,524,334
163.881,163.881,NoButton,Move,562,356
163.897,163.897,NoButton,Move,583,368
163.914,163.914,NoButton,Move,587,370
164.178,164.178,NoButton,Move,587,370
164.197,164.197,NoButton,Move,598,367
164.214,164.214,NoButton,Move,631,363
164.231,164.231,NoButton,Move,705,363
164.247,164.247,NoButton,Move,792,371
164.264,164.264,NoButton,Move,891,398
164.281,164.281,NoButton,Move,913,405
164.297,164.297,NoButton,Move,1002,436
164.314,164.314,NoButton,Move,1011,440
164.331,164.331,NoButton,Move,1033,445
164.347,164.347,NoButton,Move,1045,445
164.61,164.61,Left,Pressed,1045,445
164.626,164.626,Left,Released,1045,445
164.727,164.727,Scroll,Down,0,1
164.748,164.748,Scroll,Down,0,3
164.764,164.764,Scroll,Down,0,6
164.781,164.781,Scroll,Down,0,6
164.797,164.797,Scroll,Down,0,9
164.814,164.814,Scroll,Down,0,10
164.83,164.83,Scroll,Down,0,7
164.847,164.847,Scroll,Down,0,7
164.864,164.864,Scroll,Down,0,6
164.881,164.881,Scroll,Down,0,5
164.897,164.897,Scroll,Down,0,6
164.914,164.914,Scroll,Down,0,4
164.93,164.93,Scroll,Down,0,4
164.947,164.947,Scroll,Down,0,3
164.964,164.964,Scroll,Down,0,1
164.98,164.98,Scroll,Down,0,1
164.997,164.997,Scroll,Down,0,1
165.014,165.014,Scroll,Down,0,1
165.214,165.214,Scroll,Up,0,0
165.389,165.389,NoButton,Move,1045,446
165.397,165.397,NoButton,Move,1044,447
165.414,165.414,NoButton,Move,1036,448
165.431,165.431,NoButton,Move,1008,449
165.447,165.447,NoButton,Move,931,443
165.464,165.464,NoButton,Move,840,424
165.481,165.481,NoButton,Move,771,409
165.497,165.497,NoButton,Move,696,384
165.514,165.514,NoButton,Move,660,368
165.531,165.531,NoButton,Move,641,355
165.547,165.547,NoButton,Move,631,349
165.565,165.565,NoButton,Move,623,344
165.581,165.581,NoButton,Move,621,342
165.597,165.597,NoButton,Move,620,341
165.664,165.664,NoButton,Move,620,341
165.681,165.681,NoButton,Move,622,341
165.697,165.697,NoButton,Move,627,341
165.714,165.714,NoButton,Move,634,341
165.731,165.731,NoButton,Move,642,341
165.747,165.747,NoButton,Move,650,340
165.764,165.764,NoButton,Move,656,340
165.781,165.781,NoButton,Move,660,339
165.797,165.797,NoButton,Move,662,339
165.811,165.811,Left,Pressed,662,339
165.83,165.83,NoButton,Move,662,339
165.927,165.927,Left,Released,662,339
166.396,166.396,NoButton,Move,662,340
166.403,166.403,NoButton,Move,662,346
166.416,166.416,NoButton,Move,664,354
166.43,166.43,NoButton,Move,670,370
166.447,166.447,NoButton,Move,683,397
166.464,166.464,NoButton,Move,700,429
166.48,166.48,NoButton,Move,711,444
166.497,166.497,NoButton,Move,722,459
166.514,166.514,NoButton,Move,729,470
166.53,166.53,NoButton,Move,732,474
166.547,166.547,NoButton,Move,734,478
166.564,166.564,NoButton,Move,736,481
166.58,166.58,NoButton,Move,736,482
166.597,166.597,NoButton,Move,737,482
166.614,166.614,NoButton,Move,737,483
168.262,168.262,NoButton,Move,737,489
168.265,168.265,NoButton,Move,737,499
168.28,168.28,NoButton,Move,738,517
168.297,168.297,NoButton,Move,744,535
168.314,168.314,NoButton,Move,751,550
168.33,168.33,NoButton,Move,762,573
168.347,168.347,NoButton,Move,778,604
168.365,168.365,NoButton,Move,792,634
168.38,168.38,NoButton,Move,800,651
168.397,168.397,NoButton,Move,805,663
168.414,168.414,NoButton,Move,808,670
168.431,168.431,NoButton,Move,809,674
168.447,168.447,NoButton,Move,809,675
168.464,168.464,NoButton,Move,809,675
168.481,168.481,NoButton,Move,809,676
168.531,168.531,NoButton,Move,809,675
168.548,168.548,NoButton,Move,809,673
168.565,168.565,NoButton,Move,809,671
168.581,168.581,NoButton,Move,809,668
168.597,168.597,NoButton,Move,809,662
168.614,168.614,NoButton,Move,808,643
168.631,168.631,NoButton,Move,807,627
168.647,168.647,NoButton,Move,803,614
168.664,168.664,NoButton,Move,796,598
168.68,168.68,NoButton,Move,787,586
168.697,168.697,NoButton,Move,780,579
168.714,168.714,NoButton,Move,773,574
168.73,168.73,NoButton,Move,768,573
168.747,168.747,NoButton,Move,763,572
168.764,168.764,NoButton,Move,760,572
168.781,168.781,NoButton,Move,757,572
168.797,168.797,NoButton,Move,755,572
168.814,168.814,NoButton,Move,754,572
168.831,168.831,NoButton,Move,753,573
168.847,168.847,NoButton,Move,753,573
168.86,168.86,Left,Pressed,753,573
168.947,168.947,NoButton,Move,753,573
168.947,168.947,Left,Released,753,573
170.5,170.5,NoButton,Move,757,576
170.514,170.514,NoButton,Move,765,579
170.53,170.53,NoButton,Move,774,583
170.547,170.547,NoButton,Move,785,590
170.564,170.564,NoButton,Move,796,598
170.58,170.58,NoButton,Move,803,603
170.597,170.597,NoButton,Move,810,608
170.614,170.614,NoButton,Move,814,611
170.63,170.63,NoButton,Move,817,612
170.647,170.647,NoButton,Move,819,613
170.664,170.664,NoButton,Move,822,614
170.681,170.681,NoButton,Move,824,615
170.698,170.698,NoButton,Move,826,616
170.714,170.714,NoButton,Move,827,616
170.726,170.726,Left,Pressed,827,616
170.764,170.764,NoButton,Move,827,616
170.843,170.843,Left,Released,827,616
171.201,171.201,NoButton,Move,825,616
171.214,171.214,NoButton,Move,820,618
171.231,171.231,NoButton,Move,800,622
171.247,171.247,NoButton,Move,745,624
171.264,171.264,NoButton,Move,707,619
171.281,171.281,NoButton,Move,469,513
171.297,171.297,NoButton,Move,357,448
171.314,171.314,NoButton,Move,274,404
171.33,171.33,NoButton,Move,214,376
171.347,171.347,NoButton,Move,194,367
171.364,171.364,NoButton,Move,180,363
171.479,171.479,NoButton,Move,185,366
171.487,171.487,NoButton,Move,188,367
171.498,171.498,NoButton,Move,190,368
171.514,171.514,NoButton,Move,191,368
171.531,171.531,NoButton,Move,192,368
171.547,171.547,NoButton,Move,192,366
171.564,171.564,NoButton,Move,190,352
171.581,171.581,NoButton,Move,178,326
171.598,171.598,NoButton,Move,154,285
171.614,171.614,NoButton,Move,127,236
171.631,171.631,NoButton,Move,108,200
171.647,171.647,NoButton,Move,95,174
171.664,171.664,NoButton,Move,88,161
171.68,171.68,NoButton,Move,84,152
171.697,171.697,NoButton,Move,82,150
171.714,171.714,NoButton,Move,82,150
171.74,171.74,NoButton,Move,82,150
171.748,171.748,NoButton,Move,82,152
171.764,171.764,NoButton,Move,82,153
171.781,171.781,NoButton,Move,82,156
171.797,171.797,NoButton,Move,83,160
171.814,171.814,NoButton,Move,86,165
171.83,171.83,NoButton,Move,92,173
171.847,171.847,NoButton,Move,97,181
171.865,171.865,NoButton,Move,101,186
171.881,171.881,NoButton,Move,103,191
171.897,171.897,NoButton,Move,105,194
171.914,171.914,NoButton,Move,106,195
171.931,171.931,NoButton,Move,106,196
171.943,171.943,Left,Pressed,106,196
171.964,171.964,NoButton,Move,107,196
172.043,172.043,Left,Released,107,196
172.821,172.821,NoButton,Move,107,196
172.847,172.847,NoButton,Move,107,196
172.88,172.88,NoButton,Move,107,197
172.887,172.887,NoButton,Move,107,197
172.897,172.897,NoButton,Move,107,197
172.914,172.914,NoButton,Move,107,200
172.931,172.931,NoButton,Move,108,207
172.947,172.947,NoButton,Move,108,218
172.964,172.964,NoButton,Move,109,233
172.981,172.981,NoButton,Move,110,255
172.998,172.998,NoButton,Move,110,277
173.014,173.014,NoButton,Move,112,301
173.031,173.031,NoButton,Move,114,324
173.047,173.047,NoButton,Move,117,348
173.064,173.064,NoButton,Move,118,365
173.08,173.08,NoButton,Move,120,384
173.097,173.097,NoButton,Move,121,392
173.114,173.114,NoButton,Move,122,399
173.131,173.131,NoButton,Move,122,402
173.147,173.147,NoButton,Move,122,403
173.18,173.18,NoButton,Move,122,398
173.197,173.197,NoButton,Move,120,388
173.214,173.214,NoButton,Move,119,382
173.231,173.231,NoButton,Move,119,377
173.247,173.247,NoButton,Move,118,371
173.264,173.264,NoButton,Move,118,365
173.28,173.28,NoButton,Move,118,359
173.297,173.297,NoButton,Move,118,352
173.314,173.314,NoButton,Move,118,344
173.33,173.33,NoButton,Move,118,340
173.347,173.347,NoButton,Move,118,337
173.364,173.364,NoButton,Move,118,336
173.38,173.38,NoButton,Move,118,335
173.464,173.464,NoButton,Move,118,335
173.485,173.485,NoButton,Move,117,335
173.501,173.501,NoButton,Move,117,335
173.517,173.517,NoButton,Move,117,336
173.561,173.561,Left,Pressed,117,336
173.661,173.661,Left,Released,117,336
173.831,173.831,NoButton,Move,117,336
173.847,173.847,NoButton,Move,123,336
173.864,173.864,NoButton,Move,138,334
173.881,173.881,NoButton,Move,173,330
173.897,173.897,NoButton,Move,202,330
173.914,173.914,NoButton,Move,257,330
173.931,173.931,NoButton,Move,302,332
173.947,173.947,NoButton,Move,332,340
173.964,173.964,NoButton,Move,384,357
173.981,173.981,NoButton,Move,411,370
173.998,173.998,NoButton,Move,435,382
174.014,174.014,NoButton,Move,457,392
174.031,174.031,NoButton,Move,471,395
174.047,174.047,NoButton,Move,477,396
174.064,174.064,NoButton,Move,481,393
174.081,174.081,NoButton,Move,483,389
174.098,174.098,NoButton,Move,485,385
174.114,174.114,NoButton,Move,486,382
174.131,174.131,NoButton,Move,487,380
174.147,174.147,NoButton,Move,488,379
174.164,174.164,NoButton,Move,488,378
174.214,174.214,NoButton,Move,487,379
174.231,174.231,NoButton,Move,486,381
174.247,174.247,NoButton,Move,485,382
174.264,174.264,NoButton,Move,485,383
174.294,174.294,Left,Pressed,485,383
174.295,174.295,Left,Released,485,383
174.297,174.297,NoButton,Move,485,383
176.303,176.303,NoButton,Move,477,407
176.313,176.313,NoButton,Move,477,407
176.884,176.884,NoButton,Move,477,407
176.897,176.897,NoButton,Move,478,407
176.914,176.914,NoButton,Move,479,407
176.931,176.931,NoButton,Move,482,405
176.947,176.947,NoButton,Move,484,404
176.964,176.964,NoButton,Move,488,402
176.981,176.981,NoButton,Move,493,401
176.997,176.997,NoButton,Move,502,401
177.014,177.014,NoButton,Move,510,401
177.031,177.031,NoButton,Move,520,406
177.047,177.047,NoButton,Move,530,413
177.064,177.064,NoButton,Move,536,420
177.081,177.081,NoButton,Move,540,426
177.098,177.098,NoButton,Move,541,433
177.115,177.115,NoButton,Move,541,439
177.131,177.131,NoButton,Move,541,443
177.148,177.148,NoButton,Move,537,447
177.164,177.164,NoButton,Move,531,451
177.181,177.181,NoButton,Move,528,452
177.197,177.197,NoButton,Move,523,454
177.214,177.214,NoButton,Move,520,455
177.231,177.231,NoButton,Move,519,456
177.245,177.245,Left,Pressed,519,456
177.248,177.248,Left,Released,519,456
178.286,178.286,NoButton,Move,497,551
178.297,178.297,NoButton,Move,497,552
178.314,178.314,NoButton,Move,496,552
178.326,178.326,Left,Pressed,496,552
178.434,178.434,Left,Released,496,552
180.379,180.379,NoButton,Move,496,566
180.384,180.384,NoButton,Move,495,573
180.397,180.397,NoButton,Move,495,579
180.414,180.414,NoButton,Move,494,588
180.43,180.43,NoButton,Move,494,596
180.447,180.447,NoButton,Move,494,611
180.464,180.464,NoButton,Move,494,626
180.48,180.48,NoButton,Move,494,640
180.497,180.497,NoButton,Move,494,651
180.514,180.514,NoButton,Move,494,662
180.531,180.531,NoButton,Move,494,668
180.549,180.549,NoButton,Move,494,675
180.564,180.564,NoButton,Move,494,680
180.581,180.581,NoButton,Move,494,685
180.598,180.598,NoButton,Move,493,691
180.614,180.614,NoButton,Move,492,695
180.63,180.63,NoButton,Move,491,697
180.648,180.648,NoButton,Move,488,701
180.664,180.664,NoButton,Move,487,703
180.681,180.681,NoButton,Move,486,703
180.698,180.698,NoButton,Move,485,704
180.714,180.714,NoButton,Move,484,704
180.731,180.731,NoButton,Move,484,704
180.762,180.762,NoButton,Move,484,703
180.77,180.77,NoButton,Move,484,702
180.781,180.781,NoButton,Move,484,699
180.798,180.798,NoButton,Move,483,691
180.814,180.814,NoButton,Move,482,679
180.831,180.831,NoButton,Move,480,671
180.848,180.848,NoButton,Move,478,663
180.864,180.864,NoButton,Move,478,659
180.881,180.881,NoButton,Move,477,657
180.898,180.898,NoButton,Move,476,655
180.914,180.914,NoButton,Move,476,654
180.931,180.931,NoButton,Move,475,653
180.947,180.947,NoButton,Move,475,653
180.961,180.961,Left,Pressed,475,653
181.062,181.062,NoButton,Move,475,652
181.062,181.062,Left,Released,475,652
181.361,181.361,NoButton,Move,475,652
181.368,181.368,NoButton,Move,473,649
181.381,181.381,NoButton,Move,471,646
181.399,181.399,NoButton,Move,466,635
181.414,181.414,NoButton,Move,458,620
181.431,181.431,NoButton,Move,452,608
181.448,181.448,NoButton,Move,446,592
181.465,181.465,NoButton,Move,440,568
181.481,181.481,NoButton,Move,438,557
182.737,182.737,NoButton,Move,436,569
182.747,182.747,NoButton,Move,436,576
182.764,182.764,NoButton,Move,436,588
182.781,182.781,NoButton,Move,436,599
182.797,182.797,NoButton,Move,438,606
182.814,182.814,NoButton,Move,439,610
182.831,182.831,NoButton,Move,440,615
182.847,182.847,NoButton,Move,441,619
182.864,182.864,NoButton,Move,441,620
182.881,182.881,NoButton,Move,441,621
182.897,182.897,NoButton,Move,440,622
182.914,182.914,NoButton,Move,439,624
182.931,182.931,NoButton,Move,437,627
182.948,182.948,NoButton,Move,435,632
182.964,182.964,NoButton,Move,431,642
182.981,182.981,NoButton,Move,429,646
182.997,182.997,NoButton,Move,427,651
183.014,183.014,NoButton,Move,425,656
183.031,183.031,NoButton,Move,424,662
183.047,183.047,NoButton,Move,422,669
183.065,183.065,NoButton,Move,421,674
183.081,183.081,NoButton,Move,420,679
183.11,183.11,Left,Pressed,420,679
183.114,183.114,NoButton,Move,420,679
183.211,183.211,Left,Released,420,679
183.506,183.506,NoButton,Move,420,679
183.53,183.53,NoButton,Move,429,669
183.547,183.547,NoButton,Move,445,652
183.564,183.564,NoButton,Move,475,622
183.581,183.581,NoButton,Move,510,593
183.597,183.597,NoButton,Move,535,575
183.614,183.614,NoButton,Move,566,553
183.631,183.631,NoButton,Move,584,541
183.647,183.647,NoButton,Move,602,528
183.664,183.664,NoButton,Move,610,522
183.682,183.682,NoButton,Move,616,517
183.698,183.698,NoButton,Move,619,515
183.713,183.713,NoButton,Move,621,513
183.731,183.731,NoButton,Move,621,513
183.748,183.748,NoButton,Move,622,513
183.764,183.764,NoButton,Move,622,513
183.781,183.781,NoButton,Move,622,513
183.794,183.794,Left,Pressed,622,513
183.927,183.927,Left,Released,622,513
185.087,185.087,NoButton,Move,622,512
185.103,185.103,NoButton,Move,622,510
185.114,185.114,NoButton,Move,623,508
185.131,185.131,NoButton,Move,624,503
185.148,185.148,NoButton,Move,625,498
185.164,185.164,NoButton,Move,625,493
185.181,185.181,NoButton,Move,625,488
185.198,185.198,NoButton,Move,626,482
185.214,185.214,NoButton,Move,626,477
185.232,185.232,NoButton,Move,626,473
185.247,185.247,NoButton,Move,626,471
185.264,185.264,NoButton,Move,626,466
185.281,185.281,NoButton,Move,625,464
185.297,185.297,NoButton,Move,625,463
185.314,185.314,NoButton,Move,624,463
185.331,185.331,NoButton,Move,624,462
185.347,185.347,NoButton,Move,624,462
185.364,185.364,NoButton,Move,623,462
185.393,185.393,Left,Pressed,623,462
185.509,185.509,Left,Released,623,462
185.846,185.846,NoButton,Move,623,466
185.864,185.864,NoButton,Move,624,474
185.881,185.881,NoButton,Move,624,488
185.898,185.898,NoButton,Move,620,503
185.914,185.914,NoButton,Move,610,529
185.931,185.931,NoButton,Move,589,566
185.947,185.947,NoButton,Move,563,608
185.965,185.965,NoButton,Move,528,652
185.981,185.981,NoButton,Move,487,695
185.998,185.998,NoButton,Move,445,733
186.015,186.015,NoButton,Move,399,768
186.031,186.031,NoButton,Move,366,787
186.048,186.048,NoButton,Move,307,814
186.065,186.065,NoButton,Move,277,822
186.081,186.081,NoButton,Move,240,828
186.098,186.098,NoButton,Move,217,829
186.115,186.115,NoButton,Move,191,829
186.131,186.131,NoButton,Move,172,821
186.148,186.148,NoButton,Move,160,812
186.164,186.164,NoButton,Move,154,803
186.181,186.181,NoButton,Move,152,798
186.198,186.198,NoButton,Move,150,791
186.214,186.214,NoButton,Move,150,789
186.231,186.231,NoButton,Move,150,787
186.248,186.248,NoButton,Move,150,786
186.264,186.264,NoButton,Move,150,782
186.281,186.281,NoButton,Move,151,780
186.297,186.297,NoButton,Move,153,778
186.314,186.314,NoButton,Move,154,778
186.534,186.534,NoButton,Move,154,778
186.547,186.547,NoButton,Move,155,775
186.564,186.564,NoButton,Move,159,766
186.581,186.581,NoButton,Move,162,754
186.598,186.598,NoButton,Move,169,728
186.614,186.614,NoButton,Move,174,696
186.631,186.631,NoButton,Move,177,675
186.648,186.648,NoButton,Move,179,654
186.664,186.664,NoButton,Move,181,639
186.681,186.681,NoButton,Move,181,633
186.698,186.698,NoButton,Move,181,630
186.714,186.714,NoButton,Move,181,629
186.731,186.731,NoButton,Move,181,628
186.748,186.748,NoButton,Move,181,627
186.764,186.764,NoButton,Move,181,626
186.781,186.781,NoButton,Move,181,625
186.798,186.798,NoButton,Move,181,625
186.814,186.814,NoButton,Move,181,624
186.837,186.837,NoButton,Move,181,624
187.804,187.804,NoButton,Move,181,623
187.814,187.814,NoButton,Move,181,620
187.832,187.832,NoButton,Move,184,607
187.848,187.848,NoButton,Move,187,584
187.864,187.864,NoButton,Move,188,541
187.881,187.881,NoButton,Move,188,498
187.898,187.898,NoButton,Move,187,465
187.915,187.915,NoButton,Move,182,440
187.931,187.931,NoButton,Move,177,416
187.947,187.947,NoButton,Move,170,399
187.964,187.964,NoButton,Move,167,392
188.195,188.195,NoButton,Move,167,391
188.204,188.204,NoButton,Move,165,386
188.214,188.214,NoButton,Move,160,378
188.231,188.231,NoButton,Move,141,345
188.247,188.247,NoButton,Move,123,320
188.264,188.264,NoButton,Move,95,287
188.281,188.281,NoButton,Move,76,269
188.298,188.298,NoButton,Move,58,254
188.314,188.314,NoButton,Move,49,249
188.33,188.33,NoButton,Move,43,246
188.347,188.347,NoButton,Move,40,245
188.364,188.364,NoButton,Move,39,245
188.381,188.381,NoButton,Move,39,245
188.46,188.46,Left,Pressed,39,245
188.594,188.594,Left,Released,39,245
188.647,188.647,NoButton,Move,39,246
188.664,188.664,NoButton,Move,40,249
188.681,188.681,NoButton,Move,43,253
188.697,188.697,NoButton,Move,48,257
188.714,188.714,NoButton,Move,54,261
188.731,188.731,NoButton,Move,61,267
188.747,188.747,NoButton,Move,67,271
188.764,188.764,NoButton,Move,69,272
188.781,188.781,NoButton,Move,72,274
188.798,188.798,NoButton,Move,73,275
188.812,188.812,Left,Pressed,73,275
188.831,188.831,NoButton,Move,73,275
188.894,188.894,Left,Released,73,275
189.081,189.081,NoButton,Move,71,275
189.098,189.098,NoButton,Move,68,279
189.114,189.114,NoButton,Move,68,282
189.131,189.131,NoButton,Move,69,286
189.148,189.148,NoButton,Move,75,291
189.164,189.164,NoButton,Move,101,302
189.181,189.181,NoButton,Move,147,313
189.198,189.198,NoButton,Move,239,331
189.215,189.215,NoButton,Move,336,354
189.231,189.231,NoButton,Move,412,372
189.248,189.248,NoButton,Move,504,399
189.264,189.264,NoButton,Move,575,426
189.281,189.281,NoButton,Move,608,444
189.297,189.297,NoButton,Move,625,456
189.481,189.481,NoButton,Move,625,455
189.498,189.498,NoButton,Move,618,441
189.515,189.515,NoButton,Move,598,413
189.531,189.531,NoButton,Move,572,376
189.548,189.548,NoButton,Move,542,339
189.564,189.564,NoButton,Move,521,314
189.581,189.581,NoButton,Move,505,297
189.597,189.597,NoButton,Move,488,282
189.614,189.614,NoButton,Move,479,277
189.631,189.631,NoButton,Move,472,273
189.648,189.648,NoButton,Move,469,271
189.664,189.664,NoButton,Move,467,271
189.681,189.681,NoButton,Move,466,270
189.697,189.697,NoButton,Move,466,270
189.728,189.728,Left,Pressed,466,270
189.861,189.861,Left,Released,466,270
190.081,190.081,NoButton,Move,466,272
190.098,190.098,NoButton,Move,470,280
190.114,190.114,NoButton,Move,478,290
190.131,190.131,NoButton,Move,493,308
190.148,190.148,NoButton,Move,526,342
190.165,190.165,NoButton,Move,572,387
190.181,190.181,NoButton,Move,623,440
190.198,190.198,NoButton,Move,675,500
190.215,190.215,NoButton,Move,720,555
190.421,190.421,Scroll,Down,0,1
190.431,190.431,Scroll,Down,0,6
190.448,190.448,Scroll,Down,0,10
190.465,190.465,Scroll,Down,0,16
190.481,190.481,Scroll,Down,0,25
190.498,190.498,Scroll,Down,0,19
190.514,190.514,Scroll,Down,0,19
190.531,190.531,Scroll,Down,0,14
190.548,190.548,Scroll,Down,0,8
190.564,190.564,Scroll,Down,0,6
190.581,190.581,Scroll,Down,0,3
190.598,190.598,Scroll,Down,0,2
190.614,190.614,Scroll,Down,0,1
190.697,190.697,Scroll,Down,0,1
190.731,190.731,Scroll,Up,0,0
191.148,191.148,NoButton,Move,728,553
191.165,191.165,NoButton,Move,746,544
191.181,191.181,NoButton,Move,772,530
191.215,191.215,NoButton,Move,936,443
191.232,191.232,NoButton,Move,1041,380
191.247,191.247,NoButton,Move,1146,316
191.264,191.264,NoButton,Move,1198,281
191.281,191.281,NoButton,Move,1357,187
191.298,191.298,NoButton,Move,1394,169
191.6,191.6,NoButton,Move,1393,170
191.615,191.615,NoButton,Move,1392,172
191.631,191.631,NoButton,Move,1389,175
191.648,191.648,NoButton,Move,1387,177
191.664,191.664,NoButton,Move,1385,179
191.681,191.681,NoButton,Move,1384,180
191.698,191.698,NoButton,Move,1383,181
191.715,191.715,NoButton,Move,1383,181
191.731,191.731,NoButton,Move,1382,182
191.747,191.747,NoButton,Move,1381,185
191.764,191.764,NoButton,Move,1377,190
191.781,191.781,NoButton,Move,1372,197
191.798,191.798,NoButton,Move,1365,204
191.814,191.814,NoButton,Move,1359,209
191.831,191.831,NoButton,Move,1353,213
191.847,191.847,NoButton,Move,1350,216
191.864,191.864,NoButton,Move,1349,216
191.881,191.881,NoButton,Move,1348,217
191.894,191.894,Left,Pressed,1348,217
191.914,191.914,NoButton,Move,1348,217
192.01,192.01,Left,Released,1348,217
192.305,192.305,NoButton,Move,1348,220
192.314,192.314,NoButton,Move,1348,229
192.332,192.332,NoButton,Move,1349,249
192.348,192.348,NoButton,Move,1349,271
192.364,192.364,NoButton,Move,1349,289
192.381,192.381,NoButton,Move,1338,326
192.398,192.398,NoButton,Move,1317,360
192.414,192.414,NoButton,Move,1278,397
192.431,192.431,NoButton,Move,1203,452
192.448,192.448,NoButton,Move,1123,497
192.464,192.464,NoButton,Move,1042,540
192.481,192.481,NoButton,Move,981,571
192.498,192.498,NoButton,Move,908,608
192.514,192.514,NoButton,Move,868,625
192.531,192.531,NoButton,Move,831,633
192.691,192.691,NoButton,Move,831,634
192.698,192.698,NoButton,Move,831,637
192.714,192.714,NoButton,Move,831,644
192.731,192.731,NoButton,Move,829,649
192.747,192.747,NoButton,Move,828,653
192.764,192.764,NoButton,Move,826,657
192.781,192.781,NoButton,Move,823,661
192.798,192.798,NoButton,Move,821,664
192.814,192.814,NoButton,Move,820,665
192.831,192.831,NoButton,Move,819,666
192.848,192.848,NoButton,Move,819,667
192.864,192.864,NoButton,Move,819,667
192.878,192.878,Left,Pressed,819,667
192.943,192.943,Left,Released,819,667
193.099,193.099,NoButton,Move,820,666
193.115,193.115,NoButton,Move,825,662
193.132,193.132,NoButton,Move,860,638
193.148,193.148,NoButton,Move,904,617
193.164,193.164,NoButton,Move,958,595
193.181,193.181,NoButton,Move,998,585
193.198,193.198,NoButton,Move,1021,581
193.344,193.344,Scroll,Down,0,1
193.365,193.365,Scroll,Down,0,4
193.381,193.381,Scroll,Down,0,10
193.398,193.398,Scroll,Down,0,20
193.414,193.414,Scroll,Down,0,21
193.431,193.431,Scroll,Down,0,17
193.448,193.448,Scroll,Down,0,11
193.464,193.464,Scroll,Down,0,9
193.482,193.482,Scroll,Down,0,4
193.497,193.497,Scroll,Down,0,2
193.514,193.514,Scroll,Down,0,1
193.531,193.531,Scroll,Down,0,1
193.832,193.832,NoButton,Move,1026,575
193.848,193.848,NoButton,Move,1038,556
193.865,193.865,NoButton,Move,1055,534
193.881,193.881,NoButton,Move,1089,489
193.898,193.898,NoButton,Move,1129,446
193.914,193.914,NoButton,Move,1156,418
193.932,193.932,NoButton,Move,1187,390
193.948,193.948,NoButton,Move,1205,373
193.965,193.965,NoButton,Move,1222,358
193.981,193.981,NoButton,Move,1228,352
193.997,193.997,NoButton,Move,1233,348
194.015,194.015,NoButton,Move,1235,345
194.031,194.031,NoButton,Move,1236,344
194.048,194.048,NoButton,Move,1237,344
194.294,194.294,Left,Pressed,1237,344
194.344,194.344,Left,Released,1237,344
194.548,194.548,NoButton,Move,1237,350
194.564,194.564,NoButton,Move,1236,359
194.582,194.582,NoButton,Move,1231,371
194.598,194.598,NoButton,Move,1216,398
194.614,194.614,NoButton,Move,1195,427
194.631,194.631,NoButton,Move,1157,465
194.648,194.648,NoButton,Move,1086,523
194.664,194.664,NoButton,Move,1038,553
194.681,194.681,NoButton,Move,976,587
194.697,194.697,NoButton,Move,914,613
194.714,194.714,NoButton,Move,877,625
194.731,194.731,NoButton,Move,846,633
194.748,194.748,NoButton,Move,820,637
194.764,194.764,NoButton,Move,807,638
194.78,194.78,NoButton,Move,796,638
194.798,194.798,NoButton,Move,791,638
194.814,194.814,NoButton,Move,789,638
194.831,194.831,NoButton,Move,786,638
194.848,194.848,NoButton,Move,785,638
194.864,194.864,NoButton,Move,783,641
194.881,194.881,NoButton,Move,780,643
194.898,194.898,NoButton,Move,779,645
194.914,194.914,NoButton,Move,777,647
194.931,194.931,NoButton,Move,776,649
194.944,194.944,Left,Pressed,776,649
194.964,194.964,NoButton,Move,776,649
195.045,195.045,Left,Released,776,649
195.164,195.164,NoButton,Move,781,648
195.182,195.182,NoButton,Move,803,635
195.198,195.198,NoButton,Move,859,607
195.215,195.215,NoButton,Move,937,570
195.232,195.232,NoButton,Move,1031,530
195.248,195.248,NoButton,Move,1103,505
195.264,195.264,NoButton,Move,1184,478
195.281,195.281,NoButton,Move,1222,464
195.298,195.298,NoButton,Move,1248,453
195.314,195.314,NoButton,Move,1259,448
195.331,195.331,NoButton,Move,1269,440
195.514,195.514,NoButton,Move,1269,435
195.531,195.531,NoButton,Move,1266,427
195.548,195.548,NoButton,Move,1264,422
195.564,195.564,NoButton,Move,1261,416
195.582,195.582,NoButton,Move,1259,410
195.598,195.598,NoButton,Move,1259,407
195.615,195.615,NoButton,Move,1258,404
195.796,195.796,Right,Pressed,1258,404
196.724,196.724,NoButton,Move,1232,397
196.742,196.742,NoButton,Move,1227,394
196.748,196.748,Left,Pressed,1227,394
196.764,196.764,NoButton,Move,1227,394
196.809,196.809,Left,Released,1227,394
197.043,197.043,NoButton,Move,1227,395
197.051,197.051,NoButton,Move,1227,397
197.065,197.065,NoButton,Move,1225,399
197.081,197.081,NoButton,Move,1221,405
197.098,197.098,NoButton,Move,1210,416
197.114,197.114,NoButton,Move,1179,439
197.131,197.131,NoButton,Move,1140,463
197.148,197.148,NoButton,Move,1085,494
197.164,197.164,NoButton,Move,1022,529
197.181,197.181,NoButton,Move,959,565
197.198,197.198,NoButton,Move,915,589
197.215,197.215,NoButton,Move,865,612
197.231,197.231,NoButton,Move,839,622
197.248,197.248,NoButton,Move,823,628
197.264,197.264,NoButton,Move,809,632
197.281,197.281,NoButton,Move,807,634
197.298,197.298,NoButton,Move,805,636
197.314,197.314,NoButton,Move,805,640
197.331,197.331,NoButton,Move,803,645
197.348,197.348,NoButton,Move,800,651
197.364,197.364,NoButton,Move,797,654
197.381,197.381,NoButton,Move,795,656
197.397,197.397,NoButton,Move,793,657
197.415,197.415,NoButton,Move,792,658
197.43,197.43,NoButton,Move,792,658
197.448,197.448,NoButton,Move,792,658
197.464,197.464,NoButton,Move,792,659
197.478,197.478,Left,Pressed,792,659
197.577,197.577,Left,Released,792,659
197.764,197.764,NoButton,Move,792,657
197.782,197.782,NoButton,Move,818,629
197.798,197.798,NoButton,Move,842,606
197.815,197.815,NoButton,Move,870,581
197.97,197.97,Scroll,Up,0,2
197.981,197.981,Scroll,Up,0,9
197.998,197.998,Scroll,Up,0,33
198.015,198.015,Scroll,Up,0,58
198.031,198.031,Scroll,Up,0,72
198.048,198.048,Scroll,Up,0,48
198.064,198.064,Scroll,Up,0,88
198.081,198.081,Scroll,Up,0,99
198.097,198.097,Scroll,Up,0,100
198.114,198.114,Scroll,Up,0,97
198.131,198.131,Scroll,Up,0,95
198.148,198.148,Scroll,Up,0,90
198.164,198.164,Scroll,Up,0,90
198.181,198.181,Scroll,Up,0,85
198.198,198.198,Scroll,Up,0,81
198.213,198.213,Scroll,Up,0,76
198.231,198.231,Scroll,Up,0,72
198.248,198.248,Scroll,Up,0,66
198.264,198.264,Scroll,Up,0,62
198.281,198.281,Scroll,Up,0,58
198.298,198.298,Scroll,Up,0,54
198.314,198.314,Scroll,Up,0,51
198.37,198.37,NoButton,Move,865,580
198.387,198.387,NoButton,Move,851,574
198.404,198.404,NoButton,Move,802,551
198.421,198.421,NoButton,Move,725,518
198.437,198.437,NoButton,Move,619,476
198.453,198.453,NoButton,Move,504,438
198.471,198.471,NoButton,Move,427,419
198.488,198.488,NoButton,Move,373,410
198.505,198.505,NoButton,Move,333,406
198.521,198.521,NoButton,Move,302,404
198.537,198.537,NoButton,Move,289,402
198.637,198.637,NoButton,Move,297,402
198.654,198.654,NoButton,Move,304,405
198.67,198.67,NoButton,Move,305,405
198.681,198.681,NoButton,Move,306,406
198.698,198.698,NoButton,Move,301,406
198.714,198.714,NoButton,Move,278,406
198.731,198.731,NoButton,Move,257,397
198.749,198.749,NoButton,Move,225,383
198.765,198.765,NoButton,Move,193,364
198.782,198.782,NoButton,Move,168,344
198.798,198.798,NoButton,Move,155,332
198.814,198.814,NoButton,Move,147,326
198.831,198.831,NoButton,Move,141,321
198.848,198.848,NoButton,Move,139,319
198.864,198.864,NoButton,Move,138,318
198.881,198.881,NoButton,Move,138,318
198.895,198.895,Left,Pressed,138,318
198.994,198.994,Left,Released,138,318
199.181,199.181,NoButton,Move,140,318
199.198,199.198,NoButton,Move,146,318
199.214,199.214,NoButton,Move,167,321
199.231,199.231,NoButton,Move,203,324
199.248,199.248,NoButton,Move,257,327
199.266,199.266,NoButton,Move,323,332
199.281,199.281,NoButton,Move,359,335
199.298,199.298,NoButton,Move,458,355
199.314,199.314,NoButton,Move,499,369
199.331,199.331,NoButton,Move,542,386
199.348,199.348,NoButton,Move,562,394
199.365,199.365,NoButton,Move,572,398
199.381,199.381,NoButton,Move,579,401
199.399,199.399,NoButton,Move,581,401
199.414,199.414,NoButton,Move,582,401
199.431,199.431,NoButton,Move,580,395
199.448,199.448,NoButton,Move,575,384
199.465,199.465,NoButton,Move,570,371
199.481,199.481,NoButton,Move,567,363
199.498,199.498,NoButton,Move,565,357
199.515,199.515,NoButton,Move,563,354
199.531,199.531,NoButton,Move,563,352
199.548,199.548,NoButton,Move,562,352
199.565,199.565,NoButton,Move,562,351
199.581,199.581,NoButton,Move,561,351
199.598,199.598,NoButton,Move,558,351
199.615,199.615,NoButton,Move,550,353
199.631,199.631,NoButton,Move,513,369
199.648,199.648,NoButton,Move,444,395
199.664,199.664,NoButton,Move,354,418
199.682,199.682,NoButton,Move,279,428
199.698,199.698,NoButton,Move,190,432
199.714,199.714,NoButton,Move,141,432
199.731,199.731,NoButton,Move,97,423
199.748,199.748,NoButton,Move,77,413
199.764,199.764,NoButton,Move,63,401
199.782,199.782,NoButton,Move,55,382
199.798,199.798,NoButton,Move,55,364
199.815,199.815,NoButton,Move,60,345
199.831,199.831,NoButton,Move,66,331
199.848,199.848,NoButton,Move,73,317
199.865,199.865,NoButton,Move,79,308
199.881,199.881,NoButton,Move,83,303
199.898,199.898,NoButton,Move,88,299
199.914,199.914,NoButton,Move,91,296
199.931,199.931,NoButton,Move,96,292
199.948,199.948,NoButton,Move,100,289
199.964,199.964,NoButton,Move,102,285
199.981,199.981,NoButton,Move,105,282
199.998,199.998,NoButton,Move,106,281
200.015,200.015,NoButton,Move,106,280
200.027,200.027,Left,Pressed,106,280
200.047,200.047,NoButton,Move,106,280
200.11,200.11,Left,Released,106,280
200.231,200.231,NoButton,Move,106,283
200.248,200.248,NoButton,Move,117,292
200.264,200.264,NoButton,Move,157,316
200.281,200.281,NoButton,Move,224,353
200.298,200.298,NoButton,Move,324,413
200.315,200.315,NoButton,Move,442,487
200.331,200.331,NoButton,Move,553,565
200.348,200.348,NoButton,Move,623,616
200.365,200.365,NoButton,Move,660,645
200.52,200.52,Scroll,Down,0,1
200.531,200.531,Scroll,Down,0,5
200.548,200.548,Scroll,Down,0,7
200.564,200.564,Scroll,Down,0,6
200.581,200.581,Scroll,Down,0,6
200.598,200.598,Scroll,Down,0,5
200.614,200.614,Scroll,Down,0,5
200.631,200.631,Scroll,Down,0,3
200.648,200.648,Scroll,Down,0,2
200.664,200.664,Scroll,Down,0,1
200.814,200.814,NoButton,Move,660,645
200.82,200.82,NoButton,Move,659,645
200.848,200.848,NoButton,Move,655,646
200.854,200.854,NoButton,Move,654,646
200.881,200.881,NoButton,Move,652,647
200.895,200.895,Left,Pressed,652,647
200.914,200.914,NoButton,Move,652,647
201.011,201.011,Left,Released,652,647
201.412,201.412,Scroll,Down,0,1
201.414,201.414,Scroll,Down,0,2
201.431,201.431,Scroll,Down,0,7
201.448,201.448,Scroll,Down,0,11
201.463,201.463,Scroll,Down,0,16
201.481,201.481,Scroll,Down,0,19
201.498,201.498,Scroll,Down,0,18
201.514,201.514,Scroll,Down,0,14
201.531,201.531,Scroll,Down,0,15
201.548,201.548,Scroll,Down,0,7
201.565,201.565,Scroll,Down,0,7
201.581,201.581,Scroll,Down,0,5
201.598,201.598,Scroll,Down,0,4
201.615,201.615,Scroll,Down,0,5
201.631,201.631,Scroll,Down,0,8
201.647,201.647,Scroll,Down,0,12
201.664,201.664,Scroll,Down,0,12
201.681,201.681,Scroll,Down,0,14
201.698,201.698,Scroll,Down,0,15
201.714,201.714,Scroll,Down,0,16
201.731,201.731,Scroll,Down,0,17
201.748,201.748,Scroll,Down,0,17
201.764,201.764,Scroll,Down,0,16
201.781,201.781,Scroll,Down,0,16
201.798,201.798,Scroll,Down,0,18
201.865,201.865,NoButton,Move,657,649
201.87,201.87,NoButton,Move,660,651
201.898,201.898,NoButton,Move,679,661
201.903,201.903,NoButton,Move,693,668
201.932,201.932,NoButton,Move,741,691
201.937,201.937,NoButton,Move,756,700
201.954,201.954,NoButton,Move,783,713
201.97,201.97,NoButton,Move,797,720
201.987,201.987,NoButton,Move,807,724
201.998,201.998,NoButton,Move,815,727
202.014,202.014,NoButton,Move,818,728
202.031,202.031,NoButton,Move,819,729
202.048,202.048,NoButton,Move,820,729
202.064,202.064,NoButton,Move,821,729
202.077,202.077,Left,Pressed,821,729
202.178,202.178,Left,Released,821,729
202.588,202.588,NoButton,Move,821,729
202.598,202.598,NoButton,Move,820,726
202.615,202.615,NoButton,Move,817,718
202.631,202.631,NoButton,Move,812,704
202.648,202.648,NoButton,Move,810,697
202.665,202.665,NoButton,Move,807,688
202.681,202.681,NoButton,Move,806,683
202.698,202.698,NoButton,Move,806,681
202.715,202.715,NoButton,Move,805,681
202.731,202.731,NoButton,Move,803,680
202.749,202.749,NoButton,Move,800,679
202.765,202.765,NoButton,Move,796,678
202.784,202.784,NoButton,Move,792,676
202.798,202.798,NoButton,Move,788,675
202.815,202.815,NoButton,Move,785,674
202.831,202.831,NoButton,Move,783,673
202.848,202.848,NoButton,Move,783,673
202.86,202.86,Left,Pressed,783,673
202.881,202.881,NoButton,Move,783,673
202.961,202.961,Left,Released,783,673
203.159,203.159,NoButton,Move,782,673
203.167,203.167,NoButton,Move,778,669
203.182,203.182,NoButton,Move,773,665
203.198,203.198,NoButton,Move,751,643
203.215,203.215,NoButton,Move,725,614
203.232,203.232,NoButton,Move,691,574
203.248,203.248,NoButton,Move,667,549
203.265,203.265,NoButton,Move,651,533
203.281,203.281,NoButton,Move,631,516
203.298,203.298,NoButton,Move,595,489
203.314,203.314,NoButton,Move,584,482
203.331,203.331,NoButton,Move,579,479
203.348,203.348,NoButton,Move,576,477
203.364,203.364,NoButton,Move,574,476
203.394,203.394,Left,Pressed,574,476
203.414,203.414,NoButton,Move,574,476
203.495,203.495,Left,Released,574,476
203.698,203.698,NoButton,Move,574,479
203.716,203.716,NoButton,Move,575,488
203.732,203.732,NoButton,Move,580,507
203.749,203.749,NoButton,Move,595,561
203.765,203.765,NoButton,Move,607,608
203.781,203.781,NoButton,Move,618,644
203.798,203.798,NoButton,Move,636,706
203.814,203.814,NoButton,Move,641,730
204.162,204.162,Scroll,Down,0,1
204.181,204.181,Scroll,Down,0,1
204.198,204.198,Scroll,Down,0,1
204.363,204.363,NoButton,Move,641,729
204.371,204.371,NoButton,Move,641,725
204.381,204.381,NoButton,Move,641,713
204.398,204.398,NoButton,Move,640,680
204.415,204.415,NoButton,Move,634,623
204.432,204.432,NoButton,Move,623,544
204.448,204.448,NoButton,Move,611,467
204.464,204.464,NoButton,Move,603,429
204.482,204.482,NoButton,Move,596,406
204.498,204.498,NoButton,Move,590,393
204.515,204.515,NoButton,Move,584,384
204.531,204.531,NoButton,Move,580,380
204.548,204.548,NoButton,Move,577,378
204.563,204.563,NoButton,Move,574,377
204.581,204.581,NoButton,Move,572,377
204.598,204.598,NoButton,Move,570,377
204.615,204.615,NoButton,Move,567,377
204.631,204.631,NoButton,Move,565,377
204.648,204.648,NoButton,Move,563,378
204.663,204.663,NoButton,Move,561,379
204.681,204.681,NoButton,Move,559,380
204.698,204.698,NoButton,Move,559,381
204.715,204.715,NoButton,Move,558,381
204.731,204.731,NoButton,Move,558,382
204.747,204.747,NoButton,Move,558,382
204.977,204.977,NoButton,Move,558,382
205.162,205.162,Left,Pressed,558,382
205.293,205.293,Left,Released,558,382
205.616,205.616,NoButton,Move,559,383
205.631,205.631,NoButton,Move,562,387
205.649,205.649,NoButton,Move,589,431
205.665,205.665,NoButton,Move,622,485
205.681,205.681,NoButton,Move,658,550
205.698,205.698,NoButton,Move,684,593
205.715,205.715,NoButton,Move,702,623
205.732,205.732,NoButton,Move,718,652
205.887,205.887,Scroll,Down,0,1
205.898,205.898,Scroll,Down,0,4
205.915,205.915,Scroll,Down,0,10
205.931,205.931,Scroll,Down,0,27
205.948,205.948,Scroll,Down,0,49
205.965,205.965,Scroll,Down,0,58
205.982,205.982,Scroll,Down,0,50
205.998,205.998,Scroll,Down,0,43
206.015,206.015,Scroll,Up,0,0
206.104,206.104,Scroll,Up,0,0
206.115,206.115,Scroll,Up,0,1
206.131,206.131,Scroll,Up,0,1
206.714,206.714,NoButton,Move,723,650
206.731,206.731,NoButton,Move,732,645
206.748,206.748,NoButton,Move,757,633
206.765,206.765,NoButton,Move,792,614
206.781,206.781,NoButton,Move,834,592
206.798,206.798,NoButton,Move,866,579
206.814,206.814,NoButton,Move,905,563
206.831,206.831,NoButton,Move,935,554
206.848,206.848,NoButton,Move,953,550
206.865,206.865,NoButton,Move,971,547
206.882,206.882,NoButton,Move,979,545
206.898,206.898,NoButton,Move,986,544
206.915,206.915,NoButton,Move,989,544
206.932,206.932,NoButton,Move,990,544
206.948,206.948,NoButton,Move,991,544
206.965,206.965,NoButton,Move,991,543
206.978,206.978,Left,Pressed,991,543
207.094,207.094,Left,Released,991,543
207.401,207.401,NoButton,Move,991,544
207.416,207.416,NoButton,Move,991,547
207.432,207.432,NoButton,Move,988,551
207.449,207.449,NoButton,Move,984,557
207.464,207.464,NoButton,Move,969,571
207.481,207.481,NoButton,Move,952,585
207.498,207.498,NoButton,Move,931,599
207.515,207.515,NoButton,Move,909,611
207.532,207.532,NoButton,Move,893,619
207.548,207.548,NoButton,Move,873,629
207.566,207.566,NoButton,Move,858,637
207.581,207.581,NoButton,Move,847,644
207.598,207.598,NoButton,Move,840,651
207.615,207.615,NoButton,Move,837,655
207.631,207.631,NoButton,Move,834,658
207.648,207.648,NoButton,Move,833,660
207.665,207.665,NoButton,Move,832,661
207.681,207.681,NoButton,Move,832,662
207.694,207.694,Left,Pressed,832,662
207.715,207.715,NoButton,Move,832,662
207.812,207.812,Left,Released,832,662
207.868,207.868,NoButton,Move,832,662
207.881,207.881,NoButton,Move,832,662
207.914,207.914,NoButton,Move,831,662
207.948,207.948,NoButton,Move,831,657
207.964,207.964,NoButton,Move,836,648
207.981,207.981,NoButton,Move,852,620
207.998,207.998,NoButton,Move,876,586
208.015,208.015,NoButton,Move,908,540
208.031,208.031,NoButton,Move,946,490
208.048,208.048,NoButton,Move,978,444
208.065,208.065,NoButton,Move,999,416
208.082,208.082,NoButton,Move,1015,395
208.098,208.098,NoButton,Move,1032,375
208.115,208.115,NoButton,Move,1038,367
208.131,208.131,NoButton,Move,1046,360
208.148,208.148,NoButton,Move,1049,356
208.165,208.165,NoButton,Move,1050,355
208.181,208.181,NoButton,Move,1051,354
208.198,208.198,NoButton,Move,1051,354
208.215,208.215,NoButton,Move,1051,354
208.248,208.248,NoButton,Move,1051,354
208.297,208.297,Left,Pressed,1051,354
208.394,208.394,Left,Released,1051,354
208.842,208.842,NoButton,Move,1051,354
208.865,208.865,NoButton,Move,1050,368
208.881,208.881,NoButton,Move,1043,401
208.898,208.898,NoButton,Move,1028,447
208.915,208.915,NoButton,Move,1008,497
208.931,208.931,NoButton,Move,979,550
208.948,208.948,NoButton,Move,938,606
208.965,208.965,NoButton,Move,891,658
208.981,208.981,NoButton,Move,857,687
208.998,208.998,NoButton,Move,815,713
209.015,209.015,NoButton,Move,792,722
209.031,209.031,NoButton,Move,764,728
209.048,209.048,NoButton,Move,746,728
209.065,209.065,NoButton,Move,736,727
209.082,209.082,NoButton,Move,728,724
209.098,209.098,NoButton,Move,724,720
209.115,209.115,NoButton,Move,720,715
209.131,209.131,NoButton,Move,719,708
209.148,209.148,NoButton,Move,719,700
209.165,209.165,NoButton,Move,719,694
209.181,209.181,NoButton,Move,719,690
209.198,209.198,NoButton,Move,719,688
209.215,209.215,NoButton,Move,719,687
209.231,209.231,NoButton,Move,719,686
209.248,209.248,NoButton,Move,719,686
209.264,209.264,NoButton,Move,720,685
209.281,209.281,NoButton,Move,720,684
209.298,209.298,NoButton,Move,722,675
209.314,209.314,NoButton,Move,723,670
209.331,209.331,NoButton,Move,724,667
209.362,209.362,Left,Pressed,724,667
209.381,209.381,NoButton,Move,724,667
209.461,209.461,Left,Released,724,667
209.694,209.694,Scroll,Up,0,2
209.698,209.698,Scroll,Up,0,4
209.715,209.715,Scroll,Up,0,24
209.731,209.731,Scroll,Up,0,41
209.748,209.748,Scroll,Up,0,57
209.765,209.765,Scroll,Up,0,53
209.782,209.782,Scroll,Up,0,82
209.798,209.798,Scroll,Up,0,92
209.815,209.815,Scroll,Up,0,93
209.832,209.832,Scroll,Up,0,92
209.848,209.848,Scroll,Up,0,88
209.865,209.865,Scroll,Up,0,84
209.88,209.88,Scroll,Up,0,85
209.898,209.898,Scroll,Up,0,81
209.915,209.915,Scroll,Up,0,77
209.931,209.931,Scroll,Up,0,72
209.948,209.948,Scroll,Up,0,66
209.965,209.965,Scroll,Up,0,62
209.981,209.981,Scroll,Up,0,58
209.997,209.997,Scroll,Up,0,55
210.015,210.015,Scroll,Up,0,51
210.032,210.032,Scroll,Up,0,47
210.047,210.047,Scroll,Up,0,43
210.065,210.065,Scroll,Up,0,40
210.082,210.082,Scroll,Up,0,37
210.098,210.098,Scroll,Up,0,34
210.121,210.121,Scroll,Up,0,31
210.245,210.245,Scroll,Down,0,1
210.264,210.264,Scroll,Down,0,16
210.297,210.297,Scroll,Down,0,92
210.315,210.315,Scroll,Down,0,66
210.331,210.331,Scroll,Down,0,47
210.348,210.348,Scroll,Down,0,92
210.365,210.365,Scroll,Down,0,101
210.381,210.381,Scroll,Down,0,101
210.398,210.398,Scroll,Down,0,98
210.415,210.415,Scroll,Down,0,95
210.432,210.432,Scroll,Down,0,90
210.448,210.448,Scroll,Down,0,90
210.465,210.465,Scroll,Down,0,85
210.481,210.481,Scroll,Down,0,81
210.498,210.498,Scroll,Down,0,76
210.515,210.515,Scroll,Down,0,72
210.531,210.531,Scroll,Down,0,66
210.548,210.548,Scroll,Down,0,62
210.571,210.571,Scroll,Down,0,58
211.015,211.015,NoButton,Move,724,665
211.021,211.021,NoButton,Move,722,662
211.037,211.037,NoButton,Move,709,639
211.054,211.054,NoButton,Move,690,599
211.07,211.07,NoButton,Move,667,551
211.088,211.088,NoButton,Move,652,522
211.104,211.104,NoButton,Move,641,503
211.115,211.115,NoButton,Move,639,500
211.131,211.131,NoButton,Move,631,489
211.148,211.148,NoButton,Move,625,482
211.181,211.181,NoButton,Move,621,480
211.198,211.198,NoButton,Move,620,478
211.215,211.215,NoButton,Move,619,478
211.231,211.231,NoButton,Move,619,477
211.248,211.248,NoButton,Move,619,476
211.281,211.281,NoButton,Move,619,476
211.298,211.298,NoButton,Move,619,475
211.315,211.315,NoButton,Move,618,473
211.331,211.331,NoButton,Move,618,469
211.365,211.365,NoButton,Move,618,458
211.381,211.381,NoButton,Move,618,454
211.398,211.398,NoButton,Move,618,448
211.415,211.415,NoButton,Move,618,445
211.431,211.431,NoButton,Move,618,444
211.448,211.448,NoButton,Move,618,444
211.465,211.465,NoButton,Move,619,444
211.481,211.481,NoButton,Move,622,451
211.498,211.498,NoButton,Move,629,467
211.515,211.515,NoButton,Move,638,489
211.532,211.532,NoButton,Move,650,518
211.549,211.549,NoButton,Move,662,549
211.565,211.565,NoButton,Move,674,575
211.581,211.581,NoButton,Move,680,591
211.598,211.598,NoButton,Move,687,611
211.614,211.614,NoButton,Move,690,620
211.631,211.631,NoButton,Move,692,627
211.648,211.648,NoButton,Move,693,632
211.665,211.665,NoButton,Move,694,635
211.681,211.681,NoButton,Move,695,637
211.698,211.698,NoButton,Move,695,638
211.714,211.714,NoButton,Move,695,638
211.732,211.732,NoButton,Move,695,639
211.744,211.744,Left,Pressed,695,639
211.764,211.764,NoButton,Move,695,639
211.861,211.861,Left,Released,695,639
212.198,212.198,Scroll,Down,0,1
212.198,212.198,Scroll,Down,0,2
212.214,212.214,Scroll,Down,0,4
212.231,212.231,Scroll,Down,0,4
212.248,212.248,Scroll,Down,0,3
212.265,212.265,Scroll,Down,0,2
212.298,212.298,Scroll,Down,0,2
212.315,212.315,Scroll,Down,0,1
212.332,212.332,Scroll,Down,0,1
212.348,212.348,Scroll,Down,0,1
212.364,212.364,Scroll,Down,0,1
212.381,212.381,Scroll,Down,0,4
212.398,212.398,Scroll,Down,0,6
212.414,212.414,Scroll,Down,0,11
212.431,212.431,Scroll,Down,0,17
212.448,212.448,Scroll,Down,0,20
212.465,212.465,Scroll,Down,0,27
212.481,212.481,Scroll,Down,0,36
212.498,212.498,Scroll,Down,0,28
212.514,212.514,Scroll,Down,0,40
212.532,212.532,Scroll,Down,0,46
212.548,212.548,Scroll,Down,0,47
212.565,212.565,Scroll,Down,0,47
212.582,212.582,Scroll,Down,0,46
212.598,212.598,Scroll,Down,0,44
212.615,212.615,Scroll,Down,0,47
212.631,212.631,Scroll,Down,0,45
212.648,212.648,Scroll,Down,0,41
212.665,212.665,Scroll,Down,0,39
212.681,212.681,Scroll,Down,0,35
212.704,212.704,Scroll,Down,0,33
212.848,212.848,Scroll,Up,0,1
212.848,212.848,Scroll,Up,0,2
212.865,212.865,Scroll,Up,0,24
212.882,212.882,Scroll,Up,0,42
212.898,212.898,Scroll,Up,0,64
212.915,212.915,Scroll,Up,0,49
212.932,212.932,Scroll,Up,0,83
212.948,212.948,Scroll,Up,0,93
212.965,212.965,Scroll,Up,0,93
212.982,212.982,Scroll,Up,0,92
212.998,212.998,Scroll,Up,0,88
213.015,213.015,Scroll,Up,0,84
213.032,213.032,Scroll,Up,0,85
213.048,213.048,Scroll,Up,0,81
213.065,213.065,Scroll,Up,0,77
213.081,213.081,Scroll,Up,0,72
213.098,213.098,Scroll,Up,0,66
213.115,213.115,Scroll,Up,0,62
213.131,213.131,Scroll,Up,0,58
213.148,213.148,Scroll,Up,0,55
213.165,213.165,Scroll,Up,0,51
213.181,213.181,Scroll,Up,0,47
213.198,213.198,Scroll,Up,0,43
213.215,213.215,Scroll,Up,0,40
213.231,213.231,Scroll,Up,0,37
213.248,213.248,Scroll,Up,0,34
213.265,213.265,Scroll,Up,0,31
213.298,213.298,Scroll,Up,0,54
213.314,213.314,Scroll,Up,0,24
213.331,213.331,Scroll,Up,0,22
213.348,213.348,Scroll,Up,0,20
213.364,213.364,Scroll,Up,0,19
213.381,213.381,Scroll,Up,0,17
213.398,213.398,Scroll,Up,0,16
213.415,213.415,Scroll,Up,0,14
213.43,213.43,Scroll,Up,0,13
213.448,213.448,Scroll,Up,0,12
213.465,213.465,Scroll,Up,0,11
213.481,213.481,Scroll,Up,0,10
213.498,213.498,Scroll,Up,0,9
213.515,213.515,Scroll,Up,0,8
213.547,213.547,Scroll,Up,0,8
213.571,213.571,NoButton,Move,696,634
213.588,213.588,NoButton,Move,702,622
213.604,213.604,NoButton,Move,717,586
213.62,213.62,NoButton,Move,731,542
213.637,213.637,NoButton,Move,746,491
213.655,213.655,NoButton,Move,758,434
213.671,213.671,NoButton,Move,768,377
213.688,213.688,NoButton,Move,772,342
213.704,213.704,NoButton,Move,775,318
213.715,213.715,NoButton,Move,776,313
213.732,213.732,NoButton,Move,776,297
213.748,213.748,NoButton,Move,775,287
213.765,213.765,NoButton,Move,769,284
213.782,213.782,NoButton,Move,761,282
213.797,213.797,NoButton,Move,752,282
213.815,213.815,NoButton,Move,742,282
213.831,213.831,NoButton,Move,732,282
213.865,213.865,NoButton,Move,708,302
213.882,213.882,NoButton,Move,702,312
213.898,213.898,NoButton,Move,697,320
213.915,213.915,NoButton,Move,693,328
213.932,213.932,NoButton,Move,692,330
213.948,213.948,NoButton,Move,691,330
213.961,213.961,Left,Pressed,691,330
213.981,213.981,NoButton,Move,691,330
214.078,214.078,Left,Released,691,330
214.243,214.243,NoButton,Move,691,330
214.255,214.255,NoButton,Move,691,328
214.265,214.265,NoButton,Move,691,325
214.281,214.281,NoButton,Move,689,321
214.298,214.298,NoButton,Move,686,315
214.315,214.315,NoButton,Move,684,312
214.331,214.331,NoButton,Move,682,309
214.344,214.344,Left,Pressed,682,309
214.365,214.365,NoButton,Move,682,308
214.427,214.427,Left,Released,682,308
214.664,214.664,NoButton,Move,682,315
214.682,214.682,NoButton,Move,682,328
214.698,214.698,NoButton,Move,682,346
214.715,214.715,NoButton,Move,682,380
214.732,214.732,NoButton,Move,682,416
214.748,214.748,NoButton,Move,682,449
214.765,214.765,NoButton,Move,682,480
214.781,214.781,NoButton,Move,680,510
214.798,214.798,NoButton,Move,679,538
214.815,214.815,NoButton,Move,677,555
214.831,214.831,NoButton,Move,675,573
214.848,214.848,NoButton,Move,673,581
214.864,214.864,NoButton,Move,672,585
214.881,214.881,NoButton,Move,671,587
214.898,214.898,NoButton,Move,671,588
214.914,214.914,NoButton,Move,671,589
214.931,214.931,NoButton,Move,671,590
214.948,214.948,NoButton,Move,671,591
214.965,214.965,NoButton,Move,671,591
214.981,214.981,NoButton,Move,671,592
214.998,214.998,NoButton,Move,671,592
215.054,215.054,NoButton,Move,671,592
215.112,215.112,Left,Pressed,671,592
215.211,215.211,Left,Released,671,592
215.57,215.57,NoButton,Move,671,593
215.588,215.588,NoButton,Move,677,601
215.598,215.598,NoButton,Move,679,605
215.616,215.616,NoButton,Move,685,613
215.632,215.632,NoButton,Move,698,628
215.649,215.649,NoButton,Move,708,639
215.664,215.664,NoButton,Move,719,651
215.682,215.682,NoButton,Move,726,657
215.698,215.698,NoButton,Move,732,662
215.715,215.715,NoButton,Move,734,664
215.732,215.732,NoButton,Move,736,665
215.749,215.749,NoButton,Move,736,666
215.765,215.765,NoButton,Move,737,666
215.794,215.794,Left,Pressed,737,666
215.895,215.895,Left,Released,737,666
216.161,216.161,Scroll,Down,0,1
216.182,216.182,Scroll,Down,0,5
216.198,216.198,Scroll,Down,0,24
216.215,216.215,Scroll,Down,0,65
216.232,216.232,Scroll,Down,0,94
216.248,216.248,Scroll,Down,0,73
216.265,216.265,Scroll,Down,0,74
216.281,216.281,Scroll,Down,0,43
216.281,216.281,Scroll,Down,0,96
216.298,216.298,Scroll,Down,0,107
216.315,216.315,Scroll,Down,0,109
216.331,216.331,Scroll,Down,0,106
216.348,216.348,Scroll,Down,0,102
216.364,216.364,Scroll,Down,0,99
216.381,216.381,Scroll,Down,0,96
216.398,216.398,Scroll,Down,0,92
216.861,216.861,Scroll,Down,0,1
216.881,216.881,Scroll,Down,0,14
216.898,216.898,Scroll,Down,0,37
216.915,216.915,Scroll,Down,0,60
216.931,216.931,Scroll,Down,0,71
216.948,216.948,Scroll,Down,0,52
216.965,216.965,Scroll,Down,0,89
216.982,216.982,Scroll,Down,0,101
216.998,216.998,Scroll,Down,0,103
217.014,217.014,Scroll,Down,0,100
217.032,217.032,Scroll,Down,0,96
217.645,217.645,Scroll,Down,0,1
217.665,217.665,Scroll,Down,0,3
217.682,217.682,Scroll,Down,0,11
217.698,217.698,Scroll,Down,0,40
217.715,217.715,Scroll,Down,0,73
217.732,217.732,Scroll,Down,0,77
217.748,217.748,Scroll,Down,0,68
217.748,217.748,Scroll,Down,0,100
217.765,217.765,Scroll,Down,0,109
217.782,217.782,Scroll,Down,0,107
217.798,217.798,Scroll,Down,0,106
218.212,218.212,Scroll,Up,0,1
218.231,218.231,Scroll,Up,0,4
218.248,218.248,Scroll,Up,0,41
218.265,218.265,Scroll,Up,0,147
218.298,218.298,Scroll,Up,0,216
218.298,218.298,Scroll,Up,0,148
218.315,218.315,Scroll,Up,0,150
218.332,218.332,Scroll,Up,0,146
218.348,218.348,Scroll,Up,0,139
218.365,218.365,Scroll,Up,0,131
218.381,218.381,Scroll,Up,0,125
218.398,218.398,Scroll,Up,0,116
218.415,218.415,Scroll,Up,0,110
218.432,218.432,Scroll,Up,0,105
218.448,218.448,Scroll,Up,0,100
218.465,218.465,Scroll,Up,0,96
218.482,218.482,Scroll,Up,0,92
218.499,218.499,Scroll,Up,0,87
218.515,218.515,Scroll,Up,0,82
218.555,218.555,Scroll,Up,0,6
218.565,218.565,Scroll,Up,0,10
218.582,218.582,Scroll,Up,0,37
218.598,218.598,Scroll,Up,0,86
218.615,218.615,Scroll,Up,0,104
218.632,218.632,Scroll,Up,0,77
218.632,218.632,Scroll,Up,0,143
218.649,218.649,Scroll,Up,0,150
218.665,218.665,Scroll,Up,0,148
218.688,218.688,Scroll,Up,0,141
218.704,218.704,Scroll,Up,0,134
218.721,218.721,Scroll,Up,0,126
218.737,218.737,Scroll,Up,0,117
218.753,218.753,Scroll,Up,0,111
218.765,218.765,Scroll,Up,0,106
218.831,218.831,Scroll,Up,0,4
218.832,218.832,Scroll,Up,0,1
218.848,218.848,Scroll,Up,0,15
218.865,218.865,Scroll,Up,0,23
218.881,218.881,Scroll,Up,0,38
218.898,218.898,Scroll,Up,0,31
218.915,218.915,Scroll,Up,0,26
218.932,218.932,Scroll,Up,0,46
218.948,218.948,Scroll,Up,0,54
218.965,218.965,Scroll,Up,0,58
218.982,218.982,Scroll,Up,0,58
218.998,218.998,Scroll,Up,0,56
219.015,219.015,Scroll,Up,0,54
219.032,219.032,Scroll,Up,0,59
219.054,219.054,Scroll,Up,0,56
219.138,219.138,NoButton,Move,736,666
219.154,219.154,NoButton,Move,715,648
219.171,219.171,NoButton,Move,576,524
219.188,219.188,NoButton,Move,481,445
219.204,219.204,NoButton,Move,359,361
219.221,219.221,NoButton,Move,317,342
219.237,219.237,NoButton,Move,236,308
219.253,219.253,NoButton,Move,207,302
219.271,219.271,NoButton,Move,183,302
219.288,219.288,NoButton,Move,176,302
219.404,219.404,NoButton,Move,187,304
219.421,219.421,NoButton,Move,190,305
219.437,219.437,NoButton,Move,191,305
219.471,219.471,NoButton,Move,189,304
219.488,219.488,NoButton,Move,179,297
219.504,219.504,NoButton,Move,162,284
219.515,219.515,NoButton,Move,148,274
219.532,219.532,NoButton,Move,133,262
219.548,219.548,NoButton,Move,122,252
219.565,219.565,NoButton,Move,118,248
219.581,219.581,NoButton,Move,114,245
219.598,219.598,NoButton,Move,113,244
219.615,219.615,NoButton,Move,113,244
219.628,219.628,Left,Pressed,113,244
219.648,219.648,NoButton,Move,113,243
219.744,219.744,Left,Released,113,243
224.284,224.284,NoButton,Move,113,244
224.298,224.298,NoButton,Move,112,257
224.315,224.315,NoButton,Move,111,264
224.331,224.331,NoButton,Move,110,268
224.348,224.348,NoButton,Move,107,271
224.365,224.365,NoButton,Move,100,275
224.381,224.381,NoButton,Move,90,277
224.398,224.398,NoButton,Move,78,277
224.415,224.415,NoButton,Move,67,276
224.432,224.432,NoButton,Move,59,272
224.448,224.448,NoButton,Move,54,269
224.465,224.465,NoButton,Move,50,266
224.481,224.481,NoButton,Move,47,263
224.499,224.499,NoButton,Move,45,262
224.515,224.515,NoButton,Move,45,261
224.532,224.532,NoButton,Move,44,259
224.548,224.548,NoButton,Move,44,257
224.564,224.564,NoButton,Move,43,251
224.581,224.581,NoButton,Move,43,242
224.598,224.598,NoButton,Move,44,230
224.615,224.615,NoButton,Move,47,215
224.632,224.632,NoButton,Move,51,200
224.648,224.648,NoButton,Move,58,179
224.665,224.665,NoButton,Move,66,158
224.681,224.681,NoButton,Move,73,141
224.698,224.698,NoButton,Move,77,131
224.715,224.715,NoButton,Move,82,124
224.731,224.731,NoButton,Move,86,122
224.748,224.748,NoButton,Move,87,122
225.101,225.101,NoButton,Move,87,123
225.115,225.115,NoButton,Move,87,129
225.132,225.132,NoButton,Move,87,148
225.149,225.149,NoButton,Move,79,226
225.165,225.165,NoButton,Move,62,340
225.181,225.181,NoButton,Move,44,480
225.198,225.198,NoButton,Move,25,674
225.215,225.215,NoButton,Move,21,747
225.231,225.231,NoButton,Move,21,796
225.248,225.248,NoButton,Move,21,821
225.412,225.412,NoButton,Move,21,821
225.418,225.418,NoButton,Move,21,827
225.431,225.431,NoButton,Move,21,833
225.448,225.448,NoButton,Move,21,845
225.465,225.465,NoButton,Move,23,857
225.482,225.482,NoButton,Move,26,867
225.498,225.498,NoButton,Move,34,886
225.515,225.515,NoButton,Move,45,899
225.532,225.532,NoButton,Move,56,899
225.548,225.548,NoButton,Move,66,899
225.565,225.565,NoButton,Move,76,899
225.582,225.582,NoButton,Move,85,899
225.598,225.598,NoButton,Move,88,899
225.615,225.615,NoButton,Move,91,899
225.631,225.631,NoButton,Move,94,899
225.648,225.648,NoButton,Move,96,899
225.665,225.665,NoButton,Move,96,899
225.681,225.681,NoButton,Move,100,883
225.698,225.698,NoButton,Move,106,851
225.715,225.715,NoButton,Move,111,806
225.732,225.732,NoButton,Move,117,744
225.748,225.748,NoButton,Move,126,673
225.765,225.765,NoButton,Move,130,650
225.782,225.782,NoButton,Move,131,643
225.962,225.962,Scroll,Down,0,1
225.965,225.965,Scroll,Down,0,1
225.982,225.982,Scroll,Down,0,11
225.998,225.998,Scroll,Down,0,26
226.015,226.015,Scroll,Down,0,38
226.032,226.032,Scroll,Down,0,32
226.048,226.048,Scroll,Down,0,25
226.065,226.065,Scroll,Down,0,43
226.082,226.082,Scroll,Down,0,50
226.098,226.098,Scroll,Down,0,52
226.115,226.115,Scroll,Down,0,53
226.132,226.132,Scroll,Down,0,51
226.148,226.148,Scroll,Down,0,49
226.165,226.165,Scroll,Down,0,53
226.181,226.181,Scroll,Down,0,51
226.198,226.198,Scroll,Down,0,47
226.215,226.215,Scroll,Down,0,43
226.238,226.238,Scroll,Down,0,40
226.254,226.254,NoButton,Move,131,650
226.27,226.27,NoButton,Move,128,673
226.288,226.288,NoButton,Move,127,690
226.304,226.304,NoButton,Move,126,706
226.321,226.321,NoButton,Move,124,735
226.337,226.337,NoButton,Move,123,754
226.354,226.354,NoButton,Move,122,782
226.371,226.371,NoButton,Move,120,796
226.388,226.388,NoButton,Move,118,815
226.404,226.404,NoButton,Move,117,830
226.421,226.421,NoButton,Move,115,837
226.437,226.437,NoButton,Move,114,843
226.465,226.465,NoButton,Move,113,845
226.471,226.471,NoButton,Move,113,846
226.488,226.488,NoButton,Move,112,846
226.515,226.515,NoButton,Move,111,846
226.521,226.521,NoButton,Move,111,846
226.549,226.549,NoButton,Move,110,846
226.565,226.565,NoButton,Move,108,846
226.571,226.571,NoButton,Move,107,846
226.598,226.598,NoButton,Move,103,845
226.616,226.616,NoButton,Move,95,842
226.638,226.638,NoButton,Move,91,840
226.655,226.655,NoButton,Move,89,840
226.665,226.665,NoButton,Move,81,838
226.681,226.681,NoButton,Move,76,837
226.698,226.698,NoButton,Move,73,836
226.715,226.715,NoButton,Move,70,835
226.732,226.732,NoButton,Move,69,835
226.762,226.762,Left,Pressed,69,835
226.782,226.782,NoButton,Move,69,835
226.845,226.845,Left,Released,69,835
