0.352,0.352,NoButton,Move,764,654
0.378,0.378,NoButton,Move,752,624
0.395,0.395,NoButton,Move,736,597
0.411,0.411,NoButton,Move,709,555
1.945,1.945,NoButton,Move,898,436
3.962,3.962,NoButton,Move,897,436
3.978,3.978,NoButton,Move,888,432
3.996,3.996,NoButton,Move,872,428
4.029,4.029,NoButton,Move,788,419
4.045,4.045,NoButton,Move,697,419
4.062,4.062,NoButton,Move,607,423
4.078,4.078,NoButton,Move,538,431
4.095,4.095,NoButton,Move,456,438
4.111,4.111,NoButton,Move,413,440
4.128,4.128,NoButton,Move,366,441
4.145,4.145,NoButton,Move,345,441
4.162,4.162,NoButton,Move,330,441
4.354,4.354,NoButton,Move,329,441
4.362,4.362,NoButton,Move,324,441
4.379,4.379,NoButton,Move,308,437
4.398,4.398,NoButton,Move,297,433
4.411,4.411,NoButton,Move,249,411
4.428,4.428,NoButton,Move,183,373
4.445,4.445,NoButton,Move,124,334
4.461,4.461,NoButton,Move,93,312
4.478,4.478,NoButton,Move,83,305
4.495,4.495,NoButton,Move,66,294
4.512,4.512,NoButton,Move,60,290
4.527,4.527,NoButton,Move,58,288
4.544,4.544,NoButton,Move,57,288
4.578,4.578,NoButton,Move,57,288
4.595,4.595,NoButton,Move,57,288
4.611,4.611,NoButton,Move,57,287
4.628,4.628,NoButton,Move,57,286
4.645,4.645,NoButton,Move,57,283
4.661,4.661,NoButton,Move,57,281
4.678,4.678,NoButton,Move,57,280
4.695,4.695,NoButton,Move,57,279
4.708,4.708,Left,Pressed,57,279
4.808,4.808,Left,Released,57,279
5.045,5.045,NoButton,Move,58,279
5.062,5.062,NoButton,Move,64,279
5.078,5.078,NoButton,Move,80,279
5.095,5.095,NoButton,Move,116,281
5.112,5.112,NoButton,Move,171,285
5.129,5.129,NoButton,Move,249,295
5.145,5.145,NoButton,Move,325,309
5.162,5.162,NoButton,Move,397,324
5.178,5.178,NoButton,Move,437,336
5.195,5.195,NoButton,Move,461,343
5.212,5.212,NoButton,Move,465,344
6.909,6.909,Left,Pressed,465,344
7.025,7.025,Left,Released,465,344
7.639,7.639,NoButton,Move,465,345
7.662,7.662,NoButton,Move,467,349
7.678,7.678,NoButton,Move,473,359
7.696,7.696,NoButton,Move,487,393
7.712,7.712,NoButton,Move,497,423
7.729,7.729,NoButton,Move,511,471
7.745,7.745,NoButton,Move,521,511
7.762,7.762,NoButton,Move,526,531
7.992,7.992,Scroll,Down,0,1
8.012,8.012,Scroll,Down,0,2
8.028,8.028,Scroll,Down,0,6
8.045,8.045,Scroll,Down,0,11
8.061,8.061,Scroll,Down,0,13
8.078,8.078,Scroll,Down,0,11
8.095,8.095,Scroll,Down,0,10
8.112,8.112,Scroll,Down,0,7
8.128,8.128,Scroll,Down,0,6
8.145,8.145,Scroll,Down,0,4
8.161,8.161,Scroll,Down,0,3
8.178,8.178,Scroll,Down,0,2
8.195,8.195,Scroll,Down,0,1
8.211,8.211,Scroll,Down,0,1
8.228,8.228,Scroll,Down,0,1
8.245,8.245,Scroll,Down,0,1
8.262,8.262,Scroll,Down,0,1
8.278,8.278,Scroll,Down,0,1
8.295,8.295,Scroll,Down,0,1
8.312,8.312,Scroll,Down,0,1
8.345,8.345,Scroll,Up,0,0
8.361,8.361,Scroll,Up,0,0
8.659,8.659,Left,Pressed,526,531
8.825,8.825,Left,Released,526,531
9.112,9.112,NoButton,Move,526,531
9.129,9.129,NoButton,Move,531,540
9.145,9.145,NoButton,Move,535,547
9.161,9.161,NoButton,Move,539,553
9.178,9.178,NoButton,Move,544,561
9.195,9.195,NoButton,Move,550,570
9.212,9.212,NoButton,Move,557,581
9.228,9.228,NoButton,Move,563,591
9.245,9.245,NoButton,Move,571,602
9.261,9.261,NoButton,Move,580,619
9.278,9.278,NoButton,Move,586,630
9.295,9.295,NoButton,Move,593,642
9.312,9.312,NoButton,Move,599,652
9.328,9.328,NoButton,Move,605,660
9.345,9.345,NoButton,Move,610,666
9.362,9.362,NoButton,Move,616,672
9.378,9.378,NoButton,Move,619,675
9.395,9.395,NoButton,Move,625,681
9.411,9.411,NoButton,Move,628,683
9.428,9.428,NoButton,Move,630,685
9.445,9.445,NoButton,Move,631,685
9.462,9.462,NoButton,Move,631,686
9.475,9.475,Left,Pressed,631,686
9.495,9.495,NoButton,Move,631,686
9.591,9.591,Left,Released,631,686
9.925,9.925,Scroll,Down,0,1
9.945,9.945,Scroll,Down,0,5
9.962,9.962,Scroll,Down,0,12
9.977,9.977,Scroll,Down,0,19
9.995,9.995,Scroll,Down,0,26
10.011,10.011,Scroll,Down,0,30
10.028,10.028,Scroll,Down,0,28
10.045,10.045,Scroll,Down,0,22
10.062,10.062,Scroll,Down,0,24
10.078,10.078,Scroll,Down,0,21
10.095,10.095,Scroll,Down,0,18
10.112,10.112,Scroll,Down,0,17
10.128,10.128,Scroll,Down,0,15
10.145,10.145,Scroll,Down,0,15
10.162,10.162,Scroll,Down,0,13
10.178,10.178,Scroll,Down,0,10
10.195,10.195,Scroll,Down,0,6
10.212,10.212,Scroll,Down,0,6
10.228,10.228,Scroll,Down,0,3
10.245,10.245,Scroll,Down,0,2
10.262,10.262,Scroll,Down,0,1
10.278,10.278,Scroll,Down,0,1
10.495,10.495,NoButton,Move,631,682
10.512,10.512,NoButton,Move,633,675
10.528,10.528,NoButton,Move,635,667
10.545,10.545,NoButton,Move,639,656
10.561,10.561,NoButton,Move,644,640
10.578,10.578,NoButton,Move,648,627
10.595,10.595,NoButton,Move,653,616
10.611,10.611,NoButton,Move,657,606
10.629,10.629,NoButton,Move,659,602
10.644,10.644,NoButton,Move,661,598
10.662,10.662,NoButton,Move,662,596
10.678,10.678,NoButton,Move,662,595
10.695,10.695,NoButton,Move,662,595
10.712,10.712,NoButton,Move,663,595
10.793,10.793,Left,Pressed,663,595
11.008,11.008,Left,Released,663,595
11.396,11.396,NoButton,Move,663,595
11.411,11.411,NoButton,Move,663,597
11.428,11.428,NoButton,Move,663,599
11.445,11.445,NoButton,Move,663,602
11.461,11.461,NoButton,Move,665,606
11.478,11.478,NoButton,Move,667,611
11.495,11.495,NoButton,Move,670,617
11.511,11.511,NoButton,Move,674,623
11.528,11.528,NoButton,Move,676,627
11.545,11.545,NoButton,Move,678,630
11.561,11.561,NoButton,Move,681,633
11.578,11.578,NoButton,Move,683,637
11.595,11.595,NoButton,Move,685,641
11.612,11.612,NoButton,Move,688,647
11.628,11.628,NoButton,Move,690,652
11.645,11.645,NoButton,Move,693,657
11.662,11.662,NoButton,Move,695,662
11.678,11.678,NoButton,Move,697,665
11.694,11.694,NoButton,Move,698,668
11.712,11.712,NoButton,Move,699,671
11.728,11.728,NoButton,Move,700,673
11.745,11.745,NoButton,Move,701,675
11.762,11.762,NoButton,Move,702,676
11.778,11.778,NoButton,Move,702,677
11.791,11.791,Left,Pressed,702,677
11.811,11.811,NoButton,Move,702,677
12.359,12.359,Left,Released,702,677
12.792,12.792,Scroll,Down,0,1
12.812,12.812,Scroll,Down,0,15
12.829,12.829,Scroll,Down,0,21
12.845,12.845,Scroll,Down,0,34
12.861,12.861,Scroll,Down,0,40
12.878,12.878,Scroll,Down,0,36
12.895,12.895,Scroll,Down,0,30
12.911,12.911,Scroll,Down,0,47
12.928,12.928,Scroll,Down,0,54
12.945,12.945,Scroll,Down,0,59
12.962,12.962,Scroll,Down,0,58
12.978,12.978,Scroll,Down,0,56
12.995,12.995,Scroll,Down,0,55
13.012,13.012,Scroll,Down,0,59
13.028,13.028,Scroll,Down,0,56
13.045,13.045,Scroll,Down,0,53
13.061,13.061,Scroll,Down,0,49
13.451,13.451,NoButton,Move,701,677
13.468,13.468,NoButton,Move,692,671
13.484,13.484,NoButton,Move,677,662
13.501,13.501,NoButton,Move,655,647
13.518,13.518,NoButton,Move,631,628
13.534,13.534,NoButton,Move,613,615
13.55,13.55,NoButton,Move,593,602
13.568,13.568,NoButton,Move,577,591
13.584,13.584,NoButton,Move,565,582
13.601,13.601,NoButton,Move,555,573
13.618,13.618,NoButton,Move,546,562
13.634,13.634,NoButton,Move,534,547
13.645,13.645,NoButton,Move,530,539
13.661,13.661,NoButton,Move,524,526
13.678,13.678,NoButton,Move,516,512
13.711,13.711,NoButton,Move,507,495
13.728,13.728,NoButton,Move,507,493
13.774,13.774,Left,Pressed,507,493
13.875,13.875,Left,Released,507,493
14.205,14.205,NoButton,Move,506,492
14.212,14.212,NoButton,Move,503,489
14.229,14.229,NoButton,Move,500,486
14.244,14.244,NoButton,Move,490,475
14.261,14.261,NoButton,Move,486,471
14.278,14.278,NoButton,Move,482,467
14.308,14.308,Left,Pressed,482,467
14.328,14.328,NoButton,Move,482,467
14.425,14.425,Left,Released,482,467
14.794,14.794,NoButton,Move,482,467
14.801,14.801,NoButton,Move,482,468
14.812,14.812,NoButton,Move,482,469
14.828,14.828,NoButton,Move,484,472
14.845,14.845,NoButton,Move,486,478
14.862,14.862,NoButton,Move,489,485
14.878,14.878,NoButton,Move,492,495
14.895,14.895,NoButton,Move,494,501
14.912,14.912,NoButton,Move,496,507
14.928,14.928,NoButton,Move,497,513
14.945,14.945,NoButton,Move,498,517
14.961,14.961,NoButton,Move,499,520
14.978,14.978,NoButton,Move,500,522
14.995,14.995,NoButton,Move,500,523
15.012,15.012,NoButton,Move,500,525
15.029,15.029,NoButton,Move,500,526
15.045,15.045,NoButton,Move,500,528
15.062,15.062,NoButton,Move,500,529
15.078,15.078,NoButton,Move,500,531
15.095,15.095,NoButton,Move,500,533
15.112,15.112,NoButton,Move,500,534
15.128,15.128,NoButton,Move,500,535
15.145,15.145,NoButton,Move,500,536
15.162,15.162,NoButton,Move,500,537
15.178,15.178,NoButton,Move,500,538
15.196,15.196,NoButton,Move,500,538
15.212,15.212,NoButton,Move,500,539
15.228,15.228,NoButton,Move,500,539
15.259,15.259,Left,Pressed,500,539
15.459,15.459,Left,Released,500,539
15.758,15.758,Scroll,Down,0,1
15.778,15.778,Scroll,Down,0,3
15.795,15.795,Scroll,Down,0,10
15.812,15.812,Scroll,Down,0,11
15.828,15.828,Scroll,Down,0,9
15.844,15.844,Scroll,Down,0,11
15.862,15.862,Scroll,Down,0,10
15.878,15.878,Scroll,Down,0,12
15.895,15.895,Scroll,Down,0,11
15.912,15.912,Scroll,Down,0,14
15.928,15.928,Scroll,Down,0,13
15.945,15.945,Scroll,Down,0,22
15.962,15.962,Scroll,Down,0,24
15.978,15.978,Scroll,Down,0,24
15.995,15.995,Scroll,Down,0,24
16.012,16.012,Scroll,Down,0,23
16.028,16.028,Scroll,Down,0,23
16.045,16.045,Scroll,Down,0,25
16.062,16.062,Scroll,Down,0,24
16.078,16.078,Scroll,Down,0,22
16.095,16.095,Scroll,Down,0,20
16.112,16.112,Scroll,Down,0,19
16.128,16.128,Scroll,Down,0,17
16.145,16.145,Scroll,Down,0,16
16.161,16.161,Scroll,Down,0,14
16.212,16.212,NoButton,Move,500,541
16.234,16.234,NoButton,Move,504,552
16.262,16.262,NoButton,Move,507,562
16.295,16.295,NoButton,Move,514,590
16.301,16.301,NoButton,Move,514,595
16.317,16.317,NoButton,Move,515,602
16.334,16.334,NoButton,Move,515,609
16.351,16.351,NoButton,Move,515,613
16.367,16.367,NoButton,Move,515,616
16.401,16.401,NoButton,Move,515,619
16.418,16.418,NoButton,Move,515,620
16.434,16.434,NoButton,Move,516,621
16.458,16.458,Left,Pressed,516,621
16.478,16.478,NoButton,Move,516,621
16.542,16.542,Left,Released,516,621
16.892,16.892,Scroll,Down,0,1
16.911,16.911,Scroll,Down,0,3
16.929,16.929,Scroll,Down,0,8
16.945,16.945,Scroll,Down,0,12
16.962,16.962,Scroll,Down,0,15
16.977,16.977,Scroll,Down,0,19
16.995,16.995,Scroll,Down,0,19
17.012,17.012,Scroll,Down,0,24
17.028,17.028,Scroll,Down,0,34
17.045,17.045,Scroll,Down,0,39
17.062,17.062,Scroll,Down,0,41
17.078,17.078,Scroll,Down,0,41
17.095,17.095,Scroll,Down,0,40
17.112,17.112,Scroll,Down,0,39
17.134,17.134,Scroll,Down,0,42
17.168,17.168,NoButton,Move,517,628
17.184,17.184,NoButton,Move,522,641
17.201,17.201,NoButton,Move,528,654
17.218,17.218,NoButton,Move,532,666
17.235,17.235,NoButton,Move,538,685
17.251,17.251,NoButton,Move,541,702
17.268,17.268,NoButton,Move,543,712
17.284,17.284,NoButton,Move,544,720
17.301,17.301,NoButton,Move,545,726
17.318,17.318,NoButton,Move,545,729
17.335,17.335,NoButton,Move,545,731
17.351,17.351,NoButton,Move,545,732
17.367,17.367,NoButton,Move,545,733
17.395,17.395,Left,Pressed,545,733
17.417,17.417,NoButton,Move,545,733
17.491,17.491,Left,Released,545,733
17.778,17.778,NoButton,Move,545,734
17.795,17.795,NoButton,Move,546,737
17.812,17.812,NoButton,Move,547,740
17.828,17.828,NoButton,Move,550,746
17.846,17.846,NoButton,Move,555,759
17.862,17.862,NoButton,Move,559,771
17.879,17.879,NoButton,Move,564,786
17.895,17.895,NoButton,Move,569,799
17.911,17.911,NoButton,Move,572,810
17.929,17.929,NoButton,Move,574,819
17.945,17.945,NoButton,Move,576,827
17.962,17.962,NoButton,Move,577,833
17.978,17.978,NoButton,Move,578,838
17.995,17.995,NoButton,Move,578,840
18.011,18.011,NoButton,Move,579,843
18.028,18.028,NoButton,Move,579,843
18.045,18.045,NoButton,Move,579,844
18.061,18.061,NoButton,Move,579,844
18.078,18.078,NoButton,Move,579,844
18.126,18.126,Left,Pressed,579,844
18.241,18.241,Left,Released,579,844
18.478,18.478,NoButton,Move,579,843
18.495,18.495,NoButton,Move,578,840
18.512,18.512,NoButton,Move,577,838
18.692,18.692,Scroll,Down,0,1
18.711,18.711,Scroll,Down,0,2
18.728,18.728,Scroll,Down,0,4
18.745,18.745,Scroll,Down,0,8
18.762,18.762,Scroll,Down,0,6
18.778,18.778,Scroll,Down,0,7
18.795,18.795,Scroll,Down,0,4
18.811,18.811,Scroll,Down,0,5
18.828,18.828,Scroll,Down,0,5
18.845,18.845,Scroll,Down,0,6
18.862,18.862,Scroll,Down,0,7
18.878,18.878,Scroll,Down,0,9
18.895,18.895,Scroll,Down,0,10
18.91,18.91,Scroll,Down,0,12
18.928,18.928,Scroll,Down,0,13
18.945,18.945,Scroll,Down,0,13
18.962,18.962,Scroll,Down,0,13
18.978,18.978,Scroll,Down,0,13
18.995,18.995,Scroll,Down,0,13
19.012,19.012,Scroll,Down,0,14
19.028,19.028,Scroll,Down,0,13
19.045,19.045,Scroll,Down,0,13
19.062,19.062,Scroll,Down,0,11
19.078,19.078,Scroll,Down,0,10
19.095,19.095,Scroll,Down,0,9
19.112,19.112,Scroll,Down,0,9
19.128,19.128,Scroll,Down,0,8
19.145,19.145,Scroll,Down,0,7
19.162,19.162,Scroll,Down,0,7
19.178,19.178,Scroll,Down,0,6
19.201,19.201,Scroll,Down,0,6
19.3,19.3,Scroll,Up,0,1
19.312,19.312,Scroll,Up,0,1
19.328,19.328,Scroll,Up,0,2
19.345,19.345,Scroll,Up,0,4
19.362,19.362,Scroll,Up,0,4
19.378,19.378,Scroll,Up,0,4
19.412,19.412,Scroll,Up,0,5
19.428,19.428,Scroll,Up,0,1
19.445,19.445,Scroll,Up,0,1
19.462,19.462,Scroll,Up,0,1
19.478,19.478,Scroll,Up,0,1
19.495,19.495,Scroll,Up,0,1
19.512,19.512,Scroll,Up,0,1
19.528,19.528,Scroll,Up,0,1
19.545,19.545,Scroll,Up,0,3
19.562,19.562,Scroll,Up,0,8
19.578,19.578,Scroll,Up,0,13
19.596,19.596,Scroll,Up,0,19
19.612,19.612,Scroll,Up,0,13
19.629,19.629,Scroll,Up,0,13
19.645,19.645,Scroll,Up,0,10
19.662,19.662,Scroll,Up,0,14
19.678,19.678,Scroll,Up,0,15
19.695,19.695,Scroll,Up,0,15
19.712,19.712,Scroll,Up,0,15
19.728,19.728,Scroll,Up,0,15
19.744,19.744,Scroll,Up,0,15
19.762,19.762,Scroll,Up,0,16
19.778,19.778,Scroll,Up,0,16
19.795,19.795,Scroll,Up,0,14
19.812,19.812,Scroll,Up,0,13
20.058,20.058,Scroll,Up,0,1
20.078,20.078,Scroll,Up,0,3
20.095,20.095,Scroll,Up,0,10
20.112,20.112,Scroll,Up,0,20
20.128,20.128,Scroll,Up,0,23
20.145,20.145,Scroll,Up,0,15
20.162,20.162,Scroll,Up,0,12
20.179,20.179,Scroll,Up,0,12
20.195,20.195,Scroll,Up,0,5
20.212,20.212,Scroll,Up,0,13
20.229,20.229,Scroll,Up,0,14
20.244,20.244,Scroll,Up,0,15
20.262,20.262,Scroll,Up,0,15
20.279,20.279,Scroll,Up,0,15
20.295,20.295,Scroll,Up,0,14
20.312,20.312,Scroll,Up,0,16
20.329,20.329,Scroll,Up,0,16
20.345,20.345,Scroll,Up,0,14
20.742,20.742,Scroll,Up,0,1
20.762,20.762,Scroll,Up,0,6
20.778,20.778,Scroll,Up,0,12
20.795,20.795,Scroll,Up,0,20
20.812,20.812,Scroll,Up,0,18
20.829,20.829,Scroll,Up,0,13
20.845,20.845,Scroll,Up,0,12
20.862,20.862,Scroll,Up,0,15
20.879,20.879,Scroll,Up,0,16
20.895,20.895,Scroll,Up,0,17
20.912,20.912,Scroll,Up,0,17
20.928,20.928,Scroll,Up,0,16
20.945,20.945,Scroll,Up,0,16
20.962,20.962,Scroll,Up,0,18
20.979,20.979,Scroll,Up,0,17
20.994,20.994,Scroll,Up,0,16
21.012,21.012,Scroll,Up,0,14
21.029,21.029,Scroll,Up,0,13
21.045,21.045,Scroll,Up,0,12
21.062,21.062,Scroll,Up,0,11
21.079,21.079,Scroll,Up,0,10
21.095,21.095,Scroll,Up,0,9
21.112,21.112,Scroll,Up,0,9
21.128,21.128,Scroll,Up,0,8
21.145,21.145,Scroll,Up,0,7
21.351,21.351,Scroll,Up,0,1
21.362,21.362,Scroll,Up,0,6
21.395,21.395,Scroll,Up,0,69
21.412,21.412,Scroll,Up,0,41
21.428,21.428,Scroll,Up,0,30
21.444,21.444,Scroll,Up,0,43
21.462,21.462,Scroll,Up,0,50
21.478,21.478,Scroll,Up,0,54
21.495,21.495,Scroll,Up,0,54
21.512,21.512,Scroll,Up,0,54
21.974,21.974,Scroll,Up,0,1
21.994,21.994,Scroll,Up,0,9
22.012,22.012,Scroll,Up,0,27
22.028,22.028,Scroll,Up,0,54
22.045,22.045,Scroll,Up,0,68
22.062,22.062,Scroll,Up,0,36
22.078,22.078,Scroll,Up,0,20
22.095,22.095,Scroll,Up,0,60
22.112,22.112,Scroll,Up,0,72
22.128,22.128,Scroll,Up,0,74
22.145,22.145,Scroll,Up,0,73
22.162,22.162,Scroll,Up,0,71
22.178,22.178,Scroll,Up,0,69
22.195,22.195,Scroll,Up,0,72
22.212,22.212,Scroll,Up,0,68
22.412,22.412,Scroll,Up,0,1
22.412,22.412,Scroll,Up,0,11
22.428,22.428,Scroll,Up,0,19
22.445,22.445,Scroll,Up,0,27
22.462,22.462,Scroll,Up,0,31
22.478,22.478,Scroll,Up,0,26
22.495,22.495,Scroll,Up,0,39
22.512,22.512,Scroll,Up,0,45
22.529,22.529,Scroll,Up,0,46
22.546,22.546,Scroll,Up,0,47
22.562,22.562,Scroll,Up,0,46
22.579,22.579,Scroll,Up,0,44
22.595,22.595,Scroll,Up,0,47
22.612,22.612,Scroll,Up,0,45
22.702,22.702,Scroll,Up,0,2
22.712,22.712,Scroll,Up,0,5
22.729,22.729,Scroll,Up,0,33
22.745,22.745,Scroll,Up,0,67
22.761,22.761,Scroll,Up,0,65
22.796,22.796,Scroll,Up,0,40
22.796,22.796,Scroll,Up,0,86
22.796,22.796,Scroll,Up,0,98
22.812,22.812,Scroll,Up,0,99
22.828,22.828,Scroll,Up,0,97
22.845,22.845,Scroll,Up,0,94
22.862,22.862,Scroll,Up,0,89
22.879,22.879,Scroll,Up,0,90
22.895,22.895,Scroll,Up,0,85
22.912,22.912,Scroll,Up,0,81
22.929,22.929,Scroll,Up,0,76
23.018,23.018,Scroll,Up,0,2
23.028,23.028,Scroll,Up,0,2
23.045,23.045,Scroll,Up,0,14
23.062,23.062,Scroll,Up,0,25
23.078,23.078,Scroll,Up,0,24
23.112,23.112,Scroll,Up,0,39
23.113,23.113,Scroll,Up,0,91
23.146,23.146,Scroll,Up,0,93
23.179,23.179,Scroll,Up,0,91
23.212,23.212,Scroll,Up,0,45
23.228,23.228,Scroll,Up,0,41
23.245,23.245,Scroll,Up,0,74
23.279,23.279,Scroll,Up,0,33
23.295,23.295,Scroll,Up,0,30
23.318,23.318,Scroll,Up,0,28
23.378,23.378,Scroll,Up,0,4
23.378,23.378,Scroll,Up,0,10
23.395,23.395,Scroll,Up,0,48
23.417,23.417,Scroll,Up,0,76
23.428,23.428,Scroll,Up,0,48
23.445,23.445,Scroll,Up,0,24
23.462,23.462,Scroll,Up,0,11
23.478,23.478,Scroll,Up,0,47
23.495,23.495,Scroll,Up,0,55
23.511,23.511,Scroll,Up,0,59
23.528,23.528,Scroll,Up,0,58
23.545,23.545,Scroll,Up,0,56
23.561,23.561,Scroll,Up,0,55
23.578,23.578,Scroll,Up,0,59
23.601,23.601,Scroll,Up,0,56
23.668,23.668,NoButton,Move,576,831
23.684,23.684,NoButton,Move,573,814
23.701,23.701,NoButton,Move,562,772
23.718,23.718,NoButton,Move,547,724
23.735,23.735,NoButton,Move,530,667
23.752,23.752,NoButton,Move,508,608
23.768,23.768,NoButton,Move,488,555
23.785,23.785,NoButton,Move,473,519
23.801,23.801,NoButton,Move,456,482
23.818,23.818,NoButton,Move,446,464
23.834,23.834,NoButton,Move,436,450
23.852,23.852,NoButton,Move,430,443
23.868,23.868,NoButton,Move,425,438
23.885,23.885,NoButton,Move,421,436
23.902,23.902,NoButton,Move,418,433
23.917,23.917,NoButton,Move,414,430
23.935,23.935,NoButton,Move,411,425
23.951,23.951,NoButton,Move,407,413
23.968,23.968,NoButton,Move,403,395
23.979,23.979,NoButton,Move,401,383
23.996,23.996,NoButton,Move,399,359
24.012,24.012,NoButton,Move,399,333
24.028,24.028,NoButton,Move,400,308
24.045,24.045,NoButton,Move,406,292
24.061,24.061,NoButton,Move,413,281
24.078,24.078,NoButton,Move,417,276
24.095,24.095,NoButton,Move,420,275
24.291,24.291,Left,Pressed,420,275
24.458,24.458,Left,Released,420,275
30.413,30.413,NoButton,Move,427,289
30.429,30.429,NoButton,Move,462,338
30.445,30.445,NoButton,Move,486,366
30.462,30.462,NoButton,Move,527,416
30.478,30.478,NoButton,Move,553,452
30.495,30.495,NoButton,Move,576,491
30.512,30.512,NoButton,Move,583,509
30.651,30.651,Scroll,Down,0,5
30.662,30.662,Scroll,Down,0,5
30.679,30.679,Scroll,Down,0,21
30.695,30.695,Scroll,Down,0,28
30.712,30.712,Scroll,Down,0,24
30.728,30.728,Scroll,Down,0,29
30.745,30.745,Scroll,Down,0,21
30.762,30.762,Scroll,Down,0,17
30.778,30.778,Scroll,Down,0,8
30.795,30.795,Scroll,Down,0,8
30.812,30.812,Scroll,Down,0,5
30.829,30.829,Scroll,Down,0,4
30.845,30.845,Scroll,Down,0,3
30.862,30.862,Scroll,Down,0,2
30.878,30.878,Scroll,Down,0,2
30.895,30.895,Scroll,Down,0,2
30.912,30.912,Scroll,Down,0,2
30.928,30.928,Scroll,Down,0,2
30.945,30.945,Scroll,Down,0,2
30.962,30.962,Scroll,Down,0,2
30.978,30.978,Scroll,Down,0,2
30.995,30.995,Scroll,Down,0,2
31.012,31.012,Scroll,Down,0,2
31.028,31.028,Scroll,Down,0,2
31.045,31.045,Scroll,Down,0,2
31.062,31.062,Scroll,Down,0,2
31.078,31.078,Scroll,Down,0,2
31.095,31.095,Scroll,Down,0,2
31.112,31.112,Scroll,Down,0,1
31.128,31.128,Scroll,Down,0,1
31.146,31.146,Scroll,Down,0,1
31.212,31.212,Scroll,Down,0,1
31.402,31.402,NoButton,Move,583,530
31.418,31.418,NoButton,Move,583,545
31.435,31.435,NoButton,Move,579,576
31.452,31.452,NoButton,Move,572,611
31.468,31.468,NoButton,Move,565,646
31.485,31.485,NoButton,Move,558,679
31.502,31.502,NoButton,Move,554,697
31.512,31.512,NoButton,Move,551,707
31.529,31.529,NoButton,Move,549,716
31.545,31.545,NoButton,Move,546,723
31.562,31.562,NoButton,Move,545,726
31.578,31.578,NoButton,Move,544,727
31.595,31.595,NoButton,Move,544,727
31.644,31.644,NoButton,Move,544,727
31.712,31.712,NoButton,Move,544,727
31.728,31.728,NoButton,Move,544,725
31.745,31.745,NoButton,Move,543,722
31.762,31.762,NoButton,Move,543,717
31.778,31.778,NoButton,Move,543,711
31.796,31.796,NoButton,Move,543,703
31.812,31.812,NoButton,Move,543,697
31.829,31.829,NoButton,Move,543,690
31.845,31.845,NoButton,Move,543,687
31.862,31.862,NoButton,Move,543,685
31.878,31.878,NoButton,Move,543,684
31.895,31.895,NoButton,Move,543,684
31.945,31.945,NoButton,Move,543,684
31.968,31.968,NoButton,Move,543,684
32.035,32.035,NoButton,Move,543,683
32.742,32.742,Left,Pressed,543,683
32.827,32.827,Left,Released,543,683
33.148,33.148,NoButton,Move,543,683
33.163,33.163,NoButton,Move,544,682
33.178,33.178,NoButton,Move,548,681
33.195,33.195,NoButton,Move,559,677
33.212,33.212,NoButton,Move,570,674
33.228,33.228,NoButton,Move,600,667
33.245,33.245,NoButton,Move,614,664
33.262,33.262,NoButton,Move,630,660
33.278,33.278,NoButton,Move,644,658
33.295,33.295,NoButton,Move,652,658
33.312,33.312,NoButton,Move,659,657
33.328,33.328,NoButton,Move,663,657
33.345,33.345,NoButton,Move,666,657
33.362,33.362,NoButton,Move,666,657
33.379,33.379,NoButton,Move,667,657
33.395,33.395,NoButton,Move,667,657
33.843,33.843,Left,Pressed,667,657
33.926,33.926,Left,Released,667,657
34.062,34.062,NoButton,Move,667,659
34.079,34.079,NoButton,Move,665,666
34.095,34.095,NoButton,Move,661,677
34.112,34.112,NoButton,Move,656,687
34.129,34.129,NoButton,Move,650,700
34.146,34.146,NoButton,Move,644,713
34.161,34.161,NoButton,Move,640,723
34.179,34.179,NoButton,Move,636,730
34.195,34.195,NoButton,Move,635,733
34.212,34.212,NoButton,Move,635,735
34.228,34.228,NoButton,Move,635,736
34.258,34.258,Left,Pressed,635,736
34.278,34.278,NoButton,Move,635,736
34.409,34.409,Left,Released,635,736
34.704,34.704,NoButton,Move,636,735
34.712,34.712,NoButton,Move,641,730
34.729,34.729,NoButton,Move,654,719
34.745,34.745,NoButton,Move,672,706
34.762,34.762,NoButton,Move,694,691
34.779,34.779,NoButton,Move,710,682
34.796,34.796,NoButton,Move,728,672
34.812,34.812,NoButton,Move,737,666
34.829,34.829,NoButton,Move,742,662
34.845,34.845,NoButton,Move,747,658
34.862,34.862,NoButton,Move,749,655
34.879,34.879,NoButton,Move,750,654
34.892,34.892,Left,Pressed,750,654
34.945,34.945,NoButton,Move,751,654
35.008,35.008,Left,Released,751,654
35.062,35.062,NoButton,Move,750,654
35.543,35.543,Scroll,Up,0,2
35.545,35.545,Scroll,Up,0,4
35.562,35.562,Scroll,Up,0,26
35.579,35.579,Scroll,Up,0,38
35.595,35.595,Scroll,Up,0,56
35.612,35.612,Scroll,Up,0,39
35.629,35.629,Scroll,Up,0,73
35.645,35.645,Scroll,Up,0,82
35.662,35.662,Scroll,Up,0,84
35.678,35.678,Scroll,Up,0,82
35.695,35.695,Scroll,Up,0,80
35.712,35.712,Scroll,Up,0,77
35.728,35.728,Scroll,Up,0,78
35.745,35.745,Scroll,Up,0,74
35.762,35.762,Scroll,Up,0,70
35.778,35.778,Scroll,Up,0,64
35.795,35.795,Scroll,Up,0,60
35.812,35.812,Scroll,Up,0,57
35.828,35.828,Scroll,Up,0,53
35.845,35.845,Scroll,Up,0,49
35.862,35.862,Scroll,Up,0,45
35.879,35.879,Scroll,Up,0,41
35.895,35.895,Scroll,Up,0,39
35.911,35.911,Scroll,Up,0,35
35.928,35.928,Scroll,Up,0,33
35.945,35.945,Scroll,Up,0,30
35.962,35.962,Scroll,Up,0,28
35.978,35.978,Scroll,Up,0,26
35.995,35.995,Scroll,Up,0,22
36.011,36.011,Scroll,Up,0,21
36.028,36.028,Scroll,Up,0,19
36.046,36.046,Scroll,Up,0,17
36.062,36.062,Scroll,Up,0,16
36.078,36.078,Scroll,Up,0,14
36.095,36.095,Scroll,Up,0,13
36.112,36.112,Scroll,Up,0,12
36.128,36.128,Scroll,Up,0,11
36.145,36.145,Scroll,Up,0,10
36.162,36.162,Scroll,Up,0,9
36.179,36.179,Scroll,Up,0,8
36.195,36.195,Scroll,Up,0,8
36.211,36.211,Scroll,Up,0,7
36.229,36.229,Scroll,Up,0,7
36.246,36.246,Scroll,Up,0,6
36.262,36.262,Scroll,Up,0,6
36.278,36.278,Scroll,Up,0,5
36.295,36.295,Scroll,Up,0,5
36.312,36.312,Scroll,Up,0,5
36.328,36.328,Scroll,Up,0,4
36.345,36.345,Scroll,Up,0,4
36.495,36.495,NoButton,Move,750,653
36.512,36.512,NoButton,Move,750,650
36.529,36.529,NoButton,Move,746,642
36.545,36.545,NoButton,Move,741,630
36.562,36.562,NoButton,Move,735,615
36.578,36.578,NoButton,Move,726,595
36.596,36.596,NoButton,Move,710,558
36.612,36.612,NoButton,Move,696,519
36.629,36.629,NoButton,Move,685,486
36.645,36.645,NoButton,Move,671,440
36.662,36.662,NoButton,Move,664,416
36.678,36.678,NoButton,Move,657,388
36.695,36.695,NoButton,Move,653,372
36.712,36.712,NoButton,Move,650,361
36.728,36.728,NoButton,Move,648,357
37.871,37.871,NoButton,Move,648,357
37.895,37.895,NoButton,Move,648,355
37.912,37.912,NoButton,Move,648,355
37.928,37.928,NoButton,Move,647,351
37.945,37.945,NoButton,Move,645,348
37.962,37.962,NoButton,Move,643,344
37.978,37.978,NoButton,Move,639,338
37.995,37.995,NoButton,Move,635,333
38.013,38.013,NoButton,Move,630,325
38.028,38.028,NoButton,Move,625,315
38.045,38.045,NoButton,Move,617,298
38.062,38.062,NoButton,Move,608,280
38.078,38.078,NoButton,Move,600,258
38.095,38.095,NoButton,Move,590,233
38.112,38.112,NoButton,Move,579,207
38.128,38.128,NoButton,Move,566,182
38.145,38.145,NoButton,Move,560,168
38.469,38.469,NoButton,Move,560,168
38.478,38.478,NoButton,Move,558,168
38.496,38.496,NoButton,Move,553,168
38.512,38.512,NoButton,Move,547,171
38.529,38.529,NoButton,Move,534,180
38.545,38.545,NoButton,Move,518,197
38.562,38.562,NoButton,Move,499,224
38.579,38.579,NoButton,Move,475,257
38.595,38.595,NoButton,Move,448,305
38.612,38.612,NoButton,Move,437,330
38.628,38.628,NoButton,Move,428,349
38.645,38.645,NoButton,Move,420,369
38.662,38.662,NoButton,Move,416,377
38.678,38.678,NoButton,Move,413,384
38.695,38.695,NoButton,Move,410,386
38.712,38.712,NoButton,Move,406,386
38.728,38.728,NoButton,Move,401,378
38.745,38.745,NoButton,Move,395,369
38.762,38.762,NoButton,Move,389,356
38.778,38.778,NoButton,Move,384,344
38.794,38.794,NoButton,Move,379,326
38.812,38.812,NoButton,Move,376,306
38.828,38.828,NoButton,Move,376,266
38.845,38.845,NoButton,Move,376,250
38.862,38.862,NoButton,Move,379,240
38.878,38.878,NoButton,Move,382,232
38.895,38.895,NoButton,Move,384,229
38.912,38.912,NoButton,Move,386,227
38.928,38.928,NoButton,Move,388,227
38.945,38.945,NoButton,Move,388,227
38.962,38.962,NoButton,Move,389,227
38.978,38.978,NoButton,Move,389,227
38.995,38.995,NoButton,Move,389,229
39.012,39.012,NoButton,Move,390,230
39.028,39.028,NoButton,Move,390,232
39.045,39.045,NoButton,Move,390,234
39.062,39.062,NoButton,Move,390,237
39.078,39.078,NoButton,Move,388,242
39.095,39.095,NoButton,Move,385,249
39.113,39.113,NoButton,Move,383,258
39.129,39.129,NoButton,Move,381,263
39.145,39.145,NoButton,Move,380,267
39.162,39.162,NoButton,Move,379,270
39.179,39.179,NoButton,Move,379,270
39.192,39.192,Left,Pressed,379,270
39.229,39.229,NoButton,Move,379,270
39.311,39.311,Left,Released,379,270
42.465,42.465,NoButton,Move,379,276
42.478,42.478,NoButton,Move,391,303
42.495,42.495,NoButton,Move,402,325
42.512,42.512,NoButton,Move,414,348
42.528,42.528,NoButton,Move,440,397
42.545,42.545,NoButton,Move,470,453
42.561,42.561,NoButton,Move,515,546
42.577,42.577,NoButton,Move,535,587
42.762,42.762,Scroll,Down,0,1
42.762,42.762,Scroll,Down,0,2
42.779,42.779,Scroll,Down,0,10
42.795,42.795,Scroll,Down,0,15
42.811,42.811,Scroll,Down,0,26
42.829,42.829,Scroll,Down,0,25
42.844,42.844,Scroll,Down,0,22
42.861,42.861,Scroll,Down,0,33
42.879,42.879,Scroll,Down,0,39
42.894,42.894,Scroll,Down,0,41
42.911,42.911,Scroll,Down,0,41
42.929,42.929,Scroll,Down,0,41
42.944,42.944,Scroll,Down,0,39
42.967,42.967,Scroll,Down,0,45
43.002,43.002,NoButton,Move,536,589
43.017,43.017,NoButton,Move,539,593
43.033,43.033,NoButton,Move,544,598
43.051,43.051,NoButton,Move,552,608
43.067,43.067,NoButton,Move,564,625
43.085,43.085,NoButton,Move,578,647
43.101,43.101,NoButton,Move,594,673
43.118,43.118,NoButton,Move,609,699
43.135,43.135,NoButton,Move,623,725
43.151,43.151,NoButton,Move,630,739
43.168,43.168,NoButton,Move,637,754
43.185,43.185,NoButton,Move,641,766
43.201,43.201,NoButton,Move,643,772
43.217,43.217,NoButton,Move,644,778
43.234,43.234,NoButton,Move,645,782
43.25,43.25,NoButton,Move,646,783
43.268,43.268,NoButton,Move,646,784
43.284,43.284,NoButton,Move,646,784
43.301,43.301,NoButton,Move,646,784
43.325,43.325,Left,Pressed,646,784
43.491,43.491,Left,Released,646,784
43.928,43.928,NoButton,Move,646,783
43.945,43.945,NoButton,Move,648,774
43.962,43.962,NoButton,Move,655,759
43.979,43.979,NoButton,Move,668,737
43.996,43.996,NoButton,Move,685,713
44.012,44.012,NoButton,Move,706,693
44.03,44.03,NoButton,Move,720,681
44.045,44.045,NoButton,Move,737,669
44.061,44.061,NoButton,Move,744,665
44.079,44.079,NoButton,Move,750,659
44.531,44.531,NoButton,Move,750,660
44.545,44.545,NoButton,Move,750,661
44.562,44.562,NoButton,Move,750,663
44.578,44.578,NoButton,Move,750,665
44.595,44.595,NoButton,Move,750,668
44.612,44.612,NoButton,Move,750,672
44.628,44.628,NoButton,Move,750,675
44.646,44.646,NoButton,Move,750,677
44.661,44.661,NoButton,Move,750,679
44.678,44.678,NoButton,Move,750,680
44.695,44.695,NoButton,Move,749,681
44.713,44.713,NoButton,Move,749,681
45.827,45.827,NoButton,Move,749,681
45.851,45.851,NoButton,Move,749,681
45.867,45.867,NoButton,Move,749,681
45.883,45.883,NoButton,Move,749,681
45.895,45.895,NoButton,Move,749,680
45.924,45.924,NoButton,Move,748,680
45.962,45.962,NoButton,Move,748,680
45.978,45.978,NoButton,Move,748,680
45.995,45.995,NoButton,Move,748,679
46.012,46.012,NoButton,Move,748,679
46.062,46.062,NoButton,Move,748,679
46.539,46.539,NoButton,Move,748,679
46.562,46.562,NoButton,Move,748,678
46.578,46.578,NoButton,Move,747,678
46.595,46.595,NoButton,Move,747,678
46.859,46.859,Left,Pressed,747,678
46.974,46.974,Left,Released,747,678
47.129,47.129,NoButton,Move,747,684
47.145,47.145,NoButton,Move,747,695
47.162,47.162,NoButton,Move,746,712
47.179,47.179,NoButton,Move,740,732
47.195,47.195,NoButton,Move,735,744
47.212,47.212,NoButton,Move,729,758
47.229,47.229,NoButton,Move,727,763
47.245,47.245,NoButton,Move,723,768
47.262,47.262,NoButton,Move,722,770
47.279,47.279,NoButton,Move,721,771
47.296,47.296,NoButton,Move,721,771
47.312,47.312,NoButton,Move,721,771
47.328,47.328,NoButton,Move,720,767
47.345,47.345,NoButton,Move,720,760
47.362,47.362,NoButton,Move,719,751
47.378,47.378,NoButton,Move,719,746
47.395,47.395,NoButton,Move,719,741
47.411,47.411,NoButton,Move,719,737
47.429,47.429,NoButton,Move,719,735
47.445,47.445,NoButton,Move,719,734
47.462,47.462,NoButton,Move,719,733
47.479,47.479,NoButton,Move,719,733
47.541,47.541,Left,Pressed,719,733
47.642,47.642,Left,Released,719,733
48.103,48.103,NoButton,Move,719,732
48.128,48.128,NoButton,Move,719,727
48.145,48.145,NoButton,Move,720,722
48.163,48.163,NoButton,Move,721,718
48.179,48.179,NoButton,Move,722,712
48.195,48.195,NoButton,Move,722,706
48.213,48.213,NoButton,Move,722,703
48.228,48.228,NoButton,Move,722,700
48.246,48.246,NoButton,Move,722,697
48.261,48.261,NoButton,Move,723,696
48.278,48.278,NoButton,Move,723,695
48.295,48.295,NoButton,Move,723,694
48.312,48.312,NoButton,Move,723,693
48.329,48.329,NoButton,Move,723,692
48.345,48.345,NoButton,Move,723,691
48.363,48.363,NoButton,Move,723,689
48.379,48.379,NoButton,Move,723,687
48.394,48.394,NoButton,Move,723,686
48.411,48.411,NoButton,Move,723,685
48.442,48.442,Left,Pressed,723,685
48.462,48.462,NoButton,Move,723,685
48.525,48.525,Left,Released,723,685
48.774,48.774,NoButton,Move,723,685
48.781,48.781,NoButton,Move,723,687
48.796,48.796,NoButton,Move,723,688
48.812,48.812,NoButton,Move,723,690
48.829,48.829,NoButton,Move,723,692
48.845,48.845,NoButton,Move,723,694
48.862,48.862,NoButton,Move,723,695
48.879,48.879,NoButton,Move,723,695
49.2,49.2,NoButton,Move,723,695
51.631,51.631,NoButton,Move,723,695
51.646,51.646,NoButton,Move,723,696
51.663,51.663,NoButton,Move,724,701
51.679,51.679,NoButton,Move,725,704
51.695,51.695,NoButton,Move,726,707
51.712,51.712,NoButton,Move,727,712
51.729,51.729,NoButton,Move,727,713
51.745,51.745,NoButton,Move,729,718
51.761,51.761,NoButton,Move,729,722
51.778,51.778,NoButton,Move,730,724
51.795,51.795,NoButton,Move,730,725
51.812,51.812,NoButton,Move,730,725
51.829,51.829,NoButton,Move,730,726
51.942,51.942,Left,Pressed,730,726
52.059,52.059,Left,Released,730,726
52.85,52.85,NoButton,Move,730,724
52.868,52.868,NoButton,Move,732,716
52.879,52.879,NoButton,Move,733,711
52.895,52.895,NoButton,Move,737,697
52.913,52.913,NoButton,Move,740,683
52.929,52.929,NoButton,Move,744,669
52.946,52.946,NoButton,Move,747,655
52.961,52.961,NoButton,Move,750,644
52.979,52.979,NoButton,Move,752,639
52.996,52.996,NoButton,Move,753,634
53.012,53.012,NoButton,Move,754,631
53.029,53.029,NoButton,Move,754,629
53.046,53.046,NoButton,Move,754,629
53.063,53.063,NoButton,Move,754,628
53.095,53.095,NoButton,Move,754,628
53.145,53.145,NoButton,Move,754,628
53.587,53.587,NoButton,Move,754,628
53.612,53.612,NoButton,Move,754,627
53.629,53.629,NoButton,Move,754,627
53.645,53.645,NoButton,Move,754,626
53.675,53.675,NoButton,Move,754,626
53.767,53.767,NoButton,Move,754,626
53.864,53.864,NoButton,Move,754,626
53.912,53.912,NoButton,Move,754,626
53.929,53.929,NoButton,Move,754,625
53.945,53.945,NoButton,Move,754,625
53.962,53.962,NoButton,Move,754,625
53.979,53.979,NoButton,Move,754,624
53.996,53.996,NoButton,Move,754,624
54.012,54.012,NoButton,Move,754,624
54.971,54.971,NoButton,Move,754,623
54.995,54.995,NoButton,Move,754,623
55.013,55.013,NoButton,Move,754,623
55.029,55.029,NoButton,Move,754,623
55.085,55.085,NoButton,Move,754,622
56.019,56.019,NoButton,Move,754,622
56.045,56.045,NoButton,Move,754,622
56.075,56.075,NoButton,Move,754,622
56.525,56.525,NoButton,Move,754,621
56.544,56.544,NoButton,Move,754,621
56.562,56.562,NoButton,Move,754,620
56.58,56.58,NoButton,Move,754,620
56.595,56.595,NoButton,Move,754,620
56.612,56.612,NoButton,Move,754,620
56.632,56.632,NoButton,Move,754,619
56.682,56.682,NoButton,Move,754,619
56.706,56.706,NoButton,Move,754,619
56.721,56.721,NoButton,Move,754,619
56.738,56.738,NoButton,Move,754,618
56.754,56.754,NoButton,Move,754,618
56.762,56.762,NoButton,Move,754,618
56.779,56.779,NoButton,Move,754,618
56.795,56.795,NoButton,Move,754,618
56.812,56.812,NoButton,Move,754,617
56.829,56.829,NoButton,Move,754,617
56.845,56.845,NoButton,Move,754,617
56.862,56.862,NoButton,Move,753,617
56.879,56.879,NoButton,Move,753,616
56.895,56.895,NoButton,Move,753,616
56.919,56.919,NoButton,Move,753,616
57.172,57.172,NoButton,Move,753,616
57.229,57.229,NoButton,Move,753,615
57.245,57.245,NoButton,Move,753,615
57.294,57.294,NoButton,Move,753,615
57.318,57.318,NoButton,Move,753,615
57.367,57.367,NoButton,Move,753,614
57.411,57.411,NoButton,Move,753,614
57.442,57.442,NoButton,Move,752,614
57.655,57.655,NoButton,Move,752,614
57.695,57.695,NoButton,Move,752,613
57.712,57.712,NoButton,Move,752,613
57.729,57.729,NoButton,Move,752,613
57.746,57.746,NoButton,Move,752,613
58.033,58.033,NoButton,Move,752,613
58.081,58.081,NoButton,Move,752,612
58.147,58.147,NoButton,Move,752,612
58.211,58.211,NoButton,Move,752,612
58.244,58.244,NoButton,Move,752,612
58.261,58.261,NoButton,Move,752,611
58.279,58.279,NoButton,Move,751,611
58.295,58.295,NoButton,Move,750,609
58.736,58.736,NoButton,Move,750,609
58.761,58.761,NoButton,Move,750,605
58.778,58.778,NoButton,Move,750,603
58.796,58.796,NoButton,Move,750,601
58.811,58.811,NoButton,Move,750,599
58.829,58.829,NoButton,Move,750,597
58.845,58.845,NoButton,Move,750,597
58.863,58.863,NoButton,Move,750,596
58.931,58.931,NoButton,Move,750,597
58.945,58.945,NoButton,Move,751,601
58.963,58.963,NoButton,Move,754,611
58.979,58.979,NoButton,Move,757,626
58.995,58.995,NoButton,Move,759,638
59.013,59.013,NoButton,Move,761,653
59.029,59.029,NoButton,Move,762,664
59.044,59.044,NoButton,Move,762,666
59.062,59.062,NoButton,Move,763,676
59.078,59.078,NoButton,Move,763,678
59.095,59.095,NoButton,Move,764,679
59.112,59.112,NoButton,Move,764,680
59.128,59.128,NoButton,Move,764,680
59.301,59.301,NoButton,Move,764,680
59.475,59.475,Left,Pressed,764,680
59.859,59.859,Left,Released,764,680
60.095,60.095,NoButton,Move,762,677
60.112,60.112,NoButton,Move,757,671
60.129,60.129,NoButton,Move,732,653
60.146,60.146,NoButton,Move,678,618
60.162,60.162,NoButton,Move,603,576
60.179,60.179,NoButton,Move,491,511
60.196,60.196,NoButton,Move,377,432
60.212,60.212,NoButton,Move,273,349
60.228,60.228,NoButton,Move,221,304
60.245,60.245,NoButton,Move,201,288
60.262,60.262,NoButton,Move,183,275
60.278,60.278,NoButton,Move,169,266
60.295,60.295,NoButton,Move,167,265
60.462,60.462,NoButton,Move,167,261
60.479,60.479,NoButton,Move,167,248
60.496,60.496,NoButton,Move,166,240
60.511,60.511,NoButton,Move,165,226
60.529,60.529,NoButton,Move,165,215
60.545,60.545,NoButton,Move,165,208
60.562,60.562,NoButton,Move,165,200
60.578,60.578,NoButton,Move,165,195
60.596,60.596,NoButton,Move,165,193
60.612,60.612,NoButton,Move,165,192
60.629,60.629,NoButton,Move,166,192
60.645,60.645,NoButton,Move,166,193
60.685,60.685,Scroll,Up,0,2
60.696,60.696,Scroll,Up,0,9
60.712,60.712,Scroll,Up,0,9
60.729,60.729,Scroll,Up,0,7
60.746,60.746,Scroll,Up,0,8
60.762,60.762,Scroll,Up,0,6
60.779,60.779,Scroll,Up,0,6
60.795,60.795,Scroll,Up,0,4
60.812,60.812,Scroll,Up,0,3
60.829,60.829,Scroll,Up,0,2
60.845,60.845,Scroll,Up,0,5
60.862,60.862,Scroll,Up,0,5
60.979,60.979,NoButton,Move,164,193
60.995,60.995,NoButton,Move,161,193
61.012,61.012,NoButton,Move,158,192
61.029,61.029,NoButton,Move,156,192
61.046,61.046,NoButton,Move,155,191
61.058,61.058,Left,Pressed,155,191
61.078,61.078,NoButton,Move,155,191
61.175,61.175,Left,Released,155,191
61.379,61.379,NoButton,Move,155,191
61.396,61.396,NoButton,Move,158,191
61.412,61.412,NoButton,Move,165,191
61.428,61.428,NoButton,Move,174,191
61.446,61.446,NoButton,Move,199,191
61.462,61.462,NoButton,Move,222,196
61.479,61.479,NoButton,Move,245,202
61.495,61.495,NoButton,Move,271,211
61.512,61.512,NoButton,Move,298,223
61.528,61.528,NoButton,Move,323,236
61.545,61.545,NoButton,Move,339,247
61.562,61.562,NoButton,Move,354,259
61.579,61.579,NoButton,Move,362,270
61.596,61.596,NoButton,Move,364,275
61.954,61.954,NoButton,Move,366,275
61.979,61.979,NoButton,Move,377,275
61.996,61.996,NoButton,Move,393,276
62.012,62.012,NoButton,Move,417,279
62.03,62.03,NoButton,Move,463,285
62.045,62.045,NoButton,Move,504,291
62.062,62.062,NoButton,Move,537,296
62.079,62.079,NoButton,Move,574,302
62.095,62.095,NoButton,Move,607,307
62.112,62.112,NoButton,Move,626,311
62.129,62.129,NoButton,Move,647,315
62.146,62.146,NoButton,Move,656,317
62.163,62.163,NoButton,Move,664,318
62.178,62.178,NoButton,Move,668,320
62.195,62.195,NoButton,Move,670,320
62.212,62.212,NoButton,Move,671,320
62.229,62.229,NoButton,Move,672,320
62.246,62.246,NoButton,Move,672,320
62.263,62.263,NoButton,Move,673,320
62.313,62.313,NoButton,Move,673,320
62.329,62.329,NoButton,Move,672,319
62.559,62.559,NoButton,Move,674,319
62.566,62.566,NoButton,Move,682,319
62.58,62.58,NoButton,Move,693,316
62.596,62.596,NoButton,Move,753,308
62.612,62.612,NoButton,Move,829,306
62.629,62.629,NoButton,Move,928,307
62.646,62.646,NoButton,Move,998,320
62.662,62.662,NoButton,Move,1042,331
62.679,62.679,NoButton,Move,1122,356
62.788,62.788,NoButton,Move,1121,356
62.795,62.795,NoButton,Move,1118,356
62.812,62.812,NoButton,Move,1107,359
62.829,62.829,NoButton,Move,1095,365
62.845,62.845,NoButton,Move,1071,377
62.862,62.862,NoButton,Move,1029,398
62.879,62.879,NoButton,Move,971,424
62.895,62.895,NoButton,Move,878,458
62.912,62.912,NoButton,Move,794,477
62.929,62.929,NoButton,Move,732,487
62.945,62.945,NoButton,Move,680,491
62.962,62.962,NoButton,Move,627,493
62.979,62.979,NoButton,Move,602,493
62.995,62.995,NoButton,Move,579,493
63.287,63.287,NoButton,Move,577,493
63.312,63.312,NoButton,Move,563,482
63.329,63.329,NoButton,Move,541,460
63.345,63.345,NoButton,Move,488,399
63.362,63.362,NoButton,Move,452,351
63.379,63.379,NoButton,Move,422,308
63.395,63.395,NoButton,Move,416,298
63.412,63.412,NoButton,Move,393,268
63.428,63.428,NoButton,Move,386,258
63.445,63.445,NoButton,Move,383,255
63.462,63.462,NoButton,Move,383,254
63.739,63.739,NoButton,Move,383,254
63.762,63.762,NoButton,Move,389,254
63.779,63.779,NoButton,Move,405,257
63.795,63.795,NoButton,Move,430,260
63.812,63.812,NoButton,Move,477,264
63.828,63.828,NoButton,Move,522,267
63.845,63.845,NoButton,Move,556,269
63.863,63.863,NoButton,Move,614,272
63.879,63.879,NoButton,Move,657,279
63.895,63.895,NoButton,Move,708,293
63.913,63.913,NoButton,Move,766,317
63.929,63.929,NoButton,Move,825,349
63.945,63.945,NoButton,Move,856,372
63.962,63.962,NoButton,Move,875,391
63.979,63.979,NoButton,Move,890,412
63.995,63.995,NoButton,Move,896,435
64.012,64.012,NoButton,Move,889,458
64.028,64.028,NoButton,Move,865,477
64.046,64.046,NoButton,Move,829,493
64.062,64.062,NoButton,Move,799,500
64.08,64.08,NoButton,Move,764,505
64.095,64.095,NoButton,Move,745,506
64.113,64.113,NoButton,Move,732,507
64.129,64.129,NoButton,Move,721,508
64.146,64.146,NoButton,Move,714,508
64.162,64.162,NoButton,Move,713,508
64.179,64.179,NoButton,Move,710,508
64.195,64.195,NoButton,Move,707,508
64.212,64.212,NoButton,Move,706,508
64.229,64.229,NoButton,Move,704,508
64.245,64.245,NoButton,Move,703,508
64.262,64.262,NoButton,Move,702,508
64.279,64.279,NoButton,Move,702,508
64.296,64.296,NoButton,Move,702,508
67.61,67.61,NoButton,Move,702,508
67.629,67.629,NoButton,Move,702,507
67.645,67.645,NoButton,Move,702,506
67.662,67.662,NoButton,Move,702,506
67.68,67.68,NoButton,Move,702,505
67.696,67.696,NoButton,Move,703,504
67.712,67.712,NoButton,Move,703,504
67.73,67.73,NoButton,Move,703,504
67.745,67.745,NoButton,Move,703,503
67.763,67.763,NoButton,Move,704,503
67.778,67.778,NoButton,Move,704,503
67.796,67.796,NoButton,Move,704,502
67.812,67.812,NoButton,Move,704,502
67.829,67.829,NoButton,Move,705,501
67.846,67.846,NoButton,Move,705,501
67.862,67.862,NoButton,Move,705,501
67.879,67.879,NoButton,Move,705,501
67.895,67.895,NoButton,Move,706,501
67.912,67.912,NoButton,Move,706,502
67.928,67.928,NoButton,Move,707,511
67.945,67.945,NoButton,Move,707,525
67.962,67.962,NoButton,Move,707,541
67.979,67.979,NoButton,Move,704,553
67.997,67.997,NoButton,Move,698,565
68.012,68.012,NoButton,Move,694,571
68.029,68.029,NoButton,Move,692,574
68.061,68.061,NoButton,Move,683,581
68.08,68.08,NoButton,Move,681,582
68.095,68.095,NoButton,Move,680,582
68.112,68.112,NoButton,Move,679,582
68.128,68.128,NoButton,Move,678,582
68.145,68.145,NoButton,Move,677,582
68.162,68.162,NoButton,Move,676,582
68.179,68.179,NoButton,Move,676,582
68.195,68.195,NoButton,Move,676,582
68.212,68.212,NoButton,Move,676,581
68.229,68.229,NoButton,Move,676,581
68.245,68.245,NoButton,Move,676,581
68.262,68.262,NoButton,Move,678,579
68.279,68.279,NoButton,Move,684,577
68.297,68.297,NoButton,Move,693,575
68.312,68.312,NoButton,Move,704,572
68.329,68.329,NoButton,Move,714,571
68.346,68.346,NoButton,Move,720,570
68.362,68.362,NoButton,Move,727,569
68.379,68.379,NoButton,Move,729,569
68.396,68.396,NoButton,Move,729,569
68.412,68.412,NoButton,Move,730,569
68.476,68.476,Left,Pressed,730,569
68.659,68.659,Left,Released,730,569
69.043,69.043,NoButton,Move,730,569
69.05,69.05,NoButton,Move,735,570
69.063,69.063,NoButton,Move,739,573
69.079,69.079,NoButton,Move,751,579
69.096,69.096,NoButton,Move,777,595
69.112,69.112,NoButton,Move,811,616
69.129,69.129,NoButton,Move,846,640
69.146,69.146,NoButton,Move,856,646
69.368,69.368,Scroll,Down,0,1
69.379,69.379,Scroll,Down,0,2
69.395,69.395,Scroll,Down,0,4
69.412,69.412,Scroll,Down,0,6
69.429,69.429,Scroll,Down,0,5
69.446,69.446,Scroll,Down,0,5
69.462,69.462,Scroll,Down,0,4
69.479,69.479,Scroll,Down,0,4
69.495,69.495,Scroll,Down,0,3
69.512,69.512,Scroll,Down,0,2
69.529,69.529,Scroll,Down,0,2
69.545,69.545,Scroll,Down,0,2
69.562,69.562,Scroll,Down,0,1
69.579,69.579,Scroll,Down,0,1
69.596,69.596,Scroll,Down,0,1
69.613,69.613,Scroll,Down,0,2
69.629,69.629,Scroll,Down,0,2
69.646,69.646,Scroll,Down,0,3
69.662,69.662,Scroll,Down,0,5
69.679,69.679,Scroll,Down,0,9
69.696,69.696,Scroll,Down,0,14
69.712,69.712,Scroll,Down,0,24
69.729,69.729,Scroll,Down,0,27
69.746,69.746,Scroll,Down,0,27
69.762,69.762,Scroll,Down,0,30
69.779,69.779,Scroll,Down,0,31
69.795,69.795,Scroll,Down,0,30
69.811,69.811,Scroll,Down,0,29
69.829,69.829,Scroll,Down,0,28
69.846,69.846,Scroll,Down,0,30
69.862,69.862,Scroll,Down,0,30
69.879,69.879,Scroll,Down,0,27
69.896,69.896,Scroll,Down,0,24
69.913,69.913,Scroll,Down,0,22
69.929,69.929,Scroll,Down,0,20
69.948,69.948,Scroll,Down,0,19
69.962,69.962,Scroll,Down,0,17
69.979,69.979,Scroll,Down,0,16
69.995,69.995,Scroll,Down,0,14
70.012,70.012,Scroll,Down,0,13
70.028,70.028,Scroll,Down,0,12
70.045,70.045,Scroll,Down,0,11
70.062,70.062,Scroll,Down,0,10
70.078,70.078,Scroll,Down,0,9
70.127,70.127,Scroll,Down,0,2
70.129,70.129,Scroll,Down,0,2
70.145,70.145,Scroll,Down,0,14
70.161,70.161,Scroll,Down,0,22
70.178,70.178,Scroll,Down,0,45
70.195,70.195,Scroll,Down,0,67
70.212,70.212,Scroll,Down,0,84
70.229,70.229,Scroll,Down,0,123
70.247,70.247,Scroll,Down,0,130
70.262,70.262,Scroll,Down,0,128
70.279,70.279,Scroll,Down,0,125
70.296,70.296,Scroll,Down,0,118
70.314,70.314,Scroll,Down,0,219
70.346,70.346,Scroll,Down,0,101
70.363,70.363,Scroll,Down,0,97
70.379,70.379,Scroll,Down,0,91
70.396,70.396,Scroll,Down,0,87
70.413,70.413,Scroll,Down,0,82
70.429,70.429,Scroll,Down,0,77
70.445,70.445,Scroll,Down,0,74
70.462,70.462,Scroll,Down,0,68
70.479,70.479,Scroll,Down,0,64
70.496,70.496,Scroll,Down,0,60
70.512,70.512,Scroll,Down,0,56
70.529,70.529,Scroll,Down,0,51
70.546,70.546,Scroll,Down,0,49
70.562,70.562,Scroll,Down,0,45
70.579,70.579,Scroll,Down,0,41
70.596,70.596,Scroll,Down,0,38
70.612,70.612,Scroll,Down,0,35
70.629,70.629,Scroll,Down,0,32
70.646,70.646,Scroll,Down,0,30
70.662,70.662,Scroll,Down,0,27
70.679,70.679,Scroll,Down,0,24
70.696,70.696,Scroll,Down,0,22
70.712,70.712,Scroll,Down,0,20
70.729,70.729,Scroll,Down,0,19
70.746,70.746,Scroll,Down,0,17
70.762,70.762,Scroll,Down,0,16
70.779,70.779,Scroll,Down,0,14
70.795,70.795,Scroll,Down,0,13
70.812,70.812,Scroll,Down,0,12
70.829,70.829,Scroll,Down,0,11
70.846,70.846,Scroll,Down,0,10
70.862,70.862,Scroll,Down,0,9
70.879,70.879,Scroll,Down,0,8
70.895,70.895,Scroll,Down,0,8
70.912,70.912,Scroll,Down,0,7
70.929,70.929,Scroll,Down,0,7
70.945,70.945,Scroll,Down,0,6
70.962,70.962,Scroll,Down,0,6
70.979,70.979,Scroll,Down,0,5
70.996,70.996,Scroll,Down,0,5
71.012,71.012,Scroll,Down,0,5
71.029,71.029,Scroll,Down,0,4
71.045,71.045,Scroll,Down,0,4
71.063,71.063,Scroll,Down,0,4
71.079,71.079,Scroll,Down,0,3
71.096,71.096,Scroll,Down,0,3
71.112,71.112,Scroll,Down,0,3
71.129,71.129,Scroll,Down,0,2
71.145,71.145,Scroll,Down,0,2
71.162,71.162,Scroll,Down,0,2
71.179,71.179,Scroll,Down,0,2
71.195,71.195,Scroll,Down,0,2
71.211,71.211,Scroll,Down,0,1
71.229,71.229,Scroll,Down,0,1
71.245,71.245,Scroll,Down,0,1
71.262,71.262,Scroll,Down,0,1
71.279,71.279,Scroll,Down,0,1
71.297,71.297,Scroll,Down,0,1
71.314,71.314,Scroll,Down,0,1
71.347,71.347,Scroll,Down,0,1
71.626,71.626,Scroll,Up,0,1
71.645,71.645,Scroll,Up,0,1
71.662,71.662,Scroll,Up,0,2
71.679,71.679,Scroll,Up,0,3
71.695,71.695,Scroll,Up,0,3
71.712,71.712,Scroll,Up,0,3
71.729,71.729,Scroll,Up,0,2
71.745,71.745,Scroll,Up,0,2
71.762,71.762,Scroll,Up,0,2
71.779,71.779,Scroll,Up,0,2
71.796,71.796,Scroll,Up,0,1
71.812,71.812,Scroll,Up,0,1
71.829,71.829,Scroll,Up,0,1
71.846,71.846,Scroll,Up,0,1
73.076,73.076,Scroll,Up,0,1
73.095,73.095,Scroll,Up,0,1
73.112,73.112,Scroll,Up,0,4
73.129,73.129,Scroll,Up,0,5
73.146,73.146,Scroll,Up,0,6
73.162,73.162,Scroll,Up,0,5
73.179,73.179,Scroll,Up,0,5
73.196,73.196,Scroll,Up,0,4
73.211,73.211,Scroll,Up,0,3
73.229,73.229,Scroll,Up,0,2
73.246,73.246,Scroll,Up,0,2
73.262,73.262,Scroll,Up,0,1
73.278,73.278,Scroll,Up,0,1
73.296,73.296,Scroll,Up,0,1
73.412,73.412,Scroll,Up,0,1
73.429,73.429,Scroll,Up,0,1
73.445,73.445,Scroll,Up,0,1
73.462,73.462,Scroll,Up,0,1
73.479,73.479,Scroll,Up,0,1
73.495,73.495,Scroll,Up,0,1
73.563,73.563,Scroll,Up,0,1
73.579,73.579,Scroll,Up,0,1
73.595,73.595,Scroll,Up,0,1
73.612,73.612,Scroll,Up,0,1
73.629,73.629,Scroll,Up,0,2
73.645,73.645,Scroll,Up,0,1
73.662,73.662,Scroll,Up,0,1
73.679,73.679,Scroll,Up,0,1
73.696,73.696,Scroll,Up,0,1
73.712,73.712,Scroll,Up,0,1
73.729,73.729,Scroll,Up,0,1
75.245,75.245,Scroll,Up,0,1
75.262,75.262,Scroll,Up,0,1
75.279,75.279,Scroll,Up,0,1
75.296,75.296,Scroll,Up,0,1
75.312,75.312,Scroll,Up,0,1
75.329,75.329,Scroll,Up,0,1
75.345,75.345,Scroll,Up,0,1
75.362,75.362,Scroll,Up,0,1
75.379,75.379,Scroll,Up,0,1
75.395,75.395,Scroll,Up,0,1
75.412,75.412,Scroll,Up,0,1
75.429,75.429,Scroll,Up,0,1
75.446,75.446,Scroll,Up,0,1
75.712,75.712,Scroll,Down,0,1
75.746,75.746,Scroll,Down,0,1
75.762,75.762,Scroll,Down,0,1
75.778,75.778,Scroll,Down,0,2
75.796,75.796,Scroll,Down,0,5
75.812,75.812,Scroll,Down,0,10
75.829,75.829,Scroll,Down,0,19
75.846,75.846,Scroll,Down,0,19
75.862,75.862,Scroll,Down,0,25
75.878,75.878,Scroll,Down,0,21
75.896,75.896,Scroll,Down,0,18
75.912,75.912,Scroll,Down,0,14
75.912,75.912,Scroll,Down,0,22
75.929,75.929,Scroll,Down,0,25
75.945,75.945,Scroll,Down,0,26
75.962,75.962,Scroll,Down,0,26
75.979,75.979,Scroll,Down,0,26
75.995,75.995,Scroll,Down,0,24
76.012,76.012,Scroll,Down,0,28
76.776,76.776,Scroll,Up,0,1
76.795,76.795,Scroll,Up,0,1
76.812,76.812,Scroll,Up,0,3
76.829,76.829,Scroll,Up,0,4
76.845,76.845,Scroll,Up,0,4
76.862,76.862,Scroll,Up,0,4
76.879,76.879,Scroll,Up,0,4
76.895,76.895,Scroll,Up,0,4
76.912,76.912,Scroll,Up,0,3
76.929,76.929,Scroll,Up,0,2
76.946,76.946,Scroll,Up,0,2
76.962,76.962,Scroll,Up,0,1
76.979,76.979,Scroll,Up,0,1
77.012,77.012,Scroll,Up,0,0
77.146,77.146,Scroll,Up,0,1
77.162,77.162,Scroll,Up,0,1
77.179,77.179,Scroll,Up,0,2
77.195,77.195,Scroll,Up,0,2
77.212,77.212,Scroll,Up,0,2
77.229,77.229,Scroll,Up,0,1
77.246,77.246,Scroll,Up,0,1
77.262,77.262,Scroll,Up,0,2
77.279,77.279,Scroll,Up,0,1
77.296,77.296,Scroll,Up,0,1
77.312,77.312,Scroll,Up,0,1
77.329,77.329,Scroll,Up,0,1
77.413,77.413,Scroll,Up,0,1
77.429,77.429,Scroll,Up,0,1
77.445,77.445,Scroll,Up,0,1
77.462,77.462,Scroll,Up,0,2
77.479,77.479,Scroll,Up,0,3
77.496,77.496,Scroll,Up,0,5
77.513,77.513,Scroll,Up,0,8
77.529,77.529,Scroll,Up,0,11
77.545,77.545,Scroll,Up,0,12
77.563,77.563,Scroll,Up,0,9
77.579,77.579,Scroll,Up,0,10
77.595,77.595,Scroll,Up,0,10
77.613,77.613,Scroll,Up,0,10
77.629,77.629,Scroll,Up,0,10
77.646,77.646,Scroll,Up,0,9
77.663,77.663,Scroll,Up,0,10
77.679,77.679,Scroll,Up,0,10
77.696,77.696,Scroll,Up,0,9
77.713,77.713,Scroll,Up,0,8
77.729,77.729,Scroll,Up,0,8
77.746,77.746,Scroll,Up,0,7
77.762,77.762,Scroll,Up,0,6
77.779,77.779,Scroll,Up,0,6
77.796,77.796,Scroll,Up,0,5
77.813,77.813,Scroll,Up,0,5
77.829,77.829,Scroll,Up,0,5
77.846,77.846,Scroll,Up,0,4
77.862,77.862,Scroll,Up,0,4
77.879,77.879,Scroll,Up,0,4
77.896,77.896,Scroll,Up,0,4
77.912,77.912,Scroll,Up,0,3
77.929,77.929,Scroll,Up,0,3
77.946,77.946,Scroll,Up,0,3
77.962,77.962,NoButton,Move,856,647
77.979,77.979,NoButton,Move,862,662
78.003,78.003,Scroll,Up,0,2
78.012,78.012,Scroll,Up,0,13
78.029,78.029,Scroll,Up,0,32
78.045,78.045,Scroll,Up,0,49
78.062,78.062,Scroll,Up,0,39
78.079,78.079,Scroll,Up,0,28
78.096,78.096,Scroll,Up,0,20
78.112,78.112,Scroll,Up,0,17
78.129,78.129,Scroll,Up,0,33
78.146,78.146,Scroll,Up,0,39
78.162,78.162,Scroll,Up,0,41
78.179,78.179,Scroll,Up,0,41
78.196,78.196,Scroll,Up,0,40
78.212,78.212,Scroll,Up,0,39
78.229,78.229,Scroll,Up,0,45
78.246,78.246,Scroll,Up,0,43
78.262,78.262,Scroll,Up,0,39
78.279,78.279,Scroll,Up,0,37
78.296,78.296,Scroll,Up,0,33
78.312,78.312,Scroll,Up,0,31
78.329,78.329,Scroll,Up,0,28
78.346,78.346,Scroll,Up,0,26
78.362,78.362,Scroll,Up,0,24
78.379,78.379,Scroll,Up,0,22
78.396,78.396,Scroll,Up,0,19
78.412,78.412,Scroll,Up,0,18
78.429,78.429,Scroll,Up,0,16
78.446,78.446,Scroll,Up,0,14
78.462,78.462,Scroll,Up,0,14
78.479,78.479,Scroll,Up,0,13
78.496,78.496,Scroll,Up,0,12
78.512,78.512,Scroll,Up,0,10
78.529,78.529,Scroll,Up,0,9
78.546,78.546,Scroll,Up,0,9
78.562,78.562,Scroll,Up,0,8
78.579,78.579,Scroll,Up,0,7
78.596,78.596,Scroll,Up,0,7
78.612,78.612,Scroll,Up,0,6
78.628,78.628,Scroll,Up,0,6
78.646,78.646,Scroll,Up,0,5
78.662,78.662,Scroll,Up,0,5
78.679,78.679,Scroll,Up,0,5
78.775,78.775,Scroll,Up,0,1
78.795,78.795,Scroll,Up,0,14
78.812,78.812,Scroll,Up,0,31
78.829,78.829,Scroll,Up,0,35
78.846,78.846,Scroll,Up,0,38
78.862,78.862,Scroll,Up,0,21
78.879,78.879,Scroll,Up,0,17
78.896,78.896,Scroll,Up,0,40
78.913,78.913,Scroll,Up,0,47
78.929,78.929,Scroll,Up,0,49
78.946,78.946,Scroll,Up,0,49
78.963,78.963,Scroll,Up,0,49
78.979,78.979,Scroll,Up,0,46
78.996,78.996,Scroll,Up,0,49
79.012,79.012,Scroll,Up,0,49
79.029,79.029,Scroll,Up,0,45
79.046,79.046,Scroll,Up,0,41
79.062,79.062,Scroll,Up,0,38
79.079,79.079,Scroll,Up,0,35
79.096,79.096,Scroll,Up,0,32
79.112,79.112,Scroll,Up,0,30
79.129,79.129,Scroll,Up,0,27
79.146,79.146,Scroll,Up,0,24
79.162,79.162,Scroll,Up,0,22
79.179,79.179,Scroll,Up,0,20
79.196,79.196,Scroll,Up,0,19
79.213,79.213,Scroll,Up,0,17
79.229,79.229,Scroll,Up,0,16
79.246,79.246,Scroll,Up,0,14
79.262,79.262,Scroll,Up,0,13
79.279,79.279,Scroll,Up,0,12
79.296,79.296,Scroll,Up,0,11
79.312,79.312,Scroll,Up,0,10
79.329,79.329,Scroll,Up,0,9
79.346,79.346,Scroll,Up,0,8
79.362,79.362,Scroll,Up,0,8
79.379,79.379,Scroll,Up,0,7
79.396,79.396,Scroll,Up,0,7
79.412,79.412,Scroll,Up,0,6
79.429,79.429,Scroll,Up,0,6
79.446,79.446,Scroll,Up,0,5
79.462,79.462,Scroll,Up,0,5
79.479,79.479,Scroll,Up,0,5
79.496,79.496,Scroll,Up,0,4
79.512,79.512,Scroll,Up,0,4
79.529,79.529,Scroll,Up,0,4
79.545,79.545,Scroll,Up,0,3
79.562,79.562,Scroll,Up,0,3
79.579,79.579,Scroll,Up,0,3
79.596,79.596,Scroll,Up,0,3
79.612,79.612,Scroll,Up,0,2
79.629,79.629,Scroll,Up,0,2
79.646,79.646,Scroll,Up,0,2
79.662,79.662,Scroll,Up,0,2
79.679,79.679,Scroll,Up,0,2
79.695,79.695,Scroll,Up,0,1
79.712,79.712,Scroll,Up,0,1
79.729,79.729,Scroll,Up,0,1
79.746,79.746,Scroll,Up,0,1
79.763,79.763,Scroll,Up,0,1
79.796,79.796,Scroll,Up,0,1
79.812,79.812,Scroll,Up,0,1
79.829,79.829,Scroll,Up,0,1
83.675,83.675,NoButton,Move,862,663
83.696,83.696,NoButton,Move,863,664
83.712,83.712,NoButton,Move,865,666
83.729,83.729,NoButton,Move,867,669
83.746,83.746,NoButton,Move,870,671
83.762,83.762,NoButton,Move,874,675
83.779,83.779,NoButton,Move,879,678
83.796,83.796,NoButton,Move,884,681
83.813,83.813,NoButton,Move,895,687
83.829,83.829,NoButton,Move,904,690
83.846,83.846,NoButton,Move,908,692
83.866,83.866,NoButton,Move,924,696
83.879,83.879,NoButton,Move,934,699
83.895,83.895,NoButton,Move,940,702
83.912,83.912,NoButton,Move,943,703
84.214,84.214,NoButton,Move,944,703
84.229,84.229,NoButton,Move,947,703
84.246,84.246,NoButton,Move,960,703
84.262,84.262,NoButton,Move,965,703
84.279,84.279,NoButton,Move,988,704
84.296,84.296,NoButton,Move,1004,707
84.312,84.312,NoButton,Move,1019,711
84.329,84.329,NoButton,Move,1030,714
84.346,84.346,NoButton,Move,1036,717
84.885,84.885,Scroll,Down,0,1
84.895,84.895,Scroll,Down,0,2
84.929,84.929,Scroll,Down,0,4
84.945,84.945,Scroll,Down,0,1
84.962,84.962,Scroll,Down,0,1
84.979,84.979,Scroll,Down,0,1
84.996,84.996,Scroll,Down,0,1
85.012,85.012,Scroll,Down,0,1
85.028,85.028,Scroll,Down,0,1
85.046,85.046,Scroll,Down,0,1
85.062,85.062,Scroll,Down,0,1
85.079,85.079,Scroll,Down,0,1
85.096,85.096,Scroll,Down,0,1
85.112,85.112,Scroll,Down,0,1
85.129,85.129,Scroll,Down,0,1
85.146,85.146,Scroll,Down,0,1
85.162,85.162,Scroll,Down,0,2
85.179,85.179,Scroll,Down,0,3
85.196,85.196,Scroll,Down,0,3
85.212,85.212,Scroll,Down,0,3
85.229,85.229,Scroll,Down,0,4
85.246,85.246,Scroll,Down,0,4
85.262,85.262,Scroll,Down,0,4
85.279,85.279,Scroll,Down,0,4
85.296,85.296,Scroll,Down,0,4
85.312,85.312,Scroll,Down,0,4
85.329,85.329,Scroll,Down,0,3
85.346,85.346,Scroll,Down,0,3
85.362,85.362,Scroll,Down,0,2
85.378,85.378,Scroll,Down,0,1
85.396,85.396,Scroll,Down,0,1
85.412,85.412,Scroll,Down,0,1
85.463,85.463,Scroll,Up,0,0
85.745,85.745,Scroll,Down,0,1
85.762,85.762,Scroll,Down,0,1
85.779,85.779,Scroll,Down,0,1
85.796,85.796,Scroll,Down,0,1
85.812,85.812,Scroll,Down,0,1
85.829,85.829,Scroll,Down,0,1
85.845,85.845,Scroll,Down,0,1
85.862,85.862,Scroll,Down,0,1
85.879,85.879,Scroll,Up,0,0
85.929,85.929,Scroll,Down,0,1
85.946,85.946,Scroll,Down,0,1
85.963,85.963,Scroll,Down,0,2
85.979,85.979,Scroll,Down,0,4
85.996,85.996,Scroll,Down,0,7
86.013,86.013,Scroll,Down,0,11
86.029,86.029,Scroll,Down,0,13
86.046,86.046,Scroll,Down,0,16
86.062,86.062,Scroll,Down,0,17
86.079,86.079,Scroll,Down,0,18
86.096,86.096,Scroll,Down,0,19
86.112,86.112,Scroll,Down,0,20
86.129,86.129,Scroll,Down,0,19
86.146,86.146,Scroll,Down,0,19
86.163,86.163,Scroll,Down,0,19
86.179,86.179,Scroll,Down,0,21
86.196,86.196,Scroll,Down,0,19
86.793,86.793,Scroll,Down,0,1
86.812,86.812,Scroll,Down,0,7
86.829,86.829,Scroll,Down,0,11
86.846,86.846,Scroll,Down,0,21
86.862,86.862,Scroll,Down,0,29
86.879,86.879,Scroll,Down,0,30
86.896,86.896,Scroll,Down,0,23
86.912,86.912,Scroll,Down,0,23
86.929,86.929,Scroll,Down,0,16
86.945,86.945,Scroll,Down,0,28
86.962,86.962,Scroll,Down,0,31
86.979,86.979,Scroll,Down,0,33
86.996,86.996,Scroll,Down,0,33
87.012,87.012,Scroll,Down,0,33
87.029,87.029,Scroll,Down,0,32
88.91,88.91,Scroll,Down,0,1
88.929,88.929,Scroll,Down,0,4
88.946,88.946,Scroll,Down,0,7
88.979,88.979,Scroll,Down,0,26
88.996,88.996,Scroll,Down,0,11
89.012,89.012,Scroll,Down,0,11
89.012,89.012,Scroll,Down,0,13
89.029,89.029,Scroll,Down,0,13
89.046,89.046,Scroll,Down,0,14
89.062,89.062,Scroll,Down,0,13
89.079,89.079,Scroll,Down,0,13
89.096,89.096,Scroll,Down,0,13
89.112,89.112,Scroll,Down,0,14
89.129,89.129,Scroll,Down,0,13
89.146,89.146,Scroll,Down,0,13
89.162,89.162,Scroll,Down,0,11
89.179,89.179,Scroll,Down,0,10
89.196,89.196,Scroll,Down,0,9
89.212,89.212,Scroll,Down,0,9
89.229,89.229,Scroll,Down,0,8
89.246,89.246,Scroll,Down,0,7
91.346,91.346,Scroll,Down,0,1
91.362,91.362,Scroll,Down,0,2
91.379,91.379,Scroll,Down,0,5
91.809,91.809,Scroll,Down,0,1
91.829,91.829,Scroll,Down,0,8
91.845,91.845,Scroll,Down,0,12
91.862,91.862,Scroll,Down,0,20
91.879,91.879,Scroll,Down,0,31
91.895,91.895,Scroll,Down,0,33
91.912,91.912,Scroll,Down,0,54
91.929,91.929,Scroll,Down,0,62
91.946,91.946,Scroll,Down,0,64
91.962,91.962,Scroll,Down,0,64
91.979,91.979,Scroll,Down,0,61
91.996,91.996,Scroll,Down,0,59
92.012,92.012,Scroll,Down,0,61
92.029,92.029,Scroll,Down,0,58
92.045,92.045,Scroll,Down,0,55
92.062,92.062,Scroll,Down,0,51
92.079,92.079,Scroll,Down,0,47
92.096,92.096,Scroll,Down,0,43
92.112,92.112,Scroll,Down,0,40
92.129,92.129,Scroll,Down,0,37
92.146,92.146,Scroll,Down,0,34
92.162,92.162,Scroll,Down,0,31
92.179,92.179,Scroll,Down,0,28
92.196,92.196,Scroll,Down,0,26
92.212,92.212,Scroll,Down,0,24
92.229,92.229,Scroll,Down,0,22
92.246,92.246,Scroll,Down,0,20
92.262,92.262,Scroll,Down,0,19
92.279,92.279,Scroll,Down,0,17
92.296,92.296,Scroll,Down,0,16
92.312,92.312,Scroll,Down,0,14
92.329,92.329,Scroll,Down,0,13
92.345,92.345,Scroll,Down,0,12
92.363,92.363,Scroll,Down,0,11
92.378,92.378,Scroll,Down,0,10
92.396,92.396,Scroll,Down,0,9
92.411,92.411,Scroll,Down,0,8
92.429,92.429,Scroll,Down,0,8
92.446,92.446,Scroll,Down,0,7
92.462,92.462,Scroll,Down,0,6
92.479,92.479,Scroll,Down,0,6
92.495,92.495,Scroll,Down,0,5
92.513,92.513,Scroll,Down,0,5
92.535,92.535,Scroll,Down,0,5
92.593,92.593,Scroll,Down,0,1
92.612,92.612,Scroll,Down,0,6
92.629,92.629,Scroll,Down,0,17
92.646,92.646,Scroll,Down,0,32
92.662,92.662,Scroll,Down,0,51
92.679,92.679,Scroll,Down,0,74
92.696,92.696,Scroll,Down,0,83
92.712,92.712,Scroll,Down,0,84
92.729,92.729,Scroll,Down,0,83
92.746,92.746,Scroll,Down,0,80
92.762,92.762,Scroll,Down,0,77
92.779,92.779,Scroll,Down,0,78
92.796,92.796,Scroll,Down,0,74
92.812,92.812,Scroll,Down,0,70
92.829,92.829,Scroll,Down,0,64
92.846,92.846,Scroll,Down,0,60
92.862,92.862,Scroll,Down,0,57
92.879,92.879,Scroll,Down,0,53
92.896,92.896,Scroll,Down,0,49
92.912,92.912,Scroll,Down,0,45
92.929,92.929,Scroll,Down,0,41
92.946,92.946,Scroll,Down,0,39
92.962,92.962,Scroll,Down,0,36
92.979,92.979,Scroll,Down,0,33
92.996,92.996,Scroll,Down,0,30
93.012,93.012,Scroll,Down,0,28
93.029,93.029,Scroll,Down,0,26
93.046,93.046,Scroll,Down,0,22
93.062,93.062,Scroll,Down,0,21
93.079,93.079,Scroll,Down,0,19
93.096,93.096,Scroll,Down,0,17
93.112,93.112,Scroll,Down,0,16
93.129,93.129,Scroll,Down,0,14
93.145,93.145,Scroll,Down,0,13
93.162,93.162,Scroll,Down,0,12
93.179,93.179,Scroll,Down,0,11
93.195,93.195,Scroll,Down,0,10
93.212,93.212,Scroll,Down,0,9
93.229,93.229,Scroll,Down,0,8
93.246,93.246,Scroll,Down,0,8
93.262,93.262,Scroll,Down,0,7
93.279,93.279,Scroll,Down,0,7
93.295,93.295,Scroll,Down,0,6
93.312,93.312,Scroll,Down,0,6
93.329,93.329,Scroll,Down,0,5
93.346,93.346,Scroll,Down,0,5
93.362,93.362,Scroll,Down,0,5
93.379,93.379,Scroll,Down,0,4
93.396,93.396,Scroll,Down,0,4
93.412,93.412,Scroll,Down,0,4
93.429,93.429,Scroll,Down,0,3
93.445,93.445,Scroll,Down,0,3
93.462,93.462,Scroll,Down,0,3
93.479,93.479,Scroll,Down,0,2
93.526,93.526,Scroll,Up,0,1
93.545,93.545,Scroll,Up,0,11
93.562,93.562,Scroll,Up,0,29
93.579,93.579,Scroll,Up,0,40
93.596,93.596,Scroll,Up,0,50
93.613,93.613,Scroll,Up,0,49
93.629,93.629,Scroll,Up,0,41
93.646,93.646,Scroll,Up,0,30
93.646,93.646,Scroll,Up,0,58
93.662,93.662,Scroll,Up,0,69
93.679,93.679,Scroll,Up,0,72
93.696,93.696,Scroll,Up,0,71
93.713,93.713,Scroll,Up,0,69
93.729,93.729,Scroll,Up,0,66
93.746,93.746,Scroll,Up,0,70
93.762,93.762,Scroll,Up,0,66
93.779,93.779,Scroll,Up,0,62
93.796,93.796,Scroll,Up,0,58
93.813,93.813,Scroll,Up,0,53
93.829,93.829,Scroll,Up,0,51
93.846,93.846,Scroll,Up,0,47
93.863,93.863,Scroll,Up,0,43
93.879,93.879,Scroll,Up,0,39
93.896,93.896,Scroll,Up,0,37
93.912,93.912,Scroll,Up,0,34
93.929,93.929,Scroll,Up,0,31
93.946,93.946,Scroll,Up,0,28
93.963,93.963,Scroll,Up,0,26
93.979,93.979,Scroll,Up,0,24
93.996,93.996,Scroll,Up,0,22
94.012,94.012,Scroll,Up,0,19
94.029,94.029,Scroll,Up,0,18
94.046,94.046,Scroll,Up,0,16
94.063,94.063,Scroll,Up,0,15
94.079,94.079,Scroll,Up,0,14
94.096,94.096,Scroll,Up,0,13
94.113,94.113,Scroll,Up,0,12
94.163,94.163,Scroll,Up,0,5
94.179,94.179,Scroll,Up,0,9
94.196,94.196,Scroll,Up,0,25
94.212,94.212,Scroll,Up,0,31
94.229,94.229,Scroll,Up,0,32
94.246,94.246,Scroll,Up,0,19
94.263,94.263,Scroll,Up,0,43
94.279,94.279,Scroll,Up,0,50
94.296,94.296,Scroll,Up,0,52
94.311,94.311,Scroll,Up,0,53
94.329,94.329,Scroll,Up,0,51
94.346,94.346,Scroll,Up,0,49
94.362,94.362,Scroll,Up,0,53
94.384,94.384,Scroll,Up,0,51
94.395,94.395,Scroll,Up,0,47
94.412,94.412,Scroll,Up,0,43
94.429,94.429,Scroll,Up,0,40
94.445,94.445,Scroll,Up,0,37
94.462,94.462,Scroll,Up,0,34
94.479,94.479,Scroll,Up,0,31
94.495,94.495,Scroll,Up,0,28
94.512,94.512,Scroll,Up,0,26
94.529,94.529,Scroll,Up,0,24
94.545,94.545,Scroll,Up,0,22
94.562,94.562,Scroll,Up,0,20
94.579,94.579,Scroll,Up,0,19
94.595,94.595,Scroll,Up,0,17
94.612,94.612,Scroll,Up,0,16
94.629,94.629,Scroll,Up,0,14
94.645,94.645,Scroll,Up,0,13
94.662,94.662,Scroll,Up,0,12
94.679,94.679,Scroll,Up,0,11
94.696,94.696,Scroll,Up,0,10
94.712,94.712,Scroll,Up,0,9
94.729,94.729,Scroll,Up,0,8
94.746,94.746,Scroll,Up,0,8
94.762,94.762,Scroll,Up,0,7
94.779,94.779,Scroll,Up,0,6
94.796,94.796,Scroll,Up,0,6
94.812,94.812,Scroll,Up,0,5
94.829,94.829,Scroll,Up,0,5
94.846,94.846,Scroll,Up,0,5
94.863,94.863,Scroll,Up,0,4
94.878,94.878,Scroll,Up,0,4
94.896,94.896,Scroll,Up,0,4
94.912,94.912,Scroll,Up,0,4
94.929,94.929,Scroll,Up,0,3
94.946,94.946,Scroll,Up,0,3
94.962,94.962,Scroll,Up,0,3
94.979,94.979,Scroll,Up,0,3
94.996,94.996,Scroll,Up,0,2
95.013,95.013,Scroll,Up,0,2
95.029,95.029,Scroll,Up,0,2
95.046,95.046,Scroll,Up,0,2
95.063,95.063,Scroll,Up,0,1
95.08,95.08,Scroll,Up,0,1
95.096,95.096,Scroll,Up,0,1
95.113,95.113,Scroll,Up,0,1
95.129,95.129,Scroll,Up,0,1
95.146,95.146,Scroll,Up,0,1
95.179,95.179,Scroll,Up,0,1
95.196,95.196,Scroll,Up,0,1
95.312,95.312,NoButton,Move,1036,717
95.329,95.329,NoButton,Move,1036,713
95.346,95.346,NoButton,Move,1033,709
95.362,95.362,NoButton,Move,1030,702
95.379,95.379,NoButton,Move,1026,693
95.395,95.395,NoButton,Move,1023,686
95.412,95.412,NoButton,Move,1021,682
95.429,95.429,NoButton,Move,1019,677
95.445,95.445,NoButton,Move,1018,674
95.462,95.462,NoButton,Move,1018,671
95.479,95.479,NoButton,Move,1017,668
95.497,95.497,NoButton,Move,1017,665
95.512,95.512,NoButton,Move,1016,660
95.529,95.529,NoButton,Move,1015,657
95.546,95.546,NoButton,Move,1014,652
95.562,95.562,NoButton,Move,1010,645
97.66,97.66,Scroll,Down,0,1
97.679,97.679,Scroll,Down,0,3
97.696,97.696,Scroll,Down,0,2
97.729,97.729,Scroll,Down,0,4
97.745,97.745,Scroll,Down,0,2
97.763,97.763,Scroll,Down,0,1
97.779,97.779,Scroll,Down,0,1
97.796,97.796,Scroll,Down,0,1
97.812,97.812,Scroll,Down,0,1
97.862,97.862,Scroll,Down,0,1
97.879,97.879,Scroll,Down,0,1
98.162,98.162,Scroll,Down,0,1
98.179,98.179,Scroll,Down,0,1
98.195,98.195,Scroll,Down,0,1
98.213,98.213,Scroll,Down,0,2
98.229,98.229,Scroll,Down,0,2
98.246,98.246,Scroll,Down,0,2
98.263,98.263,Scroll,Down,0,2
98.279,98.279,Scroll,Down,0,2
98.296,98.296,Scroll,Down,0,2
98.312,98.312,Scroll,Down,0,2
98.329,98.329,Scroll,Down,0,1
98.346,98.346,Scroll,Down,0,1
98.366,98.366,Scroll,Down,0,1
98.379,98.379,Scroll,Down,0,1
99.062,99.062,Scroll,Down,0,1
99.396,99.396,Scroll,Down,0,1
99.412,99.412,Scroll,Down,0,2
99.428,99.428,Scroll,Down,0,2
99.446,99.446,Scroll,Down,0,4
99.462,99.462,Scroll,Down,0,5
99.479,99.479,Scroll,Down,0,5
99.496,99.496,Scroll,Down,0,6
99.513,99.513,Scroll,Down,0,8
99.529,99.529,Scroll,Down,0,8
99.546,99.546,Scroll,Down,0,8
99.562,99.562,Scroll,Down,0,6
99.579,99.579,Scroll,Down,0,5
99.596,99.596,Scroll,Down,0,4
99.613,99.613,Scroll,Down,0,6
99.629,99.629,Scroll,Down,0,6
99.646,99.646,Scroll,Down,0,6
99.663,99.663,Scroll,Down,0,6
99.679,99.679,Scroll,Down,0,6
99.696,99.696,Scroll,Down,0,6
99.713,99.713,Scroll,Down,0,6
99.73,99.73,Scroll,Down,0,6
99.746,99.746,Scroll,Down,0,5
99.762,99.762,Scroll,Down,0,5
99.779,99.779,Scroll,Down,0,5
99.796,99.796,Scroll,Down,0,4
99.813,99.813,Scroll,Down,0,4
99.829,99.829,Scroll,Down,0,4
99.846,99.846,Scroll,Down,0,3
99.862,99.862,Scroll,Down,0,3
99.879,99.879,Scroll,Down,0,3
99.896,99.896,Scroll,Down,0,2
99.913,99.913,Scroll,Down,0,2
99.929,99.929,Scroll,Down,0,2
99.946,99.946,Scroll,Down,0,2
99.963,99.963,Scroll,Down,0,2
99.979,99.979,Scroll,Down,0,1
99.996,99.996,Scroll,Down,0,1
100.013,100.013,Scroll,Down,0,1
100.029,100.029,Scroll,Down,0,1
100.046,100.046,Scroll,Down,0,1
100.066,100.066,Scroll,Down,0,1
100.083,100.083,Scroll,Down,0,1
100.099,100.099,Scroll,Down,0,1
100.542,100.542,Scroll,Down,0,1
100.562,100.562,Scroll,Down,0,5
100.579,100.579,Scroll,Down,0,14
100.596,100.596,Scroll,Down,0,21
100.613,100.613,Scroll,Down,0,28
100.629,100.629,Scroll,Down,0,33
100.646,100.646,Scroll,Down,0,58
100.663,100.663,Scroll,Down,0,66
100.68,100.68,Scroll,Down,0,67
100.697,100.697,Scroll,Down,0,66
100.713,100.713,Scroll,Down,0,65
100.73,100.73,Scroll,Down,0,62
100.746,100.746,Scroll,Down,0,64
100.762,100.762,Scroll,Down,0,61
101.499,101.499,NoButton,Move,1011,645
101.512,101.512,NoButton,Move,1011,644
101.529,101.529,NoButton,Move,1014,643
101.546,101.546,NoButton,Move,1016,641
101.563,101.563,NoButton,Move,1018,639
101.579,101.579,NoButton,Move,1020,637
101.596,101.596,NoButton,Move,1021,636
101.612,101.612,NoButton,Move,1021,635
101.629,101.629,NoButton,Move,1021,634
101.646,101.646,NoButton,Move,1021,631
101.663,101.663,NoButton,Move,1021,628
101.679,101.679,NoButton,Move,1021,625
101.695,101.695,NoButton,Move,1021,622
101.712,101.712,NoButton,Move,1021,619
101.729,101.729,NoButton,Move,1021,616
101.745,101.745,NoButton,Move,1021,614
101.762,101.762,NoButton,Move,1021,614
102.752,102.752,NoButton,Move,1021,614
102.762,102.762,NoButton,Move,1023,614
102.779,102.779,NoButton,Move,1030,614
102.796,102.796,NoButton,Move,1039,614
102.812,102.812,NoButton,Move,1047,616
102.829,102.829,NoButton,Move,1055,618
102.846,102.846,NoButton,Move,1059,620
102.862,102.862,NoButton,Move,1063,621
102.879,102.879,NoButton,Move,1063,622
102.896,102.896,NoButton,Move,1063,622
105.86,105.86,Scroll,Down,0,1
105.879,105.879,Scroll,Down,0,3
105.896,105.896,Scroll,Down,0,10
105.912,105.912,Scroll,Down,0,17
105.929,105.929,Scroll,Down,0,21
105.946,105.946,Scroll,Down,0,25
105.962,105.962,Scroll,Down,0,28
105.979,105.979,Scroll,Down,0,29
105.996,105.996,Scroll,Down,0,29
106.012,106.012,Scroll,Down,0,28
106.029,106.029,Scroll,Down,0,27
106.046,106.046,Scroll,Down,0,30
109.411,109.411,Scroll,Up,0,1
109.412,109.412,Scroll,Up,0,3
109.429,109.429,Scroll,Up,0,17
109.446,109.446,Scroll,Up,0,45
109.462,109.462,Scroll,Up,0,55
109.479,109.479,Scroll,Up,0,67
109.496,109.496,Scroll,Up,0,97
109.512,109.512,Scroll,Up,0,105
109.529,109.529,Scroll,Up,0,105
109.546,109.546,Scroll,Up,0,102
109.562,109.562,Scroll,Up,0,98
109.579,109.579,Scroll,Up,0,94
109.596,109.596,Scroll,Up,0,92
109.613,109.613,Scroll,Up,0,87
109.629,109.629,Scroll,Up,0,82
109.646,109.646,Scroll,Up,0,79
109.663,109.663,Scroll,Up,0,74
109.679,109.679,Scroll,Up,0,68
109.696,109.696,Scroll,Up,0,64
109.712,109.712,Scroll,Up,0,60
109.729,109.729,Scroll,Up,0,56
109.746,109.746,Scroll,Up,0,53
109.763,109.763,Scroll,Up,0,49
109.779,109.779,Scroll,Up,0,45
109.802,109.802,Scroll,Up,0,41
109.852,109.852,NoButton,Move,1043,620
109.869,109.869,NoButton,Move,988,607
109.885,109.885,NoButton,Move,880,578
109.902,109.902,NoButton,Move,679,490
109.918,109.918,NoButton,Move,493,385
109.935,109.935,NoButton,Move,379,312
109.952,109.952,NoButton,Move,297,256
109.968,109.968,NoButton,Move,271,239
109.985,109.985,NoButton,Move,249,226
110.179,110.179,NoButton,Move,216,210
110.202,110.202,NoButton,Move,172,185
110.219,110.219,NoButton,Move,127,162
110.235,110.235,NoButton,Move,88,148
110.252,110.252,NoButton,Move,55,141
110.279,110.279,NoButton,Move,33,141
110.296,110.296,NoButton,Move,29,147
110.313,110.313,NoButton,Move,27,154
110.329,110.329,NoButton,Move,27,160
110.346,110.346,NoButton,Move,27,167
110.363,110.363,NoButton,Move,29,170
110.379,110.379,NoButton,Move,34,177
110.396,110.396,NoButton,Move,43,189
110.413,110.413,NoButton,Move,51,197
110.429,110.429,NoButton,Move,57,205
110.446,110.446,NoButton,Move,61,209
110.462,110.462,NoButton,Move,65,214
110.479,110.479,NoButton,Move,68,217
110.496,110.496,NoButton,Move,69,218
110.512,110.512,NoButton,Move,70,219
110.529,110.529,NoButton,Move,71,221
110.546,110.546,NoButton,Move,72,222
110.563,110.563,NoButton,Move,73,223
110.578,110.578,Left,Pressed,73,223
110.596,110.596,NoButton,Move,73,223
110.709,110.709,Left,Released,73,223
111.098,111.098,NoButton,Move,74,223
111.112,111.112,NoButton,Move,80,225
111.129,111.129,NoButton,Move,89,229
111.146,111.146,NoButton,Move,111,239
111.163,111.163,NoButton,Move,154,259
111.18,111.18,NoButton,Move,204,281
111.196,111.196,NoButton,Move,294,319
111.213,111.213,NoButton,Move,357,343
111.228,111.228,NoButton,Move,448,377
111.246,111.246,NoButton,Move,498,394
111.262,111.262,NoButton,Move,526,404
111.499,111.499,NoButton,Move,527,404
111.513,111.513,NoButton,Move,530,404
111.529,111.529,NoButton,Move,541,404
111.546,111.546,NoButton,Move,564,404
111.563,111.563,NoButton,Move,635,404
111.579,111.579,NoButton,Move,698,408
111.596,111.596,NoButton,Move,768,416
111.612,111.612,NoButton,Move,813,424
111.629,111.629,NoButton,Move,849,428
111.646,111.646,NoButton,Move,881,433
111.916,111.916,NoButton,Move,881,433
111.929,111.929,NoButton,Move,886,433
111.946,111.946,NoButton,Move,900,433
111.962,111.962,NoButton,Move,926,433
111.979,111.979,NoButton,Move,966,433
111.996,111.996,NoButton,Move,1015,433
112.012,112.012,NoButton,Move,1087,445
112.029,112.029,NoButton,Move,1100,449
114.601,114.601,NoButton,Move,1100,449
114.613,114.613,NoButton,Move,1099,449
114.629,114.629,NoButton,Move,1096,447
114.646,114.646,NoButton,Move,1093,445
114.663,114.663,NoButton,Move,1090,444
114.679,114.679,NoButton,Move,1088,442
114.696,114.696,NoButton,Move,1087,441
114.713,114.713,NoButton,Move,1085,440
114.729,114.729,NoButton,Move,1084,439
114.746,114.746,NoButton,Move,1083,438
114.763,114.763,NoButton,Move,1083,438
114.779,114.779,NoButton,Move,1081,437
114.796,114.796,NoButton,Move,1080,436
114.813,114.813,NoButton,Move,1061,429
114.846,114.846,NoButton,Move,935,401
114.861,114.861,NoButton,Move,843,386
114.879,114.879,NoButton,Move,777,378
114.896,114.896,NoButton,Move,694,375
114.912,114.912,NoButton,Move,645,375
114.929,114.929,NoButton,Move,618,378
115.165,115.165,NoButton,Move,617,378
115.179,115.179,NoButton,Move,615,380
115.196,115.196,NoButton,Move,608,385
115.213,115.213,NoButton,Move,593,394
115.229,115.229,NoButton,Move,538,413
115.247,115.247,NoButton,Move,491,418
115.263,115.263,NoButton,Move,454,419
115.279,115.279,NoButton,Move,412,419
115.296,115.296,NoButton,Move,391,419
115.312,115.312,NoButton,Move,370,419
115.329,115.329,NoButton,Move,362,419
115.346,115.346,NoButton,Move,353,419
115.362,115.362,NoButton,Move,349,419
115.379,115.379,NoButton,Move,345,419
115.396,115.396,NoButton,Move,343,418
115.413,115.413,NoButton,Move,341,418
115.429,115.429,NoButton,Move,341,418
115.446,115.446,NoButton,Move,341,418
115.593,115.593,Left,Pressed,341,418
115.81,115.81,Left,Released,341,418
116.063,116.063,NoButton,Move,342,418
116.079,116.079,NoButton,Move,346,418
116.095,116.095,NoButton,Move,360,420
116.112,116.112,NoButton,Move,389,428
116.129,116.129,NoButton,Move,437,444
116.145,116.145,NoButton,Move,467,456
116.162,116.162,NoButton,Move,502,468
116.179,116.179,NoButton,Move,520,475
116.196,116.196,NoButton,Move,531,479
116.212,116.212,NoButton,Move,540,482
116.229,116.229,NoButton,Move,543,483
116.246,116.246,NoButton,Move,544,484
116.263,116.263,NoButton,Move,545,485
116.279,116.279,NoButton,Move,545,485
116.296,116.296,NoButton,Move,545,485
116.312,116.312,NoButton,Move,547,485
116.329,116.329,NoButton,Move,548,485
117.383,117.383,NoButton,Move,550,486
117.396,117.396,NoButton,Move,553,491
117.412,117.412,NoButton,Move,570,504
117.429,117.429,NoButton,Move,596,522
117.446,117.446,NoButton,Move,626,538
117.463,117.463,NoButton,Move,646,547
117.479,117.479,NoButton,Move,668,555
117.496,117.496,NoButton,Move,684,559
117.512,117.512,NoButton,Move,696,561
117.529,117.529,NoButton,Move,700,561
117.546,117.546,NoButton,Move,703,562
117.562,117.562,NoButton,Move,704,562
117.579,117.579,NoButton,Move,705,563
117.596,117.596,NoButton,Move,705,563
117.612,117.612,NoButton,Move,705,563
117.629,117.629,NoButton,Move,705,564
117.646,117.646,NoButton,Move,706,564
117.662,117.662,NoButton,Move,706,565
117.693,117.693,Left,Pressed,706,565
117.803,117.803,Left,Released,706,565
120.534,120.534,NoButton,Move,706,566
120.546,120.546,NoButton,Move,707,574
120.562,120.562,NoButton,Move,716,585
120.579,120.579,NoButton,Move,734,598
120.596,120.596,NoButton,Move,759,611
120.613,120.613,NoButton,Move,785,623
120.629,120.629,NoButton,Move,811,632
120.646,120.646,NoButton,Move,836,640
120.663,120.663,NoButton,Move,853,644
120.679,120.679,NoButton,Move,865,648
120.696,120.696,NoButton,Move,874,651
120.712,120.712,NoButton,Move,879,653
120.729,120.729,NoButton,Move,882,653
120.746,120.746,NoButton,Move,883,653
120.763,120.763,NoButton,Move,883,653
120.779,120.779,NoButton,Move,883,653
120.796,120.796,NoButton,Move,883,652
120.813,120.813,NoButton,Move,882,650
120.829,120.829,NoButton,Move,880,649
120.846,120.846,NoButton,Move,877,647
120.862,120.862,NoButton,Move,872,643
120.879,120.879,NoButton,Move,869,642
120.896,120.896,NoButton,Move,866,640
120.912,120.912,NoButton,Move,863,639
120.929,120.929,NoButton,Move,863,638
120.943,120.943,Left,Pressed,863,638
120.979,120.979,NoButton,Move,862,638
121.243,121.243,Left,Released,862,638
125.071,125.071,NoButton,Move,862,638
125.129,125.129,NoButton,Move,862,638
125.146,125.146,NoButton,Move,859,638
125.162,125.162,NoButton,Move,825,634
125.18,125.18,NoButton,Move,777,631
125.196,125.196,NoButton,Move,716,630
125.213,125.213,NoButton,Move,650,629
125.229,125.229,NoButton,Move,588,620
125.246,125.246,NoButton,Move,535,607
125.262,125.262,NoButton,Move,507,597
125.279,125.279,NoButton,Move,486,586
125.296,125.296,NoButton,Move,468,575
125.529,125.529,NoButton,Move,467,575
125.546,125.546,NoButton,Move,457,571
125.562,125.562,NoButton,Move,442,563
125.579,125.579,NoButton,Move,411,548
125.596,125.596,NoButton,Move,364,524
125.612,125.612,NoButton,Move,311,492
125.629,125.629,NoButton,Move,275,469
125.646,125.646,NoButton,Move,248,452
125.662,125.662,NoButton,Move,225,439
125.679,125.679,NoButton,Move,210,432
125.696,125.696,NoButton,Move,199,428
125.712,125.712,NoButton,Move,188,426
125.729,125.729,NoButton,Move,177,424
125.746,125.746,NoButton,Move,166,421
125.763,125.763,NoButton,Move,155,418
125.779,125.779,NoButton,Move,145,415
125.796,125.796,NoButton,Move,137,413
125.812,125.812,NoButton,Move,129,411
125.829,125.829,NoButton,Move,118,406
125.846,125.846,NoButton,Move,108,397
125.863,125.863,NoButton,Move,99,386
125.879,125.879,NoButton,Move,90,372
125.895,125.895,NoButton,Move,84,358
125.912,125.912,NoButton,Move,79,345
125.929,125.929,NoButton,Move,78,339
125.946,125.946,NoButton,Move,78,333
125.962,125.962,NoButton,Move,78,330
125.979,125.979,NoButton,Move,78,327
125.996,125.996,NoButton,Move,78,326
126.012,126.012,NoButton,Move,79,323
126.029,126.029,NoButton,Move,80,320
126.046,126.046,NoButton,Move,81,314
126.062,126.062,NoButton,Move,83,306
126.079,126.079,NoButton,Move,86,297
126.096,126.096,NoButton,Move,89,287
126.113,126.113,NoButton,Move,93,279
126.129,126.129,NoButton,Move,96,273
126.146,126.146,NoButton,Move,98,270
126.163,126.163,NoButton,Move,98,269
126.179,126.179,NoButton,Move,99,269
126.213,126.213,NoButton,Move,99,269
126.229,126.229,NoButton,Move,99,275
126.246,126.246,NoButton,Move,99,285
126.262,126.262,NoButton,Move,100,298
126.279,126.279,NoButton,Move,102,309
126.296,126.296,NoButton,Move,103,320
126.313,126.313,NoButton,Move,104,331
126.329,126.329,NoButton,Move,105,342
126.346,126.346,NoButton,Move,106,353
126.363,126.363,NoButton,Move,106,359
126.379,126.379,NoButton,Move,106,362
126.396,126.396,NoButton,Move,106,366
126.412,126.412,NoButton,Move,106,368
126.429,126.429,NoButton,Move,106,368
126.509,126.509,Left,Pressed,106,368
126.593,126.593,Left,Released,106,368
126.824,126.824,NoButton,Move,107,368
126.832,126.832,NoButton,Move,109,368
126.846,126.846,NoButton,Move,112,366
126.863,126.863,NoButton,Move,124,362
126.879,126.879,NoButton,Move,144,352
126.897,126.897,NoButton,Move,174,341
126.913,126.913,NoButton,Move,222,328
126.93,126.93,NoButton,Move,289,321
126.946,126.946,NoButton,Move,301,321
126.962,126.962,NoButton,Move,364,321
126.979,126.979,NoButton,Move,398,323
126.996,126.996,NoButton,Move,417,325
127.012,127.012,NoButton,Move,430,327
127.029,127.029,NoButton,Move,440,329
127.046,127.046,NoButton,Move,444,329
127.062,127.062,NoButton,Move,446,330
127.079,127.079,NoButton,Move,447,330
127.096,127.096,NoButton,Move,447,331
127.357,127.357,NoButton,Move,447,331
127.379,127.379,NoButton,Move,446,332
127.397,127.397,NoButton,Move,446,334
127.412,127.412,NoButton,Move,440,358
127.429,127.429,NoButton,Move,436,372
127.447,127.447,NoButton,Move,432,384
127.462,127.462,NoButton,Move,429,390
127.479,127.479,NoButton,Move,427,395
127.496,127.496,NoButton,Move,426,397
127.513,127.513,NoButton,Move,426,398
127.525,127.525,Left,Pressed,426,398
127.529,127.529,Left,Released,426,398
129.232,129.232,NoButton,Move,428,488
129.246,129.246,NoButton,Move,428,488
129.262,129.262,NoButton,Move,428,487
129.279,129.279,NoButton,Move,428,486
129.296,129.296,NoButton,Move,428,486
129.312,129.312,NoButton,Move,428,486
129.379,129.379,Left,Pressed,428,486
129.463,129.463,Left,Released,428,486
129.512,129.512,NoButton,Move,428,479
131.089,131.089,NoButton,Move,428,482
131.112,131.112,NoButton,Move,437,497
131.129,131.129,NoButton,Move,442,504
131.146,131.146,NoButton,Move,448,513
131.162,131.162,NoButton,Move,455,525
131.179,131.179,NoButton,Move,460,533
131.196,131.196,NoButton,Move,463,541
131.213,131.213,NoButton,Move,464,545
131.229,131.229,NoButton,Move,465,548
131.246,131.246,NoButton,Move,465,549
131.263,131.263,NoButton,Move,465,551
131.279,131.279,NoButton,Move,464,553
131.296,131.296,NoButton,Move,463,554
131.313,131.313,NoButton,Move,463,556
131.329,131.329,NoButton,Move,463,556
131.346,131.346,NoButton,Move,463,557
131.363,131.363,NoButton,Move,463,557
131.379,131.379,NoButton,Move,463,558
131.407,131.407,Left,Pressed,463,558
131.495,131.495,NoButton,Move,463,558
131.495,131.495,Left,Released,463,558
134.169,134.169,NoButton,Move,465,562
134.179,134.179,NoButton,Move,466,563
134.196,134.196,NoButton,Move,469,567
134.212,134.212,NoButton,Move,472,571
134.229,134.229,NoButton,Move,476,576
134.246,134.246,NoButton,Move,481,579
134.263,134.263,NoButton,Move,488,584
134.279,134.279,NoButton,Move,498,589
134.297,134.297,NoButton,Move,508,594
134.307,134.307,NoButton,Move,519,599
134.369,134.369,NoButton,Move,559,622
134.379,134.379,NoButton,Move,559,622
134.396,134.396,NoButton,Move,563,625
134.413,134.413,NoButton,Move,564,626
134.429,134.429,NoButton,Move,564,626
134.446,134.446,NoButton,Move,565,626
134.462,134.462,NoButton,Move,565,627
134.479,134.479,NoButton,Move,565,627
134.496,134.496,NoButton,Move,565,627
134.512,134.512,NoButton,Move,565,628
134.529,134.529,NoButton,Move,565,629
134.546,134.546,NoButton,Move,565,629
134.562,134.562,NoButton,Move,565,630
134.584,134.584,NoButton,Move,565,630
134.71,134.71,Left,Pressed,565,630
134.958,134.958,Left,Released,565,630
135.282,135.282,NoButton,Move,565,629
135.301,135.301,NoButton,Move,570,621
135.313,135.313,NoButton,Move,574,616
135.329,135.329,NoButton,Move,582,607
135.346,135.346,NoButton,Move,610,579
135.363,135.363,NoButton,Move,621,569
135.379,135.379,NoButton,Move,644,552
135.397,135.397,NoButton,Move,652,546
135.412,135.412,NoButton,Move,662,539
135.429,135.429,NoButton,Move,666,536
135.446,135.446,NoButton,Move,667,535
135.462,135.462,NoButton,Move,668,534
135.479,135.479,NoButton,Move,668,533
135.509,135.509,Left,Pressed,668,533
135.512,135.512,NoButton,Move,668,533
135.591,135.591,Left,Released,668,533
135.74,135.74,NoButton,Move,668,532
135.748,135.748,NoButton,Move,668,531
135.763,135.763,NoButton,Move,668,528
135.779,135.779,NoButton,Move,668,525
135.797,135.797,NoButton,Move,668,521
135.813,135.813,NoButton,Move,668,517
135.829,135.829,NoButton,Move,668,516
135.842,135.842,Left,Pressed,668,516
135.862,135.862,NoButton,Move,668,516
135.925,135.925,Left,Released,668,516
136.223,136.223,NoButton,Move,667,516
136.246,136.246,NoButton,Move,656,509
136.263,136.263,NoButton,Move,622,487
136.28,136.28,NoButton,Move,594,471
136.296,136.296,NoButton,Move,584,466
136.312,136.312,NoButton,Move,576,462
136.33,136.33,NoButton,Move,564,458
136.346,136.346,NoButton,Move,562,457
136.363,136.363,NoButton,Move,561,456
136.392,136.392,Left,Pressed,561,456
136.396,136.396,NoButton,Move,561,456
136.508,136.508,Left,Released,561,456
136.715,136.715,NoButton,Move,560,456
136.729,136.729,NoButton,Move,558,456
136.746,136.746,NoButton,Move,545,449
136.763,136.763,NoButton,Move,525,438
136.78,136.78,NoButton,Move,501,424
136.796,136.796,NoButton,Move,475,408
136.813,136.813,NoButton,Move,458,397
136.83,136.83,NoButton,Move,442,387
136.846,136.846,NoButton,Move,435,382
136.863,136.863,NoButton,Move,428,378
136.88,136.88,NoButton,Move,423,375
136.895,136.895,NoButton,Move,420,372
136.913,136.913,NoButton,Move,417,369
136.929,136.929,NoButton,Move,416,368
136.946,136.946,NoButton,Move,415,366
136.963,136.963,NoButton,Move,414,366
136.979,136.979,NoButton,Move,414,365
136.996,136.996,NoButton,Move,414,362
137.013,137.013,NoButton,Move,413,358
137.029,137.029,NoButton,Move,413,353
137.046,137.046,NoButton,Move,413,350
137.062,137.062,NoButton,Move,413,347
137.079,137.079,NoButton,Move,413,346
137.096,137.096,NoButton,Move,413,345
137.109,137.109,Left,Pressed,413,345
137.243,137.243,Left,Released,413,345
137.295,137.295,NoButton,Move,413,345
137.302,137.302,NoButton,Move,413,344
137.313,137.313,NoButton,Move,412,343
137.33,137.33,NoButton,Move,411,341
137.346,137.346,NoButton,Move,409,337
137.363,137.363,NoButton,Move,408,332
137.379,137.379,NoButton,Move,407,326
137.396,137.396,NoButton,Move,406,322
137.413,137.413,NoButton,Move,406,316
137.429,137.429,NoButton,Move,406,314
137.446,137.446,NoButton,Move,406,313
137.476,137.476,Left,Pressed,406,313
137.479,137.479,Left,Released,406,313
138.412,138.412,NoButton,Move,237,417
138.439,138.439,NoButton,Move,237,417
138.446,138.446,NoButton,Move,259,417
138.463,138.463,NoButton,Move,309,417
138.478,138.478,NoButton,Move,379,417
138.491,138.491,Left,Pressed,379,417
138.496,138.496,Left,Released,379,417
141.059,141.059,NoButton,Move,406,435
141.062,141.062,NoButton,Move,406,435
146.325,146.325,NoButton,Move,406,435
146.346,146.346,NoButton,Move,406,439
146.363,146.363,NoButton,Move,406,443
146.379,146.379,NoButton,Move,406,445
146.396,146.396,NoButton,Move,407,447
146.412,146.412,NoButton,Move,407,448
146.429,146.429,NoButton,Move,407,449
146.446,146.446,NoButton,Move,408,449
146.462,146.462,NoButton,Move,408,450
146.479,146.479,NoButton,Move,408,450
146.496,146.496,NoButton,Move,408,451
146.513,146.513,NoButton,Move,408,454
146.53,146.53,NoButton,Move,408,457
146.546,146.546,NoButton,Move,408,460
146.563,146.563,NoButton,Move,408,463
146.579,146.579,NoButton,Move,408,465
146.596,146.596,NoButton,Move,408,467
146.614,146.614,NoButton,Move,408,469
146.629,146.629,NoButton,Move,408,471
146.646,146.646,NoButton,Move,408,471
146.663,146.663,NoButton,Move,408,472
146.68,146.68,NoButton,Move,408,473
146.707,146.707,NoButton,Move,407,473
146.746,146.746,NoButton,Move,407,473
147.698,147.698,NoButton,Move,407,476
147.713,147.713,NoButton,Move,407,477
147.729,147.729,NoButton,Move,407,481
147.746,147.746,NoButton,Move,407,485
147.763,147.763,NoButton,Move,407,489
147.78,147.78,NoButton,Move,407,492
147.796,147.796,NoButton,Move,407,493
147.813,147.813,NoButton,Move,407,494
147.829,147.829,NoButton,Move,407,495
147.844,147.844,Left,Pressed,407,495
147.879,147.879,NoButton,Move,407,495
148.041,148.041,Left,Released,407,495
148.877,148.877,NoButton,Move,407,495
148.885,148.885,NoButton,Move,408,492
148.896,148.896,NoButton,Move,410,488
148.913,148.913,NoButton,Move,415,477
149.993,149.993,NoButton,Move,415,484
150.013,150.013,NoButton,Move,415,494
150.029,150.029,NoButton,Move,417,501
150.046,150.046,NoButton,Move,420,508
150.063,150.063,NoButton,Move,424,515
150.079,150.079,NoButton,Move,429,525
150.096,150.096,NoButton,Move,432,531
150.113,150.113,NoButton,Move,435,537
150.129,150.129,NoButton,Move,436,538
150.146,150.146,NoButton,Move,437,540
150.163,150.163,NoButton,Move,437,541
150.179,150.179,NoButton,Move,437,541
150.196,150.196,NoButton,Move,437,541
150.22,150.22,NoButton,Move,437,542
150.23,150.23,NoButton,Move,437,542
150.247,150.247,NoButton,Move,437,543
150.263,150.263,NoButton,Move,437,548
150.279,150.279,NoButton,Move,436,554
150.296,150.296,NoButton,Move,436,558
150.314,150.314,NoButton,Move,434,563
150.329,150.329,NoButton,Move,434,565
150.368,150.368,Left,Pressed,434,565
150.379,150.379,NoButton,Move,434,566
150.466,150.466,Left,Released,434,566
150.496,150.496,NoButton,Move,433,566
157.302,157.302,NoButton,Move,435,567
157.313,157.313,NoButton,Move,437,575
157.329,157.329,NoButton,Move,440,582
157.346,157.346,NoButton,Move,442,589
157.363,157.363,NoButton,Move,445,596
157.38,157.38,NoButton,Move,446,597
157.396,157.396,NoButton,Move,450,604
157.413,157.413,NoButton,Move,451,605
157.429,157.429,NoButton,Move,451,605
157.446,157.446,NoButton,Move,452,605
157.463,157.463,NoButton,Move,452,604
157.479,157.479,NoButton,Move,453,604
157.496,157.496,NoButton,Move,453,603
157.513,157.513,NoButton,Move,454,603
157.545,157.545,NoButton,Move,454,604
157.554,157.554,NoButton,Move,454,604
157.563,157.563,NoButton,Move,454,605
157.58,157.58,NoButton,Move,454,610
157.597,157.597,NoButton,Move,451,624
157.613,157.613,NoButton,Move,448,636
157.629,157.629,NoButton,Move,445,643
157.646,157.646,NoButton,Move,442,649
157.663,157.663,NoButton,Move,440,652
157.68,157.68,NoButton,Move,439,653
157.696,157.696,NoButton,Move,439,653
157.709,157.709,Left,Pressed,439,653
157.746,157.746,NoButton,Move,439,653
157.842,157.842,Left,Released,439,653
158.097,158.097,NoButton,Move,439,653
158.113,158.113,NoButton,Move,450,644
158.129,158.129,NoButton,Move,487,616
158.146,158.146,NoButton,Move,553,571
158.164,158.164,NoButton,Move,634,519
158.179,158.179,NoButton,Move,650,510
158.427,158.427,Left,Pressed,650,510
158.526,158.526,Left,Released,650,510
164.62,164.62,NoButton,Move,650,510
164.646,164.646,NoButton,Move,650,508
164.663,164.663,NoButton,Move,643,501
164.68,164.68,NoButton,Move,620,481
164.697,164.697,NoButton,Move,579,446
164.713,164.713,NoButton,Move,527,402
164.73,164.73,NoButton,Move,498,380
164.747,164.747,NoButton,Move,404,310
164.763,164.763,NoButton,Move,345,267
164.78,164.78,NoButton,Move,311,244
164.796,164.796,NoButton,Move,286,229
164.813,164.813,NoButton,Move,266,221
164.83,164.83,NoButton,Move,256,219
164.846,164.846,NoButton,Move,253,219
165.029,165.029,NoButton,Move,253,219
165.046,165.046,NoButton,Move,251,224
165.063,165.063,NoButton,Move,241,233
165.079,165.079,NoButton,Move,222,245
165.096,165.096,NoButton,Move,185,257
165.112,165.112,NoButton,Move,143,260
165.129,165.129,NoButton,Move,112,260
165.146,165.146,NoButton,Move,90,260
165.163,165.163,NoButton,Move,74,258
165.18,165.18,NoButton,Move,63,255
165.196,165.196,NoButton,Move,58,253
165.213,165.213,NoButton,Move,56,252
165.23,165.23,NoButton,Move,55,252
165.246,165.246,NoButton,Move,55,250
165.263,165.263,NoButton,Move,55,249
165.28,165.28,NoButton,Move,55,247
165.296,165.296,NoButton,Move,55,245
165.313,165.313,NoButton,Move,55,244
165.33,165.33,NoButton,Move,55,243
165.346,165.346,NoButton,Move,55,243
165.363,165.363,NoButton,Move,55,243
166.71,166.71,Left,Pressed,55,243
166.977,166.977,Left,Released,55,243
172.391,172.391,NoButton,Move,55,243
172.407,172.407,NoButton,Move,56,243
172.413,172.413,NoButton,Move,56,243
172.429,172.429,NoButton,Move,56,243
172.446,172.446,NoButton,Move,56,243
172.47,172.47,NoButton,Move,57,243
172.53,172.53,NoButton,Move,57,243
172.546,172.546,NoButton,Move,57,243
172.563,172.563,NoButton,Move,57,243
172.58,172.58,NoButton,Move,58,243
172.596,172.596,NoButton,Move,58,243
172.619,172.619,NoButton,Move,58,243
172.996,172.996,NoButton,Move,59,243
173.013,173.013,NoButton,Move,59,244
173.03,173.03,NoButton,Move,61,244
173.046,173.046,NoButton,Move,62,245
173.063,173.063,NoButton,Move,63,245
173.08,173.08,NoButton,Move,64,246
173.096,173.096,NoButton,Move,64,246
173.113,173.113,NoButton,Move,65,246
173.13,173.13,NoButton,Move,65,246
173.18,173.18,NoButton,Move,65,246
173.196,173.196,NoButton,Move,65,246
173.213,173.213,NoButton,Move,66,246
173.229,173.229,NoButton,Move,66,246
173.246,173.246,NoButton,Move,66,246
173.263,173.263,NoButton,Move,66,246
173.28,173.28,NoButton,Move,67,246
173.296,173.296,NoButton,Move,67,246
173.313,173.313,NoButton,Move,68,247
173.329,173.329,NoButton,Move,70,247
173.346,173.346,NoButton,Move,73,249
173.363,173.363,NoButton,Move,80,254
173.38,173.38,NoButton,Move,100,270
173.397,173.397,NoButton,Move,110,278
173.413,173.413,NoButton,Move,163,322
173.43,173.43,NoButton,Move,208,354
173.446,173.446,NoButton,Move,261,390
173.463,173.463,NoButton,Move,318,429
173.479,173.479,NoButton,Move,377,466
173.496,173.496,NoButton,Move,409,491
173.513,173.513,NoButton,Move,430,506
173.893,173.893,Scroll,Down,0,1
173.913,173.913,Scroll,Down,0,1
173.93,173.93,Scroll,Down,0,1
173.946,173.946,Scroll,Down,0,1
173.963,173.963,Scroll,Down,0,1
173.98,173.98,Scroll,Down,0,1
173.996,173.996,Scroll,Down,0,1
174.196,174.196,Scroll,Down,0,1
174.212,174.212,Scroll,Down,0,1
175.046,175.046,Scroll,Down,0,1
175.063,175.063,Scroll,Down,0,1
175.096,175.096,Scroll,Down,0,1
175.113,175.113,Scroll,Down,0,1
175.13,175.13,Scroll,Down,0,1
175.147,175.147,Scroll,Down,0,1
175.163,175.163,Scroll,Down,0,1
175.18,175.18,Scroll,Down,0,1
175.196,175.196,Scroll,Down,0,1
175.213,175.213,Scroll,Down,0,1
175.23,175.23,Scroll,Down,0,1
175.246,175.246,Scroll,Down,0,1
175.263,175.263,Scroll,Down,0,1
175.28,175.28,Scroll,Down,0,1
175.297,175.297,Scroll,Down,0,1
175.313,175.313,Scroll,Down,0,1
175.33,175.33,Scroll,Down,0,1
175.347,175.347,Scroll,Down,0,1
175.363,175.363,Scroll,Down,0,2
175.396,175.396,Scroll,Down,0,6
175.413,175.413,Scroll,Down,0,4
175.43,175.43,Scroll,Down,0,8
175.447,175.447,Scroll,Down,0,9
175.463,175.463,Scroll,Down,0,12
175.48,175.48,Scroll,Down,0,8
175.497,175.497,Scroll,Down,0,6
175.513,175.513,Scroll,Down,0,6
175.53,175.53,Scroll,Down,0,3
175.547,175.547,Scroll,Down,0,2
175.563,175.563,Scroll,Down,0,1
175.58,175.58,Scroll,Down,0,1
175.613,175.613,Scroll,Up,0,0
175.927,175.927,NoButton,Move,429,506
175.934,175.934,NoButton,Move,425,506
175.947,175.947,NoButton,Move,418,503
175.963,175.963,NoButton,Move,398,493
175.98,175.98,NoButton,Move,358,472
175.997,175.997,NoButton,Move,274,418
176.013,176.013,NoButton,Move,203,368
176.03,176.03,NoButton,Move,156,328
176.047,176.047,NoButton,Move,102,279
176.063,176.063,NoButton,Move,73,252
176.08,176.08,NoButton,Move,53,234
176.097,176.097,NoButton,Move,33,217
176.112,176.112,NoButton,Move,26,211
176.13,176.13,NoButton,Move,18,204
176.146,176.146,NoButton,Move,17,202
176.163,176.163,NoButton,Move,17,199
176.18,176.18,NoButton,Move,17,196
176.196,176.196,NoButton,Move,17,192
176.213,176.213,NoButton,Move,19,188
176.229,176.229,NoButton,Move,20,185
176.246,176.246,NoButton,Move,21,183
176.263,176.263,NoButton,Move,23,182
176.279,176.279,NoButton,Move,23,181
176.296,176.296,NoButton,Move,25,181
176.313,176.313,NoButton,Move,26,181
176.33,176.33,NoButton,Move,29,181
176.346,176.346,NoButton,Move,31,181
176.363,176.363,NoButton,Move,33,182
176.379,176.379,NoButton,Move,38,184
176.396,176.396,NoButton,Move,47,192
176.413,176.413,NoButton,Move,57,202
176.43,176.43,NoButton,Move,65,212
176.447,176.447,NoButton,Move,74,225
176.463,176.463,NoButton,Move,79,233
176.48,176.48,NoButton,Move,83,240
176.497,176.497,NoButton,Move,86,245
176.513,176.513,NoButton,Move,87,248
176.53,176.53,NoButton,Move,88,249
176.546,176.546,NoButton,Move,88,251
176.564,176.564,NoButton,Move,88,252
176.58,176.58,NoButton,Move,88,254
176.597,176.597,NoButton,Move,88,256
176.613,176.613,NoButton,Move,88,258
176.629,176.629,NoButton,Move,88,259
176.646,176.646,NoButton,Move,88,261
176.663,176.663,NoButton,Move,88,263
176.68,176.68,NoButton,Move,88,265
176.696,176.696,NoButton,Move,88,266
176.713,176.713,NoButton,Move,88,267
176.729,176.729,NoButton,Move,88,268
176.743,176.743,Left,Pressed,88,268
176.763,176.763,NoButton,Move,88,268
176.843,176.843,Left,Released,88,268
177.031,177.031,NoButton,Move,88,268
177.047,177.047,NoButton,Move,92,268
177.063,177.063,NoButton,Move,105,268
177.08,177.08,NoButton,Move,153,268
177.096,177.096,NoButton,Move,210,272
177.113,177.113,NoButton,Move,301,288
177.13,177.13,NoButton,Move,384,312
177.147,177.147,NoButton,Move,441,336
177.163,177.163,NoButton,Move,508,370
177.18,177.18,NoButton,Move,547,396
177.196,177.196,NoButton,Move,582,425
177.213,177.213,NoButton,Move,595,441
177.23,177.23,NoButton,Move,606,458
177.246,177.246,NoButton,Move,608,470
177.263,177.263,NoButton,Move,608,477
177.28,177.28,NoButton,Move,605,479
177.296,177.296,NoButton,Move,596,480
177.313,177.313,NoButton,Move,587,479
177.33,177.33,NoButton,Move,582,476
177.347,177.347,NoButton,Move,577,473
177.363,177.363,NoButton,Move,575,470
177.379,177.379,NoButton,Move,574,468
177.396,177.396,NoButton,Move,573,466
177.413,177.413,NoButton,Move,573,466
177.426,177.426,Left,Pressed,573,466
177.446,177.446,NoButton,Move,573,466
177.542,177.542,Left,Released,573,466
177.744,177.744,NoButton,Move,572,465
177.752,177.752,NoButton,Move,570,462
177.763,177.763,NoButton,Move,567,459
177.78,177.78,NoButton,Move,560,453
177.797,177.797,NoButton,Move,553,446
177.814,177.814,NoButton,Move,535,427
177.829,177.829,NoButton,Move,520,416
177.846,177.846,NoButton,Move,504,403
177.863,177.863,NoButton,Move,491,395
177.88,177.88,NoButton,Move,485,392
177.896,177.896,NoButton,Move,479,390
177.913,177.913,NoButton,Move,475,388
177.93,177.93,NoButton,Move,469,386
177.947,177.947,NoButton,Move,464,383
177.962,177.962,NoButton,Move,460,380
177.98,177.98,NoButton,Move,456,378
177.996,177.996,NoButton,Move,453,377
178.013,178.013,NoButton,Move,451,376
178.03,178.03,NoButton,Move,449,374
178.046,178.046,NoButton,Move,448,372
178.064,178.064,NoButton,Move,446,368
178.08,178.08,NoButton,Move,443,363
178.096,178.096,NoButton,Move,439,356
178.113,178.113,NoButton,Move,436,349
178.13,178.13,NoButton,Move,434,344
178.147,178.147,NoButton,Move,432,340
178.163,178.163,NoButton,Move,432,336
178.18,178.18,NoButton,Move,431,334
178.196,178.196,NoButton,Move,431,333
178.214,178.214,NoButton,Move,430,332
178.23,178.23,NoButton,Move,430,331
178.246,178.246,NoButton,Move,430,331
178.263,178.263,NoButton,Move,430,331
178.696,178.696,NoButton,Move,430,330
179.521,179.521,NoButton,Move,430,330
179.53,179.53,NoButton,Move,430,330
179.547,179.547,NoButton,Move,430,328
179.563,179.563,NoButton,Move,430,327
179.58,179.58,NoButton,Move,430,326
179.596,179.596,NoButton,Move,430,324
179.613,179.613,NoButton,Move,430,323
179.63,179.63,NoButton,Move,430,323
179.644,179.644,Left,Pressed,430,323
179.647,179.647,Left,Released,430,323
184.352,184.352,NoButton,Move,445,418
184.363,184.363,NoButton,Move,444,418
184.379,184.379,NoButton,Move,443,418
184.396,184.396,NoButton,Move,442,418
184.413,184.413,NoButton,Move,441,418
184.429,184.429,NoButton,Move,441,417
184.446,184.446,NoButton,Move,440,417
184.463,184.463,NoButton,Move,440,417
184.492,184.492,Left,Pressed,440,417
184.493,184.493,Left,Released,440,417
184.496,184.496,NoButton,Move,440,417
185.799,185.799,NoButton,Move,419,475
185.808,185.808,NoButton,Move,423,473
185.808,185.808,Left,Pressed,419,475
185.83,185.83,NoButton,Move,419,475
185.925,185.925,Left,Released,419,475
187.599,187.599,NoButton,Move,419,477
187.613,187.613,NoButton,Move,418,482
187.63,187.63,NoButton,Move,418,487
187.646,187.646,NoButton,Move,418,494
187.663,187.663,NoButton,Move,418,503
187.679,187.679,NoButton,Move,418,508
187.696,187.696,NoButton,Move,418,513
187.713,187.713,NoButton,Move,418,518
187.73,187.73,NoButton,Move,418,522
187.747,187.747,NoButton,Move,418,526
187.763,187.763,NoButton,Move,418,537
187.78,187.78,NoButton,Move,418,553
187.797,187.797,NoButton,Move,418,567
187.813,187.813,NoButton,Move,418,577
187.829,187.829,NoButton,Move,418,585
187.846,187.846,NoButton,Move,418,588
187.863,187.863,NoButton,Move,418,589
187.88,187.88,NoButton,Move,418,589
187.896,187.896,NoButton,Move,418,589
187.913,187.913,NoButton,Move,418,586
187.93,187.93,NoButton,Move,418,583
187.946,187.946,NoButton,Move,419,580
187.963,187.963,NoButton,Move,420,578
187.98,187.98,NoButton,Move,420,577
187.993,187.993,Left,Pressed,420,577
188.096,188.096,NoButton,Move,420,577
188.113,188.113,Left,Released,420,577
190.696,190.696,NoButton,Move,420,578
190.713,190.713,NoButton,Move,423,587
190.73,190.73,NoButton,Move,427,592
190.746,190.746,NoButton,Move,431,596
190.763,190.763,NoButton,Move,433,598
191.064,191.064,NoButton,Move,382,651
191.08,191.08,NoButton,Move,363,651
191.096,191.096,NoButton,Move,353,651
191.113,191.113,NoButton,Move,345,648
191.13,191.13,NoButton,Move,341,646
191.147,191.147,NoButton,Move,339,644
191.163,191.163,NoButton,Move,338,643
191.18,191.18,NoButton,Move,338,643
191.21,191.21,Left,Pressed,338,643
191.296,191.296,NoButton,Move,338,642
191.338,191.338,Left,Released,338,642
191.493,191.493,NoButton,Move,338,642
191.502,191.502,NoButton,Move,339,641
191.513,191.513,NoButton,Move,342,639
191.529,191.529,NoButton,Move,357,629
191.546,191.546,NoButton,Move,387,611
191.563,191.563,NoButton,Move,413,601
191.58,191.58,NoButton,Move,468,582
191.596,191.596,NoButton,Move,514,571
191.613,191.613,NoButton,Move,564,560
191.63,191.63,NoButton,Move,614,550
191.646,191.646,NoButton,Move,649,541
191.663,191.663,NoButton,Move,687,531
191.68,191.68,NoButton,Move,707,524
191.697,191.697,NoButton,Move,725,516
191.713,191.713,NoButton,Move,732,509
191.729,191.729,NoButton,Move,734,502
191.746,191.746,NoButton,Move,734,498
191.763,191.763,NoButton,Move,733,495
191.78,191.78,NoButton,Move,731,493
191.797,191.797,NoButton,Move,729,492
191.813,191.813,NoButton,Move,728,492
191.83,191.83,NoButton,Move,726,492
191.86,191.86,Left,Pressed,726,492
191.942,191.942,Left,Released,726,492
192.14,192.14,NoButton,Move,726,492
192.149,192.149,NoButton,Move,724,492
192.163,192.163,NoButton,Move,721,492
192.18,192.18,NoButton,Move,713,492
192.196,192.196,NoButton,Move,702,492
192.213,192.213,NoButton,Move,674,488
192.23,192.23,NoButton,Move,635,473
192.246,192.246,NoButton,Move,584,446
192.263,192.263,NoButton,Move,563,437
192.28,192.28,NoButton,Move,552,432
192.296,192.296,NoButton,Move,542,430
192.313,192.313,NoButton,Move,537,430
192.33,192.33,NoButton,Move,533,430
192.346,192.346,NoButton,Move,530,435
192.363,192.363,NoButton,Move,526,441
192.38,192.38,NoButton,Move,526,442
192.396,192.396,NoButton,Move,523,451
192.413,192.413,NoButton,Move,521,456
192.43,192.43,NoButton,Move,521,460
192.46,192.46,Left,Pressed,521,460
192.48,192.48,NoButton,Move,521,461
192.525,192.525,Left,Released,521,461
192.732,192.732,NoButton,Move,521,460
192.746,192.746,NoButton,Move,518,458
192.763,192.763,NoButton,Move,503,446
192.78,192.78,NoButton,Move,484,433
192.796,192.796,NoButton,Move,471,424
192.813,192.813,NoButton,Move,461,418
192.83,192.83,NoButton,Move,452,414
192.846,192.846,NoButton,Move,445,412
192.863,192.863,NoButton,Move,440,412
192.881,192.881,NoButton,Move,435,412
192.897,192.897,NoButton,Move,430,414
192.913,192.913,NoButton,Move,426,419
192.93,192.93,NoButton,Move,421,425
192.946,192.946,NoButton,Move,417,429
192.963,192.963,NoButton,Move,413,434
192.98,192.98,NoButton,Move,411,436
192.996,192.996,NoButton,Move,409,438
193.013,193.013,NoButton,Move,409,438
193.03,193.03,NoButton,Move,408,439
193.046,193.046,NoButton,Move,408,442
193.063,193.063,NoButton,Move,407,446
193.08,193.08,NoButton,Move,407,451
193.097,193.097,NoButton,Move,406,456
193.113,193.113,NoButton,Move,405,461
193.13,193.13,NoButton,Move,404,464
193.146,193.146,NoButton,Move,403,465
193.163,193.163,NoButton,Move,402,466
193.18,193.18,NoButton,Move,401,466
193.197,193.197,NoButton,Move,400,462
193.213,193.213,NoButton,Move,397,450
193.23,193.23,NoButton,Move,396,423
193.246,193.246,NoButton,Move,395,400
193.263,193.263,NoButton,Move,395,390
193.28,193.28,NoButton,Move,395,377
193.296,193.296,NoButton,Move,395,368
193.313,193.313,NoButton,Move,395,364
193.33,193.33,NoButton,Move,395,360
193.346,193.346,NoButton,Move,395,357
193.364,193.364,NoButton,Move,395,355
193.38,193.38,NoButton,Move,395,351
193.396,193.396,NoButton,Move,395,344
193.413,193.413,NoButton,Move,395,340
193.43,193.43,NoButton,Move,395,337
193.447,193.447,NoButton,Move,395,336
193.459,193.459,Left,Pressed,395,336
193.464,193.464,Left,Released,395,336
195.355,195.355,NoButton,Move,410,414
195.363,195.363,NoButton,Move,408,440
195.38,195.38,NoButton,Move,411,412
195.392,195.392,Left,Pressed,411,412
195.397,195.397,Left,Released,411,412
196.675,196.675,NoButton,Move,421,471
196.68,196.68,NoButton,Move,423,476
196.696,196.696,NoButton,Move,420,471
196.713,196.713,NoButton,Move,419,475
196.73,196.73,NoButton,Move,416,483
196.746,196.746,NoButton,Move,414,493
196.764,196.764,NoButton,Move,412,499
196.78,196.78,NoButton,Move,410,505
196.796,196.796,NoButton,Move,410,507
196.809,196.809,Left,Pressed,410,507
196.83,196.83,NoButton,Move,410,507
196.927,196.927,Left,Released,410,507
197.644,197.644,NoButton,Move,410,508
197.663,197.663,NoButton,Move,415,516
197.68,197.68,NoButton,Move,425,524
197.696,197.696,NoButton,Move,446,537
197.713,197.713,NoButton,Move,472,544
197.73,197.73,NoButton,Move,512,544
197.747,197.747,NoButton,Move,547,519
199.12,199.12,NoButton,Move,547,522
199.131,199.131,NoButton,Move,548,530
199.146,199.146,NoButton,Move,549,534
199.163,199.163,NoButton,Move,549,542
199.18,199.18,NoButton,Move,550,553
199.197,199.197,NoButton,Move,551,565
199.213,199.213,NoButton,Move,551,571
199.23,199.23,NoButton,Move,551,577
199.246,199.246,NoButton,Move,551,582
199.263,199.263,NoButton,Move,550,585
199.281,199.281,NoButton,Move,549,590
199.297,199.297,NoButton,Move,547,595
199.313,199.313,NoButton,Move,547,599
199.33,199.33,NoButton,Move,546,603
199.347,199.347,NoButton,Move,544,606
199.363,199.363,NoButton,Move,544,607
199.38,199.38,NoButton,Move,544,608
199.397,199.397,NoButton,Move,542,608
199.413,199.413,NoButton,Move,541,603
199.43,199.43,NoButton,Move,540,598
199.447,199.447,NoButton,Move,540,592
199.463,199.463,NoButton,Move,540,588
199.48,199.48,NoButton,Move,540,586
199.497,199.497,NoButton,Move,540,585
199.513,199.513,NoButton,Move,540,584
199.53,199.53,NoButton,Move,540,583
199.544,199.544,Left,Pressed,540,583
199.64,199.64,NoButton,Move,540,583
199.64,199.64,Left,Released,540,583
199.646,199.646,NoButton,Move,540,582
199.663,199.663,NoButton,Move,540,576
200.642,200.642,NoButton,Move,531,592
200.781,200.781,NoButton,Move,502,658
200.796,200.796,NoButton,Move,503,660
200.813,200.813,NoButton,Move,505,662
200.83,200.83,NoButton,Move,507,664
200.846,200.846,NoButton,Move,509,667
200.863,200.863,NoButton,Move,511,668
200.88,200.88,NoButton,Move,512,669
200.896,200.896,NoButton,Move,512,670
200.913,200.913,NoButton,Move,513,670
200.93,200.93,NoButton,Move,513,668
200.947,200.947,NoButton,Move,513,664
200.963,200.963,NoButton,Move,513,659
201.34,201.34,NoButton,Move,513,639
201.38,201.38,NoButton,Move,513,640
201.396,201.396,NoButton,Move,513,641
201.413,201.413,NoButton,Move,513,642
201.459,201.459,Left,Pressed,513,642
201.592,201.592,Left,Released,513,642
202.031,202.031,NoButton,Move,514,640
202.046,202.046,NoButton,Move,520,634
202.063,202.063,NoButton,Move,529,625
202.08,202.08,NoButton,Move,544,609
202.096,202.096,NoButton,Move,565,588
202.113,202.113,NoButton,Move,588,565
202.13,202.13,NoButton,Move,607,544
202.146,202.146,NoButton,Move,617,530
202.164,202.164,NoButton,Move,623,520
202.179,202.179,NoButton,Move,628,512
202.197,202.197,NoButton,Move,630,509
202.213,202.213,NoButton,Move,631,507
202.229,202.229,NoButton,Move,632,507
202.26,202.26,Left,Pressed,632,507
202.377,202.377,Left,Released,632,507
205.092,205.092,NoButton,Move,632,506
205.113,205.113,NoButton,Move,632,494
205.13,205.13,NoButton,Move,630,479
205.147,205.147,NoButton,Move,625,452
205.163,205.163,NoButton,Move,622,433
205.18,205.18,NoButton,Move,612,375
205.196,205.196,NoButton,Move,610,363
205.213,205.213,NoButton,Move,607,353
205.23,205.23,NoButton,Move,606,349
205.247,205.247,NoButton,Move,605,348
205.263,205.263,NoButton,Move,602,348
205.28,205.28,NoButton,Move,595,358
205.296,205.296,NoButton,Move,588,379
205.313,205.313,NoButton,Move,581,406
205.331,205.331,NoButton,Move,576,427
205.347,205.347,NoButton,Move,573,441
205.363,205.363,NoButton,Move,572,448
205.38,205.38,NoButton,Move,569,459
205.397,205.397,NoButton,Move,569,461
205.413,205.413,NoButton,Move,569,462
205.427,205.427,Left,Pressed,569,462
205.463,205.463,NoButton,Move,569,462
205.542,205.542,Left,Released,569,462
205.672,205.672,NoButton,Move,569,462
205.681,205.681,NoButton,Move,569,459
205.697,205.697,NoButton,Move,565,450
205.714,205.714,NoButton,Move,555,424
205.729,205.729,NoButton,Move,539,394
205.861,205.861,NoButton,Move,539,395
205.868,205.868,NoButton,Move,539,395
205.88,205.88,NoButton,Move,538,396
205.897,205.897,NoButton,Move,536,397
205.913,205.913,NoButton,Move,535,397
205.93,205.93,NoButton,Move,534,398
205.947,205.947,NoButton,Move,534,398
205.963,205.963,NoButton,Move,533,398
205.98,205.98,NoButton,Move,533,398
205.997,205.997,NoButton,Move,532,395
206.013,206.013,NoButton,Move,530,385
206.03,206.03,NoButton,Move,528,379
206.047,206.047,NoButton,Move,526,371
206.064,206.064,NoButton,Move,525,367
206.08,206.08,NoButton,Move,524,366
206.097,206.097,NoButton,Move,524,365
206.122,206.122,NoButton,Move,524,365
206.13,206.13,NoButton,Move,524,368
206.147,206.147,NoButton,Move,522,377
206.164,206.164,NoButton,Move,520,394
206.18,206.18,NoButton,Move,518,415
206.196,206.196,NoButton,Move,517,429
206.213,206.213,NoButton,Move,516,437
206.23,206.23,NoButton,Move,516,442
206.247,206.247,NoButton,Move,516,445
206.263,206.263,NoButton,Move,516,445
206.294,206.294,Left,Pressed,516,445
206.409,206.409,Left,Released,516,445
206.449,206.449,NoButton,Move,516,445
206.598,206.598,NoButton,Move,516,444
206.613,206.613,NoButton,Move,516,433
206.63,206.63,NoButton,Move,516,404
206.647,206.647,NoButton,Move,513,377
206.664,206.664,NoButton,Move,508,341
206.68,206.68,NoButton,Move,505,323
206.696,206.696,NoButton,Move,503,313
206.713,206.713,NoButton,Move,502,305
206.73,206.73,NoButton,Move,502,302
206.747,206.747,NoButton,Move,502,300
206.777,206.777,Left,Pressed,502,300
206.779,206.779,Left,Released,502,300
206.797,206.797,NoButton,Move,502,300
208.167,208.167,Left,Pressed,488,438
208.18,208.18,NoButton,Move,488,438
208.208,208.208,Left,Released,488,438
208.33,208.33,NoButton,Move,488,437
208.347,208.347,NoButton,Move,486,428
208.363,208.363,NoButton,Move,483,419
208.38,208.38,NoButton,Move,481,413
208.396,208.396,NoButton,Move,480,408
208.414,208.414,NoButton,Move,480,406
208.43,208.43,NoButton,Move,480,406
208.443,208.443,Left,Pressed,480,406
208.447,208.447,Left,Released,480,406
209.547,209.547,NoButton,Move,480,485
209.563,209.563,NoButton,Move,480,485
209.58,209.58,NoButton,Move,479,484
209.596,209.596,NoButton,Move,479,484
209.613,209.613,NoButton,Move,478,484
209.642,209.642,Left,Pressed,478,484
209.731,209.731,Left,Released,478,484
214.792,214.792,NoButton,Move,477,489
214.813,214.813,NoButton,Move,470,510
214.83,214.83,NoButton,Move,468,515
214.846,214.846,NoButton,Move,465,519
214.863,214.863,NoButton,Move,464,521
214.88,214.88,NoButton,Move,462,525
214.897,214.897,NoButton,Move,459,529
214.913,214.913,NoButton,Move,457,533
214.931,214.931,NoButton,Move,455,536
214.947,214.947,NoButton,Move,453,541
214.963,214.963,NoButton,Move,451,544
214.98,214.98,NoButton,Move,449,548
214.997,214.997,NoButton,Move,446,553
215.014,215.014,NoButton,Move,444,556
215.03,215.03,NoButton,Move,443,559
215.047,215.047,NoButton,Move,442,560
215.063,215.063,NoButton,Move,442,561
215.077,215.077,Left,Pressed,442,561
215.197,215.197,NoButton,Move,441,561
215.206,215.206,Left,Released,441,561
219.502,219.502,NoButton,Move,441,576
219.519,219.519,NoButton,Move,440,588
219.53,219.53,NoButton,Move,440,594
219.547,219.547,NoButton,Move,439,602
219.563,219.563,NoButton,Move,438,607
219.58,219.58,NoButton,Move,437,610
219.597,219.597,NoButton,Move,436,615
219.614,219.614,NoButton,Move,435,618
219.63,219.63,NoButton,Move,433,621
219.647,219.647,NoButton,Move,432,625
219.663,219.663,NoButton,Move,431,629
219.68,219.68,NoButton,Move,430,632
219.697,219.697,NoButton,Move,429,634
219.714,219.714,NoButton,Move,429,635
219.726,219.726,Left,Pressed,429,635
219.763,219.763,NoButton,Move,429,635
219.843,219.843,Left,Released,429,635
219.984,219.984,NoButton,Move,429,635
219.997,219.997,NoButton,Move,432,634
220.013,220.013,NoButton,Move,438,631
220.03,220.03,NoButton,Move,449,625
220.047,220.047,NoButton,Move,471,613
220.063,220.063,NoButton,Move,494,597
220.08,220.08,NoButton,Move,538,562
220.096,220.096,NoButton,Move,563,543
220.113,220.113,NoButton,Move,584,527
220.13,220.13,NoButton,Move,596,519
220.146,220.146,NoButton,Move,610,508
220.163,220.163,NoButton,Move,620,500
220.18,220.18,NoButton,Move,628,493
220.196,220.196,NoButton,Move,633,489
220.213,220.213,NoButton,Move,638,486
220.23,220.23,NoButton,Move,641,485
220.246,220.246,NoButton,Move,643,483
220.263,220.263,NoButton,Move,644,483
220.28,220.28,NoButton,Move,646,481
220.311,220.311,Left,Pressed,646,481
220.33,220.33,NoButton,Move,646,481
220.395,220.395,Left,Released,646,481
220.588,220.588,NoButton,Move,646,481
220.596,220.596,NoButton,Move,646,483
220.613,220.613,NoButton,Move,646,487
220.63,220.63,NoButton,Move,646,490
220.646,220.646,NoButton,Move,644,492
220.663,220.663,NoButton,Move,641,496
220.68,220.68,NoButton,Move,637,499
220.696,220.696,NoButton,Move,632,502
220.713,220.713,NoButton,Move,627,503
220.73,220.73,NoButton,Move,621,504
220.746,220.746,NoButton,Move,615,504
220.763,220.763,NoButton,Move,610,503
220.78,220.78,NoButton,Move,606,501
220.797,220.797,NoButton,Move,605,500
220.81,220.81,Left,Pressed,605,500
220.83,220.83,NoButton,Move,605,500
220.959,220.959,Left,Released,605,500
220.973,220.973,NoButton,Move,604,500
220.981,220.981,NoButton,Move,603,499
220.997,220.997,NoButton,Move,602,498
221.013,221.013,NoButton,Move,599,494
221.03,221.03,NoButton,Move,598,489
221.047,221.047,NoButton,Move,597,486
221.063,221.063,NoButton,Move,597,484
221.08,221.08,NoButton,Move,597,483
221.094,221.094,Left,Pressed,597,483
221.21,221.21,Left,Released,597,483
221.235,221.235,NoButton,Move,596,484
221.248,221.248,NoButton,Move,595,486
221.263,221.263,NoButton,Move,594,489
221.28,221.28,NoButton,Move,594,489
221.298,221.298,NoButton,Move,593,490
221.313,221.313,NoButton,Move,593,490
221.334,221.334,NoButton,Move,592,490
221.347,221.347,NoButton,Move,592,490
221.363,221.363,NoButton,Move,590,484
221.381,221.381,NoButton,Move,584,473
221.397,221.397,NoButton,Move,583,471
221.414,221.414,NoButton,Move,579,460
221.43,221.43,NoButton,Move,576,455
221.443,221.443,Left,Pressed,576,455
221.463,221.463,NoButton,Move,576,455
221.542,221.542,Left,Released,576,455
221.745,221.745,NoButton,Move,576,455
221.751,221.751,NoButton,Move,574,453
221.763,221.763,NoButton,Move,573,452
221.78,221.78,NoButton,Move,568,446
221.797,221.797,NoButton,Move,557,433
221.815,221.815,NoButton,Move,542,414
221.83,221.83,NoButton,Move,523,391
221.847,221.847,NoButton,Move,503,363
221.864,221.864,NoButton,Move,485,339
221.88,221.88,NoButton,Move,474,324
221.897,221.897,NoButton,Move,469,317
221.914,221.914,NoButton,Move,464,311
221.93,221.93,NoButton,Move,462,309
221.947,221.947,NoButton,Move,462,308
221.963,221.963,NoButton,Move,461,308
221.994,221.994,Left,Pressed,461,308
221.998,221.998,Left,Released,461,308
222.847,222.847,NoButton,Move,396,532
222.867,222.867,NoButton,Move,396,531
222.88,222.88,NoButton,Move,401,481
222.88,222.88,NoButton,Move,402,470
222.884,222.884,NoButton,Move,412,426
222.884,222.884,Left,Pressed,412,426
222.896,222.896,NoButton,Move,406,450
222.896,222.896,Left,Released,412,426
225.45,225.45,NoButton,Move,476,469
225.463,225.463,NoButton,Move,466,480
225.48,225.48,NoButton,Move,476,468
225.496,225.496,NoButton,Move,476,468
225.513,225.513,NoButton,Move,476,468
225.53,225.53,NoButton,Move,475,468
225.546,225.546,NoButton,Move,472,468
225.563,225.563,NoButton,Move,469,469
225.58,225.58,NoButton,Move,464,471
225.597,225.597,NoButton,Move,463,472
225.613,225.613,NoButton,Move,455,478
225.63,225.63,NoButton,Move,451,483
225.646,225.646,NoButton,Move,448,488
225.662,225.662,NoButton,Move,446,492
225.679,225.679,NoButton,Move,445,494
225.697,225.697,NoButton,Move,445,495
225.728,225.728,Left,Pressed,445,495
225.73,225.73,NoButton,Move,445,495
225.871,225.871,Left,Released,445,495
231.232,231.232,NoButton,Move,445,498
231.247,231.247,NoButton,Move,449,509
231.263,231.263,NoButton,Move,451,514
231.28,231.28,NoButton,Move,453,519
231.296,231.296,NoButton,Move,454,522
231.313,231.313,NoButton,Move,455,527
231.33,231.33,NoButton,Move,455,534
231.347,231.347,NoButton,Move,455,539
231.363,231.363,NoButton,Move,455,542
231.381,231.381,NoButton,Move,455,552
231.397,231.397,NoButton,Move,455,556
231.413,231.413,NoButton,Move,454,559
231.43,231.43,NoButton,Move,453,562
231.447,231.447,NoButton,Move,453,563
231.463,231.463,NoButton,Move,452,563
231.48,231.48,NoButton,Move,452,563
231.494,231.494,Left,Pressed,452,563
231.621,231.621,Left,Released,452,563
231.63,231.63,NoButton,Move,452,563
234.379,234.379,NoButton,Move,451,566
234.396,234.396,NoButton,Move,447,570
234.398,234.398,NoButton,Move,442,576
234.414,234.414,NoButton,Move,439,578
234.43,234.43,NoButton,Move,435,580
234.447,234.447,NoButton,Move,429,582
234.463,234.463,NoButton,Move,423,583
234.48,234.48,NoButton,Move,420,583
234.499,234.499,NoButton,Move,416,583
234.555,234.555,NoButton,Move,371,583
234.566,234.566,NoButton,Move,360,581
234.58,234.58,NoButton,Move,353,581
234.597,234.597,NoButton,Move,346,580
234.613,234.613,NoButton,Move,337,580
234.63,234.63,NoButton,Move,334,583
234.646,234.646,NoButton,Move,332,590
234.663,234.663,NoButton,Move,329,599
234.68,234.68,NoButton,Move,327,605
234.697,234.697,NoButton,Move,325,610
234.713,234.713,NoButton,Move,324,612
234.743,234.743,Left,Pressed,324,612
234.748,234.748,NoButton,Move,324,612
234.845,234.845,Left,Released,324,612
234.925,234.925,NoButton,Move,324,612
234.934,234.934,NoButton,Move,325,612
234.947,234.947,NoButton,Move,328,612
234.964,234.964,NoButton,Move,340,612
234.98,234.98,NoButton,Move,354,612
234.997,234.997,NoButton,Move,374,609
235.014,235.014,NoButton,Move,386,608
235.03,235.03,NoButton,Move,422,603
235.047,235.047,NoButton,Move,435,603
235.063,235.063,NoButton,Move,463,603
235.08,235.08,NoButton,Move,487,605
235.097,235.097,NoButton,Move,492,607
235.113,235.113,NoButton,Move,513,621
235.13,235.13,NoButton,Move,526,637
235.147,235.147,NoButton,Move,534,650
235.163,235.163,NoButton,Move,541,665
235.18,235.18,NoButton,Move,544,674
235.197,235.197,NoButton,Move,546,681
235.214,235.214,NoButton,Move,547,684
235.226,235.226,Left,Pressed,547,684
235.247,235.247,NoButton,Move,547,684
235.327,235.327,Left,Released,547,684
235.351,235.351,NoButton,Move,547,684
235.365,235.365,NoButton,Move,547,684
235.38,235.38,NoButton,Move,546,684
235.397,235.397,NoButton,Move,546,684
235.447,235.447,NoButton,Move,546,683
235.464,235.464,NoButton,Move,546,679
235.48,235.48,NoButton,Move,546,673
235.497,235.497,NoButton,Move,545,665
235.514,235.514,NoButton,Move,545,660
235.531,235.531,NoButton,Move,545,655
235.546,235.546,NoButton,Move,545,653
235.564,235.564,NoButton,Move,545,653
235.577,235.577,Left,Pressed,545,653
235.597,235.597,NoButton,Move,545,653
235.677,235.677,Left,Released,545,653
235.785,235.785,NoButton,Move,545,652
235.797,235.797,NoButton,Move,545,651
235.813,235.813,NoButton,Move,545,647
235.83,235.83,NoButton,Move,545,642
235.847,235.847,NoButton,Move,546,631
235.864,235.864,NoButton,Move,549,619
235.88,235.88,NoButton,Move,553,602
235.897,235.897,NoButton,Move,557,590
235.914,235.914,NoButton,Move,565,576
235.93,235.93,NoButton,Move,575,563
235.947,235.947,NoButton,Move,587,545
235.963,235.963,NoButton,Move,598,531
235.981,235.981,NoButton,Move,610,510
235.997,235.997,NoButton,Move,617,499
236.014,236.014,NoButton,Move,623,491
236.03,236.03,NoButton,Move,632,483
236.047,236.047,NoButton,Move,635,481
236.064,236.064,NoButton,Move,637,480
236.08,236.08,NoButton,Move,638,480
236.097,236.097,NoButton,Move,638,480
236.11,236.11,Left,Pressed,638,480
236.13,236.13,NoButton,Move,638,480
236.244,236.244,Left,Released,638,480
236.802,236.802,NoButton,Move,637,480
236.814,236.814,NoButton,Move,637,480
236.83,236.83,NoButton,Move,635,480
236.847,236.847,NoButton,Move,635,480
237.061,237.061,Left,Pressed,635,480
237.177,237.177,Left,Released,635,480
237.326,237.326,NoButton,Move,635,480
237.347,237.347,NoButton,Move,632,478
237.364,237.364,NoButton,Move,629,476
237.38,237.38,NoButton,Move,628,475
237.397,237.397,NoButton,Move,619,466
237.413,237.413,NoButton,Move,616,463
237.43,237.43,NoButton,Move,616,462
237.442,237.442,Left,Pressed,616,462
237.463,237.463,NoButton,Move,616,462
237.559,237.559,Left,Released,616,462
242.469,242.469,NoButton,Move,615,462
242.475,242.475,NoButton,Move,607,462
242.487,242.487,NoButton,Move,596,459
242.504,242.504,NoButton,Move,542,441
242.521,242.521,NoButton,Move,459,408
242.537,242.537,NoButton,Move,369,364
242.554,242.554,NoButton,Move,247,291
242.57,242.57,NoButton,Move,192,263
242.587,242.587,NoButton,Move,159,250
242.603,242.603,NoButton,Move,134,242
242.81,242.81,NoButton,Move,133,242
242.82,242.82,NoButton,Move,131,242
242.837,242.837,NoButton,Move,124,243
242.853,242.853,NoButton,Move,116,243
242.871,242.871,NoButton,Move,108,243
242.886,242.886,NoButton,Move,103,243
242.903,242.903,NoButton,Move,100,242
242.919,242.919,NoButton,Move,98,242
242.936,242.936,NoButton,Move,98,242
242.95,242.95,Left,Pressed,98,242
243.032,243.032,Left,Released,98,242
243.252,243.252,NoButton,Move,100,242
243.269,243.269,NoButton,Move,112,242
243.285,243.285,NoButton,Move,137,242
243.303,243.303,NoButton,Move,212,241
243.319,243.319,NoButton,Move,378,239
243.335,243.335,NoButton,Move,581,257
243.352,243.352,NoButton,Move,768,290
243.368,243.368,NoButton,Move,981,340
243.385,243.385,NoButton,Move,1113,374
243.809,243.809,NoButton,Move,1112,374
243.835,243.835,NoButton,Move,1069,390
243.852,243.852,NoButton,Move,1001,409
243.868,243.868,NoButton,Move,912,423
243.885,243.885,NoButton,Move,845,426
243.902,243.902,NoButton,Move,793,426
243.918,243.918,NoButton,Move,756,421
243.933,243.933,NoButton,Move,739,417
244.117,244.117,NoButton,Move,739,417
244.134,244.134,NoButton,Move,733,419
244.151,244.151,NoButton,Move,712,423
244.167,244.167,NoButton,Move,642,431
244.184,244.184,NoButton,Move,550,432
244.201,244.201,NoButton,Move,479,432
244.234,244.234,NoButton,Move,380,422
244.25,244.25,NoButton,Move,347,417
244.267,244.267,NoButton,Move,335,415
244.284,244.284,NoButton,Move,326,413
244.3,244.3,NoButton,Move,323,413
244.318,244.318,NoButton,Move,322,413
244.334,244.334,NoButton,Move,322,413
244.367,244.367,NoButton,Move,322,413
244.383,244.383,NoButton,Move,322,418
244.4,244.4,NoButton,Move,322,422
244.417,244.417,NoButton,Move,322,424
244.433,244.433,NoButton,Move,322,426
244.45,244.45,NoButton,Move,322,426
244.466,244.466,NoButton,Move,322,427
244.483,244.483,NoButton,Move,323,427
244.497,244.497,Left,Pressed,323,427
244.516,244.516,NoButton,Move,323,427
244.612,244.612,Left,Released,323,427
244.927,244.927,NoButton,Move,323,427
244.934,244.934,NoButton,Move,326,427
244.949,244.949,NoButton,Move,330,427
244.966,244.966,NoButton,Move,347,425
244.982,244.982,NoButton,Move,367,423
244.999,244.999,NoButton,Move,396,422
245.016,245.016,NoButton,Move,443,420
245.032,245.032,NoButton,Move,487,420
245.049,245.049,NoButton,Move,557,430
245.065,245.065,NoButton,Move,589,438
245.082,245.082,NoButton,Move,629,447
245.099,245.099,NoButton,Move,665,450
245.115,245.115,NoButton,Move,679,450
245.772,245.772,NoButton,Move,679,469
245.797,245.797,NoButton,Move,692,492
245.814,245.814,NoButton,Move,706,506
245.831,245.831,NoButton,Move,734,525
245.847,245.847,NoButton,Move,775,548
245.864,245.864,NoButton,Move,825,570
245.881,245.881,NoButton,Move,860,586
245.897,245.897,NoButton,Move,886,599
245.914,245.914,NoButton,Move,902,608
245.931,245.931,NoButton,Move,915,618
245.947,245.947,NoButton,Move,917,621
245.964,245.964,NoButton,Move,916,622
245.98,245.98,NoButton,Move,910,622
245.997,245.997,NoButton,Move,901,620
246.014,246.014,NoButton,Move,893,618
246.03,246.03,NoButton,Move,886,618
246.047,246.047,NoButton,Move,879,618
246.064,246.064,NoButton,Move,872,618
246.08,246.08,NoButton,Move,863,618
246.097,246.097,NoButton,Move,853,617
246.114,246.114,NoButton,Move,843,613
246.129,246.129,NoButton,Move,838,610
246.147,246.147,NoButton,Move,835,607
246.164,246.164,NoButton,Move,833,606
246.177,246.177,Left,Pressed,833,606
246.213,246.213,NoButton,Move,833,606
246.309,246.309,Left,Released,833,606
246.488,246.488,NoButton,Move,833,605
246.496,246.496,NoButton,Move,833,604
246.514,246.514,NoButton,Move,832,602
246.53,246.53,NoButton,Move,830,599
246.546,246.546,NoButton,Move,829,597
246.563,246.563,NoButton,Move,828,594
246.579,246.579,NoButton,Move,826,593
246.596,246.596,NoButton,Move,826,593
246.609,246.609,Left,Pressed,826,593
246.708,246.708,NoButton,Move,826,592
246.708,246.708,Left,Released,826,592
258.649,258.649,NoButton,Move,827,603
258.666,258.666,NoButton,Move,835,618
258.682,258.682,NoButton,Move,843,630
258.699,258.699,NoButton,Move,852,638
258.715,258.715,NoButton,Move,863,646
258.732,258.732,NoButton,Move,874,652
258.749,258.749,NoButton,Move,884,654
258.766,258.766,NoButton,Move,890,654
258.782,258.782,NoButton,Move,897,654
258.799,258.799,NoButton,Move,903,654
258.816,258.816,NoButton,Move,907,652
258.832,258.832,NoButton,Move,912,650
258.849,258.849,NoButton,Move,915,648
258.865,258.865,NoButton,Move,917,646
258.882,258.882,NoButton,Move,917,646
258.899,258.899,NoButton,Move,915,648
258.916,258.916,NoButton,Move,904,652
258.932,258.932,NoButton,Move,888,655
258.949,258.949,NoButton,Move,864,656
258.966,258.966,NoButton,Move,838,656
258.982,258.982,NoButton,Move,820,655
258.999,258.999,NoButton,Move,810,653
259.015,259.015,NoButton,Move,803,651
259.032,259.032,NoButton,Move,799,650
259.049,259.049,NoButton,Move,799,650
259.079,259.079,Left,Pressed,799,650
259.086,259.086,NoButton,Move,799,650
259.195,259.195,Left,Released,799,650
263.331,263.331,NoButton,Move,798,650
263.347,263.347,NoButton,Move,793,650
263.363,263.363,NoButton,Move,728,635
263.379,263.379,NoButton,Move,601,596
263.396,263.396,NoButton,Move,497,555
263.413,263.413,NoButton,Move,367,493
263.429,263.429,NoButton,Move,299,462
263.446,263.446,NoButton,Move,275,453
263.462,263.462,NoButton,Move,252,445
263.639,263.639,NoButton,Move,252,445
263.647,263.647,NoButton,Move,247,445
263.662,263.662,NoButton,Move,242,445
263.679,263.679,NoButton,Move,222,439
263.696,263.696,NoButton,Move,188,421
263.713,263.713,NoButton,Move,140,388
263.729,263.729,NoButton,Move,120,371
263.746,263.746,NoButton,Move,102,356
263.763,263.763,NoButton,Move,93,345
263.779,263.779,NoButton,Move,88,336
263.796,263.796,NoButton,Move,87,332
263.813,263.813,NoButton,Move,86,327
263.829,263.829,NoButton,Move,86,323
263.846,263.846,NoButton,Move,86,320
263.862,263.862,NoButton,Move,86,319
263.879,263.879,NoButton,Move,86,317
263.895,263.895,NoButton,Move,86,316
263.912,263.912,NoButton,Move,86,313
263.929,263.929,NoButton,Move,86,310
263.946,263.946,NoButton,Move,86,306
263.963,263.963,NoButton,Move,86,303
263.979,263.979,NoButton,Move,87,300
263.995,263.995,NoButton,Move,87,299
264.012,264.012,NoButton,Move,87,297
264.029,264.029,NoButton,Move,88,296
264.045,264.045,NoButton,Move,88,296
264.059,264.059,Left,Pressed,88,296
264.079,264.079,NoButton,Move,88,296
264.159,264.159,Left,Released,88,296
264.195,264.195,NoButton,Move,88,296
264.572,264.572,NoButton,Move,89,296
264.595,264.595,NoButton,Move,93,296
264.612,264.612,NoButton,Move,99,296
264.629,264.629,NoButton,Move,107,296
264.646,264.646,NoButton,Move,115,298
264.662,264.662,NoButton,Move,127,300
264.679,264.679,NoButton,Move,134,300
264.695,264.695,NoButton,Move,139,301
264.712,264.712,NoButton,Move,141,301
264.729,264.729,NoButton,Move,142,301
264.745,264.745,NoButton,Move,142,301
264.762,264.762,NoButton,Move,142,303
264.779,264.779,NoButton,Move,142,308
264.795,264.795,NoButton,Move,141,313
264.812,264.812,NoButton,Move,137,320
264.829,264.829,NoButton,Move,132,327
264.845,264.845,NoButton,Move,127,331
264.862,264.862,NoButton,Move,123,334
264.879,264.879,NoButton,Move,120,336
264.895,264.895,NoButton,Move,119,337
264.908,264.908,Left,Pressed,119,337
264.945,264.945,NoButton,Move,118,337
265.025,265.025,Left,Released,118,337
265.252,265.252,NoButton,Move,118,337
265.262,265.262,NoButton,Move,118,338
265.278,265.278,NoButton,Move,118,339
265.295,265.295,NoButton,Move,118,340
265.312,265.312,NoButton,Move,118,343
265.328,265.328,NoButton,Move,118,345
265.345,265.345,NoButton,Move,118,348
265.361,265.361,NoButton,Move,118,351
265.378,265.378,NoButton,Move,118,353
265.394,265.394,NoButton,Move,118,356
265.412,265.412,NoButton,Move,118,358
265.428,265.428,NoButton,Move,117,359
265.445,265.445,NoButton,Move,117,360
265.461,265.461,NoButton,Move,117,361
265.474,265.474,Left,Pressed,117,361
265.495,265.495,NoButton,Move,117,361
265.575,265.575,Left,Released,117,361
265.866,265.866,NoButton,Move,119,361
265.878,265.878,NoButton,Move,124,360
265.895,265.895,NoButton,Move,139,355
265.911,265.911,NoButton,Move,176,347
265.928,265.928,NoButton,Move,226,341
265.945,265.945,NoButton,Move,321,336
265.961,265.961,NoButton,Move,387,336
265.978,265.978,NoButton,Move,468,338
265.995,265.995,NoButton,Move,515,343
266.011,266.011,NoButton,Move,549,347
266.028,266.028,NoButton,Move,563,348
266.177,266.177,NoButton,Move,563,348
266.184,266.184,NoButton,Move,563,347
266.194,266.194,NoButton,Move,562,345
266.212,266.212,NoButton,Move,560,342
266.228,266.228,NoButton,Move,557,338
266.244,266.244,NoButton,Move,555,335
266.261,266.261,NoButton,Move,553,333
266.278,266.278,NoButton,Move,553,332
266.291,266.291,Left,Pressed,553,332
266.295,266.295,Left,Released,553,332
267.284,267.284,Left,Pressed,471,394
267.285,267.285,Left,Released,471,394
267.293,267.293,NoButton,Move,471,394
271.801,271.801,NoButton,Move,411,519
271.809,271.809,NoButton,Move,405,514
271.825,271.825,NoButton,Move,412,521
271.842,271.842,NoButton,Move,414,522
271.859,271.859,NoButton,Move,415,524
271.875,271.875,NoButton,Move,417,525
271.892,271.892,NoButton,Move,417,525
271.909,271.909,NoButton,Move,418,525
271.925,271.925,NoButton,Move,418,525
271.943,271.943,NoButton,Move,419,521
271.958,271.958,NoButton,Move,420,519
271.975,271.975,NoButton,Move,421,514
271.992,271.992,NoButton,Move,423,507
272.009,272.009,NoButton,Move,425,504
272.025,272.025,NoButton,Move,426,502
272.042,272.042,NoButton,Move,426,500
272.072,272.072,Left,Pressed,426,500
272.078,272.078,NoButton,Move,426,500
272.238,272.238,Left,Released,426,500
272.518,272.518,NoButton,Move,426,500
272.526,272.526,NoButton,Move,426,500
272.542,272.542,NoButton,Move,426,498
272.56,272.56,NoButton,Move,427,497
272.576,272.576,NoButton,Move,428,497
272.592,272.592,NoButton,Move,428,496
272.609,272.609,NoButton,Move,428,496
272.69,272.69,NoButton,Move,428,496
273.009,273.009,NoButton,Move,428,495
273.092,273.092,NoButton,Move,428,495
273.109,273.109,NoButton,Move,428,495
273.125,273.125,NoButton,Move,428,494
273.142,273.142,NoButton,Move,428,494
273.159,273.159,NoButton,Move,428,493
273.175,273.175,NoButton,Move,428,493
273.192,273.192,NoButton,Move,428,493
273.214,273.214,NoButton,Move,428,493
273.259,273.259,NoButton,Move,428,493
273.344,273.344,NoButton,Move,428,492
274.239,274.239,NoButton,Move,428,498
274.258,274.258,NoButton,Move,427,522
274.275,274.275,NoButton,Move,427,528
274.291,274.291,NoButton,Move,427,532
274.308,274.308,NoButton,Move,427,535
274.325,274.325,NoButton,Move,427,540
274.341,274.341,NoButton,Move,427,546
274.358,274.358,NoButton,Move,427,553
274.375,274.375,NoButton,Move,427,557
274.391,274.391,NoButton,Move,427,560
274.408,274.408,NoButton,Move,427,562
274.425,274.425,NoButton,Move,426,564
274.442,274.442,NoButton,Move,425,565
274.458,274.458,NoButton,Move,424,567
274.476,274.476,NoButton,Move,424,568
274.492,274.492,NoButton,Move,423,570
274.508,274.508,NoButton,Move,422,571
274.539,274.539,Left,Pressed,422,571
274.558,274.558,NoButton,Move,422,571
274.665,274.665,Left,Released,422,571
279.507,279.507,NoButton,Move,423,578
279.525,279.525,NoButton,Move,423,586
279.54,279.54,NoButton,Move,421,589
279.557,279.557,NoButton,Move,417,592
279.574,279.574,NoButton,Move,409,594
279.59,279.59,NoButton,Move,399,595
279.607,279.607,NoButton,Move,386,596
279.624,279.624,NoButton,Move,375,600
279.641,279.641,NoButton,Move,363,603
279.657,279.657,NoButton,Move,353,607
279.675,279.675,NoButton,Move,344,611
279.691,279.691,NoButton,Move,338,613
279.708,279.708,NoButton,Move,332,616
279.725,279.725,NoButton,Move,327,617
279.741,279.741,NoButton,Move,324,617
279.757,279.757,NoButton,Move,322,618
279.774,279.774,NoButton,Move,320,619
279.79,279.79,NoButton,Move,319,621
279.807,279.807,NoButton,Move,319,622
279.823,279.823,NoButton,Move,319,625
279.841,279.841,NoButton,Move,319,626
279.854,279.854,Left,Pressed,319,626
279.957,279.957,NoButton,Move,319,626
279.959,279.959,Left,Released,319,626
280.086,280.086,NoButton,Move,321,625
280.094,280.094,NoButton,Move,328,620
280.107,280.107,NoButton,Move,337,616
280.123,280.123,NoButton,Move,359,604
280.14,280.14,NoButton,Move,402,588
280.157,280.157,NoButton,Move,461,569
280.173,280.173,NoButton,Move,521,549
280.19,280.19,NoButton,Move,556,536
280.207,280.207,NoButton,Move,583,526
280.224,280.224,NoButton,Move,605,515
280.24,280.24,NoButton,Move,612,510
280.257,280.257,NoButton,Move,619,504
280.273,280.273,NoButton,Move,622,501
280.29,280.29,NoButton,Move,624,499
280.307,280.307,NoButton,Move,625,498
280.323,280.323,NoButton,Move,625,497
280.34,280.34,NoButton,Move,626,496
280.357,280.357,NoButton,Move,627,495
280.386,280.386,Left,Pressed,627,495
280.39,280.39,NoButton,Move,628,495
280.503,280.503,Left,Released,628,495
280.89,280.89,NoButton,Move,628,495
280.907,280.907,NoButton,Move,625,492
280.923,280.923,NoButton,Move,619,485
280.94,280.94,NoButton,Move,611,477
280.957,280.957,NoButton,Move,604,468
280.973,280.973,NoButton,Move,600,463
280.99,280.99,NoButton,Move,597,459
281.007,281.007,NoButton,Move,595,457
281.023,281.023,NoButton,Move,594,456
281.054,281.054,Left,Pressed,594,456
281.073,281.073,NoButton,Move,594,456
281.152,281.152,Left,Released,594,456
282.585,282.585,NoButton,Move,593,456
282.607,282.607,NoButton,Move,575,456
282.623,282.623,NoButton,Move,542,448
282.64,282.64,NoButton,Move,489,428
282.657,282.657,NoButton,Move,457,416
282.673,282.673,NoButton,Move,315,356
282.69,282.69,NoButton,Move,260,330
282.707,282.707,NoButton,Move,215,312
282.723,282.723,NoButton,Move,187,307
282.907,282.907,NoButton,Move,187,307
282.923,282.923,NoButton,Move,183,307
282.94,282.94,NoButton,Move,179,310
282.957,282.957,NoButton,Move,175,313
282.973,282.973,NoButton,Move,167,319
282.99,282.99,NoButton,Move,163,323
283.007,283.007,NoButton,Move,159,326
283.023,283.023,NoButton,Move,157,327
283.04,283.04,NoButton,Move,156,328
283.057,283.057,NoButton,Move,156,328
283.07,283.07,Left,Pressed,156,328
283.27,283.27,Left,Released,156,328
283.911,283.911,NoButton,Move,156,328
283.923,283.923,NoButton,Move,159,328
283.94,283.94,NoButton,Move,170,333
283.957,283.957,NoButton,Move,189,343
283.973,283.973,NoButton,Move,228,362
283.989,283.989,NoButton,Move,255,375
284.006,284.006,NoButton,Move,289,393
284.023,284.023,NoButton,Move,317,408
284.04,284.04,NoButton,Move,334,418
284.056,284.056,NoButton,Move,350,428
284.073,284.073,NoButton,Move,355,433
285.49,285.49,NoButton,Move,355,433
285.506,285.506,NoButton,Move,357,441
285.523,285.523,NoButton,Move,363,447
285.539,285.539,NoButton,Move,371,453
285.556,285.556,NoButton,Move,389,461
285.573,285.573,NoButton,Move,409,465
285.589,285.589,NoButton,Move,436,466
285.606,285.606,NoButton,Move,477,461
285.623,285.623,NoButton,Move,517,448
285.639,285.639,NoButton,Move,564,430
285.656,285.656,NoButton,Move,616,409
285.673,285.673,NoButton,Move,650,395
285.689,285.689,NoButton,Move,676,383
285.706,285.706,NoButton,Move,693,375
285.723,285.723,NoButton,Move,707,365
285.903,285.903,NoButton,Move,707,367
285.907,285.907,NoButton,Move,707,379
285.923,285.923,NoButton,Move,707,391
285.94,285.94,NoButton,Move,707,417
285.956,285.956,NoButton,Move,707,445
285.973,285.973,NoButton,Move,696,510
285.989,285.989,NoButton,Move,673,564
286.006,286.006,NoButton,Move,640,615
286.023,286.023,NoButton,Move,600,665
286.039,286.039,NoButton,Move,570,694
286.056,286.056,NoButton,Move,537,726
286.072,286.072,NoButton,Move,521,741
286.269,286.269,Scroll,Down,0,1
286.29,286.29,Scroll,Down,0,2
286.324,286.324,Scroll,Down,0,9
286.357,286.357,Scroll,Down,0,8
286.373,286.373,Scroll,Down,0,11
286.389,286.389,Scroll,Down,0,4
286.406,286.406,Scroll,Down,0,2
286.422,286.422,Scroll,Down,0,1
286.439,286.439,Scroll,Down,0,1
286.556,286.556,NoButton,Move,521,743
286.589,286.589,NoButton,Move,519,745
286.619,286.619,Left,Pressed,519,745
286.624,286.624,NoButton,Move,519,745
286.728,286.728,Left,Released,519,745
291.552,291.552,Scroll,Down,0,1
291.572,291.572,Scroll,Down,0,1
291.589,291.589,Scroll,Down,0,1
291.623,291.623,Scroll,Down,0,1
291.689,291.689,Scroll,Up,0,0
291.705,291.705,Scroll,Down,0,1
291.722,291.722,Scroll,Down,0,1
291.739,291.739,Scroll,Down,0,1
291.756,291.756,Scroll,Down,0,2
291.772,291.772,Scroll,Down,0,3
291.789,291.789,Scroll,Down,0,3
291.806,291.806,Scroll,Down,0,4
291.822,291.822,Scroll,Down,0,4
291.839,291.839,Scroll,Down,0,4
291.856,291.856,Scroll,Down,0,3
291.872,291.872,Scroll,Down,0,2
291.889,291.889,Scroll,Down,0,1
291.906,291.906,Scroll,Down,0,1
292.052,292.052,NoButton,Move,519,749
292.061,292.061,NoButton,Move,519,753
292.072,292.072,NoButton,Move,520,756
292.088,292.088,NoButton,Move,520,761
292.106,292.106,NoButton,Move,520,765
292.122,292.122,NoButton,Move,520,773
292.139,292.139,NoButton,Move,520,781
292.155,292.155,NoButton,Move,520,788
292.172,292.172,NoButton,Move,518,796
292.189,292.189,NoButton,Move,516,802
292.206,292.206,NoButton,Move,515,805
292.222,292.222,NoButton,Move,514,808
292.239,292.239,NoButton,Move,514,809
292.255,292.255,NoButton,Move,513,809
292.286,292.286,Left,Pressed,513,809
292.29,292.29,Left,Released,513,809
295.014,295.014,NoButton,Move,441,799
295.022,295.022,NoButton,Move,441,799
295.138,295.138,Scroll,Down,0,1
295.155,295.155,Scroll,Down,0,3
295.172,295.172,Scroll,Down,0,9
295.188,295.188,Scroll,Down,0,16
295.205,295.205,Scroll,Down,0,22
295.222,295.222,Scroll,Down,0,18
295.238,295.238,Scroll,Down,0,16
295.255,295.255,Scroll,Down,0,25
295.272,295.272,Scroll,Down,0,28
295.288,295.288,Scroll,Down,0,29
295.305,295.305,Scroll,Down,0,29
295.322,295.322,Scroll,Down,0,28
295.338,295.338,Scroll,Down,0,27
295.36,295.36,Scroll,Down,0,30
295.74,295.74,NoButton,Move,441,798
295.762,295.762,NoButton,Move,439,782
295.778,295.778,NoButton,Move,434,767
295.794,295.794,NoButton,Move,427,741
295.812,295.812,NoButton,Move,417,707
295.828,295.828,NoButton,Move,411,689
295.855,295.855,NoButton,Move,406,674
295.861,295.861,NoButton,Move,405,671
295.888,295.888,NoButton,Move,404,667
295.905,295.905,NoButton,Move,403,667
295.922,295.922,NoButton,Move,402,667
295.938,295.938,NoButton,Move,400,665
295.955,295.955,NoButton,Move,397,664
295.971,295.971,NoButton,Move,395,661
295.988,295.988,NoButton,Move,393,657
296.005,296.005,NoButton,Move,391,653
296.022,296.022,NoButton,Move,390,649
296.038,296.038,NoButton,Move,390,646
296.055,296.055,NoButton,Move,389,645
296.072,296.072,NoButton,Move,389,645
296.086,296.086,Left,Pressed,389,645
296.122,296.122,NoButton,Move,389,645
296.241,296.241,Left,Released,389,645
300.606,300.606,NoButton,Move,389,655
300.621,300.621,NoButton,Move,386,688
300.638,300.638,NoButton,Move,386,701
300.655,300.655,NoButton,Move,386,710
300.671,300.671,NoButton,Move,386,715
300.688,300.688,NoButton,Move,386,722
300.705,300.705,NoButton,Move,385,726
300.722,300.722,NoButton,Move,385,730
300.738,300.738,NoButton,Move,384,732
300.756,300.756,NoButton,Move,383,735
300.771,300.771,NoButton,Move,382,737
300.788,300.788,NoButton,Move,381,739
300.805,300.805,NoButton,Move,380,740
300.821,300.821,NoButton,Move,380,741
300.838,300.838,NoButton,Move,379,741
300.868,300.868,Left,Pressed,379,741
301.001,301.001,Left,Released,379,741
307.348,307.348,NoButton,Move,382,750
307.355,307.355,NoButton,Move,384,753
307.371,307.371,NoButton,Move,385,758
307.388,307.388,NoButton,Move,385,760
307.404,307.404,NoButton,Move,385,761
307.422,307.422,NoButton,Move,383,762
307.438,307.438,NoButton,Move,373,760
307.455,307.455,NoButton,Move,346,740
307.472,307.472,NoButton,Move,292,690
307.488,307.488,NoButton,Move,221,616
307.504,307.504,NoButton,Move,138,518
307.521,307.521,NoButton,Move,56,423
307.538,307.538,NoButton,Move,10,364
307.554,307.554,NoButton,Move,0,318
307.571,307.571,NoButton,Move,0,310
307.692,307.692,NoButton,Move,5,314
307.704,307.704,NoButton,Move,16,324
307.721,307.721,NoButton,Move,55,349
307.738,307.738,NoButton,Move,100,376
307.755,307.755,NoButton,Move,138,396
307.771,307.771,NoButton,Move,189,420
307.788,307.788,NoButton,Move,202,425
307.935,307.935,Scroll,Up,0,1
307.954,307.954,Scroll,Up,0,6
307.971,307.971,Scroll,Up,0,15
307.987,307.987,Scroll,Up,0,17
308.005,308.005,Scroll,Up,0,19
308.021,308.021,Scroll,Up,0,18
308.038,308.038,Scroll,Up,0,28
308.055,308.055,Scroll,Up,0,31
308.071,308.071,Scroll,Up,0,33
308.088,308.088,Scroll,Up,0,33
308.105,308.105,Scroll,Up,0,33
308.12,308.12,Scroll,Up,0,32
308.138,308.138,Scroll,Up,0,36
308.154,308.154,Scroll,Up,0,35
308.705,308.705,NoButton,Move,202,424
308.71,308.71,NoButton,Move,200,420
308.722,308.722,NoButton,Move,197,414
308.738,308.738,NoButton,Move,186,397
308.754,308.754,NoButton,Move,163,364
308.771,308.771,NoButton,Move,134,322
308.788,308.788,NoButton,Move,113,290
308.804,308.804,NoButton,Move,102,274
308.821,308.821,NoButton,Move,95,264
308.838,308.838,NoButton,Move,89,256
308.854,308.854,NoButton,Move,87,252
308.871,308.871,NoButton,Move,86,251
308.888,308.888,NoButton,Move,86,251
308.922,308.922,NoButton,Move,86,251
309.218,309.218,Left,Pressed,86,251
309.367,309.367,Left,Released,86,251
309.984,309.984,NoButton,Move,86,251
310.005,310.005,NoButton,Move,86,253
310.021,310.021,NoButton,Move,88,257
310.038,310.038,NoButton,Move,89,264
310.055,310.055,NoButton,Move,90,272
310.071,310.071,NoButton,Move,91,277
310.087,310.087,NoButton,Move,92,283
310.105,310.105,NoButton,Move,93,288
310.12,310.12,NoButton,Move,93,291
310.138,310.138,NoButton,Move,93,293
310.154,310.154,NoButton,Move,93,294
310.171,310.171,NoButton,Move,93,295
310.201,310.201,Left,Pressed,93,295
310.317,310.317,Left,Released,93,295
310.861,310.861,NoButton,Move,94,295
310.871,310.871,NoButton,Move,97,295
310.889,310.889,NoButton,Move,107,293
310.905,310.905,NoButton,Move,129,289
310.921,310.921,NoButton,Move,175,280
310.938,310.938,NoButton,Move,230,273
310.955,310.955,NoButton,Move,287,269
310.971,310.971,NoButton,Move,329,269
310.987,310.987,NoButton,Move,372,269
311.004,311.004,NoButton,Move,392,269
311.021,311.021,NoButton,Move,404,269
311.038,311.038,NoButton,Move,412,268
311.055,311.055,NoButton,Move,414,267
311.071,311.071,NoButton,Move,415,267
311.088,311.088,NoButton,Move,415,267
311.134,311.134,Left,Pressed,415,267
311.26,311.26,Left,Released,415,267
314.912,314.912,NoButton,Move,419,288
314.937,314.937,NoButton,Move,484,413
314.954,314.954,NoButton,Move,530,484
314.971,314.971,NoButton,Move,588,572
314.988,314.988,NoButton,Move,632,627
315.004,315.004,NoButton,Move,649,646
315.021,315.021,NoButton,Move,667,667
315.038,315.038,NoButton,Move,674,676
315.204,315.204,NoButton,Move,674,681
315.22,315.22,NoButton,Move,679,693
315.238,315.238,NoButton,Move,684,707
315.255,315.255,NoButton,Move,694,731
315.271,315.271,NoButton,Move,699,748
315.287,315.287,NoButton,Move,702,765
315.304,315.304,NoButton,Move,703,778
315.321,315.321,NoButton,Move,703,785
315.338,315.338,NoButton,Move,703,791
315.354,315.354,NoButton,Move,702,794
315.37,315.37,NoButton,Move,701,797
315.387,315.387,NoButton,Move,700,798
315.404,315.404,NoButton,Move,699,798
315.421,315.421,NoButton,Move,698,799
315.437,315.437,NoButton,Move,697,800
315.454,315.454,NoButton,Move,695,801
315.471,315.471,NoButton,Move,692,803
315.487,315.487,NoButton,Move,689,806
315.504,315.504,NoButton,Move,686,809
315.521,315.521,NoButton,Move,682,814
315.538,315.538,NoButton,Move,679,817
315.554,315.554,NoButton,Move,676,820
315.571,315.571,NoButton,Move,674,824
315.587,315.587,NoButton,Move,672,827
315.604,315.604,NoButton,Move,670,831
315.621,315.621,NoButton,Move,668,834
315.638,315.638,NoButton,Move,666,837
315.655,315.655,NoButton,Move,664,839
315.671,315.671,NoButton,Move,663,840
315.687,315.687,NoButton,Move,662,842
315.705,315.705,NoButton,Move,661,844
315.721,315.721,NoButton,Move,660,845
315.737,315.737,NoButton,Move,659,847
315.754,315.754,NoButton,Move,658,847
315.771,315.771,NoButton,Move,658,848
315.787,315.787,NoButton,Move,657,849
315.804,315.804,NoButton,Move,657,849
315.821,315.821,NoButton,Move,657,849
315.867,315.867,Left,Pressed,657,849
315.983,315.983,Left,Released,657,849
316.792,316.792,NoButton,Move,657,849
316.805,316.805,NoButton,Move,657,848
316.821,316.821,NoButton,Move,657,846
316.838,316.838,NoButton,Move,657,842
316.855,316.855,NoButton,Move,657,838
316.871,316.871,NoButton,Move,657,831
316.888,316.888,NoButton,Move,657,815
316.904,316.904,NoButton,Move,657,784
316.921,316.921,NoButton,Move,667,742
316.938,316.938,NoButton,Move,706,642
316.955,316.955,NoButton,Move,752,566
316.971,316.971,NoButton,Move,805,507
316.988,316.988,NoButton,Move,856,462
317.004,317.004,NoButton,Move,892,437
317.397,317.397,NoButton,Move,892,437
317.404,317.404,NoButton,Move,892,440
317.421,317.421,NoButton,Move,892,446
317.438,317.438,NoButton,Move,892,453
317.454,317.454,NoButton,Move,890,463
317.471,317.471,NoButton,Move,883,478
317.488,317.488,NoButton,Move,874,493
317.504,317.504,NoButton,Move,862,511
317.521,317.521,NoButton,Move,854,525
317.538,317.538,NoButton,Move,844,539
317.555,317.555,NoButton,Move,839,548
317.571,317.571,NoButton,Move,833,555
317.588,317.588,NoButton,Move,830,559
317.604,317.604,NoButton,Move,829,561
317.621,317.621,NoButton,Move,829,562
317.638,317.638,NoButton,Move,829,562
317.888,317.888,NoButton,Move,829,562
317.904,317.904,NoButton,Move,829,561
317.922,317.922,NoButton,Move,829,561
317.938,317.938,NoButton,Move,829,560
317.954,317.954,NoButton,Move,828,559
317.971,317.971,NoButton,Move,828,559
318.021,318.021,NoButton,Move,828,558
318.071,318.071,NoButton,Move,828,558
318.087,318.087,NoButton,Move,828,558
318.104,318.104,NoButton,Move,828,558
318.121,318.121,NoButton,Move,828,557
318.248,318.248,NoButton,Move,828,558
318.255,318.255,NoButton,Move,828,560
318.271,318.271,NoButton,Move,828,561
318.288,318.288,NoButton,Move,828,566
318.304,318.304,NoButton,Move,828,575
318.321,318.321,NoButton,Move,828,578
318.337,318.337,NoButton,Move,828,585
318.354,318.354,NoButton,Move,826,598
318.371,318.371,NoButton,Move,824,608
318.387,318.387,NoButton,Move,822,617
318.404,318.404,NoButton,Move,820,624
318.421,318.421,NoButton,Move,817,630
318.438,318.438,NoButton,Move,813,635
319.493,319.493,NoButton,Move,813,635
319.504,319.504,NoButton,Move,813,636
319.566,319.566,NoButton,Move,813,636
319.705,319.705,NoButton,Move,813,636
319.729,319.729,NoButton,Move,813,635
319.738,319.738,NoButton,Move,813,635
319.801,319.801,Left,Pressed,813,635
320.034,320.034,Left,Released,813,635
320.271,320.271,NoButton,Move,813,633
320.288,320.288,NoButton,Move,813,629
320.304,320.304,NoButton,Move,813,624
320.321,320.321,NoButton,Move,804,606
320.338,320.338,NoButton,Move,755,567
320.354,320.354,NoButton,Move,714,542
320.371,320.371,NoButton,Move,473,412
320.387,320.387,NoButton,Move,359,356
320.404,320.404,NoButton,Move,264,312
320.421,320.421,NoButton,Move,203,289
320.437,320.437,NoButton,Move,169,280
320.454,320.454,NoButton,Move,151,278
320.471,320.471,NoButton,Move,135,278
320.487,320.487,NoButton,Move,134,278
320.672,320.672,NoButton,Move,134,278
320.688,320.688,NoButton,Move,134,273
320.704,320.704,NoButton,Move,132,269
320.721,320.721,NoButton,Move,130,264
320.738,320.738,NoButton,Move,129,260
320.754,320.754,NoButton,Move,128,259
320.771,320.771,NoButton,Move,127,257
320.788,320.788,NoButton,Move,127,257
320.819,320.819,Left,Pressed,127,257
320.934,320.934,Left,Released,127,257
321.539,321.539,NoButton,Move,127,261
321.554,321.554,NoButton,Move,127,274
321.571,321.571,NoButton,Move,127,288
321.587,321.587,NoButton,Move,125,304
321.604,321.604,NoButton,Move,120,332
321.621,321.621,NoButton,Move,113,362
321.637,321.637,NoButton,Move,106,386
321.654,321.654,NoButton,Move,98,408
321.671,321.671,NoButton,Move,93,417
321.687,321.687,NoButton,Move,90,423
321.704,321.704,NoButton,Move,89,424
321.721,321.721,NoButton,Move,88,425
321.737,321.737,NoButton,Move,88,424
321.754,321.754,NoButton,Move,88,416
321.771,321.771,NoButton,Move,88,408
321.788,321.788,NoButton,Move,88,401
321.804,321.804,NoButton,Move,88,393
321.821,321.821,NoButton,Move,89,389
321.838,321.838,NoButton,Move,91,386
321.855,321.855,NoButton,Move,92,384
321.871,321.871,NoButton,Move,93,383
321.888,321.888,NoButton,Move,93,383
321.902,321.902,Left,Pressed,93,383
321.921,321.921,NoButton,Move,93,383
322.033,322.033,Left,Released,93,383
322.267,322.267,NoButton,Move,93,384
322.274,322.274,NoButton,Move,93,385
322.288,322.288,NoButton,Move,93,387
322.305,322.305,NoButton,Move,93,390
322.321,322.321,NoButton,Move,93,396
322.337,322.337,NoButton,Move,93,399
322.354,322.354,NoButton,Move,93,405
322.371,322.371,NoButton,Move,93,407
322.388,322.388,NoButton,Move,93,408
322.401,322.401,Left,Pressed,93,408
322.421,322.421,NoButton,Move,93,408
322.517,322.517,Left,Released,93,408
322.824,322.824,NoButton,Move,93,407
322.838,322.838,NoButton,Move,92,405
322.854,322.854,NoButton,Move,88,398
322.871,322.871,NoButton,Move,84,390
322.888,322.888,NoButton,Move,81,383
322.904,322.904,NoButton,Move,78,377
322.921,322.921,NoButton,Move,78,376
322.934,322.934,Left,Pressed,78,376
322.954,322.954,NoButton,Move,78,376
323.068,323.068,Left,Released,78,376
323.429,323.429,NoButton,Move,79,376
323.437,323.437,NoButton,Move,81,376
323.454,323.454,NoButton,Move,94,377
323.471,323.471,NoButton,Move,111,381
323.488,323.488,NoButton,Move,132,388
323.504,323.504,NoButton,Move,169,401
323.521,323.521,NoButton,Move,196,411
323.537,323.537,NoButton,Move,235,428
323.554,323.554,NoButton,Move,269,447
323.571,323.571,NoButton,Move,303,467
323.587,323.587,NoButton,Move,331,486
323.604,323.604,NoButton,Move,345,497
323.621,323.621,NoButton,Move,354,505
323.637,323.637,NoButton,Move,360,512
323.654,323.654,NoButton,Move,363,514
323.671,323.671,NoButton,Move,364,515
323.687,323.687,NoButton,Move,364,516
323.738,323.738,NoButton,Move,363,515
323.754,323.754,NoButton,Move,363,515
323.771,323.771,NoButton,Move,363,515
323.79,323.79,NoButton,Move,363,515
323.806,323.806,NoButton,Move,362,515
323.821,323.821,NoButton,Move,362,515
323.837,323.837,NoButton,Move,361,515
323.854,323.854,NoButton,Move,359,513
323.871,323.871,NoButton,Move,355,509
323.887,323.887,NoButton,Move,353,506
323.904,323.904,NoButton,Move,351,503
323.921,323.921,NoButton,Move,349,500
323.937,323.937,NoButton,Move,348,497
323.954,323.954,NoButton,Move,347,496
323.971,323.971,NoButton,Move,347,495
323.987,323.987,NoButton,Move,347,494
324,324,Left,Pressed,347,494
324.128,324.128,Left,Released,347,494
325.443,325.443,NoButton,Move,343,504
325.458,325.458,NoButton,Move,339,508
325.471,325.471,NoButton,Move,325,513
325.489,325.489,NoButton,Move,300,514
325.504,325.504,NoButton,Move,257,508
325.521,325.521,NoButton,Move,152,474
325.538,325.538,NoButton,Move,59,429
325.555,325.555,NoButton,Move,25,412
325.571,325.571,NoButton,Move,0,393
325.588,325.588,NoButton,Move,0,383
325.605,325.605,NoButton,Move,0,377
325.621,325.621,NoButton,Move,0,376
325.638,325.638,NoButton,Move,0,375
325.655,325.655,NoButton,Move,0,375
325.671,325.671,NoButton,Move,0,376
325.688,325.688,NoButton,Move,0,379
325.704,325.704,NoButton,Move,0,380
325.721,325.721,NoButton,Move,0,381
325.738,325.738,NoButton,Move,0,382
325.754,325.754,NoButton,Move,0,382
325.771,325.771,NoButton,Move,0,382
325.788,325.788,NoButton,Move,0,383
325.805,325.805,NoButton,Move,4,383
325.821,325.821,NoButton,Move,9,385
325.838,325.838,NoButton,Move,16,385
325.854,325.854,NoButton,Move,22,386
325.871,325.871,NoButton,Move,31,386
325.888,325.888,NoButton,Move,41,386
325.904,325.904,NoButton,Move,51,387
325.921,325.921,NoButton,Move,59,388
325.937,325.937,NoButton,Move,65,388
325.955,325.955,NoButton,Move,69,388
325.971,325.971,NoButton,Move,71,388
325.987,325.987,NoButton,Move,72,388
326.004,326.004,NoButton,Move,72,388
326.017,326.017,Left,Pressed,72,388
326.054,326.054,NoButton,Move,72,388
326.15,326.15,Left,Released,72,388
326.237,326.237,NoButton,Move,72,385
326.254,326.254,NoButton,Move,72,379
326.27,326.27,NoButton,Move,72,364
326.287,326.287,NoButton,Move,72,354
326.304,326.304,NoButton,Move,72,342
326.321,326.321,NoButton,Move,72,336
326.337,326.337,NoButton,Move,72,334
326.354,326.354,NoButton,Move,72,330
326.371,326.371,NoButton,Move,72,330
326.383,326.383,Left,Pressed,72,330
326.484,326.484,Left,Released,72,330
326.702,326.702,NoButton,Move,74,330
326.71,326.71,NoButton,Move,78,330
326.721,326.721,NoButton,Move,86,330
326.738,326.738,NoButton,Move,116,330
326.754,326.754,NoButton,Move,174,344
326.771,326.771,NoButton,Move,245,374
326.788,326.788,NoButton,Move,352,435
326.805,326.805,NoButton,Move,466,511
326.821,326.821,NoButton,Move,537,566
326.838,326.838,NoButton,Move,582,611
326.854,326.854,NoButton,Move,612,658
326.872,326.872,NoButton,Move,620,691
326.887,326.887,NoButton,Move,617,722
326.904,326.904,NoButton,Move,594,760
326.921,326.921,NoButton,Move,572,783
326.938,326.938,NoButton,Move,544,807
326.954,326.954,NoButton,Move,515,827
326.971,326.971,NoButton,Move,487,839
326.988,326.988,NoButton,Move,464,844
327.15,327.15,Scroll,Down,0,1
327.171,327.171,Scroll,Down,0,3
327.187,327.187,Scroll,Down,0,7
327.204,327.204,Scroll,Down,0,14
327.221,327.221,Scroll,Down,0,30
327.237,327.237,Scroll,Down,0,26
327.253,327.253,Scroll,Down,0,33
327.271,327.271,Scroll,Down,0,23
327.287,327.287,Scroll,Down,0,17
327.304,327.304,Scroll,Down,0,10
327.324,327.324,Scroll,Down,0,8
327.354,327.354,Scroll,Down,0,6
327.371,327.371,Scroll,Down,0,1
327.405,327.405,Scroll,Down,0,1
327.421,327.421,Scroll,Down,0,1
327.679,327.679,NoButton,Move,464,843
327.694,327.694,NoButton,Move,462,837
327.704,327.704,NoButton,Move,461,833
327.721,327.721,NoButton,Move,455,824
327.737,327.737,NoButton,Move,446,810
327.754,327.754,NoButton,Move,438,802
327.772,327.772,NoButton,Move,433,797
327.788,327.788,NoButton,Move,426,792
327.804,327.804,NoButton,Move,422,792
327.822,327.822,NoButton,Move,419,795
327.837,327.837,NoButton,Move,415,802
327.854,327.854,NoButton,Move,410,811
327.87,327.87,NoButton,Move,405,821
327.887,327.887,NoButton,Move,400,831
327.905,327.905,NoButton,Move,397,836
327.921,327.921,NoButton,Move,395,842
327.937,327.937,NoButton,Move,394,844
327.954,327.954,NoButton,Move,394,845
327.968,327.968,Left,Pressed,394,845
328.004,328.004,NoButton,Move,394,845
328.083,328.083,Left,Released,394,845
328.448,328.448,NoButton,Move,394,845
328.455,328.455,NoButton,Move,394,845
328.487,328.487,NoButton,Move,394,844
328.535,328.535,Scroll,Down,0,1
328.554,328.554,Scroll,Down,0,6
328.57,328.57,Scroll,Down,0,9
328.587,328.587,Scroll,Down,0,14
328.604,328.604,Scroll,Down,0,13
328.621,328.621,Scroll,Down,0,17
328.637,328.637,Scroll,Down,0,13
328.654,328.654,Scroll,Down,0,11
328.67,328.67,Scroll,Down,0,11
328.687,328.687,Scroll,Down,0,9
328.704,328.704,Scroll,Down,0,8
328.721,328.721,Scroll,Down,0,14
328.721,328.721,Scroll,Down,0,18
328.737,328.737,Scroll,Down,0,19
328.753,328.753,Scroll,Down,0,20
328.771,328.771,Scroll,Down,0,19
328.786,328.786,Scroll,Down,0,19
328.804,328.804,Scroll,Down,0,19
328.821,328.821,Scroll,Down,0,21
328.837,328.837,Scroll,Down,0,19
328.854,328.854,Scroll,Down,0,17
328.871,328.871,Scroll,Down,0,16
328.887,328.887,Scroll,Down,0,14
328.904,328.904,Scroll,Down,0,14
328.92,328.92,Scroll,Down,0,13
328.937,328.937,Scroll,Down,0,12
328.954,328.954,Scroll,Down,0,10
328.971,328.971,Scroll,Down,0,9
328.987,328.987,Scroll,Down,0,9
329.004,329.004,Scroll,Down,0,8
329.021,329.021,Scroll,Down,0,7
329.036,329.036,Scroll,Down,0,7
329.054,329.054,Scroll,Down,0,6
329.071,329.071,Scroll,Down,0,6
329.087,329.087,Scroll,Down,0,5
329.104,329.104,Scroll,Down,0,5
329.121,329.121,Scroll,Down,0,5
329.137,329.137,Scroll,Down,0,4
329.154,329.154,Scroll,Down,0,4
329.171,329.171,Scroll,Down,0,4
329.187,329.187,Scroll,Down,0,3
329.204,329.204,Scroll,Down,0,3
329.221,329.221,Scroll,Down,0,3
329.237,329.237,Scroll,Down,0,3
329.254,329.254,Scroll,Down,0,2
329.271,329.271,Scroll,Down,0,2
329.288,329.288,Scroll,Down,0,2
329.305,329.305,Scroll,Down,0,2
329.336,329.336,Scroll,Down,0,2
329.354,329.354,Scroll,Down,0,1
329.37,329.37,Scroll,Down,0,1
329.388,329.388,Scroll,Down,0,1
329.403,329.403,Scroll,Down,0,1
329.437,329.437,Scroll,Down,0,1
329.454,329.454,Scroll,Down,0,1
329.488,329.488,Scroll,Down,0,1
339.092,339.092,NoButton,Move,394,847
339.104,339.104,NoButton,Move,398,855
339.12,339.12,NoButton,Move,401,861
339.137,339.137,NoButton,Move,404,865
339.154,339.154,NoButton,Move,409,875
339.171,339.171,NoButton,Move,412,880
339.187,339.187,NoButton,Move,413,884
339.204,339.204,NoButton,Move,413,886
339.221,339.221,NoButton,Move,413,888
339.237,339.237,NoButton,Move,413,890
339.254,339.254,NoButton,Move,413,892
339.271,339.271,NoButton,Move,412,894
339.287,339.287,NoButton,Move,411,897
339.304,339.304,NoButton,Move,410,899
339.321,339.321,NoButton,Move,409,899
339.338,339.338,NoButton,Move,409,899
339.354,339.354,NoButton,Move,407,899
339.37,339.37,NoButton,Move,404,898
339.387,339.387,NoButton,Move,401,894
339.405,339.405,NoButton,Move,398,886
339.42,339.42,NoButton,Move,394,871
339.437,339.437,NoButton,Move,394,844
339.454,339.454,NoButton,Move,394,829
339.472,339.472,NoButton,Move,394,817
339.487,339.487,NoButton,Move,394,807
339.504,339.504,NoButton,Move,394,802
339.52,339.52,NoButton,Move,394,801
342.102,342.102,Left,Pressed,394,801
342.233,342.233,Left,Released,394,801
347.71,347.71,NoButton,Move,385,800
347.72,347.72,NoButton,Move,369,796
347.737,347.737,NoButton,Move,343,785
347.754,347.754,NoButton,Move,317,768
347.772,347.772,NoButton,Move,269,724
347.787,347.787,NoButton,Move,173,598
347.804,347.804,NoButton,Move,128,506
347.821,347.821,NoButton,Move,111,461
348.001,348.001,Scroll,Up,0,2
348.02,348.02,Scroll,Up,0,11
348.058,348.058,Scroll,Up,0,44
348.07,348.07,Scroll,Up,0,35
348.071,348.071,Scroll,Up,0,54
348.088,348.088,Scroll,Up,0,62
348.104,348.104,Scroll,Up,0,63
348.127,348.127,Scroll,Up,0,64
348.143,348.143,Scroll,Up,0,61
348.16,348.16,Scroll,Up,0,59
348.177,348.177,Scroll,Up,0,61
348.193,348.193,Scroll,Up,0,58
348.209,348.209,Scroll,Up,0,55
348.226,348.226,Scroll,Up,0,51
348.243,348.243,Scroll,Up,0,47
348.26,348.26,Scroll,Up,0,43
348.276,348.276,Scroll,Up,0,40
348.293,348.293,Scroll,Up,0,37
348.309,348.309,Scroll,Up,0,34
348.326,348.326,Scroll,Up,0,31
348.343,348.343,Scroll,Up,0,28
348.36,348.36,Scroll,Up,0,26
348.37,348.37,Scroll,Up,0,24
348.392,348.392,Scroll,Up,0,22
348.41,348.41,Scroll,Up,0,20
348.427,348.427,Scroll,Up,0,19
348.443,348.443,Scroll,Up,0,17
348.46,348.46,Scroll,Up,0,16
348.477,348.477,Scroll,Up,0,14
348.493,348.493,Scroll,Up,0,13
348.509,348.509,Scroll,Up,0,12
348.527,348.527,Scroll,Up,0,11
348.543,348.543,Scroll,Up,0,10
348.559,348.559,Scroll,Up,0,9
348.577,348.577,Scroll,Up,0,8
348.593,348.593,Scroll,Up,0,8
348.61,348.61,Scroll,Up,0,7
348.637,348.637,Scroll,Up,0,6
348.643,348.643,Scroll,Up,0,6
348.671,348.671,Scroll,Up,0,5
348.676,348.676,Scroll,Up,0,5
348.693,348.693,Scroll,Up,0,5
348.71,348.71,Scroll,Up,0,4
348.727,348.727,Scroll,Up,0,4
348.744,348.744,Scroll,Up,0,4
348.761,348.761,Scroll,Up,0,4
348.777,348.777,Scroll,Up,0,3
348.805,348.805,Scroll,Up,0,3
348.822,348.822,Scroll,Up,0,3
348.838,348.838,Scroll,Up,0,6
348.871,348.871,Scroll,Up,0,2
348.887,348.887,Scroll,Up,0,2
348.904,348.904,Scroll,Up,0,2
348.921,348.921,Scroll,Up,0,2
348.937,348.937,Scroll,Up,0,2
348.954,348.954,Scroll,Up,0,1
348.971,348.971,Scroll,Up,0,1
348.987,348.987,Scroll,Up,0,1
349.004,349.004,Scroll,Up,0,1
349.021,349.021,Scroll,Up,0,2
349.055,349.055,Scroll,Up,0,1
349.071,349.071,Scroll,Up,0,1
349.471,349.471,NoButton,Move,111,460
349.487,349.487,NoButton,Move,109,453
349.504,349.504,NoButton,Move,104,441
349.521,349.521,NoButton,Move,97,421
349.537,349.537,NoButton,Move,88,393
349.554,349.554,NoButton,Move,74,346
349.571,349.571,NoButton,Move,61,305
349.587,349.587,NoButton,Move,47,261
349.604,349.604,NoButton,Move,37,233
349.823,349.823,NoButton,Move,37,234
349.837,349.837,NoButton,Move,39,237
349.854,349.854,NoButton,Move,43,241
349.871,349.871,NoButton,Move,47,245
349.888,349.888,NoButton,Move,57,259
349.904,349.904,NoButton,Move,60,263
349.921,349.921,NoButton,Move,66,272
349.937,349.937,NoButton,Move,68,278
349.954,349.954,NoButton,Move,69,281
349.97,349.97,NoButton,Move,70,282
349.987,349.987,NoButton,Move,70,283
350.004,350.004,NoButton,Move,70,284
350.05,350.05,Left,Pressed,70,284
350.15,350.15,Left,Released,70,284
350.445,350.445,NoButton,Move,72,284
350.454,350.454,NoButton,Move,80,284
350.47,350.47,NoButton,Move,132,297
350.487,350.487,NoButton,Move,254,334
350.504,350.504,NoButton,Move,395,388
350.521,350.521,NoButton,Move,457,411
350.537,350.537,NoButton,Move,534,438
350.8,350.8,Scroll,Down,0,1
350.821,350.821,Scroll,Down,0,4
350.837,350.837,Scroll,Down,0,4
350.854,350.854,Scroll,Down,0,3
350.871,350.871,Scroll,Down,0,2
350.887,350.887,Scroll,Down,0,2
350.904,350.904,Scroll,Down,0,1
350.921,350.921,Scroll,Down,0,1
350.954,350.954,Scroll,Up,0,0
351.054,351.054,NoButton,Move,534,434
351.071,351.071,NoButton,Move,531,423
351.087,351.087,NoButton,Move,527,409
351.104,351.104,NoButton,Move,518,382
351.121,351.121,NoButton,Move,510,363
351.138,351.138,NoButton,Move,504,348
351.154,351.154,NoButton,Move,500,338
351.171,351.171,NoButton,Move,499,333
351.187,351.187,NoButton,Move,498,331
351.204,351.204,NoButton,Move,498,331
351.237,351.237,Left,Pressed,498,331
351.341,351.341,Left,Released,498,331
351.944,351.944,NoButton,Move,498,332
351.954,351.954,NoButton,Move,498,332
351.97,351.97,NoButton,Move,499,333
351.987,351.987,NoButton,Move,500,335
352.004,352.004,NoButton,Move,501,337
352.021,352.021,NoButton,Move,504,340
352.037,352.037,NoButton,Move,505,343
352.054,352.054,NoButton,Move,507,345
352.071,352.071,NoButton,Move,507,346
352.087,352.087,NoButton,Move,508,346
352.137,352.137,NoButton,Move,508,346
352.154,352.154,NoButton,Move,508,344
352.171,352.171,NoButton,Move,508,343
352.184,352.184,Left,Pressed,508,343
352.199,352.199,NoButton,Move,508,343
352.299,352.299,Left,Released,508,343
352.567,352.567,NoButton,Move,507,343
352.573,352.573,NoButton,Move,504,342
352.587,352.587,NoButton,Move,499,339
352.604,352.604,NoButton,Move,473,322
352.621,352.621,NoButton,Move,441,300
352.637,352.637,NoButton,Move,425,289
352.654,352.654,NoButton,Move,410,280
352.671,352.671,NoButton,Move,397,272
352.686,352.686,NoButton,Move,392,270
352.704,352.704,NoButton,Move,390,269
352.721,352.721,NoButton,Move,390,268
352.737,352.737,NoButton,Move,390,268
352.754,352.754,NoButton,Move,392,267
352.77,352.77,NoButton,Move,406,263
352.787,352.787,NoButton,Move,448,256
352.804,352.804,NoButton,Move,527,249
352.82,352.82,NoButton,Move,683,243
352.837,352.837,NoButton,Move,801,238
352.854,352.854,NoButton,Move,946,238
352.871,352.871,NoButton,Move,1024,238
353.041,353.041,NoButton,Move,1025,238
353.054,353.054,NoButton,Move,1031,238
353.07,353.07,NoButton,Move,1056,238
353.087,353.087,NoButton,Move,1086,237
353.104,353.104,NoButton,Move,1164,233
353.121,353.121,NoButton,Move,1229,233
353.138,353.138,NoButton,Move,1319,233
353.154,353.154,NoButton,Move,1338,233
353.171,353.171,NoButton,Move,1363,234
353.187,353.187,NoButton,Move,1372,235
353.204,353.204,NoButton,Move,1374,236
353.221,353.221,NoButton,Move,1375,238
353.237,353.237,NoButton,Move,1370,240
353.254,353.254,NoButton,Move,1368,241
353.27,353.27,NoButton,Move,1361,244
353.287,353.287,NoButton,Move,1355,246
353.304,353.304,NoButton,Move,1352,247
353.321,353.321,NoButton,Move,1351,247
353.337,353.337,NoButton,Move,1350,248
353.37,353.37,NoButton,Move,1350,248
353.387,353.387,NoButton,Move,1350,248
353.399,353.399,Left,Pressed,1350,248
353.517,353.517,Left,Released,1350,248
353.67,353.67,NoButton,Move,1349,248
353.687,353.687,NoButton,Move,1348,248
353.704,353.704,NoButton,Move,1343,252
353.721,353.721,NoButton,Move,1335,261
353.737,353.737,NoButton,Move,1313,283
353.754,353.754,NoButton,Move,1278,312
353.771,353.771,NoButton,Move,1225,353
353.787,353.787,NoButton,Move,1168,400
353.804,353.804,NoButton,Move,1119,444
353.921,353.921,Scroll,Down,0,1
353.921,353.921,Scroll,Down,0,1
353.937,353.937,Scroll,Down,0,3
353.954,353.954,Scroll,Down,0,7
353.97,353.97,Scroll,Down,0,16
353.987,353.987,Scroll,Down,0,34
354.004,354.004,Scroll,Down,0,60
354.02,354.02,Scroll,Down,0,55
354.037,354.037,Scroll,Down,0,86
354.054,354.054,Scroll,Down,0,96
354.071,354.071,Scroll,Down,0,97
354.087,354.087,Scroll,Down,0,94
354.104,354.104,Scroll,Down,0,91
354.121,354.121,Scroll,Down,0,88
354.137,354.137,Scroll,Down,0,88
354.154,354.154,Scroll,Down,0,84
354.177,354.177,Scroll,Down,0,79
354.354,354.354,NoButton,Move,1119,445
354.373,354.373,NoButton,Move,1119,497
354.386,354.386,NoButton,Move,1119,522
354.404,354.404,NoButton,Move,1118,580
354.421,354.421,NoButton,Move,1104,654
354.438,354.438,NoButton,Move,1089,721
354.454,354.454,NoButton,Move,1077,758
354.471,354.471,NoButton,Move,1070,783
354.487,354.487,NoButton,Move,1062,806
354.504,354.504,NoButton,Move,1059,814
354.52,354.52,NoButton,Move,1057,823
354.537,354.537,NoButton,Move,1055,829
354.554,354.554,NoButton,Move,1054,832
354.57,354.57,NoButton,Move,1054,833
354.587,354.587,NoButton,Move,1053,834
354.604,354.604,NoButton,Move,1053,834
354.62,354.62,NoButton,Move,1053,834
354.637,354.637,NoButton,Move,1053,834
354.654,354.654,NoButton,Move,1053,835
354.67,354.67,NoButton,Move,1053,835
354.7,354.7,Left,Pressed,1053,835
354.716,354.716,NoButton,Move,1053,835
354.834,354.834,Left,Released,1053,835
355.021,355.021,NoButton,Move,1053,833
355.037,355.037,NoButton,Move,1053,831
355.054,355.054,NoButton,Move,1053,828
355.07,355.07,NoButton,Move,1053,826
355.087,355.087,NoButton,Move,1053,825
355.104,355.104,NoButton,Move,1053,824
355.12,355.12,NoButton,Move,1053,823
355.137,355.137,NoButton,Move,1053,821
355.154,355.154,NoButton,Move,1052,818
355.171,355.171,NoButton,Move,1050,814
355.187,355.187,NoButton,Move,1047,807
355.204,355.204,NoButton,Move,1046,804
355.22,355.22,NoButton,Move,1034,785
355.237,355.237,NoButton,Move,1029,779
355.256,355.256,NoButton,Move,1022,766
355.27,355.27,NoButton,Move,1013,753
355.46,355.46,Scroll,Down,0,2
355.471,355.471,Scroll,Down,0,10
355.487,355.487,Scroll,Down,0,17
355.504,355.504,Scroll,Down,0,22
355.52,355.52,Scroll,Down,0,49
355.537,355.537,Scroll,Down,0,55
355.554,355.554,Scroll,Down,0,58
355.571,355.571,Scroll,Down,0,57
355.587,355.587,Scroll,Down,0,56
355.604,355.604,Scroll,Down,0,54
355.621,355.621,Scroll,Down,0,55
355.637,355.637,Scroll,Down,0,53
355.654,355.654,Scroll,Down,0,49
355.671,355.671,Scroll,Down,0,45
356.051,356.051,Scroll,Up,0,1
356.07,356.07,Scroll,Up,0,7
356.087,356.087,Scroll,Up,0,11
356.104,356.104,Scroll,Up,0,14
356.121,356.121,Scroll,Up,0,12
356.137,356.137,Scroll,Up,0,10
356.154,356.154,Scroll,Up,0,12
356.171,356.171,Scroll,Up,0,13
356.187,356.187,Scroll,Up,0,13
356.204,356.204,Scroll,Up,0,13
356.221,356.221,Scroll,Up,0,13
356.238,356.238,Scroll,Up,0,12
356.254,356.254,Scroll,Up,0,14
356.61,356.61,Scroll,Up,0,1
356.621,356.621,Scroll,Up,0,6
356.638,356.638,Scroll,Up,0,25
356.654,356.654,Scroll,Up,0,27
356.671,356.671,Scroll,Up,0,36
356.687,356.687,Scroll,Up,0,41
356.704,356.704,Scroll,Up,0,43
356.721,356.721,Scroll,Up,0,43
356.738,356.738,Scroll,Up,0,42
356.754,356.754,Scroll,Up,0,40
356.771,356.771,Scroll,Up,0,45
356.787,356.787,Scroll,Up,0,43
356.804,356.804,Scroll,Up,0,39
356.821,356.821,Scroll,Up,0,37
356.837,356.837,Scroll,Up,0,33
356.854,356.854,Scroll,Up,0,31
356.877,356.877,Scroll,Up,0,28
356.893,356.893,NoButton,Move,1013,753
356.91,356.91,NoButton,Move,1009,745
356.927,356.927,NoButton,Move,1003,732
356.943,356.943,NoButton,Move,980,684
356.96,356.96,NoButton,Move,966,660
356.977,356.977,NoButton,Move,886,547
356.993,356.993,NoButton,Move,825,470
357.01,357.01,NoButton,Move,783,419
357.027,357.027,NoButton,Move,750,383
357.043,357.043,NoButton,Move,730,364
357.06,357.06,NoButton,Move,714,354
357.076,357.076,NoButton,Move,707,353
357.093,357.093,NoButton,Move,702,358
357.11,357.11,NoButton,Move,699,367
357.127,357.127,NoButton,Move,697,372
357.143,357.143,NoButton,Move,694,382
357.16,357.16,NoButton,Move,692,388
357.177,357.177,NoButton,Move,689,395
357.193,357.193,NoButton,Move,687,399
357.21,357.21,NoButton,Move,684,404
357.227,357.227,NoButton,Move,680,406
357.237,357.237,NoButton,Move,679,407
357.254,357.254,NoButton,Move,677,407
357.27,357.27,NoButton,Move,677,408
357.287,357.287,NoButton,Move,676,408
357.3,357.3,Left,Pressed,676,408
357.434,357.434,Left,Released,676,408
357.671,357.671,NoButton,Move,676,406
357.688,357.688,NoButton,Move,676,400
357.704,357.704,NoButton,Move,674,388
357.721,357.721,NoButton,Move,673,378
357.738,357.738,NoButton,Move,671,370
357.754,357.754,NoButton,Move,670,363
357.771,357.771,NoButton,Move,669,360
357.787,357.787,NoButton,Move,669,359
357.801,357.801,Left,Pressed,669,359
357.82,357.82,NoButton,Move,669,359
357.9,357.9,Left,Released,669,359
358.419,358.419,NoButton,Move,669,360
358.426,358.426,NoButton,Move,672,363
358.437,358.437,NoButton,Move,675,367
358.454,358.454,NoButton,Move,684,378
358.471,358.471,NoButton,Move,706,405
358.488,358.488,NoButton,Move,725,426
358.504,358.504,NoButton,Move,750,453
358.52,358.52,NoButton,Move,765,469
358.537,358.537,NoButton,Move,780,486
358.554,358.554,NoButton,Move,791,500
358.727,358.727,Scroll,Down,0,4
358.737,358.737,Scroll,Down,0,4
358.754,358.754,Scroll,Down,0,11
358.771,358.771,Scroll,Down,0,19
358.787,358.787,Scroll,Down,0,13
358.803,358.803,Scroll,Down,0,15
358.803,358.803,Scroll,Down,0,23
358.821,358.821,Scroll,Down,0,26
358.837,358.837,Scroll,Down,0,26
358.854,358.854,Scroll,Down,0,26
358.871,358.871,Scroll,Down,0,26
358.888,358.888,Scroll,Down,0,25
358.954,358.954,NoButton,Move,791,503
358.971,358.971,NoButton,Move,791,506
358.986,358.986,NoButton,Move,791,508
359.004,359.004,NoButton,Move,791,509
359.021,359.021,NoButton,Move,792,510
359.037,359.037,NoButton,Move,792,511
359.114,359.114,NoButton,Move,792,511
359.13,359.13,NoButton,Move,792,511
359.139,359.139,NoButton,Move,793,512
359.155,359.155,NoButton,Move,793,515
359.17,359.17,Scroll,Up,0,1
359.187,359.187,Scroll,Up,0,8
359.204,359.204,Scroll,Up,0,21
359.221,359.221,Scroll,Up,0,19
359.237,359.237,Scroll,Up,0,18
359.254,359.254,Scroll,Up,0,11
359.271,359.271,Scroll,Up,0,18
359.287,359.287,Scroll,Up,0,20
359.304,359.304,Scroll,Up,0,20
359.321,359.321,Scroll,Up,0,21
359.338,359.338,Scroll,Up,0,21
359.354,359.354,Scroll,Up,0,20
359.37,359.37,Scroll,Up,0,23
359.387,359.387,Scroll,Up,0,22
359.41,359.41,Scroll,Up,0,20
359.471,359.471,NoButton,Move,789,510
359.476,359.476,NoButton,Move,784,505
359.494,359.494,NoButton,Move,754,480
359.511,359.511,NoButton,Move,692,432
359.527,359.527,NoButton,Move,612,369
359.543,359.543,NoButton,Move,523,295
359.56,359.56,NoButton,Move,493,271
359.577,359.577,NoButton,Move,465,252
359.593,359.593,NoButton,Move,441,241
359.61,359.61,NoButton,Move,432,240
359.626,359.626,NoButton,Move,428,242
359.643,359.643,NoButton,Move,427,246
359.66,359.66,NoButton,Move,426,252
359.677,359.677,NoButton,Move,426,256
359.693,359.693,NoButton,Move,426,259
359.71,359.71,NoButton,Move,425,260
359.737,359.737,NoButton,Move,424,260
359.771,359.771,NoButton,Move,424,260
359.835,359.835,Left,Pressed,424,260
360.012,360.012,Left,Released,424,260
361.477,361.477,NoButton,Move,425,272
361.488,361.488,NoButton,Move,455,304
361.504,361.504,NoButton,Move,512,353
361.52,361.52,NoButton,Move,567,386
361.537,361.537,NoButton,Move,638,422
361.554,361.554,NoButton,Move,683,442
361.57,361.57,NoButton,Move,710,454
361.774,361.774,NoButton,Move,710,453
361.787,361.787,NoButton,Move,710,452
361.805,361.805,NoButton,Move,710,449
361.821,361.821,NoButton,Move,710,446
361.837,361.837,NoButton,Move,711,440
361.854,361.854,NoButton,Move,712,435
361.871,361.871,NoButton,Move,713,431
361.887,361.887,NoButton,Move,714,426
361.904,361.904,NoButton,Move,715,423
361.921,361.921,NoButton,Move,716,421
361.937,361.937,NoButton,Move,716,419
361.954,361.954,NoButton,Move,716,418
361.97,361.97,NoButton,Move,716,417
361.987,361.987,NoButton,Move,716,416
362.004,362.004,NoButton,Move,716,415
362.02,362.02,NoButton,Move,717,415
362.037,362.037,NoButton,Move,717,414
362.054,362.054,NoButton,Move,717,414
362.084,362.084,Left,Pressed,717,414
362.12,362.12,NoButton,Move,717,414
362.169,362.169,Left,Released,717,414
362.56,362.56,NoButton,Move,717,414
362.57,362.57,NoButton,Move,718,416
362.587,362.587,NoButton,Move,723,422
362.604,362.604,NoButton,Move,728,429
362.621,362.621,NoButton,Move,745,456
362.637,362.637,NoButton,Move,764,494
362.654,362.654,NoButton,Move,788,543
362.671,362.671,NoButton,Move,804,583
362.687,362.687,NoButton,Move,820,626
362.705,362.705,NoButton,Move,830,657
362.721,362.721,NoButton,Move,833,673
362.737,362.737,NoButton,Move,834,683
362.754,362.754,NoButton,Move,834,691
362.771,362.771,NoButton,Move,834,694
362.787,362.787,NoButton,Move,834,695
362.804,362.804,NoButton,Move,834,695
362.821,362.821,NoButton,Move,834,695
362.838,362.838,NoButton,Move,834,693
362.855,362.855,NoButton,Move,834,691
362.871,362.871,NoButton,Move,834,690
362.887,362.887,NoButton,Move,834,689
362.904,362.904,NoButton,Move,834,687
362.921,362.921,NoButton,Move,834,686
362.937,362.937,NoButton,Move,833,685
362.954,362.954,NoButton,Move,833,684
362.97,362.97,NoButton,Move,832,683
362.987,362.987,NoButton,Move,832,682
363.004,363.004,NoButton,Move,831,681
363.021,363.021,NoButton,Move,830,678
363.037,363.037,NoButton,Move,830,676
363.054,363.054,NoButton,Move,829,675
363.07,363.07,NoButton,Move,829,674
363.087,363.087,NoButton,Move,829,673
363.134,363.134,Left,Pressed,829,673
363.323,363.323,Left,Released,829,673
363.818,363.818,Scroll,Down,0,1
363.837,363.837,Scroll,Down,0,3
363.854,363.854,Scroll,Down,0,11
363.871,363.871,Scroll,Down,0,22
363.887,363.887,Scroll,Down,0,39
363.904,363.904,Scroll,Down,0,28
363.921,363.921,Scroll,Down,0,46
363.938,363.938,Scroll,Down,0,53
363.954,363.954,Scroll,Down,0,56
363.97,363.97,Scroll,Down,0,55
363.987,363.987,Scroll,Down,0,55
364.004,364.004,Scroll,Down,0,53
364.02,364.02,Scroll,Down,0,55
364.037,364.037,Scroll,Down,0,53
364.054,364.054,Scroll,Down,0,49
364.076,364.076,Scroll,Down,0,45
364.127,364.127,NoButton,Move,829,675
364.143,364.143,NoButton,Move,829,677
364.16,364.16,NoButton,Move,831,683
364.177,364.177,NoButton,Move,831,691
364.193,364.193,NoButton,Move,829,704
364.21,364.21,NoButton,Move,795,727
364.226,364.226,NoButton,Move,727,747
364.243,364.243,NoButton,Move,558,775
364.26,364.26,NoButton,Move,447,786
364.277,364.277,NoButton,Move,367,794
364.293,364.293,NoButton,Move,339,797
364.31,364.31,NoButton,Move,299,801
364.326,364.326,NoButton,Move,288,801
364.687,364.687,Scroll,Up,0,2
364.687,364.687,Scroll,Up,0,3
364.705,364.705,Scroll,Up,0,21
364.721,364.721,Scroll,Up,0,24
364.737,364.737,Scroll,Up,0,24
364.754,364.754,Scroll,Up,0,17
364.754,364.754,Scroll,Up,0,30
364.772,364.772,Scroll,Up,0,34
364.788,364.788,Scroll,Up,0,36
364.81,364.81,Scroll,Up,0,36
364.826,364.826,Scroll,Up,0,36
364.843,364.843,Scroll,Up,0,34
364.86,364.86,Scroll,Up,0,39
364.887,364.887,Scroll,Up,0,37
364.904,364.904,Scroll,Up,0,35
364.91,364.91,Scroll,Up,0,32
364.926,364.926,Scroll,Up,0,29
364.943,364.943,Scroll,Up,0,26
364.96,364.96,Scroll,Up,0,24
364.976,364.976,Scroll,Up,0,22
364.993,364.993,Scroll,Up,0,20
365.01,365.01,Scroll,Up,0,19
365.026,365.026,Scroll,Up,0,17
365.043,365.043,Scroll,Up,0,16
365.06,365.06,Scroll,Up,0,14
365.077,365.077,Scroll,Up,0,13
365.104,365.104,Scroll,Up,0,12
365.11,365.11,Scroll,Up,0,11
365.127,365.127,Scroll,Up,0,10
365.154,365.154,Scroll,Up,0,9
365.16,365.16,Scroll,Up,0,8
365.187,365.187,Scroll,Up,0,15
365.203,365.203,Scroll,Up,0,6
365.22,365.22,Scroll,Up,0,6
365.237,365.237,Scroll,Up,0,5
365.27,365.27,Scroll,Up,0,5
365.287,365.287,Scroll,Up,0,5
365.304,365.304,Scroll,Up,0,4
365.32,365.32,Scroll,Up,0,4
365.338,365.338,Scroll,Up,0,4
365.371,365.371,Scroll,Up,0,7
365.471,365.471,NoButton,Move,288,801
365.487,365.487,NoButton,Move,286,793
365.504,365.504,NoButton,Move,281,779
365.52,365.52,NoButton,Move,269,747
365.538,365.538,NoButton,Move,255,710
365.553,365.553,NoButton,Move,236,665
365.571,365.571,NoButton,Move,215,619
365.587,365.587,NoButton,Move,198,587
365.604,365.604,NoButton,Move,187,567
365.62,365.62,NoButton,Move,185,564
365.776,365.776,NoButton,Move,185,564
365.787,365.787,NoButton,Move,185,561
365.804,365.804,NoButton,Move,179,547
365.821,365.821,NoButton,Move,164,515
365.837,365.837,NoButton,Move,143,474
365.854,365.854,NoButton,Move,117,420
365.871,365.871,NoButton,Move,99,381
365.887,365.887,NoButton,Move,93,366
365.904,365.904,NoButton,Move,86,346
365.921,365.921,NoButton,Move,83,336
365.937,365.937,NoButton,Move,83,331
365.954,365.954,NoButton,Move,83,327
365.97,365.97,NoButton,Move,83,323
365.987,365.987,NoButton,Move,83,317
366.004,366.004,NoButton,Move,83,311
366.021,366.021,NoButton,Move,83,289
366.037,366.037,NoButton,Move,83,281
366.054,366.054,NoButton,Move,83,278
366.39,366.39,NoButton,Move,83,276
366.404,366.404,NoButton,Move,82,273
366.42,366.42,NoButton,Move,79,266
366.437,366.437,NoButton,Move,77,260
366.454,366.454,NoButton,Move,75,254
366.471,366.471,NoButton,Move,74,249
366.487,366.487,NoButton,Move,74,247
366.504,366.504,NoButton,Move,74,245
366.52,366.52,NoButton,Move,74,245
366.55,366.55,Left,Pressed,74,245
366.571,366.571,NoButton,Move,74,245
366.616,366.616,Left,Released,74,245
366.771,366.771,NoButton,Move,74,245
366.786,366.786,NoButton,Move,74,261
366.804,366.804,NoButton,Move,74,291
366.821,366.821,NoButton,Move,74,392
366.837,366.837,NoButton,Move,84,532
366.854,366.854,NoButton,Move,99,672
366.87,366.87,NoButton,Move,102,709
366.887,366.887,NoButton,Move,103,727
366.904,366.904,NoButton,Move,104,767
367.051,367.051,Scroll,Down,0,1
367.071,367.071,Scroll,Down,0,12
367.087,367.087,Scroll,Down,0,28
367.104,367.104,Scroll,Down,0,35
367.121,367.121,Scroll,Down,0,50
367.137,367.137,Scroll,Down,0,73
367.154,367.154,Scroll,Down,0,84
367.17,367.17,Scroll,Down,0,86
367.187,367.187,Scroll,Down,0,84
367.204,367.204,Scroll,Down,0,81
367.22,367.22,Scroll,Down,0,78
367.237,367.237,Scroll,Down,0,80
367.26,367.26,Scroll,Down,0,77
367.276,367.276,NoButton,Move,104,771
367.293,367.293,NoButton,Move,104,778
367.31,367.31,NoButton,Move,104,785
367.327,367.327,NoButton,Move,104,793
367.343,367.343,NoButton,Move,103,800
367.36,367.36,NoButton,Move,99,813
367.378,367.378,NoButton,Move,95,823
367.393,367.393,NoButton,Move,91,832
367.41,367.41,NoButton,Move,88,838
367.426,367.426,NoButton,Move,83,847
367.443,367.443,NoButton,Move,82,850
367.46,367.46,NoButton,Move,79,853
367.477,367.477,NoButton,Move,77,856
367.493,367.493,NoButton,Move,75,857
367.51,367.51,NoButton,Move,73,857
367.527,367.527,NoButton,Move,70,857
367.543,367.543,NoButton,Move,69,857
367.56,367.56,NoButton,Move,68,857
367.577,367.577,NoButton,Move,66,857
367.593,367.593,NoButton,Move,66,857
367.61,367.61,NoButton,Move,66,857
367.65,367.65,Left,Pressed,66,857
367.735,367.735,Left,Released,66,857
367.838,367.838,NoButton,Move,66,857
367.854,367.854,NoButton,Move,66,855
367.872,367.872,NoButton,Move,66,851
367.887,367.887,NoButton,Move,66,848
367.905,367.905,NoButton,Move,66,845
367.921,367.921,NoButton,Move,66,842
367.937,367.937,NoButton,Move,66,841
367.951,367.951,Left,Pressed,66,841
367.97,367.97,NoButton,Move,66,841
368.05,368.05,Left,Released,66,841
