1.587,1.587,NoButton,Move,886,429
1.651,1.651,NoButton,Move,886,429
1.668,1.668,NoButton,Move,881,429
1.684,1.684,NoButton,Move,871,429
1.701,1.701,NoButton,Move,854,429
1.718,1.718,NoButton,Move,818,430
1.734,1.734,NoButton,Move,794,431
1.751,1.751,NoButton,Move,758,432
1.768,1.768,NoButton,Move,724,432
1.784,1.784,NoButton,Move,693,432
1.801,1.801,NoButton,Move,676,432
1.818,1.818,NoButton,Move,652,429
2.69,2.69,NoButton,Move,652,429
2.702,2.702,NoButton,Move,653,429
2.718,2.718,NoButton,Move,653,429
2.735,2.735,NoButton,Move,654,429
2.751,2.751,NoButton,Move,654,430
2.768,2.768,NoButton,Move,654,430
2.785,2.785,NoButton,Move,649,433
2.801,2.801,NoButton,Move,643,435
2.818,2.818,NoButton,Move,600,440
2.835,2.835,NoButton,Move,557,440
2.851,2.851,NoButton,Move,503,432
2.869,2.869,NoButton,Move,450,418
2.885,2.885,NoButton,Move,417,408
2.903,2.903,NoButton,Move,393,401
2.918,2.918,NoButton,Move,371,397
2.935,2.935,NoButton,Move,363,396
3.156,3.156,NoButton,Move,363,397
3.169,3.169,NoButton,Move,363,400
3.185,3.185,NoButton,Move,363,404
3.202,3.202,NoButton,Move,363,408
3.218,3.218,NoButton,Move,362,412
3.235,3.235,NoButton,Move,361,416
3.252,3.252,NoButton,Move,360,418
3.268,3.268,NoButton,Move,360,419
3.285,3.285,NoButton,Move,359,420
3.302,3.302,NoButton,Move,359,420
3.331,3.331,Left,Pressed,359,420
3.351,3.351,NoButton,Move,359,420
3.447,3.447,Left,Released,359,420
3.779,3.779,NoButton,Move,359,420
3.787,3.787,NoButton,Move,364,420
3.806,3.806,NoButton,Move,376,421
3.818,3.818,NoButton,Move,384,423
3.836,3.836,NoButton,Move,429,433
3.852,3.852,NoButton,Move,476,445
3.868,3.868,NoButton,Move,535,461
3.885,3.885,NoButton,Move,575,470
3.901,3.901,NoButton,Move,597,476
3.918,3.918,NoButton,Move,618,480
3.935,3.935,NoButton,Move,629,482
4.871,4.871,NoButton,Move,632,482
4.885,4.885,NoButton,Move,657,485
4.901,4.901,NoButton,Move,679,494
4.918,4.918,NoButton,Move,708,518
4.935,4.935,NoButton,Move,734,544
4.952,4.952,NoButton,Move,753,565
4.968,4.968,NoButton,Move,765,579
4.985,4.985,NoButton,Move,774,591
5.002,5.002,NoButton,Move,777,595
5.018,5.018,NoButton,Move,778,597
5.035,5.035,NoButton,Move,778,598
5.052,5.052,NoButton,Move,778,598
5.068,5.068,NoButton,Move,779,598
5.085,5.085,NoButton,Move,779,599
5.102,5.102,NoButton,Move,780,599
5.118,5.118,NoButton,Move,780,599
5.135,5.135,NoButton,Move,780,599
5.181,5.181,Left,Pressed,780,599
5.297,5.297,Left,Released,780,599
5.606,5.606,NoButton,Move,779,599
5.619,5.619,NoButton,Move,778,599
5.635,5.635,NoButton,Move,776,598
5.652,5.652,NoButton,Move,774,597
5.668,5.668,NoButton,Move,773,596
5.685,5.685,NoButton,Move,772,595
5.699,5.699,Left,Pressed,772,595
5.713,5.713,NoButton,Move,772,595
5.797,5.797,Left,Released,772,595
7.309,7.309,NoButton,Move,812,623
7.318,7.318,NoButton,Move,818,624
7.335,7.335,NoButton,Move,833,627
7.351,7.351,NoButton,Move,853,633
7.368,7.368,NoButton,Move,868,639
7.385,7.385,NoButton,Move,884,645
7.402,7.402,NoButton,Move,892,647
7.418,7.418,NoButton,Move,899,649
7.435,7.435,NoButton,Move,903,650
7.452,7.452,NoButton,Move,905,650
7.468,7.468,NoButton,Move,906,650
7.485,7.485,NoButton,Move,907,650
7.502,7.502,NoButton,Move,907,650
7.552,7.552,NoButton,Move,907,650
7.568,7.568,NoButton,Move,904,650
7.585,7.585,NoButton,Move,899,650
7.602,7.602,NoButton,Move,889,650
7.619,7.619,NoButton,Move,882,649
7.635,7.635,NoButton,Move,877,649
7.651,7.651,NoButton,Move,874,648
7.668,7.668,NoButton,Move,872,648
7.685,7.685,NoButton,Move,872,648
7.714,7.714,Left,Pressed,872,648
7.718,7.718,NoButton,Move,872,648
7.837,7.837,Left,Released,872,648
13.294,13.294,NoButton,Move,871,648
13.318,13.318,NoButton,Move,866,646
13.335,13.335,NoButton,Move,861,643
13.352,13.352,NoButton,Move,847,635
13.369,13.369,NoButton,Move,829,627
13.385,13.385,NoButton,Move,793,610
13.401,13.401,NoButton,Move,754,593
13.419,13.419,NoButton,Move,709,572
13.435,13.435,NoButton,Move,674,555
13.452,13.452,NoButton,Move,636,535
13.469,13.469,NoButton,Move,614,525
13.485,13.485,NoButton,Move,593,516
13.503,13.503,NoButton,Move,584,513
13.518,13.518,NoButton,Move,576,511
14.031,14.031,NoButton,Move,575,511
14.051,14.051,NoButton,Move,564,511
14.068,14.068,NoButton,Move,538,512
14.085,14.085,NoButton,Move,468,504
14.101,14.101,NoButton,Move,406,487
14.118,14.118,NoButton,Move,346,467
14.135,14.135,NoButton,Move,311,455
14.151,14.151,NoButton,Move,288,448
14.463,14.463,NoButton,Move,289,449
14.485,14.485,NoButton,Move,291,452
14.502,14.502,NoButton,Move,292,455
14.518,14.518,NoButton,Move,292,456
14.535,14.535,NoButton,Move,292,457
14.552,14.552,NoButton,Move,292,460
14.569,14.569,NoButton,Move,285,462
14.585,14.585,NoButton,Move,279,462
14.603,14.603,NoButton,Move,262,459
14.618,14.618,NoButton,Move,241,451
14.635,14.635,NoButton,Move,224,442
14.651,14.651,NoButton,Move,205,434
14.668,14.668,NoButton,Move,183,426
14.685,14.685,NoButton,Move,162,419
14.701,14.701,NoButton,Move,137,410
14.718,14.718,NoButton,Move,114,397
14.735,14.735,NoButton,Move,91,380
14.751,14.751,NoButton,Move,79,368
14.768,14.768,NoButton,Move,70,359
14.785,14.785,NoButton,Move,65,352
14.801,14.801,NoButton,Move,64,348
14.819,14.819,NoButton,Move,64,344
14.835,14.835,NoButton,Move,66,342
14.851,14.851,NoButton,Move,71,338
14.868,14.868,NoButton,Move,80,334
14.885,14.885,NoButton,Move,90,331
14.901,14.901,NoButton,Move,100,328
14.918,14.918,NoButton,Move,105,327
14.935,14.935,NoButton,Move,110,326
14.952,14.952,NoButton,Move,112,326
14.969,14.969,NoButton,Move,113,325
14.985,14.985,NoButton,Move,113,325
14.999,14.999,Left,Pressed,113,325
15.019,15.019,NoButton,Move,113,325
15.115,15.115,Left,Released,113,325
15.364,15.364,NoButton,Move,113,325
15.372,15.372,NoButton,Move,113,323
15.385,15.385,NoButton,Move,113,321
15.402,15.402,NoButton,Move,113,316
15.418,15.418,NoButton,Move,114,306
15.435,15.435,NoButton,Move,116,296
15.451,15.451,NoButton,Move,117,291
15.469,15.469,NoButton,Move,117,286
15.485,15.485,NoButton,Move,118,284
15.499,15.499,Left,Pressed,118,284
15.518,15.518,NoButton,Move,118,284
15.615,15.615,Left,Released,118,284
16.125,16.125,NoButton,Move,118,284
16.152,16.152,NoButton,Move,119,285
16.168,16.168,NoButton,Move,119,286
16.185,16.185,NoButton,Move,119,289
16.201,16.201,NoButton,Move,119,296
16.218,16.218,NoButton,Move,119,304
16.235,16.235,NoButton,Move,119,314
16.252,16.252,NoButton,Move,118,319
16.267,16.267,NoButton,Move,117,325
16.285,16.285,NoButton,Move,116,328
16.301,16.301,NoButton,Move,116,330
16.318,16.318,NoButton,Move,116,331
16.333,16.333,Left,Pressed,116,331
16.352,16.352,NoButton,Move,116,331
16.465,16.465,Left,Released,116,331
16.618,16.618,NoButton,Move,116,333
16.635,16.635,NoButton,Move,116,338
16.652,16.652,NoButton,Move,116,344
16.669,16.669,NoButton,Move,116,350
16.685,16.685,NoButton,Move,116,354
16.702,16.702,NoButton,Move,116,357
16.718,16.718,NoButton,Move,116,361
16.735,16.735,NoButton,Move,116,362
16.752,16.752,NoButton,Move,116,362
16.764,16.764,Left,Pressed,116,362
16.848,16.848,Left,Released,116,362
17.108,17.108,NoButton,Move,116,362
17.118,17.118,NoButton,Move,117,360
17.135,17.135,NoButton,Move,122,355
17.152,17.152,NoButton,Move,136,347
17.168,17.168,NoButton,Move,168,336
17.186,17.186,NoButton,Move,205,330
17.202,17.202,NoButton,Move,258,329
17.218,17.218,NoButton,Move,323,333
17.235,17.235,NoButton,Move,390,352
17.252,17.252,NoButton,Move,431,367
17.268,17.268,NoButton,Move,461,381
17.285,17.285,NoButton,Move,478,389
17.302,17.302,NoButton,Move,489,395
17.533,17.533,NoButton,Move,489,395
17.54,17.54,NoButton,Move,491,397
17.551,17.551,NoButton,Move,496,402
17.568,17.568,NoButton,Move,510,412
17.585,17.585,NoButton,Move,530,426
17.602,17.602,NoButton,Move,552,440
17.618,17.618,NoButton,Move,566,450
17.635,17.635,NoButton,Move,580,461
17.652,17.652,NoButton,Move,586,466
17.668,17.668,NoButton,Move,590,470
17.685,17.685,NoButton,Move,591,473
17.702,17.702,NoButton,Move,591,474
17.719,17.719,NoButton,Move,591,475
17.736,17.736,NoButton,Move,585,476
17.752,17.752,NoButton,Move,578,476
17.769,17.769,NoButton,Move,568,476
17.785,17.785,NoButton,Move,556,476
17.802,17.802,NoButton,Move,536,476
17.818,17.818,NoButton,Move,524,476
17.835,17.835,NoButton,Move,510,476
17.851,17.851,NoButton,Move,499,477
17.868,17.868,NoButton,Move,489,481
17.885,17.885,NoButton,Move,484,484
17.901,17.901,NoButton,Move,480,486
17.918,17.918,NoButton,Move,479,487
17.935,17.935,NoButton,Move,478,489
17.951,17.951,NoButton,Move,478,490
17.968,17.968,NoButton,Move,478,491
17.985,17.985,NoButton,Move,478,491
18.002,18.002,NoButton,Move,478,492
18.018,18.018,NoButton,Move,478,492
18.199,18.199,Left,Pressed,478,492
18.765,18.765,NoButton,Move,478,492
18.781,18.781,NoButton,Move,478,491
18.797,18.797,NoButton,Move,478,487
18.814,18.814,NoButton,Move,478,478
18.831,18.831,NoButton,Move,478,466
18.852,18.852,NoButton,Move,478,449
18.869,18.869,NoButton,Move,479,432
18.884,18.884,NoButton,Move,480,416
18.902,18.902,NoButton,Move,481,405
18.918,18.918,NoButton,Move,483,396
18.935,18.935,NoButton,Move,484,390
18.951,18.951,NoButton,Move,485,385
18.968,18.968,NoButton,Move,486,382
18.985,18.985,NoButton,Move,486,380
19.002,19.002,NoButton,Move,487,379
19.018,19.018,NoButton,Move,487,379
20.249,20.249,Left,Released,487,379
20.531,20.531,NoButton,Move,487,380
20.552,20.552,NoButton,Move,487,383
20.568,20.568,NoButton,Move,488,388
20.585,20.585,NoButton,Move,488,395
20.602,20.602,NoButton,Move,488,404
20.619,20.619,NoButton,Move,486,421
20.634,20.634,NoButton,Move,484,426
20.652,20.652,NoButton,Move,480,438
20.668,20.668,NoButton,Move,476,449
20.685,20.685,NoButton,Move,474,455
20.702,20.702,NoButton,Move,473,457
20.719,20.719,NoButton,Move,471,463
20.735,20.735,NoButton,Move,470,469
20.751,20.751,NoButton,Move,470,473
20.768,20.768,NoButton,Move,469,477
20.785,20.785,NoButton,Move,469,479
20.802,20.802,NoButton,Move,468,480
20.818,20.818,NoButton,Move,467,482
20.835,20.835,NoButton,Move,467,483
20.851,20.851,NoButton,Move,467,484
20.868,20.868,NoButton,Move,466,484
20.885,20.885,NoButton,Move,466,484
20.902,20.902,NoButton,Move,466,485
20.918,20.918,NoButton,Move,466,485
20.935,20.935,NoButton,Move,466,485
20.952,20.952,NoButton,Move,466,486
20.968,20.968,NoButton,Move,465,487
20.986,20.986,NoButton,Move,465,488
21.001,21.001,NoButton,Move,465,489
21.018,21.018,NoButton,Move,465,489
21.035,21.035,NoButton,Move,465,489
21.052,21.052,NoButton,Move,465,489
21.068,21.068,NoButton,Move,464,490
21.085,21.085,NoButton,Move,464,491
21.102,21.102,NoButton,Move,464,492
21.118,21.118,NoButton,Move,464,493
21.135,21.135,NoButton,Move,463,493
21.152,21.152,NoButton,Move,463,494
21.168,21.168,NoButton,Move,463,494
21.185,21.185,NoButton,Move,463,495
21.202,21.202,NoButton,Move,463,495
21.218,21.218,NoButton,Move,463,496
21.235,21.235,NoButton,Move,463,496
21.252,21.252,NoButton,Move,463,497
21.268,21.268,NoButton,Move,463,498
21.286,21.286,NoButton,Move,462,498
21.302,21.302,NoButton,Move,462,499
21.319,21.319,NoButton,Move,462,500
21.335,21.335,NoButton,Move,462,500
24.185,24.185,NoButton,Move,462,500
24.699,24.699,NoButton,Move,464,500
24.707,24.707,NoButton,Move,468,499
24.73,24.73,NoButton,Move,478,499
24.735,24.735,NoButton,Move,483,498
24.752,24.752,NoButton,Move,496,498
24.768,24.768,NoButton,Move,511,497
24.785,24.785,NoButton,Move,523,497
24.802,24.802,NoButton,Move,529,497
24.818,24.818,NoButton,Move,539,497
24.835,24.835,NoButton,Move,543,497
24.852,24.852,NoButton,Move,545,497
24.868,24.868,NoButton,Move,547,497
24.885,24.885,NoButton,Move,547,497
24.902,24.902,NoButton,Move,548,497
24.918,24.918,NoButton,Move,548,497
24.936,24.936,NoButton,Move,549,497
24.952,24.952,NoButton,Move,550,497
24.969,24.969,NoButton,Move,552,498
24.985,24.985,NoButton,Move,555,499
25.002,25.002,NoButton,Move,557,501
25.018,25.018,NoButton,Move,561,502
25.035,25.035,NoButton,Move,563,504
25.052,25.052,NoButton,Move,566,505
25.068,25.068,NoButton,Move,567,506
25.085,25.085,NoButton,Move,568,506
25.102,25.102,NoButton,Move,569,506
25.119,25.119,NoButton,Move,569,507
26.6,26.6,Left,Pressed,569,507
26.815,26.815,Left,Released,569,507
27.105,27.105,NoButton,Move,568,507
27.119,27.119,NoButton,Move,567,507
27.135,27.135,NoButton,Move,561,505
27.151,27.151,NoButton,Move,553,502
27.168,27.168,NoButton,Move,543,499
27.185,27.185,NoButton,Move,535,495
27.201,27.201,NoButton,Move,530,493
27.218,27.218,NoButton,Move,525,491
27.235,27.235,NoButton,Move,521,490
27.252,27.252,NoButton,Move,519,488
27.268,27.268,NoButton,Move,517,487
27.285,27.285,NoButton,Move,516,486
27.303,27.303,NoButton,Move,515,485
27.318,27.318,NoButton,Move,515,485
27.348,27.348,Left,Pressed,515,485
27.466,27.466,Left,Released,515,485
27.605,27.605,NoButton,Move,515,484
27.618,27.618,NoButton,Move,515,483
27.635,27.635,NoButton,Move,513,480
27.652,27.652,NoButton,Move,511,477
27.668,27.668,NoButton,Move,510,474
27.687,27.687,NoButton,Move,508,471
27.702,27.702,NoButton,Move,508,470
27.718,27.718,NoButton,Move,507,469
27.731,27.731,Left,Pressed,507,469
27.752,27.752,NoButton,Move,507,469
27.847,27.847,Left,Released,507,469
28.13,28.13,NoButton,Move,507,467
28.152,28.152,NoButton,Move,507,461
28.168,28.168,NoButton,Move,506,447
28.185,28.185,NoButton,Move,501,432
28.202,28.202,NoButton,Move,496,412
28.218,28.218,NoButton,Move,488,388
28.235,28.235,NoButton,Move,485,379
28.252,28.252,NoButton,Move,482,371
28.268,28.268,NoButton,Move,481,367
28.285,28.285,NoButton,Move,480,365
28.303,28.303,NoButton,Move,480,364
28.318,28.318,NoButton,Move,479,363
28.335,28.335,NoButton,Move,479,363
28.352,28.352,NoButton,Move,479,361
28.368,28.368,NoButton,Move,478,358
28.385,28.385,NoButton,Move,477,353
28.403,28.403,NoButton,Move,477,347
28.418,28.418,NoButton,Move,476,342
28.435,28.435,NoButton,Move,475,338
28.451,28.451,NoButton,Move,475,336
28.468,28.468,NoButton,Move,475,334
28.499,28.499,Left,Pressed,475,334
28.502,28.502,Left,Released,475,334
32.001,32.001,Left,Pressed,466,366
32.014,32.014,NoButton,Move,466,366
32.014,32.014,Left,Released,466,367
32.185,32.185,NoButton,Move,466,371
32.201,32.201,NoButton,Move,466,377
32.218,32.218,NoButton,Move,466,384
32.235,32.235,NoButton,Move,466,389
32.252,32.252,NoButton,Move,466,396
32.268,32.268,NoButton,Move,466,400
32.285,32.285,NoButton,Move,466,401
32.298,32.298,Left,Pressed,466,401
32.302,32.302,Left,Released,466,401
33.491,33.491,NoButton,Move,457,474
33.501,33.501,NoButton,Move,461,460
33.517,33.517,NoButton,Move,456,475
33.53,33.53,Left,Pressed,456,475
33.552,33.552,NoButton,Move,456,475
33.664,33.664,Left,Released,456,475
35.571,35.571,NoButton,Move,457,476
35.585,35.585,NoButton,Move,461,482
35.602,35.602,NoButton,Move,464,486
35.618,35.618,NoButton,Move,466,492
35.635,35.635,NoButton,Move,469,501
35.652,35.652,NoButton,Move,470,508
35.669,35.669,NoButton,Move,472,514
35.685,35.685,NoButton,Move,473,520
35.702,35.702,NoButton,Move,474,524
35.718,35.718,NoButton,Move,474,526
35.735,35.735,NoButton,Move,475,530
35.752,35.752,NoButton,Move,475,532
35.768,35.768,NoButton,Move,475,534
35.785,35.785,NoButton,Move,475,535
35.816,35.816,Left,Pressed,475,535
35.823,35.823,NoButton,Move,475,535
36.185,36.185,Left,Released,475,535
36.374,36.374,NoButton,Move,475,535
36.385,36.385,NoButton,Move,475,536
36.402,36.402,NoButton,Move,475,540
36.419,36.419,NoButton,Move,474,545
36.435,36.435,NoButton,Move,472,550
36.452,36.452,NoButton,Move,470,553
36.469,36.469,NoButton,Move,468,556
36.485,36.485,NoButton,Move,466,559
36.503,36.503,NoButton,Move,465,560
36.519,36.519,NoButton,Move,465,561
36.535,36.535,NoButton,Move,464,562
36.552,36.552,NoButton,Move,464,562
36.566,36.566,Left,Pressed,464,562
36.685,36.685,NoButton,Move,464,562
36.686,36.686,Left,Released,464,562
36.702,36.702,NoButton,Move,464,562
36.718,36.718,NoButton,Move,464,558
44.023,44.023,NoButton,Move,464,559
44.035,44.035,NoButton,Move,466,564
44.052,44.052,NoButton,Move,468,569
44.068,44.068,NoButton,Move,469,575
44.085,44.085,NoButton,Move,471,583
44.102,44.102,NoButton,Move,474,591
44.118,44.118,NoButton,Move,477,601
44.135,44.135,NoButton,Move,480,611
44.153,44.153,NoButton,Move,485,628
44.168,44.168,NoButton,Move,486,641
44.185,44.185,NoButton,Move,488,661
44.202,44.202,NoButton,Move,488,678
44.219,44.219,NoButton,Move,488,692
44.235,44.235,NoButton,Move,486,702
44.253,44.253,NoButton,Move,482,710
44.269,44.269,NoButton,Move,476,717
44.285,44.285,NoButton,Move,473,721
44.302,44.302,NoButton,Move,469,724
44.318,44.318,NoButton,Move,466,727
44.335,44.335,NoButton,Move,463,728
44.353,44.353,NoButton,Move,462,729
44.369,44.369,NoButton,Move,460,729
44.385,44.385,NoButton,Move,459,729
44.402,44.402,NoButton,Move,459,729
44.418,44.418,NoButton,Move,459,727
44.435,44.435,NoButton,Move,459,722
44.452,44.452,NoButton,Move,463,715
44.468,44.468,NoButton,Move,469,702
44.485,44.485,NoButton,Move,475,691
44.503,44.503,NoButton,Move,480,678
44.519,44.519,NoButton,Move,484,671
44.535,44.535,NoButton,Move,488,662
44.553,44.553,NoButton,Move,491,652
44.568,44.568,NoButton,Move,492,647
44.585,44.585,NoButton,Move,493,645
44.602,44.602,NoButton,Move,493,644
44.615,44.615,Left,Pressed,493,644
44.652,44.652,NoButton,Move,493,644
44.717,44.717,Left,Released,493,644
44.93,44.93,NoButton,Move,493,642
44.937,44.937,NoButton,Move,496,639
44.952,44.952,NoButton,Move,499,635
44.969,44.969,NoButton,Move,508,625
44.985,44.985,NoButton,Move,532,601
45.002,45.002,NoButton,Move,565,570
45.019,45.019,NoButton,Move,594,546
45.036,45.036,NoButton,Move,642,506
45.052,45.052,NoButton,Move,658,494
45.069,45.069,NoButton,Move,668,487
45.085,45.085,NoButton,Move,675,482
45.102,45.102,NoButton,Move,678,480
45.118,45.118,NoButton,Move,679,480
45.152,45.152,NoButton,Move,676,483
45.169,45.169,NoButton,Move,669,489
45.185,45.185,NoButton,Move,664,495
45.202,45.202,NoButton,Move,660,500
45.219,45.219,NoButton,Move,658,503
45.235,45.235,NoButton,Move,657,503
45.249,45.249,Left,Pressed,657,503
45.268,45.268,NoButton,Move,657,503
45.366,45.366,Left,Released,657,503
47.289,47.289,NoButton,Move,657,503
47.309,47.309,NoButton,Move,651,495
47.319,47.319,NoButton,Move,648,490
47.335,47.335,NoButton,Move,634,469
47.352,47.352,NoButton,Move,613,436
47.368,47.368,NoButton,Move,596,409
47.385,47.385,NoButton,Move,581,389
47.402,47.402,NoButton,Move,571,378
47.418,47.418,NoButton,Move,562,369
47.435,47.435,NoButton,Move,556,366
47.452,47.452,NoButton,Move,552,365
47.468,47.468,NoButton,Move,548,364
47.485,47.485,NoButton,Move,546,364
47.502,47.502,NoButton,Move,543,364
47.519,47.519,NoButton,Move,540,366
47.535,47.535,NoButton,Move,538,369
47.552,47.552,NoButton,Move,536,372
47.569,47.569,NoButton,Move,534,375
47.585,47.585,NoButton,Move,533,377
47.602,47.602,NoButton,Move,531,378
47.62,47.62,NoButton,Move,529,382
47.635,47.635,NoButton,Move,528,392
47.652,47.652,NoButton,Move,528,403
47.669,47.669,NoButton,Move,528,418
47.685,47.685,NoButton,Move,528,432
47.703,47.703,NoButton,Move,528,444
47.719,47.719,NoButton,Move,528,453
47.735,47.735,NoButton,Move,528,458
47.751,47.751,NoButton,Move,528,462
47.765,47.765,Left,Pressed,528,462
47.785,47.785,NoButton,Move,528,463
47.881,47.881,Left,Released,528,463
48.041,48.041,NoButton,Move,528,462
48.053,48.053,NoButton,Move,528,460
48.069,48.069,NoButton,Move,527,451
48.085,48.085,NoButton,Move,520,433
48.102,48.102,NoButton,Move,507,396
48.119,48.119,NoButton,Move,496,374
48.135,48.135,NoButton,Move,487,359
48.152,48.152,NoButton,Move,480,351
48.169,48.169,NoButton,Move,474,345
48.186,48.186,NoButton,Move,470,342
48.202,48.202,NoButton,Move,467,342
48.219,48.219,NoButton,Move,465,342
48.235,48.235,NoButton,Move,463,342
48.252,48.252,NoButton,Move,461,342
48.269,48.269,NoButton,Move,459,342
48.285,48.285,NoButton,Move,458,343
48.302,48.302,NoButton,Move,455,346
48.318,48.318,NoButton,Move,452,354
48.335,48.335,NoButton,Move,450,365
48.353,48.353,NoButton,Move,448,379
48.368,48.368,NoButton,Move,446,394
48.385,48.385,NoButton,Move,446,402
48.402,48.402,NoButton,Move,445,409
48.419,48.419,NoButton,Move,444,412
48.436,48.436,NoButton,Move,444,414
48.452,48.452,NoButton,Move,444,415
48.469,48.469,NoButton,Move,444,415
48.483,48.483,Left,Pressed,444,415
48.485,48.485,Left,Released,444,415
49.769,49.769,NoButton,Move,449,481
49.785,49.785,NoButton,Move,449,481
49.835,49.835,NoButton,Move,449,482
49.852,49.852,NoButton,Move,449,482
49.868,49.868,NoButton,Move,449,482
49.888,49.888,NoButton,Move,449,483
49.935,49.935,NoButton,Move,449,483
49.952,49.952,NoButton,Move,449,484
49.968,49.968,NoButton,Move,449,485
49.985,49.985,NoButton,Move,448,486
50.003,50.003,NoButton,Move,447,487
50.019,50.019,NoButton,Move,447,487
50.035,50.035,NoButton,Move,447,488
50.049,50.049,Left,Pressed,447,488
50.069,50.069,NoButton,Move,447,488
50.179,50.179,Left,Released,447,488
52.734,52.734,NoButton,Move,445,496
52.752,52.752,NoButton,Move,444,505
52.768,52.768,NoButton,Move,444,512
52.785,52.785,NoButton,Move,444,515
52.802,52.802,NoButton,Move,444,517
52.819,52.819,NoButton,Move,444,519
52.835,52.835,NoButton,Move,444,521
52.852,52.852,NoButton,Move,443,523
52.869,52.869,NoButton,Move,441,526
52.885,52.885,NoButton,Move,440,531
52.902,52.902,NoButton,Move,439,534
52.919,52.919,NoButton,Move,438,538
52.935,52.935,NoButton,Move,437,542
52.952,52.952,NoButton,Move,436,545
52.969,52.969,NoButton,Move,435,548
52.985,52.985,NoButton,Move,434,549
53.003,53.003,NoButton,Move,433,551
53.019,53.019,NoButton,Move,432,553
53.035,53.035,NoButton,Move,431,555
53.053,53.053,NoButton,Move,430,558
53.069,53.069,NoButton,Move,429,560
53.085,53.085,NoButton,Move,428,561
53.102,53.102,NoButton,Move,428,563
53.115,53.115,Left,Pressed,428,563
53.219,53.219,NoButton,Move,428,563
53.248,53.248,Left,Released,428,563
53.268,53.268,NoButton,Move,428,561
56.593,56.593,NoButton,Move,426,568
56.602,56.602,NoButton,Move,422,574
56.618,56.618,NoButton,Move,417,582
56.635,56.635,NoButton,Move,413,586
56.652,56.652,NoButton,Move,409,590
56.668,56.668,NoButton,Move,405,593
56.685,56.685,NoButton,Move,399,602
56.702,56.702,NoButton,Move,390,612
56.719,56.719,NoButton,Move,387,617
56.736,56.736,NoButton,Move,385,620
56.752,56.752,NoButton,Move,380,624
56.769,56.769,NoButton,Move,379,625
56.786,56.786,NoButton,Move,378,625
56.799,56.799,Left,Pressed,378,625
56.835,56.835,NoButton,Move,378,625
56.931,56.931,Left,Released,378,625
57.071,57.071,NoButton,Move,378,625
57.085,57.085,NoButton,Move,379,625
57.102,57.102,NoButton,Move,381,625
57.118,57.118,NoButton,Move,383,625
57.135,57.135,NoButton,Move,386,624
57.152,57.152,NoButton,Move,389,623
57.168,57.168,NoButton,Move,395,621
57.185,57.185,NoButton,Move,403,616
57.202,57.202,NoButton,Move,423,599
57.218,57.218,NoButton,Move,439,584
57.235,57.235,NoButton,Move,460,564
57.252,57.252,NoButton,Move,484,544
57.268,57.268,NoButton,Move,511,528
57.286,57.286,NoButton,Move,540,518
57.302,57.302,NoButton,Move,566,512
57.318,57.318,NoButton,Move,583,510
57.335,57.335,NoButton,Move,594,508
57.352,57.352,NoButton,Move,603,506
57.369,57.369,NoButton,Move,608,505
57.385,57.385,NoButton,Move,610,504
57.402,57.402,NoButton,Move,611,504
57.419,57.419,NoButton,Move,611,504
57.436,57.436,NoButton,Move,611,504
57.448,57.448,Left,Pressed,611,504
57.548,57.548,Left,Released,611,504
57.728,57.728,NoButton,Move,610,504
57.736,57.736,NoButton,Move,609,504
57.752,57.752,NoButton,Move,607,503
57.769,57.769,NoButton,Move,601,500
57.785,57.785,NoButton,Move,592,490
57.803,57.803,NoButton,Move,576,474
57.819,57.819,NoButton,Move,550,438
57.836,57.836,NoButton,Move,537,415
57.852,57.852,NoButton,Move,532,405
57.869,57.869,NoButton,Move,525,394
57.886,57.886,NoButton,Move,522,390
57.903,57.903,NoButton,Move,521,390
57.919,57.919,NoButton,Move,520,394
57.936,57.936,NoButton,Move,519,405
57.952,57.952,NoButton,Move,519,415
57.969,57.969,NoButton,Move,519,428
57.986,57.986,NoButton,Move,519,440
58.003,58.003,NoButton,Move,521,451
58.019,58.019,NoButton,Move,522,462
58.036,58.036,NoButton,Move,523,468
58.052,58.052,NoButton,Move,523,474
58.069,58.069,NoButton,Move,524,476
58.085,58.085,NoButton,Move,524,477
58.098,58.098,Left,Pressed,524,477
58.118,58.118,NoButton,Move,524,477
58.198,58.198,Left,Released,524,477
58.432,58.432,NoButton,Move,524,477
58.439,58.439,NoButton,Move,524,476
58.452,58.452,NoButton,Move,524,475
58.47,58.47,NoButton,Move,524,473
58.486,58.486,NoButton,Move,524,471
58.501,58.501,NoButton,Move,524,468
58.519,58.519,NoButton,Move,523,467
58.532,58.532,Left,Pressed,523,467
58.552,58.552,NoButton,Move,523,467
58.631,58.631,Left,Released,523,467
58.849,58.849,NoButton,Move,523,466
58.856,58.856,NoButton,Move,521,461
58.869,58.869,NoButton,Move,518,456
58.885,58.885,NoButton,Move,509,439
58.902,58.902,NoButton,Move,496,416
58.919,58.919,NoButton,Move,478,391
58.937,58.937,NoButton,Move,467,374
58.952,58.952,NoButton,Move,455,358
58.969,58.969,NoButton,Move,451,351
58.985,58.985,NoButton,Move,447,346
59.003,59.003,NoButton,Move,446,344
59.019,59.019,NoButton,Move,445,343
59.036,59.036,NoButton,Move,445,343
59.053,59.053,NoButton,Move,445,343
59.112,59.112,NoButton,Move,444,343
59.241,59.241,NoButton,Move,444,342
59.252,59.252,NoButton,Move,444,341
59.269,59.269,NoButton,Move,444,338
59.286,59.286,NoButton,Move,444,334
59.302,59.302,NoButton,Move,442,331
59.319,59.319,NoButton,Move,442,328
59.335,59.335,NoButton,Move,441,327
59.352,59.352,NoButton,Move,441,327
59.383,59.383,Left,Pressed,441,327
59.387,59.387,Left,Released,441,327
61.34,61.34,NoButton,Move,435,400
61.352,61.352,NoButton,Move,436,396
61.364,61.364,Left,Pressed,435,400
61.369,61.369,Left,Released,435,400
63.791,63.791,NoButton,Move,421,545
63.802,63.802,NoButton,Move,421,546
63.818,63.818,NoButton,Move,419,549
63.835,63.835,NoButton,Move,419,551
63.852,63.852,NoButton,Move,418,551
63.868,63.868,NoButton,Move,418,552
63.897,63.897,NoButton,Move,418,552
63.914,63.914,Left,Pressed,418,552
64.014,64.014,Left,Released,418,552
64.019,64.019,NoButton,Move,418,548
64.035,64.035,NoButton,Move,418,545
64.052,64.052,NoButton,Move,418,540
64.069,64.069,NoButton,Move,418,535
64.085,64.085,NoButton,Move,418,529
64.102,64.102,NoButton,Move,418,523
64.119,64.119,NoButton,Move,418,519
64.136,64.136,NoButton,Move,418,514
64.152,64.152,NoButton,Move,418,510
64.169,64.169,NoButton,Move,418,507
64.185,64.185,NoButton,Move,418,505
64.202,64.202,NoButton,Move,418,504
64.219,64.219,NoButton,Move,418,503
64.249,64.249,Left,Pressed,418,503
64.255,64.255,NoButton,Move,418,503
64.368,64.368,Left,Released,418,503
64.418,64.418,NoButton,Move,418,488
64.955,64.955,NoButton,Move,417,492
64.969,64.969,NoButton,Move,415,496
64.985,64.985,NoButton,Move,415,500
65.003,65.003,NoButton,Move,415,503
65.019,65.019,NoButton,Move,415,508
65.036,65.036,NoButton,Move,415,515
65.052,65.052,NoButton,Move,416,521
65.069,65.069,NoButton,Move,418,531
65.085,65.085,NoButton,Move,418,536
65.102,65.102,NoButton,Move,418,540
65.119,65.119,NoButton,Move,417,544
65.135,65.135,NoButton,Move,416,548
65.153,65.153,NoButton,Move,415,552
65.169,65.169,NoButton,Move,413,555
65.185,65.185,NoButton,Move,412,559
65.202,65.202,NoButton,Move,410,563
65.22,65.22,NoButton,Move,409,572
65.236,65.236,NoButton,Move,407,581
65.252,65.252,NoButton,Move,404,593
65.27,65.27,NoButton,Move,402,599
65.285,65.285,NoButton,Move,401,604
65.302,65.302,NoButton,Move,400,606
65.316,65.316,Left,Pressed,400,606
65.352,65.352,NoButton,Move,400,606
65.418,65.418,Left,Released,400,606
65.562,65.562,NoButton,Move,400,606
65.569,65.569,NoButton,Move,400,604
65.586,65.586,NoButton,Move,400,598
65.602,65.602,NoButton,Move,400,591
65.619,65.619,NoButton,Move,400,587
65.636,65.636,NoButton,Move,400,583
65.653,65.653,NoButton,Move,400,581
65.682,65.682,Left,Pressed,400,581
65.688,65.688,NoButton,Move,400,581
65.803,65.803,Left,Released,400,581
65.819,65.819,NoButton,Move,400,579
69.143,69.143,NoButton,Move,400,582
69.152,69.152,NoButton,Move,401,589
69.169,69.169,NoButton,Move,403,602
69.185,69.185,NoButton,Move,404,610
69.202,69.202,NoButton,Move,405,614
69.219,69.219,NoButton,Move,405,616
69.236,69.236,NoButton,Move,405,618
69.252,69.252,NoButton,Move,405,619
69.269,69.269,NoButton,Move,405,619
69.369,69.369,NoButton,Move,405,619
69.386,69.386,NoButton,Move,405,618
69.402,69.402,NoButton,Move,405,618
69.416,69.416,Left,Pressed,405,618
69.452,69.452,NoButton,Move,405,618
69.531,69.531,Left,Released,405,618
69.718,69.718,NoButton,Move,406,618
69.725,69.725,NoButton,Move,407,619
69.735,69.735,NoButton,Move,408,621
69.752,69.752,NoButton,Move,410,622
69.769,69.769,NoButton,Move,412,624
69.786,69.786,NoButton,Move,415,625
69.802,69.802,NoButton,Move,420,626
69.819,69.819,NoButton,Move,428,623
69.835,69.835,NoButton,Move,443,616
69.852,69.852,NoButton,Move,474,598
69.869,69.869,NoButton,Move,499,583
69.885,69.885,NoButton,Move,534,562
69.903,69.903,NoButton,Move,567,543
69.919,69.919,NoButton,Move,588,531
69.937,69.937,NoButton,Move,608,521
69.952,69.952,NoButton,Move,618,517
69.968,69.968,NoButton,Move,627,513
69.986,69.986,NoButton,Move,631,511
70.003,70.003,NoButton,Move,634,510
70.018,70.018,NoButton,Move,634,510
70.036,70.036,NoButton,Move,635,510
70.049,70.049,Left,Pressed,635,510
70.069,70.069,NoButton,Move,635,510
70.165,70.165,Left,Released,635,510
70.496,70.496,NoButton,Move,634,510
70.519,70.519,NoButton,Move,627,505
70.535,70.535,NoButton,Move,622,501
70.552,70.552,NoButton,Move,619,497
70.569,70.569,NoButton,Move,615,493
70.585,70.585,NoButton,Move,613,489
70.602,70.602,NoButton,Move,611,486
70.618,70.618,NoButton,Move,610,484
70.648,70.648,Left,Pressed,610,484
70.652,70.652,NoButton,Move,610,484
70.748,70.748,Left,Released,610,484
70.913,70.913,NoButton,Move,610,484
70.936,70.936,NoButton,Move,610,480
70.952,70.952,NoButton,Move,610,476
70.97,70.97,NoButton,Move,610,472
70.986,70.986,NoButton,Move,609,467
71.002,71.002,NoButton,Move,609,466
71.019,71.019,NoButton,Move,609,465
71.049,71.049,Left,Pressed,609,465
71.069,71.069,NoButton,Move,609,465
71.165,71.165,Left,Released,609,465
73.116,73.116,NoButton,Move,608,465
73.135,73.135,NoButton,Move,602,465
73.152,73.152,NoButton,Move,577,461
73.169,73.169,NoButton,Move,512,438
73.186,73.186,NoButton,Move,421,391
73.203,73.203,NoButton,Move,317,313
73.219,73.219,NoButton,Move,267,271
73.239,73.239,NoButton,Move,147,132
73.252,73.252,NoButton,Move,139,122
73.483,73.483,NoButton,Move,120,142
73.49,73.49,NoButton,Move,119,156
73.502,73.502,NoButton,Move,119,162
73.519,73.519,NoButton,Move,119,185
73.535,73.535,NoButton,Move,118,205
73.552,73.552,NoButton,Move,118,220
73.569,73.569,NoButton,Move,116,228
73.586,73.586,NoButton,Move,115,236
73.601,73.601,NoButton,Move,114,242
73.619,73.619,NoButton,Move,113,248
73.635,73.635,NoButton,Move,113,251
73.652,73.652,NoButton,Move,112,254
73.669,73.669,NoButton,Move,112,255
73.685,73.685,NoButton,Move,112,256
73.703,73.703,NoButton,Move,112,256
73.718,73.718,Left,Pressed,112,256
73.849,73.849,Left,Released,112,256
74.039,74.039,NoButton,Move,112,256
74.052,74.052,NoButton,Move,115,255
74.069,74.069,NoButton,Move,125,251
74.086,74.086,NoButton,Move,150,242
74.103,74.103,NoButton,Move,219,228
74.119,74.119,NoButton,Move,307,224
74.136,74.136,NoButton,Move,494,231
74.153,74.153,NoButton,Move,696,271
74.169,74.169,NoButton,Move,849,310
74.186,74.186,NoButton,Move,1024,357
74.417,74.417,NoButton,Move,1024,357
74.424,74.424,NoButton,Move,1021,358
74.436,74.436,NoButton,Move,1019,361
74.452,74.452,NoButton,Move,1011,367
74.469,74.469,NoButton,Move,1000,374
74.486,74.486,NoButton,Move,966,393
74.504,74.504,NoButton,Move,921,411
74.518,74.518,NoButton,Move,861,429
74.536,74.536,NoButton,Move,796,441
74.552,74.552,NoButton,Move,757,444
74.569,74.569,NoButton,Move,727,447
74.585,74.585,NoButton,Move,708,448
74.602,74.602,NoButton,Move,695,449
74.619,74.619,NoButton,Move,690,450
74.636,74.636,NoButton,Move,689,450
74.652,74.652,NoButton,Move,689,450
74.826,74.826,NoButton,Move,688,450
74.835,74.835,NoButton,Move,686,450
74.852,74.852,NoButton,Move,682,448
74.869,74.869,NoButton,Move,673,443
74.886,74.886,NoButton,Move,664,439
74.902,74.902,NoButton,Move,659,435
74.92,74.92,NoButton,Move,654,432
74.935,74.935,NoButton,Move,651,430
74.953,74.953,NoButton,Move,650,429
74.981,74.981,Left,Pressed,650,429
74.985,74.985,NoButton,Move,650,428
75.048,75.048,Left,Released,650,428
75.374,75.374,NoButton,Move,650,429
75.385,75.385,NoButton,Move,651,431
75.402,75.402,NoButton,Move,652,433
75.419,75.419,NoButton,Move,654,437
75.435,75.435,NoButton,Move,656,443
75.452,75.452,NoButton,Move,657,450
75.469,75.469,NoButton,Move,658,455
75.486,75.486,NoButton,Move,659,460
75.503,75.503,NoButton,Move,659,463
75.52,75.52,NoButton,Move,660,464
75.535,75.535,NoButton,Move,662,463
75.552,75.552,NoButton,Move,670,449
76.302,76.302,NoButton,Move,670,457
76.319,76.319,NoButton,Move,670,477
76.335,76.335,NoButton,Move,672,486
76.352,76.352,NoButton,Move,675,496
76.369,76.369,NoButton,Move,678,504
76.386,76.386,NoButton,Move,682,512
76.402,76.402,NoButton,Move,685,520
76.419,76.419,NoButton,Move,687,525
76.436,76.436,NoButton,Move,688,529
76.452,76.452,NoButton,Move,688,530
76.469,76.469,NoButton,Move,688,532
76.486,76.486,NoButton,Move,688,533
76.503,76.503,NoButton,Move,688,533
76.52,76.52,NoButton,Move,688,534
76.536,76.536,NoButton,Move,688,534
76.552,76.552,NoButton,Move,688,537
76.569,76.569,NoButton,Move,688,546
76.586,76.586,NoButton,Move,688,550
76.602,76.602,NoButton,Move,688,555
76.619,76.619,NoButton,Move,687,558
76.636,76.636,NoButton,Move,687,558
76.649,76.649,Left,Pressed,687,558
76.752,76.752,NoButton,Move,686,559
76.766,76.766,Left,Released,686,559
76.802,76.802,NoButton,Move,686,557
83.926,83.926,NoButton,Move,694,558
83.935,83.935,NoButton,Move,699,559
83.952,83.952,NoButton,Move,710,561
83.969,83.969,NoButton,Move,721,563
83.985,83.985,NoButton,Move,751,577
84.002,84.002,NoButton,Move,764,591
84.019,84.019,NoButton,Move,775,602
84.035,84.035,NoButton,Move,782,610
84.052,84.052,NoButton,Move,787,617
84.069,84.069,NoButton,Move,789,620
84.085,84.085,NoButton,Move,790,622
84.102,84.102,NoButton,Move,790,622
84.119,84.119,NoButton,Move,790,623
84.135,84.135,NoButton,Move,789,623
84.152,84.152,NoButton,Move,787,623
84.169,84.169,NoButton,Move,786,624
84.186,84.186,NoButton,Move,784,626
84.202,84.202,NoButton,Move,782,628
84.219,84.219,NoButton,Move,781,631
84.235,84.235,NoButton,Move,779,636
84.252,84.252,NoButton,Move,778,638
84.269,84.269,NoButton,Move,777,641
84.286,84.286,NoButton,Move,777,643
84.303,84.303,NoButton,Move,776,644
84.319,84.319,NoButton,Move,776,644
84.333,84.333,Left,Pressed,776,644
84.799,84.799,Left,Released,776,644
87.236,87.236,NoButton,Move,775,644
87.253,87.253,NoButton,Move,768,641
87.269,87.269,NoButton,Move,724,620
87.286,87.286,NoButton,Move,653,586
87.302,87.302,NoButton,Move,579,546
87.319,87.319,NoButton,Move,484,486
87.337,87.337,NoButton,Move,392,418
87.353,87.353,NoButton,Move,339,379
87.369,87.369,NoButton,Move,328,371
87.386,87.386,NoButton,Move,298,352
87.402,87.402,NoButton,Move,282,345
87.57,87.57,NoButton,Move,282,345
87.586,87.586,NoButton,Move,287,349
87.602,87.602,NoButton,Move,290,353
87.619,87.619,NoButton,Move,292,356
87.636,87.636,NoButton,Move,293,358
87.652,87.652,NoButton,Move,293,360
87.669,87.669,NoButton,Move,292,365
87.686,87.686,NoButton,Move,279,370
87.702,87.702,NoButton,Move,249,372
87.719,87.719,NoButton,Move,225,373
87.736,87.736,NoButton,Move,135,371
87.752,87.752,NoButton,Move,76,360
87.769,87.769,NoButton,Move,43,350
87.786,87.786,NoButton,Move,20,340
87.802,87.802,NoButton,Move,1,327
87.819,87.819,NoButton,Move,0,321
87.835,87.835,NoButton,Move,0,314
87.852,87.852,NoButton,Move,0,312
87.869,87.869,NoButton,Move,3,311
87.886,87.886,NoButton,Move,10,311
87.902,87.902,NoButton,Move,20,311
87.919,87.919,NoButton,Move,27,311
87.936,87.936,NoButton,Move,34,313
87.952,87.952,NoButton,Move,38,315
87.969,87.969,NoButton,Move,41,317
87.986,87.986,NoButton,Move,43,320
88.002,88.002,NoButton,Move,45,323
88.02,88.02,NoButton,Move,46,326
88.036,88.036,NoButton,Move,47,327
88.052,88.052,NoButton,Move,48,327
88.069,88.069,NoButton,Move,49,326
88.086,88.086,NoButton,Move,50,324
88.102,88.102,NoButton,Move,53,320
88.119,88.119,NoButton,Move,55,318
88.136,88.136,NoButton,Move,57,315
88.152,88.152,NoButton,Move,60,312
88.17,88.17,NoButton,Move,61,309
88.185,88.185,NoButton,Move,63,306
88.203,88.203,NoButton,Move,65,303
88.219,88.219,NoButton,Move,65,302
88.236,88.236,NoButton,Move,66,301
88.253,88.253,NoButton,Move,66,301
88.269,88.269,NoButton,Move,67,301
88.319,88.319,NoButton,Move,67,304
88.336,88.336,NoButton,Move,67,311
88.353,88.353,NoButton,Move,67,320
88.369,88.369,NoButton,Move,67,331
88.385,88.385,NoButton,Move,67,342
88.403,88.403,NoButton,Move,67,349
88.419,88.419,NoButton,Move,67,355
88.436,88.436,NoButton,Move,67,358
88.453,88.453,NoButton,Move,67,360
88.468,88.468,NoButton,Move,67,360
88.486,88.486,NoButton,Move,67,360
88.516,88.516,Left,Pressed,67,360
88.615,88.615,Left,Released,67,360
88.822,88.822,NoButton,Move,67,360
88.836,88.836,NoButton,Move,70,360
88.852,88.852,NoButton,Move,80,356
88.869,88.869,NoButton,Move,108,348
88.886,88.886,NoButton,Move,145,339
88.903,88.903,NoButton,Move,197,333
88.919,88.919,NoButton,Move,257,333
88.936,88.936,NoButton,Move,322,336
88.952,88.952,NoButton,Move,380,347
88.969,88.969,NoButton,Move,420,356
88.986,88.986,NoButton,Move,435,358
89.003,89.003,NoButton,Move,445,360
89.019,89.019,NoButton,Move,448,360
89.035,89.035,NoButton,Move,449,360
89.067,89.067,NoButton,Move,449,360
89.075,89.075,NoButton,Move,448,360
89.087,89.087,NoButton,Move,447,360
89.102,89.102,NoButton,Move,447,360
89.119,89.119,NoButton,Move,446,360
89.136,89.136,NoButton,Move,446,359
89.152,89.152,NoButton,Move,444,358
89.169,89.169,NoButton,Move,440,354
89.186,89.186,NoButton,Move,435,349
89.203,89.203,NoButton,Move,429,342
89.218,89.218,NoButton,Move,426,337
89.236,89.236,NoButton,Move,423,333
89.252,89.252,NoButton,Move,422,331
89.269,89.269,NoButton,Move,421,330
89.286,89.286,NoButton,Move,421,330
89.299,89.299,Left,Pressed,421,330
89.303,89.303,Left,Released,421,330
90.786,90.786,NoButton,Move,412,391
90.798,90.798,NoButton,Move,413,388
90.798,90.798,Left,Pressed,412,391
90.802,90.802,Left,Released,412,391
94.186,94.186,NoButton,Move,430,443
94.202,94.202,NoButton,Move,430,443
94.219,94.219,NoButton,Move,430,442
94.235,94.235,NoButton,Move,430,441
94.252,94.252,NoButton,Move,430,438
94.269,94.269,NoButton,Move,430,436
94.285,94.285,NoButton,Move,430,433
94.302,94.302,NoButton,Move,430,431
94.319,94.319,NoButton,Move,430,430
94.335,94.335,NoButton,Move,430,430
94.363,94.363,NoButton,Move,430,431
94.37,94.37,NoButton,Move,430,434
94.385,94.385,NoButton,Move,430,439
94.402,94.402,NoButton,Move,430,451
94.419,94.419,NoButton,Move,429,465
94.436,94.436,NoButton,Move,429,477
94.452,94.452,NoButton,Move,428,483
94.469,94.469,NoButton,Move,428,488
94.486,94.486,NoButton,Move,428,490
94.503,94.503,NoButton,Move,428,491
94.516,94.516,Left,Pressed,428,491
94.552,94.552,NoButton,Move,428,491
94.664,94.664,Left,Released,428,491
94.735,94.735,NoButton,Move,428,484
97.086,97.086,NoButton,Move,428,489
97.102,97.102,NoButton,Move,428,511
97.119,97.119,NoButton,Move,428,523
97.136,97.136,NoButton,Move,428,532
97.152,97.152,NoButton,Move,428,542
97.169,97.169,NoButton,Move,428,557
97.186,97.186,NoButton,Move,428,565
97.202,97.202,NoButton,Move,429,573
97.219,97.219,NoButton,Move,429,578
97.236,97.236,NoButton,Move,429,580
97.252,97.252,NoButton,Move,429,582
97.269,97.269,NoButton,Move,429,582
97.286,97.286,NoButton,Move,429,586
97.303,97.303,NoButton,Move,429,590
97.319,97.319,NoButton,Move,429,596
97.336,97.336,NoButton,Move,429,600
97.352,97.352,NoButton,Move,429,603
97.369,97.369,NoButton,Move,429,605
97.386,97.386,NoButton,Move,428,606
97.403,97.403,NoButton,Move,428,606
97.467,97.467,NoButton,Move,428,606
97.474,97.474,NoButton,Move,428,607
97.524,97.524,NoButton,Move,428,607
97.569,97.569,NoButton,Move,427,607
97.586,97.586,NoButton,Move,427,607
97.603,97.603,NoButton,Move,426,605
97.619,97.619,NoButton,Move,424,599
97.636,97.636,NoButton,Move,422,594
97.653,97.653,NoButton,Move,421,591
97.669,97.669,NoButton,Move,420,588
97.686,97.686,NoButton,Move,420,587
97.702,97.702,NoButton,Move,420,587
97.719,97.719,NoButton,Move,420,587
97.748,97.748,Left,Pressed,420,587
97.838,97.838,Left,Released,420,587
97.869,97.869,NoButton,Move,420,586
100.033,100.033,NoButton,Move,419,588
100.037,100.037,NoButton,Move,418,593
100.051,100.051,NoButton,Move,416,597
100.409,100.409,NoButton,Move,402,620
100.619,100.619,NoButton,Move,401,620
100.636,100.636,NoButton,Move,399,622
100.652,100.652,NoButton,Move,397,624
100.669,100.669,NoButton,Move,393,627
100.686,100.686,NoButton,Move,390,629
100.703,100.703,NoButton,Move,386,631
100.719,100.719,NoButton,Move,383,633
100.736,100.736,NoButton,Move,381,635
100.753,100.753,NoButton,Move,378,637
100.769,100.769,NoButton,Move,376,638
100.786,100.786,NoButton,Move,375,639
100.803,100.803,NoButton,Move,374,640
100.819,100.819,NoButton,Move,374,640
100.836,100.836,NoButton,Move,374,641
100.849,100.849,Left,Pressed,374,641
100.951,100.951,Left,Released,374,641
101.217,101.217,NoButton,Move,375,641
101.236,101.236,NoButton,Move,386,635
101.253,101.253,NoButton,Move,402,626
101.269,101.269,NoButton,Move,429,613
101.286,101.286,NoButton,Move,475,591
101.303,101.303,NoButton,Move,521,573
101.319,101.319,NoButton,Move,552,564
101.336,101.336,NoButton,Move,590,553
101.353,101.353,NoButton,Move,609,548
101.37,101.37,NoButton,Move,631,542
101.386,101.386,NoButton,Move,642,538
101.403,101.403,NoButton,Move,653,534
101.419,101.419,NoButton,Move,656,532
101.436,101.436,NoButton,Move,657,532
101.453,101.453,NoButton,Move,658,531
101.469,101.469,NoButton,Move,658,531
101.486,101.486,NoButton,Move,658,530
101.502,101.502,NoButton,Move,658,528
101.519,101.519,NoButton,Move,658,524
101.536,101.536,NoButton,Move,658,519
101.552,101.552,NoButton,Move,657,505
101.569,101.569,NoButton,Move,656,494
101.586,101.586,NoButton,Move,655,487
101.602,101.602,NoButton,Move,654,481
101.619,101.619,NoButton,Move,654,479
101.636,101.636,NoButton,Move,654,479
101.649,101.649,Left,Pressed,654,479
101.765,101.765,Left,Released,654,479
101.836,101.836,NoButton,Move,654,479
102.698,102.698,NoButton,Move,654,478
102.704,102.704,NoButton,Move,654,477
102.752,102.752,NoButton,Move,644,462
102.769,102.769,NoButton,Move,637,454
102.786,102.786,NoButton,Move,634,450
102.802,102.802,NoButton,Move,632,446
102.819,102.819,NoButton,Move,630,445
102.836,102.836,NoButton,Move,629,443
102.852,102.852,NoButton,Move,629,442
102.869,102.869,NoButton,Move,628,441
102.886,102.886,NoButton,Move,628,441
102.919,102.919,NoButton,Move,628,441
102.95,102.95,Left,Pressed,628,441
103.082,103.082,Left,Released,628,441
107.137,107.137,NoButton,Move,628,444
107.153,107.153,NoButton,Move,628,451
107.17,107.17,NoButton,Move,627,456
107.186,107.186,NoButton,Move,625,461
107.202,107.202,NoButton,Move,624,463
107.219,107.219,NoButton,Move,620,470
107.236,107.236,NoButton,Move,611,477
107.252,107.252,NoButton,Move,599,481
107.269,107.269,NoButton,Move,579,482
107.286,107.286,NoButton,Move,542,478
107.302,107.302,NoButton,Move,498,456
107.319,107.319,NoButton,Move,447,420
107.336,107.336,NoButton,Move,392,372
107.353,107.353,NoButton,Move,341,316
107.369,107.369,NoButton,Move,301,258
107.386,107.386,NoButton,Move,282,222
107.403,107.403,NoButton,Move,277,209
107.419,107.419,NoButton,Move,268,192
107.619,107.619,NoButton,Move,268,192
107.627,107.627,NoButton,Move,267,194
107.636,107.636,NoButton,Move,266,196
107.652,107.652,NoButton,Move,262,201
107.669,107.669,NoButton,Move,250,213
107.686,107.686,NoButton,Move,243,216
107.703,107.703,NoButton,Move,225,224
107.719,107.719,NoButton,Move,190,233
107.735,107.735,NoButton,Move,172,237
107.752,107.752,NoButton,Move,153,241
107.769,107.769,NoButton,Move,137,245
107.786,107.786,NoButton,Move,130,247
107.802,107.802,NoButton,Move,124,249
107.819,107.819,NoButton,Move,120,251
107.836,107.836,NoButton,Move,117,253
107.853,107.853,NoButton,Move,116,253
107.869,107.869,NoButton,Move,116,254
107.886,107.886,NoButton,Move,116,254
107.9,107.9,Left,Pressed,116,254
107.919,107.919,NoButton,Move,115,254
107.999,107.999,Left,Released,115,254
108.201,108.201,NoButton,Move,117,253
108.209,108.209,NoButton,Move,121,252
108.219,108.219,NoButton,Move,127,250
108.236,108.236,NoButton,Move,158,240
108.253,108.253,NoButton,Move,233,225
108.27,108.27,NoButton,Move,322,220
108.286,108.286,NoButton,Move,493,220
108.303,108.303,NoButton,Move,652,246
108.319,108.319,NoButton,Move,764,272
108.336,108.336,NoButton,Move,857,296
108.593,108.593,NoButton,Move,857,297
108.619,108.619,NoButton,Move,856,308
108.636,108.636,NoButton,Move,854,315
108.652,108.652,NoButton,Move,848,327
108.669,108.669,NoButton,Move,834,342
108.686,108.686,NoButton,Move,813,357
108.703,108.703,NoButton,Move,789,369
108.719,108.719,NoButton,Move,762,379
108.736,108.736,NoButton,Move,732,385
108.753,108.753,NoButton,Move,701,388
108.769,108.769,NoButton,Move,669,389
108.787,108.787,NoButton,Move,639,387
108.803,108.803,NoButton,Move,620,382
108.819,108.819,NoButton,Move,601,376
108.836,108.836,NoButton,Move,593,373
108.853,108.853,NoButton,Move,589,371
109.043,109.043,NoButton,Move,591,371
109.053,109.053,NoButton,Move,597,373
109.069,109.069,NoButton,Move,605,375
109.086,109.086,NoButton,Move,616,378
109.103,109.103,NoButton,Move,631,384
109.119,109.119,NoButton,Move,654,392
109.136,109.136,NoButton,Move,668,398
109.154,109.154,NoButton,Move,677,403
109.17,109.17,NoButton,Move,684,408
109.186,109.186,NoButton,Move,685,409
109.203,109.203,NoButton,Move,687,414
109.219,109.219,NoButton,Move,687,415
109.236,109.236,NoButton,Move,680,421
109.253,109.253,NoButton,Move,673,424
109.269,109.269,NoButton,Move,666,427
109.286,109.286,NoButton,Move,663,428
109.302,109.302,NoButton,Move,658,428
109.32,109.32,NoButton,Move,655,428
109.336,109.336,NoButton,Move,653,428
109.353,109.353,NoButton,Move,652,428
109.369,109.369,NoButton,Move,652,427
109.386,109.386,NoButton,Move,652,427
109.4,109.4,Left,Pressed,652,427
109.419,109.419,NoButton,Move,652,427
109.6,109.6,Left,Released,652,427
109.985,109.985,NoButton,Move,652,427
109.992,109.992,NoButton,Move,652,428
110.003,110.003,NoButton,Move,652,430
110.019,110.019,NoButton,Move,653,434
110.036,110.036,NoButton,Move,655,441
110.053,110.053,NoButton,Move,658,448
110.069,110.069,NoButton,Move,660,455
110.086,110.086,NoButton,Move,663,461
110.103,110.103,NoButton,Move,665,464
110.119,110.119,NoButton,Move,667,467
110.136,110.136,NoButton,Move,670,467
110.153,110.153,NoButton,Move,680,463
110.169,110.169,NoButton,Move,699,438
110.946,110.946,NoButton,Move,699,447
110.969,110.969,NoButton,Move,699,460
110.986,110.986,NoButton,Move,700,468
111.003,111.003,NoButton,Move,700,476
111.019,111.019,NoButton,Move,700,492
111.036,111.036,NoButton,Move,700,504
111.053,111.053,NoButton,Move,700,510
111.069,111.069,NoButton,Move,699,516
111.086,111.086,NoButton,Move,697,520
111.103,111.103,NoButton,Move,696,521
111.119,111.119,NoButton,Move,695,523
111.136,111.136,NoButton,Move,694,524
111.154,111.154,NoButton,Move,693,526
111.169,111.169,NoButton,Move,693,528
111.186,111.186,NoButton,Move,691,530
111.203,111.203,NoButton,Move,690,534
111.219,111.219,NoButton,Move,688,541
111.236,111.236,NoButton,Move,685,549
111.253,111.253,NoButton,Move,684,554
111.269,111.269,NoButton,Move,682,559
111.286,111.286,NoButton,Move,680,562
111.302,111.302,NoButton,Move,680,563
111.333,111.333,Left,Pressed,680,563
111.353,111.353,NoButton,Move,680,563
111.46,111.46,Left,Released,680,563
111.486,111.486,NoButton,Move,680,562
111.502,111.502,NoButton,Move,680,559
116.288,116.288,NoButton,Move,680,559
116.303,116.303,NoButton,Move,680,561
116.313,116.313,NoButton,Move,680,562
116.319,116.319,NoButton,Move,680,563
116.336,116.336,NoButton,Move,681,565
116.352,116.352,NoButton,Move,691,575
116.369,116.369,NoButton,Move,705,586
116.386,116.386,NoButton,Move,732,601
116.402,116.402,NoButton,Move,753,613
116.42,116.42,NoButton,Move,787,635
116.436,116.436,NoButton,Move,804,646
116.603,116.603,NoButton,Move,802,646
116.619,116.619,NoButton,Move,799,648
116.636,116.636,NoButton,Move,797,651
116.653,116.653,NoButton,Move,796,652
116.669,116.669,NoButton,Move,794,655
116.686,116.686,NoButton,Move,793,656
116.702,116.702,NoButton,Move,792,656
116.719,116.719,NoButton,Move,792,657
116.737,116.737,NoButton,Move,792,657
116.82,116.82,NoButton,Move,792,657
116.836,116.836,NoButton,Move,792,656
116.853,116.853,NoButton,Move,792,655
116.87,116.87,NoButton,Move,793,655
116.9,116.9,Left,Pressed,793,655
116.907,116.907,NoButton,Move,793,655
117.032,117.032,Left,Released,793,655
117.379,117.379,NoButton,Move,793,654
117.403,117.403,NoButton,Move,776,635
117.419,117.419,NoButton,Move,753,610
117.436,117.436,NoButton,Move,718,573
117.453,117.453,NoButton,Move,687,544
117.469,117.469,NoButton,Move,651,514
117.486,117.486,NoButton,Move,631,502
117.503,117.503,NoButton,Move,611,491
117.519,117.519,NoButton,Move,597,486
117.537,117.537,NoButton,Move,591,485
117.736,117.736,NoButton,Move,592,485
117.737,117.737,NoButton,Move,593,485
117.754,117.754,NoButton,Move,594,486
117.769,117.769,NoButton,Move,594,486
117.821,117.821,NoButton,Move,593,486
117.836,117.836,NoButton,Move,582,485
117.853,117.853,NoButton,Move,549,480
117.869,117.869,NoButton,Move,500,471
117.886,117.886,NoButton,Move,444,457
117.903,117.903,NoButton,Move,403,447
117.92,117.92,NoButton,Move,361,438
117.936,117.936,NoButton,Move,341,437
117.953,117.953,NoButton,Move,325,437
118.141,118.141,NoButton,Move,317,437
118.153,118.153,NoButton,Move,311,435
118.169,118.169,NoButton,Move,292,430
118.186,118.186,NoButton,Move,261,419
118.203,118.203,NoButton,Move,215,400
118.22,118.22,NoButton,Move,192,389
118.236,118.236,NoButton,Move,160,371
118.253,118.253,NoButton,Move,138,360
118.269,118.269,NoButton,Move,130,357
118.286,118.286,NoButton,Move,128,356
118.303,118.303,NoButton,Move,126,356
118.319,118.319,NoButton,Move,126,356
118.336,118.336,NoButton,Move,126,356
118.352,118.352,NoButton,Move,125,356
118.369,118.369,NoButton,Move,125,358
118.386,118.386,NoButton,Move,124,360
118.403,118.403,NoButton,Move,123,362
118.419,118.419,NoButton,Move,122,363
118.436,118.436,NoButton,Move,122,364
118.45,118.45,Left,Pressed,122,364
118.469,118.469,NoButton,Move,122,364
118.532,118.532,Left,Released,122,364
118.731,118.731,NoButton,Move,125,364
118.736,118.736,NoButton,Move,127,364
118.752,118.752,NoButton,Move,136,362
118.769,118.769,NoButton,Move,150,355
118.786,118.786,NoButton,Move,169,345
118.803,118.803,NoButton,Move,193,335
118.819,118.819,NoButton,Move,220,328
118.836,118.836,NoButton,Move,252,324
118.853,118.853,NoButton,Move,282,321
118.869,118.869,NoButton,Move,302,320
118.886,118.886,NoButton,Move,323,318
118.903,118.903,NoButton,Move,333,318
118.919,118.919,NoButton,Move,341,318
118.936,118.936,NoButton,Move,347,318
118.954,118.954,NoButton,Move,349,318
118.969,118.969,NoButton,Move,350,318
118.986,118.986,NoButton,Move,351,318
119.003,119.003,NoButton,Move,352,318
119.016,119.016,Left,Pressed,352,318
119.02,119.02,Left,Released,352,318
120.05,120.05,NoButton,Move,352,405
120.052,120.052,NoButton,Move,352,405
120.25,120.25,NoButton,Move,352,406
120.258,120.258,NoButton,Move,352,406
120.269,120.269,NoButton,Move,352,407
120.286,120.286,NoButton,Move,352,408
120.303,120.303,NoButton,Move,352,409
120.319,120.319,NoButton,Move,352,409
120.336,120.336,NoButton,Move,352,410
120.35,120.35,Left,Pressed,352,410
120.353,120.353,Left,Released,352,410
121.638,121.638,Left,Pressed,358,469
121.651,121.651,NoButton,Move,358,469
121.698,121.698,Left,Released,358,469
121.786,121.786,NoButton,Move,358,472
121.802,121.802,NoButton,Move,358,475
121.819,121.819,NoButton,Move,358,479
121.836,121.836,NoButton,Move,358,483
121.853,121.853,NoButton,Move,358,487
121.869,121.869,NoButton,Move,358,489
121.886,121.886,NoButton,Move,358,489
121.898,121.898,Left,Pressed,358,489
121.919,121.919,NoButton,Move,358,490
121.993,121.993,Left,Released,358,490
123.176,123.176,NoButton,Move,358,491
123.186,123.186,NoButton,Move,358,498
123.202,123.202,NoButton,Move,361,504
123.219,123.219,NoButton,Move,364,509
123.236,123.236,NoButton,Move,370,516
123.253,123.253,NoButton,Move,377,527
123.269,123.269,NoButton,Move,386,539
123.286,123.286,NoButton,Move,393,551
123.303,123.303,NoButton,Move,400,563
123.32,123.32,NoButton,Move,406,576
123.336,123.336,NoButton,Move,410,587
123.353,123.353,NoButton,Move,412,593
123.37,123.37,NoButton,Move,414,599
123.386,123.386,NoButton,Move,414,601
123.403,123.403,NoButton,Move,414,602
123.419,123.419,NoButton,Move,414,602
123.493,123.493,NoButton,Move,414,602
123.504,123.504,NoButton,Move,414,601
123.519,123.519,NoButton,Move,414,600
123.536,123.536,NoButton,Move,414,598
123.553,123.553,NoButton,Move,415,593
123.569,123.569,NoButton,Move,415,590
123.586,123.586,NoButton,Move,416,586
123.603,123.603,NoButton,Move,417,583
123.619,123.619,NoButton,Move,418,581
123.636,123.636,NoButton,Move,419,581
123.649,123.649,Left,Pressed,419,581
123.749,123.749,NoButton,Move,419,580
123.749,123.749,Left,Released,419,580
123.752,123.752,NoButton,Move,419,580
131.13,131.13,NoButton,Move,413,604
131.153,131.153,NoButton,Move,410,627
131.169,131.169,NoButton,Move,410,641
131.186,131.186,NoButton,Move,410,648
131.203,131.203,NoButton,Move,410,659
131.219,131.219,NoButton,Move,410,669
131.236,131.236,NoButton,Move,411,677
131.253,131.253,NoButton,Move,411,683
131.269,131.269,NoButton,Move,412,689
131.286,131.286,NoButton,Move,413,693
131.303,131.303,NoButton,Move,415,696
131.319,131.319,NoButton,Move,416,699
131.336,131.336,NoButton,Move,416,700
131.353,131.353,NoButton,Move,416,700
131.369,131.369,NoButton,Move,416,700
131.419,131.419,NoButton,Move,416,700
131.436,131.436,NoButton,Move,416,697
131.453,131.453,NoButton,Move,416,692
131.469,131.469,NoButton,Move,416,683
131.486,131.486,NoButton,Move,416,672
131.503,131.503,NoButton,Move,416,660
131.521,131.521,NoButton,Move,417,648
131.537,131.537,NoButton,Move,417,641
131.553,131.553,NoButton,Move,418,633
131.57,131.57,NoButton,Move,418,630
131.587,131.587,NoButton,Move,418,628
131.603,131.603,NoButton,Move,418,628
131.62,131.62,NoButton,Move,418,627
131.636,131.636,NoButton,Move,418,627
131.649,131.649,Left,Pressed,418,627
131.799,131.799,Left,Released,418,627
132.286,132.286,NoButton,Move,419,626
132.302,132.302,NoButton,Move,430,619
132.319,132.319,NoButton,Move,458,603
132.336,132.336,NoButton,Move,503,580
132.353,132.353,NoButton,Move,557,556
132.37,132.37,NoButton,Move,595,542
132.386,132.386,NoButton,Move,638,529
132.403,132.403,NoButton,Move,662,524
132.42,132.42,NoButton,Move,676,520
132.436,132.436,NoButton,Move,687,517
132.453,132.453,NoButton,Move,692,516
132.47,132.47,NoButton,Move,693,515
132.486,132.486,NoButton,Move,694,515
132.5,132.5,Left,Pressed,694,515
132.52,132.52,NoButton,Move,694,515
132.667,132.667,Left,Released,694,515
132.719,132.719,NoButton,Move,694,515
134.25,134.25,NoButton,Move,693,515
134.27,134.27,NoButton,Move,690,513
134.286,134.286,NoButton,Move,686,509
134.303,134.303,NoButton,Move,682,504
134.319,134.319,NoButton,Move,677,499
134.336,134.336,NoButton,Move,672,494
134.352,134.352,NoButton,Move,669,490
134.369,134.369,NoButton,Move,665,486
134.386,134.386,NoButton,Move,663,484
134.403,134.403,NoButton,Move,662,483
134.42,134.42,NoButton,Move,662,483
134.436,134.436,NoButton,Move,662,482
134.466,134.466,Left,Pressed,662,482
134.617,134.617,Left,Released,662,482
135.567,135.567,NoButton,Move,661,482
135.586,135.586,NoButton,Move,657,479
135.603,135.603,NoButton,Move,652,474
135.62,135.62,NoButton,Move,648,469
135.636,135.636,NoButton,Move,646,468
135.653,135.653,NoButton,Move,643,464
135.669,135.669,NoButton,Move,643,463
135.682,135.682,Left,Pressed,643,463
135.719,135.719,NoButton,Move,642,463
135.765,135.765,Left,Released,642,463
135.978,135.978,NoButton,Move,641,463
135.986,135.986,NoButton,Move,637,463
136.003,136.003,NoButton,Move,625,463
136.019,136.019,NoButton,Move,598,462
136.036,136.036,NoButton,Move,522,444
136.053,136.053,NoButton,Move,425,406
136.069,136.069,NoButton,Move,311,356
136.086,136.086,NoButton,Move,246,323
136.103,136.103,NoButton,Move,204,300
136.119,136.119,NoButton,Move,179,287
136.136,136.136,NoButton,Move,167,282
136.153,136.153,NoButton,Move,159,277
136.169,136.169,NoButton,Move,157,276
136.186,136.186,NoButton,Move,157,275
136.203,136.203,NoButton,Move,157,275
136.22,136.22,NoButton,Move,157,274
136.236,136.236,NoButton,Move,157,274
136.253,136.253,NoButton,Move,157,272
136.269,136.269,NoButton,Move,155,271
136.286,136.286,NoButton,Move,154,269
136.303,136.303,NoButton,Move,152,268
136.319,136.319,NoButton,Move,151,267
136.336,136.336,NoButton,Move,147,263
136.353,136.353,NoButton,Move,144,259
136.369,136.369,NoButton,Move,141,253
136.386,136.386,NoButton,Move,139,248
136.403,136.403,NoButton,Move,136,244
136.419,136.419,NoButton,Move,135,241
136.436,136.436,NoButton,Move,134,240
136.453,136.453,NoButton,Move,134,240
136.504,136.504,NoButton,Move,134,242
136.518,136.518,NoButton,Move,133,247
136.536,136.536,NoButton,Move,132,255
136.553,136.553,NoButton,Move,130,263
136.57,136.57,NoButton,Move,128,273
136.586,136.586,NoButton,Move,128,278
136.603,136.603,NoButton,Move,127,282
136.619,136.619,NoButton,Move,127,285
136.636,136.636,NoButton,Move,127,286
136.653,136.653,NoButton,Move,127,287
136.669,136.669,NoButton,Move,127,288
136.683,136.683,Left,Pressed,127,288
136.703,136.703,NoButton,Move,127,288
136.766,136.766,Left,Released,127,288
136.975,136.975,NoButton,Move,127,288
136.987,136.987,NoButton,Move,129,288
137.003,137.003,NoButton,Move,137,288
137.019,137.019,NoButton,Move,153,284
137.037,137.037,NoButton,Move,180,280
137.053,137.053,NoButton,Move,227,275
137.07,137.07,NoButton,Move,271,273
137.086,137.086,NoButton,Move,308,273
137.103,137.103,NoButton,Move,352,274
137.12,137.12,NoButton,Move,392,281
137.136,137.136,NoButton,Move,414,285
137.153,137.153,NoButton,Move,436,288
137.17,137.17,NoButton,Move,444,289
137.186,137.186,NoButton,Move,450,290
137.203,137.203,NoButton,Move,452,291
137.22,137.22,NoButton,Move,452,291
137.303,137.303,NoButton,Move,452,290
137.319,137.319,NoButton,Move,452,289
137.336,137.336,NoButton,Move,452,288
137.353,137.353,NoButton,Move,452,288
137.37,137.37,NoButton,Move,452,287
137.386,137.386,NoButton,Move,452,287
137.417,137.417,Left,Pressed,452,287
137.421,137.421,NoButton,Move,452,287
137.554,137.554,Left,Released,452,287
137.811,137.811,NoButton,Move,452,286
137.82,137.82,NoButton,Move,452,285
137.836,137.836,NoButton,Move,449,278
137.853,137.853,NoButton,Move,446,274
137.871,137.871,NoButton,Move,444,270
137.886,137.886,NoButton,Move,443,268
137.903,137.903,NoButton,Move,442,267
137.917,137.917,Left,Pressed,442,267
137.932,137.932,NoButton,Move,442,267
138.032,138.032,NoButton,Move,442,267
138.048,138.048,NoButton,Move,439,267
138.065,138.065,NoButton,Move,426,267
138.083,138.083,NoButton,Move,396,267
138.099,138.099,NoButton,Move,357,267
138.119,138.119,NoButton,Move,309,267
138.136,138.136,NoButton,Move,274,267
138.153,138.153,NoButton,Move,252,267
138.169,138.169,NoButton,Move,235,267
138.186,138.186,NoButton,Move,227,267
138.203,138.203,NoButton,Move,221,267
138.219,138.219,NoButton,Move,218,267
138.236,138.236,NoButton,Move,217,267
138.253,138.253,NoButton,Move,216,267
138.299,138.299,Left,Released,216,267
141.405,141.405,NoButton,Move,217,269
141.419,141.419,NoButton,Move,225,278
141.436,141.436,NoButton,Move,249,296
141.453,141.453,NoButton,Move,284,312
141.469,141.469,NoButton,Move,308,322
141.486,141.486,NoButton,Move,340,332
141.503,141.503,NoButton,Move,361,338
141.519,141.519,NoButton,Move,383,345
141.536,141.536,NoButton,Move,398,350
141.553,141.553,NoButton,Move,406,353
141.569,141.569,NoButton,Move,412,356
141.586,141.586,NoButton,Move,416,358
141.603,141.603,NoButton,Move,418,361
141.619,141.619,NoButton,Move,420,364
141.636,141.636,NoButton,Move,420,368
141.653,141.653,NoButton,Move,421,374
141.67,141.67,NoButton,Move,422,380
141.686,141.686,NoButton,Move,422,389
141.703,141.703,NoButton,Move,423,394
141.72,141.72,NoButton,Move,424,405
141.735,141.735,NoButton,Move,424,409
141.753,141.753,NoButton,Move,424,411
141.769,141.769,NoButton,Move,424,412
141.786,141.786,NoButton,Move,424,413
141.803,141.803,NoButton,Move,424,413
142.134,142.134,Left,Pressed,424,413
142.317,142.317,Left,Released,424,413
144.026,144.026,NoButton,Move,424,413
144.036,144.036,NoButton,Move,427,413
144.053,144.053,NoButton,Move,435,413
144.07,144.07,NoButton,Move,446,413
144.087,144.087,NoButton,Move,472,414
144.103,144.103,NoButton,Move,517,420
144.12,144.12,NoButton,Move,562,429
144.137,144.137,NoButton,Move,584,436
144.153,144.153,NoButton,Move,639,452
144.17,144.17,NoButton,Move,662,461
144.186,144.186,NoButton,Move,679,469
144.203,144.203,NoButton,Move,692,476
144.22,144.22,NoButton,Move,693,476
144.237,144.237,NoButton,Move,692,476
144.41,144.41,NoButton,Move,693,476
144.42,144.42,NoButton,Move,694,478
144.437,144.437,NoButton,Move,699,480
144.454,144.454,NoButton,Move,702,482
144.47,144.47,NoButton,Move,715,486
144.487,144.487,NoButton,Move,723,488
144.503,144.503,NoButton,Move,730,490
144.52,144.52,NoButton,Move,736,491
144.537,144.537,NoButton,Move,738,491
144.553,144.553,NoButton,Move,739,491
144.57,144.57,NoButton,Move,740,491
144.664,144.664,NoButton,Move,740,491
146.015,146.015,NoButton,Move,739,491
146.037,146.037,NoButton,Move,735,489
146.562,146.562,NoButton,Move,735,489
146.586,146.586,NoButton,Move,737,490
146.603,146.603,NoButton,Move,737,491
146.62,146.62,NoButton,Move,739,492
146.636,146.636,NoButton,Move,739,493
146.654,146.654,NoButton,Move,742,496
146.67,146.67,NoButton,Move,743,498
146.686,146.686,NoButton,Move,746,502
146.703,146.703,NoButton,Move,750,507
146.72,146.72,NoButton,Move,752,510
146.736,146.736,NoButton,Move,758,519
146.753,146.753,NoButton,Move,762,527
146.769,146.769,NoButton,Move,766,535
146.786,146.786,NoButton,Move,769,543
146.803,146.803,NoButton,Move,772,552
146.821,146.821,NoButton,Move,774,561
146.836,146.836,NoButton,Move,775,570
146.853,146.853,NoButton,Move,775,578
146.87,146.87,NoButton,Move,775,584
146.886,146.886,NoButton,Move,774,589
146.903,146.903,NoButton,Move,770,596
146.92,146.92,NoButton,Move,766,600
146.936,146.936,NoButton,Move,761,602
146.953,146.953,NoButton,Move,757,603
146.97,146.97,NoButton,Move,751,606
146.986,146.986,NoButton,Move,746,609
147.004,147.004,NoButton,Move,743,612
147.02,147.02,NoButton,Move,737,618
147.036,147.036,NoButton,Move,732,623
147.053,147.053,NoButton,Move,726,631
147.07,147.07,NoButton,Move,721,638
147.086,147.086,NoButton,Move,716,646
147.104,147.104,NoButton,Move,713,653
147.12,147.12,NoButton,Move,711,656
147.136,147.136,NoButton,Move,708,662
147.153,147.153,NoButton,Move,706,666
147.169,147.169,NoButton,Move,704,669
147.186,147.186,NoButton,Move,703,672
147.203,147.203,NoButton,Move,701,675
147.22,147.22,NoButton,Move,700,677
147.236,147.236,NoButton,Move,699,679
147.253,147.253,NoButton,Move,698,680
147.27,147.27,NoButton,Move,697,682
147.286,147.286,NoButton,Move,696,683
147.303,147.303,NoButton,Move,695,684
147.321,147.321,NoButton,Move,694,686
147.336,147.336,NoButton,Move,693,687
147.353,147.353,NoButton,Move,692,689
147.37,147.37,NoButton,Move,692,689
147.386,147.386,NoButton,Move,691,690
147.399,147.399,Left,Pressed,691,690
147.584,147.584,Left,Released,691,690
147.939,147.939,NoButton,Move,693,690
147.953,147.953,NoButton,Move,695,688
147.97,147.97,NoButton,Move,702,683
147.987,147.987,NoButton,Move,716,665
148.003,148.003,NoButton,Move,723,654
148.02,148.02,NoButton,Move,737,619
148.035,148.035,NoButton,Move,739,606
148.053,148.053,NoButton,Move,735,551
148.07,148.07,NoButton,Move,714,515
148.086,148.086,NoButton,Move,682,478
148.103,148.103,NoButton,Move,642,450
148.119,148.119,NoButton,Move,612,436
148.136,148.136,NoButton,Move,577,425
148.153,148.153,NoButton,Move,557,422
148.17,148.17,NoButton,Move,537,421
148.186,148.186,NoButton,Move,524,421
148.363,148.363,NoButton,Move,524,420
148.372,148.372,NoButton,Move,524,418
148.386,148.386,NoButton,Move,521,415
148.403,148.403,NoButton,Move,514,406
148.42,148.42,NoButton,Move,494,380
148.436,148.436,NoButton,Move,445,317
148.453,148.453,NoButton,Move,418,283
148.47,148.47,NoButton,Move,400,261
148.486,148.486,NoButton,Move,391,251
148.503,148.503,NoButton,Move,381,245
148.52,148.52,NoButton,Move,381,245
148.536,148.536,NoButton,Move,381,251
148.553,148.553,NoButton,Move,381,256
148.569,148.569,NoButton,Move,381,264
148.586,148.586,NoButton,Move,381,269
148.603,148.603,NoButton,Move,381,273
148.62,148.62,NoButton,Move,381,274
148.637,148.637,NoButton,Move,381,275
148.653,148.653,NoButton,Move,381,276
148.669,148.669,NoButton,Move,381,277
148.686,148.686,NoButton,Move,380,279
148.703,148.703,NoButton,Move,380,279
148.719,148.719,NoButton,Move,379,281
148.736,148.736,NoButton,Move,379,282
148.749,148.749,Left,Pressed,379,282
148.786,148.786,NoButton,Move,379,282
148.886,148.886,Left,Released,379,282
149.066,149.066,Left,Pressed,379,282
149.15,149.15,Left,Released,379,282
154.356,154.356,NoButton,Move,378,296
154.37,154.37,NoButton,Move,372,315
154.386,154.386,NoButton,Move,370,326
154.403,154.403,NoButton,Move,368,337
154.42,154.42,NoButton,Move,367,348
154.436,154.436,NoButton,Move,365,365
154.453,154.453,NoButton,Move,364,378
154.47,154.47,NoButton,Move,364,386
154.487,154.487,NoButton,Move,363,392
154.503,154.503,NoButton,Move,363,397
154.52,154.52,NoButton,Move,362,401
154.536,154.536,NoButton,Move,362,410
154.553,154.553,NoButton,Move,362,418
154.57,154.57,NoButton,Move,362,424
154.586,154.586,NoButton,Move,363,430
154.603,154.603,NoButton,Move,363,433
154.62,154.62,NoButton,Move,363,436
154.636,154.636,NoButton,Move,363,438
154.653,154.653,NoButton,Move,363,442
154.67,154.67,NoButton,Move,363,447
154.687,154.687,NoButton,Move,363,451
154.702,154.702,NoButton,Move,363,456
154.72,154.72,NoButton,Move,363,459
154.736,154.736,NoButton,Move,363,466
154.753,154.753,NoButton,Move,363,473
154.769,154.769,NoButton,Move,363,478
154.786,154.786,NoButton,Move,363,483
154.803,154.803,NoButton,Move,363,486
154.82,154.82,NoButton,Move,363,489
154.836,154.836,NoButton,Move,363,491
154.853,154.853,NoButton,Move,363,492
154.87,154.87,NoButton,Move,363,492
156.208,156.208,NoButton,Move,363,492
156.224,156.224,NoButton,Move,363,493
156.239,156.239,NoButton,Move,364,493
156.253,156.253,NoButton,Move,364,494
156.27,156.27,NoButton,Move,365,497
156.287,156.287,NoButton,Move,365,501
156.303,156.303,NoButton,Move,366,505
156.32,156.32,NoButton,Move,366,508
156.336,156.336,NoButton,Move,366,509
156.353,156.353,NoButton,Move,366,511
156.37,156.37,NoButton,Move,366,511
156.386,156.386,NoButton,Move,366,512
156.403,156.403,NoButton,Move,366,512
156.42,156.42,NoButton,Move,367,516
156.437,156.437,NoButton,Move,368,526
156.453,156.453,NoButton,Move,369,543
156.47,156.47,NoButton,Move,371,567
156.487,156.487,NoButton,Move,372,596
156.503,156.503,NoButton,Move,375,625
156.52,156.52,NoButton,Move,377,642
156.536,156.536,NoButton,Move,379,655
156.553,156.553,NoButton,Move,381,664
156.57,156.57,NoButton,Move,382,670
156.587,156.587,NoButton,Move,382,674
156.602,156.602,NoButton,Move,382,676
156.813,156.813,NoButton,Move,382,677
156.821,156.821,NoButton,Move,383,683
156.837,156.837,NoButton,Move,384,686
156.853,156.853,NoButton,Move,388,699
156.871,156.871,NoButton,Move,391,706
156.887,156.887,NoButton,Move,391,710
156.903,156.903,NoButton,Move,392,712
156.92,156.92,NoButton,Move,392,712
157.65,157.65,Scroll,Down,0,1
157.67,157.67,Scroll,Down,0,5
157.687,157.687,Scroll,Down,0,12
157.703,157.703,Scroll,Down,0,16
157.72,157.72,Scroll,Down,0,18
157.737,157.737,Scroll,Down,0,16
157.753,157.753,Scroll,Down,0,12
157.77,157.77,Scroll,Down,0,11
157.786,157.786,Scroll,Down,0,6
157.803,157.803,Scroll,Down,0,6
157.82,157.82,Scroll,Down,0,3
157.837,157.837,Scroll,Down,0,2
157.853,157.853,Scroll,Down,0,2
157.87,157.87,Scroll,Down,0,1
157.886,157.886,Scroll,Down,0,1
157.936,157.936,Scroll,Down,0,1
157.953,157.953,Scroll,Down,0,1
158.554,158.554,Scroll,Up,0,2
158.571,158.571,Scroll,Up,0,5
158.587,158.587,Scroll,Up,0,11
158.603,158.603,Scroll,Up,0,15
158.62,158.62,Scroll,Up,0,18
158.637,158.637,Scroll,Up,0,16
158.653,158.653,Scroll,Up,0,14
158.67,158.67,Scroll,Up,0,20
158.687,158.687,Scroll,Up,0,22
158.703,158.703,Scroll,Up,0,22
158.753,158.753,Scroll,Up,0,44
158.809,158.809,NoButton,Move,392,691
158.826,158.826,NoButton,Move,392,658
158.843,158.843,NoButton,Move,392,608
158.859,158.859,NoButton,Move,393,542
158.876,158.876,NoButton,Move,400,439
158.893,158.893,NoButton,Move,404,379
158.91,158.91,NoButton,Move,412,302
158.926,158.926,NoButton,Move,418,265
158.943,158.943,NoButton,Move,423,242
158.959,158.959,NoButton,Move,427,230
159.203,159.203,NoButton,Move,427,234
159.22,159.22,NoButton,Move,425,242
159.236,159.236,NoButton,Move,423,250
159.253,159.253,NoButton,Move,422,255
159.27,159.27,NoButton,Move,421,259
159.286,159.286,NoButton,Move,420,261
159.303,159.303,NoButton,Move,419,262
159.32,159.32,NoButton,Move,419,262
166.776,166.776,NoButton,Move,420,263
166.786,166.786,NoButton,Move,424,265
166.803,166.803,NoButton,Move,429,267
166.82,166.82,NoButton,Move,435,268
166.836,166.836,NoButton,Move,451,272
166.853,166.853,NoButton,Move,473,278
166.87,166.87,NoButton,Move,514,293
166.887,166.887,NoButton,Move,562,315
166.903,166.903,NoButton,Move,616,342
166.92,166.92,NoButton,Move,667,370
166.936,166.936,NoButton,Move,696,390
166.954,166.954,NoButton,Move,716,406
166.97,166.97,NoButton,Move,732,420
166.987,166.987,NoButton,Move,733,422
167.12,167.12,NoButton,Move,733,424
167.136,167.136,NoButton,Move,731,431
167.153,167.153,NoButton,Move,730,437
167.17,167.17,NoButton,Move,729,441
167.187,167.187,NoButton,Move,726,445
167.203,167.203,NoButton,Move,724,450
167.22,167.22,NoButton,Move,721,455
167.237,167.237,NoButton,Move,719,460
167.253,167.253,NoButton,Move,717,464
167.27,167.27,NoButton,Move,714,468
167.286,167.286,NoButton,Move,713,470
167.303,167.303,NoButton,Move,711,472
167.32,167.32,NoButton,Move,711,473
167.337,167.337,NoButton,Move,710,474
167.353,167.353,NoButton,Move,709,476
167.371,167.371,NoButton,Move,708,478
167.388,167.388,NoButton,Move,708,480
167.404,167.404,NoButton,Move,707,482
167.42,167.42,NoButton,Move,706,484
167.437,167.437,NoButton,Move,704,485
167.453,167.453,NoButton,Move,704,487
167.47,167.47,NoButton,Move,703,487
167.486,167.486,NoButton,Move,703,488
167.503,167.503,NoButton,Move,703,488
167.536,167.536,NoButton,Move,702,488
167.553,167.553,NoButton,Move,702,489
167.57,167.57,NoButton,Move,702,489
167.586,167.586,NoButton,Move,702,490
167.6,167.6,Left,Pressed,702,490
167.636,167.636,NoButton,Move,702,490
167.716,167.716,Left,Released,702,490
170.494,170.494,NoButton,Move,703,490
170.52,170.52,NoButton,Move,710,496
170.537,170.537,NoButton,Move,724,508
170.553,170.553,NoButton,Move,737,519
170.57,170.57,NoButton,Move,751,534
170.586,170.586,NoButton,Move,765,549
170.603,170.603,NoButton,Move,775,559
170.62,170.62,NoButton,Move,785,572
170.636,170.636,NoButton,Move,794,583
170.653,170.653,NoButton,Move,802,593
170.67,170.67,NoButton,Move,808,601
170.687,170.687,NoButton,Move,812,608
170.703,170.703,NoButton,Move,815,613
170.72,170.72,NoButton,Move,817,617
170.736,170.736,NoButton,Move,819,621
170.753,170.753,NoButton,Move,819,626
170.77,170.77,NoButton,Move,820,630
170.787,170.787,NoButton,Move,821,636
170.803,170.803,NoButton,Move,821,639
170.82,170.82,NoButton,Move,822,642
170.836,170.836,NoButton,Move,822,645
170.854,170.854,NoButton,Move,822,647
170.87,170.87,NoButton,Move,822,651
170.886,170.886,NoButton,Move,822,653
170.903,170.903,NoButton,Move,822,656
170.92,170.92,NoButton,Move,822,658
170.936,170.936,NoButton,Move,822,659
170.953,170.953,NoButton,Move,822,659
171.018,171.018,Left,Pressed,822,659
171.15,171.15,Left,Released,822,659
171.203,171.203,NoButton,Move,822,659
171.22,171.22,NoButton,Move,821,659
171.237,171.237,NoButton,Move,820,659
171.253,171.253,NoButton,Move,820,659
171.27,171.27,NoButton,Move,819,657
171.287,171.287,NoButton,Move,818,647
171.303,171.303,NoButton,Move,812,622
171.32,171.32,NoButton,Move,800,587
171.337,171.337,NoButton,Move,781,545
171.353,171.353,NoButton,Move,763,510
171.37,171.37,NoButton,Move,747,486
171.387,171.387,NoButton,Move,732,467
171.403,171.403,NoButton,Move,722,457
171.42,171.42,NoButton,Move,717,454
171.437,171.437,NoButton,Move,709,451
171.453,171.453,NoButton,Move,703,450
171.47,171.47,NoButton,Move,698,449
171.487,171.487,NoButton,Move,693,448
171.503,171.503,NoButton,Move,686,446
171.52,171.52,NoButton,Move,681,443
171.536,171.536,NoButton,Move,675,438
171.554,171.554,NoButton,Move,669,432
171.57,171.57,NoButton,Move,665,428
171.586,171.586,NoButton,Move,662,424
171.603,171.603,NoButton,Move,661,422
171.62,171.62,NoButton,Move,659,418
171.637,171.637,NoButton,Move,658,414
171.653,171.653,NoButton,Move,657,409
171.67,171.67,NoButton,Move,655,404
171.687,171.687,NoButton,Move,654,401
171.703,171.703,NoButton,Move,654,400
171.72,171.72,NoButton,Move,654,399
171.736,171.736,NoButton,Move,654,399
171.787,171.787,NoButton,Move,653,399
171.803,171.803,NoButton,Move,653,399
171.82,171.82,NoButton,Move,653,399
171.836,171.836,NoButton,Move,652,400
171.853,171.853,NoButton,Move,652,404
172.003,172.003,NoButton,Move,652,402
172.02,172.02,NoButton,Move,648,393
172.037,172.037,NoButton,Move,644,384
172.053,172.053,NoButton,Move,635,360
172.07,172.07,NoButton,Move,627,332
172.087,172.087,NoButton,Move,621,302
172.104,172.104,NoButton,Move,617,282
172.334,172.334,Left,Pressed,617,282
172.452,172.452,Left,Released,617,282
175.661,175.661,NoButton,Move,615,303
175.687,175.687,NoButton,Move,611,317
175.703,175.703,NoButton,Move,610,325
175.72,175.72,NoButton,Move,608,329
175.736,175.736,NoButton,Move,606,331
175.753,175.753,NoButton,Move,604,335
175.77,175.77,NoButton,Move,602,337
175.786,175.786,NoButton,Move,599,339
175.803,175.803,NoButton,Move,596,342
175.82,175.82,NoButton,Move,591,346
175.836,175.836,NoButton,Move,588,350
175.853,175.853,NoButton,Move,584,354
175.87,175.87,NoButton,Move,583,356
175.887,175.887,NoButton,Move,582,357
175.903,175.903,NoButton,Move,581,357
175.92,175.92,NoButton,Move,580,357
175.937,175.937,NoButton,Move,580,356
175.95,175.95,Left,Pressed,580,356
175.986,175.986,NoButton,Move,580,356
176.066,176.066,Left,Released,580,356
176.463,176.463,NoButton,Move,580,357
176.47,176.47,NoButton,Move,580,358
176.487,176.487,NoButton,Move,582,361
176.503,176.503,NoButton,Move,585,365
176.52,176.52,NoButton,Move,587,369
176.537,176.537,NoButton,Move,591,373
176.553,176.553,NoButton,Move,595,378
176.57,176.57,NoButton,Move,598,383
176.587,176.587,NoButton,Move,602,389
176.604,176.604,NoButton,Move,604,393
176.62,176.62,NoButton,Move,606,397
176.636,176.636,NoButton,Move,609,401
176.654,176.654,NoButton,Move,610,404
176.67,176.67,NoButton,Move,611,406
176.687,176.687,NoButton,Move,612,407
176.72,176.72,NoButton,Move,614,411
176.736,176.736,NoButton,Move,614,411
176.753,176.753,NoButton,Move,614,412
176.786,176.786,NoButton,Move,614,412
176.832,176.832,Left,Pressed,614,412
176.932,176.932,Left,Released,614,412
177.863,177.863,NoButton,Move,615,412
177.87,177.87,NoButton,Move,615,412
177.886,177.886,NoButton,Move,615,412
177.904,177.904,NoButton,Move,616,413
177.92,177.92,NoButton,Move,616,413
177.937,177.937,NoButton,Move,617,413
177.953,177.953,NoButton,Move,617,414
177.97,177.97,NoButton,Move,617,414
178.02,178.02,NoButton,Move,617,414
178.038,178.038,NoButton,Move,618,414
178.053,178.053,NoButton,Move,618,415
178.07,178.07,NoButton,Move,619,415
178.087,178.087,NoButton,Move,619,415
178.103,178.103,NoButton,Move,620,415
178.12,178.12,NoButton,Move,620,415
178.378,178.378,NoButton,Move,620,415
178.403,178.403,NoButton,Move,624,415
178.42,178.42,NoButton,Move,629,415
178.437,178.437,NoButton,Move,636,415
178.454,178.454,NoButton,Move,645,417
178.47,178.47,NoButton,Move,656,420
178.487,178.487,NoButton,Move,667,423
178.503,178.503,NoButton,Move,677,427
178.52,178.52,NoButton,Move,686,430
178.537,178.537,NoButton,Move,693,434
178.553,178.553,NoButton,Move,700,437
178.57,178.57,NoButton,Move,706,440
178.587,178.587,NoButton,Move,710,442
178.604,178.604,NoButton,Move,715,444
178.62,178.62,NoButton,Move,718,446
178.637,178.637,NoButton,Move,720,447
178.653,178.653,NoButton,Move,721,447
178.67,178.67,NoButton,Move,722,447
178.72,178.72,NoButton,Move,722,448
179,179,NoButton,Move,722,449
179.019,179.019,NoButton,Move,727,461
179.037,179.037,NoButton,Move,732,476
179.053,179.053,NoButton,Move,741,503
179.07,179.07,NoButton,Move,747,529
179.087,179.087,NoButton,Move,752,566
179.103,179.103,NoButton,Move,754,598
179.12,179.12,NoButton,Move,754,618
179.137,179.137,NoButton,Move,753,637
179.153,179.153,NoButton,Move,752,646
179.17,179.17,NoButton,Move,750,652
179.187,179.187,NoButton,Move,749,656
179.203,179.203,NoButton,Move,749,656
179.216,179.216,Left,Pressed,749,656
179.237,179.237,NoButton,Move,749,656
179.383,179.383,Left,Released,749,656
179.556,179.556,NoButton,Move,749,656
179.57,179.57,NoButton,Move,749,656
179.587,179.587,NoButton,Move,749,657
179.613,179.613,NoButton,Move,749,657
179.622,179.622,NoButton,Move,748,656
179.637,179.637,NoButton,Move,745,653
179.654,179.654,NoButton,Move,729,634
179.671,179.671,NoButton,Move,687,577
179.686,179.686,NoButton,Move,634,497
179.704,179.704,NoButton,Move,561,369
179.72,179.72,NoButton,Move,527,315
179.737,179.737,NoButton,Move,508,284
179.753,179.753,NoButton,Move,499,270
179.77,179.77,NoButton,Move,493,261
179.786,179.786,NoButton,Move,491,259
179.803,179.803,NoButton,Move,490,259
179.82,179.82,NoButton,Move,490,259
179.836,179.836,NoButton,Move,490,259
179.853,179.853,NoButton,Move,490,259
179.87,179.87,NoButton,Move,489,259
179.886,179.886,NoButton,Move,489,259
179.907,179.907,NoButton,Move,489,259
179.92,179.92,NoButton,Move,489,259
179.936,179.936,NoButton,Move,489,258
179.953,179.953,NoButton,Move,489,258
179.966,179.966,Left,Pressed,489,258
180.079,180.079,Left,Released,489,258
181.668,181.668,NoButton,Move,489,261
181.687,181.687,NoButton,Move,489,279
181.703,181.703,NoButton,Move,489,286
181.72,181.72,NoButton,Move,489,292
181.736,181.736,NoButton,Move,489,302
181.753,181.753,NoButton,Move,487,308
181.77,181.77,NoButton,Move,484,314
181.786,181.786,NoButton,Move,482,319
181.804,181.804,NoButton,Move,480,322
181.82,181.82,NoButton,Move,478,326
181.837,181.837,NoButton,Move,475,333
181.853,181.853,NoButton,Move,473,339
181.87,181.87,NoButton,Move,470,347
181.887,181.887,NoButton,Move,468,352
181.903,181.903,NoButton,Move,466,357
181.92,181.92,NoButton,Move,464,361
181.937,181.937,NoButton,Move,462,368
181.953,181.953,NoButton,Move,461,375
181.97,181.97,NoButton,Move,460,384
181.987,181.987,NoButton,Move,459,393
182.003,182.003,NoButton,Move,458,398
182.02,182.02,NoButton,Move,456,404
182.036,182.036,NoButton,Move,456,405
182.053,182.053,NoButton,Move,456,406
182.087,182.087,NoButton,Move,455,406
182.251,182.251,Left,Pressed,455,406
183.185,183.185,NoButton,Move,455,407
183.203,183.203,NoButton,Move,454,408
183.22,183.22,NoButton,Move,451,414
183.237,183.237,NoButton,Move,443,427
183.253,183.253,NoButton,Move,432,447
183.271,183.271,NoButton,Move,418,472
183.287,183.287,NoButton,Move,407,493
183.304,183.304,NoButton,Move,398,510
183.321,183.321,NoButton,Move,391,526
183.336,183.336,NoButton,Move,386,535
183.354,183.354,NoButton,Move,384,541
183.37,183.37,NoButton,Move,382,544
183.386,183.386,NoButton,Move,381,546
183.403,183.403,NoButton,Move,381,546
183.55,183.55,Left,Released,381,546
183.85,183.85,Left,Pressed,381,546
183.983,183.983,Left,Released,381,546
185.156,185.156,NoButton,Move,382,546
185.203,185.203,NoButton,Move,398,551
185.22,185.22,NoButton,Move,425,558
185.236,185.236,NoButton,Move,437,560
185.253,185.253,NoButton,Move,478,572
185.27,185.27,NoButton,Move,503,579
185.287,185.287,NoButton,Move,516,584
185.303,185.303,NoButton,Move,531,589
185.32,185.32,NoButton,Move,538,592
185.337,185.337,NoButton,Move,544,596
185.354,185.354,NoButton,Move,551,601
185.37,185.37,NoButton,Move,554,604
185.387,185.387,NoButton,Move,558,609
185.403,185.403,NoButton,Move,560,611
185.42,185.42,NoButton,Move,561,614
185.437,185.437,NoButton,Move,562,614
185.45,185.45,Left,Pressed,562,614
185.47,185.47,NoButton,Move,562,615
185.617,185.617,Left,Released,562,615
185.844,185.844,NoButton,Move,563,615
185.853,185.853,NoButton,Move,564,616
185.87,185.87,NoButton,Move,568,619
185.887,185.887,NoButton,Move,573,623
185.904,185.904,NoButton,Move,581,629
185.92,185.92,NoButton,Move,585,632
185.937,185.937,NoButton,Move,588,635
185.953,185.953,NoButton,Move,590,636
185.97,185.97,NoButton,Move,591,636
185.984,185.984,Left,Pressed,591,636
186.003,186.003,NoButton,Move,591,636
186.117,186.117,Left,Released,591,636
186.327,186.327,NoButton,Move,591,637
186.353,186.353,NoButton,Move,592,643
186.371,186.371,NoButton,Move,595,649
186.386,186.386,NoButton,Move,596,655
186.404,186.404,NoButton,Move,597,659
186.42,186.42,NoButton,Move,598,665
186.437,186.437,NoButton,Move,598,666
186.449,186.449,Left,Pressed,598,666
186.47,186.47,NoButton,Move,598,666
186.566,186.566,Left,Released,598,666
186.62,186.62,NoButton,Move,598,666
187.31,187.31,NoButton,Move,598,666
187.32,187.32,NoButton,Move,598,665
187.337,187.337,NoButton,Move,598,664
187.354,187.354,NoButton,Move,598,662
187.37,187.37,NoButton,Move,599,661
187.387,187.387,NoButton,Move,599,660
187.404,187.404,NoButton,Move,599,659
187.42,187.42,NoButton,Move,599,659
187.437,187.437,NoButton,Move,599,658
187.521,187.521,NoButton,Move,599,658
187.554,187.554,NoButton,Move,599,658
187.603,187.603,NoButton,Move,599,658
187.792,187.792,NoButton,Move,599,658
187.816,187.816,NoButton,Move,600,658
187.824,187.824,NoButton,Move,600,657
190.904,190.904,NoButton,Move,600,657
190.92,190.92,NoButton,Move,599,656
190.937,190.937,NoButton,Move,598,655
190.954,190.954,NoButton,Move,597,654
190.97,190.97,NoButton,Move,597,654
190.987,190.987,NoButton,Move,597,654
191.004,191.004,NoButton,Move,597,653
191.02,191.02,NoButton,Move,596,653
191.108,191.108,NoButton,Move,596,653
191.12,191.12,NoButton,Move,596,653
191.137,191.137,NoButton,Move,595,652
191.153,191.153,NoButton,Move,594,652
191.17,191.17,NoButton,Move,594,651
191.187,191.187,NoButton,Move,593,651
191.203,191.203,NoButton,Move,593,651
192.131,192.131,NoButton,Move,593,650
192.154,192.154,NoButton,Move,592,649
192.17,192.17,NoButton,Move,591,647
192.187,192.187,NoButton,Move,589,645
192.204,192.204,NoButton,Move,587,642
192.22,192.22,NoButton,Move,582,636
192.237,192.237,NoButton,Move,579,631
192.253,192.253,NoButton,Move,575,625
192.27,192.27,NoButton,Move,570,618
192.287,192.287,NoButton,Move,566,613
192.304,192.304,NoButton,Move,560,604
192.32,192.32,NoButton,Move,554,597
192.337,192.337,NoButton,Move,551,594
193.8,193.8,NoButton,Move,550,594
193.807,193.807,NoButton,Move,547,593
193.82,193.82,NoButton,Move,543,590
193.837,193.837,NoButton,Move,521,578
193.854,193.854,NoButton,Move,505,569
193.87,193.87,NoButton,Move,434,529
193.887,193.887,NoButton,Move,376,502
193.904,193.904,NoButton,Move,318,476
193.92,193.92,NoButton,Move,280,462
193.937,193.937,NoButton,Move,252,454
193.954,193.954,NoButton,Move,226,450
193.97,193.97,NoButton,Move,209,450
194.243,194.243,NoButton,Move,208,450
194.253,194.253,NoButton,Move,204,449
194.27,194.27,NoButton,Move,189,440
194.287,194.287,NoButton,Move,164,414
194.304,194.304,NoButton,Move,130,372
194.321,194.321,NoButton,Move,91,320
194.338,194.338,NoButton,Move,67,282
194.354,194.354,NoButton,Move,51,256
194.371,194.371,NoButton,Move,43,243
194.387,194.387,NoButton,Move,38,235
194.403,194.403,NoButton,Move,36,232
194.42,194.42,NoButton,Move,36,231
194.487,194.487,NoButton,Move,38,232
194.502,194.502,NoButton,Move,39,233
194.52,194.52,NoButton,Move,45,236
194.537,194.537,NoButton,Move,49,237
194.553,194.553,NoButton,Move,53,237
194.57,194.57,NoButton,Move,56,237
194.587,194.587,NoButton,Move,59,237
194.603,194.603,NoButton,Move,60,237
194.634,194.634,Left,Pressed,60,237
194.639,194.639,NoButton,Move,60,237
194.725,194.725,Left,Released,60,237
195.02,195.02,NoButton,Move,61,237
195.037,195.037,NoButton,Move,66,239
195.054,195.054,NoButton,Move,75,242
195.07,195.07,NoButton,Move,100,251
195.087,195.087,NoButton,Move,140,265
195.104,195.104,NoButton,Move,217,292
195.119,195.119,NoButton,Move,299,320
195.136,195.136,NoButton,Move,360,342
195.153,195.153,NoButton,Move,442,370
195.17,195.17,NoButton,Move,492,386
195.187,195.187,NoButton,Move,524,396
195.204,195.204,NoButton,Move,542,402
195.346,195.346,NoButton,Move,542,402
195.354,195.354,NoButton,Move,540,402
195.37,195.37,NoButton,Move,536,403
195.387,195.387,NoButton,Move,529,406
195.404,195.404,NoButton,Move,518,407
195.421,195.421,NoButton,Move,501,408
195.437,195.437,NoButton,Move,464,409
195.453,195.453,NoButton,Move,457,409
195.47,195.47,NoButton,Move,427,409
195.487,195.487,NoButton,Move,411,409
195.504,195.504,NoButton,Move,400,409
195.521,195.521,NoButton,Move,394,410
195.537,195.537,NoButton,Move,387,412
195.553,195.553,NoButton,Move,382,414
195.57,195.57,NoButton,Move,378,416
195.587,195.587,NoButton,Move,377,417
195.604,195.604,NoButton,Move,376,417
195.62,195.62,NoButton,Move,375,417
195.638,195.638,NoButton,Move,375,418
195.654,195.654,NoButton,Move,375,418
195.67,195.67,NoButton,Move,374,418
195.687,195.687,NoButton,Move,374,418
195.704,195.704,NoButton,Move,374,418
195.732,195.732,NoButton,Move,374,418
195.856,195.856,NoButton,Move,374,418
195.87,195.87,NoButton,Move,377,418
195.887,195.887,NoButton,Move,383,418
195.904,195.904,NoButton,Move,399,418
195.921,195.921,NoButton,Move,420,418
195.937,195.937,NoButton,Move,439,418
195.953,195.953,NoButton,Move,454,418
195.97,195.97,NoButton,Move,461,418
195.987,195.987,NoButton,Move,466,418
196.017,196.017,Left,Pressed,466,418
196.037,196.037,NoButton,Move,467,418
196.116,196.116,Left,Released,467,418
196.56,196.56,NoButton,Move,467,418
196.57,196.57,NoButton,Move,469,418
196.587,196.587,NoButton,Move,474,419
196.604,196.604,NoButton,Move,483,423
196.62,196.62,NoButton,Move,494,427
196.637,196.637,NoButton,Move,506,431
196.654,196.654,NoButton,Move,516,437
196.67,196.67,NoButton,Move,526,444
196.688,196.688,NoButton,Move,536,453
196.703,196.703,NoButton,Move,549,468
196.72,196.72,NoButton,Move,551,471
196.738,196.738,NoButton,Move,563,491
196.753,196.753,NoButton,Move,568,503
196.77,196.77,NoButton,Move,570,508
197.399,197.399,Scroll,Down,0,1
197.42,197.42,Scroll,Down,0,2
197.437,197.437,Scroll,Down,0,7
197.454,197.454,Scroll,Down,0,9
197.47,197.47,Scroll,Down,0,13
197.487,197.487,Scroll,Down,0,19
197.504,197.504,Scroll,Down,0,24
197.52,197.52,Scroll,Down,0,30
197.537,197.537,Scroll,Down,0,33
197.553,197.553,Scroll,Down,0,26
197.57,197.57,Scroll,Down,0,12
197.587,197.587,Scroll,Down,0,10
197.603,197.603,Scroll,Down,0,6
197.62,197.62,Scroll,Down,0,3
197.636,197.636,Scroll,Down,0,1
201.453,201.453,Scroll,Up,0,0
201.47,201.47,Scroll,Up,0,0
202.059,202.059,NoButton,Move,570,508
202.07,202.07,NoButton,Move,570,506
202.087,202.087,NoButton,Move,570,504
202.103,202.103,NoButton,Move,570,495
202.121,202.121,NoButton,Move,570,486
202.137,202.137,NoButton,Move,569,477
202.154,202.154,NoButton,Move,568,466
202.17,202.17,NoButton,Move,565,456
202.187,202.187,NoButton,Move,562,445
202.204,202.204,NoButton,Move,561,439
202.22,202.22,NoButton,Move,558,431
202.237,202.237,NoButton,Move,557,426
202.253,202.253,NoButton,Move,556,423
202.27,202.27,NoButton,Move,556,422
202.287,202.287,NoButton,Move,556,421
202.304,202.304,NoButton,Move,556,421
202.32,202.32,NoButton,Move,555,421
202.337,202.337,NoButton,Move,555,420
202.388,202.388,NoButton,Move,555,420
202.404,202.404,NoButton,Move,555,420
202.462,202.462,NoButton,Move,555,420
203.168,203.168,Scroll,Down,0,1
203.187,203.187,Scroll,Down,0,13
203.204,203.204,Scroll,Down,0,30
203.22,203.22,Scroll,Down,0,52
203.237,203.237,Scroll,Down,0,68
203.254,203.254,Scroll,Down,0,62
203.27,203.27,Scroll,Down,0,113
203.287,203.287,Scroll,Down,0,123
203.303,203.303,Scroll,Down,0,123
203.321,203.321,Scroll,Down,0,120
203.337,203.337,Scroll,Down,0,115
203.354,203.354,Scroll,Down,0,110
203.37,203.37,Scroll,Down,0,105
203.951,203.951,Scroll,Down,0,1
203.97,203.97,Scroll,Down,0,4
203.987,203.987,Scroll,Down,0,22
204.003,204.003,Scroll,Down,0,47
204.021,204.021,Scroll,Down,0,92
204.037,204.037,Scroll,Down,0,106
204.053,204.053,Scroll,Down,0,151
204.07,204.07,Scroll,Down,0,156
204.087,204.087,Scroll,Down,0,152
204.104,204.104,Scroll,Down,0,143
204.12,204.12,Scroll,Down,0,137
204.137,204.137,Scroll,Down,0,129
204.154,204.154,Scroll,Down,0,120
204.17,204.17,Scroll,Down,0,114
204.187,204.187,Scroll,Down,0,109
204.204,204.204,Scroll,Down,0,104
205.573,205.573,NoButton,Move,555,421
205.587,205.587,NoButton,Move,558,427
205.604,205.604,Scroll,Up,0,1
205.62,205.62,Scroll,Up,0,32
205.637,205.637,Scroll,Up,0,68
205.654,205.654,Scroll,Up,0,67
205.67,205.67,Scroll,Up,0,57
205.687,205.687,Scroll,Up,0,100
205.704,205.704,Scroll,Up,0,111
205.72,205.72,Scroll,Up,0,112
205.737,205.737,Scroll,Up,0,110
205.754,205.754,Scroll,Up,0,106
205.77,205.77,Scroll,Up,0,101
205.787,205.787,Scroll,Up,0,99
205.803,205.803,Scroll,Up,0,93
205.82,205.82,Scroll,Up,0,89
205.836,205.836,Scroll,Up,0,84
206.217,206.217,Scroll,Down,0,1
206.237,206.237,Scroll,Down,0,3
206.253,206.253,Scroll,Down,0,14
206.27,206.27,Scroll,Down,0,24
206.287,206.287,Scroll,Down,0,39
206.303,206.303,Scroll,Down,0,58
206.32,206.32,Scroll,Down,0,34
206.32,206.32,Scroll,Down,0,45
206.337,206.337,Scroll,Down,0,52
206.354,206.354,Scroll,Down,0,54
206.371,206.371,Scroll,Down,0,54
206.387,206.387,Scroll,Down,0,52
206.404,206.404,Scroll,Down,0,50
206.421,206.421,Scroll,Down,0,53
207.333,207.333,NoButton,Move,558,427
207.37,207.37,NoButton,Move,558,426
207.838,207.838,NoButton,Move,558,426
207.853,207.853,NoButton,Move,561,429
207.87,207.87,NoButton,Move,570,435
207.887,207.887,NoButton,Move,583,444
207.903,207.903,NoButton,Move,601,456
207.92,207.92,NoButton,Move,644,482
207.937,207.937,NoButton,Move,662,492
207.953,207.953,NoButton,Move,681,503
207.97,207.97,NoButton,Move,688,508
207.987,207.987,NoButton,Move,695,512
208.003,208.003,NoButton,Move,697,513
208.02,208.02,NoButton,Move,698,514
208.037,208.037,NoButton,Move,698,515
208.851,208.851,Scroll,Down,0,1
208.871,208.871,Scroll,Down,0,6
208.886,208.886,Scroll,Down,0,13
208.904,208.904,Scroll,Down,0,22
208.921,208.921,Scroll,Down,0,35
208.921,208.921,Scroll,Down,0,52
208.938,208.938,Scroll,Down,0,58
208.954,208.954,Scroll,Down,0,61
208.971,208.971,Scroll,Down,0,60
208.988,208.988,Scroll,Down,0,58
209.006,209.006,Scroll,Down,0,56
209.021,209.021,Scroll,Down,0,59
209.038,209.038,Scroll,Down,0,56
209.055,209.055,Scroll,Down,0,53
209.071,209.071,Scroll,Down,0,49
209.088,209.088,Scroll,Down,0,45
212.497,212.497,NoButton,Move,698,515
212.505,212.505,NoButton,Move,700,519
212.521,212.521,NoButton,Move,702,522
212.538,212.538,NoButton,Move,722,553
212.554,212.554,NoButton,Move,747,592
212.57,212.57,NoButton,Move,780,644
212.587,212.587,NoButton,Move,816,701
212.603,212.603,NoButton,Move,838,735
212.62,212.62,NoButton,Move,860,775
212.637,212.637,NoButton,Move,872,797
212.654,212.654,NoButton,Move,880,817
212.669,212.669,NoButton,Move,882,827
212.686,212.686,NoButton,Move,883,836
213.113,213.113,NoButton,Move,883,836
213.137,213.137,NoButton,Move,883,833
213.154,213.154,NoButton,Move,883,829
213.171,213.171,NoButton,Move,882,826
213.187,213.187,NoButton,Move,882,823
213.205,213.205,NoButton,Move,881,819
213.221,213.221,NoButton,Move,880,817
213.238,213.238,NoButton,Move,879,814
213.253,213.253,NoButton,Move,878,812
213.271,213.271,NoButton,Move,877,810
213.287,213.287,NoButton,Move,876,808
213.677,213.677,NoButton,Move,876,808
213.688,213.688,NoButton,Move,876,810
213.704,213.704,NoButton,Move,876,812
213.721,213.721,NoButton,Move,876,814
213.737,213.737,NoButton,Move,876,815
213.754,213.754,NoButton,Move,877,816
213.769,213.769,NoButton,Move,877,816
213.786,213.786,NoButton,Move,877,817
213.84,213.84,NoButton,Move,877,817
213.863,213.863,NoButton,Move,877,817
214.303,214.303,Scroll,Down,0,1
214.303,214.303,Scroll,Down,0,1
214.32,214.32,Scroll,Down,0,7
214.337,214.337,Scroll,Down,0,7
214.354,214.354,Scroll,Down,0,7
214.369,214.369,Scroll,Down,0,6
214.387,214.387,Scroll,Down,0,6
214.404,214.404,Scroll,Down,0,5
214.419,214.419,Scroll,Down,0,7
214.437,214.437,Scroll,Down,0,7
214.453,214.453,Scroll,Down,0,7
214.47,214.47,NoButton,Move,876,813
214.471,214.471,Scroll,Down,0,7
214.487,214.487,NoButton,Move,876,811
214.487,214.487,Scroll,Down,0,7
214.504,214.504,NoButton,Move,876,808
214.504,214.504,Scroll,Down,0,7
214.52,214.52,Scroll,Down,0,8
214.537,214.537,Scroll,Down,0,7
214.554,214.554,Scroll,Down,0,6
214.57,214.57,Scroll,Down,0,6
214.587,214.587,Scroll,Down,0,5
214.604,214.604,Scroll,Down,0,5
214.62,214.62,Scroll,Down,0,5
214.637,214.637,Scroll,Down,0,4
214.654,214.654,Scroll,Down,0,4
214.67,214.67,Scroll,Down,0,4
214.688,214.688,Scroll,Down,0,3
214.704,214.704,Scroll,Down,0,3
214.737,214.737,Scroll,Down,0,6
214.754,214.754,Scroll,Down,0,2
214.77,214.77,Scroll,Down,0,2
214.787,214.787,Scroll,Down,0,2
214.803,214.803,Scroll,Down,0,2
214.82,214.82,Scroll,Down,0,1
214.837,214.837,Scroll,Down,0,1
214.854,214.854,Scroll,Down,0,1
214.871,214.871,Scroll,Down,0,1
214.887,214.887,Scroll,Down,0,1
214.903,214.903,Scroll,Down,0,1
214.937,214.937,Scroll,Down,0,1
214.954,214.954,Scroll,Down,0,1
214.987,214.987,Scroll,Down,0,1
216.017,216.017,Scroll,Up,0,1
216.037,216.037,Scroll,Up,0,23
216.054,216.054,Scroll,Up,0,49
216.07,216.07,Scroll,Up,0,121
216.087,216.087,Scroll,Up,0,170
216.104,216.104,Scroll,Up,0,172
216.12,216.12,Scroll,Up,0,164
216.137,216.137,Scroll,Up,0,157
216.154,216.154,Scroll,Up,0,148
216.171,216.171,Scroll,Up,0,141
216.187,216.187,Scroll,Up,0,128
216.204,216.204,Scroll,Up,0,120
216.221,216.221,Scroll,Up,0,116
216.237,216.237,Scroll,Up,0,111
216.254,216.254,Scroll,Up,0,106
216.269,216.269,Scroll,Up,0,101
216.287,216.287,Scroll,Up,0,97
216.304,216.304,Scroll,Up,0,93
216.32,216.32,Scroll,Up,0,89
216.337,216.337,Scroll,Up,0,84
216.354,216.354,Scroll,Up,0,79
216.37,216.37,Scroll,Up,0,74
216.387,216.387,Scroll,Up,0,70
216.404,216.404,Scroll,Up,0,64
216.42,216.42,Scroll,Up,0,60
216.436,216.436,Scroll,Up,0,57
216.454,216.454,Scroll,Up,0,53
216.47,216.47,Scroll,Up,0,49
216.487,216.487,Scroll,Up,0,45
216.504,216.504,Scroll,Up,0,41
216.52,216.52,Scroll,Up,0,39
216.536,216.536,Scroll,Up,0,35
216.554,216.554,Scroll,Up,0,33
216.57,216.57,Scroll,Up,0,30
216.587,216.587,Scroll,Up,0,28
216.604,216.604,Scroll,Up,0,24
216.619,216.619,Scroll,Up,0,22
216.636,216.636,Scroll,Up,0,21
216.654,216.654,Scroll,Up,0,19
216.67,216.67,Scroll,Up,0,17
216.687,216.687,Scroll,Up,0,16
216.704,216.704,Scroll,Up,0,14
216.737,216.737,Scroll,Up,0,25
216.753,216.753,Scroll,Up,0,11
216.77,216.77,Scroll,Up,0,10
216.788,216.788,Scroll,Up,0,9
216.804,216.804,Scroll,Up,0,8
216.821,216.821,Scroll,Up,0,8
216.838,216.838,Scroll,Up,0,7
216.854,216.854,Scroll,Up,0,7
216.871,216.871,Scroll,Up,0,6
216.888,216.888,Scroll,Up,0,6
216.904,216.904,Scroll,Up,0,5
216.921,216.921,Scroll,Up,0,5
216.936,216.936,Scroll,Up,0,5
216.954,216.954,Scroll,Up,0,4
216.971,216.971,Scroll,Up,0,4
216.987,216.987,Scroll,Up,0,4
217.004,217.004,Scroll,Up,0,3
217.021,217.021,Scroll,Up,0,3
217.037,217.037,Scroll,Up,0,3
217.054,217.054,Scroll,Up,0,3
217.07,217.07,Scroll,Up,0,3
217.087,217.087,Scroll,Up,0,2
217.104,217.104,Scroll,Up,0,2
217.12,217.12,Scroll,Up,0,2
217.137,217.137,Scroll,Up,0,2
217.153,217.153,Scroll,Up,0,1
217.171,217.171,Scroll,Up,0,1
217.187,217.187,Scroll,Up,0,1
217.204,217.204,Scroll,Up,0,1
217.22,217.22,Scroll,Up,0,1
217.237,217.237,Scroll,Up,0,1
217.266,217.266,Scroll,Up,0,1
217.283,217.283,Scroll,Up,0,1
217.316,217.316,Scroll,Up,0,1
218.326,218.326,NoButton,Move,876,808
218.662,218.662,NoButton,Move,876,808
218.737,218.737,NoButton,Move,876,808
219.113,219.113,NoButton,Move,876,807
219.579,219.579,NoButton,Move,875,807
219.604,219.604,NoButton,Move,852,795
219.621,219.621,NoButton,Move,786,762
219.638,219.638,NoButton,Move,690,710
219.687,219.687,NoButton,Move,432,555
219.703,219.703,NoButton,Move,393,537
219.721,219.721,NoButton,Move,365,529
219.737,219.737,NoButton,Move,352,529
219.955,219.955,NoButton,Move,352,529
219.971,219.971,NoButton,Move,348,529
219.987,219.987,NoButton,Move,334,523
220.004,220.004,NoButton,Move,325,519
220.02,220.02,NoButton,Move,307,512
220.037,220.037,NoButton,Move,289,502
220.054,220.054,NoButton,Move,268,490
220.071,220.071,NoButton,Move,249,473
220.087,220.087,NoButton,Move,237,461
220.104,220.104,NoButton,Move,223,447
220.121,220.121,NoButton,Move,211,435
220.138,220.138,NoButton,Move,203,425
220.153,220.153,NoButton,Move,195,416
220.17,220.17,NoButton,Move,189,408
220.187,220.187,NoButton,Move,182,397
220.204,220.204,NoButton,Move,176,383
220.22,220.22,NoButton,Move,169,363
220.237,220.237,NoButton,Move,160,333
220.254,220.254,NoButton,Move,155,312
220.271,220.271,NoButton,Move,151,298
220.286,220.286,NoButton,Move,149,287
220.304,220.304,NoButton,Move,148,282
220.32,220.32,NoButton,Move,148,281
220.487,220.487,NoButton,Move,148,281
220.504,220.504,NoButton,Move,145,280
220.521,220.521,NoButton,Move,142,278
220.537,220.537,NoButton,Move,135,273
220.554,220.554,NoButton,Move,126,266
220.571,220.571,NoButton,Move,119,259
220.587,220.587,NoButton,Move,114,254
220.604,220.604,NoButton,Move,110,249
220.621,220.621,NoButton,Move,108,247
220.637,220.637,NoButton,Move,107,246
220.65,220.65,Left,Pressed,107,246
220.671,220.671,NoButton,Move,107,246
220.733,220.733,Left,Released,107,246
220.937,220.937,NoButton,Move,107,246
220.954,220.954,NoButton,Move,109,254
220.972,220.972,NoButton,Move,115,272
220.987,220.987,NoButton,Move,124,304
221.004,221.004,NoButton,Move,136,352
221.021,221.021,NoButton,Move,148,409
221.037,221.037,NoButton,Move,158,473
221.054,221.054,NoButton,Move,165,541
221.071,221.071,NoButton,Move,168,607
221.087,221.087,NoButton,Move,168,651
221.104,221.104,NoButton,Move,166,698
221.121,221.121,NoButton,Move,160,723
221.137,221.137,NoButton,Move,155,744
221.154,221.154,NoButton,Move,154,747
221.284,221.284,Scroll,Down,0,1
221.304,221.304,Scroll,Down,0,5
221.321,221.321,Scroll,Down,0,11
221.337,221.337,Scroll,Down,0,13
221.354,221.354,Scroll,Down,0,27
221.371,221.371,Scroll,Down,0,26
221.387,221.387,Scroll,Down,0,26
221.404,221.404,Scroll,Down,0,23
221.421,221.421,Scroll,Down,0,19
221.437,221.437,Scroll,Down,0,14
221.454,221.454,Scroll,Down,0,8
221.471,221.471,Scroll,Down,0,7
221.487,221.487,Scroll,Down,0,4
221.504,221.504,Scroll,Down,0,13
221.52,221.52,Scroll,Down,0,14
221.537,221.537,Scroll,Down,0,14
221.554,221.554,Scroll,Down,0,15
221.571,221.571,Scroll,Down,0,14
221.587,221.587,Scroll,Down,0,14
221.604,221.604,Scroll,Down,0,16
221.654,221.654,NoButton,Move,154,748
221.66,221.66,NoButton,Move,154,750
221.687,221.687,NoButton,Move,152,757
221.704,221.704,NoButton,Move,151,760
221.737,221.737,NoButton,Move,143,781
221.754,221.754,NoButton,Move,137,793
221.77,221.77,NoButton,Move,132,804
221.776,221.776,NoButton,Move,129,808
221.804,221.804,NoButton,Move,121,820
221.82,221.82,NoButton,Move,116,823
221.837,221.837,NoButton,Move,112,826
221.854,221.854,NoButton,Move,108,827
221.871,221.871,NoButton,Move,104,829
221.888,221.888,NoButton,Move,99,830
221.904,221.904,NoButton,Move,94,831
221.921,221.921,NoButton,Move,89,833
221.937,221.937,NoButton,Move,83,834
221.954,221.954,NoButton,Move,77,834
221.971,221.971,NoButton,Move,73,834
222.002,222.002,Left,Pressed,73,834
222.019,222.019,NoButton,Move,73,834
222.117,222.117,Left,Released,73,834
