1.629,1.629,NoButton,Move,907,426
1.672,1.672,NoButton,Move,907,433
1.689,1.689,NoButton,Move,905,444
1.705,1.705,NoButton,Move,901,457
1.722,1.722,NoButton,Move,885,496
1.739,1.739,NoButton,Move,863,530
1.755,1.755,NoButton,Move,843,555
1.772,1.772,NoButton,Move,817,579
1.789,1.789,NoButton,Move,791,597
1.805,1.805,NoButton,Move,777,604
1.822,1.822,NoButton,Move,770,608
1.839,1.839,NoButton,Move,764,610
1.855,1.855,NoButton,Move,762,611
1.868,1.868,Left,Pressed,762,611
1.889,1.889,NoButton,Move,762,611
1.985,1.985,Left,Released,762,611
5.013,5.013,NoButton,Move,762,612
5.022,5.022,NoButton,Move,763,614
5.039,5.039,NoButton,Move,763,616
5.056,5.056,NoButton,Move,764,619
5.073,5.073,NoButton,Move,764,621
5.089,5.089,NoButton,Move,764,627
5.106,5.106,NoButton,Move,762,632
5.122,5.122,NoButton,Move,751,642
5.139,5.139,NoButton,Move,734,651
5.156,5.156,NoButton,Move,698,664
5.173,5.173,NoButton,Move,654,671
5.19,5.19,NoButton,Move,569,677
5.206,5.206,NoButton,Move,482,677
5.222,5.222,NoButton,Move,389,661
5.239,5.239,NoButton,Move,305,622
5.256,5.256,NoButton,Move,258,583
5.271,5.271,NoButton,Move,213,528
5.29,5.29,NoButton,Move,193,492
5.306,5.306,NoButton,Move,179,451
5.323,5.323,NoButton,Move,178,415
5.34,5.34,NoButton,Move,180,383
5.356,5.356,NoButton,Move,190,366
5.373,5.373,NoButton,Move,196,358
5.578,5.578,NoButton,Move,196,357
5.589,5.589,NoButton,Move,195,353
5.606,5.606,NoButton,Move,186,341
5.623,5.623,NoButton,Move,172,323
5.64,5.64,NoButton,Move,155,299
5.656,5.656,NoButton,Move,142,285
5.673,5.673,NoButton,Move,132,276
5.689,5.689,NoButton,Move,123,269
5.706,5.706,NoButton,Move,119,266
5.722,5.722,NoButton,Move,117,265
5.739,5.739,NoButton,Move,116,265
5.77,5.77,Left,Pressed,116,265
5.869,5.869,Left,Released,116,265
6.089,6.089,NoButton,Move,117,266
6.106,6.106,NoButton,Move,126,269
6.123,6.123,NoButton,Move,139,272
6.139,6.139,NoButton,Move,160,276
6.156,6.156,NoButton,Move,189,279
6.173,6.173,NoButton,Move,239,283
6.189,6.189,NoButton,Move,285,285
6.206,6.206,NoButton,Move,324,285
6.223,6.223,NoButton,Move,369,285
6.239,6.239,NoButton,Move,394,285
6.256,6.256,NoButton,Move,417,284
6.272,6.272,NoButton,Move,427,282
6.289,6.289,NoButton,Move,437,281
6.306,6.306,NoButton,Move,442,281
6.323,6.323,NoButton,Move,445,281
6.339,6.339,NoButton,Move,445,281
6.356,6.356,NoButton,Move,445,281
6.372,6.372,NoButton,Move,445,282
6.422,6.422,NoButton,Move,445,281
6.439,6.439,NoButton,Move,445,280
6.457,6.457,NoButton,Move,445,278
6.472,6.472,NoButton,Move,445,277
6.504,6.504,Left,Pressed,445,277
6.51,6.51,NoButton,Move,445,277
6.599,6.599,Left,Released,445,277
12.914,12.914,NoButton,Move,446,277
12.923,12.923,NoButton,Move,447,278
12.939,12.939,NoButton,Move,453,282
12.956,12.956,NoButton,Move,459,286
12.972,12.972,NoButton,Move,470,294
12.989,12.989,NoButton,Move,481,302
13.006,13.006,NoButton,Move,497,316
13.022,13.022,NoButton,Move,510,330
13.039,13.039,NoButton,Move,523,345
13.056,13.056,NoButton,Move,533,361
13.072,13.072,NoButton,Move,539,373
13.089,13.089,NoButton,Move,546,389
13.106,13.106,NoButton,Move,548,398
13.123,13.123,NoButton,Move,550,406
13.139,13.139,NoButton,Move,550,411
13.156,13.156,NoButton,Move,550,415
13.173,13.173,NoButton,Move,547,418
13.189,13.189,NoButton,Move,543,420
13.206,13.206,NoButton,Move,538,422
13.223,13.223,NoButton,Move,536,423
13.239,13.239,NoButton,Move,534,423
13.256,13.256,NoButton,Move,533,423
13.272,13.272,NoButton,Move,532,423
13.289,13.289,NoButton,Move,532,422
13.306,13.306,NoButton,Move,531,421
13.323,13.323,NoButton,Move,531,420
13.339,13.339,NoButton,Move,531,419
13.356,13.356,NoButton,Move,531,419
13.373,13.373,NoButton,Move,531,418
13.389,13.389,NoButton,Move,531,418
13.406,13.406,NoButton,Move,530,418
13.87,13.87,NoButton,Move,530,418
14.27,14.27,Left,Pressed,530,418
14.402,14.402,Left,Released,530,418
16.147,16.147,NoButton,Move,530,418
16.173,16.173,NoButton,Move,531,418
16.189,16.189,NoButton,Move,531,418
16.206,16.206,NoButton,Move,532,418
16.223,16.223,NoButton,Move,532,418
16.239,16.239,NoButton,Move,533,418
16.256,16.256,NoButton,Move,533,418
16.273,16.273,NoButton,Move,533,418
16.289,16.289,NoButton,Move,534,418
16.31,16.31,NoButton,Move,534,418
16.36,16.36,NoButton,Move,534,418
16.373,16.373,NoButton,Move,534,419
16.389,16.389,NoButton,Move,529,423
16.406,16.406,NoButton,Move,522,428
16.423,16.423,NoButton,Move,512,433
16.439,16.439,NoButton,Move,495,439
16.456,16.456,NoButton,Move,484,441
16.473,16.473,NoButton,Move,463,444
16.489,16.489,NoButton,Move,456,445
16.506,16.506,NoButton,Move,442,446
16.522,16.522,NoButton,Move,435,446
16.54,16.54,NoButton,Move,432,446
16.556,16.556,NoButton,Move,431,446
16.569,16.569,Left,Pressed,431,446
16.589,16.589,NoButton,Move,431,446
16.652,16.652,Left,Released,431,446
16.922,16.922,NoButton,Move,431,447
16.93,16.93,NoButton,Move,431,449
16.939,16.939,NoButton,Move,431,450
16.955,16.955,NoButton,Move,432,454
16.972,16.972,NoButton,Move,433,457
16.989,16.989,NoButton,Move,434,458
17.006,17.006,NoButton,Move,434,459
17.022,17.022,NoButton,Move,434,459
17.069,17.069,Left,Pressed,434,459
17.169,17.169,Left,Released,434,459
17.923,17.923,NoButton,Move,436,459
17.939,17.939,NoButton,Move,439,459
17.957,17.957,NoButton,Move,466,459
17.972,17.972,NoButton,Move,513,459
17.989,17.989,NoButton,Move,572,459
18.006,18.006,NoButton,Move,666,462
18.022,18.022,NoButton,Move,720,474
18.039,18.039,NoButton,Move,768,489
18.056,18.056,NoButton,Move,800,499
18.072,18.072,NoButton,Move,817,506
18.089,18.089,NoButton,Move,828,510
18.107,18.107,NoButton,Move,832,512
18.123,18.123,NoButton,Move,833,513
18.139,18.139,NoButton,Move,831,514
18.156,18.156,NoButton,Move,825,514
18.173,18.173,NoButton,Move,814,514
18.189,18.189,NoButton,Move,800,513
18.206,18.206,NoButton,Move,790,510
18.223,18.223,NoButton,Move,781,508
18.239,18.239,NoButton,Move,776,507
18.256,18.256,NoButton,Move,773,506
18.273,18.273,NoButton,Move,772,506
18.289,18.289,NoButton,Move,772,506
18.306,18.306,NoButton,Move,771,506
18.322,18.322,NoButton,Move,771,506
18.343,18.343,NoButton,Move,770,506
18.356,18.356,NoButton,Move,770,506
18.378,18.378,NoButton,Move,770,507
18.652,18.652,NoButton,Move,770,507
18.673,18.673,NoButton,Move,773,507
18.689,18.689,NoButton,Move,776,507
18.706,18.706,NoButton,Move,781,507
18.722,18.722,NoButton,Move,787,508
18.739,18.739,NoButton,Move,791,508
18.756,18.756,NoButton,Move,796,509
18.773,18.773,NoButton,Move,799,510
18.789,18.789,NoButton,Move,801,510
18.806,18.806,NoButton,Move,802,510
18.822,18.822,NoButton,Move,803,510
18.852,18.852,Left,Pressed,803,510
18.918,18.918,Left,Released,803,510
19.019,19.019,Left,Pressed,803,510
19.086,19.086,Left,Released,803,510
19.375,19.375,NoButton,Move,803,510
19.385,19.385,NoButton,Move,817,510
19.389,19.389,NoButton,Move,832,509
19.406,19.406,NoButton,Move,863,502
19.423,19.423,NoButton,Move,907,492
19.439,19.439,NoButton,Move,961,480
19.456,19.456,NoButton,Move,996,473
19.473,19.473,NoButton,Move,1036,463
19.489,19.489,NoButton,Move,1056,458
19.506,19.506,NoButton,Move,1076,452
19.523,19.523,NoButton,Move,1088,446
19.539,19.539,NoButton,Move,1093,443
19.556,19.556,NoButton,Move,1098,438
19.573,19.573,NoButton,Move,1101,435
19.589,19.589,NoButton,Move,1102,431
19.606,19.606,NoButton,Move,1103,429
19.623,19.623,NoButton,Move,1104,428
19.639,19.639,NoButton,Move,1105,427
19.656,19.656,NoButton,Move,1105,427
19.67,19.67,Left,Pressed,1105,427
19.689,19.689,NoButton,Move,1105,427
19.752,19.752,Left,Released,1105,427
19.856,19.856,NoButton,Move,1105,426
19.873,19.873,NoButton,Move,1105,425
19.89,19.89,NoButton,Move,1105,424
19.906,19.906,NoButton,Move,1105,423
19.923,19.923,NoButton,Move,1105,421
19.939,19.939,NoButton,Move,1105,419
19.956,19.956,NoButton,Move,1105,418
19.974,19.974,NoButton,Move,1105,418
19.989,19.989,NoButton,Move,1105,418
20.019,20.019,Left,Pressed,1105,418
20.102,20.102,Left,Released,1105,418
21.332,21.332,NoButton,Move,1105,418
21.356,21.356,NoButton,Move,1105,419
21.373,21.373,NoButton,Move,1105,419
21.389,21.389,NoButton,Move,1105,420
21.406,21.406,NoButton,Move,1105,422
21.423,21.423,NoButton,Move,1105,424
21.439,21.439,NoButton,Move,1104,426
21.456,21.456,NoButton,Move,1104,428
21.472,21.472,NoButton,Move,1102,430
21.489,21.489,NoButton,Move,1101,432
21.506,21.506,NoButton,Move,1100,435
21.523,21.523,NoButton,Move,1098,436
21.539,21.539,NoButton,Move,1097,438
21.556,21.556,NoButton,Move,1096,439
21.573,21.573,NoButton,Move,1095,440
21.589,21.589,NoButton,Move,1094,441
21.606,21.606,NoButton,Move,1093,442
21.623,21.623,NoButton,Move,1092,443
21.639,21.639,NoButton,Move,1091,443
21.656,21.656,NoButton,Move,1091,444
21.672,21.672,NoButton,Move,1090,444
21.689,21.689,NoButton,Move,1090,444
21.706,21.706,NoButton,Move,1090,444
21.722,21.722,NoButton,Move,1090,445
21.739,21.739,NoButton,Move,1089,445
21.804,21.804,NoButton,Move,1089,445
22.427,22.427,NoButton,Move,1089,445
22.439,22.439,NoButton,Move,1088,446
22.457,22.457,NoButton,Move,1084,450
22.473,22.473,NoButton,Move,1074,457
22.489,22.489,NoButton,Move,1058,467
22.506,22.506,NoButton,Move,1034,479
22.523,22.523,NoButton,Move,1003,491
22.54,22.54,NoButton,Move,950,504
22.556,22.556,NoButton,Move,917,509
22.573,22.573,NoButton,Move,899,510
22.589,22.589,NoButton,Move,879,511
22.606,22.606,NoButton,Move,870,512
22.623,22.623,NoButton,Move,861,513
22.64,22.64,NoButton,Move,852,513
22.656,22.656,NoButton,Move,846,513
22.673,22.673,NoButton,Move,840,513
22.689,22.689,NoButton,Move,835,513
22.706,22.706,NoButton,Move,830,513
22.723,22.723,NoButton,Move,824,511
22.739,22.739,NoButton,Move,819,510
22.756,22.756,NoButton,Move,815,509
22.773,22.773,NoButton,Move,811,508
22.789,22.789,NoButton,Move,809,508
22.806,22.806,NoButton,Move,808,507
22.822,22.822,NoButton,Move,807,507
22.839,22.839,NoButton,Move,807,507
22.856,22.856,NoButton,Move,806,507
22.872,22.872,NoButton,Move,805,507
22.889,22.889,NoButton,Move,803,507
22.906,22.906,NoButton,Move,802,507
22.928,22.928,NoButton,Move,794,509
22.939,22.939,NoButton,Move,792,509
22.956,22.956,NoButton,Move,788,510
22.973,22.973,NoButton,Move,783,511
22.99,22.99,NoButton,Move,779,511
23.006,23.006,NoButton,Move,777,512
23.023,23.023,NoButton,Move,775,512
23.039,23.039,NoButton,Move,774,512
23.056,23.056,NoButton,Move,774,512
23.073,23.073,NoButton,Move,773,513
23.089,23.089,NoButton,Move,773,513
23.106,23.106,NoButton,Move,773,513
23.123,23.123,NoButton,Move,771,513
23.139,23.139,NoButton,Move,770,513
23.156,23.156,NoButton,Move,768,513
23.173,23.173,NoButton,Move,766,513
23.189,23.189,NoButton,Move,764,513
23.206,23.206,NoButton,Move,763,513
23.223,23.223,NoButton,Move,763,513
23.239,23.239,NoButton,Move,762,512
23.269,23.269,Left,Pressed,762,512
23.285,23.285,NoButton,Move,762,512
23.586,23.586,NoButton,Move,763,512
23.606,23.606,NoButton,Move,765,512
23.622,23.622,NoButton,Move,769,512
23.651,23.651,NoButton,Move,776,512
23.656,23.656,NoButton,Move,786,512
23.672,23.672,NoButton,Move,796,513
23.689,23.689,NoButton,Move,806,514
23.706,23.706,NoButton,Move,815,514
23.722,23.722,NoButton,Move,824,515
23.739,23.739,NoButton,Move,830,516
23.756,23.756,NoButton,Move,836,516
23.773,23.773,NoButton,Move,841,516
23.789,23.789,NoButton,Move,845,516
23.805,23.805,NoButton,Move,848,517
23.834,23.834,NoButton,Move,850,517
23.839,23.839,NoButton,Move,853,517
23.856,23.856,NoButton,Move,856,517
23.872,23.872,NoButton,Move,858,517
23.889,23.889,NoButton,Move,860,517
23.906,23.906,NoButton,Move,861,517
23.923,23.923,NoButton,Move,861,517
24.187,24.187,NoButton,Move,862,517
24.206,24.206,NoButton,Move,862,517
24.223,24.223,NoButton,Move,862,517
24.239,24.239,NoButton,Move,863,517
24.256,24.256,NoButton,Move,863,517
24.273,24.273,NoButton,Move,864,517
24.289,24.289,NoButton,Move,864,517
24.369,24.369,NoButton,Move,864,517
24.385,24.385,NoButton,Move,864,517
24.402,24.402,Left,Released,864,517
24.403,24.403,NoButton,Move,863,517
24.767,24.767,NoButton,Move,865,517
24.789,24.789,NoButton,Move,872,520
24.806,24.806,NoButton,Move,881,526
24.822,24.822,NoButton,Move,889,530
24.839,24.839,NoButton,Move,928,551
24.856,24.856,NoButton,Move,978,575
24.872,24.872,NoButton,Move,1000,585
24.889,24.889,NoButton,Move,1022,595
24.906,24.906,NoButton,Move,1039,602
25.47,25.47,Left,Pressed,1039,602
25.568,25.568,Left,Released,1039,602
30.107,30.107,NoButton,Move,1038,605
30.125,30.125,NoButton,Move,1033,611
30.139,30.139,NoButton,Move,1029,615
30.156,30.156,NoButton,Move,1023,619
30.173,30.173,NoButton,Move,1018,620
30.189,30.189,NoButton,Move,974,624
30.206,30.206,NoButton,Move,898,624
30.223,30.223,NoButton,Move,816,606
30.239,30.239,NoButton,Move,723,573
30.256,30.256,NoButton,Move,666,543
30.273,30.273,NoButton,Move,600,493
30.29,30.29,NoButton,Move,551,441
30.306,30.306,NoButton,Move,537,423
30.323,30.323,NoButton,Move,517,401
30.533,30.533,NoButton,Move,508,401
30.541,30.541,NoButton,Move,492,401
30.556,30.556,NoButton,Move,471,400
30.573,30.573,NoButton,Move,426,393
30.59,30.59,NoButton,Move,378,381
30.606,30.606,NoButton,Move,268,355
30.623,30.623,NoButton,Move,215,348
30.64,30.64,NoButton,Move,163,344
30.656,30.656,NoButton,Move,138,343
30.673,30.673,NoButton,Move,114,343
30.689,30.689,NoButton,Move,99,342
30.706,30.706,NoButton,Move,90,342
30.722,30.722,NoButton,Move,83,342
30.739,30.739,NoButton,Move,78,341
30.756,30.756,NoButton,Move,75,341
30.773,30.773,NoButton,Move,73,339
30.789,30.789,NoButton,Move,71,338
30.806,30.806,NoButton,Move,69,336
30.823,30.823,NoButton,Move,68,334
30.84,30.84,NoButton,Move,68,333
30.853,30.853,Left,Pressed,68,333
30.873,30.873,NoButton,Move,68,333
30.936,30.936,Left,Released,68,333
31.156,31.156,NoButton,Move,70,333
31.173,31.173,NoButton,Move,77,332
31.189,31.189,NoButton,Move,93,327
31.206,31.206,NoButton,Move,114,323
31.223,31.223,NoButton,Move,156,315
31.239,31.239,NoButton,Move,198,312
31.257,31.257,NoButton,Move,248,312
31.273,31.273,NoButton,Move,301,312
31.289,31.289,NoButton,Move,352,320
31.306,31.306,NoButton,Move,382,325
31.323,31.323,NoButton,Move,404,329
31.34,31.34,NoButton,Move,426,333
31.356,31.356,NoButton,Move,438,337
31.373,31.373,NoButton,Move,447,343
31.39,31.39,NoButton,Move,450,346
31.406,31.406,NoButton,Move,453,351
31.423,31.423,NoButton,Move,454,353
31.44,31.44,NoButton,Move,455,355
31.456,31.456,NoButton,Move,455,355
31.473,31.473,NoButton,Move,455,356
31.778,31.778,NoButton,Move,455,356
37.291,37.291,NoButton,Move,459,357
37.306,37.306,NoButton,Move,468,365
37.323,37.323,NoButton,Move,476,373
37.34,37.34,NoButton,Move,483,382
37.356,37.356,NoButton,Move,487,387
37.373,37.373,NoButton,Move,504,415
37.389,37.389,NoButton,Move,515,438
37.406,37.406,NoButton,Move,521,461
37.422,37.422,NoButton,Move,523,484
37.439,37.439,NoButton,Move,521,507
37.456,37.456,NoButton,Move,511,525
37.473,37.473,NoButton,Move,495,543
37.489,37.489,NoButton,Move,482,553
37.506,37.506,NoButton,Move,467,561
37.523,37.523,NoButton,Move,454,566
37.539,37.539,NoButton,Move,442,567
37.556,37.556,NoButton,Move,435,568
37.573,37.573,NoButton,Move,429,568
37.59,37.59,NoButton,Move,424,568
37.606,37.606,NoButton,Move,420,566
37.624,37.624,NoButton,Move,418,564
37.639,37.639,NoButton,Move,415,561
37.656,37.656,NoButton,Move,413,559
37.673,37.673,NoButton,Move,412,557
37.689,37.689,NoButton,Move,411,556
37.706,37.706,NoButton,Move,411,556
37.723,37.723,NoButton,Move,410,555
37.79,37.79,NoButton,Move,410,555
37.847,37.847,NoButton,Move,410,555
37.862,37.862,NoButton,Move,410,555
37.937,37.937,Left,Pressed,410,555
38.149,38.149,Left,Released,410,555
42.357,42.357,NoButton,Move,410,558
42.373,42.373,NoButton,Move,416,584
42.389,42.389,NoButton,Move,421,601
42.406,42.406,NoButton,Move,426,617
42.423,42.423,NoButton,Move,428,629
42.439,42.439,NoButton,Move,432,641
42.456,42.456,NoButton,Move,434,653
42.473,42.473,NoButton,Move,435,659
42.489,42.489,NoButton,Move,435,663
42.506,42.506,NoButton,Move,435,666
42.524,42.524,NoButton,Move,433,667
42.54,42.54,NoButton,Move,432,668
42.556,42.556,NoButton,Move,431,669
42.574,42.574,NoButton,Move,430,669
42.59,42.59,NoButton,Move,430,670
42.606,42.606,NoButton,Move,430,670
42.623,42.623,NoButton,Move,429,669
42.64,42.64,NoButton,Move,428,666
42.656,42.656,NoButton,Move,428,660
42.673,42.673,NoButton,Move,427,656
42.69,42.69,NoButton,Move,427,652
42.706,42.706,NoButton,Move,427,650
42.723,42.723,NoButton,Move,427,649
42.736,42.736,Left,Pressed,427,649
42.74,42.74,Left,Released,427,649
49.08,49.08,NoButton,Move,425,611
49.089,49.089,NoButton,Move,425,611
49.106,49.106,NoButton,Move,425,616
49.123,49.123,NoButton,Move,425,619
49.139,49.139,NoButton,Move,426,624
49.156,49.156,NoButton,Move,427,629
49.173,49.173,NoButton,Move,428,633
49.189,49.189,NoButton,Move,429,635
49.206,49.206,NoButton,Move,430,638
49.222,49.222,NoButton,Move,430,639
49.239,49.239,NoButton,Move,431,639
49.252,49.252,Left,Pressed,431,639
49.256,49.256,Left,Released,431,639
56.682,56.682,NoButton,Move,437,718
56.689,56.689,NoButton,Move,436,719
56.706,56.706,NoButton,Move,436,721
56.723,56.723,NoButton,Move,436,724
56.74,56.74,NoButton,Move,436,726
56.756,56.756,NoButton,Move,436,729
56.774,56.774,NoButton,Move,435,730
56.785,56.785,Left,Pressed,435,730
56.805,56.805,NoButton,Move,435,731
56.918,56.918,Left,Released,435,731
56.939,56.939,NoButton,Move,435,731
59.191,59.191,NoButton,Move,435,743
59.206,59.206,NoButton,Move,429,778
59.223,59.223,NoButton,Move,427,796
59.239,59.239,NoButton,Move,426,809
59.256,59.256,NoButton,Move,425,818
59.273,59.273,NoButton,Move,425,828
59.291,59.291,NoButton,Move,425,836
59.306,59.306,NoButton,Move,424,839
59.323,59.323,NoButton,Move,424,840
59.34,59.34,NoButton,Move,424,840
59.36,59.36,NoButton,Move,424,840
59.394,59.394,NoButton,Move,424,840
59.406,59.406,NoButton,Move,424,840
59.423,59.423,NoButton,Move,424,841
59.44,59.44,NoButton,Move,424,841
59.456,59.456,NoButton,Move,423,841
59.473,59.473,NoButton,Move,423,839
59.49,59.49,NoButton,Move,423,833
59.506,59.506,NoButton,Move,423,827
59.523,59.523,NoButton,Move,423,822
59.539,59.539,NoButton,Move,424,817
59.556,59.556,NoButton,Move,425,816
59.587,59.587,Left,Pressed,425,816
59.606,59.606,NoButton,Move,425,816
59.669,59.669,Left,Released,425,816
60.015,60.015,NoButton,Move,425,817
60.023,60.023,NoButton,Move,426,819
60.04,60.04,NoButton,Move,428,821
60.056,60.056,NoButton,Move,430,823
60.073,60.073,NoButton,Move,432,826
60.091,60.091,NoButton,Move,434,830
60.106,60.106,NoButton,Move,436,834
60.123,60.123,NoButton,Move,438,838
60.14,60.14,NoButton,Move,440,841
60.157,60.157,NoButton,Move,441,844
60.173,60.173,NoButton,Move,442,847
60.19,60.19,NoButton,Move,443,849
60.206,60.206,NoButton,Move,444,852
60.223,60.223,NoButton,Move,444,854
60.241,60.241,NoButton,Move,444,856
60.257,60.257,NoButton,Move,445,858
60.273,60.273,NoButton,Move,445,859
60.29,60.29,NoButton,Move,445,859
60.305,60.305,NoButton,Move,445,860
60.34,60.34,NoButton,Move,445,860
60.357,60.357,NoButton,Move,445,861
60.373,60.373,NoButton,Move,445,862
60.39,60.39,NoButton,Move,445,863
60.407,60.407,NoButton,Move,445,863
60.423,60.423,NoButton,Move,445,863
60.441,60.441,NoButton,Move,445,864
60.787,60.787,Left,Pressed,445,864
60.888,60.888,Left,Released,445,864
61.546,61.546,NoButton,Move,445,862
61.573,61.573,NoButton,Move,433,835
61.589,61.589,NoButton,Move,398,776
61.606,61.606,NoButton,Move,327,655
61.623,61.623,NoButton,Move,273,547
61.64,61.64,NoButton,Move,203,389
61.657,61.657,NoButton,Move,166,292
61.673,61.673,NoButton,Move,154,267
61.69,61.69,NoButton,Move,133,232
62.219,62.219,NoButton,Move,133,233
62.24,62.24,NoButton,Move,133,235
62.257,62.257,NoButton,Move,133,239
62.273,62.273,NoButton,Move,133,243
62.29,62.29,NoButton,Move,133,248
62.306,62.306,NoButton,Move,133,254
62.323,62.323,NoButton,Move,133,257
62.341,62.341,NoButton,Move,132,260
62.356,62.356,NoButton,Move,132,262
62.374,62.374,NoButton,Move,132,264
62.39,62.39,NoButton,Move,132,266
62.406,62.406,NoButton,Move,132,268
62.423,62.423,NoButton,Move,132,270
62.44,62.44,NoButton,Move,132,271
62.455,62.455,NoButton,Move,132,271
62.473,62.473,NoButton,Move,132,272
62.49,62.49,NoButton,Move,132,272
62.522,62.522,NoButton,Move,132,272
62.603,62.603,NoButton,Move,132,272
62.692,62.692,NoButton,Move,132,272
62.708,62.708,NoButton,Move,132,272
62.723,62.723,NoButton,Move,132,272
62.74,62.74,NoButton,Move,132,272
62.766,62.766,NoButton,Move,131,271
62.781,62.781,NoButton,Move,131,271
62.79,62.79,NoButton,Move,131,270
62.806,62.806,NoButton,Move,131,268
62.823,62.823,NoButton,Move,130,263
62.84,62.84,NoButton,Move,130,261
62.857,62.857,NoButton,Move,129,255
62.873,62.873,NoButton,Move,128,247
62.89,62.89,NoButton,Move,128,244
62.906,62.906,NoButton,Move,128,242
62.923,62.923,NoButton,Move,128,241
62.94,62.94,NoButton,Move,128,241
62.952,62.952,Left,Pressed,128,241
63.035,63.035,Left,Released,128,241
63.106,63.106,NoButton,Move,128,242
63.123,63.123,NoButton,Move,128,244
63.139,63.139,NoButton,Move,128,248
63.156,63.156,NoButton,Move,128,252
63.173,63.173,NoButton,Move,128,258
63.19,63.19,NoButton,Move,128,266
63.206,63.206,NoButton,Move,128,276
63.223,63.223,NoButton,Move,128,282
63.239,63.239,NoButton,Move,128,287
63.256,63.256,NoButton,Move,128,289
63.286,63.286,Left,Pressed,128,289
63.306,63.306,NoButton,Move,128,289
63.369,63.369,Left,Released,128,289
63.523,63.523,NoButton,Move,128,289
63.54,63.54,NoButton,Move,129,284
63.556,63.556,NoButton,Move,137,276
63.573,63.573,NoButton,Move,147,270
63.59,63.59,NoButton,Move,182,251
63.607,63.607,NoButton,Move,220,240
63.623,63.623,NoButton,Move,254,233
63.64,63.64,NoButton,Move,319,224
63.656,63.656,NoButton,Move,356,222
63.673,63.673,NoButton,Move,398,222
63.69,63.69,NoButton,Move,418,222
63.706,63.706,NoButton,Move,432,222
63.723,63.723,NoButton,Move,444,221
63.74,63.74,NoButton,Move,452,219
63.756,63.756,NoButton,Move,455,218
63.773,63.773,NoButton,Move,456,217
63.79,63.79,NoButton,Move,457,217
63.806,63.806,NoButton,Move,457,217
63.823,63.823,NoButton,Move,457,221
63.84,63.84,NoButton,Move,456,227
63.856,63.856,NoButton,Move,450,238
63.873,63.873,NoButton,Move,444,247
63.89,63.89,NoButton,Move,436,258
63.906,63.906,NoButton,Move,428,266
63.923,63.923,NoButton,Move,424,270
63.94,63.94,NoButton,Move,421,274
63.956,63.956,NoButton,Move,419,275
63.973,63.973,NoButton,Move,419,276
63.986,63.986,Left,Pressed,419,276
64.023,64.023,NoButton,Move,419,276
64.071,64.071,Left,Released,419,276
71.171,71.171,NoButton,Move,419,285
71.173,71.173,NoButton,Move,419,293
71.19,71.19,NoButton,Move,419,312
71.206,71.206,NoButton,Move,420,324
71.223,71.223,NoButton,Move,422,333
71.24,71.24,NoButton,Move,425,342
71.256,71.256,NoButton,Move,439,373
71.273,71.273,NoButton,Move,451,388
71.29,71.29,NoButton,Move,464,404
71.307,71.307,NoButton,Move,475,414
71.323,71.323,NoButton,Move,488,427
71.34,71.34,NoButton,Move,499,436
71.356,71.356,NoButton,Move,504,440
71.373,71.373,NoButton,Move,507,443
71.39,71.39,NoButton,Move,509,445
71.406,71.406,NoButton,Move,509,446
71.423,71.423,NoButton,Move,506,446
71.44,71.44,NoButton,Move,500,443
71.456,71.456,NoButton,Move,492,438
71.473,71.473,NoButton,Move,484,432
71.49,71.49,NoButton,Move,477,427
71.506,71.506,NoButton,Move,470,422
71.523,71.523,NoButton,Move,465,417
71.54,71.54,NoButton,Move,459,411
71.557,71.557,NoButton,Move,453,404
71.573,71.573,NoButton,Move,447,395
71.59,71.59,NoButton,Move,439,382
71.606,71.606,NoButton,Move,434,374
71.623,71.623,NoButton,Move,429,366
71.64,71.64,NoButton,Move,425,362
71.657,71.657,NoButton,Move,422,360
71.673,71.673,NoButton,Move,421,359
71.69,71.69,NoButton,Move,419,359
71.707,71.707,NoButton,Move,418,359
71.723,71.723,NoButton,Move,417,360
71.74,71.74,NoButton,Move,416,364
71.757,71.757,NoButton,Move,417,370
71.773,71.773,NoButton,Move,422,375
71.789,71.789,NoButton,Move,430,380
71.806,71.806,NoButton,Move,435,383
71.823,71.823,NoButton,Move,452,391
71.84,71.84,NoButton,Move,464,398
71.856,71.856,NoButton,Move,471,402
71.873,71.873,NoButton,Move,477,406
71.89,71.89,NoButton,Move,481,408
71.907,71.907,NoButton,Move,482,409
71.923,71.923,NoButton,Move,483,410
71.94,71.94,NoButton,Move,484,410
71.957,71.957,NoButton,Move,484,410
71.973,71.973,NoButton,Move,484,411
71.99,71.99,NoButton,Move,484,411
72.007,72.007,Left,Pressed,484,411
72.12,72.12,Left,Released,484,411
72.544,72.544,NoButton,Move,485,411
72.557,72.557,NoButton,Move,490,412
72.573,72.573,NoButton,Move,509,419
72.59,72.59,NoButton,Move,571,444
72.607,72.607,NoButton,Move,653,476
72.623,72.623,NoButton,Move,722,502
72.64,72.64,NoButton,Move,805,534
72.656,72.656,NoButton,Move,830,545
72.673,72.673,NoButton,Move,856,557
72.69,72.69,NoButton,Move,867,562
72.912,72.912,NoButton,Move,867,561
72.924,72.924,NoButton,Move,867,560
72.94,72.94,NoButton,Move,867,557
72.957,72.957,NoButton,Move,865,552
72.974,72.974,NoButton,Move,861,547
72.99,72.99,NoButton,Move,858,542
73.006,73.006,NoButton,Move,854,536
73.023,73.023,NoButton,Move,851,533
73.041,73.041,NoButton,Move,848,530
73.056,73.056,NoButton,Move,846,528
73.073,73.073,NoButton,Move,845,526
73.09,73.09,NoButton,Move,844,525
73.107,73.107,NoButton,Move,843,525
73.123,73.123,NoButton,Move,843,525
73.14,73.14,NoButton,Move,842,524
73.157,73.157,NoButton,Move,841,524
73.173,73.173,NoButton,Move,840,523
73.19,73.19,NoButton,Move,838,521
73.206,73.206,NoButton,Move,836,520
73.223,73.223,NoButton,Move,835,519
73.24,73.24,NoButton,Move,834,518
73.256,73.256,NoButton,Move,834,518
73.285,73.285,Left,Pressed,834,518
73.29,73.29,NoButton,Move,834,518
73.369,73.369,Left,Released,834,518
73.47,73.47,Left,Pressed,834,518
73.535,73.535,Left,Released,834,518
74.037,74.037,NoButton,Move,834,517
74.04,74.04,NoButton,Move,834,516
74.056,74.056,NoButton,Move,834,515
74.073,74.073,NoButton,Move,835,512
74.089,74.089,NoButton,Move,836,511
74.106,74.106,NoButton,Move,837,510
74.123,74.123,NoButton,Move,838,509
74.139,74.139,NoButton,Move,839,509
74.156,74.156,NoButton,Move,841,509
74.173,74.173,NoButton,Move,842,509
74.19,74.19,NoButton,Move,849,509
74.206,74.206,NoButton,Move,853,510
74.223,74.223,NoButton,Move,859,512
74.239,74.239,NoButton,Move,864,513
74.256,74.256,NoButton,Move,867,514
74.273,74.273,NoButton,Move,869,515
74.289,74.289,NoButton,Move,870,516
74.307,74.307,NoButton,Move,870,516
74.327,74.327,NoButton,Move,870,516
74.34,74.34,NoButton,Move,870,516
74.356,74.356,NoButton,Move,868,516
74.373,74.373,NoButton,Move,867,516
74.39,74.39,NoButton,Move,865,517
74.406,74.406,NoButton,Move,865,517
74.423,74.423,NoButton,Move,864,517
74.503,74.503,NoButton,Move,865,516
74.507,74.507,NoButton,Move,865,516
74.524,74.524,NoButton,Move,865,516
74.54,74.54,NoButton,Move,866,516
74.557,74.557,NoButton,Move,866,515
74.573,74.573,NoButton,Move,866,515
74.59,74.59,NoButton,Move,866,515
74.613,74.613,NoButton,Move,867,515
74.653,74.653,Left,Pressed,867,515
74.87,74.87,NoButton,Move,866,515
74.886,74.886,NoButton,Move,865,515
74.903,74.903,NoButton,Move,863,515
74.92,74.92,NoButton,Move,856,515
74.936,74.936,NoButton,Move,846,515
74.953,74.953,NoButton,Move,832,514
74.97,74.97,NoButton,Move,818,512
74.985,74.985,NoButton,Move,804,511
75.002,75.002,NoButton,Move,792,510
75.04,75.04,NoButton,Move,773,508
75.056,75.056,NoButton,Move,767,508
75.073,75.073,NoButton,Move,763,507
75.09,75.09,NoButton,Move,760,507
75.106,75.106,NoButton,Move,759,507
75.253,75.253,NoButton,Move,758,507
75.269,75.269,NoButton,Move,758,507
75.305,75.305,NoButton,Move,759,507
75.336,75.336,NoButton,Move,759,507
75.502,75.502,Left,Released,759,507
75.719,75.719,NoButton,Move,760,507
75.74,75.74,NoButton,Move,770,515
75.756,75.756,NoButton,Move,785,527
75.773,75.773,NoButton,Move,807,544
75.79,75.79,NoButton,Move,846,568
75.806,75.806,NoButton,Move,894,600
75.823,75.823,NoButton,Move,927,619
75.84,75.84,NoButton,Move,950,633
75.856,75.856,NoButton,Move,970,646
75.869,75.869,NoButton,Move,977,650
75.891,75.891,NoButton,Move,981,655
75.906,75.906,NoButton,Move,982,657
75.923,75.923,NoButton,Move,976,658
75.94,75.94,NoButton,Move,952,658
75.956,75.956,NoButton,Move,840,630
75.973,75.973,NoButton,Move,734,600
75.99,75.99,NoButton,Move,611,561
76.007,76.007,NoButton,Move,531,537
76.028,76.028,NoButton,Move,514,533
76.04,76.04,NoButton,Move,447,522
76.056,76.056,NoButton,Move,422,522
76.073,76.073,NoButton,Move,420,522
76.09,76.09,NoButton,Move,411,525
76.106,76.106,NoButton,Move,410,527
76.123,76.123,NoButton,Move,413,528
76.14,76.14,NoButton,Move,424,530
76.156,76.156,NoButton,Move,454,533
76.173,76.173,NoButton,Move,490,540
76.19,76.19,NoButton,Move,533,550
76.207,76.207,NoButton,Move,588,567
76.223,76.223,NoButton,Move,650,593
76.24,76.24,NoButton,Move,745,639
76.257,76.257,NoButton,Move,798,666
76.273,76.273,NoButton,Move,829,681
76.29,76.29,NoButton,Move,872,703
76.306,76.306,NoButton,Move,899,719
76.323,76.323,NoButton,Move,908,725
76.34,76.34,NoButton,Move,914,729
76.357,76.357,NoButton,Move,916,732
76.373,76.373,NoButton,Move,916,734
76.389,76.389,NoButton,Move,915,735
76.406,76.406,NoButton,Move,911,735
76.423,76.423,NoButton,Move,902,734
76.439,76.439,NoButton,Move,889,727
76.456,76.456,NoButton,Move,872,718
76.473,76.473,NoButton,Move,859,709
76.489,76.489,NoButton,Move,852,705
76.506,76.506,NoButton,Move,841,698
76.523,76.523,NoButton,Move,837,695
76.54,76.54,NoButton,Move,835,693
76.556,76.556,NoButton,Move,834,693
76.573,76.573,NoButton,Move,834,692
76.59,76.59,NoButton,Move,834,692
76.606,76.606,NoButton,Move,834,692
76.637,76.637,Left,Pressed,834,692
76.653,76.653,NoButton,Move,834,691
76.719,76.719,Left,Released,834,691
76.988,76.988,NoButton,Move,833,691
76.996,76.996,NoButton,Move,831,689
77.007,77.007,NoButton,Move,827,686
77.023,77.023,NoButton,Move,821,680
77.04,77.04,NoButton,Move,816,676
77.057,77.057,NoButton,Move,813,673
77.073,77.073,NoButton,Move,811,672
77.09,77.09,NoButton,Move,811,671
77.12,77.12,Left,Pressed,811,671
77.169,77.169,Left,Released,811,671
77.39,77.39,NoButton,Move,811,671
77.406,77.406,NoButton,Move,801,670
77.423,77.423,NoButton,Move,775,660
77.44,77.44,NoButton,Move,698,629
77.456,77.456,NoButton,Move,586,579
77.473,77.473,NoButton,Move,446,502
77.49,77.49,NoButton,Move,309,426
77.507,77.507,NoButton,Move,268,404
77.522,77.522,NoButton,Move,223,383
77.541,77.541,NoButton,Move,203,377
77.557,77.557,NoButton,Move,188,373
77.573,77.573,NoButton,Move,179,373
77.769,77.769,NoButton,Move,179,373
77.774,77.774,NoButton,Move,175,373
77.79,77.79,NoButton,Move,170,372
77.807,77.807,NoButton,Move,155,366
77.823,77.823,NoButton,Move,146,362
77.841,77.841,NoButton,Move,118,345
77.857,77.857,NoButton,Move,109,340
77.873,77.873,NoButton,Move,104,336
77.89,77.89,NoButton,Move,102,335
77.906,77.906,NoButton,Move,102,334
77.919,77.919,Left,Pressed,102,334
78.019,78.019,Left,Released,102,334
78.123,78.123,NoButton,Move,102,335
78.14,78.14,NoButton,Move,102,337
78.156,78.156,NoButton,Move,102,339
78.173,78.173,NoButton,Move,102,341
78.189,78.189,NoButton,Move,102,343
78.206,78.206,NoButton,Move,102,346
78.223,78.223,NoButton,Move,102,347
78.24,78.24,NoButton,Move,102,348
78.256,78.256,NoButton,Move,102,351
78.273,78.273,NoButton,Move,102,352
78.29,78.29,NoButton,Move,102,354
78.306,78.306,NoButton,Move,102,355
78.323,78.323,NoButton,Move,102,356
78.34,78.34,NoButton,Move,102,357
78.356,78.356,NoButton,Move,102,357
78.374,78.374,NoButton,Move,102,357
78.911,78.911,NoButton,Move,102,357
78.923,78.923,NoButton,Move,105,358
78.94,78.94,NoButton,Move,120,363
78.956,78.956,NoButton,Move,171,386
78.973,78.973,NoButton,Move,300,449
78.99,78.99,NoButton,Move,462,531
79.006,79.006,NoButton,Move,583,586
79.023,79.023,NoButton,Move,676,626
79.04,79.04,NoButton,Move,693,633
79.157,79.157,NoButton,Move,692,633
79.173,79.173,NoButton,Move,690,633
79.19,79.19,NoButton,Move,687,633
79.207,79.207,NoButton,Move,682,633
79.223,79.223,NoButton,Move,671,633
79.24,79.24,NoButton,Move,653,633
79.256,79.256,NoButton,Move,635,633
79.273,79.273,NoButton,Move,621,633
79.29,79.29,NoButton,Move,605,633
79.307,79.307,NoButton,Move,598,633
79.323,79.323,NoButton,Move,592,633
79.34,79.34,NoButton,Move,589,633
79.37,79.37,Left,Pressed,589,633
79.376,79.376,NoButton,Move,589,633
79.484,79.484,Left,Released,589,633
85.638,85.638,NoButton,Move,587,663
85.646,85.646,NoButton,Move,586,672
85.656,85.656,NoButton,Move,586,682
85.673,85.673,NoButton,Move,584,699
85.69,85.69,NoButton,Move,583,712
85.707,85.707,NoButton,Move,582,724
85.724,85.724,NoButton,Move,580,741
85.74,85.74,NoButton,Move,578,754
85.757,85.757,NoButton,Move,576,763
85.773,85.773,NoButton,Move,574,771
85.79,85.79,NoButton,Move,572,778
85.806,85.806,NoButton,Move,569,783
85.823,85.823,NoButton,Move,568,786
85.84,85.84,NoButton,Move,564,792
85.856,85.856,NoButton,Move,563,793
85.873,85.873,NoButton,Move,562,794
85.89,85.89,NoButton,Move,562,794
85.906,85.906,NoButton,Move,561,795
85.923,85.923,NoButton,Move,560,795
85.94,85.94,NoButton,Move,558,796
85.956,85.956,NoButton,Move,557,796
85.973,85.973,NoButton,Move,556,797
85.99,85.99,NoButton,Move,554,797
86.007,86.007,NoButton,Move,553,798
86.023,86.023,NoButton,Move,552,800
86.04,86.04,NoButton,Move,550,802
86.057,86.057,NoButton,Move,548,804
86.073,86.073,NoButton,Move,547,805
86.09,86.09,NoButton,Move,547,805
86.107,86.107,NoButton,Move,547,806
86.121,86.121,Left,Pressed,547,806
86.139,86.139,NoButton,Move,547,806
86.203,86.203,Left,Released,547,806
89.137,89.137,Scroll,Down,0,1
89.157,89.157,Scroll,Down,0,5
89.173,89.173,Scroll,Down,0,8
89.19,89.19,Scroll,Down,0,10
89.206,89.206,Scroll,Down,0,9
89.223,89.223,Scroll,Down,0,9
89.24,89.24,Scroll,Down,0,6
89.257,89.257,Scroll,Down,0,6
89.273,89.273,Scroll,Down,0,4
89.29,89.29,Scroll,Down,0,3
89.307,89.307,Scroll,Down,0,2
89.323,89.323,Scroll,Down,0,1
89.34,89.34,Scroll,Down,0,1
89.456,89.456,NoButton,Move,547,809
89.459,89.459,NoButton,Move,546,812
89.473,89.473,NoButton,Move,538,822
89.49,89.49,NoButton,Move,533,828
89.506,89.506,NoButton,Move,527,832
89.523,89.523,NoButton,Move,521,835
89.54,89.54,NoButton,Move,513,836
89.558,89.558,NoButton,Move,506,836
89.573,89.573,NoButton,Move,501,834
89.591,89.591,NoButton,Move,496,832
89.607,89.607,NoButton,Move,494,830
89.623,89.623,NoButton,Move,492,829
89.655,89.655,Left,Pressed,492,829
89.673,89.673,NoButton,Move,492,829
89.753,89.753,Left,Released,492,829
90.39,90.39,NoButton,Move,493,832
90.407,90.407,NoButton,Move,495,835
90.423,90.423,NoButton,Move,498,839
90.441,90.441,NoButton,Move,501,845
90.457,90.457,NoButton,Move,503,850
90.473,90.473,NoButton,Move,505,854
90.49,90.49,NoButton,Move,506,859
90.507,90.507,NoButton,Move,507,862
90.524,90.524,NoButton,Move,507,864
90.54,90.54,NoButton,Move,507,866
90.556,90.556,NoButton,Move,507,868
90.573,90.573,NoButton,Move,507,870
90.59,90.59,NoButton,Move,507,872
90.607,90.607,NoButton,Move,507,874
90.624,90.624,NoButton,Move,507,876
90.64,90.64,NoButton,Move,507,878
90.657,90.657,NoButton,Move,507,879
90.674,90.674,NoButton,Move,507,879
90.707,90.707,NoButton,Move,506,879
90.735,90.735,NoButton,Move,506,879
90.784,90.784,NoButton,Move,506,879
92.637,92.637,Left,Pressed,506,879
92.769,92.769,Left,Released,506,879
95.096,95.096,Scroll,Down,0,1
95.107,95.107,Scroll,Down,0,2
95.123,95.123,Scroll,Down,0,3
95.14,95.14,Scroll,Down,0,4
95.157,95.157,Scroll,Down,0,3
95.173,95.173,Scroll,Down,0,4
95.19,95.19,Scroll,Down,0,3
95.207,95.207,Scroll,Down,0,3
95.223,95.223,Scroll,Down,0,3
95.24,95.24,Scroll,Down,0,2
95.257,95.257,Scroll,Down,0,1
95.273,95.273,Scroll,Down,0,1
95.29,95.29,Scroll,Down,0,1
95.307,95.307,Scroll,Down,0,1
95.373,95.373,Scroll,Up,0,0
95.406,95.406,Scroll,Down,0,1
95.423,95.423,Scroll,Down,0,1
95.957,95.957,Scroll,Down,0,1
95.974,95.974,Scroll,Down,0,1
95.991,95.991,Scroll,Down,0,1
96.007,96.007,Scroll,Down,0,1
96.023,96.023,Scroll,Down,0,1
96.09,96.09,Scroll,Up,0,0
96.107,96.107,Scroll,Up,0,0
96.307,96.307,NoButton,Move,506,879
96.324,96.324,NoButton,Move,519,847
96.34,96.34,NoButton,Move,529,828
96.361,96.361,NoButton,Move,571,757
96.373,96.373,NoButton,Move,688,595
96.39,96.39,NoButton,Move,755,511
96.406,96.406,NoButton,Move,798,454
96.423,96.423,NoButton,Move,834,412
96.44,96.44,NoButton,Move,869,369
96.456,96.456,NoButton,Move,885,351
96.473,96.473,NoButton,Move,893,341
96.49,96.49,NoButton,Move,901,333
96.507,96.507,NoButton,Move,901,333
96.891,96.891,NoButton,Move,902,333
96.907,96.907,NoButton,Move,905,332
96.923,96.923,NoButton,Move,910,331
96.94,96.94,NoButton,Move,915,329
96.956,96.956,NoButton,Move,921,327
96.973,96.973,NoButton,Move,928,325
96.99,96.99,NoButton,Move,939,323
97.006,97.006,NoButton,Move,955,323
97.023,97.023,NoButton,Move,976,323
97.04,97.04,NoButton,Move,1008,323
97.056,97.056,NoButton,Move,1041,327
97.073,97.073,NoButton,Move,1075,333
97.09,97.09,NoButton,Move,1106,339
97.106,97.106,NoButton,Move,1135,349
97.123,97.123,NoButton,Move,1153,356
97.14,97.14,NoButton,Move,1170,364
97.157,97.157,NoButton,Move,1178,368
97.173,97.173,NoButton,Move,1184,372
97.19,97.19,NoButton,Move,1186,373
97.208,97.208,NoButton,Move,1186,374
97.223,97.223,NoButton,Move,1187,375
97.24,97.24,NoButton,Move,1187,375
97.257,97.257,NoButton,Move,1187,376
97.273,97.273,NoButton,Move,1187,376
97.299,97.299,NoButton,Move,1187,376
97.316,97.316,NoButton,Move,1186,377
97.324,97.324,NoButton,Move,1186,377
97.34,97.34,NoButton,Move,1186,377
97.357,97.357,NoButton,Move,1186,377
97.374,97.374,NoButton,Move,1186,378
97.39,97.39,NoButton,Move,1186,378
97.407,97.407,NoButton,Move,1185,379
97.423,97.423,NoButton,Move,1185,379
97.44,97.44,NoButton,Move,1185,379
98.003,98.003,NoButton,Move,1186,379
98.011,98.011,NoButton,Move,1186,379
98.023,98.023,NoButton,Move,1186,379
98.04,98.04,NoButton,Move,1189,379
98.057,98.057,NoButton,Move,1194,379
98.073,98.073,NoButton,Move,1200,379
98.09,98.09,NoButton,Move,1209,379
98.107,98.107,NoButton,Move,1218,380
98.123,98.123,NoButton,Move,1223,381
98.14,98.14,NoButton,Move,1228,381
98.157,98.157,NoButton,Move,1231,382
98.173,98.173,NoButton,Move,1234,382
98.189,98.189,NoButton,Move,1234,382
98.207,98.207,NoButton,Move,1235,382
98.24,98.24,NoButton,Move,1235,383
98.29,98.29,NoButton,Move,1235,383
98.307,98.307,NoButton,Move,1236,383
98.323,98.323,NoButton,Move,1238,383
98.34,98.34,NoButton,Move,1239,384
98.357,98.357,NoButton,Move,1241,384
98.373,98.373,NoButton,Move,1243,385
98.39,98.39,NoButton,Move,1244,385
98.406,98.406,NoButton,Move,1244,386
98.424,98.424,NoButton,Move,1245,386
98.44,98.44,NoButton,Move,1245,386
99.438,99.438,NoButton,Move,1245,386
99.457,99.457,NoButton,Move,1244,386
99.474,99.474,NoButton,Move,1243,385
99.49,99.49,NoButton,Move,1243,385
99.507,99.507,NoButton,Move,1242,384
99.524,99.524,NoButton,Move,1241,384
99.541,99.541,NoButton,Move,1241,384
99.557,99.557,NoButton,Move,1240,384
99.574,99.574,NoButton,Move,1239,383
99.59,99.59,NoButton,Move,1238,383
99.607,99.607,NoButton,Move,1238,383
99.623,99.623,NoButton,Move,1238,383
100.043,100.043,NoButton,Move,1237,383
100.057,100.057,NoButton,Move,1237,383
100.075,100.075,NoButton,Move,1234,383
100.346,100.346,NoButton,Move,1234,383
100.357,100.357,NoButton,Move,1234,381
100.374,100.374,NoButton,Move,1234,376
100.39,100.39,NoButton,Move,1236,371
100.407,100.407,NoButton,Move,1237,365
100.423,100.423,NoButton,Move,1239,358
100.44,100.44,NoButton,Move,1241,353
100.457,100.457,NoButton,Move,1242,348
100.474,100.474,NoButton,Move,1243,344
100.49,100.49,NoButton,Move,1244,342
100.507,100.507,NoButton,Move,1244,341
100.524,100.524,NoButton,Move,1245,340
100.541,100.541,NoButton,Move,1245,340
100.557,100.557,NoButton,Move,1245,339
100.573,100.573,NoButton,Move,1246,337
100.59,100.59,NoButton,Move,1246,336
100.608,100.608,NoButton,Move,1249,334
100.623,100.623,NoButton,Move,1251,332
100.64,100.64,NoButton,Move,1253,330
100.657,100.657,NoButton,Move,1254,329
100.673,100.673,NoButton,Move,1255,329
100.69,100.69,NoButton,Move,1256,329
100.724,100.724,NoButton,Move,1256,328
101.705,101.705,Left,Pressed,1256,328
101.887,101.887,Left,Released,1256,328
102.705,102.705,NoButton,Move,1256,329
102.724,102.724,NoButton,Move,1255,338
102.74,102.74,NoButton,Move,1247,361
102.757,102.757,NoButton,Move,1218,408
102.774,102.774,NoButton,Move,1171,470
102.79,102.79,NoButton,Move,1103,552
102.807,102.807,NoButton,Move,1022,638
102.823,102.823,NoButton,Move,965,685
102.84,102.84,NoButton,Move,919,716
102.858,102.858,NoButton,Move,871,740
102.874,102.874,NoButton,Move,852,744
103.04,103.04,NoButton,Move,854,744
103.057,103.057,NoButton,Move,857,747
103.074,103.074,NoButton,Move,859,750
103.09,103.09,NoButton,Move,860,751
103.107,103.107,NoButton,Move,860,752
103.124,103.124,NoButton,Move,860,753
103.14,103.14,NoButton,Move,860,753
103.157,103.157,NoButton,Move,860,753
103.208,103.208,NoButton,Move,859,753
103.224,103.224,NoButton,Move,857,752
103.24,103.24,NoButton,Move,855,749
103.257,103.257,NoButton,Move,852,747
103.274,103.274,NoButton,Move,850,744
103.29,103.29,NoButton,Move,849,743
103.307,103.307,NoButton,Move,848,742
103.324,103.324,NoButton,Move,848,741
103.339,103.339,NoButton,Move,848,741
103.357,103.357,NoButton,Move,847,740
103.374,103.374,NoButton,Move,847,739
103.39,103.39,NoButton,Move,847,738
103.407,103.407,NoButton,Move,847,738
103.423,103.423,NoButton,Move,847,737
103.44,103.44,NoButton,Move,847,737
103.457,103.457,NoButton,Move,847,736
103.473,103.473,NoButton,Move,847,735
103.49,103.49,NoButton,Move,846,733
103.507,103.507,NoButton,Move,846,732
103.523,103.523,NoButton,Move,846,731
103.54,103.54,NoButton,Move,846,730
103.562,103.562,NoButton,Move,846,730
104.022,104.022,NoButton,Move,846,730
104.029,104.029,NoButton,Move,844,727
104.041,104.041,NoButton,Move,840,722
104.057,104.057,NoButton,Move,820,703
104.074,104.074,NoButton,Move,791,675
104.091,104.091,NoButton,Move,754,636
104.107,104.107,NoButton,Move,712,594
104.124,104.124,NoButton,Move,686,571
104.141,104.141,NoButton,Move,668,557
104.157,104.157,NoButton,Move,658,550
104.174,104.174,NoButton,Move,650,545
104.19,104.19,NoButton,Move,647,544
104.207,104.207,NoButton,Move,646,544
104.224,104.224,NoButton,Move,645,544
104.257,104.257,NoButton,Move,645,544
104.274,104.274,NoButton,Move,645,548
104.29,104.29,NoButton,Move,645,551
104.307,104.307,NoButton,Move,645,553
104.324,104.324,NoButton,Move,645,554
104.34,104.34,NoButton,Move,645,555
104.387,104.387,Left,Pressed,645,555
104.506,104.506,Left,Released,645,555
111.673,111.673,NoButton,Move,644,577
111.678,111.678,NoButton,Move,644,585
111.69,111.69,NoButton,Move,644,592
111.707,111.707,NoButton,Move,644,603
111.723,111.723,NoButton,Move,646,613
111.74,111.74,NoButton,Move,649,622
111.757,111.757,NoButton,Move,657,639
111.774,111.774,NoButton,Move,664,653
111.79,111.79,NoButton,Move,672,665
111.807,111.807,NoButton,Move,680,675
111.823,111.823,NoButton,Move,684,680
111.84,111.84,NoButton,Move,693,692
111.857,111.857,NoButton,Move,700,698
111.874,111.874,NoButton,Move,706,703
111.89,111.89,NoButton,Move,711,707
111.907,111.907,NoButton,Move,715,710
111.923,111.923,NoButton,Move,720,712
111.94,111.94,NoButton,Move,726,713
111.957,111.957,NoButton,Move,741,713
111.974,111.974,NoButton,Move,752,712
111.99,111.99,NoButton,Move,766,712
112.007,112.007,NoButton,Move,782,712
112.023,112.023,NoButton,Move,796,712
112.04,112.04,NoButton,Move,809,715
112.057,112.057,NoButton,Move,817,717
112.073,112.073,NoButton,Move,822,719
113.744,113.744,NoButton,Move,822,719
114.628,114.628,NoButton,Move,822,720
114.674,114.674,NoButton,Move,822,720
114.701,114.701,NoButton,Move,823,720
114.74,114.74,NoButton,Move,823,720
114.772,114.772,Left,Pressed,823,720
115.005,115.005,Left,Released,823,720
115.283,115.283,NoButton,Move,823,719
115.307,115.307,NoButton,Move,824,708
115.324,115.324,NoButton,Move,833,691
115.34,115.34,NoButton,Move,888,612
115.357,115.357,NoButton,Move,955,552
115.373,115.373,NoButton,Move,1041,500
115.39,115.39,NoButton,Move,1111,470
115.407,115.407,NoButton,Move,1190,444
115.424,115.424,NoButton,Move,1228,434
115.44,115.44,NoButton,Move,1254,429
115.457,115.457,NoButton,Move,1266,427
115.97,115.97,NoButton,Move,1266,426
115.977,115.977,NoButton,Move,1266,425
115.99,115.99,NoButton,Move,1266,424
116.007,116.007,NoButton,Move,1267,421
116.023,116.023,NoButton,Move,1267,419
116.04,116.04,NoButton,Move,1268,416
116.057,116.057,NoButton,Move,1268,414
116.073,116.073,NoButton,Move,1268,411
116.091,116.091,NoButton,Move,1269,410
116.107,116.107,NoButton,Move,1269,407
116.123,116.123,NoButton,Move,1270,404
116.14,116.14,NoButton,Move,1270,403
116.157,116.157,NoButton,Move,1270,402
116.173,116.173,NoButton,Move,1270,401
116.19,116.19,NoButton,Move,1270,401
116.207,116.207,NoButton,Move,1270,401
116.224,116.224,NoButton,Move,1270,400
116.29,116.29,NoButton,Move,1267,400
116.307,116.307,NoButton,Move,1254,400
116.323,116.323,NoButton,Move,1230,400
116.34,116.34,NoButton,Move,1180,401
116.357,116.357,NoButton,Move,1129,400
116.374,116.374,NoButton,Move,1092,394
116.391,116.391,NoButton,Move,1052,385
116.407,116.407,NoButton,Move,1032,381
116.424,116.424,NoButton,Move,1020,378
116.44,116.44,NoButton,Move,1012,376
116.457,116.457,NoButton,Move,1009,376
116.473,116.473,NoButton,Move,1008,375
116.49,116.49,NoButton,Move,1008,375
116.57,116.57,Left,Pressed,1008,375
116.771,116.771,Left,Released,1008,375
117.085,117.085,NoButton,Move,1008,376
117.107,117.107,NoButton,Move,997,386
117.124,117.124,NoButton,Move,965,410
117.14,117.14,NoButton,Move,887,460
117.157,117.157,NoButton,Move,805,511
117.174,117.174,NoButton,Move,744,545
117.19,117.19,NoButton,Move,670,581
117.207,117.207,NoButton,Move,626,596
117.224,117.224,NoButton,Move,583,601
117.428,117.428,NoButton,Move,583,601
117.44,117.44,NoButton,Move,583,599
117.457,117.457,NoButton,Move,591,588
117.475,117.475,NoButton,Move,615,564
117.49,117.49,NoButton,Move,651,534
117.508,117.508,NoButton,Move,731,484
117.524,117.524,NoButton,Move,822,454
117.54,117.54,NoButton,Move,1002,436
117.557,117.557,NoButton,Move,1126,440
117.574,117.574,NoButton,Move,1206,457
117.796,117.796,NoButton,Move,1206,457
117.807,117.807,NoButton,Move,1206,455
117.825,117.825,NoButton,Move,1206,449
117.84,117.84,NoButton,Move,1210,442
117.857,117.857,NoButton,Move,1220,432
117.874,117.874,NoButton,Move,1233,425
117.89,117.89,NoButton,Move,1251,420
117.907,117.907,NoButton,Move,1256,419
117.923,117.923,NoButton,Move,1279,413
117.94,117.94,NoButton,Move,1290,410
117.958,117.958,NoButton,Move,1295,407
117.974,117.974,NoButton,Move,1297,405
117.99,117.99,NoButton,Move,1301,400
118.007,118.007,NoButton,Move,1301,398
118.023,118.023,NoButton,Move,1298,395
118.04,118.04,NoButton,Move,1296,394
118.057,118.057,NoButton,Move,1290,394
118.074,118.074,NoButton,Move,1278,394
118.089,118.089,NoButton,Move,1245,397
118.107,118.107,NoButton,Move,1166,406
118.123,118.123,NoButton,Move,1061,420
118.14,118.14,NoButton,Move,934,431
118.157,118.157,NoButton,Move,813,436
118.174,118.174,NoButton,Move,694,438
118.189,118.189,NoButton,Move,626,438
118.207,118.207,NoButton,Move,572,435
118.224,118.224,NoButton,Move,522,425
118.239,118.239,NoButton,Move,488,417
118.257,118.257,NoButton,Move,471,413
118.274,118.274,NoButton,Move,456,409
118.29,118.29,NoButton,Move,449,407
118.308,118.308,NoButton,Move,443,406
118.323,118.323,NoButton,Move,440,405
118.34,118.34,NoButton,Move,438,405
118.358,118.358,NoButton,Move,437,405
118.374,118.374,NoButton,Move,434,405
118.39,118.39,NoButton,Move,431,403
118.407,118.407,NoButton,Move,427,399
118.424,118.424,NoButton,Move,425,395
118.44,118.44,NoButton,Move,424,393
118.453,118.453,Left,Pressed,424,393
118.473,118.473,NoButton,Move,423,392
118.57,118.57,Left,Released,423,392
118.811,118.811,Scroll,Down,0,2
118.811,118.811,Scroll,Down,0,3
118.84,118.84,Scroll,Down,0,29
118.857,118.857,Scroll,Down,0,29
118.874,118.874,Scroll,Down,0,31
118.89,118.89,Scroll,Down,0,16
118.907,118.907,Scroll,Down,0,11
118.923,118.923,Scroll,Down,0,9
118.94,118.94,Scroll,Down,0,4
118.957,118.957,Scroll,Down,0,2
118.974,118.974,Scroll,Down,0,1
119.107,119.107,Scroll,Up,0,0
119.124,119.124,Scroll,Up,0,1
119.14,119.14,Scroll,Up,0,1
119.157,119.157,Scroll,Up,0,1
119.173,119.173,Scroll,Up,0,1
119.207,119.207,Scroll,Up,0,0
119.662,119.662,NoButton,Move,425,392
119.673,119.673,NoButton,Move,432,389
119.69,119.69,NoButton,Move,459,379
119.707,119.707,NoButton,Move,574,342
119.724,119.724,NoButton,Move,719,311
119.74,119.74,NoButton,Move,843,293
119.757,119.757,NoButton,Move,996,280
119.774,119.774,NoButton,Move,1077,280
119.79,119.79,NoButton,Move,1129,280
119.807,119.807,NoButton,Move,1145,280
119.824,119.824,NoButton,Move,1158,280
119.956,119.956,NoButton,Move,1157,280
120.006,120.006,NoButton,Move,1161,279
120.023,120.023,NoButton,Move,1170,275
120.041,120.041,NoButton,Move,1200,269
120.057,120.057,NoButton,Move,1237,266
120.074,120.074,NoButton,Move,1284,266
120.091,120.091,NoButton,Move,1314,266
120.107,120.107,NoButton,Move,1335,269
120.124,120.124,NoButton,Move,1347,271
120.14,120.14,NoButton,Move,1356,272
120.157,120.157,NoButton,Move,1359,273
120.174,120.174,NoButton,Move,1360,274
120.191,120.191,NoButton,Move,1361,274
120.256,120.256,NoButton,Move,1361,274
120.273,120.273,NoButton,Move,1361,274
120.29,120.29,NoButton,Move,1361,276
120.307,120.307,NoButton,Move,1361,277
120.324,120.324,NoButton,Move,1361,280
120.34,120.34,NoButton,Move,1360,281
120.357,120.357,NoButton,Move,1359,284
120.374,120.374,NoButton,Move,1359,285
120.39,120.39,NoButton,Move,1358,286
120.407,120.407,NoButton,Move,1358,287
120.424,120.424,NoButton,Move,1358,287
120.44,120.44,NoButton,Move,1358,288
120.458,120.458,NoButton,Move,1358,288
120.702,120.702,NoButton,Move,1357,288
120.775,120.775,NoButton,Move,1357,288
120.79,120.79,NoButton,Move,1357,287
120.807,120.807,NoButton,Move,1355,287
120.823,120.823,NoButton,Move,1353,287
120.84,120.84,NoButton,Move,1347,285
120.857,120.857,NoButton,Move,1341,284
120.874,120.874,NoButton,Move,1333,283
120.89,120.89,NoButton,Move,1324,283
120.907,120.907,NoButton,Move,1311,283
120.923,120.923,NoButton,Move,1297,283
120.94,120.94,NoButton,Move,1283,283
120.957,120.957,NoButton,Move,1275,282
120.973,120.973,NoButton,Move,1267,282
120.989,120.989,NoButton,Move,1262,282
121.007,121.007,NoButton,Move,1260,282
121.023,121.023,NoButton,Move,1260,282
121.204,121.204,Left,Pressed,1260,282
121.353,121.353,Left,Released,1260,282
121.815,121.815,NoButton,Move,1260,283
121.827,121.827,NoButton,Move,1260,286
121.84,121.84,NoButton,Move,1258,289
121.857,121.857,NoButton,Move,1252,295
121.873,121.873,NoButton,Move,1194,325
121.89,121.89,NoButton,Move,1116,348
121.907,121.907,NoButton,Move,1029,370
121.924,121.924,NoButton,Move,930,394
121.939,121.939,NoButton,Move,863,411
121.956,121.956,NoButton,Move,808,424
121.972,121.972,NoButton,Move,771,433
121.989,121.989,NoButton,Move,747,439
122.007,122.007,NoButton,Move,720,443
122.191,122.191,NoButton,Move,720,444
122.207,122.207,NoButton,Move,720,447
122.224,122.224,NoButton,Move,720,457
122.239,122.239,NoButton,Move,719,459
122.257,122.257,NoButton,Move,715,470
122.273,122.273,NoButton,Move,713,476
122.29,122.29,NoButton,Move,711,479
122.307,122.307,NoButton,Move,710,480
122.324,122.324,NoButton,Move,710,480
122.355,122.355,Left,Pressed,710,480
122.457,122.457,Left,Released,710,480
123.799,123.799,NoButton,Move,706,487
123.824,123.824,NoButton,Move,694,510
123.841,123.841,NoButton,Move,683,527
123.857,123.857,NoButton,Move,677,536
123.873,123.873,NoButton,Move,667,546
123.891,123.891,NoButton,Move,656,556
123.907,123.907,NoButton,Move,646,561
123.924,123.924,NoButton,Move,636,564
123.94,123.94,NoButton,Move,630,566
123.957,123.957,NoButton,Move,624,567
123.974,123.974,NoButton,Move,619,567
123.989,123.989,NoButton,Move,618,567
124.007,124.007,NoButton,Move,617,567
124.024,124.024,NoButton,Move,617,567
124.054,124.054,Left,Pressed,617,567
124.17,124.17,Left,Released,617,567
132.091,132.091,NoButton,Move,617,568
132.107,132.107,NoButton,Move,621,577
132.125,132.125,NoButton,Move,625,583
132.139,132.139,NoButton,Move,631,591
132.157,132.157,NoButton,Move,638,601
132.174,132.174,NoButton,Move,647,613
132.19,132.19,NoButton,Move,656,623
132.207,132.207,NoButton,Move,663,633
132.223,132.223,NoButton,Move,669,640
132.24,132.24,NoButton,Move,675,648
132.257,132.257,NoButton,Move,679,655
132.274,132.274,NoButton,Move,683,661
132.291,132.291,NoButton,Move,687,669
132.307,132.307,NoButton,Move,691,676
132.324,132.324,NoButton,Move,696,684
132.34,132.34,NoButton,Move,701,691
132.357,132.357,NoButton,Move,704,695
132.374,132.374,NoButton,Move,707,698
132.39,132.39,NoButton,Move,709,701
132.408,132.408,NoButton,Move,710,702
132.424,132.424,NoButton,Move,711,702
132.44,132.44,NoButton,Move,711,703
132.457,132.457,NoButton,Move,712,703
132.475,132.475,NoButton,Move,712,703
132.49,132.49,NoButton,Move,715,703
132.507,132.507,NoButton,Move,719,703
132.524,132.524,NoButton,Move,725,704
132.541,132.541,NoButton,Move,732,704
132.557,132.557,NoButton,Move,744,705
132.574,132.574,NoButton,Move,754,706
132.589,132.589,NoButton,Move,763,707
132.606,132.606,NoButton,Move,772,710
132.624,132.624,NoButton,Move,777,712
132.64,132.64,NoButton,Move,781,714
132.657,132.657,NoButton,Move,783,715
132.674,132.674,NoButton,Move,783,716
132.69,132.69,NoButton,Move,782,717
133.083,133.083,NoButton,Move,783,717
133.107,133.107,NoButton,Move,785,719
133.124,133.124,NoButton,Move,786,720
133.14,133.14,NoButton,Move,787,722
133.156,133.156,NoButton,Move,789,724
133.173,133.173,NoButton,Move,791,727
133.191,133.191,NoButton,Move,794,730
133.207,133.207,NoButton,Move,797,732
133.223,133.223,NoButton,Move,801,735
133.24,133.24,NoButton,Move,803,736
133.257,133.257,NoButton,Move,804,737
133.274,133.274,NoButton,Move,804,738
133.29,133.29,NoButton,Move,805,738
133.304,133.304,Left,Pressed,805,738
134.153,134.153,Left,Released,805,738
138.842,138.842,NoButton,Move,803,738
138.858,138.858,NoButton,Move,796,738
138.873,138.873,NoButton,Move,751,726
138.89,138.89,NoButton,Move,592,644
138.907,138.907,NoButton,Move,490,580
138.924,138.924,NoButton,Move,359,498
138.94,138.94,NoButton,Move,295,458
138.957,138.957,NoButton,Move,270,447
138.973,138.973,NoButton,Move,231,431
139.271,139.271,Scroll,Up,0,2
139.29,139.29,Scroll,Up,0,15
139.307,139.307,Scroll,Up,0,11
139.324,139.324,Scroll,Up,0,9
139.34,139.34,Scroll,Up,0,14
139.357,139.357,Scroll,Up,0,15
139.373,139.373,Scroll,Up,0,15
139.396,139.396,Scroll,Up,0,15
139.446,139.446,NoButton,Move,231,428
139.462,139.462,NoButton,Move,228,420
139.479,139.479,NoButton,Move,221,407
139.496,139.496,NoButton,Move,208,389
139.513,139.513,NoButton,Move,199,378
139.53,139.53,NoButton,Move,188,368
139.547,139.547,NoButton,Move,178,362
139.563,139.563,NoButton,Move,168,356
139.58,139.58,NoButton,Move,153,348
139.597,139.597,NoButton,Move,136,341
139.613,139.613,NoButton,Move,117,332
139.629,139.629,NoButton,Move,101,326
139.646,139.646,NoButton,Move,85,320
139.663,139.663,NoButton,Move,75,316
139.68,139.68,NoButton,Move,65,311
139.697,139.697,NoButton,Move,59,306
139.714,139.714,NoButton,Move,55,301
139.73,139.73,NoButton,Move,53,296
139.747,139.747,NoButton,Move,51,293
139.764,139.764,NoButton,Move,50,290
139.78,139.78,NoButton,Move,50,289
139.791,139.791,NoButton,Move,50,289
139.809,139.809,Left,Pressed,50,289
139.937,139.937,Left,Released,50,289
140.14,140.14,NoButton,Move,51,289
140.158,140.158,NoButton,Move,63,290
140.174,140.174,NoButton,Move,84,293
140.19,140.19,NoButton,Move,141,300
140.207,140.207,NoButton,Move,217,305
140.223,140.223,NoButton,Move,316,318
140.241,140.241,NoButton,Move,415,334
140.257,140.257,NoButton,Move,450,341
140.274,140.274,NoButton,Move,494,351
140.29,140.29,NoButton,Move,514,356
140.307,140.307,NoButton,Move,523,359
140.512,140.512,NoButton,Move,523,358
140.524,140.524,NoButton,Move,522,357
140.541,140.541,NoButton,Move,521,354
140.557,140.557,NoButton,Move,519,352
140.574,140.574,NoButton,Move,518,351
140.59,140.59,NoButton,Move,517,350
140.607,140.607,NoButton,Move,515,351
140.624,140.624,NoButton,Move,511,357
140.64,140.64,NoButton,Move,506,365
140.657,140.657,NoButton,Move,499,375
140.674,140.674,NoButton,Move,495,382
140.691,140.691,NoButton,Move,492,387
140.707,140.707,NoButton,Move,490,390
140.737,140.737,Left,Pressed,490,390
140.739,140.739,Left,Released,490,390
140.74,140.74,NoButton,Move,490,390
142.461,142.461,NoButton,Move,420,470
142.474,142.474,NoButton,Move,419,468
142.49,142.49,NoButton,Move,417,463
142.507,142.507,NoButton,Move,416,460
142.523,142.523,NoButton,Move,415,457
142.54,142.54,NoButton,Move,414,456
142.557,142.557,NoButton,Move,413,456
142.574,142.574,NoButton,Move,413,458
142.59,142.59,NoButton,Move,412,465
142.607,142.607,NoButton,Move,411,472
142.624,142.624,NoButton,Move,410,479
142.64,142.64,NoButton,Move,408,487
142.657,142.657,NoButton,Move,407,492
142.673,142.673,NoButton,Move,406,498
142.69,142.69,NoButton,Move,405,502
142.707,142.707,NoButton,Move,405,503
142.72,142.72,Left,Pressed,405,503
142.757,142.757,NoButton,Move,405,504
142.875,142.875,Left,Released,405,504
175.107,175.107,NoButton,Move,403,511
175.124,175.124,NoButton,Move,395,543
175.141,175.141,NoButton,Move,392,557
175.157,175.157,NoButton,Move,390,564
175.174,175.174,NoButton,Move,388,568
175.191,175.191,NoButton,Move,385,572
175.207,175.207,NoButton,Move,381,575
175.224,175.224,NoButton,Move,376,576
175.241,175.241,NoButton,Move,370,576
175.258,175.258,NoButton,Move,364,576
175.274,175.274,NoButton,Move,357,575
175.291,175.291,NoButton,Move,352,575
175.308,175.308,NoButton,Move,347,574
175.324,175.324,NoButton,Move,344,574
175.341,175.341,NoButton,Move,342,573
175.358,175.358,NoButton,Move,341,573
175.374,175.374,NoButton,Move,341,573
175.438,175.438,Left,Pressed,341,573
175.555,175.555,Left,Released,341,573
175.557,175.557,NoButton,Move,341,572
177.17,177.17,NoButton,Move,338,592
177.175,177.175,NoButton,Move,338,604
177.191,177.191,NoButton,Move,338,618
177.207,177.207,NoButton,Move,338,651
177.224,177.224,NoButton,Move,340,666
177.241,177.241,NoButton,Move,343,684
177.258,177.258,NoButton,Move,345,702
177.274,177.274,NoButton,Move,347,713
177.291,177.291,NoButton,Move,348,719
177.308,177.308,NoButton,Move,350,732
177.324,177.324,NoButton,Move,352,738
177.341,177.341,NoButton,Move,352,745
177.358,177.358,NoButton,Move,353,749
177.374,177.374,NoButton,Move,353,752
177.391,177.391,NoButton,Move,353,755
177.408,177.408,NoButton,Move,353,756
177.424,177.424,NoButton,Move,353,757
177.441,177.441,NoButton,Move,353,757
177.488,177.488,Left,Pressed,353,757
177.653,177.653,Left,Released,353,757
177.814,177.814,NoButton,Move,353,757
177.833,177.833,NoButton,Move,353,757
177.842,177.842,NoButton,Move,353,757
177.858,177.858,NoButton,Move,353,756
177.874,177.874,NoButton,Move,353,755
177.891,177.891,NoButton,Move,353,754
177.908,177.908,NoButton,Move,353,752
177.924,177.924,NoButton,Move,353,749
177.942,177.942,NoButton,Move,353,746
177.958,177.958,NoButton,Move,353,744
177.974,177.974,NoButton,Move,353,743
177.991,177.991,NoButton,Move,353,743
178.008,178.008,NoButton,Move,353,742
178.024,178.024,NoButton,Move,353,741
178.04,178.04,NoButton,Move,353,740
178.058,178.058,NoButton,Move,353,739
178.074,178.074,NoButton,Move,353,738
178.091,178.091,NoButton,Move,353,737
178.108,178.108,NoButton,Move,353,737
178.125,178.125,NoButton,Move,353,736
178.141,178.141,NoButton,Move,352,736
178.273,178.273,NoButton,Move,352,736
178.28,178.28,NoButton,Move,352,735
178.291,178.291,NoButton,Move,352,734
178.308,178.308,NoButton,Move,351,732
178.338,178.338,Left,Pressed,351,732
178.343,178.343,NoButton,Move,351,732
178.453,178.453,Left,Released,351,732
178.888,178.888,NoButton,Move,351,731
178.895,178.895,NoButton,Move,354,728
178.908,178.908,NoButton,Move,359,723
178.924,178.924,NoButton,Move,376,707
178.941,178.941,NoButton,Move,409,675
178.958,178.958,NoButton,Move,456,637
178.974,178.974,NoButton,Move,508,599
178.992,178.992,NoButton,Move,547,574
179.008,179.008,NoButton,Move,589,548
179.025,179.025,NoButton,Move,613,536
179.041,179.041,NoButton,Move,635,525
179.058,179.058,NoButton,Move,644,521
179.075,179.075,NoButton,Move,650,518
179.091,179.091,NoButton,Move,653,517
179.107,179.107,NoButton,Move,653,516
179.124,179.124,NoButton,Move,652,515
179.141,179.141,NoButton,Move,649,515
179.157,179.157,NoButton,Move,647,514
179.174,179.174,NoButton,Move,644,511
179.191,179.191,NoButton,Move,643,509
179.207,179.207,NoButton,Move,642,507
179.224,179.224,NoButton,Move,642,505
179.241,179.241,NoButton,Move,642,503
179.271,179.271,Left,Pressed,642,503
179.274,179.274,NoButton,Move,642,503
179.354,179.354,Left,Released,642,503
179.37,179.37,NoButton,Move,642,503
179.764,179.764,NoButton,Move,642,503
179.774,179.774,NoButton,Move,640,503
179.791,179.791,NoButton,Move,635,502
179.808,179.808,NoButton,Move,630,499
179.824,179.824,NoButton,Move,615,488
179.841,179.841,NoButton,Move,604,478
179.858,179.858,NoButton,Move,596,471
179.874,179.874,NoButton,Move,590,465
179.891,179.891,NoButton,Move,587,462
179.908,179.908,NoButton,Move,586,461
179.92,179.92,Left,Pressed,586,461
179.94,179.94,NoButton,Move,586,461
180.054,180.054,Left,Released,586,461
180.395,180.395,NoButton,Move,586,462
180.408,180.408,NoButton,Move,586,464
180.424,180.424,NoButton,Move,586,467
180.441,180.441,NoButton,Move,587,471
180.458,180.458,NoButton,Move,587,477
180.475,180.475,NoButton,Move,587,486
180.491,180.491,NoButton,Move,586,489
180.508,180.508,NoButton,Move,580,496
180.525,180.525,NoButton,Move,574,500
180.541,180.541,NoButton,Move,571,503
180.558,180.558,NoButton,Move,567,506
180.574,180.574,NoButton,Move,564,509
180.592,180.592,NoButton,Move,563,510
180.608,180.608,NoButton,Move,562,511
180.624,180.624,NoButton,Move,562,511
180.655,180.655,Left,Pressed,562,511
180.809,180.809,Left,Released,562,511
181.942,181.942,NoButton,Move,562,515
181.958,181.958,NoButton,Move,562,522
181.974,181.974,NoButton,Move,562,526
181.991,181.991,NoButton,Move,561,528
182.008,182.008,NoButton,Move,561,528
182.024,182.024,NoButton,Move,560,529
182.041,182.041,NoButton,Move,558,529
182.058,182.058,NoButton,Move,551,520
182.075,182.075,NoButton,Move,539,504
182.091,182.091,NoButton,Move,522,483
182.108,182.108,NoButton,Move,504,460
182.125,182.125,NoButton,Move,492,449
182.141,182.141,NoButton,Move,484,442
182.158,182.158,NoButton,Move,477,436
182.174,182.174,NoButton,Move,474,434
182.191,182.191,NoButton,Move,472,433
182.208,182.208,NoButton,Move,472,433
182.224,182.224,NoButton,Move,471,432
182.255,182.255,Left,Pressed,471,432
182.291,182.291,NoButton,Move,471,432
182.387,182.387,Left,Released,471,432
182.441,182.441,NoButton,Move,471,432
182.458,182.458,NoButton,Move,468,432
182.474,182.474,NoButton,Move,466,432
182.491,182.491,NoButton,Move,462,432
182.508,182.508,NoButton,Move,457,430
182.525,182.525,NoButton,Move,452,426
182.541,182.541,NoButton,Move,450,423
182.557,182.557,NoButton,Move,448,420
182.571,182.571,Left,Pressed,448,420
182.574,182.574,Left,Released,448,420
184.04,184.04,NoButton,Move,456,540
184.041,184.041,NoButton,Move,456,540
187.447,187.447,NoButton,Move,457,541
187.458,187.458,NoButton,Move,458,543
187.475,187.475,NoButton,Move,461,546
187.492,187.492,NoButton,Move,464,548
187.508,187.508,NoButton,Move,466,549
187.525,187.525,NoButton,Move,467,549
187.541,187.541,NoButton,Move,468,550
187.558,187.558,NoButton,Move,469,550
187.574,187.574,NoButton,Move,469,550
187.592,187.592,NoButton,Move,469,550
187.607,187.607,NoButton,Move,469,549
187.624,187.624,NoButton,Move,469,547
187.641,187.641,NoButton,Move,467,544
187.657,187.657,NoButton,Move,464,541
187.674,187.674,NoButton,Move,461,537
187.691,187.691,NoButton,Move,458,532
187.708,187.708,NoButton,Move,454,528
187.724,187.724,NoButton,Move,451,525
187.741,187.741,NoButton,Move,448,523
187.758,187.758,NoButton,Move,446,522
187.773,187.773,NoButton,Move,445,522
187.791,187.791,NoButton,Move,443,521
187.808,187.808,NoButton,Move,442,521
187.824,187.824,NoButton,Move,441,521
187.841,187.841,NoButton,Move,439,521
187.857,187.857,NoButton,Move,437,520
187.874,187.874,NoButton,Move,435,520
187.891,187.891,NoButton,Move,433,520
187.907,187.907,NoButton,Move,429,519
187.925,187.925,NoButton,Move,423,515
187.941,187.941,NoButton,Move,419,513
187.958,187.958,NoButton,Move,416,511
187.975,187.975,NoButton,Move,409,510
187.991,187.991,NoButton,Move,406,510
188.008,188.008,NoButton,Move,405,510
188.024,188.024,NoButton,Move,404,510
188.037,188.037,Left,Pressed,404,510
188.074,188.074,NoButton,Move,404,510
188.185,188.185,Left,Released,404,510
188.191,188.191,NoButton,Move,404,510
188.207,188.207,NoButton,Move,404,509
188.224,188.224,NoButton,Move,404,508
188.241,188.241,NoButton,Move,404,508
188.257,188.257,NoButton,Move,404,507
188.274,188.274,NoButton,Move,403,507
188.291,188.291,NoButton,Move,403,507
188.311,188.311,NoButton,Move,403,507
188.325,188.325,NoButton,Move,403,507
188.341,188.341,NoButton,Move,402,507
188.357,188.357,NoButton,Move,402,508
188.374,188.374,NoButton,Move,402,513
188.391,188.391,NoButton,Move,402,519
188.407,188.407,NoButton,Move,402,526
188.424,188.424,NoButton,Move,402,532
188.441,188.441,NoButton,Move,402,538
188.458,188.458,NoButton,Move,401,542
188.474,188.474,NoButton,Move,401,546
188.491,188.491,NoButton,Move,401,548
188.507,188.507,NoButton,Move,400,550
188.524,188.524,NoButton,Move,400,551
188.541,188.541,NoButton,Move,400,551
188.575,188.575,NoButton,Move,400,551
188.591,188.591,NoButton,Move,400,551
188.608,188.608,NoButton,Move,399,548
188.624,188.624,NoButton,Move,399,539
188.641,188.641,NoButton,Move,399,532
188.658,188.658,NoButton,Move,399,515
188.674,188.674,NoButton,Move,399,508
188.829,188.829,NoButton,Move,399,510
188.841,188.841,NoButton,Move,400,513
188.858,188.858,NoButton,Move,402,523
188.874,188.874,NoButton,Move,404,531
188.891,188.891,NoButton,Move,405,539
188.908,188.908,NoButton,Move,405,553
188.924,188.924,NoButton,Move,405,560
188.942,188.942,NoButton,Move,405,568
188.958,188.958,NoButton,Move,404,571
188.974,188.974,NoButton,Move,403,573
188.991,188.991,NoButton,Move,403,574
189.005,189.005,Left,Pressed,403,574
189.104,189.104,NoButton,Move,403,574
189.104,189.104,Left,Released,403,574
190.461,190.461,NoButton,Move,401,579
190.474,190.474,NoButton,Move,397,584
190.491,190.491,NoButton,Move,396,584
190.507,190.507,NoButton,Move,394,584
190.524,190.524,NoButton,Move,390,577
190.541,190.541,NoButton,Move,382,562
190.557,190.557,NoButton,Move,373,540
190.574,190.574,NoButton,Move,366,525
190.591,190.591,NoButton,Move,361,513
190.608,190.608,NoButton,Move,356,504
190.624,190.624,NoButton,Move,353,500
190.641,190.641,NoButton,Move,352,498
190.658,190.658,NoButton,Move,350,497
190.674,190.674,NoButton,Move,349,497
190.692,190.692,NoButton,Move,348,497
190.708,190.708,NoButton,Move,348,497
190.728,190.728,NoButton,Move,348,497
190.741,190.741,NoButton,Move,348,497
190.757,190.757,NoButton,Move,349,496
190.774,190.774,NoButton,Move,358,496
190.791,190.791,NoButton,Move,373,496
190.808,190.808,NoButton,Move,396,494
190.824,190.824,NoButton,Move,409,492
190.841,190.841,NoButton,Move,459,467
190.858,190.858,NoButton,Move,473,453
193.643,193.643,NoButton,Move,473,451
193.657,193.657,NoButton,Move,472,448
193.674,193.674,NoButton,Move,470,445
193.691,193.691,NoButton,Move,467,442
193.707,193.707,NoButton,Move,464,439
193.724,193.724,NoButton,Move,462,437
193.741,193.741,NoButton,Move,459,435
193.758,193.758,NoButton,Move,457,434
193.774,193.774,NoButton,Move,455,432
193.791,193.791,NoButton,Move,453,431
193.808,193.808,NoButton,Move,452,430
193.825,193.825,NoButton,Move,450,429
193.841,193.841,NoButton,Move,447,427
193.857,193.857,NoButton,Move,445,427
193.874,193.874,NoButton,Move,444,427
193.891,193.891,NoButton,Move,443,427
193.907,193.907,NoButton,Move,442,428
193.924,193.924,NoButton,Move,442,431
193.941,193.941,NoButton,Move,441,437
193.957,193.957,NoButton,Move,440,445
193.974,193.974,NoButton,Move,438,456
193.991,193.991,NoButton,Move,436,462
194.008,194.008,NoButton,Move,434,470
194.024,194.024,NoButton,Move,433,473
194.041,194.041,NoButton,Move,433,474
194.055,194.055,Left,Pressed,433,474
194.074,194.074,NoButton,Move,433,475
194.17,194.17,Left,Released,433,475
194.191,194.191,NoButton,Move,433,474
196.312,196.312,NoButton,Move,433,476
196.324,196.324,NoButton,Move,433,484
196.341,196.341,NoButton,Move,433,493
196.357,196.357,NoButton,Move,434,501
196.374,196.374,NoButton,Move,435,507
196.391,196.391,NoButton,Move,439,518
196.408,196.408,NoButton,Move,442,527
196.424,196.424,NoButton,Move,445,537
196.441,196.441,NoButton,Move,446,541
196.458,196.458,NoButton,Move,447,545
196.474,196.474,NoButton,Move,447,548
196.491,196.491,NoButton,Move,447,551
196.508,196.508,NoButton,Move,447,555
196.524,196.524,NoButton,Move,446,559
196.541,196.541,NoButton,Move,444,563
196.558,196.558,NoButton,Move,442,569
196.574,196.574,NoButton,Move,440,577
196.591,196.591,NoButton,Move,439,587
196.608,196.608,NoButton,Move,437,601
196.625,196.625,NoButton,Move,436,611
196.641,196.641,NoButton,Move,434,620
196.658,196.658,NoButton,Move,433,625
196.675,196.675,NoButton,Move,433,628
196.691,196.691,NoButton,Move,433,629
196.708,196.708,NoButton,Move,433,630
196.739,196.739,Left,Pressed,433,630
196.853,196.853,Left,Released,433,630
197.055,197.055,NoButton,Move,433,630
197.063,197.063,NoButton,Move,433,632
197.075,197.075,NoButton,Move,433,633
197.091,197.091,NoButton,Move,433,638
197.108,197.108,NoButton,Move,433,643
197.124,197.124,NoButton,Move,433,650
197.141,197.141,NoButton,Move,437,663
197.158,197.158,NoButton,Move,444,678
197.175,197.175,NoButton,Move,453,693
197.192,197.192,NoButton,Move,462,706
197.208,197.208,NoButton,Move,472,720
197.224,197.224,NoButton,Move,479,727
197.241,197.241,NoButton,Move,484,733
197.258,197.258,NoButton,Move,488,736
197.275,197.275,NoButton,Move,489,736
197.291,197.291,NoButton,Move,490,737
197.304,197.304,Left,Pressed,490,737
197.323,197.323,NoButton,Move,490,737
197.438,197.438,Left,Released,490,737
197.76,197.76,NoButton,Move,490,732
197.774,197.774,NoButton,Move,490,719
197.795,197.795,NoButton,Move,493,705
197.807,197.807,NoButton,Move,500,691
197.824,197.824,NoButton,Move,514,666
197.841,197.841,NoButton,Move,542,631
197.857,197.857,NoButton,Move,578,590
197.874,197.874,NoButton,Move,605,563
197.891,197.891,NoButton,Move,635,536
197.907,197.907,NoButton,Move,649,523
197.924,197.924,NoButton,Move,661,509
197.941,197.941,NoButton,Move,665,503
197.958,197.958,NoButton,Move,667,499
197.975,197.975,NoButton,Move,668,499
198.008,198.008,NoButton,Move,666,501
198.025,198.025,NoButton,Move,664,504
198.041,198.041,NoButton,Move,661,507
198.058,198.058,NoButton,Move,659,509
198.074,198.074,NoButton,Move,658,509
198.091,198.091,NoButton,Move,658,510
198.121,198.121,Left,Pressed,658,510
198.204,198.204,Left,Released,658,510
198.464,198.464,NoButton,Move,658,510
198.475,198.475,NoButton,Move,655,510
198.491,198.491,NoButton,Move,650,510
198.508,198.508,NoButton,Move,644,510
198.524,198.524,NoButton,Move,636,510
198.541,198.541,NoButton,Move,624,508
198.558,198.558,NoButton,Move,611,504
198.574,198.574,NoButton,Move,598,501
198.591,198.591,NoButton,Move,587,497
198.607,198.607,NoButton,Move,578,494
198.624,198.624,NoButton,Move,571,490
198.641,198.641,NoButton,Move,565,486
198.657,198.657,NoButton,Move,562,482
198.674,198.674,NoButton,Move,558,478
198.691,198.691,NoButton,Move,557,474
198.708,198.708,NoButton,Move,556,472
198.724,198.724,NoButton,Move,555,471
198.737,198.737,Left,Pressed,555,471
198.758,198.758,NoButton,Move,555,471
198.836,198.836,Left,Released,555,471
199.168,199.168,NoButton,Move,555,471
199.191,199.191,NoButton,Move,555,473
199.208,199.208,NoButton,Move,554,476
199.225,199.225,NoButton,Move,551,479
199.241,199.241,NoButton,Move,550,481
199.258,199.258,NoButton,Move,547,482
199.275,199.275,NoButton,Move,546,482
199.291,199.291,NoButton,Move,545,482
199.308,199.308,NoButton,Move,545,482
199.339,199.339,Left,Pressed,545,482
199.452,199.452,Left,Released,545,482
202.293,202.293,NoButton,Move,543,488
202.308,202.308,NoButton,Move,537,506
202.324,202.324,NoButton,Move,534,511
202.341,202.341,NoButton,Move,532,513
202.358,202.358,NoButton,Move,530,515
202.374,202.374,NoButton,Move,528,517
202.391,202.391,NoButton,Move,526,519
202.408,202.408,NoButton,Move,524,520
202.425,202.425,NoButton,Move,524,521
202.441,202.441,NoButton,Move,523,521
202.458,202.458,NoButton,Move,522,523
202.474,202.474,NoButton,Move,520,526
202.491,202.491,NoButton,Move,519,528
202.509,202.509,NoButton,Move,517,530
202.525,202.525,NoButton,Move,517,531
202.538,202.538,Left,Pressed,517,531
202.574,202.574,NoButton,Move,517,531
202.622,202.622,Left,Released,517,531
202.691,202.691,NoButton,Move,517,532
202.708,202.708,NoButton,Move,517,533
202.724,202.724,NoButton,Move,517,534
202.741,202.741,NoButton,Move,517,536
202.758,202.758,NoButton,Move,515,541
202.775,202.775,NoButton,Move,514,543
202.791,202.791,NoButton,Move,508,559
202.808,202.808,NoButton,Move,506,564
202.824,202.824,NoButton,Move,504,571
202.841,202.841,NoButton,Move,500,579
202.858,202.858,NoButton,Move,498,582
202.874,202.874,NoButton,Move,497,584
202.891,202.891,NoButton,Move,497,585
202.92,202.92,Left,Pressed,497,585
202.923,202.923,NoButton,Move,497,585
203.005,203.005,Left,Released,497,585
203.237,203.237,Left,Pressed,497,585
203.253,203.253,Left,Released,497,585
208.992,208.992,NoButton,Move,497,585
209.008,209.008,NoButton,Move,500,588
209.024,209.024,NoButton,Move,503,591
209.041,209.041,NoButton,Move,508,595
209.05,209.05,NoButton,Move,511,597
209.19,209.19,NoButton,Move,569,627
209.191,209.191,NoButton,Move,569,627
209.207,209.207,NoButton,Move,574,629
209.224,209.224,NoButton,Move,581,632
209.241,209.241,NoButton,Move,585,633
209.258,209.258,NoButton,Move,589,635
209.275,209.275,NoButton,Move,594,637
209.291,209.291,NoButton,Move,598,638
209.308,209.308,NoButton,Move,604,639
209.325,209.325,NoButton,Move,609,639
209.341,209.341,NoButton,Move,617,640
209.358,209.358,NoButton,Move,625,640
209.374,209.374,NoButton,Move,634,641
209.391,209.391,NoButton,Move,638,641
209.408,209.408,NoButton,Move,642,641
209.424,209.424,NoButton,Move,644,641
209.437,209.437,Left,Pressed,644,641
209.541,209.541,NoButton,Move,644,641
209.568,209.568,Left,Released,644,641
209.885,209.885,NoButton,Move,644,641
209.893,209.893,NoButton,Move,644,640
209.908,209.908,NoButton,Move,644,638
209.925,209.925,NoButton,Move,644,636
209.941,209.941,NoButton,Move,644,634
209.958,209.958,NoButton,Move,644,632
209.975,209.975,NoButton,Move,644,631
209.991,209.991,NoButton,Move,643,629
210.008,210.008,NoButton,Move,643,628
210.025,210.025,NoButton,Move,643,627
210.041,210.041,NoButton,Move,642,627
210.819,210.819,NoButton,Move,642,626
210.827,210.827,NoButton,Move,640,624
210.874,210.874,NoButton,Move,590,580
210.891,210.891,NoButton,Move,548,540
210.908,210.908,NoButton,Move,525,518
210.925,210.925,NoButton,Move,476,482
210.941,210.941,NoButton,Move,463,475
210.958,210.958,NoButton,Move,453,471
210.974,210.974,NoButton,Move,447,471
210.991,210.991,NoButton,Move,444,471
211.008,211.008,NoButton,Move,443,471
211.025,211.025,NoButton,Move,442,471
211.041,211.041,NoButton,Move,442,471
211.058,211.058,NoButton,Move,441,472
211.075,211.075,NoButton,Move,441,472
211.089,211.089,Left,Pressed,441,472
211.091,211.091,Left,Released,441,472
212.409,212.409,NoButton,Move,475,614
212.424,212.424,NoButton,Move,553,735
212.441,212.441,NoButton,Move,551,726
212.458,212.458,NoButton,Move,553,735
212.474,212.474,NoButton,Move,553,733
212.492,212.492,NoButton,Move,553,731
212.507,212.507,NoButton,Move,553,727
212.523,212.523,NoButton,Move,552,724
212.54,212.54,NoButton,Move,552,721
212.558,212.558,NoButton,Move,552,719
212.574,212.574,NoButton,Move,552,718
212.591,212.591,NoButton,Move,552,717
212.608,212.608,NoButton,Move,552,717
212.658,212.658,NoButton,Move,552,718
212.674,212.674,NoButton,Move,552,723
212.691,212.691,NoButton,Move,552,729
212.709,212.709,NoButton,Move,552,737
212.725,212.725,NoButton,Move,552,745
212.741,212.741,NoButton,Move,552,749
212.758,212.758,NoButton,Move,552,755
212.775,212.775,NoButton,Move,552,758
212.792,212.792,NoButton,Move,552,760
212.808,212.808,NoButton,Move,552,761
212.821,212.821,Left,Pressed,552,761
212.841,212.841,NoButton,Move,552,761
212.953,212.953,Left,Released,552,761
213.342,213.342,NoButton,Move,552,760
213.358,213.358,NoButton,Move,552,750
213.375,213.375,NoButton,Move,552,736
213.391,213.391,NoButton,Move,557,706
213.408,213.408,NoButton,Move,569,661
213.425,213.425,NoButton,Move,579,637
213.442,213.442,NoButton,Move,592,606
213.458,213.458,NoButton,Move,604,581
213.475,213.475,NoButton,Move,615,565
213.491,213.491,NoButton,Move,626,550
213.508,213.508,NoButton,Move,636,539
213.525,213.525,NoButton,Move,641,534
213.541,213.541,NoButton,Move,645,530
213.558,213.558,NoButton,Move,649,527
213.575,213.575,NoButton,Move,651,525
213.591,213.591,NoButton,Move,653,524
213.608,213.608,NoButton,Move,654,523
213.625,213.625,NoButton,Move,655,521
213.641,213.641,NoButton,Move,655,518
213.658,213.658,NoButton,Move,656,516
213.675,213.675,NoButton,Move,657,514
213.691,213.691,NoButton,Move,657,512
213.708,213.708,NoButton,Move,657,511
213.725,213.725,NoButton,Move,658,511
213.754,213.754,Left,Pressed,658,511
213.774,213.774,NoButton,Move,658,511
213.904,213.904,Left,Released,658,511
215.152,215.152,NoButton,Move,658,510
215.174,215.174,NoButton,Move,658,507
215.191,215.191,NoButton,Move,655,496
215.208,215.208,NoButton,Move,651,484
215.225,215.225,NoButton,Move,645,471
215.241,215.241,NoButton,Move,641,463
215.258,215.258,NoButton,Move,628,442
215.274,215.274,NoButton,Move,623,434
215.291,215.291,NoButton,Move,616,426
215.308,215.308,NoButton,Move,611,422
215.325,215.325,NoButton,Move,605,419
215.341,215.341,NoButton,Move,601,419
215.358,215.358,NoButton,Move,595,419
215.374,215.374,NoButton,Move,588,421
215.391,215.391,NoButton,Move,580,423
215.408,215.408,NoButton,Move,571,425
215.425,215.425,NoButton,Move,559,426
215.441,215.441,NoButton,Move,543,424
215.458,215.458,NoButton,Move,528,414
215.475,215.475,NoButton,Move,516,404
215.491,215.491,NoButton,Move,506,396
215.508,215.508,NoButton,Move,499,390
215.525,215.525,NoButton,Move,495,389
215.541,215.541,NoButton,Move,494,390
215.558,215.558,NoButton,Move,494,403
215.574,215.574,NoButton,Move,494,418
215.592,215.592,NoButton,Move,497,436
215.608,215.608,NoButton,Move,498,453
215.624,215.624,NoButton,Move,499,460
215.641,215.641,NoButton,Move,500,462
215.658,215.658,NoButton,Move,500,464
215.688,215.688,Left,Pressed,500,464
215.708,215.708,NoButton,Move,500,464
215.787,215.787,Left,Released,500,464
215.962,215.962,NoButton,Move,500,463
215.974,215.974,NoButton,Move,500,461
215.991,215.991,NoButton,Move,500,452
216.008,216.008,NoButton,Move,496,432
216.025,216.025,NoButton,Move,492,412
216.041,216.041,NoButton,Move,483,389
216.058,216.058,NoButton,Move,476,375
216.075,216.075,NoButton,Move,466,360
216.091,216.091,NoButton,Move,461,353
216.108,216.108,NoButton,Move,456,350
216.125,216.125,NoButton,Move,453,348
216.141,216.141,NoButton,Move,450,347
216.158,216.158,NoButton,Move,449,346
216.175,216.175,NoButton,Move,448,346
216.191,216.191,NoButton,Move,448,346
216.239,216.239,Left,Pressed,448,346
216.258,216.258,NoButton,Move,448,346
216.321,216.321,Left,Released,448,346
216.469,216.469,NoButton,Move,448,346
216.476,216.476,NoButton,Move,446,346
216.491,216.491,NoButton,Move,445,345
216.508,216.508,NoButton,Move,442,342
216.524,216.524,NoButton,Move,432,331
216.541,216.541,NoButton,Move,423,321
216.558,216.558,NoButton,Move,419,317
216.575,216.575,NoButton,Move,416,314
216.591,216.591,NoButton,Move,415,313
216.605,216.605,Left,Pressed,415,313
216.609,216.609,Left,Released,415,313
218.293,218.293,NoButton,Move,386,417
218.308,218.308,NoButton,Move,388,413
218.387,218.387,Left,Pressed,386,417
218.388,218.388,Left,Released,386,417
219.51,219.51,NoButton,Move,387,423
219.524,219.524,NoButton,Move,389,429
219.541,219.541,NoButton,Move,392,438
219.558,219.558,NoButton,Move,395,449
219.574,219.574,NoButton,Move,398,464
219.591,219.591,NoButton,Move,400,479
219.608,219.608,NoButton,Move,403,491
219.624,219.624,NoButton,Move,403,497
219.642,219.642,NoButton,Move,404,501
219.658,219.658,NoButton,Move,405,504
219.674,219.674,NoButton,Move,405,505
219.691,219.691,NoButton,Move,405,506
219.708,219.708,NoButton,Move,405,506
219.722,219.722,Left,Pressed,405,506
219.758,219.758,NoButton,Move,405,506
219.879,219.879,Left,Released,405,506
223.275,223.275,NoButton,Move,403,512
223.291,223.291,NoButton,Move,397,534
223.308,223.308,NoButton,Move,396,541
223.324,223.324,NoButton,Move,396,545
223.341,223.341,NoButton,Move,395,548
223.358,223.358,NoButton,Move,395,550
223.375,223.375,NoButton,Move,395,552
223.391,223.391,NoButton,Move,395,553
223.408,223.408,NoButton,Move,395,554
223.425,223.425,NoButton,Move,394,556
223.441,223.441,NoButton,Move,393,558
223.458,223.458,NoButton,Move,392,560
223.475,223.475,NoButton,Move,391,561
223.491,223.491,NoButton,Move,390,562
223.508,223.508,NoButton,Move,390,562
223.522,223.522,Left,Pressed,390,562
223.624,223.624,NoButton,Move,390,562
223.639,223.639,Left,Released,390,562
226.789,226.789,NoButton,Move,390,572
226.808,226.808,NoButton,Move,391,597
226.953,226.953,NoButton,Move,452,659
226.958,226.958,NoButton,Move,457,661
226.975,226.975,NoButton,Move,476,665
226.992,226.992,NoButton,Move,497,667
227.008,227.008,NoButton,Move,530,669
227.025,227.025,NoButton,Move,561,671
227.042,227.042,NoButton,Move,582,671
227.058,227.058,NoButton,Move,595,671
227.074,227.074,NoButton,Move,606,670
227.091,227.091,NoButton,Move,610,667
227.108,227.108,NoButton,Move,606,662
227.126,227.126,NoButton,Move,597,658
227.141,227.141,NoButton,Move,586,654
227.158,227.158,NoButton,Move,579,651
227.175,227.175,NoButton,Move,573,650
227.192,227.192,NoButton,Move,569,649
227.208,227.208,NoButton,Move,568,648
227.225,227.225,NoButton,Move,567,647
227.242,227.242,NoButton,Move,567,645
227.258,227.258,NoButton,Move,567,644
227.275,227.275,NoButton,Move,568,641
227.291,227.291,NoButton,Move,570,639
227.308,227.308,NoButton,Move,572,637
227.325,227.325,NoButton,Move,573,636
227.341,227.341,NoButton,Move,574,636
227.358,227.358,NoButton,Move,575,636
227.408,227.408,NoButton,Move,575,636
227.434,227.434,NoButton,Move,575,636
227.458,227.458,NoButton,Move,575,636
227.489,227.489,Left,Pressed,575,636
227.971,227.971,Left,Released,575,636
232.064,232.064,NoButton,Move,575,636
232.075,232.075,NoButton,Move,573,636
232.092,232.092,NoButton,Move,572,636
232.108,232.108,NoButton,Move,565,633
232.125,232.125,NoButton,Move,551,627
232.141,232.141,NoButton,Move,536,617
232.158,232.158,NoButton,Move,521,602
232.174,232.174,NoButton,Move,508,583
232.191,232.191,NoButton,Move,502,569
232.208,232.208,NoButton,Move,499,545
232.225,232.225,NoButton,Move,499,539
232.241,232.241,NoButton,Move,503,529
232.258,232.258,NoButton,Move,523,516
232.276,232.276,NoButton,Move,539,510
232.292,232.292,NoButton,Move,550,509
232.308,232.308,NoButton,Move,590,507
232.325,232.325,NoButton,Move,620,507
232.341,232.341,NoButton,Move,640,507
232.358,232.358,NoButton,Move,661,507
232.374,232.374,NoButton,Move,671,507
232.391,232.391,NoButton,Move,680,506
232.408,232.408,NoButton,Move,684,505
232.425,232.425,NoButton,Move,685,505
232.441,232.441,NoButton,Move,686,504
232.458,232.458,NoButton,Move,686,504
232.471,232.471,Left,Pressed,686,504
232.491,232.491,NoButton,Move,686,504
232.622,232.622,Left,Released,686,504
232.989,232.989,NoButton,Move,686,504
232.994,232.994,NoButton,Move,683,504
233.012,233.012,NoButton,Move,678,504
233.025,233.025,NoButton,Move,666,503
233.041,233.041,NoButton,Move,649,496
233.058,233.058,NoButton,Move,637,491
233.074,233.074,NoButton,Move,622,484
233.091,233.091,NoButton,Move,615,480
233.108,233.108,NoButton,Move,608,476
233.125,233.125,NoButton,Move,604,474
233.141,233.141,NoButton,Move,602,472
233.158,233.158,NoButton,Move,600,469
233.174,233.174,NoButton,Move,599,467
233.191,233.191,NoButton,Move,598,464
233.208,233.208,NoButton,Move,597,461
233.225,233.225,NoButton,Move,596,458
233.241,233.241,NoButton,Move,596,455
233.258,233.258,NoButton,Move,595,452
233.275,233.275,NoButton,Move,595,450
233.291,233.291,NoButton,Move,595,449
233.308,233.308,NoButton,Move,595,448
233.321,233.321,Left,Pressed,595,448
233.341,233.341,NoButton,Move,595,448
233.437,233.437,Left,Released,595,448
234.38,234.38,NoButton,Move,595,449
234.392,234.392,NoButton,Move,594,449
234.408,234.408,NoButton,Move,592,452
234.425,234.425,NoButton,Move,589,455
234.443,234.443,NoButton,Move,587,457
234.458,234.458,NoButton,Move,585,459
234.475,234.475,NoButton,Move,583,461
234.492,234.492,NoButton,Move,582,462
234.519,234.519,NoButton,Move,580,464
234.525,234.525,NoButton,Move,580,465
234.554,234.554,Left,Pressed,580,465
234.559,234.559,NoButton,Move,580,465
234.688,234.688,Left,Released,580,465
234.772,234.772,NoButton,Move,579,465
234.78,234.78,NoButton,Move,579,465
234.792,234.792,NoButton,Move,579,465
234.808,234.808,NoButton,Move,578,465
234.828,234.828,NoButton,Move,578,465
234.852,234.852,NoButton,Move,577,465
234.858,234.858,NoButton,Move,577,465
234.875,234.875,NoButton,Move,576,465
234.892,234.892,NoButton,Move,573,465
234.908,234.908,NoButton,Move,567,462
234.925,234.925,NoButton,Move,555,453
234.942,234.942,NoButton,Move,539,440
234.958,234.958,NoButton,Move,518,422
234.975,234.975,NoButton,Move,508,411
234.992,234.992,NoButton,Move,484,388
235.008,235.008,NoButton,Move,476,380
235.024,235.024,NoButton,Move,468,373
235.041,235.041,NoButton,Move,463,368
235.058,235.058,NoButton,Move,462,367
235.075,235.075,NoButton,Move,461,366
235.091,235.091,NoButton,Move,460,365
235.108,235.108,NoButton,Move,460,364
235.125,235.125,NoButton,Move,460,364
235.138,235.138,Left,Pressed,460,364
235.158,235.158,NoButton,Move,460,364
235.222,235.222,NoButton,Move,460,364
235.254,235.254,Left,Released,460,364
235.616,235.616,NoButton,Move,459,363
235.641,235.641,NoButton,Move,452,354
235.658,235.658,NoButton,Move,443,345
235.675,235.675,NoButton,Move,438,339
235.692,235.692,NoButton,Move,434,334
235.722,235.722,Left,Pressed,434,334
235.724,235.724,Left,Released,434,334
235.742,235.742,NoButton,Move,434,334
236.841,236.841,NoButton,Move,430,419
236.858,236.858,NoButton,Move,429,418
236.887,236.887,Left,Pressed,429,418
236.888,236.888,Left,Released,429,418
236.891,236.891,NoButton,Move,428,418
239.594,239.594,NoButton,Move,417,477
239.608,239.608,NoButton,Move,416,478
239.625,239.625,NoButton,Move,416,478
239.641,239.641,NoButton,Move,416,479
239.658,239.658,NoButton,Move,415,479
239.675,239.675,NoButton,Move,415,479
239.691,239.691,NoButton,Move,415,480
239.72,239.72,Left,Pressed,415,480
239.84,239.84,Left,Released,415,480
241.519,241.519,NoButton,Move,414,484
241.541,241.541,NoButton,Move,412,514
241.558,241.558,NoButton,Move,412,520
241.575,241.575,NoButton,Move,412,524
241.591,241.591,NoButton,Move,411,528
241.608,241.608,NoButton,Move,411,530
241.625,241.625,NoButton,Move,410,531
241.642,241.642,NoButton,Move,410,532
241.659,241.659,NoButton,Move,409,533
241.675,241.675,NoButton,Move,408,536
241.692,241.692,NoButton,Move,407,538
241.709,241.709,NoButton,Move,405,541
241.725,241.725,NoButton,Move,404,542
241.742,241.742,NoButton,Move,404,543
241.758,241.758,NoButton,Move,403,544
241.775,241.775,NoButton,Move,402,546
241.792,241.792,NoButton,Move,401,550
241.808,241.808,NoButton,Move,399,552
241.825,241.825,NoButton,Move,398,556
241.841,241.841,NoButton,Move,396,564
241.858,241.858,NoButton,Move,395,566
241.875,241.875,NoButton,Move,394,567
241.891,241.891,NoButton,Move,394,568
241.908,241.908,NoButton,Move,394,568
241.993,241.993,NoButton,Move,394,568
242.009,242.009,NoButton,Move,394,563
242.025,242.025,NoButton,Move,397,550
242.042,242.042,NoButton,Move,400,532
242.058,242.058,NoButton,Move,405,510
242.075,242.075,NoButton,Move,408,488
242.091,242.091,NoButton,Move,415,454
242.108,242.108,NoButton,Move,416,439
242.125,242.125,NoButton,Move,419,427
242.142,242.142,NoButton,Move,421,418
242.158,242.158,NoButton,Move,422,415
242.306,242.306,Left,Pressed,422,415
242.309,242.309,Left,Released,422,415
243.53,243.53,NoButton,Move,488,657
243.575,243.575,NoButton,Move,488,657
243.587,243.587,Left,Pressed,488,640
243.607,243.607,NoButton,Move,488,640
243.653,243.653,Left,Released,488,640
243.883,243.883,NoButton,Move,488,639
243.891,243.891,NoButton,Move,488,636
243.908,243.908,NoButton,Move,488,625
243.925,243.925,NoButton,Move,488,602
243.942,243.942,NoButton,Move,488,571
243.958,243.958,NoButton,Move,488,541
243.976,243.976,NoButton,Move,486,519
243.992,243.992,NoButton,Move,484,505
244.007,244.007,NoButton,Move,483,495
244.025,244.025,NoButton,Move,482,491
244.041,244.041,NoButton,Move,482,489
244.092,244.092,NoButton,Move,486,492
244.108,244.108,NoButton,Move,499,497
244.125,244.125,NoButton,Move,519,502
244.142,244.142,NoButton,Move,551,509
244.157,244.157,NoButton,Move,585,514
244.175,244.175,NoButton,Move,611,519
244.192,244.192,NoButton,Move,636,523
244.209,244.209,NoButton,Move,646,524
244.225,244.225,NoButton,Move,653,525
244.242,244.242,NoButton,Move,656,526
244.259,244.259,NoButton,Move,657,526
244.272,244.272,Left,Pressed,657,526
244.292,244.292,NoButton,Move,657,526
244.354,244.354,Left,Released,657,526
244.399,244.399,NoButton,Move,657,526
244.408,244.408,NoButton,Move,656,526
244.425,244.425,NoButton,Move,656,526
244.498,244.498,NoButton,Move,656,525
244.508,244.508,NoButton,Move,656,524
244.526,244.526,NoButton,Move,656,519
244.542,244.542,NoButton,Move,656,512
244.558,244.558,NoButton,Move,656,508
244.575,244.575,NoButton,Move,656,503
244.592,244.592,NoButton,Move,656,501
244.605,244.605,Left,Pressed,656,501
244.625,244.625,NoButton,Move,656,501
244.671,244.671,Left,Released,656,501
244.694,244.694,NoButton,Move,656,500
244.801,244.801,NoButton,Move,654,500
244.813,244.813,NoButton,Move,650,500
244.825,244.825,NoButton,Move,645,499
244.841,244.841,NoButton,Move,630,489
244.858,244.858,NoButton,Move,618,480
244.875,244.875,NoButton,Move,592,459
244.891,244.891,NoButton,Move,568,438
244.908,244.908,NoButton,Move,541,413
244.925,244.925,NoButton,Move,533,405
244.942,244.942,NoButton,Move,522,396
244.958,244.958,NoButton,Move,518,393
244.976,244.976,NoButton,Move,516,393
244.992,244.992,NoButton,Move,515,394
245.008,245.008,NoButton,Move,514,400
245.025,245.025,NoButton,Move,513,409
245.042,245.042,NoButton,Move,512,422
245.058,245.058,NoButton,Move,511,431
245.075,245.075,NoButton,Move,510,439
245.091,245.091,NoButton,Move,509,443
245.108,245.108,NoButton,Move,509,445
245.12,245.12,Left,Pressed,509,445
245.141,245.141,NoButton,Move,509,445
245.221,245.221,Left,Released,509,445
245.291,245.291,NoButton,Move,509,445
245.308,245.308,NoButton,Move,509,440
245.325,245.325,NoButton,Move,509,431
245.341,245.341,NoButton,Move,509,415
245.358,245.358,NoButton,Move,509,404
245.375,245.375,NoButton,Move,505,391
245.391,245.391,NoButton,Move,501,380
245.408,245.408,NoButton,Move,496,371
245.425,245.425,NoButton,Move,491,363
245.442,245.442,NoButton,Move,486,357
245.458,245.458,NoButton,Move,480,352
245.475,245.475,NoButton,Move,476,349
245.492,245.492,NoButton,Move,472,347
245.508,245.508,NoButton,Move,469,346
245.525,245.525,NoButton,Move,468,345
245.542,245.542,NoButton,Move,467,345
245.554,245.554,Left,Pressed,467,345
245.575,245.575,NoButton,Move,467,345
245.788,245.788,Left,Released,467,345
245.93,245.93,NoButton,Move,467,347
245.942,245.942,NoButton,Move,467,351
245.959,245.959,NoButton,Move,467,366
245.975,245.975,NoButton,Move,467,376
245.992,245.992,NoButton,Move,465,389
246.008,246.008,NoButton,Move,463,403
246.025,246.025,NoButton,Move,462,410
246.041,246.041,NoButton,Move,461,415
246.058,246.058,NoButton,Move,461,418
246.071,246.071,Left,Pressed,461,418
246.076,246.076,Left,Released,461,418
247.294,247.294,NoButton,Move,417,464
247.308,247.308,NoButton,Move,416,464
247.325,247.325,NoButton,Move,415,464
247.341,247.341,NoButton,Move,414,464
247.358,247.358,NoButton,Move,413,465
247.375,247.375,NoButton,Move,412,468
247.391,247.391,NoButton,Move,411,471
247.408,247.408,NoButton,Move,410,473
247.425,247.425,NoButton,Move,410,475
247.441,247.441,NoButton,Move,410,478
247.458,247.458,NoButton,Move,410,480
247.475,247.475,NoButton,Move,410,483
247.491,247.491,NoButton,Move,410,486
247.508,247.508,NoButton,Move,410,487
247.525,247.525,NoButton,Move,410,489
247.542,247.542,NoButton,Move,410,489
247.558,247.558,NoButton,Move,410,489
250.956,250.956,Left,Pressed,410,489
251.102,251.102,Left,Released,410,489
251.963,251.963,NoButton,Move,409,504
251.975,251.975,NoButton,Move,408,520
251.991,251.991,NoButton,Move,408,531
252.008,252.008,NoButton,Move,408,540
252.025,252.025,NoButton,Move,408,542
252.041,252.041,NoButton,Move,407,547
252.058,252.058,NoButton,Move,406,553
252.075,252.075,NoButton,Move,405,558
252.092,252.092,NoButton,Move,404,561
252.108,252.108,NoButton,Move,402,565
252.125,252.125,NoButton,Move,401,567
252.142,252.142,NoButton,Move,400,569
252.158,252.158,NoButton,Move,400,570
252.175,252.175,NoButton,Move,399,570
252.192,252.192,NoButton,Move,399,571
252.208,252.208,NoButton,Move,399,572
252.225,252.225,NoButton,Move,398,572
252.242,252.242,NoButton,Move,398,572
252.339,252.339,Left,Pressed,398,572
252.472,252.472,Left,Released,398,572
252.985,252.985,NoButton,Move,398,571
252.991,252.991,NoButton,Move,401,569
253.008,253.008,NoButton,Move,408,563
253.025,253.025,NoButton,Move,418,557
253.042,253.042,NoButton,Move,431,551
253.059,253.059,NoButton,Move,443,547
253.075,253.075,NoButton,Move,457,545
253.093,253.093,NoButton,Move,469,544
253.108,253.108,NoButton,Move,479,544
253.125,253.125,NoButton,Move,485,544
253.143,253.143,NoButton,Move,490,544
253.158,253.158,NoButton,Move,493,544
253.176,253.176,NoButton,Move,494,545
253.192,253.192,NoButton,Move,495,545
253.213,253.213,NoButton,Move,494,545
253.225,253.225,NoButton,Move,492,545
255.996,255.996,NoButton,Move,493,558
256.008,256.008,NoButton,Move,495,568
256.025,256.025,NoButton,Move,498,585
256.035,256.035,NoButton,Move,499,594
256.095,256.095,NoButton,Move,505,663
256.108,256.108,NoButton,Move,504,677
256.125,256.125,NoButton,Move,502,684
256.141,256.141,NoButton,Move,499,690
256.158,256.158,NoButton,Move,497,694
256.175,256.175,NoButton,Move,495,696
256.191,256.191,NoButton,Move,494,697
256.208,256.208,NoButton,Move,492,698
256.225,256.225,NoButton,Move,491,698
256.242,256.242,NoButton,Move,490,699
256.258,256.258,NoButton,Move,489,699
256.276,256.276,NoButton,Move,488,699
256.291,256.291,NoButton,Move,487,699
256.308,256.308,NoButton,Move,485,698
256.325,256.325,NoButton,Move,483,696
256.341,256.341,NoButton,Move,482,695
256.358,256.358,NoButton,Move,481,694
256.375,256.375,NoButton,Move,481,694
256.392,256.392,NoButton,Move,481,693
256.408,256.408,NoButton,Move,481,693
256.426,256.426,NoButton,Move,481,693
256.442,256.442,NoButton,Move,481,692
256.458,256.458,NoButton,Move,481,692
256.475,256.475,NoButton,Move,481,692
256.504,256.504,NoButton,Move,481,692
257.781,257.781,NoButton,Move,481,691
257.792,257.792,NoButton,Move,481,691
257.809,257.809,NoButton,Move,481,691
257.825,257.825,NoButton,Move,482,689
257.842,257.842,NoButton,Move,482,687
257.858,257.858,NoButton,Move,483,686
257.875,257.875,NoButton,Move,483,685
257.891,257.891,NoButton,Move,483,685
257.908,257.908,NoButton,Move,484,683
257.925,257.925,NoButton,Move,485,681
257.941,257.941,NoButton,Move,485,680
257.958,257.958,NoButton,Move,487,679
257.975,257.975,NoButton,Move,489,677
257.991,257.991,NoButton,Move,492,674
258.008,258.008,NoButton,Move,496,671
258.025,258.025,NoButton,Move,500,668
258.042,258.042,NoButton,Move,504,666
258.058,258.058,NoButton,Move,510,663
258.075,258.075,NoButton,Move,513,662
258.092,258.092,NoButton,Move,517,662
258.108,258.108,NoButton,Move,521,661
258.125,258.125,NoButton,Move,526,660
258.142,258.142,NoButton,Move,529,660
258.158,258.158,NoButton,Move,532,659
258.175,258.175,NoButton,Move,535,659
258.193,258.193,NoButton,Move,537,659
258.208,258.208,NoButton,Move,539,659
258.225,258.225,NoButton,Move,539,659
258.242,258.242,NoButton,Move,540,659
258.255,258.255,Left,Pressed,540,659
258.374,258.374,NoButton,Move,540,659
258.395,258.395,Left,Released,540,659
259.147,259.147,NoButton,Move,540,663
259.158,259.158,NoButton,Move,538,670
259.175,259.175,NoButton,Move,535,682
259.192,259.192,NoButton,Move,532,693
259.209,259.209,NoButton,Move,529,704
259.225,259.225,NoButton,Move,527,712
259.242,259.242,NoButton,Move,524,721
259.258,259.258,NoButton,Move,521,729
259.275,259.275,NoButton,Move,519,732
259.291,259.291,NoButton,Move,519,734
259.309,259.309,NoButton,Move,519,735
259.322,259.322,Left,Pressed,519,735
259.358,259.358,NoButton,Move,519,735
259.454,259.454,Left,Released,519,735
259.736,259.736,NoButton,Move,519,734
259.758,259.758,NoButton,Move,522,726
259.775,259.775,NoButton,Move,535,704
259.792,259.792,NoButton,Move,562,661
259.809,259.809,NoButton,Move,597,608
259.825,259.825,NoButton,Move,615,581
259.842,259.842,NoButton,Move,653,525
259.859,259.859,NoButton,Move,678,491
259.875,259.875,NoButton,Move,687,480
259.892,259.892,NoButton,Move,694,472
259.908,259.908,NoButton,Move,697,469
259.925,259.925,NoButton,Move,698,469
259.958,259.958,NoButton,Move,695,472
259.975,259.975,NoButton,Move,688,480
259.992,259.992,NoButton,Move,681,487
260.008,260.008,NoButton,Move,678,490
260.025,260.025,NoButton,Move,674,494
260.042,260.042,NoButton,Move,673,495
260.059,260.059,NoButton,Move,673,495
260.075,260.075,NoButton,Move,673,495
260.088,260.088,Left,Pressed,673,495
260.188,260.188,Left,Released,673,495
260.9,260.9,NoButton,Move,673,495
260.908,260.908,NoButton,Move,672,494
260.925,260.925,NoButton,Move,672,493
260.942,260.942,NoButton,Move,670,490
260.959,260.959,NoButton,Move,669,488
260.975,260.975,NoButton,Move,668,487
260.992,260.992,NoButton,Move,667,485
261.008,261.008,NoButton,Move,666,484
261.025,261.025,NoButton,Move,664,482
261.042,261.042,NoButton,Move,663,480
261.058,261.058,NoButton,Move,662,479
261.075,261.075,NoButton,Move,662,478
261.092,261.092,NoButton,Move,661,478
261.142,261.142,NoButton,Move,661,477
261.158,261.158,NoButton,Move,660,477
261.175,261.175,NoButton,Move,660,476
261.192,261.192,NoButton,Move,658,475
261.209,261.209,NoButton,Move,658,474
261.226,261.226,NoButton,Move,657,473
261.242,261.242,NoButton,Move,656,473
261.258,261.258,NoButton,Move,655,471
261.275,261.275,NoButton,Move,653,470
261.291,261.291,NoButton,Move,652,468
261.308,261.308,NoButton,Move,652,467
261.325,261.325,NoButton,Move,650,466
261.341,261.341,NoButton,Move,650,465
261.358,261.358,NoButton,Move,649,464
261.375,261.375,NoButton,Move,648,464
261.391,261.391,NoButton,Move,648,463
261.408,261.408,NoButton,Move,647,462
261.425,261.425,NoButton,Move,647,462
261.442,261.442,NoButton,Move,646,461
261.458,261.458,NoButton,Move,645,461
261.476,261.476,NoButton,Move,645,460
261.492,261.492,NoButton,Move,644,459
261.508,261.508,NoButton,Move,643,458
261.525,261.525,NoButton,Move,643,457
261.542,261.542,NoButton,Move,642,457
261.558,261.558,NoButton,Move,642,456
261.575,261.575,NoButton,Move,642,456
261.773,261.773,Left,Pressed,642,456
261.921,261.921,Left,Released,642,456
262.48,262.48,NoButton,Move,641,456
262.497,262.497,NoButton,Move,637,452
262.508,262.508,NoButton,Move,635,450
262.525,262.525,NoButton,Move,631,448
262.542,262.542,NoButton,Move,627,445
262.558,262.558,NoButton,Move,623,444
262.575,262.575,NoButton,Move,618,444
262.592,262.592,NoButton,Move,612,449
262.609,262.609,NoButton,Move,604,463
262.625,262.625,NoButton,Move,594,485
262.642,262.642,NoButton,Move,576,530
262.659,262.659,NoButton,Move,564,560
262.675,262.675,NoButton,Move,558,578
262.691,262.691,NoButton,Move,551,596
262.708,262.708,NoButton,Move,547,609
262.725,262.725,NoButton,Move,545,617
262.742,262.742,NoButton,Move,543,624
262.758,262.758,NoButton,Move,542,629
262.775,262.775,NoButton,Move,541,630
262.792,262.792,NoButton,Move,541,631
262.808,262.808,NoButton,Move,541,632
262.842,262.842,NoButton,Move,541,632
262.858,262.858,NoButton,Move,540,632
262.875,262.875,NoButton,Move,540,632
262.891,262.891,NoButton,Move,539,630
262.908,262.908,NoButton,Move,536,623
262.925,262.925,NoButton,Move,530,610
262.941,262.941,NoButton,Move,518,590
262.958,262.958,NoButton,Move,501,571
262.975,262.975,NoButton,Move,466,543
262.992,262.992,NoButton,Move,425,518
263.008,263.008,NoButton,Move,374,485
263.025,263.025,NoButton,Move,312,435
263.041,263.041,NoButton,Move,237,350
263.058,263.058,NoButton,Move,192,266
263.075,263.075,NoButton,Move,163,162
263.331,263.331,NoButton,Move,141,130
263.342,263.342,NoButton,Move,138,147
263.358,263.358,NoButton,Move,134,166
263.375,263.375,NoButton,Move,130,182
263.391,263.391,NoButton,Move,127,190
263.408,263.408,NoButton,Move,124,196
263.425,263.425,NoButton,Move,123,199
263.441,263.441,NoButton,Move,121,201
263.458,263.458,NoButton,Move,120,202
263.475,263.475,NoButton,Move,119,202
263.491,263.491,NoButton,Move,119,202
263.508,263.508,NoButton,Move,118,203
263.525,263.525,NoButton,Move,117,204
263.541,263.541,NoButton,Move,116,206
263.558,263.558,NoButton,Move,116,207
263.571,263.571,Left,Pressed,116,207
263.592,263.592,NoButton,Move,116,207
263.672,263.672,Left,Released,116,207
263.782,263.782,NoButton,Move,116,208
263.793,263.793,NoButton,Move,116,210
263.808,263.808,NoButton,Move,116,212
263.825,263.825,NoButton,Move,116,224
263.842,263.842,NoButton,Move,116,232
263.858,263.858,NoButton,Move,116,237
263.875,263.875,NoButton,Move,116,240
263.892,263.892,NoButton,Move,116,241
263.908,263.908,NoButton,Move,116,242
263.921,263.921,Left,Pressed,116,242
263.942,263.942,NoButton,Move,116,242
264.005,264.005,Left,Released,116,242
264.01,264.01,NoButton,Move,116,240
264.255,264.255,NoButton,Move,116,240
264.263,264.263,NoButton,Move,121,240
264.275,264.275,NoButton,Move,127,238
264.292,264.292,NoButton,Move,143,238
264.309,264.309,NoButton,Move,191,238
264.325,264.325,NoButton,Move,266,251
264.342,264.342,NoButton,Move,347,274
264.359,264.359,NoButton,Move,460,310
264.375,264.375,NoButton,Move,587,360
264.392,264.392,NoButton,Move,675,397
264.409,264.409,NoButton,Move,740,429
264.425,264.425,NoButton,Move,752,435
264.696,264.696,NoButton,Move,753,435
264.708,264.708,NoButton,Move,754,435
264.725,264.725,NoButton,Move,761,433
264.742,264.742,NoButton,Move,770,431
264.758,264.758,NoButton,Move,781,429
264.775,264.775,NoButton,Move,794,428
264.792,264.792,NoButton,Move,802,428
264.808,264.808,NoButton,Move,806,428
264.825,264.825,NoButton,Move,814,427
264.842,264.842,NoButton,Move,816,427
264.858,264.858,NoButton,Move,816,427
264.892,264.892,NoButton,Move,808,427
264.908,264.908,NoButton,Move,780,432
264.925,264.925,NoButton,Move,731,436
264.941,264.941,NoButton,Move,637,440
264.958,264.958,NoButton,Move,596,440
264.975,264.975,NoButton,Move,552,440
264.992,264.992,NoButton,Move,531,440
265.008,265.008,NoButton,Move,518,440
265.026,265.026,NoButton,Move,507,439
265.197,265.197,NoButton,Move,508,439
265.208,265.208,NoButton,Move,509,439
265.238,265.238,NoButton,Move,508,439
265.245,265.245,NoButton,Move,506,439
265.259,265.259,NoButton,Move,502,440
265.275,265.275,NoButton,Move,491,442
265.292,265.292,NoButton,Move,467,444
265.309,265.309,NoButton,Move,437,445
265.325,265.325,NoButton,Move,405,443
265.342,265.342,NoButton,Move,385,439
265.359,265.359,NoButton,Move,366,433
265.376,265.376,NoButton,Move,353,429
265.391,265.391,NoButton,Move,347,426
265.409,265.409,NoButton,Move,342,424
265.425,265.425,NoButton,Move,340,423
265.442,265.442,NoButton,Move,339,423
265.508,265.508,NoButton,Move,339,423
265.525,265.525,NoButton,Move,345,423
265.542,265.542,NoButton,Move,359,423
265.558,265.558,NoButton,Move,383,422
265.575,265.575,NoButton,Move,425,421
265.592,265.592,NoButton,Move,470,421
265.609,265.609,NoButton,Move,502,421
265.625,265.625,NoButton,Move,541,424
265.642,265.642,NoButton,Move,563,427
265.659,265.659,NoButton,Move,578,428
265.676,265.676,NoButton,Move,590,430
265.692,265.692,NoButton,Move,594,431
265.709,265.709,NoButton,Move,596,431
265.726,265.726,NoButton,Move,597,431
265.742,265.742,NoButton,Move,597,431
265.91,265.91,NoButton,Move,597,431
265.925,265.925,NoButton,Move,598,430
265.943,265.943,NoButton,Move,599,428
265.959,265.959,NoButton,Move,601,427
265.975,265.975,NoButton,Move,602,426
265.992,265.992,NoButton,Move,604,424
266.009,266.009,NoButton,Move,605,424
266.025,266.025,NoButton,Move,606,423
266.042,266.042,NoButton,Move,606,423
266.058,266.058,NoButton,Move,606,423
266.106,266.106,Left,Pressed,606,423
266.17,266.17,Left,Released,606,423
266.582,266.582,NoButton,Move,607,424
266.592,266.592,NoButton,Move,610,426
266.608,266.608,NoButton,Move,618,438
266.625,266.625,NoButton,Move,629,452
266.642,266.642,NoButton,Move,642,468
266.659,266.659,NoButton,Move,652,478
266.675,266.675,NoButton,Move,663,488
266.692,266.692,NoButton,Move,674,494
266.709,266.709,NoButton,Move,690,497
266.726,266.726,NoButton,Move,703,492
267.506,267.506,NoButton,Move,700,501
267.525,267.525,NoButton,Move,694,517
267.542,267.542,NoButton,Move,694,525
267.558,267.558,NoButton,Move,694,529
267.575,267.575,NoButton,Move,694,531
267.591,267.591,NoButton,Move,696,535
267.608,267.608,NoButton,Move,698,538
267.625,267.625,NoButton,Move,700,540
267.642,267.642,NoButton,Move,701,541
267.658,267.658,NoButton,Move,702,541
267.675,267.675,NoButton,Move,702,542
267.692,267.692,NoButton,Move,702,544
267.708,267.708,NoButton,Move,702,546
267.725,267.725,NoButton,Move,702,550
267.742,267.742,NoButton,Move,702,553
267.759,267.759,NoButton,Move,702,555
267.775,267.775,NoButton,Move,702,556
267.789,267.789,Left,Pressed,702,556
267.908,267.908,NoButton,Move,702,556
267.92,267.92,Left,Released,702,556
269.079,269.079,NoButton,Move,702,559
269.092,269.092,NoButton,Move,708,576
269.108,269.108,NoButton,Move,713,584
269.125,269.125,NoButton,Move,727,596
269.142,269.142,NoButton,Move,736,601
269.158,269.158,NoButton,Move,754,607
269.175,269.175,NoButton,Move,786,613
269.193,269.193,NoButton,Move,807,617
269.208,269.208,NoButton,Move,822,621
269.225,269.225,NoButton,Move,833,624
269.242,269.242,NoButton,Move,842,627
269.258,269.258,NoButton,Move,847,628
269.275,269.275,NoButton,Move,849,629
269.292,269.292,NoButton,Move,850,629
269.309,269.309,NoButton,Move,850,629
269.325,269.325,NoButton,Move,848,626
269.342,269.342,NoButton,Move,846,624
269.359,269.359,NoButton,Move,845,622
269.376,269.376,NoButton,Move,844,621
269.392,269.392,NoButton,Move,843,621
269.409,269.409,NoButton,Move,843,621
269.473,269.473,Left,Pressed,843,621
269.604,269.604,Left,Released,843,621
272.881,272.881,NoButton,Move,843,621
272.892,272.892,NoButton,Move,843,622
272.909,272.909,NoButton,Move,843,624
272.925,272.925,NoButton,Move,843,625
272.942,272.942,NoButton,Move,842,625
272.959,272.959,NoButton,Move,840,626
272.975,272.975,NoButton,Move,831,627
272.992,272.992,NoButton,Move,800,627
273.009,273.009,NoButton,Move,745,621
273.025,273.025,NoButton,Move,636,606
273.042,273.042,NoButton,Move,536,584
273.059,273.059,NoButton,Move,422,550
273.076,273.076,NoButton,Move,317,507
273.092,273.092,NoButton,Move,281,488
273.109,273.109,NoButton,Move,220,467
273.373,273.373,NoButton,Move,219,465
273.391,273.391,NoButton,Move,204,446
273.409,273.409,NoButton,Move,181,416
273.425,273.425,NoButton,Move,159,391
273.442,273.442,NoButton,Move,132,364
273.458,273.458,NoButton,Move,118,351
273.475,273.475,NoButton,Move,103,339
273.492,273.492,NoButton,Move,93,331
273.508,273.508,NoButton,Move,88,328
273.525,273.525,NoButton,Move,84,325
273.542,273.542,NoButton,Move,81,322
273.559,273.559,NoButton,Move,80,321
273.575,273.575,NoButton,Move,80,321
273.592,273.592,NoButton,Move,80,321
273.609,273.609,NoButton,Move,79,321
273.642,273.642,NoButton,Move,79,320
273.672,273.672,Left,Pressed,79,320
273.813,273.813,Left,Released,79,320
274.025,274.025,NoButton,Move,79,320
274.042,274.042,NoButton,Move,79,316
274.058,274.058,NoButton,Move,79,311
274.076,274.076,NoButton,Move,81,303
274.092,274.092,NoButton,Move,84,289
274.108,274.108,NoButton,Move,86,283
274.125,274.125,NoButton,Move,87,280
274.154,274.154,Left,Pressed,87,280
274.158,274.158,NoButton,Move,87,279
274.254,274.254,Left,Released,87,279
274.503,274.503,NoButton,Move,88,279
274.51,274.51,NoButton,Move,89,279
274.525,274.525,NoButton,Move,91,279
274.542,274.542,NoButton,Move,96,279
274.559,274.559,NoButton,Move,113,280
274.575,274.575,NoButton,Move,131,282
274.593,274.593,NoButton,Move,167,290
274.609,274.609,NoButton,Move,212,305
274.625,274.625,NoButton,Move,279,331
274.642,274.642,NoButton,Move,350,363
274.659,274.659,NoButton,Move,412,392
274.675,274.675,NoButton,Move,433,402
274.692,274.692,NoButton,Move,450,410
275.06,275.06,NoButton,Move,450,410
275.075,275.075,NoButton,Move,441,407
275.092,275.092,NoButton,Move,418,399
275.109,275.109,NoButton,Move,380,391
275.126,275.126,NoButton,Move,325,385
275.142,275.142,NoButton,Move,267,381
275.175,275.175,NoButton,Move,187,374
275.192,275.192,NoButton,Move,169,370
275.209,275.209,NoButton,Move,156,366
275.224,275.224,NoButton,Move,146,363
275.242,275.242,NoButton,Move,145,363
275.452,275.452,NoButton,Move,144,363
275.459,275.459,NoButton,Move,142,363
275.475,275.475,NoButton,Move,141,363
275.492,275.492,NoButton,Move,138,365
275.509,275.509,NoButton,Move,132,373
275.525,275.525,NoButton,Move,128,379
275.542,275.542,NoButton,Move,125,384
275.559,275.559,NoButton,Move,123,388
275.575,275.575,NoButton,Move,121,392
275.591,275.591,NoButton,Move,119,394
275.608,275.608,NoButton,Move,117,397
275.625,275.625,NoButton,Move,116,400
275.642,275.642,NoButton,Move,115,404
275.659,275.659,NoButton,Move,114,406
275.675,275.675,NoButton,Move,113,408
275.692,275.692,NoButton,Move,113,409
275.709,275.709,NoButton,Move,113,410
275.755,275.755,Left,Pressed,113,410
275.838,275.838,Left,Released,113,410
275.992,275.992,NoButton,Move,113,409
276.008,276.008,NoButton,Move,113,405
276.025,276.025,NoButton,Move,113,397
276.042,276.042,NoButton,Move,113,388
276.059,276.059,NoButton,Move,113,379
276.075,276.075,NoButton,Move,112,373
276.092,276.092,NoButton,Move,112,368
276.109,276.109,NoButton,Move,112,367
276.126,276.126,NoButton,Move,112,366
276.139,276.139,Left,Pressed,112,366
276.159,276.159,NoButton,Move,112,366
276.205,276.205,Left,Released,112,366
276.326,276.326,NoButton,Move,113,366
276.342,276.342,NoButton,Move,121,364
276.359,276.359,NoButton,Move,137,361
276.375,276.375,NoButton,Move,161,357
276.392,276.392,NoButton,Move,203,350
276.409,276.409,NoButton,Move,230,348
276.425,276.425,NoButton,Move,266,345
276.442,276.442,NoButton,Move,310,344
276.459,276.459,NoButton,Move,324,342
276.475,276.475,NoButton,Move,341,341
276.492,276.492,NoButton,Move,354,337
276.509,276.509,NoButton,Move,361,335
276.525,276.525,NoButton,Move,368,333
276.542,276.542,NoButton,Move,373,332
276.559,276.559,NoButton,Move,376,332
276.575,276.575,NoButton,Move,378,332
276.592,276.592,NoButton,Move,380,332
276.609,276.609,NoButton,Move,380,332
276.625,276.625,NoButton,Move,381,332
276.642,276.642,NoButton,Move,381,332
276.672,276.672,Left,Pressed,381,332
276.675,276.675,Left,Released,381,332
277.643,277.643,NoButton,Move,376,402
277.658,277.658,NoButton,Move,376,403
277.883,277.883,NoButton,Move,376,403
277.892,277.892,NoButton,Move,376,403
277.909,277.909,NoButton,Move,376,404
277.925,277.925,NoButton,Move,376,405
277.942,277.942,NoButton,Move,376,406
277.96,277.96,NoButton,Move,376,407
277.975,277.975,NoButton,Move,376,408
277.992,277.992,NoButton,Move,376,408
278.042,278.042,NoButton,Move,376,408
279.19,279.19,Left,Pressed,376,408
279.193,279.193,Left,Released,376,408
280.494,280.494,NoButton,Move,376,403
280.508,280.508,NoButton,Move,377,404
280.558,280.558,NoButton,Move,376,403
280.624,280.624,NoButton,Move,376,403
280.64,280.64,NoButton,Move,376,403
280.675,280.675,NoButton,Move,376,404
280.748,280.748,NoButton,Move,376,404
280.789,280.789,Left,Pressed,376,404
280.793,280.793,Left,Released,376,404
281.709,281.709,NoButton,Move,374,391
281.725,281.725,NoButton,Move,374,392
281.738,281.738,Left,Pressed,374,391
281.742,281.742,Left,Released,374,391
282.75,282.75,NoButton,Move,381,517
282.758,282.758,NoButton,Move,384,499
282.774,282.774,NoButton,Move,381,519
282.791,282.791,NoButton,Move,380,518
282.808,282.808,NoButton,Move,380,512
282.825,282.825,NoButton,Move,380,505
282.842,282.842,NoButton,Move,380,499
282.858,282.858,NoButton,Move,380,493
282.875,282.875,NoButton,Move,381,487
282.904,282.904,Left,Pressed,381,487
282.925,282.925,NoButton,Move,382,487
283.028,283.028,Left,Released,382,487
284.851,284.851,NoButton,Move,381,501
284.859,284.859,NoButton,Move,379,528
284.875,284.875,NoButton,Move,379,536
284.892,284.892,NoButton,Move,380,542
284.909,284.909,NoButton,Move,382,546
284.925,284.925,NoButton,Move,383,549
284.942,284.942,NoButton,Move,386,555
284.959,284.959,NoButton,Move,386,556
284.975,284.975,NoButton,Move,387,557
284.992,284.992,NoButton,Move,387,557
285.009,285.009,NoButton,Move,387,559
285.025,285.025,NoButton,Move,387,562
285.042,285.042,NoButton,Move,387,565
285.059,285.059,NoButton,Move,387,567
285.075,285.075,NoButton,Move,387,569
285.092,285.092,NoButton,Move,387,569
285.106,285.106,Left,Pressed,387,569
285.219,285.219,NoButton,Move,387,569
285.219,285.219,Left,Released,387,569
285.225,285.225,NoButton,Move,387,569
285.242,285.242,NoButton,Move,387,564
286.375,286.375,NoButton,Move,387,566
286.392,286.392,NoButton,Move,387,570
286.408,286.408,NoButton,Move,387,574
286.425,286.425,NoButton,Move,387,579
286.442,286.442,NoButton,Move,387,582
286.458,286.458,NoButton,Move,387,585
286.475,286.475,NoButton,Move,387,587
286.492,286.492,NoButton,Move,387,588
286.509,286.509,NoButton,Move,387,589
286.526,286.526,NoButton,Move,387,590
286.542,286.542,NoButton,Move,387,590
286.56,286.56,NoButton,Move,387,590
286.602,286.602,NoButton,Move,387,590
286.643,286.643,NoButton,Move,387,590
286.659,286.659,NoButton,Move,387,591
286.675,286.675,NoButton,Move,386,591
286.692,286.692,NoButton,Move,386,592
286.709,286.709,NoButton,Move,386,592
286.725,286.725,NoButton,Move,386,593
286.742,286.742,NoButton,Move,386,593
286.774,286.774,NoButton,Move,386,593
286.996,286.996,NoButton,Move,386,593
287.009,287.009,NoButton,Move,386,593
287.026,287.026,NoButton,Move,386,594
287.042,287.042,NoButton,Move,386,594
287.058,287.058,NoButton,Move,386,594
287.075,287.075,NoButton,Move,386,595
287.092,287.092,NoButton,Move,386,598
287.109,287.109,NoButton,Move,386,603
287.126,287.126,NoButton,Move,386,606
287.142,287.142,NoButton,Move,386,609
287.159,287.159,NoButton,Move,386,616
287.176,287.176,NoButton,Move,386,621
287.192,287.192,NoButton,Move,387,627
287.209,287.209,NoButton,Move,387,634
287.225,287.225,NoButton,Move,388,639
287.242,287.242,NoButton,Move,389,645
287.258,287.258,NoButton,Move,389,648
287.275,287.275,NoButton,Move,389,651
287.291,287.291,NoButton,Move,389,652
287.309,287.309,NoButton,Move,390,653
287.323,287.323,Left,Pressed,390,653
287.358,287.358,NoButton,Move,390,653
287.739,287.739,Left,Released,390,653
288.02,288.02,NoButton,Move,390,652
288.026,288.026,NoButton,Move,394,646
288.042,288.042,NoButton,Move,402,639
288.059,288.059,NoButton,Move,449,604
288.075,288.075,NoButton,Move,521,561
288.092,288.092,NoButton,Move,583,531
288.11,288.11,NoButton,Move,658,498
288.126,288.126,NoButton,Move,700,479
288.142,288.142,NoButton,Move,724,468
288.159,288.159,NoButton,Move,740,461
288.175,288.175,NoButton,Move,751,456
288.192,288.192,NoButton,Move,754,455
288.209,288.209,NoButton,Move,754,455
288.225,288.225,NoButton,Move,751,458
288.242,288.242,NoButton,Move,739,465
288.258,288.258,NoButton,Move,722,475
288.276,288.276,NoButton,Move,707,484
288.292,288.292,NoButton,Move,689,491
288.309,288.309,NoButton,Move,682,494
288.326,288.326,NoButton,Move,676,497
288.342,288.342,NoButton,Move,674,498
288.359,288.359,NoButton,Move,673,499
288.376,288.376,NoButton,Move,672,499
288.392,288.392,NoButton,Move,672,500
288.409,288.409,NoButton,Move,672,500
288.422,288.422,Left,Pressed,672,500
288.571,288.571,Left,Released,672,500
289.592,289.592,NoButton,Move,671,500
289.609,289.609,NoButton,Move,654,500
289.625,289.625,NoButton,Move,640,500
289.648,289.648,NoButton,Move,505,487
289.659,289.659,NoButton,Move,465,478
289.676,289.676,NoButton,Move,403,457
289.692,289.692,NoButton,Move,363,445
289.709,289.709,NoButton,Move,287,422
289.725,289.725,NoButton,Move,260,416
289.742,289.742,NoButton,Move,233,412
289.893,289.893,NoButton,Move,234,412
289.909,289.909,NoButton,Move,235,412
289.925,289.925,NoButton,Move,236,412
289.953,289.953,NoButton,Move,236,412
289.959,289.959,NoButton,Move,235,413
289.975,289.975,NoButton,Move,228,413
289.992,289.992,NoButton,Move,207,412
290.009,290.009,NoButton,Move,182,402
290.025,290.025,NoButton,Move,151,388
290.042,290.042,NoButton,Move,130,377
290.059,290.059,NoButton,Move,107,364
290.075,290.075,NoButton,Move,92,354
290.093,290.093,NoButton,Move,83,345
290.109,290.109,NoButton,Move,77,340
290.126,290.126,NoButton,Move,73,335
290.142,290.142,NoButton,Move,71,332
290.159,290.159,NoButton,Move,71,331
290.174,290.174,NoButton,Move,70,330
290.192,290.192,NoButton,Move,70,329
290.208,290.208,NoButton,Move,70,326
290.225,290.225,NoButton,Move,70,322
290.242,290.242,NoButton,Move,71,317
290.259,290.259,NoButton,Move,72,311
290.275,290.275,NoButton,Move,73,306
290.292,290.292,NoButton,Move,74,301
290.309,290.309,NoButton,Move,75,297
290.325,290.325,NoButton,Move,76,294
290.342,290.342,NoButton,Move,77,292
290.359,290.359,NoButton,Move,77,291
290.375,290.375,NoButton,Move,77,291
290.388,290.388,Left,Pressed,77,291
290.408,290.408,NoButton,Move,77,291
290.489,290.489,Left,Released,77,291
290.659,290.659,NoButton,Move,78,291
290.675,290.675,NoButton,Move,89,289
290.692,290.692,NoButton,Move,106,284
290.709,290.709,NoButton,Move,151,271
290.726,290.726,NoButton,Move,243,255
290.742,290.742,NoButton,Move,340,245
290.76,290.76,NoButton,Move,409,242
290.775,290.775,NoButton,Move,494,242
290.792,290.792,NoButton,Move,540,242
290.81,290.81,NoButton,Move,571,243
290.886,290.886,NoButton,Move,570,243
290.892,290.892,NoButton,Move,567,244
290.909,290.909,NoButton,Move,561,247
290.925,290.925,NoButton,Move,558,249
290.942,290.942,NoButton,Move,551,254
290.958,290.958,NoButton,Move,548,257
290.975,290.975,NoButton,Move,545,258
290.992,290.992,NoButton,Move,543,260
291.009,291.009,NoButton,Move,542,261
291.025,291.025,NoButton,Move,541,261
291.056,291.056,Left,Pressed,541,261
291.092,291.092,NoButton,Move,541,261
291.189,291.189,Left,Released,541,261
293.44,293.44,NoButton,Move,548,269
293.459,293.459,NoButton,Move,565,279
293.475,293.475,NoButton,Move,587,289
293.492,293.492,NoButton,Move,629,306
293.509,293.509,NoButton,Move,724,337
293.525,293.525,NoButton,Move,786,357
293.542,293.542,NoButton,Move,860,382
293.559,293.559,NoButton,Move,910,402
293.575,293.575,NoButton,Move,934,413
293.855,293.855,Left,Pressed,934,413
293.987,293.987,Left,Released,934,413
294.535,294.535,NoButton,Move,934,414
294.559,294.559,NoButton,Move,934,422
294.575,294.575,NoButton,Move,934,429
294.592,294.592,NoButton,Move,934,439
294.609,294.609,NoButton,Move,933,456
294.625,294.625,NoButton,Move,927,473
294.643,294.643,NoButton,Move,917,492
294.659,294.659,NoButton,Move,902,514
294.676,294.676,NoButton,Move,885,531
294.692,294.692,NoButton,Move,867,544
294.709,294.709,NoButton,Move,845,554
294.725,294.725,NoButton,Move,819,560
294.742,294.742,NoButton,Move,793,563
294.759,294.759,NoButton,Move,774,564
294.943,294.943,NoButton,Move,775,565
294.959,294.959,NoButton,Move,778,569
294.975,294.975,NoButton,Move,784,590
294.992,294.992,NoButton,Move,788,609
295.009,295.009,NoButton,Move,792,626
295.026,295.026,NoButton,Move,795,648
295.042,295.042,NoButton,Move,799,674
295.059,295.059,NoButton,Move,800,691
295.075,295.075,NoButton,Move,801,698
295.092,295.092,NoButton,Move,801,704
295.108,295.108,NoButton,Move,801,707
295.125,295.125,NoButton,Move,801,708
295.142,295.142,NoButton,Move,801,709
295.172,295.172,Left,Pressed,801,709
295.606,295.606,Left,Released,801,709
295.746,295.746,NoButton,Move,801,708
295.759,295.759,NoButton,Move,801,707
295.775,295.775,NoButton,Move,801,705
295.792,295.792,NoButton,Move,800,704
295.809,295.809,NoButton,Move,800,702
295.825,295.825,NoButton,Move,798,697
295.842,295.842,NoButton,Move,797,694
295.859,295.859,NoButton,Move,794,684
295.875,295.875,NoButton,Move,791,675
295.892,295.892,NoButton,Move,790,671
295.908,295.908,NoButton,Move,789,669
295.925,295.925,NoButton,Move,788,668
296.025,296.025,NoButton,Move,788,668
296.072,296.072,NoButton,Move,788,668
296.108,296.108,NoButton,Move,788,668
296.159,296.159,NoButton,Move,788,667
296.173,296.173,Left,Pressed,788,667
296.272,296.272,Left,Released,788,667
296.827,296.827,NoButton,Move,788,665
296.842,296.842,NoButton,Move,784,659
296.858,296.858,NoButton,Move,778,652
296.875,296.875,NoButton,Move,769,640
296.892,296.892,NoButton,Move,761,628
296.909,296.909,NoButton,Move,748,612
296.926,296.926,NoButton,Move,730,586
296.942,296.942,NoButton,Move,709,554
296.959,296.959,NoButton,Move,684,514
296.976,296.976,NoButton,Move,676,503
297.277,297.277,NoButton,Move,676,503
297.292,297.292,NoButton,Move,673,496
297.309,297.309,NoButton,Move,670,491
297.326,297.326,NoButton,Move,643,462
297.343,297.343,NoButton,Move,613,436
297.359,297.359,NoButton,Move,586,411
297.375,297.375,NoButton,Move,562,391
297.392,297.392,NoButton,Move,546,380
297.409,297.409,NoButton,Move,534,375
297.426,297.426,NoButton,Move,526,373
297.442,297.442,NoButton,Move,523,375
297.458,297.458,NoButton,Move,522,378
297.475,297.475,NoButton,Move,519,382
297.492,297.492,NoButton,Move,516,385
297.509,297.509,NoButton,Move,512,385
297.526,297.526,NoButton,Move,504,385
297.542,297.542,NoButton,Move,493,385
297.559,297.559,NoButton,Move,476,385
297.576,297.576,NoButton,Move,459,385
297.592,297.592,NoButton,Move,439,380
297.609,297.609,NoButton,Move,420,368
297.626,297.626,NoButton,Move,397,344
297.643,297.643,NoButton,Move,378,318
297.659,297.659,NoButton,Move,368,301
297.676,297.676,NoButton,Move,357,284
297.693,297.693,NoButton,Move,352,277
297.709,297.709,NoButton,Move,347,271
297.726,297.726,NoButton,Move,344,268
297.743,297.743,NoButton,Move,343,266
297.759,297.759,NoButton,Move,343,265
297.775,297.775,NoButton,Move,342,264
297.792,297.792,NoButton,Move,342,264
297.809,297.809,NoButton,Move,342,264
297.826,297.826,NoButton,Move,342,261
297.842,297.842,NoButton,Move,342,259
297.859,297.859,NoButton,Move,342,257
297.875,297.875,NoButton,Move,342,256
297.888,297.888,Left,Pressed,342,256
297.975,297.975,NoButton,Move,342,256
297.986,297.986,Left,Released,342,256
298.042,298.042,NoButton,Move,342,257
300.136,300.136,NoButton,Move,341,260
300.159,300.159,NoButton,Move,335,287
300.175,300.175,NoButton,Move,334,297
300.192,300.192,NoButton,Move,334,305
300.209,300.209,NoButton,Move,334,314
300.225,300.225,NoButton,Move,333,323
300.242,300.242,NoButton,Move,332,329
300.259,300.259,NoButton,Move,332,333
300.275,300.275,NoButton,Move,331,336
300.292,300.292,NoButton,Move,331,339
300.309,300.309,NoButton,Move,331,341
300.325,300.325,NoButton,Move,331,346
300.342,300.342,NoButton,Move,331,350
300.359,300.359,NoButton,Move,331,356
300.375,300.375,NoButton,Move,333,363
300.392,300.392,NoButton,Move,335,368
300.409,300.409,NoButton,Move,337,373
300.425,300.425,NoButton,Move,338,377
300.442,300.442,NoButton,Move,339,378
300.459,300.459,NoButton,Move,340,379
300.475,300.475,NoButton,Move,340,380
300.492,300.492,NoButton,Move,340,380
300.509,300.509,NoButton,Move,340,381
300.526,300.526,NoButton,Move,340,382
300.542,300.542,NoButton,Move,340,383
300.559,300.559,NoButton,Move,342,388
300.575,300.575,NoButton,Move,343,391
300.592,300.592,NoButton,Move,345,394
300.609,300.609,NoButton,Move,347,398
300.625,300.625,NoButton,Move,348,401
300.642,300.642,NoButton,Move,350,403
300.659,300.659,NoButton,Move,351,404
300.675,300.675,NoButton,Move,351,405
300.692,300.692,NoButton,Move,352,406
300.709,300.709,NoButton,Move,352,406
300.756,300.756,Left,Pressed,352,406
300.921,300.921,Left,Released,352,406
301.199,301.199,NoButton,Move,352,406
301.209,301.209,NoButton,Move,356,407
301.226,301.226,NoButton,Move,365,412
301.242,301.242,NoButton,Move,382,421
301.259,301.259,NoButton,Move,439,450
301.276,301.276,NoButton,Move,508,488
301.293,301.293,NoButton,Move,645,565
301.309,301.309,NoButton,Move,728,610
301.326,301.326,NoButton,Move,760,628
301.608,301.608,NoButton,Move,760,628
301.625,301.625,NoButton,Move,760,631
301.642,301.642,NoButton,Move,761,634
301.659,301.659,NoButton,Move,763,638
301.676,301.676,NoButton,Move,764,641
301.692,301.692,NoButton,Move,764,644
301.71,301.71,NoButton,Move,765,647
301.725,301.725,NoButton,Move,765,650
301.742,301.742,NoButton,Move,765,652
301.759,301.759,NoButton,Move,765,654
301.776,301.776,NoButton,Move,765,656
301.792,301.792,NoButton,Move,765,657
301.809,301.809,NoButton,Move,765,657
301.825,301.825,NoButton,Move,765,658
301.842,301.842,NoButton,Move,765,658
301.889,301.889,Left,Pressed,765,658
302.74,302.74,NoButton,Move,765,658
302.855,302.855,Left,Released,765,658
303.059,303.059,NoButton,Move,765,657
303.076,303.076,NoButton,Move,756,651
303.092,303.092,NoButton,Move,730,631
303.109,303.109,NoButton,Move,673,587
303.127,303.127,NoButton,Move,603,529
303.143,303.143,NoButton,Move,519,453
303.16,303.16,NoButton,Move,464,401
303.176,303.176,NoButton,Move,428,367
303.192,303.192,NoButton,Move,416,358
303.21,303.21,NoButton,Move,397,344
303.342,303.342,NoButton,Move,399,344
303.359,303.359,NoButton,Move,400,344
303.375,303.375,NoButton,Move,400,344
303.407,303.407,NoButton,Move,400,343
303.415,303.415,NoButton,Move,400,340
303.425,303.425,NoButton,Move,397,335
303.443,303.443,NoButton,Move,390,320
303.459,303.459,NoButton,Move,381,305
303.476,303.476,NoButton,Move,376,295
303.492,303.492,NoButton,Move,371,287
303.509,303.509,NoButton,Move,368,284
303.525,303.525,NoButton,Move,367,282
303.542,303.542,NoButton,Move,367,282
303.559,303.559,NoButton,Move,367,281
303.576,303.576,NoButton,Move,367,281
303.592,303.592,NoButton,Move,367,281
303.609,303.609,NoButton,Move,367,280
303.623,303.623,Left,Pressed,367,280
303.675,303.675,NoButton,Move,367,280
303.775,303.775,NoButton,Move,366,280
303.791,303.791,NoButton,Move,361,280
303.809,303.809,NoButton,Move,342,280
303.825,303.825,NoButton,Move,309,280
303.842,303.842,NoButton,Move,276,280
303.859,303.859,NoButton,Move,247,280
303.875,303.875,NoButton,Move,226,280
303.892,303.892,NoButton,Move,212,280
303.908,303.908,NoButton,Move,203,280
303.925,303.925,NoButton,Move,199,280
303.942,303.942,NoButton,Move,198,280
303.988,303.988,Left,Released,198,280
306.863,306.863,NoButton,Move,198,294
306.876,306.876,NoButton,Move,198,307
306.893,306.893,NoButton,Move,204,332
306.91,306.91,NoButton,Move,212,355
306.926,306.926,NoButton,Move,217,371
306.942,306.942,NoButton,Move,225,396
306.959,306.959,NoButton,Move,228,408
306.975,306.975,NoButton,Move,230,416
306.992,306.992,NoButton,Move,231,421
307.009,307.009,NoButton,Move,231,425
307.025,307.025,NoButton,Move,230,429
307.042,307.042,NoButton,Move,228,434
307.059,307.059,NoButton,Move,226,440
307.076,307.076,NoButton,Move,224,445
307.092,307.092,NoButton,Move,222,449
307.109,307.109,NoButton,Move,222,451
307.125,307.125,NoButton,Move,222,451
307.142,307.142,NoButton,Move,230,447
307.159,307.159,NoButton,Move,256,437
307.176,307.176,NoButton,Move,282,431
307.192,307.192,NoButton,Move,311,426
307.209,307.209,NoButton,Move,329,424
307.226,307.226,NoButton,Move,342,423
307.242,307.242,NoButton,Move,351,422
307.259,307.259,NoButton,Move,355,422
307.275,307.275,NoButton,Move,357,422
307.292,307.292,NoButton,Move,357,421
307.309,307.309,NoButton,Move,357,420
307.326,307.326,NoButton,Move,356,419
307.342,307.342,NoButton,Move,356,419
307.359,307.359,NoButton,Move,356,418
307.439,307.439,Left,Pressed,356,418
307.579,307.579,Left,Released,356,418
307.592,307.592,NoButton,Move,354,418
307.952,307.952,NoButton,Move,356,419
307.96,307.96,NoButton,Move,361,420
307.976,307.976,NoButton,Move,367,422
307.992,307.992,NoButton,Move,384,427
308.009,308.009,NoButton,Move,428,440
308.026,308.026,NoButton,Move,530,475
308.042,308.042,NoButton,Move,617,507
308.059,308.059,NoButton,Move,691,535
308.076,308.076,NoButton,Move,728,547
308.092,308.092,NoButton,Move,751,555
308.109,308.109,NoButton,Move,764,558
308.126,308.126,NoButton,Move,774,560
308.142,308.142,NoButton,Move,777,562
308.159,308.159,NoButton,Move,778,562
308.176,308.176,NoButton,Move,778,562
308.192,308.192,NoButton,Move,778,562
308.214,308.214,NoButton,Move,777,562
308.226,308.226,NoButton,Move,777,562
308.242,308.242,NoButton,Move,776,562
308.26,308.26,NoButton,Move,774,562
308.509,308.509,NoButton,Move,774,563
308.526,308.526,NoButton,Move,775,571
308.542,308.542,NoButton,Move,779,581
308.559,308.559,NoButton,Move,782,589
308.576,308.576,NoButton,Move,788,608
308.592,308.592,NoButton,Move,791,620
308.61,308.61,NoButton,Move,793,637
308.626,308.626,NoButton,Move,795,653
308.642,308.642,NoButton,Move,796,665
308.659,308.659,NoButton,Move,796,676
308.676,308.676,NoButton,Move,795,681
308.692,308.692,NoButton,Move,794,686
308.709,308.709,NoButton,Move,793,690
308.726,308.726,NoButton,Move,792,691
308.743,308.743,NoButton,Move,792,692
308.759,308.759,NoButton,Move,792,692
308.776,308.776,NoButton,Move,791,692
308.789,308.789,Left,Pressed,791,692
309.105,309.105,Left,Released,791,692
309.378,309.378,NoButton,Move,791,692
309.393,309.393,NoButton,Move,788,690
309.408,309.408,NoButton,Move,783,687
309.425,309.425,NoButton,Move,773,678
309.442,309.442,NoButton,Move,768,674
309.459,309.459,NoButton,Move,764,671
309.475,309.475,NoButton,Move,762,670
309.492,309.492,NoButton,Move,761,669
309.509,309.509,NoButton,Move,760,669
309.539,309.539,Left,Pressed,760,669
309.623,309.623,Left,Released,760,669
309.786,309.786,NoButton,Move,760,669
309.793,309.793,NoButton,Move,758,666
309.809,309.809,NoButton,Move,754,664
309.826,309.826,NoButton,Move,743,655
309.842,309.842,NoButton,Move,670,601
309.859,309.859,NoButton,Move,614,558
309.876,309.876,NoButton,Move,528,485
309.892,309.892,NoButton,Move,484,446
309.909,309.909,NoButton,Move,462,429
309.925,309.925,NoButton,Move,441,414
309.942,309.942,NoButton,Move,425,404
309.959,309.959,NoButton,Move,418,402
309.975,309.975,NoButton,Move,415,402
309.992,309.992,NoButton,Move,414,402
310.009,310.009,NoButton,Move,414,404
310.026,310.026,NoButton,Move,414,408
310.043,310.043,NoButton,Move,417,416
310.147,310.147,NoButton,Move,417,415
310.159,310.159,NoButton,Move,417,409
310.176,310.176,NoButton,Move,413,393
310.193,310.193,NoButton,Move,405,370
310.21,310.21,NoButton,Move,395,343
310.226,310.226,NoButton,Move,383,313
310.243,310.243,NoButton,Move,371,279
310.259,310.259,NoButton,Move,364,256
310.273,310.273,NoButton,Move,359,243
310.293,310.293,NoButton,Move,356,234
310.309,310.309,NoButton,Move,354,230
310.326,310.326,NoButton,Move,353,228
310.342,310.342,NoButton,Move,352,228
310.359,310.359,NoButton,Move,351,228
310.376,310.376,NoButton,Move,351,229
310.392,310.392,NoButton,Move,350,229
310.409,310.409,NoButton,Move,350,229
310.44,310.44,Left,Pressed,350,229
310.523,310.523,Left,Released,350,229
310.524,310.524,NoButton,Move,350,234
310.531,310.531,NoButton,Move,350,237
310.542,310.542,NoButton,Move,350,238
310.559,310.559,NoButton,Move,350,241
310.576,310.576,NoButton,Move,350,244
310.592,310.592,NoButton,Move,350,247
310.609,310.609,NoButton,Move,350,248
310.626,310.626,NoButton,Move,350,252
310.642,310.642,NoButton,Move,349,259
310.659,310.659,NoButton,Move,349,267
310.676,310.676,NoButton,Move,349,276
310.692,310.692,NoButton,Move,349,282
310.709,310.709,NoButton,Move,349,286
310.726,310.726,NoButton,Move,349,288
310.742,310.742,NoButton,Move,349,288
310.772,310.772,Left,Pressed,349,288
310.917,310.917,Left,Released,349,288
312.94,312.94,NoButton,Move,349,293
312.947,312.947,NoButton,Move,349,303
312.959,312.959,NoButton,Move,350,314
312.975,312.975,NoButton,Move,356,331
312.992,312.992,NoButton,Move,361,341
313.009,313.009,NoButton,Move,367,351
313.025,313.025,NoButton,Move,371,358
313.042,313.042,NoButton,Move,376,369
313.059,313.059,NoButton,Move,379,375
313.075,313.075,NoButton,Move,380,380
313.092,313.092,NoButton,Move,380,385
313.109,313.109,NoButton,Move,380,389
313.126,313.126,NoButton,Move,380,392
313.142,313.142,NoButton,Move,379,395
313.159,313.159,NoButton,Move,377,400
313.176,313.176,NoButton,Move,376,405
313.192,313.192,NoButton,Move,375,410
313.209,313.209,NoButton,Move,375,414
313.226,313.226,NoButton,Move,374,416
313.242,313.242,NoButton,Move,374,417
313.257,313.257,Left,Pressed,374,417
313.292,313.292,NoButton,Move,374,417
313.388,313.388,Left,Released,374,417
313.639,313.639,NoButton,Move,376,417
313.644,313.644,NoButton,Move,379,416
313.659,313.659,NoButton,Move,385,416
313.676,313.676,NoButton,Move,401,414
313.692,313.692,NoButton,Move,435,414
313.709,313.709,NoButton,Move,484,427
313.726,313.726,NoButton,Move,572,460
313.743,313.743,NoButton,Move,663,511
313.759,313.759,NoButton,Move,705,539
313.776,313.776,NoButton,Move,735,562
313.792,313.792,NoButton,Move,750,575
313.81,313.81,NoButton,Move,761,586
313.825,313.825,NoButton,Move,764,592
313.842,313.842,NoButton,Move,765,595
313.859,313.859,NoButton,Move,763,599
313.875,313.875,NoButton,Move,760,602
313.892,313.892,NoButton,Move,756,604
313.909,313.909,NoButton,Move,754,606
313.925,313.925,NoButton,Move,750,609
313.942,313.942,NoButton,Move,749,612
313.959,313.959,NoButton,Move,747,616
313.976,313.976,NoButton,Move,745,619
313.993,313.993,NoButton,Move,744,623
314.009,314.009,NoButton,Move,743,626
314.026,314.026,NoButton,Move,742,628
314.043,314.043,NoButton,Move,742,630
314.059,314.059,NoButton,Move,741,631
314.076,314.076,NoButton,Move,741,632
314.092,314.092,NoButton,Move,741,633
314.109,314.109,NoButton,Move,741,633
314.126,314.126,NoButton,Move,741,633
314.176,314.176,NoButton,Move,741,633
314.204,314.204,NoButton,Move,741,634
314.226,314.226,NoButton,Move,741,634
314.242,314.242,NoButton,Move,741,634
314.259,314.259,NoButton,Move,741,636
314.275,314.275,NoButton,Move,741,638
314.292,314.292,NoButton,Move,741,640
314.309,314.309,NoButton,Move,741,643
314.326,314.326,NoButton,Move,741,645
314.343,314.343,NoButton,Move,741,647
314.358,314.358,NoButton,Move,741,649
314.376,314.376,NoButton,Move,741,650
314.392,314.392,NoButton,Move,741,650
314.409,314.409,NoButton,Move,741,650
314.488,314.488,NoButton,Move,741,651
314.538,314.538,NoButton,Move,741,651
314.545,314.545,NoButton,Move,741,651
314.559,314.559,NoButton,Move,741,651
314.576,314.576,NoButton,Move,741,653
314.592,314.592,NoButton,Move,742,654
314.609,314.609,NoButton,Move,742,655
314.626,314.626,NoButton,Move,742,656
314.643,314.643,NoButton,Move,742,657
314.659,314.659,NoButton,Move,742,657
314.676,314.676,NoButton,Move,742,657
314.69,314.69,Left,Pressed,742,657
314.85,314.85,Left,Released,742,657
314.991,314.991,NoButton,Move,742,656
315.009,315.009,NoButton,Move,735,647
315.026,315.026,NoButton,Move,725,636
315.042,315.042,NoButton,Move,713,623
315.059,315.059,NoButton,Move,663,578
315.076,315.076,NoButton,Move,608,532
315.092,315.092,NoButton,Move,535,476
315.109,315.109,NoButton,Move,478,428
315.125,315.125,NoButton,Move,399,364
315.142,315.142,NoButton,Move,374,345
315.159,315.159,NoButton,Move,360,337
315.175,315.175,NoButton,Move,350,332
315.192,315.192,NoButton,Move,346,331
315.209,315.209,NoButton,Move,345,331
315.225,315.225,NoButton,Move,344,333
315.242,315.242,NoButton,Move,344,335
315.259,315.259,NoButton,Move,344,336
315.275,315.275,NoButton,Move,344,337
315.292,315.292,NoButton,Move,345,337
315.309,315.309,NoButton,Move,346,338
315.326,315.326,NoButton,Move,348,338
315.342,315.342,NoButton,Move,352,338
315.359,315.359,NoButton,Move,358,336
315.376,315.376,NoButton,Move,366,327
315.392,315.392,NoButton,Move,376,310
315.409,315.409,NoButton,Move,384,293
315.426,315.426,NoButton,Move,389,281
315.443,315.443,NoButton,Move,393,271
315.459,315.459,NoButton,Move,395,266
315.476,315.476,NoButton,Move,395,264
315.492,315.492,NoButton,Move,396,264
315.509,315.509,NoButton,Move,396,263
315.523,315.523,Left,Pressed,396,263
315.645,315.645,Left,Released,396,263
318.041,318.041,NoButton,Move,394,270
318.048,318.048,NoButton,Move,392,282
318.059,318.059,NoButton,Move,390,292
318.075,318.075,NoButton,Move,387,311
318.092,318.092,NoButton,Move,386,325
318.109,318.109,NoButton,Move,385,331
318.126,318.126,NoButton,Move,384,335
318.142,318.142,NoButton,Move,383,341
318.159,318.159,NoButton,Move,381,346
318.176,318.176,NoButton,Move,380,351
318.192,318.192,NoButton,Move,379,355
318.209,318.209,NoButton,Move,379,359
318.226,318.226,NoButton,Move,378,362
318.243,318.243,NoButton,Move,377,364
318.259,318.259,NoButton,Move,377,365
318.276,318.276,NoButton,Move,376,366
318.293,318.293,NoButton,Move,376,367
318.309,318.309,NoButton,Move,376,368
318.326,318.326,NoButton,Move,375,368
318.342,318.342,NoButton,Move,375,371
318.359,318.359,NoButton,Move,374,376
318.376,318.376,NoButton,Move,373,384
318.393,318.393,NoButton,Move,371,390
318.409,318.409,NoButton,Move,369,399
318.426,318.426,NoButton,Move,368,402
318.456,318.456,Left,Pressed,368,402
318.462,318.462,NoButton,Move,368,402
318.605,318.605,Left,Released,368,402
318.642,318.642,NoButton,Move,367,402
318.852,318.852,NoButton,Move,369,402
318.86,318.86,NoButton,Move,373,404
318.876,318.876,NoButton,Move,377,406
318.893,318.893,NoButton,Move,401,416
318.909,318.909,NoButton,Move,484,453
318.926,318.926,NoButton,Move,538,479
318.943,318.943,NoButton,Move,655,534
318.959,318.959,NoButton,Move,757,578
318.976,318.976,NoButton,Move,790,590
318.993,318.993,NoButton,Move,840,610
319.009,319.009,NoButton,Move,852,615
319.026,319.026,NoButton,Move,861,619
319.246,319.246,NoButton,Move,861,620
319.259,319.259,NoButton,Move,861,623
319.276,319.276,NoButton,Move,861,629
319.293,319.293,NoButton,Move,860,634
319.309,319.309,NoButton,Move,860,639
319.326,319.326,NoButton,Move,858,646
319.343,319.343,NoButton,Move,857,651
319.359,319.359,NoButton,Move,854,657
319.376,319.376,NoButton,Move,853,661
319.393,319.393,NoButton,Move,851,662
319.409,319.409,NoButton,Move,851,664
319.426,319.426,NoButton,Move,850,664
319.442,319.442,NoButton,Move,850,664
319.49,319.49,NoButton,Move,850,664
319.654,319.654,NoButton,Move,850,664
319.692,319.692,NoButton,Move,850,664
319.712,319.712,NoButton,Move,850,664
319.726,319.726,NoButton,Move,850,663
319.742,319.742,NoButton,Move,850,663
319.759,319.759,NoButton,Move,850,663
319.776,319.776,NoButton,Move,850,662
319.792,319.792,NoButton,Move,850,662
319.81,319.81,NoButton,Move,850,661
319.826,319.826,NoButton,Move,850,661
319.842,319.842,NoButton,Move,850,661
319.856,319.856,Left,Pressed,850,661
320.039,320.039,Left,Released,850,661
320.966,320.966,NoButton,Move,850,661
320.976,320.976,NoButton,Move,851,662
320.993,320.993,NoButton,Move,852,663
321.009,321.009,NoButton,Move,854,665
321.026,321.026,NoButton,Move,856,667
321.042,321.042,NoButton,Move,857,668
321.059,321.059,NoButton,Move,858,669
321.076,321.076,NoButton,Move,858,669
321.092,321.092,NoButton,Move,859,670
321.143,321.143,NoButton,Move,859,670
322.366,322.366,NoButton,Move,858,670
322.376,322.376,NoButton,Move,854,670
322.393,322.393,NoButton,Move,819,673
322.41,322.41,NoButton,Move,705,678
322.426,322.426,NoButton,Move,549,678
322.443,322.443,NoButton,Move,507,672
322.459,322.459,NoButton,Move,338,634
322.476,322.476,NoButton,Move,279,615
322.492,322.492,NoButton,Move,264,611
322.509,322.509,NoButton,Move,249,607
322.7,322.7,NoButton,Move,250,608
322.709,322.709,NoButton,Move,251,610
322.725,322.725,NoButton,Move,253,611
322.742,322.742,NoButton,Move,253,612
322.759,322.759,NoButton,Move,254,612
322.776,322.776,NoButton,Move,254,611
322.792,322.792,NoButton,Move,254,601
322.809,322.809,NoButton,Move,244,571
322.826,322.826,NoButton,Move,237,552
322.842,322.842,NoButton,Move,186,425
322.859,322.859,NoButton,Move,135,276
322.876,322.876,NoButton,Move,117,243
323.067,323.067,NoButton,Move,117,244
323.076,323.076,NoButton,Move,117,246
323.092,323.092,NoButton,Move,116,250
323.109,323.109,NoButton,Move,116,251
323.126,323.126,NoButton,Move,115,252
323.142,323.142,NoButton,Move,115,253
323.159,323.159,NoButton,Move,114,253
323.176,323.176,NoButton,Move,114,253
323.226,323.226,NoButton,Move,114,253
323.276,323.276,NoButton,Move,114,253
323.293,323.293,NoButton,Move,114,253
323.309,323.309,NoButton,Move,114,252
323.326,323.326,NoButton,Move,114,251
323.342,323.342,NoButton,Move,114,251
323.359,323.359,NoButton,Move,114,250
323.376,323.376,NoButton,Move,114,250
323.393,323.393,NoButton,Move,114,249
323.41,323.41,NoButton,Move,114,248
323.426,323.426,NoButton,Move,114,248
323.439,323.439,Left,Pressed,114,248
323.459,323.459,NoButton,Move,114,248
323.555,323.555,Left,Released,114,248
324.182,324.182,NoButton,Move,115,248
324.192,324.192,NoButton,Move,117,248
324.21,324.21,NoButton,Move,122,248
324.226,324.226,NoButton,Move,132,251
324.243,324.243,NoButton,Move,144,256
324.26,324.26,NoButton,Move,170,268
324.276,324.276,NoButton,Move,200,282
324.293,324.293,NoButton,Move,240,301
324.31,324.31,NoButton,Move,285,325
324.326,324.326,NoButton,Move,332,349
324.343,324.343,NoButton,Move,378,375
324.359,324.359,NoButton,Move,407,393
324.376,324.376,NoButton,Move,440,414
324.392,324.392,NoButton,Move,457,427
324.77,324.77,NoButton,Move,458,427
324.778,324.778,NoButton,Move,460,427
324.792,324.792,NoButton,Move,462,427
324.809,324.809,NoButton,Move,469,427
324.826,324.826,NoButton,Move,475,427
324.842,324.842,NoButton,Move,507,425
324.859,324.859,NoButton,Move,548,425
324.876,324.876,NoButton,Move,615,436
324.892,324.892,NoButton,Move,664,450
324.909,324.909,NoButton,Move,694,459
324.926,324.926,NoButton,Move,713,467
324.942,324.942,NoButton,Move,725,472
324.959,324.959,NoButton,Move,730,474
325.271,325.271,NoButton,Move,730,474
325.292,325.292,NoButton,Move,731,479
325.309,325.309,NoButton,Move,732,484
325.326,325.326,NoButton,Move,733,489
325.343,325.343,NoButton,Move,734,493
325.359,325.359,NoButton,Move,734,502
325.375,325.375,NoButton,Move,734,508
325.392,325.392,NoButton,Move,734,512
325.409,325.409,NoButton,Move,734,516
325.426,325.426,NoButton,Move,733,519
325.442,325.442,NoButton,Move,733,521
325.459,325.459,NoButton,Move,732,522
325.476,325.476,NoButton,Move,730,523
325.492,325.492,NoButton,Move,729,524
325.509,325.509,NoButton,Move,727,525
325.526,325.526,NoButton,Move,726,525
325.542,325.542,NoButton,Move,723,526
325.559,325.559,NoButton,Move,716,526
325.576,325.576,NoButton,Move,702,526
325.592,325.592,NoButton,Move,666,526
325.609,325.609,NoButton,Move,577,524
325.626,325.626,NoButton,Move,415,490
325.642,325.642,NoButton,Move,314,462
325.659,325.659,NoButton,Move,237,443
325.676,325.676,NoButton,Move,209,438
325.692,325.692,NoButton,Move,168,432
325.709,325.709,NoButton,Move,156,430
325.727,325.727,NoButton,Move,145,427
325.965,325.965,NoButton,Move,145,428
325.976,325.976,NoButton,Move,146,433
325.992,325.992,NoButton,Move,154,450
326.009,326.009,NoButton,Move,162,469
326.026,326.026,NoButton,Move,173,491
326.042,326.042,NoButton,Move,190,519
326.059,326.059,NoButton,Move,213,555
326.076,326.076,NoButton,Move,232,584
326.092,326.092,NoButton,Move,244,600
326.109,326.109,NoButton,Move,252,613
326.222,326.222,Scroll,Down,0,1
326.242,326.242,Scroll,Down,0,7
326.259,326.259,Scroll,Down,0,19
326.276,326.276,Scroll,Down,0,38
326.292,326.292,Scroll,Down,0,39
326.309,326.309,Scroll,Down,0,64
326.326,326.326,Scroll,Down,0,75
326.343,326.343,Scroll,Down,0,76
326.359,326.359,Scroll,Down,0,75
326.376,326.376,Scroll,Down,0,72
326.392,326.392,Scroll,Down,0,70
326.409,326.409,Scroll,Down,0,72
326.426,326.426,Scroll,Down,0,68
326.442,326.442,Scroll,Down,0,64
326.459,326.459,Scroll,Down,0,60
326.476,326.476,Scroll,Down,0,56
326.492,326.492,Scroll,Down,0,53
326.515,326.515,NoButton,Move,252,615
326.532,326.532,NoButton,Move,252,629
326.548,326.548,NoButton,Move,253,649
326.565,326.565,NoButton,Move,253,671
326.582,326.582,NoButton,Move,253,692
326.599,326.599,NoButton,Move,248,731
326.615,326.615,NoButton,Move,237,764
326.632,326.632,NoButton,Move,223,793
326.648,326.648,NoButton,Move,205,817
326.665,326.665,NoButton,Move,188,833
326.681,326.681,NoButton,Move,175,841
326.699,326.699,NoButton,Move,159,850
326.715,326.715,NoButton,Move,145,856
326.743,326.743,NoButton,Move,127,860
326.748,326.748,NoButton,Move,121,860
326.776,326.776,NoButton,Move,105,860
326.782,326.782,NoButton,Move,100,858
326.809,326.809,NoButton,Move,91,855
326.826,326.826,NoButton,Move,84,853
326.859,326.859,NoButton,Move,78,849
326.865,326.865,NoButton,Move,76,847
326.882,326.882,NoButton,Move,75,845
326.898,326.898,NoButton,Move,73,844
326.915,326.915,NoButton,Move,73,843
326.926,326.926,NoButton,Move,72,843
326.942,326.942,NoButton,Move,72,842
326.959,326.959,NoButton,Move,71,841
326.975,326.975,NoButton,Move,71,841
326.988,326.988,Left,Pressed,71,841
327.009,327.009,NoButton,Move,71,840
327.088,327.088,Left,Released,71,840
