1.626,1.626,NoButton,Move,886,416
2.109,2.109,NoButton,Move,885,416
2.116,2.116,NoButton,Move,885,416
2.13,2.13,NoButton,Move,884,416
2.147,2.147,NoButton,Move,882,415
2.163,2.163,NoButton,Move,880,414
2.18,2.18,NoButton,Move,875,412
2.197,2.197,NoButton,Move,868,411
2.213,2.213,NoButton,Move,854,410
2.23,2.23,NoButton,Move,818,412
2.248,2.248,NoButton,Move,759,423
2.264,2.264,NoButton,Move,648,439
2.28,2.28,NoButton,Move,577,445
2.297,2.297,NoButton,Move,479,450
2.313,2.313,NoButton,Move,429,451
2.33,2.33,NoButton,Move,407,452
2.586,2.586,NoButton,Move,404,452
2.597,2.597,NoButton,Move,399,452
2.614,2.614,NoButton,Move,385,450
2.63,2.63,NoButton,Move,368,446
2.647,2.647,NoButton,Move,350,440
2.664,2.664,NoButton,Move,310,424
2.681,2.681,NoButton,Move,282,409
2.697,2.697,NoButton,Move,247,393
2.714,2.714,NoButton,Move,225,384
2.731,2.731,NoButton,Move,200,378
2.747,2.747,NoButton,Move,180,377
2.764,2.764,NoButton,Move,165,377
2.781,2.781,NoButton,Move,153,379
2.797,2.797,NoButton,Move,147,381
2.813,2.813,NoButton,Move,143,381
2.83,2.83,NoButton,Move,141,381
2.847,2.847,NoButton,Move,139,381
2.864,2.864,NoButton,Move,137,379
2.88,2.88,NoButton,Move,134,375
2.897,2.897,NoButton,Move,132,368
2.914,2.914,NoButton,Move,129,363
2.93,2.93,NoButton,Move,128,357
2.947,2.947,NoButton,Move,126,351
2.964,2.964,NoButton,Move,125,347
2.981,2.981,NoButton,Move,125,343
2.997,2.997,NoButton,Move,124,341
3.013,3.013,NoButton,Move,124,339
3.03,3.03,NoButton,Move,124,339
3.064,3.064,NoButton,Move,124,342
3.08,3.08,NoButton,Move,124,351
3.097,3.097,NoButton,Move,124,361
3.114,3.114,NoButton,Move,123,372
3.13,3.13,NoButton,Move,122,379
3.147,3.147,NoButton,Move,121,385
3.164,3.164,NoButton,Move,121,389
3.181,3.181,NoButton,Move,121,391
3.197,3.197,NoButton,Move,121,392
3.213,3.213,NoButton,Move,121,395
3.23,3.23,NoButton,Move,121,398
3.247,3.247,NoButton,Move,121,403
3.263,3.263,NoButton,Move,121,406
3.28,3.28,NoButton,Move,121,408
3.297,3.297,NoButton,Move,121,410
3.314,3.314,NoButton,Move,121,410
3.326,3.326,Left,Pressed,121,410
3.347,3.347,NoButton,Move,121,410
3.411,3.411,Left,Released,121,410
3.634,3.634,NoButton,Move,122,410
3.647,3.647,NoButton,Move,123,410
3.665,3.665,NoButton,Move,131,408
3.68,3.68,NoButton,Move,145,402
3.697,3.697,NoButton,Move,167,392
3.714,3.714,NoButton,Move,195,379
3.73,3.73,NoButton,Move,241,366
3.747,3.747,NoButton,Move,280,362
3.764,3.764,NoButton,Move,330,364
3.78,3.78,NoButton,Move,375,378
3.797,3.797,NoButton,Move,408,390
3.813,3.813,NoButton,Move,435,404
3.83,3.83,NoButton,Move,459,420
3.847,3.847,NoButton,Move,473,433
3.863,3.863,NoButton,Move,482,452
3.88,3.88,NoButton,Move,484,472
3.897,3.897,NoButton,Move,484,507
3.914,3.914,NoButton,Move,477,549
3.93,3.93,NoButton,Move,466,599
3.947,3.947,NoButton,Move,458,636
3.964,3.964,NoButton,Move,451,676
3.98,3.98,NoButton,Move,446,696
3.997,3.997,NoButton,Move,442,711
4.014,4.014,NoButton,Move,439,722
4.031,4.031,NoButton,Move,437,727
4.047,4.047,NoButton,Move,436,728
4.064,4.064,NoButton,Move,435,729
4.08,4.08,NoButton,Move,434,730
4.097,4.097,NoButton,Move,434,730
4.114,4.114,NoButton,Move,433,731
4.13,4.13,NoButton,Move,432,732
4.147,4.147,NoButton,Move,431,736
4.164,4.164,NoButton,Move,427,743
4.18,4.18,NoButton,Move,424,749
4.197,4.197,NoButton,Move,419,759
4.214,4.214,NoButton,Move,413,774
4.23,4.23,NoButton,Move,410,782
4.247,4.247,NoButton,Move,408,787
4.264,4.264,NoButton,Move,407,790
4.28,4.28,NoButton,Move,406,794
4.298,4.298,NoButton,Move,405,796
4.314,4.314,NoButton,Move,405,799
4.331,4.331,NoButton,Move,404,802
4.346,4.346,NoButton,Move,403,805
4.364,4.364,NoButton,Move,402,806
4.38,4.38,NoButton,Move,402,806
4.396,4.396,Left,Pressed,402,806
4.43,4.43,NoButton,Move,402,806
4.487,4.487,Left,Released,402,806
8.145,8.145,Scroll,Down,0,1
8.163,8.163,Scroll,Down,0,5
8.181,8.181,Scroll,Down,0,7
8.197,8.197,Scroll,Down,0,9
8.214,8.214,Scroll,Down,0,8
8.231,8.231,Scroll,Down,0,7
8.248,8.248,Scroll,Down,0,7
8.264,8.264,Scroll,Down,0,7
8.281,8.281,Scroll,Down,0,9
8.297,8.297,Scroll,Down,0,7
8.314,8.314,Scroll,Down,0,6
8.331,8.331,Scroll,Down,0,5
8.347,8.347,Scroll,Down,0,4
8.364,8.364,Scroll,Down,0,3
8.381,8.381,Scroll,Down,0,2
8.397,8.397,Scroll,Down,0,1
8.414,8.414,Scroll,Down,0,1
8.531,8.531,NoButton,Move,403,810
8.547,8.547,NoButton,Move,404,815
8.564,8.564,NoButton,Move,404,819
8.58,8.58,NoButton,Move,404,823
8.597,8.597,NoButton,Move,404,830
8.614,8.614,NoButton,Move,404,837
8.631,8.631,NoButton,Move,404,844
8.648,8.648,NoButton,Move,404,852
8.664,8.664,NoButton,Move,404,857
8.68,8.68,NoButton,Move,404,862
8.697,8.697,NoButton,Move,404,865
8.714,8.714,NoButton,Move,404,867
8.731,8.731,NoButton,Move,404,869
8.747,8.747,NoButton,Move,404,873
8.764,8.764,NoButton,Move,403,875
8.78,8.78,NoButton,Move,403,877
8.797,8.797,NoButton,Move,402,878
8.814,8.814,NoButton,Move,402,878
8.83,8.83,NoButton,Move,401,878
8.847,8.847,NoButton,Move,400,873
8.864,8.864,NoButton,Move,400,862
8.88,8.88,NoButton,Move,399,852
8.897,8.897,NoButton,Move,399,840
8.914,8.914,NoButton,Move,399,834
8.93,8.93,NoButton,Move,399,829
8.947,8.947,NoButton,Move,399,826
8.964,8.964,NoButton,Move,399,825
8.977,8.977,Left,Pressed,399,825
8.981,8.981,Left,Released,399,825
10.386,10.386,NoButton,Move,381,857
10.397,10.397,NoButton,Move,384,865
10.493,10.493,Left,Pressed,384,866
10.626,10.626,Left,Released,384,866
11.353,11.353,NoButton,Move,384,866
11.376,11.376,NoButton,Move,384,866
11.385,11.385,NoButton,Move,385,866
11.401,11.401,NoButton,Move,385,866
11.414,11.414,NoButton,Move,385,865
11.431,11.431,NoButton,Move,387,863
11.447,11.447,NoButton,Move,393,857
11.464,11.464,NoButton,Move,407,840
11.481,11.481,NoButton,Move,424,823
11.498,11.498,NoButton,Move,451,803
11.514,11.514,NoButton,Move,479,784
11.531,11.531,NoButton,Move,505,769
11.547,11.547,NoButton,Move,519,761
11.564,11.564,NoButton,Move,526,757
13.327,13.327,Scroll,Down,0,1
13.33,13.33,Scroll,Down,0,1
13.347,13.347,Scroll,Down,0,3
13.364,13.364,Scroll,Down,0,4
13.381,13.381,Scroll,Down,0,3
13.397,13.397,Scroll,Down,0,3
13.414,13.414,Scroll,Down,0,3
13.431,13.431,Scroll,Down,0,3
13.447,13.447,Scroll,Down,0,4
13.464,13.464,Scroll,Down,0,3
13.481,13.481,Scroll,Down,0,5
13.497,13.497,Scroll,Down,0,4
13.514,13.514,Scroll,Down,0,5
13.53,13.53,Scroll,Down,0,5
13.547,13.547,Scroll,Down,0,6
13.564,13.564,Scroll,Down,0,6
13.581,13.581,Scroll,Down,0,6
13.597,13.597,Scroll,Down,0,4
13.613,13.613,Scroll,Down,0,3
13.631,13.631,Scroll,Down,0,1
13.92,13.92,Scroll,Up,0,1
13.93,13.93,Scroll,Up,0,5
13.947,13.947,Scroll,Up,0,6
13.963,13.963,Scroll,Up,0,8
13.981,13.981,Scroll,Up,0,13
13.997,13.997,Scroll,Up,0,13
14.014,14.014,Scroll,Up,0,14
14.031,14.031,Scroll,Up,0,13
14.08,14.08,NoButton,Move,526,751
14.097,14.097,NoButton,Move,518,738
14.114,14.114,NoButton,Move,504,719
14.131,14.131,NoButton,Move,469,671
14.147,14.147,NoButton,Move,403,589
14.164,14.164,NoButton,Move,331,506
14.181,14.181,NoButton,Move,243,411
14.198,14.198,NoButton,Move,151,315
14.215,14.215,NoButton,Move,99,261
14.231,14.231,NoButton,Move,79,245
14.248,14.248,NoButton,Move,57,229
14.264,14.264,NoButton,Move,41,220
14.281,14.281,NoButton,Move,34,219
14.297,14.297,NoButton,Move,31,219
14.314,14.314,NoButton,Move,30,220
14.331,14.331,NoButton,Move,30,221
14.347,14.347,NoButton,Move,30,222
14.381,14.381,NoButton,Move,30,220
14.397,14.397,NoButton,Move,30,214
14.414,14.414,NoButton,Move,30,207
14.43,14.43,NoButton,Move,31,199
14.447,14.447,NoButton,Move,35,191
14.464,14.464,NoButton,Move,39,184
14.48,14.48,NoButton,Move,42,180
14.497,14.497,NoButton,Move,44,176
14.514,14.514,NoButton,Move,45,174
14.531,14.531,NoButton,Move,46,173
14.547,14.547,NoButton,Move,47,172
14.564,14.564,NoButton,Move,47,172
14.58,14.58,NoButton,Move,47,172
14.612,14.612,Left,Pressed,47,172
14.693,14.693,Left,Released,47,172
14.946,14.946,NoButton,Move,48,172
14.953,14.953,NoButton,Move,51,172
14.964,14.964,NoButton,Move,56,172
14.981,14.981,NoButton,Move,68,172
14.997,14.997,NoButton,Move,110,173
15.014,15.014,NoButton,Move,161,180
15.03,15.03,NoButton,Move,253,199
15.047,15.047,NoButton,Move,272,203
15.064,15.064,NoButton,Move,396,240
15.08,15.08,NoButton,Move,481,271
15.097,15.097,NoButton,Move,528,288
15.114,15.114,NoButton,Move,559,301
15.13,15.13,NoButton,Move,579,310
15.147,15.147,NoButton,Move,584,312
15.347,15.347,NoButton,Move,585,312
15.364,15.364,NoButton,Move,591,312
15.38,15.38,NoButton,Move,602,313
15.398,15.398,NoButton,Move,623,313
15.414,15.414,NoButton,Move,662,313
15.431,15.431,NoButton,Move,703,310
15.447,15.447,NoButton,Move,746,307
15.464,15.464,NoButton,Move,794,306
15.481,15.481,NoButton,Move,828,306
15.497,15.497,NoButton,Move,876,308
15.513,15.513,NoButton,Move,903,312
15.531,15.531,NoButton,Move,922,315
15.547,15.547,NoButton,Move,934,317
15.564,15.564,NoButton,Move,939,318
15.697,15.697,NoButton,Move,939,319
15.714,15.714,NoButton,Move,939,327
15.731,15.731,NoButton,Move,939,340
15.747,15.747,NoButton,Move,930,371
15.764,15.764,NoButton,Move,911,408
15.78,15.78,NoButton,Move,897,427
15.797,15.797,NoButton,Move,839,486
15.813,15.813,NoButton,Move,796,516
15.831,15.831,NoButton,Move,748,539
15.847,15.847,NoButton,Move,716,549
15.864,15.864,NoButton,Move,689,558
15.881,15.881,NoButton,Move,665,564
15.897,15.897,NoButton,Move,655,566
15.914,15.914,NoButton,Move,647,567
15.931,15.931,NoButton,Move,644,567
15.947,15.947,NoButton,Move,643,567
15.964,15.964,NoButton,Move,642,566
15.981,15.981,NoButton,Move,642,565
15.997,15.997,NoButton,Move,642,565
16.014,16.014,NoButton,Move,642,564
16.03,16.03,NoButton,Move,642,564
16.059,16.059,NoButton,Move,642,563
16.065,16.065,NoButton,Move,642,563
16.08,16.08,NoButton,Move,642,563
16.097,16.097,NoButton,Move,642,563
16.114,16.114,NoButton,Move,642,562
16.13,16.13,NoButton,Move,643,561
16.149,16.149,NoButton,Move,643,558
16.164,16.164,NoButton,Move,643,557
16.18,16.18,NoButton,Move,644,554
16.197,16.197,NoButton,Move,644,554
16.214,16.214,NoButton,Move,644,553
16.227,16.227,Left,Pressed,644,553
16.246,16.246,NoButton,Move,644,553
16.31,16.31,Left,Released,644,553
17.28,17.28,NoButton,Move,644,555
17.297,17.297,NoButton,Move,644,565
17.314,17.314,NoButton,Move,644,569
17.33,17.33,NoButton,Move,645,573
17.347,17.347,NoButton,Move,646,576
17.364,17.364,NoButton,Move,646,577
17.381,17.381,NoButton,Move,646,577
17.511,17.511,Left,Pressed,646,577
17.609,17.609,Left,Released,646,577
17.647,17.647,NoButton,Move,646,577
21.592,21.592,NoButton,Move,646,579
21.614,21.614,NoButton,Move,653,592
21.63,21.63,NoButton,Move,661,601
21.647,21.647,NoButton,Move,676,612
21.664,21.664,NoButton,Move,698,626
21.68,21.68,NoButton,Move,721,635
21.697,21.697,NoButton,Move,736,639
21.714,21.714,NoButton,Move,762,642
21.73,21.73,NoButton,Move,775,642
21.747,21.747,NoButton,Move,789,641
21.764,21.764,NoButton,Move,798,638
21.78,21.78,NoButton,Move,804,634
21.797,21.797,NoButton,Move,808,631
21.814,21.814,NoButton,Move,811,628
21.83,21.83,NoButton,Move,814,626
21.847,21.847,NoButton,Move,815,624
21.864,21.864,NoButton,Move,816,624
21.883,21.883,NoButton,Move,817,623
21.897,21.897,NoButton,Move,817,623
21.913,21.913,NoButton,Move,817,623
21.978,21.978,Left,Pressed,817,623
22.05,22.05,Left,Released,817,623
27.285,27.285,NoButton,Move,816,623
27.297,27.297,NoButton,Move,816,622
27.314,27.314,NoButton,Move,815,621
27.33,27.33,NoButton,Move,814,620
27.347,27.347,NoButton,Move,813,619
27.364,27.364,NoButton,Move,811,618
27.381,27.381,NoButton,Move,810,617
27.397,27.397,NoButton,Move,810,616
27.414,27.414,NoButton,Move,809,616
27.43,27.43,NoButton,Move,809,616
27.447,27.447,NoButton,Move,809,616
27.464,27.464,NoButton,Move,809,616
27.482,27.482,NoButton,Move,809,616
27.531,27.531,NoButton,Move,808,615
27.547,27.547,NoButton,Move,808,615
27.564,27.564,NoButton,Move,808,615
27.581,27.581,NoButton,Move,808,615
27.85,27.85,NoButton,Move,807,615
27.864,27.864,NoButton,Move,806,614
27.881,27.881,NoButton,Move,804,612
28.227,28.227,Scroll,Up,0,1
28.23,28.23,Scroll,Up,0,1
28.247,28.247,Scroll,Up,0,5
28.267,28.267,Scroll,Up,0,8
28.281,28.281,Scroll,Up,0,10
28.297,28.297,Scroll,Up,0,11
28.314,28.314,Scroll,Up,0,11
28.33,28.33,Scroll,Up,0,9
28.347,28.347,Scroll,Up,0,6
28.364,28.364,Scroll,Up,0,5
28.38,28.38,Scroll,Up,0,3
28.397,28.397,Scroll,Up,0,2
28.414,28.414,Scroll,Up,0,1
28.514,28.514,NoButton,Move,805,602
28.531,28.531,NoButton,Move,815,570
28.547,28.547,NoButton,Move,828,543
28.564,28.564,NoButton,Move,847,510
28.581,28.581,NoButton,Move,869,479
28.597,28.597,NoButton,Move,891,456
28.614,28.614,NoButton,Move,904,444
28.631,28.631,NoButton,Move,913,436
28.647,28.647,NoButton,Move,920,429
28.665,28.665,NoButton,Move,923,426
28.681,28.681,NoButton,Move,925,425
28.697,28.697,NoButton,Move,925,424
28.714,28.714,NoButton,Move,925,423
28.731,28.731,NoButton,Move,925,423
28.783,28.783,NoButton,Move,925,423
28.799,28.799,NoButton,Move,925,422
28.814,28.814,NoButton,Move,925,422
28.831,28.831,NoButton,Move,925,420
28.847,28.847,NoButton,Move,925,418
28.864,28.864,NoButton,Move,925,416
28.88,28.88,NoButton,Move,925,415
28.897,28.897,NoButton,Move,925,415
28.947,28.947,NoButton,Move,925,415
29.197,29.197,NoButton,Move,926,415
29.215,29.215,NoButton,Move,940,412
29.23,29.23,NoButton,Move,971,406
29.249,29.249,NoButton,Move,1021,401
29.263,29.263,NoButton,Move,1079,396
29.28,29.28,NoButton,Move,1119,395
29.297,29.297,NoButton,Move,1143,394
29.314,29.314,NoButton,Move,1160,392
29.33,29.33,NoButton,Move,1172,388
29.347,29.347,NoButton,Move,1173,387
29.364,29.364,NoButton,Move,1173,386
29.38,29.38,NoButton,Move,1171,386
29.397,29.397,NoButton,Move,1167,386
29.414,29.414,NoButton,Move,1162,386
29.43,29.43,NoButton,Move,1156,386
29.447,29.447,NoButton,Move,1150,388
29.464,29.464,NoButton,Move,1133,392
29.481,29.481,NoButton,Move,1102,397
29.498,29.498,NoButton,Move,1054,406
29.514,29.514,NoButton,Move,957,420
29.53,29.53,NoButton,Move,856,433
29.548,29.548,NoButton,Move,740,450
29.564,29.564,NoButton,Move,660,461
29.58,29.58,NoButton,Move,600,469
29.597,29.597,NoButton,Move,559,471
29.615,29.615,NoButton,Move,526,472
29.631,29.631,NoButton,Move,514,471
30.298,30.298,NoButton,Move,514,471
30.348,30.348,NoButton,Move,515,471
30.397,30.397,NoButton,Move,515,471
30.447,30.447,NoButton,Move,515,471
30.478,30.478,NoButton,Move,515,471
30.514,30.514,NoButton,Move,515,471
30.531,30.531,NoButton,Move,516,471
30.56,30.56,NoButton,Move,516,471
30.567,30.567,NoButton,Move,516,471
30.614,30.614,NoButton,Move,516,471
30.664,30.664,NoButton,Move,516,470
30.715,30.715,NoButton,Move,516,470
30.788,30.788,NoButton,Move,516,470
30.813,30.813,NoButton,Move,516,470
30.854,30.854,NoButton,Move,516,470
30.937,30.937,NoButton,Move,516,470
31.009,31.009,NoButton,Move,516,469
31.067,31.067,NoButton,Move,517,469
31.083,31.083,NoButton,Move,517,469
31.099,31.099,NoButton,Move,517,469
31.115,31.115,NoButton,Move,517,468
31.131,31.131,NoButton,Move,519,466
31.147,31.147,NoButton,Move,522,463
31.164,31.164,NoButton,Move,527,458
31.181,31.181,NoButton,Move,539,449
31.198,31.198,NoButton,Move,557,439
31.214,31.214,NoButton,Move,573,433
31.231,31.231,NoButton,Move,589,428
31.247,31.247,NoButton,Move,602,425
31.264,31.264,NoButton,Move,610,424
31.28,31.28,NoButton,Move,616,423
31.297,31.297,NoButton,Move,620,422
31.314,31.314,NoButton,Move,622,422
31.331,31.331,NoButton,Move,622,422
31.347,31.347,NoButton,Move,623,422
31.364,31.364,NoButton,Move,623,422
31.394,31.394,NoButton,Move,623,421
31.403,31.403,NoButton,Move,623,421
31.414,31.414,NoButton,Move,623,421
31.431,31.431,NoButton,Move,624,419
31.447,31.447,NoButton,Move,625,417
31.464,31.464,NoButton,Move,627,416
31.482,31.482,NoButton,Move,628,413
31.498,31.498,NoButton,Move,629,412
31.528,31.528,Left,Pressed,629,412
31.547,31.547,NoButton,Move,629,411
31.626,31.626,Left,Released,629,411
32.028,32.028,NoButton,Move,629,413
32.034,32.034,NoButton,Move,629,418
32.051,32.051,NoButton,Move,629,424
32.064,32.064,NoButton,Move,629,426
32.08,32.08,NoButton,Move,629,431
32.097,32.097,NoButton,Move,629,436
32.114,32.114,NoButton,Move,629,445
32.131,32.131,NoButton,Move,629,451
32.147,32.147,NoButton,Move,632,459
32.164,32.164,NoButton,Move,637,462
32.181,32.181,NoButton,Move,648,462
32.197,32.197,NoButton,Move,657,461
32.977,32.977,NoButton,Move,656,467
32.997,32.997,NoButton,Move,654,492
33.014,33.014,NoButton,Move,654,509
33.03,33.03,NoButton,Move,657,530
33.048,33.048,NoButton,Move,660,543
33.064,33.064,NoButton,Move,664,553
33.08,33.08,NoButton,Move,666,563
33.097,33.097,NoButton,Move,667,568
33.114,33.114,NoButton,Move,668,571
33.13,33.13,NoButton,Move,668,573
33.147,33.147,NoButton,Move,668,575
33.164,33.164,NoButton,Move,668,577
33.18,33.18,NoButton,Move,668,579
33.197,33.197,NoButton,Move,668,580
33.214,33.214,NoButton,Move,667,581
33.231,33.231,NoButton,Move,667,582
33.261,33.261,Left,Pressed,667,582
33.357,33.357,Left,Released,667,582
39.398,39.398,NoButton,Move,667,586
39.414,39.414,NoButton,Move,678,608
39.431,39.431,NoButton,Move,694,623
39.447,39.447,NoButton,Move,711,634
39.464,39.464,NoButton,Move,734,647
39.481,39.481,NoButton,Move,762,660
39.498,39.498,NoButton,Move,770,664
39.514,39.514,NoButton,Move,781,667
39.531,39.531,NoButton,Move,786,669
39.547,39.547,NoButton,Move,788,669
39.564,39.564,NoButton,Move,790,669
39.58,39.58,NoButton,Move,790,668
39.597,39.597,NoButton,Move,790,666
39.614,39.614,NoButton,Move,790,664
39.631,39.631,NoButton,Move,791,662
39.647,39.647,NoButton,Move,791,661
39.664,39.664,NoButton,Move,792,659
39.682,39.682,NoButton,Move,793,658
39.698,39.698,NoButton,Move,794,657
39.714,39.714,NoButton,Move,795,655
39.731,39.731,NoButton,Move,796,653
39.748,39.748,NoButton,Move,796,649
39.764,39.764,NoButton,Move,796,643
39.781,39.781,NoButton,Move,797,639
39.798,39.798,NoButton,Move,797,637
39.814,39.814,NoButton,Move,797,636
39.845,39.845,Left,Pressed,797,636
39.852,39.852,NoButton,Move,797,636
39.913,39.913,Left,Released,797,636
42.68,42.68,NoButton,Move,797,636
42.704,42.704,NoButton,Move,797,636
42.719,42.719,NoButton,Move,797,635
42.731,42.731,NoButton,Move,798,635
42.747,42.747,NoButton,Move,798,635
42.764,42.764,NoButton,Move,798,634
42.782,42.782,NoButton,Move,798,634
42.797,42.797,NoButton,Move,798,634
42.818,42.818,NoButton,Move,798,634
42.831,42.831,NoButton,Move,799,634
42.917,42.917,NoButton,Move,799,634
42.963,42.963,NoButton,Move,799,634
42.981,42.981,NoButton,Move,799,634
42.997,42.997,NoButton,Move,799,634
43.014,43.014,NoButton,Move,799,633
43.031,43.031,NoButton,Move,800,633
44.029,44.029,NoButton,Move,800,633
44.057,44.057,NoButton,Move,798,632
44.064,44.064,NoButton,Move,795,631
44.081,44.081,NoButton,Move,774,624
44.097,44.097,NoButton,Move,729,615
44.114,44.114,NoButton,Move,629,594
44.131,44.131,NoButton,Move,522,572
44.147,44.147,NoButton,Move,408,540
44.164,44.164,NoButton,Move,340,516
44.181,44.181,NoButton,Move,293,501
44.198,44.198,NoButton,Move,265,493
44.215,44.215,NoButton,Move,248,489
44.231,44.231,NoButton,Move,241,487
44.643,44.643,NoButton,Move,243,488
44.664,44.664,NoButton,Move,246,491
44.681,44.681,NoButton,Move,248,492
44.697,44.697,NoButton,Move,249,493
44.714,44.714,NoButton,Move,250,494
44.731,44.731,NoButton,Move,250,494
44.747,44.747,NoButton,Move,250,494
44.764,44.764,NoButton,Move,246,494
44.781,44.781,NoButton,Move,233,489
44.797,44.797,NoButton,Move,211,469
44.814,44.814,NoButton,Move,181,436
44.831,44.831,NoButton,Move,146,390
44.848,44.848,NoButton,Move,120,351
44.863,44.863,NoButton,Move,111,338
44.881,44.881,NoButton,Move,106,328
44.898,44.898,NoButton,Move,104,324
44.914,44.914,NoButton,Move,104,324
44.997,44.997,NoButton,Move,104,324
45.014,45.014,NoButton,Move,104,324
45.031,45.031,NoButton,Move,103,323
45.047,45.047,NoButton,Move,103,322
45.064,45.064,NoButton,Move,100,318
45.08,45.08,NoButton,Move,96,312
45.097,45.097,NoButton,Move,91,303
45.114,45.114,NoButton,Move,85,292
45.131,45.131,NoButton,Move,81,284
45.147,45.147,NoButton,Move,78,277
45.164,45.164,NoButton,Move,76,273
45.181,45.181,NoButton,Move,75,271
45.197,45.197,NoButton,Move,75,271
45.214,45.214,NoButton,Move,75,271
45.231,45.231,NoButton,Move,75,270
45.244,45.244,Left,Pressed,75,270
45.344,45.344,Left,Released,75,270
45.544,45.544,NoButton,Move,75,270
45.552,45.552,NoButton,Move,78,270
45.564,45.564,NoButton,Move,83,271
45.581,45.581,NoButton,Move,94,273
45.597,45.597,NoButton,Move,124,276
45.614,45.614,NoButton,Move,169,279
45.632,45.632,NoButton,Move,254,290
45.648,45.648,NoButton,Move,338,310
45.664,45.664,NoButton,Move,438,344
45.681,45.681,NoButton,Move,505,372
45.698,45.698,NoButton,Move,551,391
45.905,45.905,NoButton,Move,551,391
45.914,45.914,NoButton,Move,546,389
45.931,45.931,NoButton,Move,525,375
45.948,45.948,NoButton,Move,494,359
45.964,45.964,NoButton,Move,455,340
45.981,45.981,NoButton,Move,413,322
45.997,45.997,NoButton,Move,381,312
46.014,46.014,NoButton,Move,342,305
46.031,46.031,NoButton,Move,308,305
46.047,46.047,NoButton,Move,293,305
46.064,46.064,NoButton,Move,246,330
46.081,46.081,NoButton,Move,222,351
46.097,46.097,NoButton,Move,209,363
46.114,46.114,NoButton,Move,194,374
46.131,46.131,NoButton,Move,188,378
46.147,46.147,NoButton,Move,182,381
46.164,46.164,NoButton,Move,178,382
46.18,46.18,NoButton,Move,175,382
46.197,46.197,NoButton,Move,172,382
46.214,46.214,NoButton,Move,168,382
46.23,46.23,NoButton,Move,165,380
46.247,46.247,NoButton,Move,160,376
46.264,46.264,NoButton,Move,156,371
46.28,46.28,NoButton,Move,152,364
46.297,46.297,NoButton,Move,149,358
46.314,46.314,NoButton,Move,147,351
46.33,46.33,NoButton,Move,146,347
46.348,46.348,NoButton,Move,145,343
46.364,46.364,NoButton,Move,144,341
46.381,46.381,NoButton,Move,144,340
46.464,46.464,NoButton,Move,144,341
46.479,46.479,Left,Pressed,144,341
46.498,46.498,NoButton,Move,144,341
46.544,46.544,Left,Released,144,341
46.664,46.664,NoButton,Move,144,341
46.681,46.681,NoButton,Move,144,344
46.698,46.698,NoButton,Move,144,349
46.714,46.714,NoButton,Move,144,353
46.731,46.731,NoButton,Move,144,356
46.747,46.747,NoButton,Move,144,359
46.764,46.764,NoButton,Move,144,360
46.781,46.781,NoButton,Move,144,360
46.793,46.793,Left,Pressed,144,360
46.814,46.814,NoButton,Move,144,360
46.894,46.894,Left,Released,144,360
47.141,47.141,NoButton,Move,145,360
47.148,47.148,NoButton,Move,150,360
47.164,47.164,NoButton,Move,161,360
47.181,47.181,NoButton,Move,176,360
47.198,47.198,NoButton,Move,195,359
47.214,47.214,NoButton,Move,263,356
47.231,47.231,NoButton,Move,322,355
47.248,47.248,NoButton,Move,381,355
47.264,47.264,NoButton,Move,417,355
47.282,47.282,NoButton,Move,456,357
47.298,47.298,NoButton,Move,474,360
47.314,47.314,NoButton,Move,484,361
47.331,47.331,NoButton,Move,491,362
47.348,47.348,NoButton,Move,494,362
47.364,47.364,NoButton,Move,495,363
47.381,47.381,NoButton,Move,496,363
47.397,47.397,NoButton,Move,496,363
47.414,47.414,NoButton,Move,496,364
47.431,47.431,NoButton,Move,496,365
47.448,47.448,NoButton,Move,496,366
47.464,47.464,NoButton,Move,495,368
47.481,47.481,NoButton,Move,494,370
47.498,47.498,NoButton,Move,492,370
47.515,47.515,NoButton,Move,491,371
47.531,47.531,NoButton,Move,489,371
47.548,47.548,NoButton,Move,488,367
47.564,47.564,NoButton,Move,485,361
47.581,47.581,NoButton,Move,483,352
47.597,47.597,NoButton,Move,482,346
47.614,47.614,NoButton,Move,481,339
47.631,47.631,NoButton,Move,481,338
47.644,47.644,Left,Pressed,481,338
47.648,47.648,Left,Released,481,338
49.149,49.149,NoButton,Move,448,404
49.164,49.164,NoButton,Move,448,402
49.18,49.18,NoButton,Move,448,400
49.197,49.197,NoButton,Move,448,399
49.214,49.214,NoButton,Move,448,399
49.26,49.26,Left,Pressed,448,399
49.264,49.264,Left,Released,448,399
54.812,54.812,NoButton,Move,413,502
54.814,54.814,NoButton,Move,420,528
54.831,54.831,NoButton,Move,412,499
54.847,54.847,NoButton,Move,410,497
54.864,54.864,NoButton,Move,409,496
54.88,54.88,NoButton,Move,408,495
54.897,54.897,NoButton,Move,407,495
54.914,54.914,NoButton,Move,405,494
54.93,54.93,NoButton,Move,405,494
54.947,54.947,NoButton,Move,404,494
54.964,54.964,NoButton,Move,403,493
54.98,54.98,NoButton,Move,403,493
54.993,54.993,Left,Pressed,403,493
55.108,55.108,Left,Released,403,493
55.114,55.114,NoButton,Move,403,491
59.331,59.331,NoButton,Move,403,498
59.347,59.347,NoButton,Move,397,528
59.364,59.364,NoButton,Move,395,540
59.381,59.381,NoButton,Move,394,544
59.397,59.397,NoButton,Move,393,546
59.414,59.414,NoButton,Move,391,548
59.431,59.431,NoButton,Move,390,549
59.448,59.448,NoButton,Move,389,550
59.464,59.464,NoButton,Move,387,550
59.482,59.482,NoButton,Move,387,550
59.497,59.497,NoButton,Move,386,550
59.514,59.514,NoButton,Move,385,551
59.531,59.531,NoButton,Move,382,552
59.547,59.547,NoButton,Move,380,554
59.564,59.564,NoButton,Move,376,557
59.581,59.581,NoButton,Move,374,559
59.598,59.598,NoButton,Move,373,560
59.614,59.614,NoButton,Move,373,561
59.629,59.629,Left,Pressed,373,561
59.726,59.726,NoButton,Move,373,561
59.726,59.726,Left,Released,373,561
62.173,62.173,NoButton,Move,373,561
62.181,62.181,NoButton,Move,373,567
62.197,62.197,NoButton,Move,373,573
62.214,62.214,NoButton,Move,374,581
62.231,62.231,NoButton,Move,377,597
62.248,62.248,NoButton,Move,383,619
62.26,62.26,NoButton,Move,386,632
62.28,62.28,NoButton,Move,395,661
62.298,62.298,NoButton,Move,401,680
62.314,62.314,NoButton,Move,405,690
62.331,62.331,NoButton,Move,407,699
62.348,62.348,NoButton,Move,409,704
62.364,62.364,NoButton,Move,409,706
62.381,62.381,NoButton,Move,409,708
62.398,62.398,NoButton,Move,409,709
62.414,62.414,NoButton,Move,409,710
62.432,62.432,NoButton,Move,409,711
62.448,62.448,NoButton,Move,409,711
62.464,62.464,NoButton,Move,409,711
62.481,62.481,NoButton,Move,408,709
62.498,62.498,NoButton,Move,405,702
62.514,62.514,NoButton,Move,403,694
62.531,62.531,NoButton,Move,401,686
62.549,62.549,NoButton,Move,400,678
62.564,62.564,NoButton,Move,400,674
62.581,62.581,NoButton,Move,399,670
62.598,62.598,NoButton,Move,399,668
62.614,62.614,NoButton,Move,399,667
62.631,62.631,NoButton,Move,399,667
62.648,62.648,NoButton,Move,399,667
62.664,62.664,NoButton,Move,399,666
62.681,62.681,NoButton,Move,398,666
62.698,62.698,NoButton,Move,398,666
62.714,62.714,NoButton,Move,398,665
62.731,62.731,NoButton,Move,398,663
62.748,62.748,NoButton,Move,398,662
62.764,62.764,NoButton,Move,398,660
62.781,62.781,NoButton,Move,398,659
62.798,62.798,NoButton,Move,398,659
62.814,62.814,NoButton,Move,398,658
62.833,62.833,NoButton,Move,398,658
63.337,63.337,NoButton,Move,385,645
63.348,63.348,NoButton,Move,381,643
63.365,63.365,NoButton,Move,375,641
63.381,63.381,NoButton,Move,369,639
63.398,63.398,NoButton,Move,368,638
63.411,63.411,Left,Pressed,368,638
63.529,63.529,NoButton,Move,368,638
63.529,63.529,Left,Released,368,638
63.742,63.742,NoButton,Move,368,637
63.749,63.749,NoButton,Move,372,635
63.764,63.764,NoButton,Move,376,633
63.781,63.781,NoButton,Move,398,621
63.797,63.797,NoButton,Move,437,603
63.814,63.814,NoButton,Move,489,582
63.831,63.831,NoButton,Move,545,561
63.847,63.847,NoButton,Move,586,546
63.864,63.864,NoButton,Move,627,529
63.882,63.882,NoButton,Move,654,515
63.897,63.897,NoButton,Move,661,510
63.914,63.914,NoButton,Move,667,506
63.931,63.931,NoButton,Move,669,504
63.947,63.947,NoButton,Move,669,503
63.964,63.964,NoButton,Move,670,503
63.981,63.981,NoButton,Move,670,503
63.998,63.998,NoButton,Move,670,503
64.029,64.029,Left,Pressed,670,503
64.064,64.064,NoButton,Move,670,503
64.093,64.093,Left,Released,670,503
64.257,64.257,NoButton,Move,665,503
64.266,64.266,NoButton,Move,661,505
64.286,64.286,NoButton,Move,648,506
64.298,64.298,NoButton,Move,642,506
64.314,64.314,NoButton,Move,625,503
64.332,64.332,NoButton,Move,573,474
64.348,64.348,NoButton,Move,524,446
64.365,64.365,NoButton,Move,508,435
64.381,64.381,NoButton,Move,484,420
64.397,64.397,NoButton,Move,475,415
64.414,64.414,NoButton,Move,470,412
64.431,64.431,NoButton,Move,468,412
64.448,64.448,NoButton,Move,467,412
64.464,64.464,NoButton,Move,467,416
64.481,64.481,NoButton,Move,469,422
64.498,64.498,NoButton,Move,472,431
64.515,64.515,NoButton,Move,476,440
64.531,64.531,NoButton,Move,480,447
64.548,64.548,NoButton,Move,483,451
64.564,64.564,NoButton,Move,486,455
64.581,64.581,NoButton,Move,488,456
64.597,64.597,NoButton,Move,489,456
64.61,64.61,Left,Pressed,489,456
64.631,64.631,NoButton,Move,489,456
64.693,64.693,Left,Released,489,456
64.806,64.806,NoButton,Move,489,456
64.814,64.814,NoButton,Move,489,455
64.831,64.831,NoButton,Move,489,451
64.848,64.848,NoButton,Move,488,443
64.864,64.864,NoButton,Move,482,428
64.88,64.88,NoButton,Move,474,407
64.898,64.898,NoButton,Move,467,393
64.914,64.914,NoButton,Move,460,381
64.931,64.931,NoButton,Move,456,375
64.947,64.947,NoButton,Move,452,371
64.964,64.964,NoButton,Move,450,370
64.981,64.981,NoButton,Move,449,369
64.998,64.998,NoButton,Move,448,368
65.014,65.014,NoButton,Move,446,367
65.032,65.032,NoButton,Move,443,363
65.048,65.048,NoButton,Move,441,360
65.064,65.064,NoButton,Move,436,349
65.081,65.081,NoButton,Move,433,339
65.098,65.098,NoButton,Move,431,333
65.114,65.114,NoButton,Move,430,328
65.131,65.131,NoButton,Move,430,326
65.147,65.147,NoButton,Move,430,325
65.16,65.16,Left,Pressed,430,325
65.164,65.164,Left,Released,430,325
66.014,66.014,NoButton,Move,413,505
66.071,66.071,NoButton,Move,413,504
66.081,66.081,NoButton,Move,413,476
66.098,66.098,NoButton,Move,413,414
66.126,66.126,Left,Pressed,413,414
66.127,66.127,Left,Released,413,414
67.515,67.515,NoButton,Move,392,516
67.531,67.531,NoButton,Move,390,513
67.546,67.546,NoButton,Move,390,512
67.564,67.564,NoButton,Move,389,511
67.581,67.581,NoButton,Move,389,511
67.597,67.597,NoButton,Move,389,510
67.614,67.614,NoButton,Move,388,510
67.631,67.631,NoButton,Move,387,509
67.647,67.647,NoButton,Move,387,507
67.664,67.664,NoButton,Move,386,505
67.681,67.681,NoButton,Move,385,503
67.698,67.698,NoButton,Move,385,503
67.71,67.71,Left,Pressed,385,503
67.731,67.731,NoButton,Move,385,503
67.795,67.795,Left,Released,385,503
70.132,70.132,NoButton,Move,385,507
70.147,70.147,NoButton,Move,390,516
70.164,70.164,NoButton,Move,394,524
70.181,70.181,NoButton,Move,399,532
70.197,70.197,NoButton,Move,402,539
70.214,70.214,NoButton,Move,405,547
70.231,70.231,NoButton,Move,407,553
70.248,70.248,NoButton,Move,409,560
70.264,70.264,NoButton,Move,410,568
70.281,70.281,NoButton,Move,411,573
70.298,70.298,NoButton,Move,411,578
70.314,70.314,NoButton,Move,411,582
70.331,70.331,NoButton,Move,411,586
70.347,70.347,NoButton,Move,411,586
70.364,70.364,NoButton,Move,411,587
70.462,70.462,Left,Pressed,411,587
70.557,70.557,Left,Released,411,587
70.581,70.581,NoButton,Move,411,585
73.414,73.414,NoButton,Move,411,587
73.431,73.431,NoButton,Move,407,593
73.447,73.447,NoButton,Move,404,598
73.464,73.464,NoButton,Move,402,601
73.481,73.481,NoButton,Move,399,605
73.497,73.497,NoButton,Move,395,609
73.514,73.514,NoButton,Move,391,614
73.531,73.531,NoButton,Move,389,616
73.547,73.547,NoButton,Move,388,617
73.564,73.564,NoButton,Move,387,618
73.581,73.581,NoButton,Move,387,619
73.614,73.614,NoButton,Move,387,619
73.631,73.631,NoButton,Move,386,621
73.648,73.648,NoButton,Move,385,621
73.66,73.66,Left,Pressed,385,621
73.697,73.697,NoButton,Move,385,622
73.763,73.763,Left,Released,385,622
73.95,73.95,NoButton,Move,386,622
73.964,73.964,NoButton,Move,387,621
73.981,73.981,NoButton,Move,397,613
73.998,73.998,NoButton,Move,409,600
74.014,74.014,NoButton,Move,428,582
74.031,74.031,NoButton,Move,474,540
74.047,74.047,NoButton,Move,491,528
74.064,74.064,NoButton,Move,531,506
74.081,74.081,NoButton,Move,566,493
74.097,74.097,NoButton,Move,599,486
74.114,74.114,NoButton,Move,629,482
74.131,74.131,NoButton,Move,648,482
74.148,74.148,NoButton,Move,661,482
74.164,74.164,NoButton,Move,670,482
74.181,74.181,NoButton,Move,675,482
74.198,74.198,NoButton,Move,676,482
74.229,74.229,Left,Pressed,676,482
74.248,74.248,NoButton,Move,677,482
74.343,74.343,Left,Released,677,482
74.875,74.875,NoButton,Move,677,481
74.898,74.898,NoButton,Move,673,477
74.915,74.915,NoButton,Move,669,474
74.931,74.931,NoButton,Move,664,469
74.948,74.948,NoButton,Move,662,467
74.965,74.965,NoButton,Move,662,466
74.981,74.981,NoButton,Move,661,465
75.014,75.014,NoButton,Move,661,465
75.049,75.049,Left,Pressed,661,465
75.144,75.144,Left,Released,661,465
75.965,75.965,NoButton,Move,661,465
75.981,75.981,NoButton,Move,658,466
75.999,75.999,NoButton,Move,652,468
76.015,76.015,NoButton,Move,639,471
76.031,76.031,NoButton,Move,606,473
76.047,76.047,NoButton,Move,583,474
76.064,76.064,NoButton,Move,493,471
76.081,76.081,NoButton,Move,421,460
76.097,76.097,NoButton,Move,377,450
76.114,76.114,NoButton,Move,343,442
76.131,76.131,NoButton,Move,322,437
76.148,76.148,NoButton,Move,305,434
76.323,76.323,NoButton,Move,305,434
76.332,76.332,NoButton,Move,302,434
76.348,76.348,NoButton,Move,294,426
76.364,76.364,NoButton,Move,288,421
76.381,76.381,NoButton,Move,246,376
76.398,76.398,NoButton,Move,219,345
76.415,76.415,NoButton,Move,190,312
76.432,76.432,NoButton,Move,177,297
76.448,76.448,NoButton,Move,170,290
76.464,76.464,NoButton,Move,164,285
76.481,76.481,NoButton,Move,161,283
76.498,76.498,NoButton,Move,158,283
76.514,76.514,NoButton,Move,155,283
76.531,76.531,NoButton,Move,154,283
76.548,76.548,NoButton,Move,152,283
76.564,76.564,NoButton,Move,151,283
76.581,76.581,NoButton,Move,150,283
76.597,76.597,NoButton,Move,149,283
76.614,76.614,NoButton,Move,149,283
76.631,76.631,NoButton,Move,148,283
76.648,76.648,NoButton,Move,147,279
76.664,76.664,NoButton,Move,144,273
76.681,76.681,NoButton,Move,142,268
76.698,76.698,NoButton,Move,139,263
76.715,76.715,NoButton,Move,137,260
76.731,76.731,NoButton,Move,136,259
76.748,76.748,NoButton,Move,136,258
76.764,76.764,NoButton,Move,136,258
76.795,76.795,Left,Pressed,136,258
76.91,76.91,Left,Released,136,258
77.215,77.215,NoButton,Move,137,258
77.231,77.231,NoButton,Move,139,258
77.247,77.247,NoButton,Move,145,258
77.264,77.264,NoButton,Move,163,263
77.281,77.281,NoButton,Move,177,271
77.298,77.298,NoButton,Move,194,281
77.314,77.314,NoButton,Move,221,300
77.331,77.331,NoButton,Move,250,326
77.348,77.348,NoButton,Move,300,390
77.364,77.364,NoButton,Move,329,438
77.381,77.381,NoButton,Move,354,482
77.398,77.398,NoButton,Move,377,527
77.414,77.414,NoButton,Move,386,549
77.431,77.431,NoButton,Move,392,569
77.448,77.448,NoButton,Move,395,583
77.748,77.748,NoButton,Move,396,583
77.764,77.764,NoButton,Move,404,583
77.781,77.781,NoButton,Move,416,582
77.798,77.798,NoButton,Move,454,582
77.814,77.814,NoButton,Move,499,585
77.831,77.831,NoButton,Move,550,598
77.848,77.848,NoButton,Move,591,608
77.864,77.864,NoButton,Move,618,614
77.882,77.882,NoButton,Move,634,619
77.898,77.898,NoButton,Move,640,621
78.108,78.108,NoButton,Move,640,621
78.116,78.116,NoButton,Move,640,622
78.131,78.131,NoButton,Move,640,624
78.149,78.149,NoButton,Move,639,628
78.165,78.165,NoButton,Move,639,632
78.181,78.181,NoButton,Move,638,636
78.198,78.198,NoButton,Move,638,638
78.214,78.214,NoButton,Move,638,639
78.246,78.246,Left,Pressed,638,639
78.25,78.25,NoButton,Move,638,639
78.361,78.361,Left,Released,638,639
78.696,78.696,NoButton,Move,638,638
78.704,78.704,NoButton,Move,638,637
78.714,78.714,NoButton,Move,638,636
78.731,78.731,NoButton,Move,638,631
78.748,78.748,NoButton,Move,643,625
78.764,78.764,NoButton,Move,654,616
78.782,78.782,NoButton,Move,669,610
78.798,78.798,NoButton,Move,688,608
78.814,78.814,NoButton,Move,703,608
78.831,78.831,NoButton,Move,717,609
78.848,78.848,NoButton,Move,724,613
78.864,78.864,NoButton,Move,730,617
78.881,78.881,NoButton,Move,731,620
79.293,79.293,NoButton,Move,731,620
79.297,79.297,NoButton,Move,735,622
79.314,79.314,NoButton,Move,746,628
79.331,79.331,NoButton,Move,762,637
79.348,79.348,NoButton,Move,776,644
79.364,79.364,NoButton,Move,791,652
79.381,79.381,NoButton,Move,799,655
79.398,79.398,NoButton,Move,804,658
79.415,79.415,NoButton,Move,805,660
79.431,79.431,NoButton,Move,806,660
79.448,79.448,NoButton,Move,803,660
79.465,79.465,NoButton,Move,794,660
79.482,79.482,NoButton,Move,774,655
79.498,79.498,NoButton,Move,744,649
79.515,79.515,NoButton,Move,704,643
79.531,79.531,NoButton,Move,672,637
79.548,79.548,NoButton,Move,634,632
79.565,79.565,NoButton,Move,622,631
79.581,79.581,NoButton,Move,614,630
79.598,79.598,NoButton,Move,611,629
79.615,79.615,NoButton,Move,611,629
79.627,79.627,Left,Pressed,611,629
79.664,79.664,NoButton,Move,611,629
79.731,79.731,Left,Released,611,629
79.814,79.814,NoButton,Move,611,629
79.831,79.831,NoButton,Move,614,629
79.848,79.848,NoButton,Move,622,629
79.864,79.864,NoButton,Move,635,629
79.881,79.881,NoButton,Move,653,629
79.898,79.898,NoButton,Move,674,629
79.914,79.914,NoButton,Move,688,629
79.931,79.931,NoButton,Move,705,629
79.948,79.948,NoButton,Move,716,629
79.964,79.964,NoButton,Move,721,629
79.981,79.981,NoButton,Move,726,628
79.998,79.998,NoButton,Move,728,628
80.015,80.015,NoButton,Move,730,628
80.031,80.031,NoButton,Move,730,628
80.048,80.048,NoButton,Move,730,628
80.064,80.064,NoButton,Move,731,628
80.081,80.081,NoButton,Move,731,628
80.114,80.114,NoButton,Move,731,628
80.138,80.138,NoButton,Move,731,628
80.148,80.148,NoButton,Move,732,628
80.164,80.164,NoButton,Move,732,630
80.181,80.181,NoButton,Move,733,631
80.198,80.198,NoButton,Move,733,631
80.214,80.214,NoButton,Move,733,632
80.245,80.245,Left,Pressed,733,632
80.345,80.345,Left,Released,733,632
85.492,85.492,NoButton,Move,734,630
85.514,85.514,NoButton,Move,746,611
85.531,85.531,NoButton,Move,760,589
85.548,85.548,NoButton,Move,767,580
85.564,85.564,NoButton,Move,801,536
85.581,85.581,NoButton,Move,826,505
85.598,85.598,NoButton,Move,842,488
85.614,85.614,NoButton,Move,855,470
85.631,85.631,NoButton,Move,861,462
85.814,85.814,NoButton,Move,861,461
85.82,85.82,NoButton,Move,861,460
85.831,85.831,NoButton,Move,861,458
85.848,85.848,NoButton,Move,862,455
85.865,85.865,NoButton,Move,863,451
85.881,85.881,NoButton,Move,863,445
85.898,85.898,NoButton,Move,863,441
85.914,85.914,NoButton,Move,863,436
85.932,85.932,NoButton,Move,861,432
85.948,85.948,NoButton,Move,859,430
85.964,85.964,NoButton,Move,856,427
85.982,85.982,NoButton,Move,854,426
85.998,85.998,NoButton,Move,852,425
86.014,86.014,NoButton,Move,852,425
86.031,86.031,NoButton,Move,851,425
86.048,86.048,NoButton,Move,851,425
86.064,86.064,NoButton,Move,851,425
86.132,86.132,NoButton,Move,851,424
92.404,92.404,NoButton,Move,851,424
92.415,92.415,NoButton,Move,851,424
92.431,92.431,NoButton,Move,850,424
92.448,92.448,NoButton,Move,850,424
92.465,92.465,NoButton,Move,850,423
92.526,92.526,NoButton,Move,849,423
92.532,92.532,NoButton,Move,849,423
92.549,92.549,NoButton,Move,849,423
92.565,92.565,NoButton,Move,848,422
92.581,92.581,NoButton,Move,847,421
92.598,92.598,NoButton,Move,839,418
92.614,92.614,NoButton,Move,824,414
92.631,92.631,NoButton,Move,768,408
92.648,92.648,NoButton,Move,685,408
92.665,92.665,NoButton,Move,561,408
92.682,92.682,NoButton,Move,429,401
92.698,92.698,NoButton,Move,359,387
92.715,92.715,NoButton,Move,313,373
92.731,92.731,NoButton,Move,304,370
92.926,92.926,NoButton,Move,304,370
92.934,92.934,NoButton,Move,301,370
92.948,92.948,NoButton,Move,297,371
92.965,92.965,NoButton,Move,285,372
92.981,92.981,NoButton,Move,253,372
92.998,92.998,NoButton,Move,211,357
93.015,93.015,NoButton,Move,184,344
93.031,93.031,NoButton,Move,94,294
93.065,93.065,NoButton,Move,42,260
93.081,93.081,NoButton,Move,33,254
93.098,93.098,NoButton,Move,27,250
93.114,93.114,NoButton,Move,25,248
93.131,93.131,NoButton,Move,25,246
93.148,93.148,NoButton,Move,25,245
93.164,93.164,NoButton,Move,25,243
93.181,93.181,NoButton,Move,26,242
93.198,93.198,NoButton,Move,27,242
93.215,93.215,NoButton,Move,27,242
93.231,93.231,NoButton,Move,28,242
93.248,93.248,NoButton,Move,28,242
93.264,93.264,NoButton,Move,28,242
93.281,93.281,NoButton,Move,29,245
93.298,93.298,NoButton,Move,30,250
93.315,93.315,NoButton,Move,32,257
93.331,93.331,NoButton,Move,33,263
93.348,93.348,NoButton,Move,34,267
93.365,93.365,NoButton,Move,36,270
93.381,93.381,NoButton,Move,37,272
93.398,93.398,NoButton,Move,37,272
93.415,93.415,NoButton,Move,38,273
93.431,93.431,NoButton,Move,39,273
93.465,93.465,NoButton,Move,39,273
93.498,93.498,NoButton,Move,39,273
93.511,93.511,Left,Pressed,39,273
93.532,93.532,NoButton,Move,39,273
93.645,93.645,Left,Released,39,273
96.521,96.521,NoButton,Move,39,273
96.531,96.531,NoButton,Move,40,273
96.548,96.548,NoButton,Move,44,273
96.565,96.565,NoButton,Move,55,273
96.581,96.581,NoButton,Move,71,269
96.599,96.599,NoButton,Move,107,262
96.615,96.615,NoButton,Move,129,259
96.632,96.632,NoButton,Move,250,259
96.648,96.648,NoButton,Move,342,278
96.665,96.665,NoButton,Move,409,295
96.682,96.682,NoButton,Move,483,316
96.698,96.698,NoButton,Move,519,330
96.715,96.715,NoButton,Move,540,338
97.011,97.011,NoButton,Move,541,338
97.019,97.019,NoButton,Move,542,338
97.031,97.031,NoButton,Move,543,338
97.048,97.048,NoButton,Move,545,338
97.065,97.065,NoButton,Move,551,339
97.081,97.081,NoButton,Move,556,341
97.099,97.099,NoButton,Move,562,346
97.114,97.114,NoButton,Move,568,354
97.131,97.131,NoButton,Move,575,361
97.148,97.148,NoButton,Move,579,365
97.164,97.164,NoButton,Move,582,369
97.181,97.181,NoButton,Move,583,370
97.198,97.198,NoButton,Move,584,371
97.214,97.214,NoButton,Move,584,371
97.228,97.228,Left,Pressed,584,371
97.345,97.345,Left,Released,584,371
97.754,97.754,Scroll,Down,0,1
97.765,97.765,Scroll,Down,0,2
97.781,97.781,Scroll,Down,0,6
97.798,97.798,Scroll,Down,0,6
97.815,97.815,Scroll,Down,0,5
97.831,97.831,Scroll,Down,0,5
97.848,97.848,Scroll,Down,0,4
97.865,97.865,Scroll,Down,0,3
97.881,97.881,Scroll,Down,0,3
97.898,97.898,Scroll,Down,0,3
97.915,97.915,Scroll,Down,0,3
97.931,97.931,Scroll,Down,0,2
97.948,97.948,Scroll,Down,0,2
97.965,97.965,Scroll,Down,0,1
97.981,97.981,Scroll,Down,0,1
98.348,98.348,Scroll,Down,0,1
98.364,98.364,Scroll,Down,0,3
98.381,98.381,Scroll,Down,0,8
98.398,98.398,Scroll,Down,0,15
98.415,98.415,Scroll,Down,0,17
98.431,98.431,Scroll,Down,0,29
98.448,98.448,Scroll,Down,0,28
98.465,98.465,Scroll,Down,0,20
98.481,98.481,Scroll,Down,0,10
98.498,98.498,Scroll,Down,0,22
98.515,98.515,Scroll,Down,0,25
98.532,98.532,Scroll,Down,0,26
98.533,98.533,NoButton,Move,584,371
98.549,98.549,NoButton,Move,584,370
98.549,98.549,Scroll,Down,0,25
98.564,98.564,Scroll,Down,0,25
98.582,98.582,Scroll,Down,0,24
98.598,98.598,Scroll,Down,0,28
98.615,98.615,Scroll,Down,0,27
98.631,98.631,Scroll,Down,0,24
98.648,98.648,Scroll,Down,0,22
98.665,98.665,Scroll,Down,0,20
98.681,98.681,Scroll,Down,0,19
98.715,98.715,Scroll,Down,0,33
98.731,98.731,Scroll,Down,0,14
98.748,98.748,Scroll,Down,0,13
98.765,98.765,Scroll,Down,0,12
98.971,98.971,Scroll,Up,0,1
98.982,98.982,Scroll,Up,0,12
98.998,98.998,Scroll,Up,0,30
99.014,99.014,Scroll,Up,0,38
99.032,99.032,Scroll,Up,0,44
99.048,99.048,Scroll,Up,0,66
99.064,99.064,Scroll,Up,0,74
99.081,99.081,Scroll,Up,0,75
99.098,99.098,Scroll,Up,0,74
99.115,99.115,Scroll,Up,0,71
99.132,99.132,Scroll,Up,0,68
99.154,99.154,Scroll,Up,0,70
99.348,99.348,Scroll,Down,0,1
99.348,99.348,Scroll,Down,0,1
99.365,99.365,Scroll,Down,0,8
99.382,99.382,Scroll,Down,0,20
99.398,99.398,Scroll,Down,0,29
99.415,99.415,Scroll,Down,0,47
99.431,99.431,Scroll,Down,0,43
99.448,99.448,Scroll,Down,0,70
99.465,99.465,Scroll,Down,0,80
99.481,99.481,Scroll,Down,0,80
99.498,99.498,Scroll,Down,0,79
99.514,99.514,Scroll,Down,0,76
99.531,99.531,Scroll,Down,0,73
99.548,99.548,Scroll,Down,0,74
99.565,99.565,Scroll,Down,0,72
99.581,99.581,Scroll,Down,0,66
99.597,99.597,Scroll,Down,0,62
99.615,99.615,Scroll,Down,0,58
99.631,99.631,Scroll,Down,0,54
99.648,99.648,Scroll,Down,0,51
99.664,99.664,Scroll,Down,0,47
99.682,99.682,Scroll,Down,0,43
99.698,99.698,Scroll,Down,0,40
99.715,99.715,Scroll,Down,0,37
99.731,99.731,Scroll,Down,0,34
99.748,99.748,Scroll,Down,0,31
99.765,99.765,Scroll,Down,0,28
99.781,99.781,Scroll,Down,0,26
99.798,99.798,Scroll,Down,0,24
99.815,99.815,Scroll,Down,0,22
99.831,99.831,Scroll,Down,0,20
99.847,99.847,Scroll,Down,0,19
100.038,100.038,Scroll,Down,0,1
100.049,100.049,Scroll,Down,0,2
100.064,100.064,Scroll,Down,0,7
100.081,100.081,Scroll,Down,0,16
100.098,100.098,Scroll,Down,0,34
100.115,100.115,Scroll,Down,0,33
100.131,100.131,Scroll,Down,0,43
100.148,100.148,Scroll,Down,0,51
100.165,100.165,Scroll,Down,0,53
100.181,100.181,Scroll,Down,0,53
100.198,100.198,Scroll,Down,0,51
100.215,100.215,Scroll,Down,0,50
100.23,100.23,Scroll,Down,0,53
100.248,100.248,Scroll,Down,0,51
100.265,100.265,Scroll,Down,0,47
100.281,100.281,Scroll,Down,0,43
100.298,100.298,Scroll,Down,0,40
100.315,100.315,Scroll,Down,0,37
100.331,100.331,Scroll,Down,0,34
100.348,100.348,Scroll,Down,0,31
100.365,100.365,Scroll,Down,0,28
100.381,100.381,Scroll,Down,0,26
100.398,100.398,Scroll,Down,0,24
100.414,100.414,Scroll,Down,0,22
100.431,100.431,Scroll,Down,0,20
100.448,100.448,Scroll,Down,0,19
100.465,100.465,Scroll,Down,0,17
100.481,100.481,Scroll,Down,0,16
100.498,100.498,Scroll,Down,0,14
100.515,100.515,Scroll,Down,0,13
100.531,100.531,Scroll,Down,0,12
100.548,100.548,Scroll,Down,0,11
100.565,100.565,Scroll,Down,0,10
100.581,100.581,Scroll,Down,0,9
100.598,100.598,Scroll,Down,0,8
100.615,100.615,Scroll,Down,0,8
100.631,100.631,Scroll,Down,0,7
100.648,100.648,Scroll,Down,0,6
100.665,100.665,Scroll,Down,0,6
100.681,100.681,Scroll,Down,0,5
100.698,100.698,Scroll,Down,0,5
100.721,100.721,Scroll,Down,0,5
100.771,100.771,NoButton,Move,584,371
100.788,100.788,NoButton,Move,584,375
100.805,100.805,NoButton,Move,583,379
100.821,100.821,NoButton,Move,581,389
100.837,100.837,NoButton,Move,577,399
100.854,100.854,NoButton,Move,573,409
100.871,100.871,NoButton,Move,569,417
100.887,100.887,NoButton,Move,565,425
100.904,100.904,NoButton,Move,561,439
100.92,100.92,NoButton,Move,558,449
100.937,100.937,NoButton,Move,555,461
100.954,100.954,NoButton,Move,554,466
100.971,100.971,NoButton,Move,552,472
100.987,100.987,NoButton,Move,552,474
101.012,101.012,Left,Pressed,552,474
101.031,101.031,NoButton,Move,552,474
101.111,101.111,Left,Released,552,474
101.545,101.545,Scroll,Down,0,1
101.564,101.564,Scroll,Down,0,3
101.581,101.581,Scroll,Down,0,4
101.598,101.598,Scroll,Down,0,3
101.614,101.614,Scroll,Down,0,3
101.631,101.631,Scroll,Down,0,3
101.648,101.648,Scroll,Down,0,3
101.665,101.665,Scroll,Down,0,2
101.681,101.681,Scroll,Down,0,2
101.698,101.698,Scroll,Up,0,1
101.715,101.715,Scroll,Up,0,8
101.732,101.732,Scroll,Up,0,23
101.748,101.748,Scroll,Up,0,42
101.765,101.765,Scroll,Up,0,37
101.782,101.782,Scroll,Up,0,44
101.798,101.798,Scroll,Up,0,51
101.815,101.815,Scroll,Up,0,53
101.83,101.83,Scroll,Up,0,54
101.848,101.848,Scroll,Up,0,52
101.864,101.864,Scroll,Up,0,50
101.881,101.881,Scroll,Up,0,53
101.898,101.898,Scroll,Up,0,51
101.914,101.914,Scroll,Up,0,47
101.931,101.931,Scroll,Up,0,43
101.948,101.948,Scroll,Up,0,40
101.965,101.965,Scroll,Up,0,37
101.981,101.981,Scroll,Up,0,34
101.998,101.998,Scroll,Up,0,31
102.015,102.015,Scroll,Up,0,28
102.065,102.065,Scroll,Up,0,2
102.065,102.065,Scroll,Up,0,3
102.081,102.081,Scroll,Up,0,10
102.098,102.098,Scroll,Up,0,16
102.115,102.115,Scroll,Up,0,49
102.132,102.132,Scroll,Up,0,53
102.148,102.148,Scroll,Up,0,86
102.165,102.165,Scroll,Up,0,94
102.198,102.198,Scroll,Up,0,187
102.215,102.215,Scroll,Up,0,88
102.231,102.231,Scroll,Up,0,85
102.248,102.248,Scroll,Up,0,85
102.265,102.265,Scroll,Up,0,81
102.281,102.281,Scroll,Up,0,77
102.421,102.421,Scroll,Down,0,1
102.431,102.431,Scroll,Down,0,2
102.465,102.465,Scroll,Down,0,26
102.481,102.481,Scroll,Down,0,33
102.498,102.498,Scroll,Down,0,44
102.515,102.515,Scroll,Down,0,50
102.515,102.515,Scroll,Down,0,71
102.531,102.531,Scroll,Down,0,81
102.548,102.548,Scroll,Down,0,81
102.565,102.565,Scroll,Down,0,79
102.581,102.581,Scroll,Down,0,77
103.112,103.112,Scroll,Down,0,1
103.115,103.115,Scroll,Down,0,1
103.132,103.132,Scroll,Down,0,11
103.148,103.148,Scroll,Down,0,19
103.164,103.164,Scroll,Down,0,29
103.182,103.182,Scroll,Down,0,26
103.198,103.198,Scroll,Down,0,39
103.215,103.215,Scroll,Down,0,46
103.231,103.231,Scroll,Down,0,48
104.311,104.311,Scroll,Down,0,1
104.331,104.331,Scroll,Down,0,6
104.348,104.348,Scroll,Down,0,12
104.365,104.365,Scroll,Down,0,20
104.381,104.381,Scroll,Down,0,33
104.398,104.398,Scroll,Down,0,58
104.414,104.414,Scroll,Down,0,68
104.431,104.431,Scroll,Down,0,79
104.447,104.447,Scroll,Down,0,80
104.465,104.465,Scroll,Down,0,79
104.481,104.481,Scroll,Down,0,76
104.498,104.498,Scroll,Down,0,73
104.515,104.515,Scroll,Down,0,74
104.531,104.531,Scroll,Down,0,72
104.548,104.548,Scroll,Down,0,66
104.564,104.564,Scroll,Down,0,62
104.582,104.582,Scroll,Down,0,58
104.598,104.598,Scroll,Down,0,54
104.615,104.615,Scroll,Down,0,51
104.631,104.631,Scroll,Down,0,47
104.648,104.648,Scroll,Down,0,43
104.665,104.665,Scroll,Down,0,40
104.681,104.681,Scroll,Down,0,37
104.698,104.698,Scroll,Down,0,34
104.714,104.714,Scroll,Down,0,31
104.731,104.731,Scroll,Down,0,28
104.748,104.748,Scroll,Down,0,26
104.765,104.765,Scroll,Down,0,24
104.781,104.781,Scroll,Down,0,22
104.798,104.798,Scroll,Down,0,20
104.815,104.815,Scroll,Down,0,19
104.831,104.831,Scroll,Down,0,17
104.888,104.888,NoButton,Move,552,474
104.903,104.903,NoButton,Move,552,479
104.921,104.921,NoButton,Move,552,486
104.937,104.937,NoButton,Move,552,497
104.954,104.954,NoButton,Move,551,511
104.971,104.971,NoButton,Move,547,526
104.987,104.987,NoButton,Move,544,536
105.004,105.004,NoButton,Move,542,544
105.02,105.02,NoButton,Move,540,549
105.036,105.036,NoButton,Move,539,550
105.054,105.054,NoButton,Move,539,551
105.077,105.077,Left,Pressed,539,551
105.087,105.087,NoButton,Move,539,551
105.195,105.195,Left,Released,539,551
105.879,105.879,Scroll,Down,0,1
105.881,105.881,Scroll,Down,0,1
105.898,105.898,Scroll,Down,0,3
105.915,105.915,Scroll,Down,0,3
105.931,105.931,Scroll,Down,0,3
105.948,105.948,Scroll,Down,0,3
105.965,105.965,Scroll,Down,0,4
105.981,105.981,Scroll,Down,0,5
105.998,105.998,Scroll,Down,0,8
106.015,106.015,Scroll,Down,0,11
106.031,106.031,Scroll,Down,0,14
106.064,106.064,Scroll,Down,0,23
106.081,106.081,Scroll,Down,0,7
106.098,106.098,Scroll,Down,0,5
106.115,106.115,Scroll,Down,0,3
106.131,106.131,Scroll,Down,0,1
106.147,106.147,Scroll,Down,0,1
106.181,106.181,Scroll,Up,0,0
106.265,106.265,NoButton,Move,539,551
106.281,106.281,NoButton,Move,539,561
106.285,106.285,NoButton,Move,539,565
106.304,106.304,NoButton,Move,539,574
106.321,106.321,NoButton,Move,540,583
106.337,106.337,NoButton,Move,540,592
106.354,106.354,NoButton,Move,540,608
106.371,106.371,NoButton,Move,540,617
106.387,106.387,NoButton,Move,540,624
106.404,106.404,NoButton,Move,540,627
106.421,106.421,NoButton,Move,540,629
106.438,106.438,NoButton,Move,539,629
106.454,106.454,NoButton,Move,539,630
106.463,106.463,Left,Pressed,539,630
106.544,106.544,Left,Released,539,630
107.063,107.063,Scroll,Down,0,1
107.065,107.065,Scroll,Down,0,3
107.081,107.081,Scroll,Down,0,4
107.097,107.097,Scroll,Down,0,4
107.114,107.114,Scroll,Down,0,3
107.131,107.131,Scroll,Down,0,2
107.148,107.148,Scroll,Down,0,1
107.164,107.164,Scroll,Down,0,1
107.181,107.181,Scroll,Down,0,1
107.198,107.198,Scroll,Down,0,1
107.215,107.215,Scroll,Down,0,1
107.231,107.231,Scroll,Down,0,1
107.481,107.481,NoButton,Move,542,638
107.489,107.489,NoButton,Move,544,643
107.515,107.515,NoButton,Move,549,665
107.533,107.533,NoButton,Move,553,692
107.554,107.554,NoButton,Move,558,723
107.57,107.57,NoButton,Move,559,732
107.587,107.587,NoButton,Move,561,748
107.604,107.604,NoButton,Move,563,755
107.62,107.62,NoButton,Move,564,758
107.638,107.638,NoButton,Move,564,759
107.653,107.653,NoButton,Move,564,759
107.671,107.671,NoButton,Move,564,760
107.697,107.697,Left,Pressed,564,760
107.844,107.844,Left,Released,564,760
108.175,108.175,NoButton,Move,564,759
108.183,108.183,NoButton,Move,564,756
108.198,108.198,NoButton,Move,564,754
108.214,108.214,NoButton,Move,564,749
108.231,108.231,NoButton,Move,562,743
108.248,108.248,NoButton,Move,561,736
108.264,108.264,NoButton,Move,559,730
108.281,108.281,NoButton,Move,558,726
108.298,108.298,NoButton,Move,557,725
108.314,108.314,NoButton,Move,557,724
108.327,108.327,Left,Pressed,557,724
108.348,108.348,NoButton,Move,557,724
108.398,108.398,Left,Released,557,724
108.931,108.931,Scroll,Down,0,1
108.931,108.931,Scroll,Down,0,4
108.948,108.948,Scroll,Down,0,6
108.964,108.964,Scroll,Down,0,8
108.981,108.981,Scroll,Down,0,11
108.998,108.998,Scroll,Down,0,18
109.014,109.014,Scroll,Down,0,17
109.031,109.031,Scroll,Down,0,20
109.048,109.048,Scroll,Down,0,8
109.064,109.064,Scroll,Down,0,9
109.087,109.087,Scroll,Down,0,5
109.098,109.098,Scroll,Down,0,2
109.115,109.115,Scroll,Down,0,1
109.315,109.315,NoButton,Move,557,729
109.331,109.331,NoButton,Move,558,736
109.339,109.339,NoButton,Move,558,740
109.354,109.354,NoButton,Move,558,743
109.371,109.371,NoButton,Move,559,749
109.387,109.387,NoButton,Move,559,757
109.404,109.404,NoButton,Move,559,771
109.42,109.42,NoButton,Move,559,778
109.437,109.437,NoButton,Move,559,785
109.454,109.454,NoButton,Move,559,789
109.47,109.47,NoButton,Move,559,792
109.487,109.487,NoButton,Move,559,794
109.504,109.504,NoButton,Move,559,794
109.528,109.528,Left,Pressed,559,794
109.554,109.554,NoButton,Move,559,795
109.645,109.645,Left,Released,559,795
110.231,110.231,Scroll,Down,0,1
110.231,110.231,Scroll,Down,0,2
110.248,110.248,Scroll,Down,0,4
110.265,110.265,Scroll,Down,0,5
110.281,110.281,Scroll,Down,0,6
110.298,110.298,Scroll,Down,0,8
110.315,110.315,Scroll,Down,0,11
110.331,110.331,Scroll,Down,0,11
110.348,110.348,Scroll,Down,0,9
110.365,110.365,Scroll,Down,0,7
110.381,110.381,Scroll,Down,0,5
110.398,110.398,Scroll,Down,0,3
110.415,110.415,Scroll,Down,0,2
110.431,110.431,Scroll,Down,0,1
110.448,110.448,Scroll,Down,0,1
110.464,110.464,Scroll,Down,0,1
110.482,110.482,Scroll,Down,0,2
110.498,110.498,Scroll,Down,0,2
110.515,110.515,Scroll,Down,0,2
110.712,110.712,Scroll,Up,0,2
110.731,110.731,Scroll,Up,0,26
110.748,110.748,Scroll,Up,0,41
110.765,110.765,Scroll,Up,0,49
110.781,110.781,Scroll,Up,0,52
110.781,110.781,Scroll,Up,0,78
110.798,110.798,Scroll,Up,0,87
110.815,110.815,Scroll,Up,0,88
110.832,110.832,Scroll,Up,0,85
110.848,110.848,Scroll,Up,0,82
110.865,110.865,Scroll,Up,0,79
110.881,110.881,Scroll,Up,0,80
110.898,110.898,Scroll,Up,0,77
110.915,110.915,Scroll,Up,0,72
110.931,110.931,Scroll,Up,0,66
110.947,110.947,Scroll,Up,0,62
110.965,110.965,Scroll,Up,0,58
110.982,110.982,Scroll,Up,0,55
110.998,110.998,Scroll,Up,0,51
111.014,111.014,Scroll,Up,0,47
111.031,111.031,Scroll,Up,0,43
111.065,111.065,Scroll,Up,0,77
111.081,111.081,Scroll,Up,0,34
111.098,111.098,Scroll,Up,0,31
111.115,111.115,Scroll,Up,0,28
111.131,111.131,Scroll,Up,0,26
111.148,111.148,Scroll,Up,0,24
111.165,111.165,Scroll,Up,0,22
111.181,111.181,Scroll,Up,0,20
111.198,111.198,Scroll,Up,0,19
111.215,111.215,Scroll,Up,0,17
111.232,111.232,Scroll,Up,0,16
111.248,111.248,Scroll,Up,0,14
111.265,111.265,Scroll,Up,0,13
111.282,111.282,Scroll,Up,0,12
111.298,111.298,Scroll,Up,0,11
111.315,111.315,Scroll,Up,0,10
111.332,111.332,Scroll,Up,0,9
111.348,111.348,Scroll,Up,0,8
111.365,111.365,Scroll,Up,0,8
111.432,111.432,Scroll,Up,0,3
111.432,111.432,Scroll,Up,0,4
111.449,111.449,Scroll,Up,0,48
111.465,111.465,Scroll,Up,0,54
111.481,111.481,Scroll,Up,0,78
111.498,111.498,Scroll,Up,0,86
111.515,111.515,Scroll,Up,0,88
111.549,111.549,Scroll,Up,0,167
111.565,111.565,Scroll,Up,0,79
111.582,111.582,Scroll,Up,0,80
111.598,111.598,Scroll,Up,0,77
111.615,111.615,Scroll,Up,0,72
111.631,111.631,Scroll,Up,0,66
111.648,111.648,Scroll,Up,0,62
111.665,111.665,Scroll,Up,0,58
111.681,111.681,Scroll,Up,0,55
111.698,111.698,Scroll,Up,0,51
111.715,111.715,Scroll,Up,0,47
111.732,111.732,Scroll,Up,0,43
111.748,111.748,Scroll,Up,0,40
111.765,111.765,Scroll,Up,0,37
111.782,111.782,Scroll,Up,0,34
111.798,111.798,Scroll,Up,0,31
111.815,111.815,Scroll,Up,0,28
111.832,111.832,Scroll,Up,0,26
111.849,111.849,Scroll,Up,0,24
111.865,111.865,Scroll,Up,0,22
111.882,111.882,Scroll,Up,0,20
111.898,111.898,Scroll,Up,0,19
111.915,111.915,Scroll,Up,0,17
111.932,111.932,Scroll,Up,0,16
111.948,111.948,Scroll,Up,0,14
111.965,111.965,Scroll,Up,0,13
111.982,111.982,Scroll,Up,0,12
111.998,111.998,Scroll,Up,0,11
112.015,112.015,Scroll,Up,0,10
112.031,112.031,Scroll,Up,0,9
112.048,112.048,Scroll,Up,0,8
112.064,112.064,Scroll,Up,0,8
112.081,112.081,Scroll,Up,0,7
112.098,112.098,Scroll,Up,0,6
112.115,112.115,Scroll,Up,0,6
112.132,112.132,Scroll,Up,0,5
112.148,112.148,Scroll,Up,0,5
112.165,112.165,Scroll,Up,0,5
112.182,112.182,Scroll,Up,0,4
112.198,112.198,Scroll,Up,0,4
112.215,112.215,Scroll,Up,0,4
112.232,112.232,Scroll,Up,0,4
112.248,112.248,Scroll,Up,0,3
112.265,112.265,Scroll,Up,0,3
112.281,112.281,Scroll,Up,0,3
112.298,112.298,Scroll,Up,0,3
112.315,112.315,Scroll,Up,0,3
112.331,112.331,Scroll,Up,0,2
112.348,112.348,Scroll,Up,0,2
112.365,112.365,Scroll,Up,0,2
112.381,112.381,Scroll,Up,0,2
112.398,112.398,Scroll,Up,0,2
112.415,112.415,Scroll,Up,0,1
112.432,112.432,Scroll,Up,0,1
112.515,112.515,NoButton,Move,558,795
112.532,112.532,NoButton,Move,517,773
112.548,112.548,NoButton,Move,444,726
112.565,112.565,NoButton,Move,372,670
112.581,112.581,NoButton,Move,288,588
112.598,112.598,NoButton,Move,208,502
112.615,112.615,NoButton,Move,162,449
112.631,112.631,NoButton,Move,132,413
112.648,112.648,NoButton,Move,122,404
112.665,112.665,NoButton,Move,102,386
112.68,112.68,NoButton,Move,99,386
113.244,113.244,NoButton,Move,99,386
113.251,113.251,NoButton,Move,100,386
113.264,113.264,NoButton,Move,101,386
113.281,113.281,NoButton,Move,101,386
113.298,113.298,NoButton,Move,103,386
113.314,113.314,NoButton,Move,103,386
113.331,113.331,NoButton,Move,104,386
113.348,113.348,NoButton,Move,104,386
113.874,113.874,NoButton,Move,104,386
113.898,113.898,NoButton,Move,105,386
113.915,113.915,NoButton,Move,105,386
113.931,113.931,NoButton,Move,105,386
113.964,113.964,NoButton,Move,105,386
113.998,113.998,NoButton,Move,105,386
118.59,118.59,NoButton,Move,105,385
118.615,118.615,NoButton,Move,105,381
118.631,118.631,NoButton,Move,105,375
118.648,118.648,NoButton,Move,105,370
118.665,118.665,NoButton,Move,105,364
118.681,118.681,NoButton,Move,106,360
118.699,118.699,NoButton,Move,106,358
118.715,118.715,NoButton,Move,106,356
118.732,118.732,NoButton,Move,106,355
118.748,118.748,NoButton,Move,106,355
118.766,118.766,NoButton,Move,106,355
118.781,118.781,NoButton,Move,106,354
118.798,118.798,NoButton,Move,106,351
118.815,118.815,NoButton,Move,106,345
118.832,118.832,NoButton,Move,104,336
118.848,118.848,NoButton,Move,103,331
118.865,118.865,NoButton,Move,99,310
118.881,118.881,NoButton,Move,97,299
118.898,118.898,NoButton,Move,96,291
118.914,118.914,NoButton,Move,96,284
118.931,118.931,NoButton,Move,96,279
118.948,118.948,NoButton,Move,96,278
118.965,118.965,NoButton,Move,96,278
118.981,118.981,NoButton,Move,95,278
118.998,118.998,NoButton,Move,93,279
119.015,119.015,NoButton,Move,91,281
119.031,119.031,NoButton,Move,86,284
119.048,119.048,NoButton,Move,84,285
119.064,119.064,NoButton,Move,74,287
119.081,119.081,NoButton,Move,60,287
119.098,119.098,NoButton,Move,45,284
119.115,119.115,NoButton,Move,29,276
119.131,119.131,NoButton,Move,19,268
119.149,119.149,NoButton,Move,13,262
119.165,119.165,NoButton,Move,8,255
119.182,119.182,NoButton,Move,6,249
119.198,119.198,NoButton,Move,6,246
119.215,119.215,NoButton,Move,8,244
119.231,119.231,NoButton,Move,13,240
119.248,119.248,NoButton,Move,19,238
119.265,119.265,NoButton,Move,26,237
119.281,119.281,NoButton,Move,34,237
119.298,119.298,NoButton,Move,40,237
119.315,119.315,NoButton,Move,45,237
119.332,119.332,NoButton,Move,49,237
119.348,119.348,NoButton,Move,51,237
119.366,119.366,NoButton,Move,52,237
119.382,119.382,NoButton,Move,52,237
119.481,119.481,NoButton,Move,52,237
119.513,119.513,NoButton,Move,52,237
119.563,119.563,NoButton,Move,52,236
120.58,120.58,Left,Pressed,52,236
120.695,120.695,Left,Released,52,236
120.848,120.848,NoButton,Move,52,240
120.865,120.865,NoButton,Move,55,250
120.882,120.882,NoButton,Move,62,267
120.898,120.898,NoButton,Move,68,288
120.915,120.915,NoButton,Move,76,313
120.931,120.931,NoButton,Move,79,329
120.948,120.948,NoButton,Move,81,341
120.965,120.965,NoButton,Move,83,351
120.982,120.982,NoButton,Move,83,356
120.998,120.998,NoButton,Move,83,358
121.015,121.015,NoButton,Move,83,359
121.031,121.031,NoButton,Move,83,359
121.098,121.098,NoButton,Move,84,359
121.112,121.112,Left,Pressed,84,359
121.262,121.262,Left,Released,84,359
121.481,121.481,NoButton,Move,89,359
121.498,121.498,NoButton,Move,100,359
121.515,121.515,NoButton,Move,125,357
121.532,121.532,NoButton,Move,165,352
121.548,121.548,NoButton,Move,213,349
121.565,121.565,NoButton,Move,252,345
121.582,121.582,NoButton,Move,293,342
121.598,121.598,NoButton,Move,316,339
121.615,121.615,NoButton,Move,331,338
121.632,121.632,NoButton,Move,341,337
121.648,121.648,NoButton,Move,343,337
121.797,121.797,NoButton,Move,344,336
121.805,121.805,NoButton,Move,345,336
121.815,121.815,NoButton,Move,347,335
121.831,121.831,NoButton,Move,351,332
121.848,121.848,NoButton,Move,355,328
121.865,121.865,NoButton,Move,360,325
121.881,121.881,NoButton,Move,364,323
121.898,121.898,NoButton,Move,368,322
121.915,121.915,NoButton,Move,369,321
121.931,121.931,NoButton,Move,371,320
121.948,121.948,NoButton,Move,371,320
121.998,121.998,NoButton,Move,372,322
122.015,122.015,NoButton,Move,375,333
122.031,122.031,NoButton,Move,380,350
122.048,122.048,NoButton,Move,383,361
122.065,122.065,NoButton,Move,386,386
122.081,122.081,NoButton,Move,387,401
122.098,122.098,NoButton,Move,388,408
122.114,122.114,NoButton,Move,388,414
122.131,122.131,NoButton,Move,388,418
122.148,122.148,NoButton,Move,388,419
122.165,122.165,NoButton,Move,388,420
122.178,122.178,Left,Pressed,388,420
122.182,122.182,Left,Released,388,420
124.94,124.94,NoButton,Move,422,493
124.948,124.948,NoButton,Move,422,494
124.98,124.98,NoButton,Move,422,492
124.996,124.996,NoButton,Move,422,492
125.044,125.044,Left,Pressed,422,492
125.047,125.047,NoButton,Move,422,492
125.177,125.177,Left,Released,422,492
125.198,125.198,NoButton,Move,421,492
126.892,126.892,NoButton,Move,420,503
126.915,126.915,NoButton,Move,415,561
126.931,126.931,NoButton,Move,415,582
126.948,126.948,NoButton,Move,417,598
126.965,126.965,NoButton,Move,419,607
126.982,126.982,NoButton,Move,421,620
126.998,126.998,NoButton,Move,423,625
127.015,127.015,NoButton,Move,423,626
127.031,127.031,NoButton,Move,423,627
127.082,127.082,NoButton,Move,423,628
127.098,127.098,NoButton,Move,423,629
127.115,127.115,NoButton,Move,423,630
127.132,127.132,NoButton,Move,423,630
127.165,127.165,NoButton,Move,423,629
127.182,127.182,NoButton,Move,423,623
127.198,127.198,NoButton,Move,423,616
127.215,127.215,NoButton,Move,423,609
127.231,127.231,NoButton,Move,424,604
127.248,127.248,NoButton,Move,425,599
127.265,127.265,NoButton,Move,426,596
127.295,127.295,Left,Pressed,426,596
127.315,127.315,NoButton,Move,426,596
127.407,127.407,Left,Released,426,596
129.593,129.593,NoButton,Move,403,659
129.604,129.604,NoButton,Move,403,659
129.615,129.615,NoButton,Move,393,669
129.631,129.631,NoButton,Move,386,671
129.648,129.648,NoButton,Move,378,672
129.665,129.665,NoButton,Move,370,672
129.681,129.681,NoButton,Move,363,672
129.698,129.698,NoButton,Move,356,672
129.715,129.715,NoButton,Move,348,671
129.731,129.731,NoButton,Move,342,671
129.748,129.748,NoButton,Move,338,669
129.766,129.766,NoButton,Move,335,669
129.782,129.782,NoButton,Move,334,668
129.812,129.812,Left,Pressed,334,668
129.821,129.821,NoButton,Move,334,668
129.933,129.933,Left,Released,334,668
130.031,130.031,NoButton,Move,334,668
130.038,130.038,NoButton,Move,334,667
130.048,130.048,NoButton,Move,334,664
130.065,130.065,NoButton,Move,334,658
130.081,130.081,NoButton,Move,334,649
130.098,130.098,NoButton,Move,334,645
130.114,130.114,NoButton,Move,334,642
130.131,130.131,NoButton,Move,334,641
130.148,130.148,NoButton,Move,334,640
130.16,130.16,Left,Pressed,334,640
130.245,130.245,Left,Released,334,640
130.411,130.411,NoButton,Move,335,640
130.416,130.416,NoButton,Move,338,639
130.431,130.431,NoButton,Move,343,637
130.448,130.448,NoButton,Move,359,631
130.465,130.465,NoButton,Move,394,617
130.482,130.482,NoButton,Move,443,599
130.498,130.498,NoButton,Move,526,570
130.515,130.515,NoButton,Move,563,559
130.531,130.531,NoButton,Move,604,548
130.548,130.548,NoButton,Move,626,542
130.565,130.565,NoButton,Move,647,537
130.581,130.581,NoButton,Move,657,534
130.598,130.598,NoButton,Move,666,531
130.615,130.615,NoButton,Move,671,528
130.63,130.63,NoButton,Move,674,525
130.647,130.647,NoButton,Move,676,523
130.664,130.664,NoButton,Move,678,522
130.681,130.681,NoButton,Move,678,522
130.699,130.699,NoButton,Move,679,521
130.715,130.715,NoButton,Move,679,521
130.729,130.729,Left,Pressed,679,521
130.748,130.748,NoButton,Move,679,521
130.828,130.828,Left,Released,679,521
131.279,131.279,NoButton,Move,679,521
131.298,131.298,NoButton,Move,679,520
131.316,131.316,NoButton,Move,679,516
131.331,131.331,NoButton,Move,679,507
131.348,131.348,NoButton,Move,679,497
131.365,131.365,NoButton,Move,679,489
131.382,131.382,NoButton,Move,679,481
131.398,131.398,NoButton,Move,679,477
131.415,131.415,NoButton,Move,679,474
131.432,131.432,NoButton,Move,679,474
131.893,131.893,NoButton,Move,679,473
131.915,131.915,NoButton,Move,679,472
131.931,131.931,NoButton,Move,679,471
131.948,131.948,NoButton,Move,679,471
132.032,132.032,NoButton,Move,679,471
132.069,132.069,NoButton,Move,679,471
132.244,132.244,NoButton,Move,678,470
132.25,132.25,NoButton,Move,677,469
132.265,132.265,NoButton,Move,676,469
132.281,132.281,NoButton,Move,675,467
132.298,132.298,NoButton,Move,673,465
132.315,132.315,NoButton,Move,672,464
132.332,132.332,NoButton,Move,671,463
132.348,132.348,NoButton,Move,670,462
132.365,132.365,NoButton,Move,669,460
132.382,132.382,NoButton,Move,668,459
132.398,132.398,NoButton,Move,667,458
132.415,132.415,NoButton,Move,666,457
132.432,132.432,NoButton,Move,665,456
132.448,132.448,NoButton,Move,664,455
132.465,132.465,NoButton,Move,663,454
132.481,132.481,NoButton,Move,662,453
132.499,132.499,NoButton,Move,661,452
132.514,132.514,NoButton,Move,661,452
132.532,132.532,NoButton,Move,661,451
132.595,132.595,Left,Pressed,661,451
132.694,132.694,Left,Released,661,451
133.102,133.102,NoButton,Move,661,452
133.115,133.115,NoButton,Move,661,453
133.132,133.132,NoButton,Move,662,454
133.148,133.148,NoButton,Move,663,455
133.165,133.165,NoButton,Move,664,456
133.182,133.182,NoButton,Move,664,456
133.198,133.198,NoButton,Move,664,457
133.283,133.283,NoButton,Move,663,457
133.298,133.298,NoButton,Move,650,458
133.315,133.315,NoButton,Move,615,459
133.332,133.332,NoButton,Move,519,463
133.348,133.348,NoButton,Move,402,463
133.365,133.365,NoButton,Move,278,453
133.382,133.382,NoButton,Move,205,434
133.399,133.399,NoButton,Move,159,416
133.415,133.415,NoButton,Move,129,401
133.651,133.651,NoButton,Move,129,401
133.665,133.665,NoButton,Move,127,399
133.682,133.682,NoButton,Move,120,389
133.699,133.699,NoButton,Move,113,381
133.715,133.715,NoButton,Move,101,364
133.731,133.731,NoButton,Move,99,361
133.748,133.748,NoButton,Move,93,353
133.765,133.765,NoButton,Move,91,350
133.78,133.78,NoButton,Move,91,350
133.798,133.798,NoButton,Move,90,349
133.815,133.815,NoButton,Move,90,349
133.831,133.831,NoButton,Move,90,349
133.848,133.848,NoButton,Move,90,348
133.865,133.865,NoButton,Move,90,348
133.882,133.882,NoButton,Move,90,348
133.898,133.898,NoButton,Move,90,347
133.916,133.916,NoButton,Move,90,347
133.937,133.937,NoButton,Move,90,347
133.961,133.961,NoButton,Move,90,347
133.977,133.977,NoButton,Move,89,347
133.986,133.986,NoButton,Move,89,346
134.003,134.003,NoButton,Move,89,346
134.029,134.029,NoButton,Move,89,346
134.048,134.048,NoButton,Move,89,346
134.064,134.064,NoButton,Move,89,346
134.081,134.081,NoButton,Move,89,345
134.098,134.098,NoButton,Move,89,345
134.115,134.115,NoButton,Move,89,343
134.131,134.131,NoButton,Move,88,340
134.148,134.148,NoButton,Move,88,338
134.165,134.165,NoButton,Move,88,337
134.181,134.181,NoButton,Move,88,337
134.198,134.198,NoButton,Move,88,337
134.396,134.396,NoButton,Move,88,337
134.453,134.453,NoButton,Move,87,337
134.466,134.466,NoButton,Move,87,336
134.482,134.482,NoButton,Move,86,335
134.498,134.498,NoButton,Move,84,334
134.515,134.515,NoButton,Move,82,333
134.532,134.532,NoButton,Move,80,332
134.549,134.549,NoButton,Move,79,331
134.565,134.565,NoButton,Move,79,331
134.581,134.581,NoButton,Move,79,331
134.598,134.598,NoButton,Move,78,331
134.762,134.762,Left,Pressed,78,331
134.995,134.995,Left,Released,78,331
135.468,135.468,NoButton,Move,79,331
135.482,135.482,NoButton,Move,79,331
135.498,135.498,NoButton,Move,80,331
135.516,135.516,NoButton,Move,86,331
135.532,135.532,NoButton,Move,89,331
135.548,135.548,NoButton,Move,103,330
135.565,135.565,NoButton,Move,134,328
135.582,135.582,NoButton,Move,197,328
135.598,135.598,NoButton,Move,252,331
135.615,135.615,NoButton,Move,311,341
135.632,135.632,NoButton,Move,351,350
135.647,135.647,NoButton,Move,394,363
135.665,135.665,NoButton,Move,418,373
135.681,135.681,NoButton,Move,429,377
135.977,135.977,NoButton,Move,429,377
135.998,135.998,NoButton,Move,431,388
136.017,136.017,NoButton,Move,433,393
136.032,136.032,NoButton,Move,453,436
136.049,136.049,NoButton,Move,461,452
136.065,136.065,NoButton,Move,494,540
136.081,136.081,NoButton,Move,508,591
136.099,136.099,NoButton,Move,512,631
136.114,136.114,NoButton,Move,513,665
136.131,136.131,NoButton,Move,513,684
136.148,136.148,NoButton,Move,508,701
136.165,136.165,NoButton,Move,505,709
136.182,136.182,NoButton,Move,502,715
136.198,136.198,NoButton,Move,500,717
136.215,136.215,NoButton,Move,500,718
136.238,136.238,NoButton,Move,498,718
136.252,136.252,NoButton,Move,498,718
136.269,136.269,NoButton,Move,498,718
136.282,136.282,NoButton,Move,497,718
136.298,136.298,NoButton,Move,495,716
136.315,136.315,NoButton,Move,493,714
136.332,136.332,NoButton,Move,492,712
136.348,136.348,NoButton,Move,491,710
136.362,136.362,Left,Pressed,491,710
136.465,136.465,NoButton,Move,491,710
136.467,136.467,Left,Released,491,710
136.481,136.481,NoButton,Move,491,709
141.538,141.538,Scroll,Down,0,1
141.548,141.548,Scroll,Down,0,3
141.564,141.564,Scroll,Down,0,5
141.581,141.581,Scroll,Down,0,5
141.598,141.598,Scroll,Down,0,5
141.615,141.615,Scroll,Down,0,5
141.631,141.631,Scroll,Down,0,4
141.648,141.648,Scroll,Down,0,6
141.664,141.664,Scroll,Down,0,5
141.682,141.682,Scroll,Down,0,6
141.697,141.697,Scroll,Down,0,8
141.715,141.715,Scroll,Down,0,6
141.731,141.731,Scroll,Down,0,5
141.749,141.749,Scroll,Down,0,4
141.765,141.765,Scroll,Down,0,3
141.782,141.782,Scroll,Down,0,2
141.798,141.798,Scroll,Down,0,2
141.815,141.815,Scroll,Down,0,1
141.832,141.832,Scroll,Down,0,1
141.849,141.849,Scroll,Down,0,1
141.882,141.882,Scroll,Down,0,1
141.898,141.898,Scroll,Down,0,1
141.915,141.915,Scroll,Down,0,1
141.932,141.932,Scroll,Down,0,2
141.949,141.949,Scroll,Down,0,4
141.965,141.965,Scroll,Down,0,5
141.981,141.981,Scroll,Down,0,8
141.999,141.999,Scroll,Down,0,8
142.015,142.015,Scroll,Down,0,8
142.031,142.031,Scroll,Down,0,5
142.065,142.065,Scroll,Down,0,9
142.082,142.082,Scroll,Down,0,3
142.098,142.098,Scroll,Down,0,2
142.115,142.115,Scroll,Down,0,1
142.131,142.131,Scroll,Down,0,1
142.148,142.148,Scroll,Down,0,1
142.182,142.182,Scroll,Down,0,1
142.198,142.198,Scroll,Down,0,1
142.609,142.609,NoButton,Move,491,710
142.618,142.618,NoButton,Move,491,713
142.631,142.631,NoButton,Move,491,727
142.648,142.648,NoButton,Move,490,737
142.665,142.665,NoButton,Move,488,751
142.681,142.681,NoButton,Move,484,771
142.698,142.698,NoButton,Move,479,787
142.715,142.715,NoButton,Move,473,799
142.732,142.732,NoButton,Move,468,806
142.748,142.748,NoButton,Move,463,811
142.765,142.765,NoButton,Move,457,814
142.782,142.782,NoButton,Move,450,815
142.798,142.798,NoButton,Move,443,816
142.815,142.815,NoButton,Move,435,816
142.832,142.832,NoButton,Move,426,815
142.848,142.848,NoButton,Move,413,803
142.865,142.865,NoButton,Move,401,784
142.881,142.881,NoButton,Move,391,754
142.898,142.898,NoButton,Move,387,731
142.915,142.915,NoButton,Move,385,706
142.931,142.931,NoButton,Move,385,686
142.949,142.949,NoButton,Move,387,673
142.965,142.965,NoButton,Move,393,664
142.982,142.982,NoButton,Move,399,658
142.998,142.998,NoButton,Move,405,653
143.015,143.015,NoButton,Move,409,651
143.031,143.031,NoButton,Move,413,648
143.048,143.048,NoButton,Move,415,647
143.065,143.065,NoButton,Move,419,643
143.081,143.081,NoButton,Move,420,641
143.098,143.098,NoButton,Move,421,641
143.115,143.115,NoButton,Move,421,640
143.131,143.131,NoButton,Move,422,640
143.144,143.144,Left,Pressed,422,640
143.149,143.149,Left,Released,422,640
158.196,158.196,NoButton,Move,396,657
158.198,158.198,NoButton,Move,396,657
158.294,158.294,Left,Pressed,396,657
158.295,158.295,Left,Released,396,657
160.298,160.298,NoButton,Move,399,718
160.299,160.299,NoButton,Move,399,718
160.348,160.348,NoButton,Move,399,717
160.365,160.365,NoButton,Move,397,723
160.381,160.381,NoButton,Move,394,733
160.398,160.398,NoButton,Move,390,742
160.415,160.415,NoButton,Move,388,748
160.431,160.431,NoButton,Move,386,753
160.448,160.448,NoButton,Move,385,756
160.465,160.465,NoButton,Move,385,757
160.481,160.481,NoButton,Move,384,757
160.495,160.495,Left,Pressed,384,757
160.515,160.515,NoButton,Move,384,757
160.627,160.627,Left,Released,384,757
161.805,161.805,NoButton,Move,384,761
161.815,161.815,NoButton,Move,384,763
161.832,161.832,NoButton,Move,385,769
161.848,161.848,NoButton,Move,387,775
161.865,161.865,NoButton,Move,389,783
161.881,161.881,NoButton,Move,391,790
161.898,161.898,NoButton,Move,392,795
161.915,161.915,NoButton,Move,393,798
161.932,161.932,NoButton,Move,393,800
161.949,161.949,NoButton,Move,393,802
161.965,161.965,NoButton,Move,393,803
161.982,161.982,NoButton,Move,392,804
161.999,161.999,NoButton,Move,392,805
162.016,162.016,NoButton,Move,392,805
162.071,162.071,NoButton,Move,392,805
162.111,162.111,Left,Pressed,392,805
162.228,162.228,Left,Released,392,805
171.101,171.101,NoButton,Move,391,809
171.115,171.115,NoButton,Move,390,815
171.132,171.132,NoButton,Move,387,828
171.148,171.148,NoButton,Move,386,843
171.165,171.165,NoButton,Move,385,856
171.182,171.182,NoButton,Move,383,868
171.198,171.198,NoButton,Move,379,887
171.215,171.215,NoButton,Move,375,896
171.232,171.232,NoButton,Move,367,899
171.248,171.248,NoButton,Move,360,899
171.265,171.265,NoButton,Move,354,895
171.282,171.282,NoButton,Move,348,886
171.298,171.298,NoButton,Move,343,875
171.315,171.315,NoButton,Move,341,864
171.332,171.332,NoButton,Move,341,851
171.348,171.348,NoButton,Move,341,843
171.365,171.365,NoButton,Move,341,838
171.562,171.562,Scroll,Down,0,1
171.565,171.565,Scroll,Down,0,1
171.582,171.582,Scroll,Down,0,7
171.599,171.599,Scroll,Down,0,9
171.615,171.615,Scroll,Down,0,6
171.632,171.632,Scroll,Down,0,6
171.649,171.649,Scroll,Down,0,3
171.665,171.665,Scroll,Down,0,2
171.815,171.815,NoButton,Move,342,838
171.832,171.832,NoButton,Move,346,838
171.848,171.848,NoButton,Move,351,838
171.865,171.865,NoButton,Move,359,839
171.882,171.882,NoButton,Move,367,841
171.898,171.898,NoButton,Move,372,844
171.915,171.915,NoButton,Move,376,846
171.932,171.932,NoButton,Move,379,849
171.949,171.949,NoButton,Move,381,854
171.965,171.965,NoButton,Move,384,861
171.982,171.982,NoButton,Move,385,866
171.999,171.999,NoButton,Move,386,872
172.015,172.015,NoButton,Move,387,875
172.032,172.032,NoButton,Move,387,877
172.048,172.048,NoButton,Move,387,877
172.082,172.082,NoButton,Move,387,877
172.115,172.115,NoButton,Move,388,877
172.132,172.132,NoButton,Move,388,876
172.149,172.149,NoButton,Move,388,876
172.165,172.165,NoButton,Move,388,875
172.182,172.182,NoButton,Move,388,873
172.198,172.198,NoButton,Move,388,871
172.215,172.215,NoButton,Move,388,869
172.232,172.232,NoButton,Move,388,867
172.249,172.249,NoButton,Move,388,865
172.265,172.265,NoButton,Move,388,864
172.282,172.282,NoButton,Move,388,863
172.298,172.298,NoButton,Move,387,863
172.315,172.315,NoButton,Move,387,862
172.348,172.348,NoButton,Move,387,862
172.399,172.399,NoButton,Move,387,862
172.415,172.415,NoButton,Move,386,861
172.431,172.431,NoButton,Move,386,861
172.449,172.449,NoButton,Move,385,860
172.465,172.465,NoButton,Move,384,859
172.482,172.482,NoButton,Move,384,858
172.499,172.499,NoButton,Move,384,858
172.515,172.515,NoButton,Move,384,858
172.534,172.534,NoButton,Move,384,858
172.713,172.713,Left,Pressed,384,858
172.844,172.844,Left,Released,384,858
176.679,176.679,Scroll,Up,0,3
176.699,176.699,Scroll,Up,0,6
176.716,176.716,Scroll,Up,0,10
176.749,176.749,Scroll,Up,0,10
176.765,176.765,Scroll,Up,0,2
176.782,176.782,Scroll,Up,0,2
176.799,176.799,Scroll,Up,0,1
177.011,177.011,NoButton,Move,384,857
177.017,177.017,NoButton,Move,386,851
177.032,177.032,NoButton,Move,399,836
177.048,177.048,NoButton,Move,431,810
177.065,177.065,NoButton,Move,552,715
177.082,177.082,NoButton,Move,709,624
177.098,177.098,NoButton,Move,835,568
177.116,177.116,NoButton,Move,994,514
177.132,177.132,NoButton,Move,1083,493
177.149,177.149,NoButton,Move,1141,481
177.165,177.165,NoButton,Move,1159,478
177.182,177.182,NoButton,Move,1189,473
177.415,177.415,NoButton,Move,1190,473
177.432,177.432,NoButton,Move,1193,473
177.449,177.449,NoButton,Move,1198,470
177.465,177.465,NoButton,Move,1205,466
177.482,177.482,NoButton,Move,1217,456
177.498,177.498,NoButton,Move,1223,449
177.515,177.515,NoButton,Move,1229,442
177.532,177.532,NoButton,Move,1233,436
177.549,177.549,NoButton,Move,1237,431
177.565,177.565,NoButton,Move,1240,427
177.582,177.582,NoButton,Move,1244,424
177.599,177.599,NoButton,Move,1247,421
177.615,177.615,NoButton,Move,1250,419
177.632,177.632,NoButton,Move,1251,418
177.649,177.649,NoButton,Move,1252,418
177.665,177.665,NoButton,Move,1253,418
177.682,177.682,NoButton,Move,1253,418
177.699,177.699,NoButton,Move,1254,418
177.715,177.715,NoButton,Move,1254,418
177.733,177.733,NoButton,Move,1254,419
177.749,177.749,NoButton,Move,1255,421
177.765,177.765,NoButton,Move,1256,422
177.782,177.782,NoButton,Move,1256,423
177.799,177.799,NoButton,Move,1257,423
177.815,177.815,NoButton,Move,1257,424
178.012,178.012,Left,Pressed,1257,424
178.094,178.094,Left,Released,1257,424
178.383,178.383,NoButton,Move,1257,425
178.398,178.398,NoButton,Move,1256,430
178.415,178.415,NoButton,Move,1255,432
178.432,178.432,NoButton,Move,1248,444
178.449,178.449,NoButton,Move,1230,462
178.465,178.465,NoButton,Move,1202,482
178.482,178.482,NoButton,Move,1168,500
178.499,178.499,NoButton,Move,1095,539
178.515,178.515,NoButton,Move,1020,575
178.532,178.532,NoButton,Move,959,598
178.549,178.549,NoButton,Move,877,621
178.565,178.565,NoButton,Move,805,627
178.582,178.582,NoButton,Move,763,626
178.599,178.599,NoButton,Move,723,613
178.615,178.615,NoButton,Move,706,601
178.632,178.632,NoButton,Move,696,592
178.649,178.649,NoButton,Move,689,581
178.665,178.665,NoButton,Move,688,573
178.777,178.777,NoButton,Move,688,573
178.783,178.783,NoButton,Move,688,577
178.799,178.799,NoButton,Move,691,586
178.815,178.815,NoButton,Move,693,591
178.832,178.832,NoButton,Move,698,607
178.848,178.848,NoButton,Move,709,642
178.865,178.865,NoButton,Move,716,666
178.882,178.882,NoButton,Move,720,680
178.899,178.899,NoButton,Move,723,691
178.915,178.915,NoButton,Move,726,701
178.933,178.933,NoButton,Move,728,707
178.949,178.949,NoButton,Move,730,709
178.965,178.965,NoButton,Move,730,710
178.982,178.982,NoButton,Move,731,711
178.999,178.999,NoButton,Move,732,711
179.015,179.015,NoButton,Move,733,712
179.032,179.032,NoButton,Move,734,712
179.048,179.048,NoButton,Move,735,712
179.065,179.065,NoButton,Move,737,712
179.082,179.082,NoButton,Move,738,713
179.098,179.098,NoButton,Move,740,713
179.115,179.115,NoButton,Move,741,713
179.132,179.132,NoButton,Move,743,714
179.148,179.148,NoButton,Move,744,714
179.165,179.165,NoButton,Move,745,715
179.182,179.182,NoButton,Move,746,715
179.199,179.199,NoButton,Move,747,715
179.215,179.215,NoButton,Move,747,715
179.267,179.267,NoButton,Move,747,714
179.282,179.282,NoButton,Move,747,712
179.299,179.299,NoButton,Move,747,704
179.315,179.315,NoButton,Move,741,671
179.332,179.332,NoButton,Move,730,636
179.348,179.348,NoButton,Move,715,604
179.365,179.365,NoButton,Move,705,587
179.382,179.382,NoButton,Move,698,578
179.398,179.398,NoButton,Move,693,571
179.415,179.415,NoButton,Move,691,569
179.432,179.432,NoButton,Move,690,568
179.449,179.449,NoButton,Move,688,567
179.466,179.466,NoButton,Move,687,567
179.482,179.482,NoButton,Move,684,564
179.499,179.499,NoButton,Move,682,561
179.515,179.515,NoButton,Move,680,557
179.532,179.532,NoButton,Move,679,555
179.549,179.549,NoButton,Move,678,554
179.566,179.566,NoButton,Move,678,553
179.579,179.579,Left,Pressed,678,553
179.684,179.684,Left,Released,678,553
185.035,185.035,NoButton,Move,678,560
185.049,185.049,NoButton,Move,678,569
185.065,185.065,NoButton,Move,688,599
185.082,185.082,NoButton,Move,696,612
185.098,185.098,NoButton,Move,707,625
185.115,185.115,NoButton,Move,717,639
185.132,185.132,NoButton,Move,726,649
185.148,185.148,NoButton,Move,732,656
185.165,185.165,NoButton,Move,737,663
185.182,185.182,NoButton,Move,743,671
185.199,185.199,NoButton,Move,746,676
185.215,185.215,NoButton,Move,748,680
185.232,185.232,NoButton,Move,750,683
185.249,185.249,NoButton,Move,751,686
185.266,185.266,NoButton,Move,752,688
185.282,185.282,NoButton,Move,753,689
185.299,185.299,NoButton,Move,753,691
185.316,185.316,NoButton,Move,754,694
185.332,185.332,NoButton,Move,755,698
185.35,185.35,NoButton,Move,756,703
185.366,185.366,NoButton,Move,756,708
185.382,185.382,NoButton,Move,756,712
185.399,185.399,NoButton,Move,756,715
185.416,185.416,NoButton,Move,756,716
185.432,185.432,NoButton,Move,756,716
185.495,185.495,Left,Pressed,756,716
185.695,185.695,Left,Released,756,716
187.427,187.427,NoButton,Move,756,716
187.449,187.449,NoButton,Move,756,715
187.466,187.466,NoButton,Move,754,713
187.482,187.482,NoButton,Move,752,710
187.499,187.499,NoButton,Move,748,706
187.515,187.515,NoButton,Move,740,699
187.533,187.533,NoButton,Move,719,686
187.549,187.549,NoButton,Move,687,670
187.566,187.566,NoButton,Move,621,639
187.582,187.582,NoButton,Move,566,614
187.598,187.598,NoButton,Move,482,573
187.615,187.615,NoButton,Move,413,535
187.632,187.632,NoButton,Move,377,513
187.65,187.65,NoButton,Move,353,500
187.665,187.665,NoButton,Move,341,495
187.957,187.957,NoButton,Move,341,495
187.982,187.982,NoButton,Move,340,484
187.999,187.999,NoButton,Move,333,471
188.015,188.015,NoButton,Move,313,443
188.038,188.038,NoButton,Move,299,426
188.048,188.048,NoButton,Move,243,369
188.065,188.065,NoButton,Move,194,320
188.082,188.082,NoButton,Move,169,297
188.098,188.098,NoButton,Move,157,287
188.115,188.115,NoButton,Move,147,281
188.132,188.132,NoButton,Move,143,280
188.149,188.149,NoButton,Move,141,282
188.423,188.423,Scroll,Up,0,1
188.432,188.432,Scroll,Up,0,7
188.449,188.449,Scroll,Up,0,8
188.465,188.465,Scroll,Up,0,7
188.481,188.481,Scroll,Up,0,8
188.499,188.499,Scroll,Up,0,6
188.516,188.516,Scroll,Up,0,5
188.532,188.532,Scroll,Up,0,3
188.549,188.549,Scroll,Up,0,2
188.565,188.565,Scroll,Up,0,1
188.582,188.582,Scroll,Up,0,1
188.599,188.599,Scroll,Up,0,2
188.615,188.615,Scroll,Up,0,3
188.683,188.683,NoButton,Move,141,282
188.749,188.749,NoButton,Move,141,281
188.766,188.766,NoButton,Move,141,277
188.783,188.783,NoButton,Move,140,272
188.799,188.799,NoButton,Move,139,267
188.816,188.816,NoButton,Move,138,262
188.833,188.833,NoButton,Move,138,261
188.848,188.848,NoButton,Move,138,261
188.865,188.865,NoButton,Move,137,260
188.882,188.882,NoButton,Move,137,260
188.899,188.899,NoButton,Move,136,261
188.915,188.915,NoButton,Move,134,265
188.933,188.933,NoButton,Move,133,268
188.948,188.948,NoButton,Move,131,272
188.965,188.965,NoButton,Move,130,275
188.982,188.982,NoButton,Move,129,277
188.999,188.999,NoButton,Move,128,278
189.015,189.015,NoButton,Move,128,279
189.033,189.033,NoButton,Move,128,279
189.078,189.078,Left,Pressed,128,279
189.098,189.098,NoButton,Move,128,279
189.213,189.213,Left,Released,128,279
190.89,190.89,NoButton,Move,128,279
190.916,190.916,NoButton,Move,133,276
190.933,190.933,NoButton,Move,137,274
190.949,190.949,NoButton,Move,143,273
190.966,190.966,NoButton,Move,158,270
190.982,190.982,NoButton,Move,191,270
190.999,190.999,NoButton,Move,260,271
191.015,191.015,NoButton,Move,301,278
191.032,191.032,NoButton,Move,421,301
191.049,191.049,NoButton,Move,463,310
191.065,191.065,NoButton,Move,492,315
191.28,191.28,Left,Pressed,492,315
191.282,191.282,Left,Released,492,315
192.288,192.288,Left,Pressed,474,395
192.289,192.289,Left,Released,474,395
192.299,192.299,NoButton,Move,474,396
193.989,193.989,NoButton,Move,429,500
193.998,193.998,NoButton,Move,432,497
194.015,194.015,NoButton,Move,429,501
194.038,194.038,NoButton,Move,429,501
194.128,194.128,Left,Pressed,429,501
194.131,194.131,NoButton,Move,429,501
194.203,194.203,Left,Released,429,501
196.149,196.149,NoButton,Move,427,511
196.165,196.165,NoButton,Move,426,520
196.182,196.182,NoButton,Move,425,526
196.199,196.199,NoButton,Move,424,531
196.215,196.215,NoButton,Move,423,540
196.232,196.232,NoButton,Move,421,552
196.248,196.248,NoButton,Move,417,569
196.265,196.265,NoButton,Move,414,576
196.282,196.282,NoButton,Move,412,583
196.298,196.298,NoButton,Move,409,588
196.315,196.315,NoButton,Move,407,592
196.332,196.332,NoButton,Move,406,595
196.349,196.349,NoButton,Move,405,597
196.365,196.365,NoButton,Move,404,599
196.382,196.382,NoButton,Move,403,600
196.398,196.398,NoButton,Move,403,601
196.415,196.415,NoButton,Move,402,601
196.432,196.432,NoButton,Move,401,595
196.449,196.449,NoButton,Move,400,587
196.465,196.465,NoButton,Move,400,581
196.482,196.482,NoButton,Move,400,575
196.499,196.499,NoButton,Move,400,571
196.515,196.515,NoButton,Move,400,570
196.532,196.532,NoButton,Move,400,569
196.563,196.563,Left,Pressed,400,569
196.675,196.675,Left,Released,400,569
199.409,199.409,NoButton,Move,400,575
199.429,199.429,NoButton,Move,399,594
199.489,199.489,NoButton,Move,404,661
199.499,199.499,NoButton,Move,404,672
199.515,199.515,NoButton,Move,406,691
199.532,199.532,NoButton,Move,408,706
199.548,199.548,NoButton,Move,408,713
199.565,199.565,NoButton,Move,408,724
199.582,199.582,NoButton,Move,408,731
199.598,199.598,NoButton,Move,408,735
199.615,199.615,NoButton,Move,408,740
199.632,199.632,NoButton,Move,407,742
199.648,199.648,NoButton,Move,406,744
199.665,199.665,NoButton,Move,406,744
199.682,199.682,NoButton,Move,405,744
199.699,199.699,NoButton,Move,405,744
199.715,199.715,NoButton,Move,405,740
199.732,199.732,NoButton,Move,405,726
199.749,199.749,NoButton,Move,405,716
199.765,199.765,NoButton,Move,407,710
199.782,199.782,NoButton,Move,408,705
199.799,199.799,NoButton,Move,409,701
199.815,199.815,NoButton,Move,409,698
199.832,199.832,NoButton,Move,408,696
199.849,199.849,NoButton,Move,402,691
199.865,199.865,NoButton,Move,388,679
199.882,199.882,NoButton,Move,380,672
199.898,199.898,NoButton,Move,374,667
199.915,199.915,NoButton,Move,369,664
199.932,199.932,NoButton,Move,367,662
199.949,199.949,NoButton,Move,366,661
199.966,199.966,NoButton,Move,365,661
199.982,199.982,NoButton,Move,365,660
199.999,199.999,NoButton,Move,364,658
200.017,200.017,NoButton,Move,363,657
200.032,200.032,NoButton,Move,363,654
200.049,200.049,NoButton,Move,362,653
200.061,200.061,NoButton,Move,362,653
200.061,200.061,Left,Pressed,362,653
200.159,200.159,NoButton,Move,362,652
200.159,200.159,Left,Released,362,652
200.371,200.371,NoButton,Move,362,652
200.382,200.382,NoButton,Move,364,650
200.399,200.399,NoButton,Move,371,644
200.415,200.415,NoButton,Move,394,629
200.432,200.432,NoButton,Move,429,612
200.449,200.449,NoButton,Move,479,592
200.465,200.465,NoButton,Move,545,566
200.482,200.482,NoButton,Move,611,539
200.499,200.499,NoButton,Move,649,522
200.516,200.516,NoButton,Move,679,508
200.532,200.532,NoButton,Move,706,493
200.549,200.549,NoButton,Move,715,485
200.565,200.565,NoButton,Move,722,478
200.582,200.582,NoButton,Move,723,474
200.599,200.599,NoButton,Move,724,472
200.615,200.615,NoButton,Move,723,471
200.632,200.632,NoButton,Move,721,471
200.649,200.649,NoButton,Move,720,471
200.665,200.665,NoButton,Move,719,471
200.679,200.679,Left,Pressed,719,471
200.715,200.715,NoButton,Move,719,471
200.795,200.795,Left,Released,719,471
200.921,200.921,NoButton,Move,719,472
200.932,200.932,NoButton,Move,719,474
200.95,200.95,NoButton,Move,719,480
200.966,200.966,NoButton,Move,718,487
200.982,200.982,NoButton,Move,717,491
200.999,200.999,NoButton,Move,716,495
201.016,201.016,NoButton,Move,716,497
201.036,201.036,Left,Pressed,716,497
201.065,201.065,NoButton,Move,716,497
201.127,201.127,Left,Released,716,497
201.403,201.403,NoButton,Move,715,497
201.416,201.416,NoButton,Move,714,497
201.432,201.432,NoButton,Move,710,499
201.449,201.449,NoButton,Move,707,499
201.465,201.465,NoButton,Move,702,499
201.482,201.482,NoButton,Move,695,497
201.499,201.499,NoButton,Move,689,492
201.516,201.516,NoButton,Move,684,486
201.532,201.532,NoButton,Move,679,479
201.55,201.55,NoButton,Move,677,471
201.566,201.566,NoButton,Move,675,463
201.582,201.582,NoButton,Move,675,458
201.595,201.595,Left,Pressed,675,458
201.615,201.615,NoButton,Move,675,457
201.711,201.711,Left,Released,675,457
201.986,201.986,NoButton,Move,675,457
201.999,201.999,NoButton,Move,673,457
202.015,202.015,NoButton,Move,667,457
202.032,202.032,NoButton,Move,652,454
202.049,202.049,NoButton,Move,643,451
202.065,202.065,NoButton,Move,604,437
202.082,202.082,NoButton,Move,586,430
202.099,202.099,NoButton,Move,577,426
202.115,202.115,NoButton,Move,569,422
202.132,202.132,NoButton,Move,565,420
202.148,202.148,NoButton,Move,562,417
202.165,202.165,NoButton,Move,560,415
202.182,202.182,NoButton,Move,558,411
202.199,202.199,NoButton,Move,556,406
202.215,202.215,NoButton,Move,555,402
202.233,202.233,NoButton,Move,554,399
202.249,202.249,NoButton,Move,553,397
202.265,202.265,NoButton,Move,553,396
202.282,202.282,NoButton,Move,553,396
202.353,202.353,NoButton,Move,552,396
202.365,202.365,NoButton,Move,552,396
202.382,202.382,NoButton,Move,552,396
202.399,202.399,NoButton,Move,551,396
202.415,202.415,NoButton,Move,551,396
202.432,202.432,NoButton,Move,551,396
202.45,202.45,NoButton,Move,550,396
202.466,202.466,NoButton,Move,548,395
202.482,202.482,NoButton,Move,545,392
202.499,202.499,NoButton,Move,540,389
202.516,202.516,NoButton,Move,532,384
202.532,202.532,NoButton,Move,517,374
202.549,202.549,NoButton,Move,506,366
202.565,202.565,NoButton,Move,498,359
202.582,202.582,NoButton,Move,494,356
202.599,202.599,NoButton,Move,490,353
202.615,202.615,NoButton,Move,488,352
202.633,202.633,NoButton,Move,485,352
202.649,202.649,NoButton,Move,484,355
202.665,202.665,NoButton,Move,481,361
202.682,202.682,NoButton,Move,477,369
202.699,202.699,NoButton,Move,474,374
202.715,202.715,NoButton,Move,470,380
202.732,202.732,NoButton,Move,468,384
202.749,202.749,NoButton,Move,466,387
202.766,202.766,NoButton,Move,465,388
202.783,202.783,NoButton,Move,464,389
202.799,202.799,NoButton,Move,464,389
202.815,202.815,NoButton,Move,463,389
202.832,202.832,NoButton,Move,463,389
202.849,202.849,NoButton,Move,463,389
202.868,202.868,NoButton,Move,463,389
202.893,202.893,NoButton,Move,462,389
202.901,202.901,NoButton,Move,462,389
202.916,202.916,NoButton,Move,462,389
202.932,202.932,NoButton,Move,462,388
202.949,202.949,NoButton,Move,462,388
202.966,202.966,NoButton,Move,462,387
203.213,203.213,NoButton,Move,462,387
203.22,203.22,NoButton,Move,462,388
203.233,203.233,NoButton,Move,462,389
203.249,203.249,NoButton,Move,461,392
203.266,203.266,NoButton,Move,460,395
203.282,203.282,NoButton,Move,460,397
203.299,203.299,NoButton,Move,459,398
203.315,203.315,NoButton,Move,458,398
203.332,203.332,NoButton,Move,458,398
203.349,203.349,NoButton,Move,457,391
203.366,203.366,NoButton,Move,456,379
203.382,203.382,NoButton,Move,456,361
203.399,203.399,NoButton,Move,456,338
203.415,203.415,NoButton,Move,456,333
203.432,203.432,NoButton,Move,455,321
203.449,203.449,NoButton,Move,455,317
203.465,203.465,NoButton,Move,455,316
203.528,203.528,Left,Pressed,455,316
203.53,203.53,Left,Released,455,316
206.088,206.088,NoButton,Move,432,413
206.089,206.089,Left,Pressed,432,413
206.099,206.099,NoButton,Move,432,413
206.099,206.099,Left,Released,432,413
208.116,208.116,NoButton,Move,425,489
208.131,208.131,NoButton,Move,424,489
208.148,208.148,NoButton,Move,424,491
208.164,208.164,NoButton,Move,423,494
208.181,208.181,NoButton,Move,422,497
208.198,208.198,NoButton,Move,421,500
208.228,208.228,Left,Pressed,421,500
208.231,208.231,NoButton,Move,421,501
208.366,208.366,Left,Released,421,501
212.025,212.025,NoButton,Move,421,505
212.033,212.033,NoButton,Move,420,508
212.049,212.049,NoButton,Move,419,511
212.065,212.065,NoButton,Move,417,517
212.082,212.082,NoButton,Move,416,520
212.099,212.099,NoButton,Move,414,524
212.115,212.115,NoButton,Move,413,527
212.132,212.132,NoButton,Move,410,532
212.149,212.149,NoButton,Move,408,535
212.166,212.166,NoButton,Move,406,537
212.182,212.182,NoButton,Move,404,540
212.199,212.199,NoButton,Move,402,543
212.215,212.215,NoButton,Move,401,545
212.232,212.232,NoButton,Move,400,546
212.249,212.249,NoButton,Move,400,548
212.266,212.266,NoButton,Move,400,550
212.282,212.282,NoButton,Move,400,555
212.299,212.299,NoButton,Move,400,559
212.316,212.316,NoButton,Move,400,564
212.332,212.332,NoButton,Move,399,568
212.364,212.364,Left,Pressed,399,568
212.382,212.382,NoButton,Move,399,568
212.487,212.487,Left,Released,399,568
216.265,216.265,NoButton,Move,398,571
216.282,216.282,NoButton,Move,390,582
216.299,216.299,NoButton,Move,386,587
216.315,216.315,NoButton,Move,383,590
216.332,216.332,NoButton,Move,380,592
216.349,216.349,NoButton,Move,376,595
216.365,216.365,NoButton,Move,372,597
216.382,216.382,NoButton,Move,370,599
216.399,216.399,NoButton,Move,368,600
216.416,216.416,NoButton,Move,367,600
216.432,216.432,NoButton,Move,364,601
216.449,216.449,NoButton,Move,361,603
216.466,216.466,NoButton,Move,357,606
216.482,216.482,NoButton,Move,353,611
216.499,216.499,NoButton,Move,349,614
216.516,216.516,NoButton,Move,346,618
216.532,216.532,NoButton,Move,344,621
216.545,216.545,Left,Pressed,344,621
216.649,216.649,NoButton,Move,344,621
216.671,216.671,Left,Released,344,621
216.818,216.818,NoButton,Move,345,621
216.832,216.832,NoButton,Move,348,621
216.849,216.849,NoButton,Move,355,619
216.865,216.865,NoButton,Move,362,617
216.882,216.882,NoButton,Move,378,610
216.899,216.899,NoButton,Move,399,600
216.915,216.915,NoButton,Move,421,590
216.932,216.932,NoButton,Move,443,580
216.949,216.949,NoButton,Move,462,569
216.966,216.966,NoButton,Move,474,561
216.982,216.982,NoButton,Move,490,551
216.999,216.999,NoButton,Move,510,538
217.016,217.016,NoButton,Move,526,526
217.032,217.032,NoButton,Move,543,516
217.049,217.049,NoButton,Move,549,514
217.065,217.065,NoButton,Move,563,507
217.082,217.082,NoButton,Move,567,506
217.099,217.099,NoButton,Move,573,503
217.115,217.115,NoButton,Move,576,501
217.132,217.132,NoButton,Move,580,498
217.149,217.149,NoButton,Move,582,496
217.165,217.165,NoButton,Move,585,493
217.182,217.182,NoButton,Move,586,491
217.212,217.212,Left,Pressed,586,491
217.232,217.232,NoButton,Move,587,491
217.299,217.299,Left,Released,587,491
217.525,217.525,NoButton,Move,586,491
217.532,217.532,NoButton,Move,582,491
217.55,217.55,NoButton,Move,574,490
217.566,217.566,NoButton,Move,570,489
217.582,217.582,NoButton,Move,556,478
217.599,217.599,NoButton,Move,535,459
217.615,217.615,NoButton,Move,511,432
217.632,217.632,NoButton,Move,498,416
217.649,217.649,NoButton,Move,490,409
217.665,217.665,NoButton,Move,484,404
217.682,217.682,NoButton,Move,479,403
217.699,217.699,NoButton,Move,477,405
217.715,217.715,NoButton,Move,474,411
217.732,217.732,NoButton,Move,471,418
217.749,217.749,NoButton,Move,468,428
217.766,217.766,NoButton,Move,465,441
217.782,217.782,NoButton,Move,464,450
217.799,217.799,NoButton,Move,463,457
217.816,217.816,NoButton,Move,463,462
217.832,217.832,NoButton,Move,462,463
217.849,217.849,NoButton,Move,462,464
217.862,217.862,Left,Pressed,462,464
217.882,217.882,NoButton,Move,462,464
218.012,218.012,Left,Released,462,464
219.735,219.735,NoButton,Move,461,464
219.75,219.75,NoButton,Move,453,462
219.765,219.765,NoButton,Move,439,457
219.782,219.782,NoButton,Move,405,445
219.799,219.799,NoButton,Move,362,428
219.815,219.815,NoButton,Move,334,419
219.832,219.832,NoButton,Move,255,389
219.849,219.849,NoButton,Move,220,375
219.865,219.865,NoButton,Move,195,365
219.882,219.882,NoButton,Move,170,355
219.899,219.899,NoButton,Move,152,348
219.916,219.916,NoButton,Move,144,345
219.933,219.933,NoButton,Move,137,342
219.949,219.949,NoButton,Move,132,341
219.966,219.966,NoButton,Move,128,340
219.982,219.982,NoButton,Move,124,337
219.998,219.998,NoButton,Move,120,334
220.016,220.016,NoButton,Move,114,325
220.032,220.032,NoButton,Move,107,311
220.049,220.049,NoButton,Move,102,298
220.065,220.065,NoButton,Move,100,290
220.082,220.082,NoButton,Move,96,278
220.099,220.099,NoButton,Move,95,273
220.115,220.115,NoButton,Move,95,270
220.132,220.132,NoButton,Move,95,270
220.212,220.212,Left,Pressed,95,270
220.378,220.378,Left,Released,95,270
220.549,220.549,NoButton,Move,95,269
220.565,220.565,NoButton,Move,95,268
220.582,220.582,NoButton,Move,95,267
220.599,220.599,NoButton,Move,95,265
220.616,220.616,NoButton,Move,95,261
220.632,220.632,NoButton,Move,95,259
220.649,220.649,NoButton,Move,95,256
220.666,220.666,NoButton,Move,95,255
220.678,220.678,Left,Pressed,95,255
220.699,220.699,NoButton,Move,95,255
220.778,220.778,Left,Released,95,255
221.093,221.093,NoButton,Move,97,255
221.101,221.101,NoButton,Move,112,250
221.117,221.117,NoButton,Move,128,246
221.132,221.132,NoButton,Move,198,232
221.149,221.149,NoButton,Move,295,226
221.166,221.166,NoButton,Move,519,253
221.182,221.182,NoButton,Move,632,294
221.199,221.199,NoButton,Move,775,346
221.216,221.216,NoButton,Move,862,379
221.233,221.233,NoButton,Move,921,403
221.477,221.477,NoButton,Move,923,403
221.485,221.485,NoButton,Move,927,403
221.499,221.499,NoButton,Move,933,402
221.516,221.516,NoButton,Move,952,398
221.532,221.532,NoButton,Move,992,391
221.549,221.549,NoButton,Move,1047,385
221.566,221.566,NoButton,Move,1102,384
221.582,221.582,NoButton,Move,1140,384
221.599,221.599,NoButton,Move,1180,391
221.616,221.616,NoButton,Move,1201,396
221.633,221.633,NoButton,Move,1223,403
221.649,221.649,NoButton,Move,1232,406
221.665,221.665,NoButton,Move,1237,407
221.683,221.683,NoButton,Move,1238,408
221.699,221.699,NoButton,Move,1239,408
221.715,221.715,NoButton,Move,1239,408
221.862,221.862,NoButton,Move,1239,408
221.869,221.869,NoButton,Move,1238,408
221.882,221.882,NoButton,Move,1237,408
221.899,221.899,NoButton,Move,1235,408
221.916,221.916,NoButton,Move,1232,407
221.932,221.932,NoButton,Move,1231,406
221.949,221.949,NoButton,Move,1230,406
221.966,221.966,NoButton,Move,1230,406
222.03,222.03,Left,Pressed,1230,406
222.128,222.128,Left,Released,1230,406
222.385,222.385,NoButton,Move,1230,406
222.399,222.399,NoButton,Move,1226,406
222.415,222.415,NoButton,Move,1205,411
222.432,222.432,NoButton,Move,1168,417
222.449,222.449,NoButton,Move,1111,424
222.466,222.466,NoButton,Move,1042,430
222.482,222.482,NoButton,Move,970,433
222.499,222.499,NoButton,Move,910,435
222.517,222.517,NoButton,Move,870,437
222.532,222.532,NoButton,Move,832,442
222.549,222.549,NoButton,Move,812,447
222.566,222.566,NoButton,Move,793,452
222.582,222.582,NoButton,Move,781,456
222.599,222.599,NoButton,Move,775,457
222.615,222.615,NoButton,Move,772,459
222.632,222.632,NoButton,Move,770,459
222.649,222.649,NoButton,Move,768,460
222.666,222.666,NoButton,Move,765,461
222.682,222.682,NoButton,Move,763,461
222.7,222.7,NoButton,Move,761,461
222.716,222.716,NoButton,Move,759,462
222.733,222.733,NoButton,Move,758,462
222.749,222.749,NoButton,Move,756,463
222.766,222.766,NoButton,Move,755,464
222.782,222.782,NoButton,Move,754,464
222.799,222.799,NoButton,Move,754,464
224.819,224.819,NoButton,Move,752,470
224.832,224.832,NoButton,Move,750,482
224.849,224.849,NoButton,Move,749,508
224.865,224.865,NoButton,Move,749,537
224.882,224.882,NoButton,Move,749,554
224.899,224.899,NoButton,Move,751,573
224.915,224.915,NoButton,Move,751,595
224.932,224.932,NoButton,Move,751,607
224.95,224.95,NoButton,Move,750,619
224.966,224.966,NoButton,Move,748,625
224.983,224.983,NoButton,Move,745,631
224.999,224.999,NoButton,Move,744,634
225.016,225.016,NoButton,Move,742,635
225.032,225.032,NoButton,Move,739,635
225.049,225.049,NoButton,Move,738,635
225.066,225.066,NoButton,Move,732,635
225.082,225.082,NoButton,Move,728,634
225.099,225.099,NoButton,Move,723,633
225.115,225.115,NoButton,Move,718,630
225.133,225.133,NoButton,Move,714,626
225.149,225.149,NoButton,Move,708,615
225.165,225.165,NoButton,Move,705,603
225.183,225.183,NoButton,Move,702,587
225.199,225.199,NoButton,Move,701,576
225.216,225.216,NoButton,Move,700,567
225.232,225.232,NoButton,Move,700,562
225.25,225.25,NoButton,Move,700,559
225.266,225.266,NoButton,Move,700,557
225.283,225.283,NoButton,Move,700,557
225.299,225.299,NoButton,Move,700,557
225.313,225.313,Left,Pressed,700,557
225.425,225.425,NoButton,Move,700,557
225.425,225.425,Left,Released,700,557
229.683,229.683,NoButton,Move,700,562
229.699,229.699,NoButton,Move,711,578
229.715,229.715,NoButton,Move,719,584
229.732,229.732,NoButton,Move,729,588
229.749,229.749,NoButton,Move,739,592
229.765,229.765,NoButton,Move,755,598
229.782,229.782,NoButton,Move,770,603
229.799,229.799,NoButton,Move,779,605
229.815,229.815,NoButton,Move,787,607
229.832,229.832,NoButton,Move,793,608
229.849,229.849,NoButton,Move,796,609
229.866,229.866,NoButton,Move,798,609
229.882,229.882,NoButton,Move,800,610
229.899,229.899,NoButton,Move,802,611
229.916,229.916,NoButton,Move,805,615
229.933,229.933,NoButton,Move,808,624
229.949,229.949,NoButton,Move,811,635
229.965,229.965,NoButton,Move,812,643
229.982,229.982,NoButton,Move,813,650
229.999,229.999,NoButton,Move,813,655
230.011,230.011,Left,Pressed,813,655
230.049,230.049,NoButton,Move,813,655
230.097,230.097,Left,Released,813,655
230.332,230.332,NoButton,Move,813,655
230.339,230.339,NoButton,Move,813,652
230.349,230.349,NoButton,Move,812,647
230.366,230.366,NoButton,Move,809,636
230.382,230.382,NoButton,Move,804,614
230.399,230.399,NoButton,Move,800,605
230.416,230.416,NoButton,Move,792,588
230.432,230.432,NoButton,Move,786,583
230.449,230.449,NoButton,Move,780,583
230.466,230.466,NoButton,Move,772,583
230.482,230.482,NoButton,Move,766,584
230.499,230.499,NoButton,Move,761,587
230.516,230.516,NoButton,Move,756,591
230.532,230.532,NoButton,Move,752,594
230.549,230.549,NoButton,Move,750,596
230.567,230.567,NoButton,Move,749,597
230.582,230.582,NoButton,Move,749,597
230.599,230.599,NoButton,Move,748,597
230.674,230.674,NoButton,Move,748,597
230.682,230.682,NoButton,Move,748,597
230.699,230.699,NoButton,Move,748,596
230.715,230.715,NoButton,Move,748,595
230.732,230.732,NoButton,Move,748,594
230.749,230.749,NoButton,Move,748,593
230.766,230.766,NoButton,Move,748,593
231.673,231.673,NoButton,Move,748,593
231.698,231.698,NoButton,Move,748,593
231.732,231.732,NoButton,Move,747,593
231.872,231.872,NoButton,Move,747,593
231.886,231.886,NoButton,Move,747,593
231.903,231.903,NoButton,Move,747,593
231.919,231.919,NoButton,Move,746,593
231.969,231.969,NoButton,Move,746,593
232.017,232.017,NoButton,Move,746,593
232.037,232.037,NoButton,Move,746,593
232.049,232.049,NoButton,Move,745,593
232.067,232.067,NoButton,Move,745,593
232.097,232.097,NoButton,Move,745,593
232.18,232.18,NoButton,Move,745,593
232.196,232.196,NoButton,Move,744,593
232.232,232.232,NoButton,Move,744,593
232.312,232.312,NoButton,Move,744,593
232.348,232.348,NoButton,Move,744,593
232.427,232.427,NoButton,Move,743,593
232.484,232.484,NoButton,Move,743,593
232.542,232.542,NoButton,Move,743,592
232.549,232.549,NoButton,Move,743,592
232.566,232.566,NoButton,Move,742,592
232.951,232.951,NoButton,Move,741,592
232.966,232.966,NoButton,Move,740,592
232.983,232.983,NoButton,Move,737,590
232.999,232.999,NoButton,Move,736,589
233.016,233.016,NoButton,Move,734,588
233.032,233.032,NoButton,Move,734,588
233.049,233.049,NoButton,Move,733,587
233.065,233.065,NoButton,Move,733,587
233.147,233.147,NoButton,Move,733,587
233.155,233.155,NoButton,Move,733,586
233.165,233.165,NoButton,Move,733,585
233.182,233.182,NoButton,Move,733,583
233.199,233.199,NoButton,Move,733,579
233.215,233.215,NoButton,Move,733,573
233.232,233.232,NoButton,Move,736,560
233.25,233.25,NoButton,Move,753,541
233.266,233.266,NoButton,Move,785,524
233.283,233.283,NoButton,Move,862,516
233.299,233.299,NoButton,Move,943,520
233.316,233.316,NoButton,Move,960,525
233.516,233.516,NoButton,Move,961,524
233.532,233.532,NoButton,Move,973,517
233.549,233.549,NoButton,Move,989,505
233.566,233.566,NoButton,Move,1007,494
233.582,233.582,NoButton,Move,1059,463
233.599,233.599,NoButton,Move,1100,442
233.616,233.616,NoButton,Move,1129,432
233.633,233.633,NoButton,Move,1150,425
233.648,233.648,NoButton,Move,1164,420
233.666,233.666,NoButton,Move,1170,418
233.682,233.682,NoButton,Move,1179,415
233.699,233.699,NoButton,Move,1180,415
233.716,233.716,NoButton,Move,1181,414
233.766,233.766,NoButton,Move,1180,414
233.782,233.782,NoButton,Move,1180,414
233.799,233.799,NoButton,Move,1179,414
233.816,233.816,NoButton,Move,1179,414
233.832,233.832,NoButton,Move,1178,413
233.849,233.849,NoButton,Move,1178,413
233.866,233.866,NoButton,Move,1176,412
233.882,233.882,NoButton,Move,1175,411
233.899,233.899,NoButton,Move,1174,411
233.916,233.916,NoButton,Move,1172,411
233.933,233.933,NoButton,Move,1172,410
233.949,233.949,NoButton,Move,1172,410
234.12,234.12,NoButton,Move,1172,410
234.132,234.132,NoButton,Move,1173,410
234.149,234.149,NoButton,Move,1175,410
234.166,234.166,NoButton,Move,1179,409
234.183,234.183,NoButton,Move,1185,409
234.199,234.199,NoButton,Move,1193,409
234.217,234.217,NoButton,Move,1207,408
234.232,234.232,NoButton,Move,1218,408
234.25,234.25,NoButton,Move,1231,407
234.266,234.266,NoButton,Move,1242,407
234.282,234.282,NoButton,Move,1252,406
234.299,234.299,NoButton,Move,1256,405
234.316,234.316,NoButton,Move,1261,404
234.332,234.332,NoButton,Move,1265,403
234.349,234.349,NoButton,Move,1267,403
234.366,234.366,NoButton,Move,1267,403
234.382,234.382,NoButton,Move,1269,403
234.398,234.398,NoButton,Move,1270,403
234.416,234.416,NoButton,Move,1270,403
234.432,234.432,NoButton,Move,1271,403
234.449,234.449,NoButton,Move,1271,403
234.465,234.465,NoButton,Move,1272,403
234.512,234.512,Left,Pressed,1272,403
234.679,234.679,Left,Released,1272,403
235.014,235.014,NoButton,Move,1271,403
235.022,235.022,NoButton,Move,1271,403
235.032,235.032,NoButton,Move,1270,403
235.049,235.049,NoButton,Move,1268,403
235.066,235.066,NoButton,Move,1256,406
235.082,235.082,NoButton,Move,1242,411
235.099,235.099,NoButton,Move,1218,420
235.115,235.115,NoButton,Move,1185,431
235.132,235.132,NoButton,Move,1135,449
235.149,235.149,NoButton,Move,1090,463
235.166,235.166,NoButton,Move,1041,477
235.182,235.182,NoButton,Move,991,491
235.199,235.199,NoButton,Move,955,500
235.216,235.216,NoButton,Move,914,510
235.232,235.232,NoButton,Move,882,518
235.249,235.249,NoButton,Move,868,521
235.916,235.916,Scroll,Down,0,1
235.916,235.916,Scroll,Down,0,1
235.931,235.931,Scroll,Down,0,1
235.949,235.949,Scroll,Down,0,1
235.966,235.966,Scroll,Down,0,1
235.999,235.999,Scroll,Down,0,2
236.061,236.061,Scroll,Down,0,1
236.099,236.099,Scroll,Down,0,1
236.115,236.115,Scroll,Down,0,1
236.132,236.132,Scroll,Down,0,1
236.15,236.15,Scroll,Down,0,1
236.165,236.165,Scroll,Down,0,1
236.182,236.182,Scroll,Down,0,1
236.199,236.199,Scroll,Down,0,1
236.233,236.233,Scroll,Up,0,0
236.249,236.249,Scroll,Down,0,1
236.266,236.266,Scroll,Down,0,1
236.766,236.766,NoButton,Move,872,525
236.782,236.782,NoButton,Move,881,535
236.799,236.799,NoButton,Move,893,549
236.815,236.815,NoButton,Move,908,567
236.832,236.832,NoButton,Move,918,580
236.849,236.849,NoButton,Move,928,593
236.866,236.866,NoButton,Move,935,603
236.882,236.882,NoButton,Move,938,609
236.899,236.899,NoButton,Move,940,614
236.916,236.916,NoButton,Move,941,617
236.932,236.932,NoButton,Move,941,620
236.949,236.949,NoButton,Move,941,621
236.966,236.966,NoButton,Move,941,622
236.982,236.982,NoButton,Move,941,623
236.999,236.999,NoButton,Move,941,624
237.016,237.016,NoButton,Move,941,625
237.032,237.032,NoButton,Move,941,625
237.049,237.049,NoButton,Move,941,626
237.066,237.066,NoButton,Move,941,626
237.082,237.082,NoButton,Move,941,626
237.323,237.323,NoButton,Move,941,627
237.332,237.332,NoButton,Move,941,629
237.349,237.349,NoButton,Move,941,634
237.366,237.366,NoButton,Move,942,640
237.382,237.382,NoButton,Move,942,650
237.399,237.399,NoButton,Move,942,661
237.417,237.417,NoButton,Move,942,672
237.432,237.432,NoButton,Move,941,683
237.449,237.449,NoButton,Move,938,692
237.466,237.466,NoButton,Move,936,698
237.482,237.482,NoButton,Move,933,704
237.499,237.499,NoButton,Move,932,708
237.516,237.516,NoButton,Move,931,709
237.532,237.532,NoButton,Move,930,710
237.549,237.549,NoButton,Move,930,710
237.566,237.566,NoButton,Move,930,710
237.582,237.582,NoButton,Move,930,710
237.599,237.599,NoButton,Move,930,710
237.616,237.616,NoButton,Move,930,709
237.633,237.633,NoButton,Move,930,708
237.649,237.649,NoButton,Move,930,707
237.666,237.666,NoButton,Move,929,706
237.682,237.682,NoButton,Move,929,705
237.699,237.699,NoButton,Move,928,703
237.716,237.716,NoButton,Move,928,700
237.733,237.733,NoButton,Move,927,697
237.749,237.749,NoButton,Move,926,692
237.766,237.766,NoButton,Move,925,686
237.783,237.783,NoButton,Move,924,680
237.799,237.799,NoButton,Move,922,674
237.816,237.816,NoButton,Move,920,665
237.832,237.832,NoButton,Move,917,656
237.849,237.849,NoButton,Move,916,649
237.866,237.866,NoButton,Move,913,641
237.883,237.883,NoButton,Move,912,637
237.899,237.899,NoButton,Move,911,635
237.916,237.916,NoButton,Move,910,633
237.932,237.932,NoButton,Move,910,633
237.949,237.949,NoButton,Move,910,632
237.966,237.966,NoButton,Move,909,632
238.046,238.046,Left,Pressed,909,632
238.179,238.179,Left,Released,909,632
238.485,238.485,NoButton,Move,909,633
238.503,238.503,NoButton,Move,906,637
238.516,238.516,NoButton,Move,903,640
238.532,238.532,NoButton,Move,894,646
238.55,238.55,NoButton,Move,879,655
238.566,238.566,NoButton,Move,868,658
238.583,238.583,NoButton,Move,862,660
238.599,238.599,NoButton,Move,856,662
238.616,238.616,NoButton,Move,851,663
238.632,238.632,NoButton,Move,848,664
238.649,238.649,NoButton,Move,846,665
238.666,238.666,NoButton,Move,844,666
238.683,238.683,NoButton,Move,843,667
238.699,238.699,NoButton,Move,842,667
238.716,238.716,NoButton,Move,842,667
238.733,238.733,NoButton,Move,841,667
238.749,238.749,NoButton,Move,841,667
239.597,239.597,Left,Pressed,841,667
239.713,239.713,Left,Released,841,667
239.82,239.82,NoButton,Move,841,667
239.833,239.833,NoButton,Move,841,667
239.85,239.85,NoButton,Move,842,666
239.866,239.866,NoButton,Move,845,666
239.882,239.882,NoButton,Move,852,666
239.899,239.899,NoButton,Move,856,665
239.916,239.916,NoButton,Move,860,667
239.932,239.932,NoButton,Move,864,670
239.949,239.949,NoButton,Move,869,676
239.966,239.966,NoButton,Move,872,684
239.982,239.982,NoButton,Move,875,689
239.999,239.999,NoButton,Move,879,700
240.016,240.016,NoButton,Move,881,707
240.032,240.032,NoButton,Move,882,711
240.049,240.049,NoButton,Move,882,713
240.066,240.066,NoButton,Move,882,716
240.082,240.082,NoButton,Move,882,716
240.099,240.099,NoButton,Move,882,717
240.227,240.227,NoButton,Move,882,717
240.243,240.243,NoButton,Move,882,716
240.251,240.251,NoButton,Move,882,716
240.266,240.266,NoButton,Move,882,716
240.282,240.282,NoButton,Move,882,715
240.299,240.299,NoButton,Move,882,714
240.316,240.316,NoButton,Move,882,713
240.333,240.333,NoButton,Move,881,713
240.35,240.35,NoButton,Move,881,712
240.366,240.366,NoButton,Move,881,712
240.433,240.433,NoButton,Move,881,713
240.449,240.449,NoButton,Move,881,717
240.466,240.466,NoButton,Move,881,724
240.483,240.483,NoButton,Move,881,732
240.499,240.499,NoButton,Move,881,740
240.517,240.517,NoButton,Move,881,747
240.532,240.532,NoButton,Move,881,755
240.549,240.549,NoButton,Move,880,762
240.567,240.567,NoButton,Move,880,768
240.583,240.583,NoButton,Move,880,774
240.599,240.599,NoButton,Move,880,780
240.617,240.617,NoButton,Move,880,784
240.632,240.632,NoButton,Move,880,787
240.649,240.649,NoButton,Move,880,790
240.666,240.666,NoButton,Move,878,792
240.9,240.9,NoButton,Move,878,791
240.916,240.916,NoButton,Move,878,784
240.934,240.934,NoButton,Move,879,772
240.949,240.949,NoButton,Move,880,754
240.966,240.966,NoButton,Move,880,729
240.982,240.982,NoButton,Move,880,704
240.999,240.999,NoButton,Move,880,688
241.016,241.016,NoButton,Move,880,676
241.032,241.032,NoButton,Move,880,668
241.049,241.049,NoButton,Move,880,665
241.066,241.066,NoButton,Move,880,662
241.082,241.082,NoButton,Move,880,661
241.11,241.11,NoButton,Move,880,661
241.162,241.162,NoButton,Move,880,661
241.196,241.196,Left,Pressed,880,661
241.313,241.313,Left,Released,880,661
241.637,241.637,NoButton,Move,880,661
241.649,241.649,NoButton,Move,880,662
241.666,241.666,NoButton,Move,878,664
241.683,241.683,NoButton,Move,877,665
241.699,241.699,NoButton,Move,876,667
241.716,241.716,NoButton,Move,875,668
241.733,241.733,NoButton,Move,875,669
241.75,241.75,NoButton,Move,874,669
241.766,241.766,NoButton,Move,874,669
241.946,241.946,Left,Pressed,874,669
242.064,242.064,Left,Released,874,669
242.127,242.127,NoButton,Move,874,669
242.134,242.134,NoButton,Move,874,670
242.149,242.149,NoButton,Move,874,671
242.166,242.166,NoButton,Move,874,674
242.183,242.183,NoButton,Move,874,677
242.2,242.2,NoButton,Move,874,680
242.217,242.217,NoButton,Move,874,684
242.233,242.233,NoButton,Move,874,686
242.249,242.249,NoButton,Move,874,687
242.266,242.266,NoButton,Move,874,689
242.282,242.282,NoButton,Move,874,690
242.299,242.299,NoButton,Move,874,690
242.316,242.316,NoButton,Move,874,690
242.329,242.329,Left,Pressed,874,690
242.349,242.349,NoButton,Move,874,691
242.445,242.445,Left,Released,874,691
242.856,242.856,NoButton,Move,874,690
242.866,242.866,NoButton,Move,874,690
242.882,242.882,NoButton,Move,872,688
242.899,242.899,NoButton,Move,870,686
242.916,242.916,NoButton,Move,869,684
242.933,242.933,NoButton,Move,868,683
242.949,242.949,NoButton,Move,866,682
242.966,242.966,NoButton,Move,866,681
242.983,242.983,NoButton,Move,865,680
243,243,NoButton,Move,864,680
243.016,243.016,NoButton,Move,863,679
243.032,243.032,NoButton,Move,863,678
243.049,243.049,NoButton,Move,862,678
243.066,243.066,NoButton,Move,861,677
243.082,243.082,NoButton,Move,861,676
243.099,243.099,NoButton,Move,860,675
243.116,243.116,NoButton,Move,859,675
243.132,243.132,NoButton,Move,859,675
243.149,243.149,NoButton,Move,859,674
243.196,243.196,Left,Pressed,859,674
243.345,243.345,Left,Released,859,674
244.608,244.608,NoButton,Move,860,674
244.633,244.633,NoButton,Move,863,675
244.649,244.649,NoButton,Move,865,675
244.666,244.666,NoButton,Move,866,676
244.683,244.683,NoButton,Move,868,676
244.699,244.699,NoButton,Move,869,676
244.716,244.716,NoButton,Move,869,676
244.733,244.733,NoButton,Move,871,676
244.749,244.749,NoButton,Move,872,676
244.766,244.766,NoButton,Move,873,676
244.783,244.783,NoButton,Move,875,675
244.799,244.799,NoButton,Move,876,675
244.817,244.817,NoButton,Move,877,674
244.832,244.832,NoButton,Move,878,673
244.849,244.849,NoButton,Move,879,673
244.866,244.866,NoButton,Move,880,672
244.882,244.882,NoButton,Move,881,672
244.899,244.899,NoButton,Move,882,671
244.916,244.916,NoButton,Move,882,671
244.933,244.933,NoButton,Move,883,671
244.949,244.949,NoButton,Move,883,671
244.966,244.966,NoButton,Move,884,671
244.992,244.992,NoButton,Move,884,671
245.04,245.04,NoButton,Move,884,670
245.122,245.122,NoButton,Move,884,670
246.482,246.482,NoButton,Move,884,670
246.947,246.947,NoButton,Move,884,670
246.966,246.966,NoButton,Move,884,670
246.983,246.983,NoButton,Move,884,670
246.999,246.999,NoButton,Move,883,670
247.016,247.016,NoButton,Move,883,670
247.032,247.032,NoButton,Move,881,670
247.049,247.049,NoButton,Move,878,670
247.066,247.066,NoButton,Move,832,677
247.082,247.082,NoButton,Move,716,680
247.099,247.099,NoButton,Move,545,670
247.116,247.116,NoButton,Move,349,623
247.133,247.133,NoButton,Move,313,608
247.149,247.149,NoButton,Move,216,564
247.166,247.166,NoButton,Move,182,544
247.183,247.183,NoButton,Move,177,541
247.39,247.39,NoButton,Move,176,540
247.399,247.399,NoButton,Move,172,530
247.416,247.416,NoButton,Move,163,509
247.432,247.432,NoButton,Move,153,483
247.449,247.449,NoButton,Move,136,430
247.466,247.466,NoButton,Move,122,369
247.483,247.483,NoButton,Move,116,331
247.499,247.499,NoButton,Move,114,305
247.516,247.516,NoButton,Move,113,287
247.532,247.532,NoButton,Move,113,273
247.549,247.549,NoButton,Move,113,267
247.566,247.566,NoButton,Move,113,265
247.583,247.583,NoButton,Move,113,265
247.65,247.65,NoButton,Move,113,265
247.666,247.666,NoButton,Move,113,265
247.682,247.682,NoButton,Move,113,264
247.699,247.699,NoButton,Move,113,264
247.717,247.717,NoButton,Move,113,264
247.744,247.744,NoButton,Move,113,264
247.75,247.75,NoButton,Move,113,263
247.767,247.767,NoButton,Move,113,262
247.783,247.783,NoButton,Move,113,260
247.799,247.799,NoButton,Move,113,255
247.816,247.816,NoButton,Move,113,251
247.832,247.832,NoButton,Move,113,247
247.849,247.849,NoButton,Move,113,244
247.866,247.866,NoButton,Move,113,243
247.882,247.882,NoButton,Move,113,242
247.913,247.913,Left,Pressed,113,242
248.013,248.013,Left,Released,113,242
250.738,250.738,NoButton,Move,114,242
250.75,250.75,NoButton,Move,116,242
250.766,250.766,NoButton,Move,121,242
250.783,250.783,NoButton,Move,127,243
250.8,250.8,NoButton,Move,133,244
250.816,250.816,NoButton,Move,141,245
250.833,250.833,NoButton,Move,147,247
250.85,250.85,NoButton,Move,157,249
250.866,250.866,NoButton,Move,171,253
250.883,250.883,NoButton,Move,196,259
250.9,250.9,NoButton,Move,227,268
250.917,250.917,NoButton,Move,342,301
250.933,250.933,NoButton,Move,454,336
250.949,250.949,NoButton,Move,590,383
250.966,250.966,NoButton,Move,726,431
251.245,251.245,NoButton,Move,726,430
251.253,251.253,NoButton,Move,726,429
251.266,251.266,NoButton,Move,726,426
251.283,251.283,NoButton,Move,726,423
251.3,251.3,NoButton,Move,725,412
251.316,251.316,NoButton,Move,723,400
251.333,251.333,NoButton,Move,722,390
251.35,251.35,NoButton,Move,721,380
251.366,251.366,NoButton,Move,720,372
251.383,251.383,NoButton,Move,718,362
251.4,251.4,NoButton,Move,717,356
251.416,251.416,NoButton,Move,715,350
251.433,251.433,NoButton,Move,714,346
251.449,251.449,NoButton,Move,712,342
251.466,251.466,NoButton,Move,711,338
251.482,251.482,NoButton,Move,710,335
251.499,251.499,NoButton,Move,709,334
251.516,251.516,NoButton,Move,709,331
251.532,251.532,NoButton,Move,709,330
251.549,251.549,NoButton,Move,709,330
251.566,251.566,NoButton,Move,708,330
251.629,251.629,NoButton,Move,708,330
252.078,252.078,NoButton,Move,708,330
252.086,252.086,NoButton,Move,708,329
252.099,252.099,NoButton,Move,707,328
252.116,252.116,NoButton,Move,705,325
252.133,252.133,NoButton,Move,703,321
252.149,252.149,NoButton,Move,699,316
252.166,252.166,NoButton,Move,697,314
252.183,252.183,NoButton,Move,696,312
252.199,252.199,NoButton,Move,695,310
252.216,252.216,NoButton,Move,695,310
252.233,252.233,NoButton,Move,695,310
252.39,252.39,NoButton,Move,695,310
252.405,252.405,NoButton,Move,695,310
252.416,252.416,NoButton,Move,695,311
252.432,252.432,NoButton,Move,695,311
252.449,252.449,NoButton,Move,695,311
252.466,252.466,NoButton,Move,695,312
252.719,252.719,NoButton,Move,695,312
252.744,252.744,NoButton,Move,694,312
253.333,253.333,Left,Pressed,694,312
253.463,253.463,NoButton,Move,694,312
253.48,253.48,NoButton,Move,691,312
254.099,254.099,NoButton,Move,346,322
254.116,254.116,NoButton,Move,356,321
254.132,254.132,NoButton,Move,378,318
254.149,254.149,NoButton,Move,441,308
254.166,254.166,NoButton,Move,552,300
254.182,254.182,NoButton,Move,740,297
254.199,254.199,NoButton,Move,854,297
254.216,254.216,NoButton,Move,988,297
254.232,254.232,NoButton,Move,1064,301
254.249,254.249,NoButton,Move,1123,308
254.266,254.266,NoButton,Move,1158,313
254.429,254.429,NoButton,Move,1159,313
254.436,254.436,NoButton,Move,1160,313
254.449,254.449,NoButton,Move,1162,314
254.466,254.466,NoButton,Move,1165,315
254.483,254.483,NoButton,Move,1167,316
254.499,254.499,NoButton,Move,1169,318
254.517,254.517,NoButton,Move,1171,320
254.533,254.533,NoButton,Move,1172,323
254.55,254.55,NoButton,Move,1172,328
254.566,254.566,NoButton,Move,1168,337
254.582,254.582,NoButton,Move,1156,347
254.599,254.599,NoButton,Move,1126,365
254.616,254.616,NoButton,Move,1085,384
254.633,254.633,NoButton,Move,994,418
254.649,254.649,NoButton,Move,893,455
254.666,254.666,NoButton,Move,837,480
254.683,254.683,NoButton,Move,767,515
254.699,254.699,NoButton,Move,726,540
254.716,254.716,NoButton,Move,685,568
254.732,254.732,NoButton,Move,665,585
254.749,254.749,NoButton,Move,646,601
254.968,254.968,NoButton,Move,646,601
254.983,254.983,NoButton,Move,643,601
254.999,254.999,NoButton,Move,634,601
255.016,255.016,NoButton,Move,608,594
255.032,255.032,NoButton,Move,584,587
255.049,255.049,NoButton,Move,555,578
255.066,255.066,NoButton,Move,496,556
255.082,255.082,NoButton,Move,480,550
255.099,255.099,NoButton,Move,472,547
255.116,255.116,NoButton,Move,467,546
255.132,255.132,NoButton,Move,466,546
255.15,255.15,NoButton,Move,468,546
255.166,255.166,NoButton,Move,481,548
255.183,255.183,NoButton,Move,514,550
255.199,255.199,NoButton,Move,554,550
255.216,255.216,NoButton,Move,604,550
255.233,255.233,NoButton,Move,643,550
255.249,255.249,NoButton,Move,691,553
255.266,255.266,NoButton,Move,717,557
255.283,255.283,NoButton,Move,741,559
255.299,255.299,NoButton,Move,750,560
255.316,255.316,NoButton,Move,756,561
255.333,255.333,NoButton,Move,758,561
255.349,255.349,NoButton,Move,759,561
255.366,255.366,NoButton,Move,759,561
255.379,255.379,Left,Pressed,759,561
255.445,255.445,NoButton,Move,759,561
255.462,255.462,NoButton,Move,759,560
256.004,256.004,NoButton,Move,739,360
257.572,257.572,NoButton,Move,739,360
257.583,257.583,NoButton,Move,742,360
257.6,257.6,NoButton,Move,750,360
257.617,257.617,NoButton,Move,775,360
257.633,257.633,NoButton,Move,818,360
257.65,257.65,NoButton,Move,908,361
257.666,257.666,NoButton,Move,1004,373
257.683,257.683,NoButton,Move,1075,387
257.699,257.699,NoButton,Move,1136,400
257.716,257.716,NoButton,Move,1194,414
257.733,257.733,NoButton,Move,1202,416
257.749,257.749,NoButton,Move,1230,424
257.948,257.948,NoButton,Move,1230,423
257.956,257.956,NoButton,Move,1231,422
257.966,257.966,NoButton,Move,1232,421
257.983,257.983,NoButton,Move,1233,418
258,258,NoButton,Move,1234,416
258.016,258.016,NoButton,Move,1234,415
258.033,258.033,NoButton,Move,1228,415
258.049,258.049,NoButton,Move,1217,418
258.066,258.066,NoButton,Move,1105,456
258.082,258.082,NoButton,Move,933,520
258.099,258.099,NoButton,Move,811,561
258.116,258.116,NoButton,Move,666,603
258.132,258.132,NoButton,Move,587,616
258.149,258.149,NoButton,Move,537,618
258.166,258.166,NoButton,Move,509,618
258.424,258.424,NoButton,Move,509,618
258.433,258.433,NoButton,Move,509,617
258.449,258.449,NoButton,Move,508,613
258.466,258.466,NoButton,Move,507,611
258.483,258.483,NoButton,Move,504,608
258.499,258.499,NoButton,Move,499,606
258.517,258.517,NoButton,Move,486,603
258.533,258.533,NoButton,Move,466,601
258.549,258.549,NoButton,Move,439,600
258.566,258.566,NoButton,Move,413,598
258.583,258.583,NoButton,Move,396,597
258.599,258.599,NoButton,Move,387,596
258.616,258.616,NoButton,Move,379,595
258.633,258.633,NoButton,Move,376,594
258.646,258.646,Left,Pressed,376,594
258.667,258.667,NoButton,Move,376,594
258.762,258.762,NoButton,Move,377,594
258.778,258.778,NoButton,Move,387,592
259.419,259.419,NoButton,Move,1017,450
261.413,261.413,NoButton,Move,1017,450
261.433,261.433,NoButton,Move,1017,454
261.45,261.45,NoButton,Move,1015,458
261.466,261.466,NoButton,Move,1012,464
261.483,261.483,NoButton,Move,1004,478
261.5,261.5,NoButton,Move,994,491
261.516,261.516,NoButton,Move,971,514
261.533,261.533,NoButton,Move,944,539
261.55,261.55,NoButton,Move,902,566
261.566,261.566,NoButton,Move,851,590
261.583,261.583,NoButton,Move,798,608
261.6,261.6,NoButton,Move,745,616
261.616,261.616,NoButton,Move,711,617
261.633,261.633,NoButton,Move,675,617
261.649,261.649,NoButton,Move,669,617
262.064,262.064,NoButton,Move,669,614
262.067,262.067,NoButton,Move,669,611
262.083,262.083,NoButton,Move,670,608
262.1,262.1,NoButton,Move,674,598
262.116,262.116,NoButton,Move,679,585
262.133,262.133,NoButton,Move,686,571
262.149,262.149,NoButton,Move,691,563
262.166,262.166,NoButton,Move,697,553
262.183,262.183,NoButton,Move,699,551
262.214,262.214,Left,Pressed,699,551
262.218,262.218,NoButton,Move,699,551
262.28,262.28,NoButton,Move,699,551
262.296,262.296,NoButton,Move,693,551
267.539,267.539,NoButton,Move,1219,283
268.412,268.412,NoButton,Move,1219,283
268.433,268.433,NoButton,Move,1216,286
268.449,268.449,NoButton,Move,1211,291
268.466,268.466,NoButton,Move,1201,301
268.483,268.483,NoButton,Move,1187,312
268.499,268.499,NoButton,Move,1156,334
268.516,268.516,NoButton,Move,1113,356
268.533,268.533,NoButton,Move,1083,369
268.549,268.549,NoButton,Move,974,407
268.566,268.566,NoButton,Move,877,441
268.582,268.582,NoButton,Move,844,454
268.599,268.599,NoButton,Move,818,465
268.616,268.616,NoButton,Move,796,476
268.632,268.632,NoButton,Move,785,480
268.649,268.649,NoButton,Move,778,483
269.32,269.32,NoButton,Move,778,484
269.333,269.333,NoButton,Move,778,487
269.349,269.349,NoButton,Move,777,495
269.366,269.366,NoButton,Move,773,510
269.383,269.383,NoButton,Move,768,521
269.399,269.399,NoButton,Move,764,529
269.416,269.416,NoButton,Move,761,536
269.433,269.433,NoButton,Move,760,540
269.447,269.447,Left,Pressed,760,540
269.466,269.466,NoButton,Move,760,540
269.563,269.563,NoButton,Move,759,541
269.579,269.579,NoButton,Move,753,541
271.253,271.253,NoButton,Move,1271,339
271.266,271.266,NoButton,Move,1270,340
271.283,271.283,NoButton,Move,1266,343
271.3,271.3,NoButton,Move,1260,348
271.316,271.316,NoButton,Move,1248,357
271.333,271.333,NoButton,Move,1223,372
271.35,271.35,NoButton,Move,1192,388
271.367,271.367,NoButton,Move,1151,409
271.383,271.383,NoButton,Move,1069,455
271.399,271.399,NoButton,Move,1008,492
271.416,271.416,NoButton,Move,970,513
271.432,271.432,NoButton,Move,930,534
271.449,271.449,NoButton,Move,900,546
271.466,271.466,NoButton,Move,876,550
271.743,271.743,NoButton,Move,876,551
271.766,271.766,NoButton,Move,869,557
271.783,271.783,NoButton,Move,855,564
271.799,271.799,NoButton,Move,833,570
271.816,271.816,NoButton,Move,792,572
271.833,271.833,NoButton,Move,745,566
271.849,271.849,NoButton,Move,712,557
271.866,271.866,NoButton,Move,695,550
271.883,271.883,NoButton,Move,679,544
272.694,272.694,NoButton,Move,679,545
272.716,272.716,NoButton,Move,678,548
272.733,272.733,NoButton,Move,674,552
272.75,272.75,NoButton,Move,662,564
272.766,272.766,NoButton,Move,649,573
272.783,272.783,NoButton,Move,630,584
272.8,272.8,NoButton,Move,596,601
272.816,272.816,NoButton,Move,554,620
272.834,272.834,NoButton,Move,499,640
272.85,272.85,NoButton,Move,402,668
272.866,272.866,NoButton,Move,360,676
272.883,272.883,NoButton,Move,293,684
272.899,272.899,NoButton,Move,176,686
272.916,272.916,NoButton,Move,141,675
272.932,272.932,NoButton,Move,119,666
273.25,273.25,NoButton,Move,120,666
273.266,273.266,NoButton,Move,133,666
273.283,273.283,NoButton,Move,152,666
273.3,273.3,NoButton,Move,179,666
273.316,273.316,NoButton,Move,225,666
273.333,273.333,NoButton,Move,295,669
273.35,273.35,NoButton,Move,340,674
273.366,273.366,NoButton,Move,374,678
273.383,273.383,NoButton,Move,391,680
273.58,273.58,Scroll,Down,0,1
273.6,273.6,Scroll,Down,0,5
273.616,273.616,Scroll,Down,0,10
273.633,273.633,Scroll,Down,0,15
273.65,273.65,Scroll,Down,0,15
273.666,273.666,Scroll,Down,0,11
273.683,273.683,Scroll,Down,0,7
273.699,273.699,Scroll,Down,0,5
273.716,273.716,Scroll,Down,0,3
273.732,273.732,Scroll,Down,0,1
273.75,273.75,Scroll,Down,0,2
273.766,273.766,Scroll,Down,0,4
273.783,273.783,Scroll,Down,0,9
273.8,273.8,Scroll,Down,0,18
273.816,273.816,Scroll,Down,0,21
273.816,273.816,Scroll,Down,0,26
273.833,273.833,Scroll,Down,0,29
273.849,273.849,Scroll,Down,0,30
273.866,273.866,Scroll,Down,0,30
273.883,273.883,Scroll,Down,0,28
273.899,273.899,Scroll,Down,0,28
273.916,273.916,Scroll,Down,0,30
273.933,273.933,Scroll,Down,0,30
273.949,273.949,Scroll,Down,0,27
273.988,273.988,NoButton,Move,392,694
274.006,274.006,NoButton,Move,394,716
274.022,274.022,NoButton,Move,394,733
274.039,274.039,NoButton,Move,388,751
274.072,274.072,NoButton,Move,326,818
274.089,274.089,NoButton,Move,277,845
274.105,274.105,NoButton,Move,219,863
274.122,274.122,NoButton,Move,156,873
274.149,274.149,NoButton,Move,68,877
274.172,274.172,NoButton,Move,56,877
274.199,274.199,NoButton,Move,32,877
274.233,274.233,NoButton,Move,28,877
274.249,274.249,NoButton,Move,28,876
274.283,274.283,NoButton,Move,28,874
274.3,274.3,NoButton,Move,28,873
274.316,274.316,NoButton,Move,28,871
274.333,274.333,NoButton,Move,28,866
274.35,274.35,NoButton,Move,28,859
274.366,274.366,NoButton,Move,28,854
274.384,274.384,NoButton,Move,29,847
274.4,274.4,NoButton,Move,32,843
274.417,274.417,NoButton,Move,36,839
274.434,274.434,NoButton,Move,40,837
274.45,274.45,NoButton,Move,43,836
274.467,274.467,NoButton,Move,47,835
274.484,274.484,NoButton,Move,49,835
274.5,274.5,NoButton,Move,50,835
274.516,274.516,NoButton,Move,51,835
274.529,274.529,Left,Pressed,51,835
274.549,274.549,NoButton,Move,51,835
274.646,274.646,Left,Released,51,835
