2.251,2.251,NoButton,Move,878,408
5.687,5.687,NoButton,Move,878,409
5.706,5.706,NoButton,Move,878,410
5.722,5.722,NoButton,Move,878,411
5.74,5.74,NoButton,Move,877,412
5.756,5.756,NoButton,Move,877,413
5.772,5.772,NoButton,Move,877,414
5.789,5.789,NoButton,Move,877,416
5.806,5.806,NoButton,Move,877,421
5.822,5.822,NoButton,Move,877,425
5.839,5.839,NoButton,Move,877,430
5.855,5.855,NoButton,Move,879,436
5.872,5.872,NoButton,Move,880,441
5.889,5.889,NoButton,Move,882,447
5.906,5.906,NoButton,Move,885,453
5.922,5.922,NoButton,Move,888,459
5.939,5.939,NoButton,Move,890,463
5.955,5.955,NoButton,Move,892,466
5.972,5.972,NoButton,Move,894,467
5.989,5.989,NoButton,Move,894,468
6.005,6.005,NoButton,Move,895,469
6.022,6.022,NoButton,Move,895,469
6.088,6.088,NoButton,Move,895,469
6.095,6.095,NoButton,Move,892,467
6.105,6.105,NoButton,Move,883,463
6.122,6.122,NoButton,Move,854,451
6.139,6.139,NoButton,Move,804,431
6.157,6.157,NoButton,Move,747,411
6.172,6.172,NoButton,Move,710,399
6.189,6.189,NoButton,Move,689,393
6.222,6.222,NoButton,Move,648,382
6.52,6.52,NoButton,Move,647,382
6.539,6.539,NoButton,Move,636,381
6.556,6.556,NoButton,Move,603,370
6.572,6.572,NoButton,Move,521,333
6.589,6.589,NoButton,Move,410,267
6.606,6.606,NoButton,Move,298,187
6.622,6.622,NoButton,Move,235,138
6.86,6.86,NoButton,Move,145,126
6.872,6.872,NoButton,Move,144,148
6.889,6.889,NoButton,Move,143,168
6.905,6.905,NoButton,Move,142,190
6.922,6.922,NoButton,Move,140,217
6.939,6.939,NoButton,Move,137,235
6.955,6.955,NoButton,Move,135,249
6.972,6.972,NoButton,Move,135,256
6.989,6.989,NoButton,Move,135,262
7.006,7.006,NoButton,Move,135,266
7.022,7.022,NoButton,Move,135,268
7.039,7.039,NoButton,Move,135,269
7.055,7.055,NoButton,Move,135,269
7.122,7.122,NoButton,Move,134,269
7.189,7.189,NoButton,Move,134,270
7.206,7.206,NoButton,Move,134,271
7.222,7.222,NoButton,Move,134,273
7.239,7.239,NoButton,Move,134,274
7.256,7.256,NoButton,Move,134,275
7.272,7.272,NoButton,Move,134,276
7.286,7.286,Left,Pressed,134,276
7.305,7.305,NoButton,Move,134,276
7.402,7.402,Left,Released,134,276
7.429,7.429,NoButton,Move,134,276
7.724,7.724,NoButton,Move,134,276
7.739,7.739,NoButton,Move,136,276
7.756,7.756,NoButton,Move,142,276
7.772,7.772,NoButton,Move,150,275
7.789,7.789,NoButton,Move,191,270
7.806,7.806,NoButton,Move,234,270
7.822,7.822,NoButton,Move,320,270
7.839,7.839,NoButton,Move,374,277
7.855,7.855,NoButton,Move,451,289
7.872,7.872,NoButton,Move,498,297
7.889,7.889,NoButton,Move,543,308
7.906,7.906,NoButton,Move,556,311
8.288,8.288,NoButton,Move,556,312
8.306,8.306,NoButton,Move,556,314
8.322,8.322,NoButton,Move,556,315
8.339,8.339,NoButton,Move,556,319
8.355,8.355,NoButton,Move,556,321
8.372,8.372,NoButton,Move,555,323
8.389,8.389,NoButton,Move,554,325
8.406,8.406,NoButton,Move,554,326
8.422,8.422,NoButton,Move,554,327
8.439,8.439,NoButton,Move,553,328
8.455,8.455,NoButton,Move,553,329
8.473,8.473,NoButton,Move,553,329
8.489,8.489,NoButton,Move,553,329
8.505,8.505,NoButton,Move,553,330
8.522,8.522,NoButton,Move,553,330
8.539,8.539,NoButton,Move,553,330
8.556,8.556,NoButton,Move,553,331
8.573,8.573,NoButton,Move,553,331
8.589,8.589,NoButton,Move,553,331
8.616,8.616,NoButton,Move,553,332
8.633,8.633,NoButton,Move,553,332
8.64,8.64,NoButton,Move,553,332
8.656,8.656,NoButton,Move,553,332
8.672,8.672,NoButton,Move,553,333
8.689,8.689,NoButton,Move,552,334
8.706,8.706,NoButton,Move,552,334
8.723,8.723,NoButton,Move,552,335
8.739,8.739,NoButton,Move,552,336
8.756,8.756,NoButton,Move,552,336
8.772,8.772,NoButton,Move,552,337
8.789,8.789,NoButton,Move,552,337
8.806,8.806,NoButton,Move,551,337
8.823,8.823,NoButton,Move,551,337
10.77,10.77,Left,Pressed,551,337
10.953,10.953,Left,Released,551,337
11.392,11.392,NoButton,Move,551,339
11.406,11.406,NoButton,Move,551,343
11.423,11.423,NoButton,Move,553,352
11.439,11.439,NoButton,Move,557,363
11.456,11.456,NoButton,Move,563,384
11.473,11.473,NoButton,Move,576,422
11.489,11.489,NoButton,Move,588,456
11.506,11.506,NoButton,Move,600,489
11.522,11.522,NoButton,Move,611,521
11.539,11.539,NoButton,Move,622,552
11.556,11.556,NoButton,Move,627,566
11.853,11.853,Scroll,Down,0,1
11.856,11.856,Scroll,Down,0,1
11.873,11.873,Scroll,Down,0,5
11.889,11.889,Scroll,Down,0,7
11.906,11.906,Scroll,Down,0,7
11.922,11.922,Scroll,Down,0,8
11.939,11.939,Scroll,Down,0,5
11.956,11.956,Scroll,Down,0,5
11.973,11.973,Scroll,Down,0,4
11.989,11.989,Scroll,Down,0,3
12.006,12.006,Scroll,Down,0,2
12.022,12.022,Scroll,Down,0,1
12.039,12.039,Scroll,Down,0,1
12.056,12.056,Scroll,Down,0,1
12.122,12.122,Scroll,Up,0,0
12.139,12.139,Scroll,Up,0,0
12.205,12.205,Scroll,Down,0,1
12.222,12.222,Scroll,Down,0,1
12.256,12.256,Scroll,Down,0,1
12.272,12.272,Scroll,Down,0,1
12.289,12.289,Scroll,Down,0,1
12.306,12.306,Scroll,Down,0,1
12.322,12.322,Scroll,Down,0,1
12.339,12.339,Scroll,Down,0,2
12.356,12.356,Scroll,Down,0,4
12.373,12.373,Scroll,Down,0,5
12.389,12.389,Scroll,Down,0,5
12.406,12.406,Scroll,Down,0,4
12.422,12.422,Scroll,Down,0,5
12.439,12.439,Scroll,Down,0,5
12.456,12.456,Scroll,Down,0,3
12.472,12.472,Scroll,Down,0,2
12.489,12.489,Scroll,Down,0,1
12.506,12.506,Scroll,Down,0,1
12.522,12.522,Scroll,Down,0,1
12.589,12.589,Scroll,Down,0,1
12.606,12.606,Scroll,Down,0,1
12.656,12.656,Scroll,Down,0,1
12.872,12.872,NoButton,Move,625,565
12.889,12.889,NoButton,Move,614,555
12.922,12.922,NoButton,Move,590,526
12.939,12.939,NoButton,Move,579,513
12.956,12.956,NoButton,Move,568,499
12.972,12.972,NoButton,Move,563,492
12.989,12.989,NoButton,Move,560,488
13.005,13.005,NoButton,Move,558,486
13.022,13.022,NoButton,Move,558,485
13.053,13.053,Left,Pressed,558,485
13.169,13.169,Left,Released,558,485
13.553,13.553,NoButton,Move,558,485
13.56,13.56,NoButton,Move,561,488
13.572,13.572,NoButton,Move,563,490
13.589,13.589,NoButton,Move,571,497
13.606,13.606,NoButton,Move,591,517
13.622,13.622,NoButton,Move,618,542
13.639,13.639,NoButton,Move,653,573
13.657,13.657,NoButton,Move,680,595
13.672,13.672,NoButton,Move,711,622
13.689,13.689,NoButton,Move,726,634
13.706,13.706,NoButton,Move,736,643
13.723,13.723,NoButton,Move,744,649
13.74,13.74,NoButton,Move,747,652
13.756,13.756,NoButton,Move,748,653
13.772,13.772,NoButton,Move,749,653
13.806,13.806,NoButton,Move,749,652
13.821,13.821,NoButton,Move,750,644
13.839,13.839,NoButton,Move,753,632
13.856,13.856,NoButton,Move,757,611
13.872,13.872,NoButton,Move,762,585
13.889,13.889,NoButton,Move,768,556
13.906,13.906,NoButton,Move,773,529
13.922,13.922,NoButton,Move,777,515
13.939,13.939,NoButton,Move,781,503
13.956,13.956,NoButton,Move,785,494
13.972,13.972,NoButton,Move,788,489
13.989,13.989,NoButton,Move,789,486
14.005,14.005,NoButton,Move,790,485
14.022,14.022,NoButton,Move,790,485
14.051,14.051,NoButton,Move,790,485
14.06,14.06,NoButton,Move,789,485
14.298,14.298,NoButton,Move,790,485
14.322,14.322,NoButton,Move,793,487
14.339,14.339,NoButton,Move,797,490
14.356,14.356,NoButton,Move,801,494
14.372,14.372,NoButton,Move,805,499
14.39,14.39,NoButton,Move,808,502
14.406,14.406,NoButton,Move,810,507
14.422,14.422,NoButton,Move,811,510
14.439,14.439,NoButton,Move,812,512
14.456,14.456,NoButton,Move,812,514
14.472,14.472,NoButton,Move,812,515
14.489,14.489,NoButton,Move,812,516
14.506,14.506,NoButton,Move,812,516
14.522,14.522,NoButton,Move,812,517
14.666,14.666,NoButton,Move,812,517
14.674,14.674,NoButton,Move,812,519
14.689,14.689,NoButton,Move,812,521
14.706,14.706,NoButton,Move,812,529
14.722,14.722,NoButton,Move,814,546
14.739,14.739,NoButton,Move,815,564
14.756,14.756,NoButton,Move,815,588
14.772,14.772,NoButton,Move,815,604
14.789,14.789,NoButton,Move,814,614
14.806,14.806,NoButton,Move,813,623
14.822,14.822,NoButton,Move,813,629
14.839,14.839,NoButton,Move,813,633
14.856,14.856,NoButton,Move,813,635
14.872,14.872,NoButton,Move,813,636
14.889,14.889,NoButton,Move,813,637
14.906,14.906,NoButton,Move,813,637
14.922,14.922,NoButton,Move,813,638
14.939,14.939,NoButton,Move,813,638
14.969,14.969,NoButton,Move,813,638
15.106,15.106,NoButton,Move,813,638
15.122,15.122,NoButton,Move,813,639
15.139,15.139,NoButton,Move,813,641
15.156,15.156,NoButton,Move,813,645
15.173,15.173,NoButton,Move,813,647
15.189,15.189,NoButton,Move,813,649
15.205,15.205,NoButton,Move,813,657
15.222,15.222,NoButton,Move,812,660
15.239,15.239,NoButton,Move,812,662
15.255,15.255,NoButton,Move,812,664
15.272,15.272,NoButton,Move,812,665
15.289,15.289,NoButton,Move,811,667
15.305,15.305,NoButton,Move,811,668
15.322,15.322,NoButton,Move,811,670
15.339,15.339,NoButton,Move,811,672
15.356,15.356,NoButton,Move,811,673
15.373,15.373,NoButton,Move,811,673
15.389,15.389,NoButton,Move,811,674
15.552,15.552,Left,Pressed,811,674
15.786,15.786,Left,Released,811,674
16.188,16.188,NoButton,Move,811,674
16.196,16.196,NoButton,Move,814,674
16.206,16.206,NoButton,Move,819,673
16.223,16.223,NoButton,Move,827,672
16.239,16.239,NoButton,Move,837,670
16.256,16.256,NoButton,Move,859,667
16.272,16.272,NoButton,Move,881,664
16.289,16.289,NoButton,Move,899,663
16.306,16.306,NoButton,Move,919,663
16.322,16.322,NoButton,Move,931,663
16.339,16.339,NoButton,Move,941,664
16.356,16.356,NoButton,Move,947,665
16.372,16.372,NoButton,Move,950,665
16.389,16.389,NoButton,Move,951,666
16.406,16.406,NoButton,Move,951,666
16.422,16.422,NoButton,Move,952,666
16.44,16.44,NoButton,Move,952,666
16.456,16.456,NoButton,Move,952,666
16.473,16.473,NoButton,Move,952,666
16.489,16.489,NoButton,Move,952,666
16.52,16.52,Left,Pressed,952,666
16.602,16.602,Left,Released,952,666
17.057,17.057,NoButton,Move,951,666
17.073,17.073,NoButton,Move,949,666
17.089,17.089,NoButton,Move,940,666
17.107,17.107,NoButton,Move,931,664
17.122,17.122,NoButton,Move,922,662
17.139,17.139,NoButton,Move,912,660
17.156,17.156,NoButton,Move,902,659
17.173,17.173,NoButton,Move,893,657
17.19,17.19,NoButton,Move,885,656
17.206,17.206,NoButton,Move,878,655
17.223,17.223,NoButton,Move,874,655
17.239,17.239,NoButton,Move,869,655
17.255,17.255,NoButton,Move,864,655
17.273,17.273,NoButton,Move,860,655
17.289,17.289,NoButton,Move,856,655
17.306,17.306,NoButton,Move,851,655
17.323,17.323,NoButton,Move,847,655
17.339,17.339,NoButton,Move,842,655
17.356,17.356,NoButton,Move,838,655
17.372,17.372,NoButton,Move,836,655
17.389,17.389,NoButton,Move,834,655
17.406,17.406,NoButton,Move,832,655
17.423,17.423,NoButton,Move,832,655
17.439,17.439,NoButton,Move,831,655
19.969,19.969,Left,Pressed,831,655
21.32,21.32,NoButton,Move,831,654
21.339,21.339,NoButton,Move,831,652
21.356,21.356,NoButton,Move,831,645
21.389,21.389,NoButton,Move,832,611
21.406,21.406,NoButton,Move,834,583
21.422,21.422,NoButton,Move,837,552
21.439,21.439,NoButton,Move,839,526
21.456,21.456,NoButton,Move,841,506
21.472,21.472,NoButton,Move,842,490
21.489,21.489,NoButton,Move,844,481
21.505,21.505,NoButton,Move,844,476
21.523,21.523,NoButton,Move,844,473
21.539,21.539,NoButton,Move,844,472
21.653,21.653,NoButton,Move,844,472
21.654,21.654,Left,Released,844,472
21.656,21.656,NoButton,Move,844,473
21.862,21.862,NoButton,Move,844,474
21.872,21.872,NoButton,Move,844,478
21.89,21.89,NoButton,Move,846,488
21.906,21.906,NoButton,Move,849,498
21.923,21.923,NoButton,Move,852,517
21.939,21.939,NoButton,Move,857,545
21.956,21.956,NoButton,Move,859,576
21.972,21.972,NoButton,Move,860,595
21.99,21.99,NoButton,Move,860,615
22.006,22.006,NoButton,Move,858,632
22.023,22.023,NoButton,Move,855,640
22.039,22.039,NoButton,Move,853,646
22.057,22.057,NoButton,Move,851,651
22.072,22.072,NoButton,Move,849,653
22.089,22.089,NoButton,Move,848,656
22.106,22.106,NoButton,Move,847,658
22.122,22.122,NoButton,Move,846,660
22.139,22.139,NoButton,Move,846,661
22.169,22.169,Left,Pressed,846,661
22.189,22.189,NoButton,Move,845,661
22.269,22.269,Left,Released,845,661
22.542,22.542,NoButton,Move,845,661
22.556,22.556,NoButton,Move,847,657
22.573,22.573,NoButton,Move,855,647
22.589,22.589,NoButton,Move,868,632
22.606,22.606,NoButton,Move,897,605
22.622,22.622,NoButton,Move,921,585
22.639,22.639,NoButton,Move,947,567
22.656,22.656,NoButton,Move,974,550
22.672,22.672,NoButton,Move,992,539
22.689,22.689,NoButton,Move,1010,529
22.706,22.706,NoButton,Move,1019,524
22.722,22.722,NoButton,Move,1025,521
22.739,22.739,NoButton,Move,1028,519
22.756,22.756,NoButton,Move,1029,518
22.773,22.773,NoButton,Move,1029,517
22.789,22.789,NoButton,Move,1029,517
22.806,22.806,NoButton,Move,1029,517
22.839,22.839,NoButton,Move,1029,516
22.873,22.873,NoButton,Move,1029,516
22.889,22.889,NoButton,Move,1029,516
22.906,22.906,NoButton,Move,1029,515
22.922,22.922,NoButton,Move,1029,515
22.939,22.939,NoButton,Move,1029,514
23.037,23.037,Left,Pressed,1029,514
23.119,23.119,Left,Released,1029,514
23.574,23.574,NoButton,Move,1029,515
23.589,23.589,NoButton,Move,1029,517
23.606,23.606,NoButton,Move,1029,525
23.622,23.622,NoButton,Move,1029,538
23.639,23.639,NoButton,Move,1026,553
23.656,23.656,NoButton,Move,1013,571
23.672,23.672,NoButton,Move,986,599
23.689,23.689,NoButton,Move,954,620
23.706,23.706,NoButton,Move,911,640
23.723,23.723,NoButton,Move,884,651
23.739,23.739,NoButton,Move,850,662
23.756,23.756,NoButton,Move,832,666
23.773,23.773,NoButton,Move,819,669
23.789,23.789,NoButton,Move,808,670
23.806,23.806,NoButton,Move,802,670
23.823,23.823,NoButton,Move,799,670
23.839,23.839,NoButton,Move,798,669
23.855,23.855,NoButton,Move,797,668
23.872,23.872,NoButton,Move,796,667
23.889,23.889,NoButton,Move,796,667
23.902,23.902,Left,Pressed,796,667
23.922,23.922,NoButton,Move,796,666
24.002,24.002,Left,Released,796,666
24.105,24.105,NoButton,Move,798,665
24.122,24.122,NoButton,Move,805,659
24.139,24.139,NoButton,Move,817,651
24.156,24.156,NoButton,Move,833,641
24.173,24.173,NoButton,Move,854,631
24.189,24.189,NoButton,Move,875,620
24.206,24.206,NoButton,Move,897,612
24.223,24.223,NoButton,Move,911,607
24.239,24.239,NoButton,Move,922,603
24.256,24.256,NoButton,Move,931,600
24.272,24.272,NoButton,Move,935,599
24.289,24.289,NoButton,Move,937,598
24.306,24.306,NoButton,Move,938,598
24.323,24.323,NoButton,Move,938,598
24.34,24.34,NoButton,Move,939,598
24.387,24.387,Left,Pressed,939,598
24.486,24.486,Left,Released,939,598
25.113,25.113,NoButton,Move,939,599
25.139,25.139,NoButton,Move,939,604
25.156,25.156,NoButton,Move,936,609
25.172,25.172,NoButton,Move,930,615
25.189,25.189,NoButton,Move,918,625
25.206,25.206,NoButton,Move,901,634
25.222,25.222,NoButton,Move,880,642
25.24,25.24,NoButton,Move,858,651
25.256,25.256,NoButton,Move,845,655
25.273,25.273,NoButton,Move,830,659
25.29,25.29,NoButton,Move,822,661
25.305,25.305,NoButton,Move,815,662
25.323,25.323,NoButton,Move,810,662
25.339,25.339,NoButton,Move,807,662
25.356,25.356,NoButton,Move,804,662
25.373,25.373,NoButton,Move,803,662
25.388,25.388,NoButton,Move,802,662
25.406,25.406,NoButton,Move,802,662
25.436,25.436,Left,Pressed,802,662
25.536,25.536,Left,Released,802,662
25.689,25.689,NoButton,Move,803,662
25.706,25.706,NoButton,Move,809,660
25.723,25.723,NoButton,Move,819,657
25.74,25.74,NoButton,Move,835,652
25.756,25.756,NoButton,Move,854,649
25.772,25.772,NoButton,Move,873,647
25.79,25.79,NoButton,Move,888,646
25.806,25.806,NoButton,Move,905,646
25.823,25.823,NoButton,Move,914,646
25.84,25.84,NoButton,Move,923,646
25.856,25.856,NoButton,Move,932,646
25.873,25.873,NoButton,Move,937,646
25.888,25.888,NoButton,Move,939,647
25.906,25.906,NoButton,Move,941,647
25.922,25.922,NoButton,Move,942,647
25.939,25.939,NoButton,Move,942,647
25.956,25.956,NoButton,Move,943,647
25.973,25.973,NoButton,Move,943,645
25.989,25.989,NoButton,Move,944,643
26.006,26.006,NoButton,Move,945,640
26.023,26.023,NoButton,Move,946,636
26.039,26.039,NoButton,Move,947,633
26.056,26.056,NoButton,Move,948,629
26.073,26.073,NoButton,Move,949,627
26.089,26.089,NoButton,Move,949,626
26.106,26.106,NoButton,Move,950,625
26.122,26.122,NoButton,Move,950,625
26.139,26.139,NoButton,Move,950,624
26.189,26.189,NoButton,Move,950,624
26.25,26.25,NoButton,Move,950,624
26.289,26.289,NoButton,Move,951,624
26.32,26.32,Left,Pressed,951,624
26.403,26.403,Left,Released,951,624
26.8,26.8,NoButton,Move,951,625
26.823,26.823,NoButton,Move,949,630
26.839,26.839,NoButton,Move,945,634
26.857,26.857,NoButton,Move,940,638
26.873,26.873,NoButton,Move,928,643
26.889,26.889,NoButton,Move,915,646
26.906,26.906,NoButton,Move,899,650
26.924,26.924,NoButton,Move,885,652
26.94,26.94,NoButton,Move,867,655
26.956,26.956,NoButton,Move,852,659
26.973,26.973,NoButton,Move,840,662
26.989,26.989,NoButton,Move,834,664
27.006,27.006,NoButton,Move,827,666
27.022,27.022,NoButton,Move,823,668
27.039,27.039,NoButton,Move,820,669
27.056,27.056,NoButton,Move,819,669
27.072,27.072,NoButton,Move,818,669
27.089,27.089,NoButton,Move,818,669
27.119,27.119,Left,Pressed,818,669
27.22,27.22,Left,Released,818,669
27.52,27.52,Scroll,Down,0,1
27.522,27.522,Scroll,Down,0,1
27.539,27.539,Scroll,Down,0,5
27.555,27.555,Scroll,Down,0,6
27.573,27.573,Scroll,Down,0,10
27.589,27.589,Scroll,Down,0,12
27.606,27.606,Scroll,Down,0,14
27.623,27.623,Scroll,Down,0,17
27.639,27.639,Scroll,Down,0,18
27.656,27.656,Scroll,Down,0,17
27.673,27.673,Scroll,Down,0,13
27.689,27.689,Scroll,Down,0,11
27.705,27.705,Scroll,Down,0,7
27.723,27.723,Scroll,Down,0,7
27.739,27.739,Scroll,Down,0,4
27.756,27.756,Scroll,Down,0,3
27.772,27.772,Scroll,Down,0,2
27.789,27.789,Scroll,Down,0,1
27.806,27.806,Scroll,Down,0,1
27.839,27.839,Scroll,Down,0,1
27.855,27.855,Scroll,Down,0,1
28.039,28.039,NoButton,Move,819,669
28.056,28.056,NoButton,Move,822,668
28.072,28.072,NoButton,Move,826,667
28.089,28.089,NoButton,Move,829,665
28.106,28.106,NoButton,Move,833,664
28.123,28.123,NoButton,Move,834,663
28.139,28.139,NoButton,Move,836,662
28.153,28.153,Left,Pressed,836,662
28.173,28.173,NoButton,Move,836,662
28.253,28.253,Left,Released,836,662
29,29,NoButton,Move,836,662
29.023,29.023,NoButton,Move,836,663
29.041,29.041,NoButton,Move,836,663
29.637,29.637,Left,Pressed,836,663
29.919,29.919,Left,Released,836,663
30.57,30.57,Left,Pressed,836,663
30.72,30.72,Left,Released,836,663
33.521,33.521,NoButton,Move,836,663
34.704,34.704,Left,Pressed,836,663
34.82,34.82,Left,Released,836,663
35.018,35.018,NoButton,Move,836,662
35.025,35.025,NoButton,Move,836,659
35.039,35.039,NoButton,Move,836,656
35.056,35.056,NoButton,Move,839,646
35.073,35.073,NoButton,Move,842,634
35.09,35.09,NoButton,Move,849,613
35.107,35.107,NoButton,Move,855,597
35.123,35.123,NoButton,Move,863,578
35.14,35.14,NoButton,Move,872,558
35.156,35.156,NoButton,Move,877,550
35.173,35.173,NoButton,Move,880,543
35.189,35.189,NoButton,Move,883,535
35.206,35.206,NoButton,Move,885,525
35.222,35.222,NoButton,Move,887,513
35.239,35.239,NoButton,Move,888,500
35.256,35.256,NoButton,Move,888,481
35.273,35.273,NoButton,Move,890,464
35.289,35.289,NoButton,Move,891,442
35.306,35.306,NoButton,Move,892,416
35.323,35.323,NoButton,Move,895,380
35.339,35.339,NoButton,Move,896,360
35.356,35.356,NoButton,Move,896,349
35.636,35.636,Left,Pressed,896,349
35.753,35.753,Left,Released,896,349
36.279,36.279,NoButton,Move,896,350
36.306,36.306,NoButton,Move,899,356
36.323,36.323,NoButton,Move,901,362
36.34,36.34,NoButton,Move,904,370
36.356,36.356,NoButton,Move,908,381
36.373,36.373,NoButton,Move,912,398
36.39,36.39,NoButton,Move,912,410
36.406,36.406,NoButton,Move,912,430
36.423,36.423,NoButton,Move,910,447
36.439,36.439,NoButton,Move,904,460
36.457,36.457,NoButton,Move,896,474
36.473,36.473,NoButton,Move,886,487
36.49,36.49,NoButton,Move,875,499
36.507,36.507,NoButton,Move,866,508
36.523,36.523,NoButton,Move,860,512
36.539,36.539,NoButton,Move,852,516
36.556,36.556,NoButton,Move,849,517
36.572,36.572,NoButton,Move,848,518
36.589,36.589,NoButton,Move,847,518
36.606,36.606,NoButton,Move,847,518
36.623,36.623,NoButton,Move,847,518
36.639,36.639,NoButton,Move,847,518
36.657,36.657,NoButton,Move,846,518
36.673,36.673,NoButton,Move,846,517
36.689,36.689,NoButton,Move,846,517
36.712,36.712,NoButton,Move,846,517
36.756,36.756,NoButton,Move,846,517
36.827,36.827,NoButton,Move,846,517
37.048,37.048,NoButton,Move,846,517
37.056,37.056,NoButton,Move,846,519
37.073,37.073,NoButton,Move,845,524
37.089,37.089,NoButton,Move,843,537
37.106,37.106,NoButton,Move,841,552
37.124,37.124,NoButton,Move,837,573
37.139,37.139,NoButton,Move,834,588
37.156,37.156,NoButton,Move,831,606
37.172,37.172,NoButton,Move,828,618
37.189,37.189,NoButton,Move,825,629
37.206,37.206,NoButton,Move,823,635
37.223,37.223,NoButton,Move,822,639
37.556,37.556,NoButton,Move,822,640
37.573,37.573,NoButton,Move,822,643
37.589,37.589,NoButton,Move,823,646
37.607,37.607,NoButton,Move,824,650
37.623,37.623,NoButton,Move,825,654
37.639,37.639,NoButton,Move,826,656
37.656,37.656,NoButton,Move,826,662
37.672,37.672,NoButton,Move,826,665
37.689,37.689,NoButton,Move,826,667
37.706,37.706,NoButton,Move,826,668
37.723,37.723,NoButton,Move,826,668
37.739,37.739,NoButton,Move,826,669
38.055,38.055,NoButton,Move,826,669
38.106,38.106,NoButton,Move,826,669
38.156,38.156,NoButton,Move,827,669
38.206,38.206,NoButton,Move,827,669
40.32,40.32,Left,Pressed,827,669
40.486,40.486,Left,Released,827,669
40.59,40.59,NoButton,Move,827,667
40.607,40.607,NoButton,Move,827,658
40.623,40.623,NoButton,Move,830,645
40.64,40.64,NoButton,Move,837,623
40.657,40.657,NoButton,Move,847,595
40.674,40.674,NoButton,Move,862,561
40.69,40.69,NoButton,Move,882,509
40.707,40.707,NoButton,Move,895,483
40.723,40.723,NoButton,Move,902,469
40.739,40.739,NoButton,Move,907,458
40.756,40.756,NoButton,Move,912,449
40.773,40.773,NoButton,Move,914,444
40.789,40.789,NoButton,Move,914,441
40.806,40.806,NoButton,Move,914,439
40.822,40.822,NoButton,Move,914,438
40.839,40.839,NoButton,Move,913,438
40.856,40.856,NoButton,Move,911,437
40.873,40.873,NoButton,Move,910,437
40.889,40.889,NoButton,Move,908,437
40.906,40.906,NoButton,Move,907,437
40.923,40.923,NoButton,Move,907,437
40.94,40.94,NoButton,Move,907,437
40.956,40.956,NoButton,Move,907,438
40.97,40.97,Left,Pressed,907,438
41.086,41.086,Left,Released,907,438
42.828,42.828,NoButton,Move,907,438
42.839,42.839,NoButton,Move,907,438
42.856,42.856,NoButton,Move,907,439
42.873,42.873,NoButton,Move,907,440
42.89,42.89,NoButton,Move,907,440
42.906,42.906,NoButton,Move,907,441
42.924,42.924,NoButton,Move,907,441
42.939,42.939,NoButton,Move,907,442
42.956,42.956,NoButton,Move,906,443
42.973,42.973,NoButton,Move,906,444
42.989,42.989,NoButton,Move,906,444
43.006,43.006,NoButton,Move,906,445
43.418,43.418,NoButton,Move,906,445
43.439,43.439,NoButton,Move,906,445
43.456,43.456,NoButton,Move,905,450
43.473,43.473,NoButton,Move,902,456
43.489,43.489,NoButton,Move,899,465
43.506,43.506,NoButton,Move,895,476
43.522,43.522,NoButton,Move,887,494
43.539,43.539,NoButton,Move,879,511
43.556,43.556,NoButton,Move,874,524
43.573,43.573,NoButton,Move,868,538
43.589,43.589,NoButton,Move,862,552
43.606,43.606,NoButton,Move,859,565
43.624,43.624,NoButton,Move,855,576
43.639,43.639,NoButton,Move,853,585
43.656,43.656,NoButton,Move,851,595
43.673,43.673,NoButton,Move,849,605
43.689,43.689,NoButton,Move,848,613
43.706,43.706,NoButton,Move,847,619
43.723,43.723,NoButton,Move,846,626
43.739,43.739,NoButton,Move,844,633
43.756,43.756,NoButton,Move,843,639
43.773,43.773,NoButton,Move,842,646
43.79,43.79,NoButton,Move,841,651
43.806,43.806,NoButton,Move,839,657
43.823,43.823,NoButton,Move,838,659
43.856,43.856,NoButton,Move,836,666
43.873,43.873,NoButton,Move,835,668
43.889,43.889,NoButton,Move,835,668
43.906,43.906,NoButton,Move,835,669
43.923,43.923,NoButton,Move,835,669
43.953,43.953,Left,Pressed,835,669
44.169,44.169,Left,Released,835,669
44.367,44.367,NoButton,Move,835,669
44.374,44.374,NoButton,Move,835,668
44.39,44.39,NoButton,Move,835,666
44.406,44.406,NoButton,Move,835,660
44.423,44.423,NoButton,Move,835,648
44.44,44.44,NoButton,Move,836,621
44.456,44.456,NoButton,Move,841,595
44.473,44.473,NoButton,Move,851,560
44.49,44.49,NoButton,Move,864,526
44.506,44.506,NoButton,Move,881,487
44.523,44.523,NoButton,Move,896,456
44.539,44.539,NoButton,Move,911,431
44.556,44.556,NoButton,Move,920,417
44.573,44.573,NoButton,Move,929,402
44.59,44.59,NoButton,Move,933,394
44.606,44.606,NoButton,Move,936,388
44.623,44.623,NoButton,Move,937,384
44.64,44.64,NoButton,Move,937,381
44.656,44.656,NoButton,Move,935,380
44.924,44.924,NoButton,Move,935,381
44.939,44.939,NoButton,Move,936,387
44.956,44.956,NoButton,Move,938,396
44.973,44.973,NoButton,Move,939,406
44.991,44.991,NoButton,Move,940,414
45.006,45.006,NoButton,Move,940,424
45.023,45.023,NoButton,Move,940,429
45.039,45.039,NoButton,Move,939,436
45.056,45.056,NoButton,Move,938,440
45.073,45.073,NoButton,Move,937,443
45.09,45.09,NoButton,Move,937,445
45.106,45.106,NoButton,Move,936,446
45.123,45.123,NoButton,Move,936,446
45.139,45.139,NoButton,Move,936,446
45.39,45.39,NoButton,Move,936,447
45.406,45.406,NoButton,Move,936,448
45.423,45.423,NoButton,Move,936,452
45.44,45.44,NoButton,Move,935,456
45.457,45.457,NoButton,Move,934,461
45.472,45.472,NoButton,Move,934,466
45.49,45.49,NoButton,Move,933,469
45.506,45.506,NoButton,Move,932,472
45.523,45.523,NoButton,Move,931,473
45.54,45.54,NoButton,Move,931,474
45.556,45.556,NoButton,Move,931,474
45.603,45.603,Left,Pressed,931,474
45.753,45.753,Left,Released,931,474
46.111,46.111,NoButton,Move,931,474
46.123,46.123,NoButton,Move,931,475
46.139,46.139,NoButton,Move,931,478
46.156,46.156,NoButton,Move,929,485
46.173,46.173,NoButton,Move,927,496
46.189,46.189,NoButton,Move,921,513
46.206,46.206,NoButton,Move,914,531
46.222,46.222,NoButton,Move,907,543
46.243,46.243,NoButton,Move,898,556
46.258,46.258,NoButton,Move,889,564
46.272,46.272,NoButton,Move,877,570
46.628,46.628,NoButton,Move,877,570
46.64,46.64,NoButton,Move,877,571
46.656,46.656,NoButton,Move,878,573
46.673,46.673,NoButton,Move,879,574
46.69,46.69,NoButton,Move,879,575
46.706,46.706,NoButton,Move,879,575
46.862,46.862,NoButton,Move,879,576
46.873,46.873,NoButton,Move,879,576
46.889,46.889,NoButton,Move,879,577
46.906,46.906,NoButton,Move,880,579
46.923,46.923,NoButton,Move,880,580
46.94,46.94,NoButton,Move,880,581
46.989,46.989,NoButton,Move,881,594
47.006,47.006,NoButton,Move,881,602
47.022,47.022,NoButton,Move,881,611
47.039,47.039,NoButton,Move,880,622
47.056,47.056,NoButton,Move,876,633
47.072,47.072,NoButton,Move,871,643
47.09,47.09,NoButton,Move,867,650
47.106,47.106,NoButton,Move,866,652
47.123,47.123,NoButton,Move,860,657
47.139,47.139,NoButton,Move,857,659
47.156,47.156,NoButton,Move,854,660
47.173,47.173,NoButton,Move,850,660
47.189,47.189,NoButton,Move,847,658
47.206,47.206,NoButton,Move,846,656
47.223,47.223,NoButton,Move,845,655
47.239,47.239,NoButton,Move,844,655
47.256,47.256,NoButton,Move,844,654
47.273,47.273,NoButton,Move,844,654
47.29,47.29,NoButton,Move,844,654
47.306,47.306,NoButton,Move,844,654
47.323,47.323,NoButton,Move,844,653
47.339,47.339,NoButton,Move,844,653
47.412,47.412,NoButton,Move,844,653
47.438,47.438,NoButton,Move,843,653
47.444,47.444,NoButton,Move,843,653
47.459,47.459,NoButton,Move,843,654
47.474,47.474,NoButton,Move,842,657
47.489,47.489,NoButton,Move,840,659
47.506,47.506,NoButton,Move,839,661
47.523,47.523,NoButton,Move,838,663
47.54,47.54,NoButton,Move,837,664
47.556,47.556,NoButton,Move,836,665
47.573,47.573,NoButton,Move,835,666
47.589,47.589,NoButton,Move,835,666
47.606,47.606,NoButton,Move,835,666
47.623,47.623,NoButton,Move,835,666
47.787,47.787,Left,Pressed,835,666
47.969,47.969,Left,Released,835,666
48.286,48.286,Scroll,Down,0,1
48.307,48.307,Scroll,Down,0,2
48.323,48.323,Scroll,Down,0,10
48.34,48.34,Scroll,Down,0,12
48.357,48.357,Scroll,Down,0,21
48.373,48.373,Scroll,Down,0,19
48.39,48.39,Scroll,Down,0,28
48.407,48.407,Scroll,Down,0,32
48.422,48.422,Scroll,Down,0,19
48.44,48.44,Scroll,Down,0,20
48.456,48.456,Scroll,Down,0,29
48.473,48.473,Scroll,Down,0,33
48.49,48.49,Scroll,Down,0,35
48.506,48.506,Scroll,Down,0,36
48.523,48.523,Scroll,Down,0,35
48.54,48.54,Scroll,Down,0,34
48.556,48.556,Scroll,Down,0,39
49.098,49.098,NoButton,Move,835,666
49.108,49.108,NoButton,Move,835,662
49.123,49.123,NoButton,Move,836,653
49.14,49.14,NoButton,Move,838,642
49.155,49.155,NoButton,Move,845,618
49.173,49.173,NoButton,Move,855,589
49.223,49.223,NoButton,Move,889,506
49.239,49.239,NoButton,Move,894,492
49.256,49.256,NoButton,Move,898,482
49.273,49.273,NoButton,Move,901,473
49.289,49.289,NoButton,Move,903,469
49.306,49.306,NoButton,Move,904,467
49.323,49.323,NoButton,Move,904,467
49.339,49.339,NoButton,Move,904,466
49.704,49.704,Left,Pressed,904,466
49.727,49.727,NoButton,Move,904,466
49.819,49.819,Left,Released,904,466
50.417,50.417,NoButton,Move,904,467
50.439,50.439,NoButton,Move,907,472
50.456,50.456,NoButton,Move,910,476
50.473,50.473,NoButton,Move,912,480
50.489,50.489,NoButton,Move,917,497
50.506,50.506,NoButton,Move,919,514
50.523,50.523,NoButton,Move,920,534
50.539,50.539,NoButton,Move,920,558
50.556,50.556,NoButton,Move,912,584
50.573,50.573,NoButton,Move,902,611
50.589,50.589,NoButton,Move,889,638
50.607,50.607,NoButton,Move,873,663
50.623,50.623,NoButton,Move,860,678
50.64,50.64,NoButton,Move,845,691
50.656,50.656,NoButton,Move,830,698
50.673,50.673,NoButton,Move,817,701
50.69,50.69,NoButton,Move,807,701
50.707,50.707,NoButton,Move,799,701
50.723,50.723,NoButton,Move,794,698
50.739,50.739,NoButton,Move,790,696
50.756,50.756,NoButton,Move,789,694
50.773,50.773,NoButton,Move,788,692
50.79,50.79,NoButton,Move,788,692
50.806,50.806,NoButton,Move,787,691
50.823,50.823,NoButton,Move,787,691
50.84,50.84,NoButton,Move,787,691
50.858,50.858,NoButton,Move,787,690
50.872,50.872,NoButton,Move,787,689
50.889,50.889,NoButton,Move,787,689
50.906,50.906,NoButton,Move,787,688
50.923,50.923,NoButton,Move,787,688
50.973,50.973,NoButton,Move,787,688
51.045,51.045,NoButton,Move,787,688
51.129,51.129,NoButton,Move,787,687
51.195,51.195,NoButton,Move,787,687
51.269,51.269,NoButton,Move,787,687
51.306,51.306,NoButton,Move,787,686
51.323,51.323,NoButton,Move,786,683
51.34,51.34,NoButton,Move,785,681
51.357,51.357,NoButton,Move,785,679
51.373,51.373,NoButton,Move,785,678
51.39,51.39,NoButton,Move,784,677
51.406,51.406,NoButton,Move,784,677
51.537,51.537,Left,Pressed,784,677
52.903,52.903,Left,Released,784,677
53.191,53.191,NoButton,Move,784,676
53.207,53.207,NoButton,Move,780,672
53.223,53.223,NoButton,Move,762,650
53.24,53.24,NoButton,Move,735,615
53.257,53.257,NoButton,Move,680,534
53.273,53.273,NoButton,Move,646,473
53.29,53.29,NoButton,Move,637,458
53.306,53.306,NoButton,Move,629,436
53.323,53.323,NoButton,Move,627,432
53.339,53.339,NoButton,Move,627,432
53.363,53.363,Scroll,Up,0,1
53.373,53.373,Scroll,Up,0,9
53.39,53.39,Scroll,Up,0,30
53.406,53.406,Scroll,Up,0,53
53.423,53.423,Scroll,Up,0,56
53.457,53.457,Scroll,Up,0,40
53.457,53.457,Scroll,Up,0,68
53.473,53.473,Scroll,Up,0,79
53.49,53.49,Scroll,Up,0,82
53.506,53.506,Scroll,Up,0,81
53.523,53.523,Scroll,Up,0,79
53.54,53.54,Scroll,Up,0,76
53.556,53.556,Scroll,Up,0,78
53.573,53.573,Scroll,Up,0,74
53.59,53.59,Scroll,Up,0,70
53.606,53.606,Scroll,Up,0,64
53.623,53.623,Scroll,Up,0,60
53.64,53.64,Scroll,Up,0,57
53.763,53.763,NoButton,Move,619,432
53.78,53.78,NoButton,Move,588,432
53.796,53.796,NoButton,Move,501,417
53.812,53.812,NoButton,Move,391,384
53.829,53.829,NoButton,Move,251,329
53.846,53.846,NoButton,Move,193,305
53.863,53.863,NoButton,Move,156,293
53.879,53.879,NoButton,Move,139,287
54.056,54.056,NoButton,Move,138,285
54.062,54.062,NoButton,Move,136,283
54.09,54.09,NoButton,Move,130,277
54.096,54.096,NoButton,Move,128,275
54.112,54.112,NoButton,Move,122,269
54.13,54.13,NoButton,Move,115,260
54.146,54.146,NoButton,Move,109,251
54.163,54.163,NoButton,Move,103,243
54.179,54.179,NoButton,Move,101,239
54.196,54.196,NoButton,Move,98,235
54.206,54.206,NoButton,Move,98,233
54.223,54.223,NoButton,Move,97,232
54.24,54.24,NoButton,Move,97,232
54.273,54.273,NoButton,Move,97,232
54.29,54.29,NoButton,Move,97,231
54.306,54.306,NoButton,Move,97,230
54.323,54.323,NoButton,Move,96,229
54.34,54.34,NoButton,Move,96,229
54.356,54.356,NoButton,Move,96,228
54.373,54.373,NoButton,Move,96,228
54.403,54.403,NoButton,Move,96,227
54.419,54.419,NoButton,Move,96,227
54.427,54.427,NoButton,Move,96,227
54.44,54.44,NoButton,Move,96,226
54.456,54.456,NoButton,Move,96,225
54.473,54.473,NoButton,Move,95,224
54.49,54.49,NoButton,Move,95,223
54.506,54.506,NoButton,Move,95,222
54.523,54.523,NoButton,Move,95,222
56.371,56.371,Left,Pressed,95,222
56.52,56.52,Left,Released,95,222
57.033,57.033,NoButton,Move,95,222
57.367,57.367,NoButton,Move,95,222
57.389,57.389,NoButton,Move,97,222
57.406,57.406,NoButton,Move,101,223
57.423,57.423,NoButton,Move,110,224
57.439,57.439,NoButton,Move,118,227
57.456,57.456,NoButton,Move,136,231
57.473,57.473,NoButton,Move,157,238
57.49,57.49,NoButton,Move,197,250
57.506,57.506,NoButton,Move,226,259
57.523,57.523,NoButton,Move,264,272
57.539,57.539,NoButton,Move,298,282
57.556,57.556,NoButton,Move,318,289
57.573,57.573,NoButton,Move,338,296
57.589,57.589,NoButton,Move,347,299
57.606,57.606,NoButton,Move,354,302
57.623,57.623,NoButton,Move,355,303
57.899,57.899,NoButton,Move,356,303
57.923,57.923,NoButton,Move,362,308
57.939,57.939,NoButton,Move,368,311
57.956,57.956,NoButton,Move,372,315
57.973,57.973,NoButton,Move,376,318
57.99,57.99,NoButton,Move,379,321
58.006,58.006,NoButton,Move,381,322
58.023,58.023,NoButton,Move,381,323
58.039,58.039,NoButton,Move,382,323
58.056,58.056,NoButton,Move,384,324
58.073,58.073,NoButton,Move,388,326
58.09,58.09,NoButton,Move,393,328
58.107,58.107,NoButton,Move,397,330
58.123,58.123,NoButton,Move,402,332
58.14,58.14,NoButton,Move,404,333
58.156,58.156,NoButton,Move,406,334
58.173,58.173,NoButton,Move,406,334
58.19,58.19,NoButton,Move,407,334
58.206,58.206,NoButton,Move,407,334
58.268,58.268,NoButton,Move,407,334
58.286,58.286,Left,Pressed,407,334
58.403,58.403,Left,Released,407,334
58.628,58.628,NoButton,Move,408,334
58.639,58.639,NoButton,Move,410,336
58.656,58.656,NoButton,Move,413,339
58.673,58.673,NoButton,Move,421,348
58.69,58.69,NoButton,Move,431,359
58.706,58.706,NoButton,Move,443,374
58.723,58.723,NoButton,Move,451,386
58.74,58.74,NoButton,Move,460,400
58.756,58.756,NoButton,Move,465,410
58.773,58.773,NoButton,Move,467,416
58.789,58.789,NoButton,Move,468,423
58.806,58.806,NoButton,Move,468,427
58.823,58.823,NoButton,Move,468,429
58.84,58.84,NoButton,Move,468,430
58.856,58.856,NoButton,Move,468,431
59.086,59.086,NoButton,Move,468,430
59.093,59.093,NoButton,Move,468,430
59.107,59.107,NoButton,Move,468,429
59.123,59.123,NoButton,Move,467,426
59.14,59.14,NoButton,Move,466,422
59.156,59.156,NoButton,Move,465,420
59.173,59.173,NoButton,Move,464,417
59.19,59.19,NoButton,Move,463,416
59.207,59.207,NoButton,Move,463,415
59.223,59.223,NoButton,Move,463,415
59.24,59.24,NoButton,Move,463,415
61.771,61.771,Left,Pressed,463,415
61.953,61.953,Left,Released,463,415
62.958,62.958,NoButton,Move,463,415
62.975,62.975,NoButton,Move,465,415
62.99,62.99,NoButton,Move,467,415
63.006,63.006,NoButton,Move,472,414
63.023,63.023,NoButton,Move,474,414
63.04,63.04,NoButton,Move,480,414
63.056,63.056,NoButton,Move,483,414
63.073,63.073,NoButton,Move,485,414
63.09,63.09,NoButton,Move,487,414
63.106,63.106,NoButton,Move,488,414
63.124,63.124,NoButton,Move,488,414
63.138,63.138,NoButton,Move,489,414
63.286,63.286,NoButton,Move,489,414
63.294,63.294,NoButton,Move,489,414
63.306,63.306,NoButton,Move,490,414
63.323,63.323,NoButton,Move,491,414
63.34,63.34,NoButton,Move,492,414
63.357,63.357,NoButton,Move,493,414
63.373,63.373,NoButton,Move,495,414
63.39,63.39,NoButton,Move,496,414
63.407,63.407,NoButton,Move,497,413
63.423,63.423,NoButton,Move,498,413
63.44,63.44,NoButton,Move,498,413
63.522,63.522,NoButton,Move,498,413
63.539,63.539,NoButton,Move,497,412
63.556,63.556,NoButton,Move,492,412
63.573,63.573,NoButton,Move,476,409
63.589,63.589,NoButton,Move,456,405
63.607,63.607,NoButton,Move,429,398
63.623,63.623,NoButton,Move,403,391
63.64,63.64,NoButton,Move,387,385
63.656,63.656,NoButton,Move,375,382
63.673,63.673,NoButton,Move,366,379
63.69,63.69,NoButton,Move,360,379
63.956,63.956,NoButton,Move,361,379
63.973,63.973,NoButton,Move,364,380
63.99,63.99,NoButton,Move,368,382
64.007,64.007,NoButton,Move,372,384
64.022,64.022,NoButton,Move,374,386
64.04,64.04,NoButton,Move,376,388
64.056,64.056,NoButton,Move,377,388
64.073,64.073,NoButton,Move,378,389
64.089,64.089,NoButton,Move,378,389
64.276,64.276,NoButton,Move,378,389
64.291,64.291,NoButton,Move,378,389
64.307,64.307,NoButton,Move,379,390
64.323,64.323,NoButton,Move,381,392
64.34,64.34,NoButton,Move,385,396
64.356,64.356,NoButton,Move,386,397
64.373,64.373,NoButton,Move,390,399
64.389,64.389,NoButton,Move,393,401
64.406,64.406,NoButton,Move,396,403
64.423,64.423,NoButton,Move,398,405
64.44,64.44,NoButton,Move,400,405
64.457,64.457,NoButton,Move,401,406
64.473,64.473,NoButton,Move,402,407
64.49,64.49,NoButton,Move,404,407
64.507,64.507,NoButton,Move,406,407
64.523,64.523,NoButton,Move,411,407
64.54,64.54,NoButton,Move,425,407
64.557,64.557,NoButton,Move,456,407
64.573,64.573,NoButton,Move,501,404
64.59,64.59,NoButton,Move,564,404
64.605,64.605,NoButton,Move,632,404
64.622,64.622,NoButton,Move,648,404
64.916,64.916,NoButton,Move,650,404
64.938,64.938,NoButton,Move,670,402
64.956,64.956,NoButton,Move,699,399
64.973,64.973,NoButton,Move,748,397
64.989,64.989,NoButton,Move,788,397
65.006,65.006,NoButton,Move,842,397
65.024,65.024,NoButton,Move,882,401
65.04,65.04,NoButton,Move,900,404
65.056,65.056,NoButton,Move,909,406
65.073,65.073,NoButton,Move,916,407
65.09,65.09,NoButton,Move,918,408
65.107,65.107,NoButton,Move,919,408
65.123,65.123,NoButton,Move,920,408
65.808,65.808,NoButton,Move,920,408
66.439,66.439,NoButton,Move,920,408
66.456,66.456,NoButton,Move,919,409
66.472,66.472,NoButton,Move,919,410
66.49,66.49,NoButton,Move,918,411
66.507,66.507,NoButton,Move,917,412
66.522,66.522,NoButton,Move,916,412
66.54,66.54,NoButton,Move,916,413
66.557,66.557,NoButton,Move,916,414
66.573,66.573,NoButton,Move,915,414
67.805,67.805,NoButton,Move,915,414
67.822,67.822,NoButton,Move,915,415
67.839,67.839,NoButton,Move,915,417
67.855,67.855,NoButton,Move,914,419
67.873,67.873,NoButton,Move,913,421
67.89,67.89,NoButton,Move,913,422
67.906,67.906,NoButton,Move,912,424
67.924,67.924,NoButton,Move,912,425
67.939,67.939,NoButton,Move,911,427
67.956,67.956,NoButton,Move,910,429
67.973,67.973,NoButton,Move,909,431
67.99,67.99,NoButton,Move,908,434
68.006,68.006,NoButton,Move,907,437
68.024,68.024,NoButton,Move,906,440
68.04,68.04,NoButton,Move,905,443
68.056,68.056,NoButton,Move,905,445
68.074,68.074,NoButton,Move,904,448
68.09,68.09,NoButton,Move,903,449
68.106,68.106,NoButton,Move,903,451
68.123,68.123,NoButton,Move,902,452
68.14,68.14,NoButton,Move,902,454
68.156,68.156,NoButton,Move,902,454
68.173,68.173,NoButton,Move,901,455
72.857,72.857,NoButton,Move,901,455
72.873,72.873,NoButton,Move,899,460
72.891,72.891,NoButton,Move,893,470
72.906,72.906,NoButton,Move,882,487
72.923,72.923,NoButton,Move,859,517
72.94,72.94,NoButton,Move,841,538
72.957,72.957,NoButton,Move,816,566
72.973,72.973,NoButton,Move,792,589
72.99,72.99,NoButton,Move,777,601
73.006,73.006,NoButton,Move,762,613
73.023,73.023,NoButton,Move,760,615
73.041,73.041,NoButton,Move,752,624
73.056,73.056,NoButton,Move,750,626
73.074,73.074,NoButton,Move,749,627
73.09,73.09,NoButton,Move,749,627
73.138,73.138,Scroll,Down,0,1
73.14,73.14,Scroll,Down,0,2
73.156,73.156,Scroll,Down,0,8
73.173,73.173,Scroll,Down,0,12
73.19,73.19,Scroll,Down,0,17
73.207,73.207,Scroll,Down,0,23
73.223,73.223,Scroll,Down,0,23
73.239,73.239,Scroll,Down,0,22
73.257,73.257,Scroll,Down,0,23
73.273,73.273,Scroll,Down,0,16
73.29,73.29,Scroll,Down,0,15
73.306,73.306,Scroll,Down,0,10
73.323,73.323,Scroll,Down,0,6
73.34,73.34,Scroll,Down,0,6
73.357,73.357,Scroll,Down,0,5
73.373,73.373,Scroll,Down,0,5
73.389,73.389,Scroll,Down,0,5
73.407,73.407,Scroll,Down,0,5
73.423,73.423,Scroll,Down,0,4
73.44,73.44,Scroll,Down,0,5
73.456,73.456,Scroll,Down,0,3
73.473,73.473,Scroll,Down,0,3
73.49,73.49,Scroll,Down,0,2
73.507,73.507,Scroll,Down,0,2
73.523,73.523,Scroll,Down,0,1
73.822,73.822,NoButton,Move,749,625
73.87,73.87,Scroll,Down,0,1
73.89,73.89,Scroll,Down,0,11
73.906,73.906,Scroll,Down,0,14
73.923,73.923,Scroll,Down,0,13
73.939,73.939,Scroll,Down,0,11
73.957,73.957,Scroll,Down,0,8
73.973,73.973,Scroll,Down,0,7
73.99,73.99,Scroll,Down,0,4
74.007,74.007,Scroll,Down,0,2
74.023,74.023,Scroll,Down,0,1
74.04,74.04,Scroll,Down,0,1
74.057,74.057,Scroll,Down,0,1
74.46,74.46,NoButton,Move,749,623
74.473,74.473,NoButton,Move,754,614
74.49,74.49,NoButton,Move,769,593
74.506,74.506,NoButton,Move,791,569
74.523,74.523,NoButton,Move,847,512
74.54,74.54,NoButton,Move,898,472
74.556,74.556,NoButton,Move,968,426
74.572,74.572,NoButton,Move,1017,402
74.589,74.589,NoButton,Move,1064,382
74.606,74.606,NoButton,Move,1090,375
74.623,74.623,NoButton,Move,1097,373
74.885,74.885,NoButton,Move,1097,373
74.893,74.893,NoButton,Move,1097,371
74.907,74.907,NoButton,Move,1097,370
74.924,74.924,NoButton,Move,1097,365
74.94,74.94,NoButton,Move,1095,359
74.957,74.957,NoButton,Move,1092,352
74.974,74.974,NoButton,Move,1090,345
74.99,74.99,NoButton,Move,1088,338
75.006,75.006,NoButton,Move,1086,333
75.023,75.023,NoButton,Move,1085,328
75.04,75.04,NoButton,Move,1084,325
75.057,75.057,NoButton,Move,1084,323
75.073,75.073,NoButton,Move,1084,322
75.099,75.099,NoButton,Move,1084,321
75.115,75.115,NoButton,Move,1083,321
75.763,75.763,NoButton,Move,1083,321
77.57,77.57,NoButton,Move,1083,321
77.59,77.59,NoButton,Move,1083,324
77.606,77.606,NoButton,Move,1083,325
79.871,79.871,Left,Pressed,1083,325
80.003,80.003,Left,Released,1083,325
81.23,81.23,NoButton,Move,1083,326
81.272,81.272,NoButton,Move,1077,369
81.277,81.277,NoButton,Move,1068,396
81.29,81.29,NoButton,Move,1060,415
81.306,81.306,NoButton,Move,1040,457
81.323,81.323,NoButton,Move,1013,501
81.341,81.341,NoButton,Move,980,546
81.356,81.356,NoButton,Move,956,575
81.373,81.373,NoButton,Move,926,604
81.391,81.391,NoButton,Move,908,617
81.407,81.407,NoButton,Move,891,627
81.424,81.424,NoButton,Move,881,631
81.44,81.44,NoButton,Move,873,634
81.457,81.457,NoButton,Move,869,634
81.473,81.473,NoButton,Move,865,634
81.49,81.49,NoButton,Move,864,634
81.507,81.507,NoButton,Move,862,633
81.523,81.523,NoButton,Move,860,633
81.54,81.54,NoButton,Move,857,635
81.557,81.557,NoButton,Move,853,640
81.574,81.574,NoButton,Move,850,644
81.591,81.591,NoButton,Move,848,648
81.606,81.606,NoButton,Move,846,652
81.622,81.622,NoButton,Move,845,654
81.639,81.639,NoButton,Move,844,657
81.656,81.656,NoButton,Move,843,659
81.673,81.673,NoButton,Move,843,660
81.69,81.69,NoButton,Move,842,661
81.72,81.72,Left,Pressed,842,661
81.74,81.74,NoButton,Move,842,661
81.819,81.819,Left,Released,842,661
82.157,82.157,Scroll,Up,0,3
82.173,82.173,Scroll,Up,0,9
82.19,82.19,Scroll,Up,0,23
82.207,82.207,Scroll,Up,0,20
82.222,82.222,Scroll,Up,0,21
82.24,82.24,Scroll,Up,0,15
82.257,82.257,Scroll,Up,0,26
82.273,82.273,Scroll,Up,0,29
82.29,82.29,Scroll,Up,0,31
82.307,82.307,Scroll,Up,0,31
82.323,82.323,Scroll,Up,0,30
82.34,82.34,Scroll,Up,0,29
82.357,82.357,Scroll,Up,0,34
82.373,82.373,Scroll,Up,0,32
82.39,82.39,Scroll,Up,0,30
82.407,82.407,Scroll,Up,0,27
82.423,82.423,Scroll,Up,0,24
82.44,82.44,Scroll,Up,0,22
82.457,82.457,Scroll,Up,0,20
82.473,82.473,Scroll,Up,0,19
82.49,82.49,Scroll,Up,0,17
82.506,82.506,Scroll,Up,0,16
82.523,82.523,Scroll,Up,0,14
82.54,82.54,Scroll,Up,0,13
82.563,82.563,Scroll,Up,0,12
83.603,83.603,Scroll,Down,0,1
83.623,83.623,Scroll,Down,0,10
83.64,83.64,Scroll,Down,0,12
83.657,83.657,Scroll,Down,0,18
83.673,83.673,Scroll,Down,0,26
83.69,83.69,Scroll,Down,0,29
83.707,83.707,Scroll,Down,0,30
83.724,83.724,Scroll,Down,0,29
83.74,83.74,Scroll,Down,0,28
83.757,83.757,Scroll,Down,0,28
83.774,83.774,Scroll,Down,0,30
83.79,83.79,Scroll,Down,0,30
83.807,83.807,Scroll,Down,0,27
83.823,83.823,Scroll,Down,0,24
83.84,83.84,Scroll,Down,0,22
83.856,83.856,Scroll,Down,0,20
84.286,84.286,Scroll,Down,0,1
84.306,84.306,Scroll,Down,0,5
84.322,84.322,Scroll,Down,0,12
84.339,84.339,Scroll,Down,0,26
84.356,84.356,Scroll,Down,0,43
84.373,84.373,Scroll,Down,0,42
84.389,84.389,Scroll,Down,0,44
84.406,84.406,Scroll,Down,0,86
84.423,84.423,Scroll,Down,0,94
84.44,84.44,Scroll,Down,0,94
84.457,84.457,Scroll,Down,0,93
84.473,84.473,Scroll,Down,0,88
84.49,84.49,Scroll,Down,0,85
84.507,84.507,Scroll,Down,0,85
84.523,84.523,Scroll,Down,0,81
88.737,88.737,Scroll,Up,0,1
88.755,88.755,Scroll,Up,0,1
88.795,88.795,Scroll,Up,0,4
88.806,88.806,Scroll,Up,0,2
88.822,88.822,Scroll,Up,0,2
88.84,88.84,Scroll,Up,0,2
88.857,88.857,Scroll,Up,0,2
88.873,88.873,Scroll,Up,0,2
88.89,88.89,Scroll,Up,0,2
88.907,88.907,Scroll,Up,0,2
88.924,88.924,Scroll,Up,0,3
88.94,88.94,Scroll,Up,0,4
88.957,88.957,Scroll,Up,0,5
88.973,88.973,Scroll,Up,0,9
88.99,88.99,Scroll,Up,0,12
89.007,89.007,Scroll,Up,0,14
89.024,89.024,Scroll,Up,0,12
89.039,89.039,Scroll,Up,0,11
89.057,89.057,Scroll,Up,0,7
89.073,89.073,Scroll,Up,0,10
89.09,89.09,Scroll,Up,0,12
89.107,89.107,Scroll,Up,0,12
89.124,89.124,Scroll,Up,0,12
89.139,89.139,Scroll,Up,0,12
89.157,89.157,Scroll,Up,0,11
89.173,89.173,Scroll,Up,0,12
89.19,89.19,Scroll,Up,0,12
89.206,89.206,Scroll,Up,0,11
89.224,89.224,Scroll,Up,0,10
89.24,89.24,Scroll,Up,0,9
89.257,89.257,Scroll,Up,0,8
89.274,89.274,Scroll,Up,0,8
89.29,89.29,Scroll,Up,0,7
89.307,89.307,Scroll,Up,0,6
89.324,89.324,Scroll,Up,0,6
89.34,89.34,Scroll,Up,0,5
89.357,89.357,Scroll,Up,0,5
89.373,89.373,Scroll,Up,0,5
89.39,89.39,Scroll,Up,0,4
89.407,89.407,Scroll,Up,0,4
89.424,89.424,Scroll,Up,0,4
89.44,89.44,Scroll,Up,0,3
89.457,89.457,Scroll,Up,0,3
89.474,89.474,Scroll,Up,0,3
89.49,89.49,Scroll,Up,0,3
89.507,89.507,Scroll,Up,0,2
89.524,89.524,Scroll,Up,0,2
89.54,89.54,Scroll,Up,0,2
89.557,89.557,Scroll,Up,0,2
89.574,89.574,Scroll,Up,0,1
89.59,89.59,Scroll,Up,0,1
89.607,89.607,Scroll,Up,0,1
89.623,89.623,Scroll,Up,0,1
89.64,89.64,Scroll,Up,0,1
89.656,89.656,Scroll,Up,0,1
89.69,89.69,Scroll,Up,0,1
89.707,89.707,Scroll,Up,0,1
89.733,89.733,Scroll,Up,0,1
89.87,89.87,Scroll,Up,0,2
89.89,89.89,Scroll,Up,0,5
89.906,89.906,Scroll,Up,0,9
89.924,89.924,Scroll,Up,0,14
89.94,89.94,Scroll,Up,0,16
89.957,89.957,Scroll,Up,0,17
89.974,89.974,Scroll,Up,0,11
89.99,89.99,Scroll,Up,0,8
90.006,90.006,Scroll,Up,0,17
90.023,90.023,Scroll,Up,0,18
90.04,90.04,Scroll,Up,0,19
90.057,90.057,Scroll,Up,0,19
90.074,90.074,Scroll,Up,0,19
90.09,90.09,Scroll,Up,0,18
90.107,90.107,Scroll,Up,0,21
90.124,90.124,Scroll,Up,0,19
90.14,90.14,Scroll,Up,0,18
90.157,90.157,Scroll,Up,0,16
90.174,90.174,Scroll,Up,0,14
90.19,90.19,Scroll,Up,0,14
90.207,90.207,Scroll,Up,0,13
90.223,90.223,Scroll,Up,0,12
90.239,90.239,Scroll,Up,0,10
90.256,90.256,Scroll,Up,0,9
90.274,90.274,Scroll,Up,0,9
90.29,90.29,Scroll,Up,0,8
90.307,90.307,Scroll,Up,0,7
90.324,90.324,Scroll,Up,0,7
90.34,90.34,Scroll,Up,0,6
90.357,90.357,Scroll,Up,0,6
90.374,90.374,Scroll,Up,0,5
90.39,90.39,Scroll,Up,0,5
90.406,90.406,Scroll,Up,0,5
90.424,90.424,Scroll,Up,0,4
90.44,90.44,Scroll,Up,0,4
90.457,90.457,Scroll,Up,0,4
90.474,90.474,Scroll,Up,0,3
90.49,90.49,Scroll,Up,0,3
90.507,90.507,Scroll,Up,0,3
90.523,90.523,Scroll,Up,0,3
90.54,90.54,Scroll,Up,0,2
90.557,90.557,Scroll,Up,0,2
90.574,90.574,Scroll,Up,0,2
90.59,90.59,Scroll,Up,0,2
90.607,90.607,Scroll,Up,0,1
90.624,90.624,Scroll,Up,0,1
90.64,90.64,Scroll,Up,0,1
90.657,90.657,Scroll,Up,0,1
90.673,90.673,Scroll,Up,0,1
90.69,90.69,Scroll,Up,0,1
90.724,90.724,Scroll,Up,0,1
90.74,90.74,Scroll,Up,0,1
90.764,90.764,Scroll,Up,0,1
90.953,90.953,Scroll,Up,0,1
90.973,90.973,Scroll,Up,0,4
90.989,90.989,Scroll,Up,0,5
91.007,91.007,Scroll,Up,0,7
91.024,91.024,Scroll,Up,0,12
91.04,91.04,Scroll,Up,0,20
91.057,91.057,Scroll,Up,0,14
91.074,91.074,Scroll,Up,0,14
91.09,91.09,Scroll,Up,0,26
91.107,91.107,Scroll,Up,0,29
91.124,91.124,Scroll,Up,0,30
91.14,91.14,Scroll,Up,0,29
91.157,91.157,Scroll,Up,0,28
91.174,91.174,Scroll,Up,0,28
91.19,91.19,Scroll,Up,0,30
91.207,91.207,Scroll,Up,0,30
91.224,91.224,Scroll,Up,0,27
91.24,91.24,Scroll,Up,0,24
91.257,91.257,Scroll,Up,0,22
91.274,91.274,Scroll,Up,0,20
91.291,91.291,Scroll,Up,0,19
91.307,91.307,Scroll,Up,0,17
91.324,91.324,Scroll,Up,0,16
91.34,91.34,Scroll,Up,0,14
91.357,91.357,Scroll,Up,0,13
91.374,91.374,Scroll,Up,0,12
91.39,91.39,Scroll,Up,0,11
91.407,91.407,Scroll,Up,0,10
91.424,91.424,Scroll,Up,0,9
91.44,91.44,Scroll,Up,0,8
91.457,91.457,Scroll,Up,0,8
91.474,91.474,Scroll,Up,0,7
91.49,91.49,Scroll,Up,0,7
91.507,91.507,Scroll,Up,0,6
91.523,91.523,Scroll,Up,0,6
91.54,91.54,Scroll,Up,0,5
91.557,91.557,Scroll,Up,0,5
91.574,91.574,Scroll,Up,0,5
91.59,91.59,Scroll,Up,0,4
91.607,91.607,Scroll,Up,0,4
91.623,91.623,Scroll,Up,0,4
91.64,91.64,Scroll,Up,0,3
91.657,91.657,Scroll,Up,0,3
91.673,91.673,Scroll,Up,0,3
91.69,91.69,Scroll,Up,0,2
91.707,91.707,Scroll,Up,0,2
91.724,91.724,Scroll,Up,0,2
91.74,91.74,Scroll,Up,0,2
91.757,91.757,Scroll,Up,0,2
91.773,91.773,Scroll,Up,0,1
91.79,91.79,Scroll,Up,0,1
91.807,91.807,Scroll,Up,0,1
91.823,91.823,Scroll,Up,0,1
91.84,91.84,Scroll,Up,0,1
91.874,91.874,Scroll,Up,0,1
91.89,91.89,Scroll,Up,0,1
91.923,91.923,Scroll,Up,0,1
95.703,95.703,NoButton,Move,842,661
95.71,95.71,NoButton,Move,835,658
95.722,95.722,NoButton,Move,816,650
95.741,95.741,NoButton,Move,716,617
95.756,95.756,NoButton,Move,648,591
95.773,95.773,NoButton,Move,398,482
95.79,95.79,NoButton,Move,289,423
95.807,95.807,NoButton,Move,218,378
95.823,95.823,NoButton,Move,190,356
95.84,95.84,NoButton,Move,170,340
96.073,96.073,NoButton,Move,168,335
96.09,96.09,NoButton,Move,162,325
96.107,96.107,NoButton,Move,152,303
96.123,96.123,NoButton,Move,144,286
96.141,96.141,NoButton,Move,138,274
96.157,96.157,NoButton,Move,134,265
96.173,96.173,NoButton,Move,132,261
96.19,96.19,NoButton,Move,131,259
96.207,96.207,NoButton,Move,130,259
96.223,96.223,NoButton,Move,129,259
96.24,96.24,NoButton,Move,128,258
96.256,96.256,NoButton,Move,127,258
96.274,96.274,NoButton,Move,127,258
96.29,96.29,NoButton,Move,126,255
96.307,96.307,NoButton,Move,125,253
96.323,96.323,NoButton,Move,125,252
96.34,96.34,NoButton,Move,125,251
96.356,96.356,NoButton,Move,125,249
96.373,96.373,NoButton,Move,125,247
96.39,96.39,NoButton,Move,125,245
96.407,96.407,NoButton,Move,125,244
96.423,96.423,NoButton,Move,125,243
96.44,96.44,NoButton,Move,124,243
96.457,96.457,NoButton,Move,124,243
96.554,96.554,Left,Pressed,124,243
96.687,96.687,Left,Released,124,243
98.978,98.978,NoButton,Move,125,243
98.99,98.99,NoButton,Move,126,243
99.007,99.007,NoButton,Move,134,243
99.024,99.024,NoButton,Move,145,243
99.04,99.04,NoButton,Move,163,251
99.058,99.058,NoButton,Move,198,274
99.073,99.073,NoButton,Move,212,284
99.089,99.089,NoButton,Move,236,304
99.106,99.106,NoButton,Move,279,359
99.124,99.124,NoButton,Move,307,428
99.14,99.14,NoButton,Move,309,461
99.157,99.157,NoButton,Move,309,499
99.173,99.173,NoButton,Move,297,528
99.19,99.19,NoButton,Move,281,546
99.207,99.207,NoButton,Move,261,555
99.223,99.223,NoButton,Move,240,557
99.428,99.428,NoButton,Move,238,557
99.44,99.44,NoButton,Move,236,557
99.457,99.457,NoButton,Move,230,556
99.473,99.473,NoButton,Move,221,553
99.49,99.49,NoButton,Move,209,549
99.507,99.507,NoButton,Move,191,543
99.524,99.524,NoButton,Move,168,538
99.541,99.541,NoButton,Move,146,537
99.557,99.557,NoButton,Move,107,539
99.573,99.573,NoButton,Move,68,558
99.59,99.59,NoButton,Move,18,592
99.607,99.607,NoButton,Move,0,607
99.623,99.623,NoButton,Move,0,624
99.64,99.64,NoButton,Move,0,642
99.657,99.657,NoButton,Move,5,657
99.673,99.673,NoButton,Move,35,685
99.69,99.69,NoButton,Move,61,703
99.707,99.707,NoButton,Move,101,730
99.723,99.723,NoButton,Move,122,746
99.74,99.74,NoButton,Move,136,759
99.757,99.757,NoButton,Move,145,766
99.773,99.773,NoButton,Move,149,769
99.884,99.884,NoButton,Move,147,761
99.892,99.892,NoButton,Move,141,744
99.907,99.907,NoButton,Move,136,725
99.923,99.923,NoButton,Move,127,682
99.94,99.94,NoButton,Move,121,637
99.956,99.956,NoButton,Move,114,564
99.973,99.973,NoButton,Move,109,460
99.99,99.99,NoButton,Move,109,359
100.007,100.007,NoButton,Move,111,330
100.157,100.157,NoButton,Move,111,329
100.173,100.173,NoButton,Move,111,322
100.19,100.19,NoButton,Move,110,317
100.206,100.206,NoButton,Move,110,314
100.223,100.223,NoButton,Move,110,310
100.24,100.24,NoButton,Move,110,306
100.257,100.257,NoButton,Move,109,304
100.273,100.273,NoButton,Move,109,303
100.287,100.287,Left,Pressed,109,303
100.306,100.306,NoButton,Move,109,303
100.422,100.422,Left,Released,109,303
100.557,100.557,NoButton,Move,109,303
100.573,100.573,NoButton,Move,109,310
100.59,100.59,NoButton,Move,109,321
100.607,100.607,NoButton,Move,109,331
100.623,100.623,NoButton,Move,109,340
100.64,100.64,NoButton,Move,109,356
100.657,100.657,NoButton,Move,109,366
100.674,100.674,NoButton,Move,109,375
100.69,100.69,NoButton,Move,108,380
100.707,100.707,NoButton,Move,107,382
100.724,100.724,NoButton,Move,107,383
100.74,100.74,NoButton,Move,107,383
100.754,100.754,Left,Pressed,107,383
100.773,100.773,NoButton,Move,107,383
100.87,100.87,Left,Released,107,383
101.073,101.073,NoButton,Move,107,385
101.09,101.09,NoButton,Move,107,388
101.107,101.107,NoButton,Move,107,390
101.124,101.124,NoButton,Move,107,393
101.141,101.141,NoButton,Move,107,397
101.157,101.157,NoButton,Move,107,401
101.173,101.173,NoButton,Move,107,404
101.19,101.19,NoButton,Move,107,406
101.207,101.207,NoButton,Move,107,407
101.223,101.223,NoButton,Move,107,408
101.24,101.24,NoButton,Move,107,408
101.253,101.253,Left,Pressed,107,408
101.273,101.273,NoButton,Move,107,408
101.337,101.337,Left,Released,107,408
101.374,101.374,NoButton,Move,106,408
101.507,101.507,NoButton,Move,106,406
101.523,101.523,NoButton,Move,114,397
101.541,101.541,NoButton,Move,126,385
101.557,101.557,NoButton,Move,160,362
101.574,101.574,NoButton,Move,212,335
101.591,101.591,NoButton,Move,287,313
101.607,101.607,NoButton,Move,364,303
101.623,101.623,NoButton,Move,436,300
101.64,101.64,NoButton,Move,477,303
101.657,101.657,NoButton,Move,516,314
101.673,101.673,NoButton,Move,531,324
101.69,101.69,NoButton,Move,546,341
101.707,101.707,NoButton,Move,548,351
101.723,101.723,NoButton,Move,548,362
101.74,101.74,NoButton,Move,543,371
101.757,101.757,NoButton,Move,533,377
101.773,101.773,NoButton,Move,516,380
101.79,101.79,NoButton,Move,504,380
101.807,101.807,NoButton,Move,488,380
101.824,101.824,NoButton,Move,478,380
101.84,101.84,NoButton,Move,472,381
101.857,101.857,NoButton,Move,469,384
101.873,101.873,NoButton,Move,468,392
101.89,101.89,NoButton,Move,468,406
101.907,101.907,NoButton,Move,483,453
101.924,101.924,NoButton,Move,500,495
101.94,101.94,NoButton,Move,512,528
101.957,101.957,NoButton,Move,521,554
101.973,101.973,NoButton,Move,524,570
101.99,101.99,NoButton,Move,525,588
102.225,102.225,NoButton,Move,525,589
102.24,102.24,NoButton,Move,525,590
102.257,102.257,NoButton,Move,525,595
102.272,102.272,NoButton,Move,525,597
102.29,102.29,NoButton,Move,524,602
102.306,102.306,NoButton,Move,522,605
102.323,102.323,NoButton,Move,521,608
102.34,102.34,NoButton,Move,521,608
102.353,102.353,Left,Pressed,521,608
102.356,102.356,NoButton,Move,521,608
102.469,102.469,Left,Released,521,608
106.135,106.135,NoButton,Move,521,615
106.14,106.14,NoButton,Move,521,624
106.157,106.157,NoButton,Move,522,641
106.173,106.173,NoButton,Move,524,651
106.19,106.19,NoButton,Move,526,658
106.207,106.207,NoButton,Move,527,663
106.223,106.223,NoButton,Move,530,670
106.24,106.24,NoButton,Move,531,678
106.257,106.257,NoButton,Move,532,684
106.273,106.273,NoButton,Move,533,690
106.29,106.29,NoButton,Move,533,695
106.307,106.307,NoButton,Move,533,699
106.324,106.324,NoButton,Move,533,702
106.34,106.34,NoButton,Move,533,703
106.357,106.357,NoButton,Move,533,704
106.374,106.374,NoButton,Move,533,704
106.39,106.39,NoButton,Move,532,705
106.409,106.409,NoButton,Move,532,705
109.205,109.205,Left,Pressed,532,705
109.208,109.208,Left,Released,532,705
112.113,112.113,NoButton,Move,504,722
112.123,112.123,NoButton,Move,504,722
114.292,114.292,NoButton,Move,504,723
114.307,114.307,NoButton,Move,504,725
114.324,114.324,NoButton,Move,504,729
114.34,114.34,NoButton,Move,504,731
114.357,114.357,NoButton,Move,504,743
114.374,114.374,NoButton,Move,504,748
114.39,114.39,NoButton,Move,503,754
114.407,114.407,NoButton,Move,502,759
114.423,114.423,NoButton,Move,501,763
114.44,114.44,NoButton,Move,500,767
114.457,114.457,NoButton,Move,499,769
114.474,114.474,NoButton,Move,499,770
114.487,114.487,Left,Pressed,499,770
114.507,114.507,NoButton,Move,499,770
114.653,114.653,Left,Released,499,770
114.874,114.874,NoButton,Move,499,769
114.89,114.89,NoButton,Move,498,764
114.907,114.907,NoButton,Move,495,754
114.924,114.924,NoButton,Move,484,724
114.94,114.94,NoButton,Move,474,699
114.963,114.963,NoButton,Move,467,688
114.973,114.973,NoButton,Move,459,676
114.99,114.99,NoButton,Move,453,669
115.007,115.007,NoButton,Move,449,667
115.024,115.024,NoButton,Move,447,667
115.04,115.04,NoButton,Move,444,667
115.057,115.057,NoButton,Move,442,667
115.074,115.074,NoButton,Move,442,667
115.09,115.09,NoButton,Move,441,667
115.103,115.103,Left,Pressed,441,667
115.19,115.19,NoButton,Move,441,667
115.256,115.256,Left,Released,441,667
117.427,117.427,NoButton,Move,441,673
117.44,117.44,NoButton,Move,438,684
117.457,117.457,NoButton,Move,438,691
117.473,117.473,NoButton,Move,438,696
117.49,117.49,NoButton,Move,438,700
117.507,117.507,NoButton,Move,438,704
117.524,117.524,NoButton,Move,439,712
117.541,117.541,NoButton,Move,440,719
117.558,117.558,NoButton,Move,440,727
117.574,117.574,NoButton,Move,438,741
117.591,117.591,NoButton,Move,435,750
117.607,117.607,NoButton,Move,433,759
117.625,117.625,NoButton,Move,429,767
117.64,117.64,NoButton,Move,427,772
117.657,117.657,NoButton,Move,424,776
117.674,117.674,NoButton,Move,423,778
117.69,117.69,NoButton,Move,422,779
117.707,117.707,NoButton,Move,422,782
117.724,117.724,NoButton,Move,422,788
117.741,117.741,NoButton,Move,422,797
117.757,117.757,NoButton,Move,422,802
117.774,117.774,NoButton,Move,421,808
117.791,117.791,NoButton,Move,420,811
117.806,117.806,NoButton,Move,420,812
117.82,117.82,Left,Pressed,420,812
117.857,117.857,NoButton,Move,420,812
117.953,117.953,Left,Released,420,812
121.035,121.035,NoButton,Move,420,813
121.057,121.057,NoButton,Move,420,814
121.074,121.074,NoButton,Move,420,815
121.091,121.091,NoButton,Move,420,815
121.107,121.107,NoButton,Move,420,815
121.124,121.124,NoButton,Move,413,809
121.14,121.14,NoButton,Move,407,804
121.157,121.157,NoButton,Move,348,751
121.173,121.173,NoButton,Move,304,709
121.19,121.19,NoButton,Move,253,659
121.207,121.207,NoButton,Move,223,632
121.223,121.223,NoButton,Move,203,617
121.24,121.24,NoButton,Move,191,610
121.411,121.411,NoButton,Move,190,609
121.425,121.425,NoButton,Move,187,600
121.44,121.44,NoButton,Move,177,576
121.457,121.457,NoButton,Move,168,549
121.474,121.474,NoButton,Move,161,519
121.49,121.49,NoButton,Move,151,474
121.507,121.507,NoButton,Move,147,440
121.714,121.714,NoButton,Move,146,439
121.724,121.724,NoButton,Move,144,434
121.741,121.741,NoButton,Move,135,420
121.757,121.757,NoButton,Move,122,398
121.774,121.774,NoButton,Move,110,381
121.79,121.79,NoButton,Move,97,365
121.807,121.807,NoButton,Move,92,359
121.823,121.823,NoButton,Move,87,356
121.84,121.84,NoButton,Move,84,355
121.857,121.857,NoButton,Move,83,354
121.874,121.874,NoButton,Move,83,354
121.89,121.89,NoButton,Move,83,354
121.938,121.938,Left,Pressed,83,354
121.957,121.957,NoButton,Move,82,354
122.053,122.053,Left,Released,82,354
122.274,122.274,NoButton,Move,87,354
122.291,122.291,NoButton,Move,97,352
122.308,122.308,NoButton,Move,130,343
122.324,122.324,NoButton,Move,177,331
122.341,122.341,NoButton,Move,274,316
122.358,122.358,NoButton,Move,344,315
122.373,122.373,NoButton,Move,448,315
122.39,122.39,NoButton,Move,506,322
122.407,122.407,NoButton,Move,543,326
122.423,122.423,NoButton,Move,565,330
122.688,122.688,Left,Pressed,565,330
122.689,122.689,Left,Released,565,330
123.988,123.988,NoButton,Move,494,467
124.024,124.024,NoButton,Move,494,419
124.036,124.036,NoButton,Move,494,407
124.036,124.036,Left,Pressed,493,386
124.04,124.04,Left,Released,493,386
125.483,125.483,NoButton,Move,465,516
125.49,125.49,NoButton,Move,464,517
125.507,125.507,NoButton,Move,462,518
125.523,125.523,NoButton,Move,462,519
125.536,125.536,Left,Pressed,462,519
125.557,125.557,NoButton,Move,462,519
125.686,125.686,Left,Released,462,519
125.823,125.823,NoButton,Move,462,518
125.83,125.83,NoButton,Move,461,517
125.84,125.84,NoButton,Move,460,516
125.857,125.857,NoButton,Move,459,513
125.874,125.874,NoButton,Move,458,510
125.891,125.891,NoButton,Move,457,508
125.907,125.907,NoButton,Move,457,508
125.921,125.921,Left,Pressed,457,508
125.94,125.94,NoButton,Move,457,508
126.077,126.077,Left,Released,457,508
130.662,130.662,NoButton,Move,453,531
130.674,130.674,NoButton,Move,446,544
130.69,130.69,NoButton,Move,441,552
130.707,130.707,NoButton,Move,437,558
130.724,130.724,NoButton,Move,434,562
130.74,130.74,NoButton,Move,427,569
130.757,130.757,NoButton,Move,423,572
130.774,130.774,NoButton,Move,418,574
130.79,130.79,NoButton,Move,414,575
130.807,130.807,NoButton,Move,412,575
130.824,130.824,NoButton,Move,410,575
130.841,130.841,NoButton,Move,409,575
130.857,130.857,NoButton,Move,408,575
130.874,130.874,NoButton,Move,407,576
130.89,130.89,NoButton,Move,407,576
130.919,130.919,NoButton,Move,407,576
130.935,130.935,NoButton,Move,407,576
130.953,130.953,NoButton,Move,407,576
130.99,130.99,NoButton,Move,406,576
131.058,131.058,NoButton,Move,406,576
131.074,131.074,NoButton,Move,407,577
131.09,131.09,NoButton,Move,413,581
131.107,131.107,NoButton,Move,424,592
131.124,131.124,NoButton,Move,446,615
131.141,131.141,NoButton,Move,462,636
131.157,131.157,NoButton,Move,476,657
131.174,131.174,NoButton,Move,484,670
131.19,131.19,NoButton,Move,491,682
131.207,131.207,NoButton,Move,494,688
131.224,131.224,NoButton,Move,494,690
131.241,131.241,NoButton,Move,495,691
131.257,131.257,NoButton,Move,495,691
131.288,131.288,Left,Pressed,495,691
131.371,131.371,Left,Released,495,691
131.648,131.648,NoButton,Move,495,691
131.657,131.657,NoButton,Move,493,689
131.674,131.674,NoButton,Move,489,684
131.691,131.691,NoButton,Move,482,676
131.707,131.707,NoButton,Move,470,660
131.726,131.726,NoButton,Move,459,645
131.741,131.741,NoButton,Move,447,626
131.758,131.758,NoButton,Move,430,594
131.774,131.774,NoButton,Move,419,572
131.791,131.791,NoButton,Move,411,555
131.807,131.807,NoButton,Move,405,546
131.825,131.825,NoButton,Move,402,539
131.841,131.841,NoButton,Move,400,537
131.857,131.857,NoButton,Move,400,537
131.874,131.874,NoButton,Move,399,537
131.924,131.924,NoButton,Move,399,537
131.942,131.942,NoButton,Move,399,537
131.957,131.957,NoButton,Move,399,539
131.974,131.974,NoButton,Move,399,544
131.991,131.991,NoButton,Move,400,551
132.007,132.007,NoButton,Move,400,556
132.024,132.024,NoButton,Move,400,565
132.041,132.041,NoButton,Move,400,569
132.057,132.057,NoButton,Move,400,572
132.074,132.074,NoButton,Move,400,574
132.091,132.091,NoButton,Move,400,575
132.122,132.122,Left,Pressed,400,575
132.127,132.127,NoButton,Move,400,575
132.234,132.234,Left,Released,400,575
134.98,134.98,NoButton,Move,399,580
134.99,134.99,NoButton,Move,398,589
135.007,135.007,NoButton,Move,398,593
135.024,135.024,NoButton,Move,398,596
135.04,135.04,NoButton,Move,398,598
135.057,135.057,NoButton,Move,401,602
135.074,135.074,NoButton,Move,403,606
135.091,135.091,NoButton,Move,405,609
135.107,135.107,NoButton,Move,406,611
135.124,135.124,NoButton,Move,406,612
135.141,135.141,NoButton,Move,406,612
135.157,135.157,NoButton,Move,406,613
135.174,135.174,NoButton,Move,406,615
135.191,135.191,NoButton,Move,406,618
135.207,135.207,NoButton,Move,406,621
135.224,135.224,NoButton,Move,406,626
135.253,135.253,Left,Pressed,406,626
135.257,135.257,NoButton,Move,406,626
135.386,135.386,Left,Released,406,626
135.643,135.643,NoButton,Move,406,626
135.657,135.657,NoButton,Move,406,623
135.674,135.674,NoButton,Move,406,613
135.691,135.691,NoButton,Move,411,579
135.707,135.707,NoButton,Move,416,558
135.724,135.724,NoButton,Move,420,544
135.741,135.741,NoButton,Move,424,532
135.757,135.757,NoButton,Move,425,525
135.775,135.775,NoButton,Move,426,520
135.79,135.79,NoButton,Move,426,518
135.807,135.807,NoButton,Move,423,516
135.824,135.824,NoButton,Move,421,514
135.841,135.841,NoButton,Move,420,513
135.857,135.857,NoButton,Move,420,512
135.874,135.874,NoButton,Move,421,511
135.891,135.891,NoButton,Move,429,508
135.907,135.907,NoButton,Move,444,503
135.924,135.924,NoButton,Move,471,500
135.941,135.941,NoButton,Move,520,499
135.958,135.958,NoButton,Move,552,499
135.974,135.974,NoButton,Move,580,503
135.99,135.99,NoButton,Move,606,506
136.007,136.007,NoButton,Move,618,507
136.024,136.024,NoButton,Move,626,507
136.04,136.04,NoButton,Move,630,507
136.057,136.057,NoButton,Move,632,507
136.074,136.074,NoButton,Move,632,507
136.087,136.087,Left,Pressed,632,507
136.107,136.107,NoButton,Move,632,507
136.17,136.17,Left,Released,632,507
136.192,136.192,NoButton,Move,632,507
136.411,136.411,NoButton,Move,631,507
136.424,136.424,NoButton,Move,630,507
136.44,136.44,NoButton,Move,629,506
136.457,136.457,NoButton,Move,626,503
136.474,136.474,NoButton,Move,618,495
136.491,136.491,NoButton,Move,602,480
136.508,136.508,NoButton,Move,588,468
136.524,136.524,NoButton,Move,577,460
136.541,136.541,NoButton,Move,566,455
136.558,136.558,NoButton,Move,560,453
136.574,136.574,NoButton,Move,556,453
136.59,136.59,NoButton,Move,551,455
136.607,136.607,NoButton,Move,549,457
136.624,136.624,NoButton,Move,548,457
136.64,136.64,NoButton,Move,547,458
136.67,136.67,Left,Pressed,547,458
136.674,136.674,NoButton,Move,547,458
136.77,136.77,Left,Released,547,458
137.018,137.018,NoButton,Move,547,458
137.041,137.041,NoButton,Move,543,457
137.057,137.057,NoButton,Move,536,453
137.074,137.074,NoButton,Move,521,446
137.09,137.09,NoButton,Move,508,441
137.107,137.107,NoButton,Move,498,439
137.124,137.124,NoButton,Move,492,439
137.14,137.14,NoButton,Move,484,439
137.158,137.158,NoButton,Move,478,438
137.174,137.174,NoButton,Move,473,435
137.192,137.192,NoButton,Move,468,431
137.207,137.207,NoButton,Move,463,427
137.224,137.224,NoButton,Move,457,423
137.241,137.241,NoButton,Move,451,417
137.257,137.257,NoButton,Move,444,411
137.274,137.274,NoButton,Move,440,405
137.292,137.292,NoButton,Move,437,402
137.307,137.307,NoButton,Move,435,400
137.324,137.324,NoButton,Move,435,400
137.341,137.341,NoButton,Move,435,405
137.357,137.357,NoButton,Move,434,412
137.374,137.374,NoButton,Move,432,421
137.391,137.391,NoButton,Move,429,431
137.407,137.407,NoButton,Move,426,436
137.424,137.424,NoButton,Move,423,443
137.441,137.441,NoButton,Move,420,446
137.457,137.457,NoButton,Move,418,447
137.474,137.474,NoButton,Move,416,448
137.491,137.491,NoButton,Move,415,445
137.507,137.507,NoButton,Move,412,434
137.524,137.524,NoButton,Move,409,417
137.54,137.54,NoButton,Move,405,391
137.558,137.558,NoButton,Move,404,374
137.574,137.574,NoButton,Move,403,361
137.59,137.59,NoButton,Move,403,351
137.607,137.607,NoButton,Move,403,343
137.624,137.624,NoButton,Move,403,337
137.64,137.64,NoButton,Move,403,329
137.657,137.657,NoButton,Move,403,320
137.675,137.675,NoButton,Move,403,313
137.691,137.691,NoButton,Move,403,307
137.708,137.708,NoButton,Move,403,304
137.724,137.724,NoButton,Move,403,303
137.754,137.754,Left,Pressed,403,303
137.756,137.756,Left,Released,403,303
137.774,137.774,NoButton,Move,403,303
139.22,139.22,NoButton,Move,408,474
139.257,139.257,NoButton,Move,408,460
139.274,139.274,NoButton,Move,408,442
139.286,139.286,Left,Pressed,408,420
139.291,139.291,Left,Released,408,420
147.158,147.158,NoButton,Move,407,489
147.174,147.174,NoButton,Move,407,489
147.705,147.705,Left,Pressed,407,489
147.853,147.853,Left,Released,407,489
150.441,150.441,NoButton,Move,407,513
150.457,150.457,NoButton,Move,410,523
150.474,150.474,NoButton,Move,414,529
150.491,150.491,NoButton,Move,417,534
150.507,150.507,NoButton,Move,422,540
150.524,150.524,NoButton,Move,427,547
150.542,150.542,NoButton,Move,431,553
150.557,150.557,NoButton,Move,434,558
150.574,150.574,NoButton,Move,438,563
150.591,150.591,NoButton,Move,441,567
150.608,150.608,NoButton,Move,446,573
150.624,150.624,NoButton,Move,450,578
150.641,150.641,NoButton,Move,455,585
150.657,150.657,NoButton,Move,460,593
150.674,150.674,NoButton,Move,465,602
150.691,150.691,NoButton,Move,470,610
150.709,150.709,NoButton,Move,473,618
150.724,150.724,NoButton,Move,474,623
150.74,150.74,NoButton,Move,475,626
150.757,150.757,NoButton,Move,476,629
150.774,150.774,NoButton,Move,476,629
150.791,150.791,NoButton,Move,476,630
150.808,150.808,NoButton,Move,476,630
150.941,150.941,NoButton,Move,475,630
150.99,150.99,NoButton,Move,475,630
151.007,151.007,NoButton,Move,475,630
151.024,151.024,NoButton,Move,475,630
151.074,151.074,NoButton,Move,475,629
151.091,151.091,NoButton,Move,475,628
151.108,151.108,NoButton,Move,474,625
151.124,151.124,NoButton,Move,472,620
151.141,151.141,NoButton,Move,469,613
151.158,151.158,NoButton,Move,466,606
151.174,151.174,NoButton,Move,463,600
151.191,151.191,NoButton,Move,459,594
151.208,151.208,NoButton,Move,455,589
151.224,151.224,NoButton,Move,452,584
151.241,151.241,NoButton,Move,448,581
151.257,151.257,NoButton,Move,444,581
151.274,151.274,NoButton,Move,440,581
151.29,151.29,NoButton,Move,437,584
151.308,151.308,NoButton,Move,433,590
151.324,151.324,NoButton,Move,431,593
151.341,151.341,NoButton,Move,429,598
151.357,151.357,NoButton,Move,427,601
151.374,151.374,NoButton,Move,426,604
151.391,151.391,NoButton,Move,426,605
151.407,151.407,NoButton,Move,426,606
151.424,151.424,NoButton,Move,425,606
151.441,151.441,NoButton,Move,425,603
151.458,151.458,NoButton,Move,425,596
151.474,151.474,NoButton,Move,425,585
151.491,151.491,NoButton,Move,425,573
151.507,151.507,NoButton,Move,425,567
151.524,151.524,NoButton,Move,425,562
151.54,151.54,NoButton,Move,425,560
151.571,151.571,Left,Pressed,425,560
151.591,151.591,NoButton,Move,425,560
151.657,151.657,Left,Released,425,560
151.674,151.674,NoButton,Move,425,559
153.652,153.652,NoButton,Move,425,566
153.657,153.657,NoButton,Move,422,586
153.741,153.741,NoButton,Move,405,669
153.757,153.757,NoButton,Move,402,676
153.774,153.774,NoButton,Move,397,683
153.791,153.791,NoButton,Move,394,686
153.807,153.807,NoButton,Move,390,689
153.824,153.824,NoButton,Move,387,691
153.841,153.841,NoButton,Move,383,693
153.858,153.858,NoButton,Move,379,694
153.874,153.874,NoButton,Move,375,694
153.891,153.891,NoButton,Move,370,694
153.907,153.907,NoButton,Move,362,685
153.924,153.924,NoButton,Move,354,672
153.941,153.941,NoButton,Move,347,658
153.958,153.958,NoButton,Move,342,649
153.974,153.974,NoButton,Move,339,640
153.991,153.991,NoButton,Move,337,636
154.007,154.007,NoButton,Move,336,635
154.024,154.024,NoButton,Move,336,634
154.037,154.037,Left,Pressed,336,634
154.16,154.16,Left,Released,336,634
155.787,155.787,NoButton,Move,336,635
155.806,155.806,NoButton,Move,336,636
155.824,155.824,NoButton,Move,337,638
155.841,155.841,NoButton,Move,338,639
155.858,155.858,NoButton,Move,340,642
155.874,155.874,NoButton,Move,341,644
155.892,155.892,NoButton,Move,342,645
155.907,155.907,NoButton,Move,343,645
156.049,156.049,NoButton,Move,342,644
156.057,156.057,NoButton,Move,342,643
156.074,156.074,NoButton,Move,341,632
156.091,156.091,NoButton,Move,341,616
156.108,156.108,NoButton,Move,344,592
156.124,156.124,NoButton,Move,363,553
156.141,156.141,NoButton,Move,387,521
156.156,156.156,NoButton,Move,411,500
156.174,156.174,NoButton,Move,427,487
156.19,156.19,NoButton,Move,467,463
156.208,156.208,NoButton,Move,475,461
156.223,156.223,NoButton,Move,490,458
156.36,156.36,NoButton,Move,491,458
156.374,156.374,NoButton,Move,495,458
156.391,156.391,NoButton,Move,507,459
156.408,156.408,NoButton,Move,531,460
156.424,156.424,NoButton,Move,561,462
156.441,156.441,NoButton,Move,582,465
156.458,156.458,NoButton,Move,603,469
156.474,156.474,NoButton,Move,612,474
156.491,156.491,NoButton,Move,620,477
156.508,156.508,NoButton,Move,623,479
156.524,156.524,NoButton,Move,624,481
156.541,156.541,NoButton,Move,624,481
156.553,156.553,Left,Pressed,624,481
156.574,156.574,NoButton,Move,624,482
156.654,156.654,Left,Released,624,482
156.691,156.691,NoButton,Move,624,482
156.999,156.999,NoButton,Move,623,482
157.024,157.024,NoButton,Move,607,488
157.041,157.041,NoButton,Move,576,494
157.058,157.058,NoButton,Move,506,497
157.074,157.074,NoButton,Move,416,497
157.091,157.091,NoButton,Move,305,484
157.107,157.107,NoButton,Move,223,471
157.124,157.124,NoButton,Move,163,459
157.14,157.14,NoButton,Move,121,450
157.158,157.158,NoButton,Move,98,446
157.174,157.174,NoButton,Move,80,443
157.19,157.19,NoButton,Move,74,442
157.208,157.208,NoButton,Move,72,442
157.223,157.223,NoButton,Move,71,442
157.244,157.244,NoButton,Move,71,442
157.291,157.291,NoButton,Move,70,441
157.307,157.307,NoButton,Move,70,439
157.324,157.324,NoButton,Move,70,434
157.341,157.341,NoButton,Move,70,421
157.357,157.357,NoButton,Move,70,419
157.374,157.374,NoButton,Move,71,410
157.391,157.391,NoButton,Move,71,408
157.407,157.407,NoButton,Move,72,407
157.424,157.424,NoButton,Move,73,406
157.441,157.441,NoButton,Move,73,406
157.453,157.453,Left,Pressed,73,406
157.474,157.474,NoButton,Move,73,406
157.554,157.554,Left,Released,73,406
157.741,157.741,NoButton,Move,75,406
157.758,157.758,NoButton,Move,85,408
157.774,157.774,NoButton,Move,110,421
157.791,157.791,NoButton,Move,144,444
157.808,157.808,NoButton,Move,204,496
157.825,157.825,NoButton,Move,268,562
157.841,157.841,NoButton,Move,294,591
157.857,157.857,NoButton,Move,338,655
157.874,157.874,NoButton,Move,382,753
157.891,157.891,NoButton,Move,392,797
157.907,157.907,NoButton,Move,393,824
157.924,157.924,NoButton,Move,394,840
157.941,157.941,NoButton,Move,393,851
157.957,157.957,NoButton,Move,390,856
157.974,157.974,NoButton,Move,387,856
157.991,157.991,NoButton,Move,381,849
158.008,158.008,NoButton,Move,376,840
158.024,158.024,NoButton,Move,371,831
158.041,158.041,NoButton,Move,367,824
158.057,158.057,NoButton,Move,364,819
158.074,158.074,NoButton,Move,362,813
158.091,158.091,NoButton,Move,361,808
158.108,158.108,NoButton,Move,360,802
158.124,158.124,NoButton,Move,359,797
158.141,158.141,NoButton,Move,359,792
158.158,158.158,NoButton,Move,359,790
158.175,158.175,NoButton,Move,359,787
158.191,158.191,NoButton,Move,359,785
158.208,158.208,NoButton,Move,359,783
158.224,158.224,NoButton,Move,360,780
158.241,158.241,NoButton,Move,360,778
158.258,158.258,NoButton,Move,361,776
158.274,158.274,NoButton,Move,362,775
158.291,158.291,NoButton,Move,362,774
158.307,158.307,NoButton,Move,363,774
158.321,158.321,Left,Pressed,363,774
158.455,158.455,Left,Released,363,774
158.546,158.546,NoButton,Move,363,773
158.558,158.558,NoButton,Move,363,772
158.574,158.574,NoButton,Move,363,769
158.591,158.591,NoButton,Move,363,763
158.607,158.607,NoButton,Move,363,757
158.624,158.624,NoButton,Move,363,752
158.641,158.641,NoButton,Move,363,749
158.657,158.657,NoButton,Move,363,748
158.674,158.674,NoButton,Move,363,747
158.687,158.687,Left,Pressed,363,747
158.863,158.863,Left,Released,363,747
161.169,161.169,NoButton,Move,363,749
161.174,161.174,NoButton,Move,363,751
161.191,161.191,NoButton,Move,365,757
161.207,161.207,NoButton,Move,369,762
161.225,161.225,NoButton,Move,373,770
161.241,161.241,NoButton,Move,383,786
161.257,161.257,NoButton,Move,390,796
161.275,161.275,NoButton,Move,402,815
161.291,161.291,NoButton,Move,413,833
161.308,161.308,NoButton,Move,424,852
161.324,161.324,NoButton,Move,438,873
161.341,161.341,NoButton,Move,451,894
161.357,161.357,NoButton,Move,465,899
161.374,161.374,NoButton,Move,476,899
161.391,161.391,NoButton,Move,481,899
161.407,161.407,NoButton,Move,486,899
161.424,161.424,NoButton,Move,488,899
161.441,161.441,NoButton,Move,489,899
161.458,161.458,NoButton,Move,489,899
161.474,161.474,NoButton,Move,488,899
161.491,161.491,NoButton,Move,481,899
161.507,161.507,NoButton,Move,475,895
161.524,161.524,NoButton,Move,470,891
161.541,161.541,NoButton,Move,463,885
161.558,161.558,NoButton,Move,459,882
161.574,161.574,NoButton,Move,453,878
161.591,161.591,NoButton,Move,450,877
161.607,161.607,NoButton,Move,446,875
161.624,161.624,NoButton,Move,443,874
161.641,161.641,NoButton,Move,440,874
161.658,161.658,NoButton,Move,439,874
161.674,161.674,NoButton,Move,437,874
161.691,161.691,NoButton,Move,436,875
161.708,161.708,NoButton,Move,435,876
161.724,161.724,NoButton,Move,435,877
161.741,161.741,NoButton,Move,434,878
161.758,161.758,NoButton,Move,434,879
161.774,161.774,NoButton,Move,433,879
161.791,161.791,NoButton,Move,433,880
161.808,161.808,NoButton,Move,433,880
161.838,161.838,Left,Pressed,433,880
162.105,162.105,Left,Released,433,880
162.427,162.427,NoButton,Move,433,880
162.445,162.445,NoButton,Move,430,873
162.457,162.457,NoButton,Move,408,836
162.474,162.474,NoButton,Move,366,770
162.491,162.491,NoButton,Move,299,647
162.507,162.507,NoButton,Move,208,451
162.524,162.524,NoButton,Move,177,333
162.541,162.541,NoButton,Move,161,300
162.557,162.557,NoButton,Move,155,288
162.574,162.574,NoButton,Move,150,277
162.802,162.802,NoButton,Move,149,277
162.809,162.809,NoButton,Move,147,276
162.824,162.824,NoButton,Move,144,272
162.841,162.841,NoButton,Move,134,263
162.857,162.857,NoButton,Move,125,254
162.874,162.874,NoButton,Move,116,247
162.891,162.891,NoButton,Move,106,239
162.907,162.907,NoButton,Move,103,236
162.924,162.924,NoButton,Move,102,236
162.941,162.941,NoButton,Move,102,235
162.957,162.957,NoButton,Move,102,235
163.024,163.024,NoButton,Move,102,235
163.056,163.056,NoButton,Move,102,235
163.073,163.073,NoButton,Move,102,235
163.108,163.108,NoButton,Move,102,234
163.138,163.138,NoButton,Move,102,234
163.153,163.153,NoButton,Move,101,234
163.191,163.191,NoButton,Move,101,234
163.244,163.244,NoButton,Move,101,234
165.973,165.973,Left,Pressed,101,234
166.138,166.138,Left,Released,101,234
166.38,166.38,NoButton,Move,102,234
166.391,166.391,NoButton,Move,107,234
166.408,166.408,NoButton,Move,132,234
166.424,166.424,NoButton,Move,166,234
166.441,166.441,NoButton,Move,247,236
166.458,166.458,NoButton,Move,339,250
166.474,166.474,NoButton,Move,459,279
166.491,166.491,NoButton,Move,593,316
166.508,166.508,NoButton,Move,681,343
166.524,166.524,NoButton,Move,745,363
166.541,166.541,NoButton,Move,764,370
166.558,166.558,NoButton,Move,789,380
166.574,166.574,NoButton,Move,798,383
166.591,166.591,NoButton,Move,780,377
166.608,166.608,NoButton,Move,739,358
166.904,166.904,NoButton,Move,739,358
166.924,166.924,NoButton,Move,739,361
166.941,166.941,NoButton,Move,739,363
166.958,166.958,NoButton,Move,738,365
166.974,166.974,NoButton,Move,734,369
166.991,166.991,NoButton,Move,729,370
167.008,167.008,NoButton,Move,722,372
167.024,167.024,NoButton,Move,713,374
167.041,167.041,NoButton,Move,706,375
167.058,167.058,NoButton,Move,700,376
167.074,167.074,NoButton,Move,695,377
167.091,167.091,NoButton,Move,690,378
167.108,167.108,NoButton,Move,687,378
167.124,167.124,NoButton,Move,686,378
167.141,167.141,NoButton,Move,685,379
167.158,167.158,NoButton,Move,684,379
167.174,167.174,NoButton,Move,683,379
167.192,167.192,NoButton,Move,682,379
167.208,167.208,NoButton,Move,682,379
167.258,167.258,NoButton,Move,681,379
167.281,167.281,NoButton,Move,681,379
167.297,167.297,NoButton,Move,681,380
167.308,167.308,NoButton,Move,681,380
167.324,167.324,NoButton,Move,681,380
167.341,167.341,NoButton,Move,681,381
167.358,167.358,NoButton,Move,681,381
167.381,167.381,NoButton,Move,681,382
167.391,167.391,NoButton,Move,680,382
167.407,167.407,NoButton,Move,680,383
167.424,167.424,NoButton,Move,680,384
167.441,167.441,NoButton,Move,680,386
167.458,167.458,NoButton,Move,679,388
167.475,167.475,NoButton,Move,678,391
167.491,167.491,NoButton,Move,677,395
167.509,167.509,NoButton,Move,676,400
167.524,167.524,NoButton,Move,676,403
167.541,167.541,NoButton,Move,673,413
167.557,167.557,NoButton,Move,672,417
167.574,167.574,NoButton,Move,671,420
167.591,167.591,NoButton,Move,669,422
167.607,167.607,NoButton,Move,668,424
167.624,167.624,NoButton,Move,668,425
167.641,167.641,NoButton,Move,667,425
167.657,167.657,NoButton,Move,667,426
167.674,167.674,NoButton,Move,666,426
167.691,167.691,NoButton,Move,666,426
167.738,167.738,Left,Pressed,666,426
167.757,167.757,NoButton,Move,666,426
168.238,168.238,Left,Released,666,426
168.722,168.722,NoButton,Move,666,427
168.741,168.741,NoButton,Move,666,431
168.759,168.759,NoButton,Move,668,442
168.775,168.775,NoButton,Move,669,446
168.792,168.792,NoButton,Move,671,459
168.807,168.807,NoButton,Move,673,470
168.824,168.824,NoButton,Move,673,477
168.841,168.841,NoButton,Move,673,482
168.857,168.857,NoButton,Move,673,486
168.874,168.874,NoButton,Move,673,488
168.891,168.891,NoButton,Move,673,489
168.908,168.908,NoButton,Move,673,489
168.924,168.924,NoButton,Move,673,490
172.32,172.32,NoButton,Move,673,492
172.325,172.325,NoButton,Move,674,496
172.341,172.341,NoButton,Move,686,511
172.357,172.357,NoButton,Move,695,522
172.374,172.374,NoButton,Move,705,533
172.391,172.391,NoButton,Move,749,577
172.408,172.408,NoButton,Move,774,600
172.425,172.425,NoButton,Move,802,627
172.441,172.441,NoButton,Move,817,643
172.458,172.458,NoButton,Move,829,658
172.474,172.474,NoButton,Move,836,670
172.491,172.491,NoButton,Move,838,679
172.507,172.507,NoButton,Move,838,689
172.524,172.524,NoButton,Move,838,696
172.541,172.541,NoButton,Move,836,700
172.558,172.558,NoButton,Move,833,705
172.575,172.575,NoButton,Move,828,708
172.591,172.591,NoButton,Move,824,709
172.608,172.608,NoButton,Move,816,709
172.624,172.624,NoButton,Move,807,702
172.641,172.641,NoButton,Move,798,694
172.658,172.658,NoButton,Move,787,684
172.674,172.674,NoButton,Move,772,670
172.692,172.692,NoButton,Move,760,657
172.707,172.707,NoButton,Move,751,647
172.724,172.724,NoButton,Move,740,636
172.74,172.74,NoButton,Move,731,627
172.758,172.758,NoButton,Move,723,619
172.775,172.775,NoButton,Move,717,613
172.791,172.791,NoButton,Move,714,609
172.808,172.808,NoButton,Move,709,606
172.825,172.825,NoButton,Move,705,602
172.841,172.841,NoButton,Move,701,600
172.858,172.858,NoButton,Move,698,599
172.875,172.875,NoButton,Move,693,597
172.891,172.891,NoButton,Move,690,596
172.908,172.908,NoButton,Move,686,594
172.924,172.924,NoButton,Move,683,592
172.942,172.942,NoButton,Move,681,589
172.958,172.958,NoButton,Move,679,588
172.974,172.974,NoButton,Move,679,588
173.006,173.006,Left,Pressed,679,588
173.024,173.024,NoButton,Move,678,588
173.122,173.122,Left,Released,678,588
173.157,173.157,NoButton,Move,680,588
175.673,175.673,NoButton,Move,680,589
175.687,175.687,NoButton,Move,683,594
175.747,175.747,NoButton,Move,816,656
175.758,175.758,NoButton,Move,825,657
175.774,175.774,NoButton,Move,846,663
175.791,175.791,NoButton,Move,859,665
175.808,175.808,NoButton,Move,865,666
175.824,175.824,NoButton,Move,868,666
175.841,175.841,NoButton,Move,868,666
175.857,175.857,NoButton,Move,869,664
175.874,175.874,NoButton,Move,869,662
175.891,175.891,NoButton,Move,869,660
175.909,175.909,NoButton,Move,869,657
175.924,175.924,NoButton,Move,869,653
175.941,175.941,NoButton,Move,869,652
175.957,175.957,NoButton,Move,869,651
175.974,175.974,NoButton,Move,869,651
175.991,175.991,NoButton,Move,869,650
176.008,176.008,NoButton,Move,867,648
176.024,176.024,NoButton,Move,865,645
176.041,176.041,NoButton,Move,862,642
176.058,176.058,NoButton,Move,861,641
176.074,176.074,NoButton,Move,861,640
176.088,176.088,Left,Pressed,861,640
176.188,176.188,NoButton,Move,861,640
176.188,176.188,Left,Released,861,640
180.463,180.463,NoButton,Move,860,640
180.474,180.474,NoButton,Move,858,640
180.491,180.491,NoButton,Move,856,640
180.509,180.509,NoButton,Move,852,639
180.524,180.524,NoButton,Move,842,635
180.542,180.542,NoButton,Move,817,625
180.558,180.558,NoButton,Move,751,597
180.575,180.575,NoButton,Move,651,552
180.59,180.59,NoButton,Move,525,493
180.608,180.608,NoButton,Move,408,436
180.625,180.625,NoButton,Move,347,403
180.64,180.64,NoButton,Move,335,396
180.657,180.657,NoButton,Move,292,376
180.873,180.873,NoButton,Move,292,376
180.88,180.88,NoButton,Move,288,376
180.891,180.891,NoButton,Move,283,377
180.908,180.908,NoButton,Move,267,378
180.924,180.924,NoButton,Move,239,378
180.942,180.942,NoButton,Move,189,369
180.958,180.958,NoButton,Move,152,357
180.974,180.974,NoButton,Move,122,349
180.991,180.991,NoButton,Move,96,345
181.008,181.008,NoButton,Move,86,345
181.024,181.024,NoButton,Move,78,345
181.041,181.041,NoButton,Move,73,347
181.058,181.058,NoButton,Move,71,349
181.074,181.074,NoButton,Move,70,350
181.091,181.091,NoButton,Move,68,351
181.108,181.108,NoButton,Move,68,353
181.125,181.125,NoButton,Move,68,356
181.141,181.141,NoButton,Move,68,359
181.158,181.158,NoButton,Move,68,361
181.175,181.175,NoButton,Move,68,363
181.191,181.191,NoButton,Move,68,364
181.208,181.208,NoButton,Move,68,364
181.221,181.221,Left,Pressed,68,364
181.241,181.241,NoButton,Move,68,364
181.321,181.321,Left,Released,68,364
181.541,181.541,NoButton,Move,69,364
181.558,181.558,NoButton,Move,75,361
181.575,181.575,NoButton,Move,87,358
181.591,181.591,NoButton,Move,111,355
181.608,181.608,NoButton,Move,157,352
181.625,181.625,NoButton,Move,202,352
181.641,181.641,NoButton,Move,256,356
181.658,181.658,NoButton,Move,314,368
181.675,181.675,NoButton,Move,376,385
181.691,181.691,NoButton,Move,413,401
181.708,181.708,NoButton,Move,454,423
181.725,181.725,NoButton,Move,465,430
181.742,181.742,NoButton,Move,474,437
181.758,181.758,NoButton,Move,477,440
181.774,181.774,NoButton,Move,477,442
181.791,181.791,NoButton,Move,477,444
181.808,181.808,NoButton,Move,476,446
181.825,181.825,NoButton,Move,474,448
181.841,181.841,NoButton,Move,472,451
181.857,181.857,NoButton,Move,471,452
181.875,181.875,NoButton,Move,471,453
181.907,181.907,Left,Pressed,471,453
181.924,181.924,NoButton,Move,471,453
182.004,182.004,Left,Released,471,453
182.249,182.249,NoButton,Move,471,453
182.275,182.275,NoButton,Move,468,446
182.291,182.291,NoButton,Move,463,438
182.308,182.308,NoButton,Move,455,421
182.325,182.325,NoButton,Move,447,406
182.341,182.341,NoButton,Move,437,389
182.358,182.358,NoButton,Move,432,381
182.375,182.375,NoButton,Move,429,375
182.391,182.391,NoButton,Move,427,371
182.408,182.408,NoButton,Move,426,370
182.425,182.425,NoButton,Move,425,368
182.441,182.441,NoButton,Move,423,367
182.458,182.458,NoButton,Move,422,365
182.475,182.475,NoButton,Move,420,364
182.491,182.491,NoButton,Move,419,361
182.509,182.509,NoButton,Move,417,359
182.524,182.524,NoButton,Move,416,356
182.541,182.541,NoButton,Move,415,354
182.558,182.558,NoButton,Move,415,353
182.574,182.574,NoButton,Move,414,352
182.591,182.591,NoButton,Move,414,351
182.608,182.608,NoButton,Move,414,349
182.624,182.624,NoButton,Move,413,347
182.641,182.641,NoButton,Move,413,345
182.658,182.658,NoButton,Move,412,343
182.674,182.674,NoButton,Move,412,343
182.691,182.691,NoButton,Move,412,342
182.708,182.708,NoButton,Move,412,342
182.886,182.886,NoButton,Move,411,342
182.894,182.894,NoButton,Move,411,342
182.908,182.908,NoButton,Move,410,342
182.924,182.924,NoButton,Move,409,342
182.941,182.941,NoButton,Move,407,341
182.957,182.957,NoButton,Move,406,340
182.974,182.974,NoButton,Move,405,338
182.991,182.991,NoButton,Move,404,338
183.007,183.007,NoButton,Move,404,337
183.02,183.02,Left,Pressed,404,337
183.026,183.026,Left,Released,404,337
184.764,184.764,NoButton,Move,446,414
184.773,184.773,NoButton,Move,446,415
185.021,185.021,Left,Pressed,446,415
185.024,185.024,Left,Released,446,415
189.842,189.842,NoButton,Move,417,497
189.858,189.858,NoButton,Move,418,494
189.875,189.875,NoButton,Move,419,491
189.89,189.89,NoButton,Move,420,489
189.908,189.908,NoButton,Move,420,486
189.924,189.924,NoButton,Move,421,483
189.941,189.941,NoButton,Move,422,480
189.958,189.958,NoButton,Move,423,476
189.974,189.974,NoButton,Move,423,475
189.991,189.991,NoButton,Move,424,475
190.016,190.016,NoButton,Move,424,475
190.024,190.024,NoButton,Move,424,477
190.041,190.041,NoButton,Move,424,483
190.058,190.058,NoButton,Move,423,489
190.075,190.075,NoButton,Move,422,494
190.091,190.091,NoButton,Move,421,497
190.108,190.108,NoButton,Move,421,498
190.121,190.121,Left,Pressed,421,498
190.158,190.158,NoButton,Move,421,498
190.227,190.227,Left,Released,421,498
191.748,191.748,NoButton,Move,421,503
191.758,191.758,NoButton,Move,421,516
191.774,191.774,NoButton,Move,421,525
191.791,191.791,NoButton,Move,421,532
191.808,191.808,NoButton,Move,422,536
191.824,191.824,NoButton,Move,424,543
191.841,191.841,NoButton,Move,425,548
191.858,191.858,NoButton,Move,426,552
191.875,191.875,NoButton,Move,427,555
191.891,191.891,NoButton,Move,428,556
191.908,191.908,NoButton,Move,428,556
191.958,191.958,NoButton,Move,428,557
192.014,192.014,NoButton,Move,428,557
192.025,192.025,NoButton,Move,428,557
192.041,192.041,NoButton,Move,428,558
192.058,192.058,NoButton,Move,428,560
192.075,192.075,NoButton,Move,428,561
192.091,192.091,NoButton,Move,428,562
192.108,192.108,NoButton,Move,428,562
192.126,192.126,NoButton,Move,428,563
192.205,192.205,Left,Pressed,428,563
192.337,192.337,Left,Released,428,563
198.008,198.008,NoButton,Move,435,563
198.024,198.024,NoButton,Move,451,563
198.041,198.041,NoButton,Move,498,563
198.058,198.058,NoButton,Move,546,565
198.075,198.075,NoButton,Move,575,574
198.091,198.091,NoButton,Move,671,615
198.109,198.109,NoButton,Move,716,636
198.329,198.329,NoButton,Move,716,636
198.342,198.342,NoButton,Move,715,636
198.358,198.358,NoButton,Move,713,636
198.375,198.375,NoButton,Move,712,636
198.391,198.391,NoButton,Move,711,636
198.405,198.405,Left,Pressed,711,636
198.441,198.441,NoButton,Move,711,636
198.537,198.537,Left,Released,711,636
198.846,198.846,NoButton,Move,711,635
198.858,198.858,NoButton,Move,710,633
198.875,198.875,NoButton,Move,706,625
198.891,198.891,NoButton,Move,702,614
198.908,198.908,NoButton,Move,692,590
198.925,198.925,NoButton,Move,682,561
198.941,198.941,NoButton,Move,677,545
198.958,198.958,NoButton,Move,674,535
198.975,198.975,NoButton,Move,673,527
198.991,198.991,NoButton,Move,672,523
199.008,199.008,NoButton,Move,672,522
199.026,199.026,NoButton,Move,672,521
199.041,199.041,NoButton,Move,672,521
199.058,199.058,NoButton,Move,672,521
199.089,199.089,Left,Pressed,672,521
199.108,199.108,NoButton,Move,672,520
199.205,199.205,Left,Released,672,520
199.55,199.55,NoButton,Move,671,520
199.575,199.575,NoButton,Move,659,511
199.591,199.591,NoButton,Move,647,503
199.608,199.608,NoButton,Move,632,493
199.624,199.624,NoButton,Move,621,485
199.641,199.641,NoButton,Move,613,479
199.658,199.658,NoButton,Move,606,474
199.674,199.674,NoButton,Move,603,472
199.691,199.691,NoButton,Move,602,471
199.708,199.708,NoButton,Move,602,470
199.721,199.721,Left,Pressed,602,470
199.971,199.971,Left,Released,602,470
200.623,200.623,NoButton,Move,602,470
200.641,200.641,NoButton,Move,602,469
200.658,200.658,NoButton,Move,602,469
200.675,200.675,NoButton,Move,601,468
200.692,200.692,NoButton,Move,601,467
200.708,200.708,NoButton,Move,601,466
200.725,200.725,NoButton,Move,601,466
200.741,200.741,NoButton,Move,601,466
200.758,200.758,NoButton,Move,600,465
201.319,201.319,NoButton,Move,600,465
201.341,201.341,NoButton,Move,600,465
201.358,201.358,NoButton,Move,600,464
201.375,201.375,NoButton,Move,600,464
201.391,201.391,NoButton,Move,599,463
201.408,201.408,NoButton,Move,598,463
201.425,201.425,NoButton,Move,598,463
201.442,201.442,NoButton,Move,598,463
201.465,201.465,NoButton,Move,598,463
202.27,202.27,NoButton,Move,596,463
202.291,202.291,NoButton,Move,571,461
202.309,202.309,NoButton,Move,453,419
202.325,202.325,NoButton,Move,348,368
202.341,202.341,NoButton,Move,296,339
202.361,202.361,NoButton,Move,227,303
202.374,202.374,NoButton,Move,218,299
202.39,202.39,NoButton,Move,181,284
202.562,202.562,NoButton,Move,179,284
202.575,202.575,NoButton,Move,175,283
202.592,202.592,NoButton,Move,167,282
202.608,202.608,NoButton,Move,159,280
202.626,202.626,NoButton,Move,151,278
202.642,202.642,NoButton,Move,140,273
202.658,202.658,NoButton,Move,126,267
202.676,202.676,NoButton,Move,115,260
202.69,202.69,NoButton,Move,110,257
202.708,202.708,NoButton,Move,106,254
202.725,202.725,NoButton,Move,104,253
202.741,202.741,NoButton,Move,104,253
202.758,202.758,NoButton,Move,104,252
202.791,202.791,NoButton,Move,104,252
202.808,202.808,NoButton,Move,104,251
202.825,202.825,NoButton,Move,104,248
202.841,202.841,NoButton,Move,103,245
202.858,202.858,NoButton,Move,103,243
202.875,202.875,NoButton,Move,103,242
202.892,202.892,NoButton,Move,103,241
202.908,202.908,NoButton,Move,103,241
202.938,202.938,Left,Pressed,103,241
203.054,203.054,Left,Released,103,241
203.469,203.469,NoButton,Move,104,241
203.491,203.491,NoButton,Move,115,244
203.508,203.508,NoButton,Move,133,248
203.525,203.525,NoButton,Move,174,256
203.542,203.542,NoButton,Move,247,271
203.558,203.558,NoButton,Move,325,287
203.575,203.575,NoButton,Move,421,309
203.591,203.591,NoButton,Move,546,333
203.608,203.608,NoButton,Move,629,350
203.625,203.625,NoButton,Move,665,355
203.641,203.641,NoButton,Move,684,360
203.961,203.961,NoButton,Move,685,360
203.975,203.975,NoButton,Move,686,360
203.991,203.991,NoButton,Move,689,360
204.008,204.008,NoButton,Move,693,361
204.025,204.025,NoButton,Move,698,364
204.041,204.041,NoButton,Move,703,366
204.058,204.058,NoButton,Move,707,369
204.075,204.075,NoButton,Move,711,372
204.091,204.091,NoButton,Move,716,376
204.108,204.108,NoButton,Move,718,378
204.125,204.125,NoButton,Move,719,380
204.142,204.142,NoButton,Move,720,382
204.158,204.158,NoButton,Move,720,384
204.175,204.175,NoButton,Move,720,389
204.192,204.192,NoButton,Move,718,393
204.208,204.208,NoButton,Move,714,399
204.226,204.226,NoButton,Move,710,405
204.24,204.24,NoButton,Move,707,409
204.258,204.258,NoButton,Move,699,417
204.274,204.274,NoButton,Move,692,422
204.291,204.291,NoButton,Move,686,425
204.308,204.308,NoButton,Move,681,426
204.325,204.325,NoButton,Move,676,427
204.341,204.341,NoButton,Move,671,428
204.358,204.358,NoButton,Move,668,428
204.375,204.375,NoButton,Move,667,428
204.391,204.391,NoButton,Move,665,428
204.408,204.408,NoButton,Move,664,428
204.425,204.425,NoButton,Move,664,428
204.442,204.442,NoButton,Move,663,428
204.458,204.458,NoButton,Move,663,428
204.474,204.474,NoButton,Move,663,427
204.491,204.491,NoButton,Move,663,427
204.509,204.509,NoButton,Move,663,427
204.526,204.526,NoButton,Move,662,427
204.542,204.542,NoButton,Move,662,426
204.558,204.558,NoButton,Move,660,425
204.575,204.575,NoButton,Move,659,424
204.591,204.591,NoButton,Move,658,423
204.608,204.608,NoButton,Move,657,423
204.639,204.639,Left,Pressed,657,423
204.642,204.642,NoButton,Move,657,423
204.755,204.755,Left,Released,657,423
205.224,205.224,NoButton,Move,657,424
205.242,205.242,NoButton,Move,659,426
205.258,205.258,NoButton,Move,664,436
205.276,205.276,NoButton,Move,668,443
205.292,205.292,NoButton,Move,675,455
205.308,205.308,NoButton,Move,680,467
205.325,205.325,NoButton,Move,684,475
205.342,205.342,NoButton,Move,689,481
205.358,205.358,NoButton,Move,695,484
205.375,205.375,NoButton,Move,709,479
206.377,206.377,NoButton,Move,706,487
206.391,206.391,NoButton,Move,701,515
206.408,206.408,NoButton,Move,701,530
206.424,206.424,NoButton,Move,701,540
206.441,206.441,NoButton,Move,701,550
206.458,206.458,NoButton,Move,703,566
206.475,206.475,NoButton,Move,704,575
206.491,206.491,NoButton,Move,704,584
206.508,206.508,NoButton,Move,704,590
206.525,206.525,NoButton,Move,703,594
206.542,206.542,NoButton,Move,701,597
206.558,206.558,NoButton,Move,699,600
206.574,206.574,NoButton,Move,698,603
206.591,206.591,NoButton,Move,697,605
206.608,206.608,NoButton,Move,696,607
206.625,206.625,NoButton,Move,696,608
206.642,206.642,NoButton,Move,696,608
206.659,206.659,NoButton,Move,695,608
206.675,206.675,NoButton,Move,694,602
206.692,206.692,NoButton,Move,693,593
206.708,206.708,NoButton,Move,692,582
206.725,206.725,NoButton,Move,692,577
206.741,206.741,NoButton,Move,692,573
206.758,206.758,NoButton,Move,692,571
206.771,206.771,Left,Pressed,692,571
206.875,206.875,NoButton,Move,692,571
206.882,206.882,Left,Released,692,571
206.891,206.891,NoButton,Move,692,571
208.316,208.316,NoButton,Move,692,573
208.325,208.325,NoButton,Move,693,580
208.341,208.341,NoButton,Move,702,588
208.354,208.354,NoButton,Move,709,592
208.408,208.408,NoButton,Move,833,658
208.425,208.425,NoButton,Move,858,670
208.441,208.441,NoButton,Move,874,676
208.458,208.458,NoButton,Move,886,681
208.475,208.475,NoButton,Move,891,683
208.491,208.491,NoButton,Move,893,683
208.508,208.508,NoButton,Move,894,683
208.525,208.525,NoButton,Move,894,680
208.541,208.541,NoButton,Move,894,677
208.558,208.558,NoButton,Move,893,673
208.575,208.575,NoButton,Move,891,669
208.592,208.592,NoButton,Move,890,666
208.608,208.608,NoButton,Move,887,663
208.625,208.625,NoButton,Move,886,661
208.642,208.642,NoButton,Move,885,659
208.658,208.658,NoButton,Move,884,658
208.675,208.675,NoButton,Move,883,658
208.692,208.692,NoButton,Move,882,658
208.708,208.708,NoButton,Move,879,658
208.725,208.725,NoButton,Move,877,658
208.741,208.741,NoButton,Move,874,657
208.758,208.758,NoButton,Move,871,656
208.775,208.775,NoButton,Move,868,655
208.791,208.791,NoButton,Move,866,654
208.808,208.808,NoButton,Move,864,653
208.825,208.825,NoButton,Move,863,653
208.841,208.841,NoButton,Move,861,652
208.858,208.858,NoButton,Move,860,651
208.875,208.875,NoButton,Move,859,650
208.892,208.892,NoButton,Move,858,650
208.908,208.908,NoButton,Move,857,649
208.925,208.925,NoButton,Move,857,649
208.941,208.941,NoButton,Move,857,649
208.991,208.991,NoButton,Move,857,649
209.007,209.007,Left,Pressed,857,649
209.589,209.589,Left,Released,857,649
210.552,210.552,NoButton,Move,857,649
212.877,212.877,NoButton,Move,861,651
212.895,212.895,NoButton,Move,869,657
212.908,212.908,NoButton,Move,889,672
212.925,212.925,NoButton,Move,898,680
212.941,212.941,NoButton,Move,904,684
212.958,212.958,NoButton,Move,906,686
212.975,212.975,NoButton,Move,910,688
212.991,212.991,NoButton,Move,911,689
213.008,213.008,NoButton,Move,912,689
213.03,213.03,NoButton,Move,911,689
213.042,213.042,NoButton,Move,906,689
213.059,213.059,NoButton,Move,887,684
213.075,213.075,NoButton,Move,840,666
213.091,213.091,NoButton,Move,774,638
213.108,213.108,NoButton,Move,713,609
213.125,213.125,NoButton,Move,635,572
213.142,213.142,NoButton,Move,573,540
213.158,213.158,NoButton,Move,541,524
213.175,213.175,NoButton,Move,517,511
213.192,213.192,NoButton,Move,501,504
213.208,213.208,NoButton,Move,487,499
213.391,213.391,NoButton,Move,487,499
213.398,213.398,NoButton,Move,488,497
213.408,213.408,NoButton,Move,489,494
213.426,213.426,NoButton,Move,494,485
213.441,213.441,NoButton,Move,503,469
213.458,213.458,NoButton,Move,512,451
213.475,213.475,NoButton,Move,518,437
213.492,213.492,NoButton,Move,520,422
213.508,213.508,NoButton,Move,519,403
213.525,213.525,NoButton,Move,497,389
213.542,213.542,NoButton,Move,449,371
213.559,213.559,NoButton,Move,383,353
213.575,213.575,NoButton,Move,315,339
213.592,213.592,NoButton,Move,273,336
213.608,213.608,NoButton,Move,226,335
213.625,213.625,NoButton,Move,206,336
213.641,213.641,NoButton,Move,191,341
213.658,213.658,NoButton,Move,186,344
213.816,213.816,NoButton,Move,185,345
213.826,213.826,NoButton,Move,183,348
213.842,213.842,NoButton,Move,180,353
213.857,213.857,NoButton,Move,177,359
213.875,213.875,NoButton,Move,171,369
213.892,213.892,NoButton,Move,165,378
213.908,213.908,NoButton,Move,162,381
213.925,213.925,NoButton,Move,159,385
213.942,213.942,NoButton,Move,157,386
213.958,213.958,NoButton,Move,156,387
213.975,213.975,NoButton,Move,156,387
213.988,213.988,Left,Pressed,156,387
214.122,214.122,Left,Released,156,387
214.465,214.465,NoButton,Move,156,386
214.475,214.475,NoButton,Move,159,385
214.492,214.492,NoButton,Move,169,378
214.508,214.508,NoButton,Move,182,371
214.525,214.525,NoButton,Move,201,364
214.542,214.542,NoButton,Move,226,355
214.558,214.558,NoButton,Move,255,348
214.575,214.575,NoButton,Move,287,344
214.592,214.592,NoButton,Move,320,341
214.608,214.608,NoButton,Move,343,341
214.625,214.625,NoButton,Move,367,341
214.642,214.642,NoButton,Move,379,341
214.659,214.659,NoButton,Move,392,342
214.675,214.675,NoButton,Move,393,342
214.692,214.692,NoButton,Move,395,342
214.708,214.708,NoButton,Move,396,342
214.725,214.725,NoButton,Move,397,342
214.741,214.741,NoButton,Move,397,342
214.755,214.755,Left,Pressed,397,342
214.758,214.758,Left,Released,397,342
216.228,216.228,NoButton,Move,401,395
216.241,216.241,NoButton,Move,401,392
216.27,216.27,Left,Pressed,401,395
216.271,216.271,Left,Released,401,395
218.974,218.974,NoButton,Move,462,410
218.975,218.975,NoButton,Move,408,406
218.991,218.991,NoButton,Move,468,412
219.008,219.008,NoButton,Move,473,414
219.025,219.025,NoButton,Move,476,416
219.042,219.042,NoButton,Move,477,420
219.057,219.057,NoButton,Move,480,430
219.075,219.075,NoButton,Move,481,440
219.091,219.091,NoButton,Move,483,448
219.108,219.108,NoButton,Move,484,460
219.125,219.125,NoButton,Move,484,468
219.141,219.141,NoButton,Move,484,475
219.158,219.158,NoButton,Move,483,480
219.175,219.175,NoButton,Move,481,484
219.191,219.191,NoButton,Move,480,487
219.208,219.208,NoButton,Move,479,487
219.221,219.221,Left,Pressed,479,487
219.242,219.242,NoButton,Move,479,487
219.335,219.335,Left,Released,479,487
220.481,220.481,NoButton,Move,479,489
220.491,220.491,NoButton,Move,479,494
220.508,220.508,NoButton,Move,480,498
220.525,220.525,NoButton,Move,482,502
220.542,220.542,NoButton,Move,483,506
220.558,220.558,NoButton,Move,486,514
220.575,220.575,NoButton,Move,488,522
220.592,220.592,NoButton,Move,491,531
220.609,220.609,NoButton,Move,493,540
220.625,220.625,NoButton,Move,494,550
220.643,220.643,NoButton,Move,495,559
220.658,220.658,NoButton,Move,495,565
220.675,220.675,NoButton,Move,495,571
220.692,220.692,NoButton,Move,495,576
220.709,220.709,NoButton,Move,494,581
220.725,220.725,NoButton,Move,493,582
220.743,220.743,NoButton,Move,492,584
220.758,220.758,NoButton,Move,492,584
220.775,220.775,NoButton,Move,491,585
220.791,220.791,NoButton,Move,491,586
220.808,220.808,NoButton,Move,491,587
220.839,220.839,Left,Pressed,491,587
220.858,220.858,NoButton,Move,491,587
220.957,220.957,Left,Released,491,587
226.205,226.205,NoButton,Move,491,594
226.356,226.356,NoButton,Move,560,657
226.357,226.357,NoButton,Move,560,657
226.375,226.375,NoButton,Move,591,654
226.391,226.391,NoButton,Move,650,646
226.408,226.408,NoButton,Move,683,641
226.425,226.425,NoButton,Move,727,638
226.441,226.441,NoButton,Move,758,638
226.458,226.458,NoButton,Move,774,641
226.475,226.475,NoButton,Move,782,643
226.491,226.491,NoButton,Move,787,646
226.508,226.508,NoButton,Move,789,648
226.525,226.525,NoButton,Move,787,649
226.541,226.541,NoButton,Move,781,649
226.558,226.558,NoButton,Move,773,646
226.575,226.575,NoButton,Move,762,638
226.591,226.591,NoButton,Move,759,635
226.608,226.608,NoButton,Move,756,632
226.625,226.625,NoButton,Move,755,631
226.641,226.641,NoButton,Move,754,631
226.658,226.658,NoButton,Move,753,631
226.675,226.675,NoButton,Move,752,631
226.691,226.691,NoButton,Move,750,631
226.708,226.708,NoButton,Move,748,631
226.725,226.725,NoButton,Move,746,631
226.741,226.741,NoButton,Move,744,632
226.758,226.758,NoButton,Move,740,633
226.775,226.775,NoButton,Move,737,634
226.791,226.791,NoButton,Move,734,635
226.808,226.808,NoButton,Move,733,635
226.82,226.82,Left,Pressed,733,635
226.925,226.925,NoButton,Move,733,635
226.933,226.933,Left,Released,733,635
227.394,227.394,NoButton,Move,732,635
227.408,227.408,NoButton,Move,732,635
228.641,228.641,NoButton,Move,732,635
228.659,228.659,NoButton,Move,727,635
228.676,228.676,NoButton,Move,712,636
228.691,228.691,NoButton,Move,658,636
228.708,228.708,NoButton,Move,578,623
228.724,228.724,NoButton,Move,467,583
228.743,228.743,NoButton,Move,350,521
228.759,228.759,NoButton,Move,279,468
228.775,228.775,NoButton,Move,241,434
228.808,228.808,NoButton,Move,208,396
228.992,228.992,NoButton,Move,198,397
229.009,229.009,NoButton,Move,181,400
229.025,229.025,NoButton,Move,161,400
229.042,229.042,NoButton,Move,141,399
229.059,229.059,NoButton,Move,114,394
229.075,229.075,NoButton,Move,93,389
229.092,229.092,NoButton,Move,80,386
229.109,229.109,NoButton,Move,70,385
229.125,229.125,NoButton,Move,66,385
229.142,229.142,NoButton,Move,64,385
229.158,229.158,NoButton,Move,64,387
229.175,229.175,NoButton,Move,64,389
229.192,229.192,NoButton,Move,64,391
229.208,229.208,NoButton,Move,64,395
229.225,229.225,NoButton,Move,64,399
229.242,229.242,NoButton,Move,64,405
229.258,229.258,NoButton,Move,65,409
229.275,229.275,NoButton,Move,67,413
229.292,229.292,NoButton,Move,67,416
229.309,229.309,NoButton,Move,68,416
229.325,229.325,NoButton,Move,68,417
229.339,229.339,Left,Pressed,68,417
229.358,229.358,NoButton,Move,68,417
229.455,229.455,Left,Released,68,417
230.007,230.007,NoButton,Move,69,416
230.025,230.025,NoButton,Move,74,413
230.042,230.042,NoButton,Move,87,406
230.059,230.059,NoButton,Move,106,400
230.075,230.075,NoButton,Move,151,398
230.092,230.092,NoButton,Move,231,410
230.109,230.109,NoButton,Move,323,446
230.125,230.125,NoButton,Move,432,499
230.142,230.142,NoButton,Move,499,539
230.159,230.159,NoButton,Move,547,571
230.175,230.175,NoButton,Move,574,595
230.489,230.489,Scroll,Down,0,1
230.508,230.508,Scroll,Down,0,3
230.525,230.525,Scroll,Down,0,6
230.542,230.542,Scroll,Down,0,11
230.558,230.558,Scroll,Down,0,13
230.575,230.575,Scroll,Down,0,13
230.592,230.592,Scroll,Down,0,6
230.609,230.609,Scroll,Down,0,6
230.625,230.625,Scroll,Down,0,4
230.642,230.642,Scroll,Down,0,9
230.659,230.659,Scroll,Down,0,10
230.675,230.675,Scroll,Down,0,10
230.692,230.692,Scroll,Down,0,10
230.709,230.709,Scroll,Down,0,10
230.742,230.742,NoButton,Move,574,595
230.759,230.759,NoButton,Move,569,595
230.775,230.775,NoButton,Move,539,586
230.792,230.792,NoButton,Move,468,561
230.808,230.808,NoButton,Move,374,517
230.825,230.825,NoButton,Move,247,442
230.842,230.842,NoButton,Move,125,347
230.859,230.859,NoButton,Move,59,289
230.876,230.876,NoButton,Move,17,246
230.892,230.892,NoButton,Move,0,223
230.908,230.908,NoButton,Move,0,213
230.925,230.925,NoButton,Move,0,206
230.942,230.942,NoButton,Move,0,205
230.959,230.959,NoButton,Move,0,204
230.992,230.992,NoButton,Move,1,204
231.009,231.009,NoButton,Move,3,205
231.025,231.025,NoButton,Move,5,206
231.042,231.042,NoButton,Move,7,206
231.058,231.058,NoButton,Move,9,207
231.075,231.075,NoButton,Move,12,207
231.092,231.092,NoButton,Move,18,207
231.108,231.108,NoButton,Move,24,206
231.125,231.125,NoButton,Move,32,204
231.142,231.142,NoButton,Move,43,203
231.158,231.158,NoButton,Move,54,203
231.175,231.175,NoButton,Move,60,203
231.192,231.192,NoButton,Move,66,203
231.208,231.208,NoButton,Move,68,204
231.223,231.223,Left,Pressed,68,204
231.242,231.242,NoButton,Move,68,204
231.322,231.322,Left,Released,68,204
231.586,231.586,NoButton,Move,69,204
231.594,231.594,NoButton,Move,74,204
231.608,231.608,NoButton,Move,80,206
231.625,231.625,NoButton,Move,101,215
231.642,231.642,NoButton,Move,161,246
231.659,231.659,NoButton,Move,242,289
231.675,231.675,NoButton,Move,397,374
231.692,231.692,NoButton,Move,470,411
231.708,231.708,NoButton,Move,521,441
231.725,231.725,NoButton,Move,566,468
231.743,231.743,NoButton,Move,572,473
232.389,232.389,Left,Pressed,572,473
232.501,232.501,Left,Released,572,473
235.095,235.095,NoButton,Move,572,473
235.108,235.108,NoButton,Move,567,477
235.125,235.125,NoButton,Move,552,484
235.142,235.142,NoButton,Move,536,487
235.158,235.158,NoButton,Move,507,487
235.175,235.175,NoButton,Move,464,484
235.191,235.191,NoButton,Move,392,448
235.209,235.209,NoButton,Move,319,388
235.225,235.225,NoButton,Move,250,312
235.242,235.242,NoButton,Move,206,248
235.259,235.259,NoButton,Move,168,168
235.275,235.275,NoButton,Move,161,142
235.468,235.468,NoButton,Move,173,125
235.475,235.475,NoButton,Move,173,125
235.492,235.492,NoButton,Move,156,143
235.508,235.508,NoButton,Move,144,155
235.525,235.525,NoButton,Move,133,163
235.542,235.542,NoButton,Move,127,166
235.558,235.558,NoButton,Move,122,168
235.575,235.575,NoButton,Move,118,170
235.592,235.592,NoButton,Move,116,171
235.609,235.609,NoButton,Move,114,173
235.625,235.625,NoButton,Move,113,176
235.642,235.642,NoButton,Move,113,179
235.659,235.659,NoButton,Move,111,182
235.675,235.675,NoButton,Move,111,185
235.692,235.692,NoButton,Move,110,186
235.709,235.709,NoButton,Move,110,187
235.722,235.722,Left,Pressed,110,187
235.758,235.758,NoButton,Move,110,187
235.838,235.838,Left,Released,110,187
236.064,236.064,NoButton,Move,112,187
236.075,236.075,NoButton,Move,115,187
236.092,236.092,NoButton,Move,124,187
236.109,236.109,NoButton,Move,150,187
236.125,236.125,NoButton,Move,185,194
236.142,236.142,NoButton,Move,233,209
236.159,236.159,NoButton,Move,289,230
236.175,236.175,NoButton,Move,355,257
236.193,236.193,NoButton,Move,425,287
236.209,236.209,NoButton,Move,492,314
236.225,236.225,NoButton,Move,523,330
236.242,236.242,NoButton,Move,546,342
236.258,236.258,NoButton,Move,556,347
236.275,236.275,NoButton,Move,559,350
236.292,236.292,NoButton,Move,559,350
236.309,236.309,NoButton,Move,554,350
236.325,236.325,NoButton,Move,547,347
236.341,236.341,NoButton,Move,537,341
236.358,236.358,NoButton,Move,527,333
236.375,236.375,NoButton,Move,517,324
236.392,236.392,NoButton,Move,509,316
236.408,236.408,NoButton,Move,501,310
236.425,236.425,NoButton,Move,495,302
236.442,236.442,NoButton,Move,489,296
236.459,236.459,NoButton,Move,484,289
236.475,236.475,NoButton,Move,480,285
236.492,236.492,NoButton,Move,477,281
236.509,236.509,NoButton,Move,476,279
236.525,236.525,NoButton,Move,475,278
236.542,236.542,NoButton,Move,475,278
236.558,236.558,NoButton,Move,475,278
236.575,236.575,NoButton,Move,475,277
236.592,236.592,NoButton,Move,474,277
236.608,236.608,NoButton,Move,474,276
236.625,236.625,NoButton,Move,474,276
236.638,236.638,Left,Pressed,474,276
236.658,236.658,NoButton,Move,474,276
236.809,236.809,Left,Released,474,276
243.473,243.473,NoButton,Move,480,281
243.478,243.478,NoButton,Move,487,286
243.492,243.492,NoButton,Move,497,290
243.508,243.508,NoButton,Move,523,301
243.525,243.525,NoButton,Move,575,323
243.542,243.542,NoButton,Move,658,360
243.559,243.559,NoButton,Move,724,391
243.575,243.575,NoButton,Move,770,413
243.592,243.592,NoButton,Move,784,421
243.608,243.608,NoButton,Move,801,431
243.626,243.626,NoButton,Move,807,434
243.642,243.642,NoButton,Move,807,436
243.658,243.658,NoButton,Move,801,436
243.675,243.675,NoButton,Move,794,436
243.692,243.692,NoButton,Move,785,436
243.709,243.709,NoButton,Move,776,435
243.725,243.725,NoButton,Move,766,435
243.742,243.742,NoButton,Move,756,434
243.758,243.758,NoButton,Move,744,433
243.775,243.775,NoButton,Move,730,429
243.792,243.792,NoButton,Move,715,423
243.808,243.808,NoButton,Move,707,418
243.825,243.825,NoButton,Move,700,414
243.842,243.842,NoButton,Move,696,411
243.858,243.858,NoButton,Move,694,410
243.875,243.875,NoButton,Move,694,409
243.892,243.892,NoButton,Move,694,409
243.905,243.905,Left,Pressed,694,409
244.021,244.021,Left,Released,694,409
244.546,244.546,NoButton,Move,695,409
244.559,244.559,NoButton,Move,697,411
244.576,244.576,NoButton,Move,708,420
244.592,244.592,NoButton,Move,721,431
244.609,244.609,NoButton,Move,738,445
244.625,244.625,NoButton,Move,761,464
244.642,244.642,NoButton,Move,775,475
244.658,244.658,NoButton,Move,780,480
244.675,244.675,NoButton,Move,786,484
244.692,244.692,NoButton,Move,788,486
244.709,244.709,NoButton,Move,788,488
244.725,244.725,NoButton,Move,789,488
244.742,244.742,NoButton,Move,789,489
244.759,244.759,NoButton,Move,789,490
244.775,244.775,NoButton,Move,789,492
244.792,244.792,NoButton,Move,789,492
244.809,244.809,NoButton,Move,789,493
244.825,244.825,NoButton,Move,789,494
244.842,244.842,NoButton,Move,789,496
244.859,244.859,NoButton,Move,789,500
244.875,244.875,NoButton,Move,788,502
244.892,244.892,NoButton,Move,788,504
244.909,244.909,NoButton,Move,788,505
244.925,244.925,NoButton,Move,787,506
244.942,244.942,NoButton,Move,787,506
245.007,245.007,Left,Pressed,787,506
245.122,245.122,Left,Released,787,506
245.189,245.189,Left,Pressed,787,506
245.288,245.288,Left,Released,787,506
245.599,245.599,NoButton,Move,787,506
245.625,245.625,NoButton,Move,798,519
245.642,245.642,NoButton,Move,808,529
245.659,245.659,NoButton,Move,814,535
245.675,245.675,NoButton,Move,835,556
245.692,245.692,NoButton,Move,849,569
245.708,245.708,NoButton,Move,864,585
245.725,245.725,NoButton,Move,871,593
245.742,245.742,NoButton,Move,876,599
245.759,245.759,NoButton,Move,879,604
245.775,245.775,NoButton,Move,880,606
245.793,245.793,NoButton,Move,880,607
245.809,245.809,NoButton,Move,880,608
245.825,245.825,NoButton,Move,880,608
245.977,245.977,NoButton,Move,880,608
245.993,245.993,NoButton,Move,880,608
246.009,246.009,NoButton,Move,880,608
246.428,246.428,NoButton,Move,880,608
246.477,246.477,NoButton,Move,880,608
248.294,248.294,NoButton,Move,879,607
248.309,248.309,NoButton,Move,878,607
249.637,249.637,NoButton,Move,878,607
249.659,249.659,NoButton,Move,878,606
249.675,249.675,NoButton,Move,878,605
249.692,249.692,NoButton,Move,878,603
249.709,249.709,NoButton,Move,878,602
249.726,249.726,NoButton,Move,878,601
249.742,249.742,NoButton,Move,879,598
249.758,249.758,NoButton,Move,880,597
249.774,249.774,NoButton,Move,883,593
249.791,249.791,NoButton,Move,885,591
249.809,249.809,NoButton,Move,887,589
249.826,249.826,NoButton,Move,892,586
249.842,249.842,NoButton,Move,898,585
249.859,249.859,NoButton,Move,905,585
249.875,249.875,NoButton,Move,913,585
249.892,249.892,NoButton,Move,924,585
249.909,249.909,NoButton,Move,940,591
249.926,249.926,NoButton,Move,951,597
249.942,249.942,NoButton,Move,964,605
249.959,249.959,NoButton,Move,976,610
249.976,249.976,NoButton,Move,981,613
249.993,249.993,NoButton,Move,985,614
250.008,250.008,NoButton,Move,987,615
250.025,250.025,NoButton,Move,988,615
250.042,250.042,NoButton,Move,988,615
250.095,250.095,NoButton,Move,988,615
250.109,250.109,NoButton,Move,987,615
250.125,250.125,NoButton,Move,986,615
250.142,250.142,NoButton,Move,984,615
250.159,250.159,NoButton,Move,983,615
250.175,250.175,NoButton,Move,982,615
250.193,250.193,NoButton,Move,981,615
250.223,250.223,Left,Pressed,981,615
250.356,250.356,Left,Released,981,615
250.603,250.603,NoButton,Move,980,615
250.609,250.609,NoButton,Move,976,615
250.63,250.63,NoButton,Move,963,615
250.642,250.642,NoButton,Move,911,610
250.659,250.659,NoButton,Move,774,580
250.676,250.676,NoButton,Move,586,521
250.692,250.692,NoButton,Move,384,439
250.709,250.709,NoButton,Move,264,384
250.725,250.725,NoButton,Move,218,362
250.743,250.743,NoButton,Move,175,345
250.759,250.759,NoButton,Move,156,338
250.962,250.962,NoButton,Move,156,338
250.975,250.975,NoButton,Move,153,339
250.992,250.992,NoButton,Move,148,340
251.009,251.009,NoButton,Move,141,341
251.025,251.025,NoButton,Move,135,341
251.042,251.042,NoButton,Move,127,341
251.059,251.059,NoButton,Move,119,341
251.075,251.075,NoButton,Move,116,341
251.092,251.092,NoButton,Move,114,341
251.106,251.106,Left,Pressed,114,341
251.125,251.125,NoButton,Move,114,341
251.222,251.222,Left,Released,114,341
251.797,251.797,NoButton,Move,114,341
251.808,251.808,NoButton,Move,114,342
251.825,251.825,NoButton,Move,115,345
251.842,251.842,NoButton,Move,117,348
251.858,251.858,NoButton,Move,120,350
251.876,251.876,NoButton,Move,121,352
251.892,251.892,NoButton,Move,123,354
251.909,251.909,NoButton,Move,123,354
251.926,251.926,NoButton,Move,124,354
252.026,252.026,NoButton,Move,124,354
252.042,252.042,NoButton,Move,125,352
252.059,252.059,NoButton,Move,127,350
252.075,252.075,NoButton,Move,130,349
252.092,252.092,NoButton,Move,135,349
252.109,252.109,NoButton,Move,149,353
252.125,252.125,NoButton,Move,178,373
252.142,252.142,NoButton,Move,234,418
252.158,252.158,NoButton,Move,303,483
252.176,252.176,NoButton,Move,379,558
252.192,252.192,NoButton,Move,430,608
252.209,252.209,NoButton,Move,471,651
252.226,252.226,NoButton,Move,492,675
252.242,252.242,NoButton,Move,506,696
252.258,252.258,NoButton,Move,509,707
252.275,252.275,NoButton,Move,509,711
252.444,252.444,NoButton,Move,509,711
252.459,252.459,NoButton,Move,509,714
252.475,252.475,NoButton,Move,507,717
252.492,252.492,NoButton,Move,505,723
252.509,252.509,NoButton,Move,503,727
252.525,252.525,NoButton,Move,500,731
252.542,252.542,NoButton,Move,498,733
252.559,252.559,NoButton,Move,496,735
252.575,252.575,NoButton,Move,495,736
252.592,252.592,NoButton,Move,494,737
252.609,252.609,NoButton,Move,493,737
252.625,252.625,NoButton,Move,492,737
252.642,252.642,NoButton,Move,492,737
252.659,252.659,NoButton,Move,491,735
252.675,252.675,NoButton,Move,491,735
252.692,252.692,NoButton,Move,490,733
252.709,252.709,NoButton,Move,489,732
252.725,252.725,NoButton,Move,488,730
252.742,252.742,NoButton,Move,487,729
252.759,252.759,NoButton,Move,486,727
252.775,252.775,NoButton,Move,486,724
252.792,252.792,NoButton,Move,485,722
252.809,252.809,NoButton,Move,483,717
252.825,252.825,NoButton,Move,482,712
252.842,252.842,NoButton,Move,480,709
253.039,253.039,Scroll,Down,0,1
253.059,253.059,Scroll,Down,0,6
253.075,253.075,Scroll,Down,0,9
253.091,253.091,Scroll,Down,0,12
253.109,253.109,Scroll,Down,0,14
253.125,253.125,Scroll,Down,0,17
253.142,253.142,Scroll,Down,0,17
253.159,253.159,Scroll,Down,0,12
253.175,253.175,Scroll,Down,0,10
253.192,253.192,Scroll,Down,0,8
253.209,253.209,Scroll,Down,0,5
253.225,253.225,Scroll,Down,0,2
253.242,253.242,Scroll,Down,0,1
253.259,253.259,Scroll,Down,0,1
253.308,253.308,Scroll,Down,0,1
253.559,253.559,NoButton,Move,480,709
253.575,253.575,NoButton,Move,478,709
253.592,253.592,NoButton,Move,476,709
253.609,253.609,NoButton,Move,473,709
253.625,253.625,NoButton,Move,468,708
253.642,253.642,NoButton,Move,462,708
253.659,253.659,NoButton,Move,456,708
253.675,253.675,NoButton,Move,450,709
253.692,253.692,NoButton,Move,444,712
253.709,253.709,NoButton,Move,439,714
253.726,253.726,NoButton,Move,435,718
253.742,253.742,NoButton,Move,432,721
253.759,253.759,NoButton,Move,428,725
253.775,253.775,NoButton,Move,427,728
253.792,253.792,NoButton,Move,426,731
253.809,253.809,NoButton,Move,425,733
253.825,253.825,NoButton,Move,424,735
253.839,253.839,Left,Pressed,424,735
253.875,253.875,NoButton,Move,424,735
253.993,253.993,Left,Released,424,735
255.04,255.04,NoButton,Move,424,735
255.047,255.047,NoButton,Move,424,733
255.059,255.059,NoButton,Move,424,730
255.076,255.076,NoButton,Move,424,722
255.092,255.092,NoButton,Move,424,711
255.109,255.109,NoButton,Move,421,698
255.126,255.126,NoButton,Move,416,685
255.142,255.142,NoButton,Move,413,678
255.159,255.159,NoButton,Move,409,671
255.176,255.176,NoButton,Move,406,667
255.192,255.192,NoButton,Move,404,664
255.209,255.209,NoButton,Move,402,663
255.226,255.226,NoButton,Move,401,662
255.243,255.243,NoButton,Move,401,662
255.259,255.259,NoButton,Move,401,662
255.274,255.274,Left,Pressed,401,662
255.292,255.292,NoButton,Move,401,662
255.422,255.422,Left,Released,401,662
265.896,265.896,NoButton,Move,401,662
265.909,265.909,NoButton,Move,401,680
265.925,265.925,NoButton,Move,401,692
265.942,265.942,NoButton,Move,400,705
265.959,265.959,NoButton,Move,399,726
265.975,265.975,NoButton,Move,394,754
265.992,265.992,NoButton,Move,389,779
266.009,266.009,NoButton,Move,385,795
266.025,266.025,NoButton,Move,380,816
266.042,266.042,NoButton,Move,376,831
266.059,266.059,NoButton,Move,374,841
266.076,266.076,NoButton,Move,371,850
266.092,266.092,NoButton,Move,369,856
266.108,266.108,NoButton,Move,367,860
266.126,266.126,NoButton,Move,366,863
266.143,266.143,NoButton,Move,365,863
266.159,266.159,NoButton,Move,365,864
266.176,266.176,NoButton,Move,365,864
266.192,266.192,NoButton,Move,365,864
266.209,266.209,NoButton,Move,365,863
266.226,266.226,NoButton,Move,364,859
266.242,266.242,NoButton,Move,364,853
266.259,266.259,NoButton,Move,364,845
266.276,266.276,NoButton,Move,364,836
266.292,266.292,NoButton,Move,366,830
266.309,266.309,NoButton,Move,370,823
266.327,266.327,NoButton,Move,373,818
266.342,266.342,NoButton,Move,377,813
266.359,266.359,NoButton,Move,379,812
266.376,266.376,NoButton,Move,379,810
266.392,266.392,NoButton,Move,380,810
266.409,266.409,NoButton,Move,380,809
266.459,266.459,NoButton,Move,380,809
267.406,267.406,Left,Pressed,380,809
267.555,267.555,Left,Released,380,809
269.921,269.921,NoButton,Move,381,809
269.942,269.942,NoButton,Move,381,809
269.959,269.959,NoButton,Move,382,809
270.224,270.224,NoButton,Move,382,808
270.242,270.242,NoButton,Move,382,800
270.259,270.259,NoButton,Move,382,776
270.276,270.276,NoButton,Move,374,735
270.292,270.292,NoButton,Move,360,689
270.309,270.309,NoButton,Move,301,553
270.326,270.326,NoButton,Move,220,385
270.342,270.342,NoButton,Move,192,334
270.359,270.359,NoButton,Move,175,305
270.542,270.542,NoButton,Move,175,299
270.559,270.559,NoButton,Move,173,289
270.576,270.576,NoButton,Move,162,257
270.592,270.592,NoButton,Move,146,219
270.609,270.609,NoButton,Move,131,187
270.626,270.626,NoButton,Move,118,163
270.642,270.642,NoButton,Move,109,150
270.659,270.659,NoButton,Move,103,141
270.675,270.675,NoButton,Move,98,139
270.692,270.692,NoButton,Move,97,139
270.709,270.709,NoButton,Move,96,144
270.726,270.726,NoButton,Move,94,152
270.742,270.742,NoButton,Move,93,161
270.759,270.759,NoButton,Move,92,171
270.776,270.776,NoButton,Move,92,177
270.792,270.792,NoButton,Move,92,181
270.809,270.809,NoButton,Move,92,183
270.826,270.826,NoButton,Move,92,184
270.843,270.843,NoButton,Move,92,184
270.859,270.859,NoButton,Move,91,184
270.889,270.889,Left,Pressed,91,184
271.005,271.005,Left,Released,91,184
271.378,271.378,NoButton,Move,92,184
271.393,271.393,NoButton,Move,98,187
271.41,271.41,NoButton,Move,125,201
271.426,271.426,NoButton,Move,228,246
271.443,271.443,NoButton,Move,327,292
271.459,271.459,NoButton,Move,448,347
271.475,271.475,NoButton,Move,570,403
271.492,271.492,NoButton,Move,637,435
271.509,271.509,NoButton,Move,681,458
271.525,271.525,NoButton,Move,696,466
271.542,271.542,NoButton,Move,724,485
271.856,271.856,Scroll,Up,0,1
271.876,271.876,Scroll,Up,0,5
271.893,271.893,Scroll,Up,0,6
271.909,271.909,Scroll,Up,0,6
271.926,271.926,Scroll,Up,0,8
271.942,271.942,Scroll,Up,0,8
271.959,271.959,Scroll,Up,0,8
271.976,271.976,Scroll,Up,0,7
271.992,271.992,Scroll,Up,0,7
272.009,272.009,Scroll,Up,0,7
272.026,272.026,Scroll,Up,0,5
272.042,272.042,Scroll,Up,0,5
272.059,272.059,Scroll,Up,0,4
272.076,272.076,Scroll,Up,0,3
272.092,272.092,Scroll,Up,0,2
272.109,272.109,Scroll,Up,0,1
272.315,272.315,NoButton,Move,724,485
272.342,272.342,NoButton,Move,705,470
272.359,272.359,NoButton,Move,693,462
272.376,272.376,NoButton,Move,630,428
272.399,272.399,NoButton,Move,579,401
272.415,272.415,NoButton,Move,548,387
272.432,272.432,NoButton,Move,526,378
272.449,272.449,NoButton,Move,503,368
272.465,272.465,NoButton,Move,489,363
272.476,272.476,NoButton,Move,486,362
272.793,272.793,NoButton,Move,487,362
272.809,272.809,NoButton,Move,496,361
272.826,272.826,NoButton,Move,502,359
272.842,272.842,NoButton,Move,544,351
272.859,272.859,NoButton,Move,583,347
272.875,272.875,NoButton,Move,628,342
272.892,272.892,NoButton,Move,661,340
272.909,272.909,NoButton,Move,700,338
272.925,272.925,NoButton,Move,720,338
272.942,272.942,NoButton,Move,734,338
272.959,272.959,NoButton,Move,742,338
272.976,272.976,NoButton,Move,745,338
273.228,273.228,NoButton,Move,747,338
273.242,273.242,NoButton,Move,751,338
273.259,273.259,NoButton,Move,763,338
273.276,273.276,NoButton,Move,794,338
273.292,273.292,NoButton,Move,834,338
273.309,273.309,NoButton,Move,893,338
273.325,273.325,NoButton,Move,931,338
273.342,273.342,NoButton,Move,951,338
273.359,273.359,NoButton,Move,964,338
273.375,273.375,NoButton,Move,975,338
273.392,273.392,NoButton,Move,979,338
273.662,273.662,NoButton,Move,982,338
273.676,273.676,NoButton,Move,989,338
273.693,273.693,NoButton,Move,1006,338
273.709,273.709,NoButton,Move,1028,338
273.726,273.726,NoButton,Move,1074,338
273.742,273.742,NoButton,Move,1108,338
273.759,273.759,NoButton,Move,1136,338
273.776,273.776,NoButton,Move,1172,338
273.792,273.792,NoButton,Move,1181,338
273.809,273.809,NoButton,Move,1187,339
273.826,273.826,NoButton,Move,1189,339
273.842,273.842,NoButton,Move,1190,339
273.859,273.859,NoButton,Move,1191,339
274.111,274.111,NoButton,Move,1191,339
274.125,274.125,NoButton,Move,1189,340
274.142,274.142,NoButton,Move,1180,346
274.159,274.159,NoButton,Move,1153,358
274.176,274.176,NoButton,Move,1091,373
274.192,274.192,NoButton,Move,1002,382
274.209,274.209,NoButton,Move,883,384
274.226,274.226,NoButton,Move,762,387
274.242,274.242,NoButton,Move,719,388
274.259,274.259,NoButton,Move,698,390
274.743,274.743,NoButton,Move,698,391
274.759,274.759,NoButton,Move,698,396
274.778,274.778,NoButton,Move,697,401
274.792,274.792,NoButton,Move,695,405
274.809,274.809,NoButton,Move,691,413
274.843,274.843,NoButton,Move,638,457
274.859,274.859,NoButton,Move,600,475
274.876,274.876,NoButton,Move,570,485
274.893,274.893,NoButton,Move,532,495
274.909,274.909,NoButton,Move,510,499
274.926,274.926,NoButton,Move,486,501
274.943,274.943,NoButton,Move,469,501
275.388,275.388,NoButton,Move,469,501
275.408,275.408,NoButton,Move,469,504
275.426,275.426,NoButton,Move,469,508
275.442,275.442,NoButton,Move,470,511
275.459,275.459,NoButton,Move,470,513
275.476,275.476,NoButton,Move,470,515
275.492,275.492,NoButton,Move,470,516
275.509,275.509,NoButton,Move,470,517
275.526,275.526,NoButton,Move,470,518
275.542,275.542,NoButton,Move,470,518
276.165,276.165,NoButton,Move,471,518
276.175,276.175,NoButton,Move,473,516
276.192,276.192,NoButton,Move,482,510
276.209,276.209,NoButton,Move,497,503
276.226,276.226,NoButton,Move,528,490
276.242,276.242,NoButton,Move,567,477
276.259,276.259,NoButton,Move,620,461
276.277,276.277,NoButton,Move,682,447
276.293,276.293,NoButton,Move,781,427
276.308,276.308,NoButton,Move,800,425
276.326,276.326,NoButton,Move,888,414
276.342,276.342,NoButton,Move,914,412
276.359,276.359,NoButton,Move,918,411
276.568,276.568,NoButton,Move,919,411
276.576,276.576,NoButton,Move,920,411
276.592,276.592,NoButton,Move,926,407
276.609,276.609,NoButton,Move,933,403
276.627,276.627,NoButton,Move,942,396
276.643,276.643,NoButton,Move,950,389
276.659,276.659,NoButton,Move,956,381
276.676,276.676,NoButton,Move,959,374
276.693,276.693,NoButton,Move,961,369
276.709,276.709,NoButton,Move,962,365
276.726,276.726,NoButton,Move,963,362
276.742,276.742,NoButton,Move,963,361
276.759,276.759,NoButton,Move,963,360
276.772,276.772,Left,Pressed,963,360
276.792,276.792,NoButton,Move,963,360
276.939,276.939,NoButton,Move,962,360
276.955,276.955,NoButton,Move,959,362
277.581,277.581,NoButton,Move,444,613
277.592,277.592,NoButton,Move,451,610
277.609,277.609,NoButton,Move,478,597
277.625,277.625,NoButton,Move,517,580
277.642,277.642,NoButton,Move,589,553
277.659,277.659,NoButton,Move,713,509
277.675,277.675,NoButton,Move,850,476
277.692,277.692,NoButton,Move,980,449
277.709,277.709,NoButton,Move,1066,437
277.725,277.725,NoButton,Move,1155,430
277.952,277.952,NoButton,Move,1155,430
277.961,277.961,NoButton,Move,1157,429
277.976,277.976,NoButton,Move,1161,425
277.992,277.992,NoButton,Move,1164,422
278.009,278.009,NoButton,Move,1175,411
278.025,278.025,NoButton,Move,1182,402
278.042,278.042,NoButton,Move,1190,393
278.059,278.059,NoButton,Move,1195,383
278.076,278.076,NoButton,Move,1198,373
278.092,278.092,NoButton,Move,1199,364
278.109,278.109,NoButton,Move,1200,354
278.126,278.126,NoButton,Move,1200,348
278.142,278.142,NoButton,Move,1200,341
278.159,278.159,NoButton,Move,1200,335
278.177,278.177,NoButton,Move,1200,332
278.192,278.192,NoButton,Move,1200,330
278.209,278.209,NoButton,Move,1200,329
278.226,278.226,NoButton,Move,1200,329
278.239,278.239,Left,Pressed,1200,329
278.356,278.356,NoButton,Move,1199,329
278.372,278.372,NoButton,Move,1190,329
280.688,280.688,NoButton,Move,915,345
280.709,280.709,NoButton,Move,904,357
280.726,280.726,NoButton,Move,897,362
280.742,280.742,NoButton,Move,858,393
280.759,280.759,NoButton,Move,822,420
280.776,280.776,NoButton,Move,774,454
280.792,280.792,NoButton,Move,717,493
280.809,280.809,NoButton,Move,654,537
280.826,280.826,NoButton,Move,596,577
280.842,280.842,NoButton,Move,562,598
280.859,280.859,NoButton,Move,527,620
280.877,280.877,NoButton,Move,510,629
280.893,280.893,NoButton,Move,493,638
280.909,280.909,NoButton,Move,491,639
281.389,281.389,NoButton,Move,489,639
281.409,281.409,NoButton,Move,473,643
281.426,281.426,NoButton,Move,433,656
281.443,281.443,NoButton,Move,353,681
281.459,281.459,NoButton,Move,262,713
281.476,281.476,NoButton,Move,161,754
281.493,281.493,NoButton,Move,100,782
281.509,281.509,NoButton,Move,57,807
281.526,281.526,NoButton,Move,26,826
281.542,281.542,NoButton,Move,3,842
281.559,281.559,NoButton,Move,1,844
281.689,281.689,Scroll,Down,0,1
281.71,281.71,Scroll,Down,0,8
281.726,281.726,Scroll,Down,0,12
281.743,281.743,Scroll,Down,0,20
281.759,281.759,Scroll,Down,0,25
281.776,281.776,Scroll,Down,0,22
281.793,281.793,Scroll,Down,0,16
281.808,281.808,Scroll,Down,0,16
281.808,281.808,Scroll,Down,0,29
281.826,281.826,Scroll,Down,0,32
281.842,281.842,Scroll,Down,0,33
281.859,281.859,Scroll,Down,0,33
281.876,281.876,Scroll,Down,0,33
281.893,281.893,Scroll,Down,0,32
281.964,281.964,NoButton,Move,4,844
281.982,281.982,NoButton,Move,9,844
281.998,281.998,NoButton,Move,15,844
282.016,282.016,NoButton,Move,27,844
282.032,282.032,NoButton,Move,39,844
282.049,282.049,NoButton,Move,49,844
282.065,282.065,NoButton,Move,55,844
282.082,282.082,NoButton,Move,58,845
282.099,282.099,NoButton,Move,60,845
282.115,282.115,NoButton,Move,61,846
282.131,282.131,NoButton,Move,61,846
282.182,282.182,NoButton,Move,61,845
282.199,282.199,NoButton,Move,61,842
282.215,282.215,NoButton,Move,62,838
282.242,282.242,NoButton,Move,62,835
282.272,282.272,Left,Pressed,62,835
282.292,282.292,NoButton,Move,62,835
282.355,282.355,Left,Released,62,835
